timestamp,entity_id,old_state,new_state,attributes
2025-07-12T12:00:00.506897,automation.auto_banheiro,on,on,"{""id"": ""1747870075916"", ""last_triggered"": ""2025-07-12T15:00:00.500595+00:00"", ""mode"": ""single"", ""current"": 1, ""friendly_name"": ""auto-banheiro""}"
2025-07-12T12:00:00.509063,automation.auto_banheiro,on,on,"{""id"": ""1747870075916"", ""last_triggered"": ""2025-07-12T15:00:00.500595+00:00"", ""mode"": ""single"", ""current"": 0, ""friendly_name"": ""auto-banheiro""}"
2025-07-12T12:00:05.515521,automation.auto_banheiro,on,on,"{""id"": ""1747870075916"", ""last_triggered"": ""2025-07-12T15:00:05.501395+00:00"", ""mode"": ""single"", ""current"": 1, ""friendly_name"": ""auto-banheiro""}"
2025-07-12T12:00:05.519039,automation.auto_banheiro,on,on,"{""id"": ""1747870075916"", ""last_triggered"": ""2025-07-12T15:00:05.501395+00:00"", ""mode"": ""single"", ""current"": 0, ""friendly_name"": ""auto-banheiro""}"
2025-07-12T12:00:10.115440,automation.aut_status_bruno,on,on,"{""id"": ""1751855857509"", ""last_triggered"": ""2025-07-12T15:00:10.108094+00:00"", ""mode"": ""single"", ""current"": 1, ""friendly_name"": ""aut-status-bruno""}"
2025-07-12T12:00:10.117540,automation.aut_status_bruno,on,on,"{""id"": ""1751855857509"", ""last_triggered"": ""2025-07-12T15:00:10.108094+00:00"", ""mode"": ""single"", ""current"": 0, ""friendly_name"": ""aut-status-bruno""}"
2025-07-12T12:00:10.259089,automation.aut_lampada_quarto,on,on,"{""id"": ""1746067262247"", ""last_triggered"": ""2025-07-12T15:00:10.254963+00:00"", ""mode"": ""single"", ""current"": 1, ""friendly_name"": ""aut-quarto""}"
2025-07-12T12:00:10.261624,automation.aut_lampada_quarto,on,on,"{""id"": ""1746067262247"", ""last_triggered"": ""2025-07-12T15:00:10.254963+00:00"", ""mode"": ""single"", ""current"": 0, ""friendly_name"": ""aut-quarto""}"
2025-07-12T12:00:10.505338,automation.auto_banheiro,on,on,"{""id"": ""1747870075916"", ""last_triggered"": ""2025-07-12T15:00:10.500634+00:00"", ""mode"": ""single"", ""current"": 1, ""friendly_name"": ""auto-banheiro""}"
2025-07-12T12:00:10.506854,automation.auto_banheiro,on,on,"{""id"": ""1747870075916"", ""last_triggered"": ""2025-07-12T15:00:10.500634+00:00"", ""mode"": ""single"", ""current"": 0, ""friendly_name"": ""auto-banheiro""}"
2025-07-12T12:00:10.626926,sensor.arris_tg1692a_router_download_speed,0.130008942119824,0.0610451564051968,"{""state_class"": ""measurement"", ""unit_of_measurement"": ""Mbit/s"", ""device_class"": ""data_rate"", ""friendly_name"": ""ARRIS TG1692A Router Download speed""}"
2025-07-12T12:00:10.629550,sensor.arris_tg1692a_router_upload_speed,0.0107188102987247,0.0200033213091985,"{""state_class"": ""measurement"", ""unit_of_measurement"": ""Mbit/s"", ""device_class"": ""data_rate"", ""friendly_name"": ""ARRIS TG1692A Router Upload speed""}"
2025-07-12T12:00:15.505146,automation.auto_banheiro,on,on,"{""id"": ""1747870075916"", ""last_triggered"": ""2025-07-12T15:00:15.500303+00:00"", ""mode"": ""single"", ""current"": 1, ""friendly_name"": ""auto-banheiro""}"
2025-07-12T12:00:15.506830,automation.auto_banheiro,on,on,"{""id"": ""1747870075916"", ""last_triggered"": ""2025-07-12T15:00:15.500303+00:00"", ""mode"": ""single"", ""current"": 0, ""friendly_name"": ""auto-banheiro""}"
2025-07-12T12:00:20.504683,automation.auto_banheiro,on,on,"{""id"": ""1747870075916"", ""last_triggered"": ""2025-07-12T15:00:20.499901+00:00"", ""mode"": ""single"", ""current"": 1, ""friendly_name"": ""auto-banheiro""}"
2025-07-12T12:00:20.506262,automation.auto_banheiro,on,on,"{""id"": ""1747870075916"", ""last_triggered"": ""2025-07-12T15:00:20.499901+00:00"", ""mode"": ""single"", ""current"": 0, ""friendly_name"": ""auto-banheiro""}"
2025-07-12T12:00:25.511170,automation.auto_banheiro,on,on,"{""id"": ""1747870075916"", ""last_triggered"": ""2025-07-12T15:00:25.500596+00:00"", ""mode"": ""single"", ""current"": 1, ""friendly_name"": ""auto-banheiro""}"
2025-07-12T12:00:25.514602,automation.auto_banheiro,on,on,"{""id"": ""1747870075916"", ""last_triggered"": ""2025-07-12T15:00:25.500596+00:00"", ""mode"": ""single"", ""current"": 0, ""friendly_name"": ""auto-banheiro""}"
2025-07-12T12:00:30.505450,automation.auto_banheiro,on,on,"{""id"": ""1747870075916"", ""last_triggered"": ""2025-07-12T15:00:30.500612+00:00"", ""mode"": ""single"", ""current"": 1, ""friendly_name"": ""auto-banheiro""}"
2025-07-12T12:00:30.507095,automation.auto_banheiro,on,on,"{""id"": ""1747870075916"", ""last_triggered"": ""2025-07-12T15:00:30.500612+00:00"", ""mode"": ""single"", ""current"": 0, ""friendly_name"": ""auto-banheiro""}"
2025-07-12T12:00:35.515261,automation.auto_banheiro,on,on,"{""id"": ""1747870075916"", ""last_triggered"": ""2025-07-12T15:00:35.502165+00:00"", ""mode"": ""single"", ""current"": 1, ""friendly_name"": ""auto-banheiro""}"
2025-07-12T12:00:35.519066,automation.auto_banheiro,on,on,"{""id"": ""1747870075916"", ""last_triggered"": ""2025-07-12T15:00:35.502165+00:00"", ""mode"": ""single"", ""current"": 0, ""friendly_name"": ""auto-banheiro""}"
2025-07-12T12:00:40.505430,automation.auto_banheiro,on,on,"{""id"": ""1747870075916"", ""last_triggered"": ""2025-07-12T15:00:40.500671+00:00"", ""mode"": ""single"", ""current"": 1, ""friendly_name"": ""auto-banheiro""}"
2025-07-12T12:00:40.507153,automation.auto_banheiro,on,on,"{""id"": ""1747870075916"", ""last_triggered"": ""2025-07-12T15:00:40.500671+00:00"", ""mode"": ""single"", ""current"": 0, ""friendly_name"": ""auto-banheiro""}"
2025-07-12T12:00:40.619600,sensor.arris_tg1692a_router_download_speed,0.0610451564051968,0.0108834224074155,"{""state_class"": ""measurement"", ""unit_of_measurement"": ""Mbit/s"", ""device_class"": ""data_rate"", ""friendly_name"": ""ARRIS TG1692A Router Download speed""}"
2025-07-12T12:00:40.621197,sensor.arris_tg1692a_router_upload_speed,0.0200033213091985,0.00594557582132499,"{""state_class"": ""measurement"", ""unit_of_measurement"": ""Mbit/s"", ""device_class"": ""data_rate"", ""friendly_name"": ""ARRIS TG1692A Router Upload speed""}"
2025-07-12T12:00:45.505357,automation.auto_banheiro,on,on,"{""id"": ""1747870075916"", ""last_triggered"": ""2025-07-12T15:00:45.500551+00:00"", ""mode"": ""single"", ""current"": 1, ""friendly_name"": ""auto-banheiro""}"
2025-07-12T12:00:45.507025,automation.auto_banheiro,on,on,"{""id"": ""1747870075916"", ""last_triggered"": ""2025-07-12T15:00:45.500551+00:00"", ""mode"": ""single"", ""current"": 0, ""friendly_name"": ""auto-banheiro""}"
2025-07-12T12:00:50.512858,automation.auto_banheiro,on,on,"{""id"": ""1747870075916"", ""last_triggered"": ""2025-07-12T15:00:50.500918+00:00"", ""mode"": ""single"", ""current"": 1, ""friendly_name"": ""auto-banheiro""}"
2025-07-12T12:00:50.517038,automation.auto_banheiro,on,on,"{""id"": ""1747870075916"", ""last_triggered"": ""2025-07-12T15:00:50.500918+00:00"", ""mode"": ""single"", ""current"": 0, ""friendly_name"": ""auto-banheiro""}"
2025-07-12T12:00:55.505774,automation.auto_banheiro,on,on,"{""id"": ""1747870075916"", ""last_triggered"": ""2025-07-12T15:00:55.500992+00:00"", ""mode"": ""single"", ""current"": 1, ""friendly_name"": ""auto-banheiro""}"
2025-07-12T12:00:55.507435,automation.auto_banheiro,on,on,"{""id"": ""1747870075916"", ""last_triggered"": ""2025-07-12T15:00:55.500992+00:00"", ""mode"": ""single"", ""current"": 0, ""friendly_name"": ""auto-banheiro""}"
2025-07-12T12:01:00.505344,automation.auto_banheiro,on,on,"{""id"": ""1747870075916"", ""last_triggered"": ""2025-07-12T15:01:00.500419+00:00"", ""mode"": ""single"", ""current"": 1, ""friendly_name"": ""auto-banheiro""}"
2025-07-12T12:01:00.507068,automation.auto_banheiro,on,on,"{""id"": ""1747870075916"", ""last_triggered"": ""2025-07-12T15:01:00.500419+00:00"", ""mode"": ""single"", ""current"": 0, ""friendly_name"": ""auto-banheiro""}"
2025-07-12T12:01:05.586233,automation.auto_banheiro,on,on,"{""id"": ""1747870075916"", ""last_triggered"": ""2025-07-12T15:01:05.501422+00:00"", ""mode"": ""single"", ""current"": 1, ""friendly_name"": ""auto-banheiro""}"
2025-07-12T12:01:05.587891,automation.auto_banheiro,on,on,"{""id"": ""1747870075916"", ""last_triggered"": ""2025-07-12T15:01:05.501422+00:00"", ""mode"": ""single"", ""current"": 0, ""friendly_name"": ""auto-banheiro""}"
2025-07-12T12:01:10.114667,automation.aut_status_bruno,on,on,"{""id"": ""1751855857509"", ""last_triggered"": ""2025-07-12T15:01:10.107589+00:00"", ""mode"": ""single"", ""current"": 1, ""friendly_name"": ""aut-status-bruno""}"
2025-07-12T12:01:10.116853,automation.aut_status_bruno,on,on,"{""id"": ""1751855857509"", ""last_triggered"": ""2025-07-12T15:01:10.107589+00:00"", ""mode"": ""single"", ""current"": 0, ""friendly_name"": ""aut-status-bruno""}"
2025-07-12T12:01:10.259789,automation.aut_lampada_quarto,on,on,"{""id"": ""1746067262247"", ""last_triggered"": ""2025-07-12T15:01:10.255196+00:00"", ""mode"": ""single"", ""current"": 1, ""friendly_name"": ""aut-quarto""}"
2025-07-12T12:01:10.262073,automation.aut_lampada_quarto,on,on,"{""id"": ""1746067262247"", ""last_triggered"": ""2025-07-12T15:01:10.255196+00:00"", ""mode"": ""single"", ""current"": 0, ""friendly_name"": ""aut-quarto""}"
2025-07-12T12:01:10.505126,automation.auto_banheiro,on,on,"{""id"": ""1747870075916"", ""last_triggered"": ""2025-07-12T15:01:10.500409+00:00"", ""mode"": ""single"", ""current"": 1, ""friendly_name"": ""auto-banheiro""}"
2025-07-12T12:01:10.506723,automation.auto_banheiro,on,on,"{""id"": ""1747870075916"", ""last_triggered"": ""2025-07-12T15:01:10.500409+00:00"", ""mode"": ""single"", ""current"": 0, ""friendly_name"": ""auto-banheiro""}"
2025-07-12T12:01:10.618657,sensor.arris_tg1692a_router_download_speed,0.0108834224074155,0.00426516448110543,"{""state_class"": ""measurement"", ""unit_of_measurement"": ""Mbit/s"", ""device_class"": ""data_rate"", ""friendly_name"": ""ARRIS TG1692A Router Download speed""}"
2025-07-12T12:01:10.622314,sensor.arris_tg1692a_router_upload_speed,0.00594557582132499,0.00377155316095249,"{""state_class"": ""measurement"", ""unit_of_measurement"": ""Mbit/s"", ""device_class"": ""data_rate"", ""friendly_name"": ""ARRIS TG1692A Router Upload speed""}"
2025-07-12T12:01:15.505085,automation.auto_banheiro,on,on,"{""id"": ""1747870075916"", ""last_triggered"": ""2025-07-12T15:01:15.500304+00:00"", ""mode"": ""single"", ""current"": 1, ""friendly_name"": ""auto-banheiro""}"
2025-07-12T12:01:15.506638,automation.auto_banheiro,on,on,"{""id"": ""1747870075916"", ""last_triggered"": ""2025-07-12T15:01:15.500304+00:00"", ""mode"": ""single"", ""current"": 0, ""friendly_name"": ""auto-banheiro""}"
2025-07-12T12:01:20.505028,automation.auto_banheiro,on,on,"{""id"": ""1747870075916"", ""last_triggered"": ""2025-07-12T15:01:20.500282+00:00"", ""mode"": ""single"", ""current"": 1, ""friendly_name"": ""auto-banheiro""}"
2025-07-12T12:01:20.506666,automation.auto_banheiro,on,on,"{""id"": ""1747870075916"", ""last_triggered"": ""2025-07-12T15:01:20.500282+00:00"", ""mode"": ""single"", ""current"": 0, ""friendly_name"": ""auto-banheiro""}"
2025-07-12T12:01:25.505421,automation.auto_banheiro,on,on,"{""id"": ""1747870075916"", ""last_triggered"": ""2025-07-12T15:01:25.500638+00:00"", ""mode"": ""single"", ""current"": 1, ""friendly_name"": ""auto-banheiro""}"
2025-07-12T12:01:25.508044,automation.auto_banheiro,on,on,"{""id"": ""1747870075916"", ""last_triggered"": ""2025-07-12T15:01:25.500638+00:00"", ""mode"": ""single"", ""current"": 0, ""friendly_name"": ""auto-banheiro""}"
2025-07-12T12:01:30.504901,automation.auto_banheiro,on,on,"{""id"": ""1747870075916"", ""last_triggered"": ""2025-07-12T15:01:30.500093+00:00"", ""mode"": ""single"", ""current"": 1, ""friendly_name"": ""auto-banheiro""}"
2025-07-12T12:01:30.506502,automation.auto_banheiro,on,on,"{""id"": ""1747870075916"", ""last_triggered"": ""2025-07-12T15:01:30.500093+00:00"", ""mode"": ""single"", ""current"": 0, ""friendly_name"": ""auto-banheiro""}"
2025-07-12T12:01:35.514728,automation.auto_banheiro,on,on,"{""id"": ""1747870075916"", ""last_triggered"": ""2025-07-12T15:01:35.501291+00:00"", ""mode"": ""single"", ""current"": 1, ""friendly_name"": ""auto-banheiro""}"
2025-07-12T12:01:35.518981,automation.auto_banheiro,on,on,"{""id"": ""1747870075916"", ""last_triggered"": ""2025-07-12T15:01:35.501291+00:00"", ""mode"": ""single"", ""current"": 0, ""friendly_name"": ""auto-banheiro""}"
2025-07-12T12:01:40.513393,automation.auto_banheiro,on,on,"{""id"": ""1747870075916"", ""last_triggered"": ""2025-07-12T15:01:40.500721+00:00"", ""mode"": ""single"", ""current"": 1, ""friendly_name"": ""auto-banheiro""}"
2025-07-12T12:01:40.516633,automation.auto_banheiro,on,on,"{""id"": ""1747870075916"", ""last_triggered"": ""2025-07-12T15:01:40.500721+00:00"", ""mode"": ""single"", ""current"": 0, ""friendly_name"": ""auto-banheiro""}"
2025-07-12T12:01:40.617035,sensor.arris_tg1692a_router_download_speed,0.00426516448110543,0.00219462145746464,"{""state_class"": ""measurement"", ""unit_of_measurement"": ""Mbit/s"", ""device_class"": ""data_rate"", ""friendly_name"": ""ARRIS TG1692A Router Download speed""}"
2025-07-12T12:01:40.619889,sensor.arris_tg1692a_router_upload_speed,0.00377155316095249,0.00153383506966423,"{""state_class"": ""measurement"", ""unit_of_measurement"": ""Mbit/s"", ""device_class"": ""data_rate"", ""friendly_name"": ""ARRIS TG1692A Router Upload speed""}"
2025-07-12T12:01:45.508282,automation.auto_banheiro,on,on,"{""id"": ""1747870075916"", ""last_triggered"": ""2025-07-12T15:01:45.500749+00:00"", ""mode"": ""single"", ""current"": 1, ""friendly_name"": ""auto-banheiro""}"
2025-07-12T12:01:45.509924,automation.auto_banheiro,on,on,"{""id"": ""1747870075916"", ""last_triggered"": ""2025-07-12T15:01:45.500749+00:00"", ""mode"": ""single"", ""current"": 0, ""friendly_name"": ""auto-banheiro""}"
2025-07-12T12:01:50.506187,automation.auto_banheiro,on,on,"{""id"": ""1747870075916"", ""last_triggered"": ""2025-07-12T15:01:50.500233+00:00"", ""mode"": ""single"", ""current"": 1, ""friendly_name"": ""auto-banheiro""}"
2025-07-12T12:01:50.508347,automation.auto_banheiro,on,on,"{""id"": ""1747870075916"", ""last_triggered"": ""2025-07-12T15:01:50.500233+00:00"", ""mode"": ""single"", ""current"": 0, ""friendly_name"": ""auto-banheiro""}"
2025-07-12T12:01:55.505508,automation.auto_banheiro,on,on,"{""id"": ""1747870075916"", ""last_triggered"": ""2025-07-12T15:01:55.500712+00:00"", ""mode"": ""single"", ""current"": 1, ""friendly_name"": ""auto-banheiro""}"
2025-07-12T12:01:55.507604,automation.auto_banheiro,on,on,"{""id"": ""1747870075916"", ""last_triggered"": ""2025-07-12T15:01:55.500712+00:00"", ""mode"": ""single"", ""current"": 0, ""friendly_name"": ""auto-banheiro""}"
2025-07-12T12:02:00.504860,automation.auto_banheiro,on,on,"{""id"": ""1747870075916"", ""last_triggered"": ""2025-07-12T15:02:00.500022+00:00"", ""mode"": ""single"", ""current"": 1, ""friendly_name"": ""auto-banheiro""}"
2025-07-12T12:02:00.506585,automation.auto_banheiro,on,on,"{""id"": ""1747870075916"", ""last_triggered"": ""2025-07-12T15:02:00.500022+00:00"", ""mode"": ""single"", ""current"": 0, ""friendly_name"": ""auto-banheiro""}"
2025-07-12T12:02:05.505585,automation.auto_banheiro,on,on,"{""id"": ""1747870075916"", ""last_triggered"": ""2025-07-12T15:02:05.500777+00:00"", ""mode"": ""single"", ""current"": 1, ""friendly_name"": ""auto-banheiro""}"
2025-07-12T12:02:05.507290,automation.auto_banheiro,on,on,"{""id"": ""1747870075916"", ""last_triggered"": ""2025-07-12T15:02:05.500777+00:00"", ""mode"": ""single"", ""current"": 0, ""friendly_name"": ""auto-banheiro""}"
2025-07-12T12:02:10.123477,automation.aut_status_bruno,on,on,"{""id"": ""1751855857509"", ""last_triggered"": ""2025-07-12T15:02:10.108661+00:00"", ""mode"": ""single"", ""current"": 1, ""friendly_name"": ""aut-status-bruno""}"
2025-07-12T12:02:10.127928,automation.aut_status_bruno,on,on,"{""id"": ""1751855857509"", ""last_triggered"": ""2025-07-12T15:02:10.108661+00:00"", ""mode"": ""single"", ""current"": 0, ""friendly_name"": ""aut-status-bruno""}"
2025-07-12T12:02:10.265159,automation.aut_lampada_quarto,on,on,"{""id"": ""1746067262247"", ""last_triggered"": ""2025-07-12T15:02:10.255770+00:00"", ""mode"": ""single"", ""current"": 1, ""friendly_name"": ""aut-quarto""}"
2025-07-12T12:02:10.267921,automation.aut_lampada_quarto,on,on,"{""id"": ""1746067262247"", ""last_triggered"": ""2025-07-12T15:02:10.255770+00:00"", ""mode"": ""single"", ""current"": 0, ""friendly_name"": ""aut-quarto""}"
2025-07-12T12:02:10.510343,automation.auto_banheiro,on,on,"{""id"": ""1747870075916"", ""last_triggered"": ""2025-07-12T15:02:10.500872+00:00"", ""mode"": ""single"", ""current"": 1, ""friendly_name"": ""auto-banheiro""}"
2025-07-12T12:02:10.512614,automation.auto_banheiro,on,on,"{""id"": ""1747870075916"", ""last_triggered"": ""2025-07-12T15:02:10.500872+00:00"", ""mode"": ""single"", ""current"": 0, ""friendly_name"": ""auto-banheiro""}"
2025-07-12T12:02:10.632184,sensor.arris_tg1692a_router_download_speed,0.00219462145746464,0.0342851839940607,"{""state_class"": ""measurement"", ""unit_of_measurement"": ""Mbit/s"", ""device_class"": ""data_rate"", ""friendly_name"": ""ARRIS TG1692A Router Download speed""}"
2025-07-12T12:02:10.635735,sensor.arris_tg1692a_router_upload_speed,0.00153383506966423,0.0218821117463182,"{""state_class"": ""measurement"", ""unit_of_measurement"": ""Mbit/s"", ""device_class"": ""data_rate"", ""friendly_name"": ""ARRIS TG1692A Router Upload speed""}"
2025-07-12T12:02:15.505926,automation.auto_banheiro,on,on,"{""id"": ""1747870075916"", ""last_triggered"": ""2025-07-12T15:02:15.501164+00:00"", ""mode"": ""single"", ""current"": 1, ""friendly_name"": ""auto-banheiro""}"
2025-07-12T12:02:15.508802,automation.auto_banheiro,on,on,"{""id"": ""1747870075916"", ""last_triggered"": ""2025-07-12T15:02:15.501164+00:00"", ""mode"": ""single"", ""current"": 0, ""friendly_name"": ""auto-banheiro""}"
2025-07-12T12:02:20.505008,automation.auto_banheiro,on,on,"{""id"": ""1747870075916"", ""last_triggered"": ""2025-07-12T15:02:20.500239+00:00"", ""mode"": ""single"", ""current"": 1, ""friendly_name"": ""auto-banheiro""}"
2025-07-12T12:02:20.506695,automation.auto_banheiro,on,on,"{""id"": ""1747870075916"", ""last_triggered"": ""2025-07-12T15:02:20.500239+00:00"", ""mode"": ""single"", ""current"": 0, ""friendly_name"": ""auto-banheiro""}"
2025-07-12T12:02:25.506178,automation.auto_banheiro,on,on,"{""id"": ""1747870075916"", ""last_triggered"": ""2025-07-12T15:02:25.500229+00:00"", ""mode"": ""single"", ""current"": 1, ""friendly_name"": ""auto-banheiro""}"
2025-07-12T12:02:25.507965,automation.auto_banheiro,on,on,"{""id"": ""1747870075916"", ""last_triggered"": ""2025-07-12T15:02:25.500229+00:00"", ""mode"": ""single"", ""current"": 0, ""friendly_name"": ""auto-banheiro""}"
2025-07-12T12:02:30.504989,automation.auto_banheiro,on,on,"{""id"": ""1747870075916"", ""last_triggered"": ""2025-07-12T15:02:30.499995+00:00"", ""mode"": ""single"", ""current"": 1, ""friendly_name"": ""auto-banheiro""}"
2025-07-12T12:02:30.506648,automation.auto_banheiro,on,on,"{""id"": ""1747870075916"", ""last_triggered"": ""2025-07-12T15:02:30.499995+00:00"", ""mode"": ""single"", ""current"": 0, ""friendly_name"": ""auto-banheiro""}"
2025-07-12T12:02:35.507740,automation.auto_banheiro,on,on,"{""id"": ""1747870075916"", ""last_triggered"": ""2025-07-12T15:02:35.500711+00:00"", ""mode"": ""single"", ""current"": 1, ""friendly_name"": ""auto-banheiro""}"
2025-07-12T12:02:35.509414,automation.auto_banheiro,on,on,"{""id"": ""1747870075916"", ""last_triggered"": ""2025-07-12T15:02:35.500711+00:00"", ""mode"": ""single"", ""current"": 0, ""friendly_name"": ""auto-banheiro""}"
2025-07-12T12:02:40.510748,automation.auto_banheiro,on,on,"{""id"": ""1747870075916"", ""last_triggered"": ""2025-07-12T15:02:40.500671+00:00"", ""mode"": ""single"", ""current"": 1, ""friendly_name"": ""auto-banheiro""}"
2025-07-12T12:02:40.513621,automation.auto_banheiro,on,on,"{""id"": ""1747870075916"", ""last_triggered"": ""2025-07-12T15:02:40.500671+00:00"", ""mode"": ""single"", ""current"": 0, ""friendly_name"": ""auto-banheiro""}"
2025-07-12T12:02:40.620243,sensor.arris_tg1692a_router_download_speed,0.0342851839940607,0.00826815697578412,"{""state_class"": ""measurement"", ""unit_of_measurement"": ""Mbit/s"", ""device_class"": ""data_rate"", ""friendly_name"": ""ARRIS TG1692A Router Download speed""}"
2025-07-12T12:02:40.622922,sensor.arris_tg1692a_router_upload_speed,0.0218821117463182,0.0055271266734528,"{""state_class"": ""measurement"", ""unit_of_measurement"": ""Mbit/s"", ""device_class"": ""data_rate"", ""friendly_name"": ""ARRIS TG1692A Router Upload speed""}"
2025-07-12T12:02:45.511903,automation.auto_banheiro,on,on,"{""id"": ""1747870075916"", ""last_triggered"": ""2025-07-12T15:02:45.501289+00:00"", ""mode"": ""single"", ""current"": 1, ""friendly_name"": ""auto-banheiro""}"
2025-07-12T12:02:45.513493,automation.auto_banheiro,on,on,"{""id"": ""1747870075916"", ""last_triggered"": ""2025-07-12T15:02:45.501289+00:00"", ""mode"": ""single"", ""current"": 0, ""friendly_name"": ""auto-banheiro""}"
2025-07-12T12:02:50.505292,automation.auto_banheiro,on,on,"{""id"": ""1747870075916"", ""last_triggered"": ""2025-07-12T15:02:50.500519+00:00"", ""mode"": ""single"", ""current"": 1, ""friendly_name"": ""auto-banheiro""}"
2025-07-12T12:02:50.506954,automation.auto_banheiro,on,on,"{""id"": ""1747870075916"", ""last_triggered"": ""2025-07-12T15:02:50.500519+00:00"", ""mode"": ""single"", ""current"": 0, ""friendly_name"": ""auto-banheiro""}"
2025-07-12T12:02:55.507197,automation.auto_banheiro,on,on,"{""id"": ""1747870075916"", ""last_triggered"": ""2025-07-12T15:02:55.500595+00:00"", ""mode"": ""single"", ""current"": 1, ""friendly_name"": ""auto-banheiro""}"
2025-07-12T12:02:55.510427,automation.auto_banheiro,on,on,"{""id"": ""1747870075916"", ""last_triggered"": ""2025-07-12T15:02:55.500595+00:00"", ""mode"": ""single"", ""current"": 0, ""friendly_name"": ""auto-banheiro""}"
2025-07-12T12:03:00.506151,automation.auto_banheiro,on,on,"{""id"": ""1747870075916"", ""last_triggered"": ""2025-07-12T15:03:00.500615+00:00"", ""mode"": ""single"", ""current"": 1, ""friendly_name"": ""auto-banheiro""}"
2025-07-12T12:03:00.507770,automation.auto_banheiro,on,on,"{""id"": ""1747870075916"", ""last_triggered"": ""2025-07-12T15:03:00.500615+00:00"", ""mode"": ""single"", ""current"": 0, ""friendly_name"": ""auto-banheiro""}"
2025-07-12T12:03:05.509916,automation.auto_banheiro,on,on,"{""id"": ""1747870075916"", ""last_triggered"": ""2025-07-12T15:03:05.500755+00:00"", ""mode"": ""single"", ""current"": 1, ""friendly_name"": ""auto-banheiro""}"
2025-07-12T12:03:05.513015,automation.auto_banheiro,on,on,"{""id"": ""1747870075916"", ""last_triggered"": ""2025-07-12T15:03:05.500755+00:00"", ""mode"": ""single"", ""current"": 0, ""friendly_name"": ""auto-banheiro""}"
2025-07-12T12:03:10.118954,automation.aut_status_bruno,on,on,"{""id"": ""1751855857509"", ""last_triggered"": ""2025-07-12T15:03:10.108258+00:00"", ""mode"": ""single"", ""current"": 1, ""friendly_name"": ""aut-status-bruno""}"
2025-07-12T12:03:10.121711,automation.aut_status_bruno,on,on,"{""id"": ""1751855857509"", ""last_triggered"": ""2025-07-12T15:03:10.108258+00:00"", ""mode"": ""single"", ""current"": 0, ""friendly_name"": ""aut-status-bruno""}"
2025-07-12T12:03:10.261125,automation.aut_lampada_quarto,on,on,"{""id"": ""1746067262247"", ""last_triggered"": ""2025-07-12T15:03:10.254530+00:00"", ""mode"": ""single"", ""current"": 1, ""friendly_name"": ""aut-quarto""}"
2025-07-12T12:03:10.262935,automation.aut_lampada_quarto,on,on,"{""id"": ""1746067262247"", ""last_triggered"": ""2025-07-12T15:03:10.254530+00:00"", ""mode"": ""single"", ""current"": 0, ""friendly_name"": ""aut-quarto""}"
2025-07-12T12:03:10.504812,automation.auto_banheiro,on,on,"{""id"": ""1747870075916"", ""last_triggered"": ""2025-07-12T15:03:10.500024+00:00"", ""mode"": ""single"", ""current"": 1, ""friendly_name"": ""auto-banheiro""}"
2025-07-12T12:03:10.506500,automation.auto_banheiro,on,on,"{""id"": ""1747870075916"", ""last_triggered"": ""2025-07-12T15:03:10.500024+00:00"", ""mode"": ""single"", ""current"": 0, ""friendly_name"": ""auto-banheiro""}"
2025-07-12T12:03:10.613469,sensor.arris_tg1692a_router_download_speed,0.00826815697578412,0.01038289803148,"{""state_class"": ""measurement"", ""unit_of_measurement"": ""Mbit/s"", ""device_class"": ""data_rate"", ""friendly_name"": ""ARRIS TG1692A Router Download speed""}"
2025-07-12T12:03:10.615169,sensor.arris_tg1692a_router_upload_speed,0.0055271266734528,0.0146327502486492,"{""state_class"": ""measurement"", ""unit_of_measurement"": ""Mbit/s"", ""device_class"": ""data_rate"", ""friendly_name"": ""ARRIS TG1692A Router Upload speed""}"
2025-07-12T12:03:15.506193,automation.auto_banheiro,on,on,"{""id"": ""1747870075916"", ""last_triggered"": ""2025-07-12T15:03:15.501347+00:00"", ""mode"": ""single"", ""current"": 1, ""friendly_name"": ""auto-banheiro""}"
2025-07-12T12:03:15.507889,automation.auto_banheiro,on,on,"{""id"": ""1747870075916"", ""last_triggered"": ""2025-07-12T15:03:15.501347+00:00"", ""mode"": ""single"", ""current"": 0, ""friendly_name"": ""auto-banheiro""}"
2025-07-12T12:03:20.505125,automation.auto_banheiro,on,on,"{""id"": ""1747870075916"", ""last_triggered"": ""2025-07-12T15:03:20.500249+00:00"", ""mode"": ""single"", ""current"": 1, ""friendly_name"": ""auto-banheiro""}"
2025-07-12T12:03:20.506876,automation.auto_banheiro,on,on,"{""id"": ""1747870075916"", ""last_triggered"": ""2025-07-12T15:03:20.500249+00:00"", ""mode"": ""single"", ""current"": 0, ""friendly_name"": ""auto-banheiro""}"
2025-07-12T12:03:25.507949,automation.auto_banheiro,on,on,"{""id"": ""1747870075916"", ""last_triggered"": ""2025-07-12T15:03:25.499919+00:00"", ""mode"": ""single"", ""current"": 1, ""friendly_name"": ""auto-banheiro""}"
2025-07-12T12:03:25.510759,automation.auto_banheiro,on,on,"{""id"": ""1747870075916"", ""last_triggered"": ""2025-07-12T15:03:25.499919+00:00"", ""mode"": ""single"", ""current"": 0, ""friendly_name"": ""auto-banheiro""}"
2025-07-12T12:03:30.506971,automation.auto_banheiro,on,on,"{""id"": ""1747870075916"", ""last_triggered"": ""2025-07-12T15:03:30.500453+00:00"", ""mode"": ""single"", ""current"": 1, ""friendly_name"": ""auto-banheiro""}"
2025-07-12T12:03:30.508612,automation.auto_banheiro,on,on,"{""id"": ""1747870075916"", ""last_triggered"": ""2025-07-12T15:03:30.500453+00:00"", ""mode"": ""single"", ""current"": 0, ""friendly_name"": ""auto-banheiro""}"
2025-07-12T12:03:35.514701,automation.auto_banheiro,on,on,"{""id"": ""1747870075916"", ""last_triggered"": ""2025-07-12T15:03:35.501277+00:00"", ""mode"": ""single"", ""current"": 1, ""friendly_name"": ""auto-banheiro""}"
2025-07-12T12:03:35.518100,automation.auto_banheiro,on,on,"{""id"": ""1747870075916"", ""last_triggered"": ""2025-07-12T15:03:35.501277+00:00"", ""mode"": ""single"", ""current"": 0, ""friendly_name"": ""auto-banheiro""}"
2025-07-12T12:03:40.505312,automation.auto_banheiro,on,on,"{""id"": ""1747870075916"", ""last_triggered"": ""2025-07-12T15:03:40.500387+00:00"", ""mode"": ""single"", ""current"": 1, ""friendly_name"": ""auto-banheiro""}"
2025-07-12T12:03:40.507844,automation.auto_banheiro,on,on,"{""id"": ""1747870075916"", ""last_triggered"": ""2025-07-12T15:03:40.500387+00:00"", ""mode"": ""single"", ""current"": 0, ""friendly_name"": ""auto-banheiro""}"
2025-07-12T12:03:40.615523,sensor.arris_tg1692a_router_download_speed,0.01038289803148,0.00609107058545719,"{""state_class"": ""measurement"", ""unit_of_measurement"": ""Mbit/s"", ""device_class"": ""data_rate"", ""friendly_name"": ""ARRIS TG1692A Router Download speed""}"
2025-07-12T12:03:40.617196,sensor.arris_tg1692a_router_upload_speed,0.0146327502486492,0.00472837321267639,"{""state_class"": ""measurement"", ""unit_of_measurement"": ""Mbit/s"", ""device_class"": ""data_rate"", ""friendly_name"": ""ARRIS TG1692A Router Upload speed""}"
2025-07-12T12:03:42.010891,sun.sun,above_horizon,above_horizon,"{""next_dawn"": ""2025-07-13T08:34:17.857562+00:00"", ""next_dusk"": ""2025-07-12T20:45:20.313231+00:00"", ""next_midnight"": ""2025-07-13T02:39:54+00:00"", ""next_noon"": ""2025-07-13T14:39:50+00:00"", ""next_rising"": ""2025-07-13T08:57:32.537391+00:00"", ""next_setting"": ""2025-07-12T20:22:04.562792+00:00"", ""elevation"": 54.65, ""azimuth"": 350.39, ""rising"": false, ""friendly_name"": ""Sun""}"
2025-07-12T12:03:45.510371,automation.auto_banheiro,on,on,"{""id"": ""1747870075916"", ""last_triggered"": ""2025-07-12T15:03:45.500083+00:00"", ""mode"": ""single"", ""current"": 1, ""friendly_name"": ""auto-banheiro""}"
2025-07-12T12:03:45.512075,automation.auto_banheiro,on,on,"{""id"": ""1747870075916"", ""last_triggered"": ""2025-07-12T15:03:45.500083+00:00"", ""mode"": ""single"", ""current"": 0, ""friendly_name"": ""auto-banheiro""}"
2025-07-12T12:03:50.504882,automation.auto_banheiro,on,on,"{""id"": ""1747870075916"", ""last_triggered"": ""2025-07-12T15:03:50.500053+00:00"", ""mode"": ""single"", ""current"": 1, ""friendly_name"": ""auto-banheiro""}"
2025-07-12T12:03:50.506544,automation.auto_banheiro,on,on,"{""id"": ""1747870075916"", ""last_triggered"": ""2025-07-12T15:03:50.500053+00:00"", ""mode"": ""single"", ""current"": 0, ""friendly_name"": ""auto-banheiro""}"
2025-07-12T12:03:55.505469,automation.auto_banheiro,on,on,"{""id"": ""1747870075916"", ""last_triggered"": ""2025-07-12T15:03:55.500677+00:00"", ""mode"": ""single"", ""current"": 1, ""friendly_name"": ""auto-banheiro""}"
2025-07-12T12:03:55.507153,automation.auto_banheiro,on,on,"{""id"": ""1747870075916"", ""last_triggered"": ""2025-07-12T15:03:55.500677+00:00"", ""mode"": ""single"", ""current"": 0, ""friendly_name"": ""auto-banheiro""}"
2025-07-12T12:04:00.506157,automation.auto_banheiro,on,on,"{""id"": ""1747870075916"", ""last_triggered"": ""2025-07-12T15:04:00.500437+00:00"", ""mode"": ""single"", ""current"": 1, ""friendly_name"": ""auto-banheiro""}"
2025-07-12T12:04:00.508700,automation.auto_banheiro,on,on,"{""id"": ""1747870075916"", ""last_triggered"": ""2025-07-12T15:04:00.500437+00:00"", ""mode"": ""single"", ""current"": 0, ""friendly_name"": ""auto-banheiro""}"
2025-07-12T12:04:05.505527,automation.auto_banheiro,on,on,"{""id"": ""1747870075916"", ""last_triggered"": ""2025-07-12T15:04:05.500573+00:00"", ""mode"": ""single"", ""current"": 1, ""friendly_name"": ""auto-banheiro""}"
2025-07-12T12:04:05.507176,automation.auto_banheiro,on,on,"{""id"": ""1747870075916"", ""last_triggered"": ""2025-07-12T15:04:05.500573+00:00"", ""mode"": ""single"", ""current"": 0, ""friendly_name"": ""auto-banheiro""}"
2025-07-12T12:04:10.128524,automation.aut_status_bruno,on,on,"{""id"": ""1751855857509"", ""last_triggered"": ""2025-07-12T15:04:10.108495+00:00"", ""mode"": ""single"", ""current"": 1, ""friendly_name"": ""aut-status-bruno""}"
2025-07-12T12:04:10.132732,automation.aut_status_bruno,on,on,"{""id"": ""1751855857509"", ""last_triggered"": ""2025-07-12T15:04:10.108495+00:00"", ""mode"": ""single"", ""current"": 0, ""friendly_name"": ""aut-status-bruno""}"
2025-07-12T12:04:10.262767,automation.aut_lampada_quarto,on,on,"{""id"": ""1746067262247"", ""last_triggered"": ""2025-07-12T15:04:10.255624+00:00"", ""mode"": ""single"", ""current"": 1, ""friendly_name"": ""aut-quarto""}"
2025-07-12T12:04:10.265563,automation.aut_lampada_quarto,on,on,"{""id"": ""1746067262247"", ""last_triggered"": ""2025-07-12T15:04:10.255624+00:00"", ""mode"": ""single"", ""current"": 0, ""friendly_name"": ""aut-quarto""}"
2025-07-12T12:04:10.511496,automation.auto_banheiro,on,on,"{""id"": ""1747870075916"", ""last_triggered"": ""2025-07-12T15:04:10.501093+00:00"", ""mode"": ""single"", ""current"": 1, ""friendly_name"": ""auto-banheiro""}"
2025-07-12T12:04:10.514457,automation.auto_banheiro,on,on,"{""id"": ""1747870075916"", ""last_triggered"": ""2025-07-12T15:04:10.501093+00:00"", ""mode"": ""single"", ""current"": 0, ""friendly_name"": ""auto-banheiro""}"
2025-07-12T12:04:10.615560,sensor.arris_tg1692a_router_download_speed,0.00609107058545719,0.00563649951433625,"{""state_class"": ""measurement"", ""unit_of_measurement"": ""Mbit/s"", ""device_class"": ""data_rate"", ""friendly_name"": ""ARRIS TG1692A Router Download speed""}"
2025-07-12T12:04:10.618748,sensor.arris_tg1692a_router_upload_speed,0.00472837321267639,0.0158084384827024,"{""state_class"": ""measurement"", ""unit_of_measurement"": ""Mbit/s"", ""device_class"": ""data_rate"", ""friendly_name"": ""ARRIS TG1692A Router Upload speed""}"
2025-07-12T12:04:15.504654,automation.auto_banheiro,on,on,"{""id"": ""1747870075916"", ""last_triggered"": ""2025-07-12T15:04:15.499828+00:00"", ""mode"": ""single"", ""current"": 1, ""friendly_name"": ""auto-banheiro""}"
2025-07-12T12:04:15.506350,automation.auto_banheiro,on,on,"{""id"": ""1747870075916"", ""last_triggered"": ""2025-07-12T15:04:15.499828+00:00"", ""mode"": ""single"", ""current"": 0, ""friendly_name"": ""auto-banheiro""}"
2025-07-12T12:04:20.511940,automation.auto_banheiro,on,on,"{""id"": ""1747870075916"", ""last_triggered"": ""2025-07-12T15:04:20.501317+00:00"", ""mode"": ""single"", ""current"": 1, ""friendly_name"": ""auto-banheiro""}"
2025-07-12T12:04:20.515460,automation.auto_banheiro,on,on,"{""id"": ""1747870075916"", ""last_triggered"": ""2025-07-12T15:04:20.501317+00:00"", ""mode"": ""single"", ""current"": 0, ""friendly_name"": ""auto-banheiro""}"
2025-07-12T12:04:25.163920,camera.192_168_0_33,idle,idle,"{""access_token"": ""a20ad7683575b30f43b73c0814e662ccece9c3d35a8e38cbee440dcb5761cdfd"", ""entity_picture"": ""/api/camera_proxy/camera.192_168_0_33?token=a20ad7683575b30f43b73c0814e662ccece9c3d35a8e38cbee440dcb5761cdfd"", ""friendly_name"": ""192_168_0_14"", ""supported_features"": 2}"
2025-07-12T12:04:25.165644,camera.admin_mainstream,idle,idle,"{""access_token"": ""75e7ae61ceca21657dae97c46f8b2acff42fc73cee983c7316684cd80fd599fb"", ""entity_picture"": ""/api/camera_proxy/camera.admin_mainstream?token=75e7ae61ceca21657dae97c46f8b2acff42fc73cee983c7316684cd80fd599fb"", ""friendly_name"": ""admin MainStream"", ""supported_features"": 2}"
2025-07-12T12:04:25.167395,camera.admin_substream,idle,idle,"{""access_token"": ""6449fc8211bcc71ef6113f0d412f22cc1983a239d20bd812a3352cf294d2872c"", ""entity_picture"": ""/api/camera_proxy/camera.admin_substream?token=6449fc8211bcc71ef6113f0d412f22cc1983a239d20bd812a3352cf294d2872c"", ""friendly_name"": ""admin SubStream"", ""supported_features"": 2}"
2025-07-12T12:04:25.510196,automation.auto_banheiro,on,on,"{""id"": ""1747870075916"", ""last_triggered"": ""2025-07-12T15:04:25.500653+00:00"", ""mode"": ""single"", ""current"": 1, ""friendly_name"": ""auto-banheiro""}"
2025-07-12T12:04:25.512137,automation.auto_banheiro,on,on,"{""id"": ""1747870075916"", ""last_triggered"": ""2025-07-12T15:04:25.500653+00:00"", ""mode"": ""single"", ""current"": 0, ""friendly_name"": ""auto-banheiro""}"
2025-07-12T12:04:30.505200,automation.auto_banheiro,on,on,"{""id"": ""1747870075916"", ""last_triggered"": ""2025-07-12T15:04:30.500490+00:00"", ""mode"": ""single"", ""current"": 1, ""friendly_name"": ""auto-banheiro""}"
2025-07-12T12:04:30.507921,automation.auto_banheiro,on,on,"{""id"": ""1747870075916"", ""last_triggered"": ""2025-07-12T15:04:30.500490+00:00"", ""mode"": ""single"", ""current"": 0, ""friendly_name"": ""auto-banheiro""}"
2025-07-12T12:04:35.508270,automation.auto_banheiro,on,on,"{""id"": ""1747870075916"", ""last_triggered"": ""2025-07-12T15:04:35.500907+00:00"", ""mode"": ""single"", ""current"": 1, ""friendly_name"": ""auto-banheiro""}"
2025-07-12T12:04:35.513256,automation.auto_banheiro,on,on,"{""id"": ""1747870075916"", ""last_triggered"": ""2025-07-12T15:04:35.500907+00:00"", ""mode"": ""single"", ""current"": 0, ""friendly_name"": ""auto-banheiro""}"
2025-07-12T12:04:40.506959,automation.auto_banheiro,on,on,"{""id"": ""1747870075916"", ""last_triggered"": ""2025-07-12T15:04:40.500021+00:00"", ""mode"": ""single"", ""current"": 1, ""friendly_name"": ""auto-banheiro""}"
2025-07-12T12:04:40.508952,automation.auto_banheiro,on,on,"{""id"": ""1747870075916"", ""last_triggered"": ""2025-07-12T15:04:40.500021+00:00"", ""mode"": ""single"", ""current"": 0, ""friendly_name"": ""auto-banheiro""}"
2025-07-12T12:04:40.618289,sensor.arris_tg1692a_router_download_speed,0.00563649951433625,0.00583569403966013,"{""state_class"": ""measurement"", ""unit_of_measurement"": ""Mbit/s"", ""device_class"": ""data_rate"", ""friendly_name"": ""ARRIS TG1692A Router Download speed""}"
2025-07-12T12:04:40.620210,sensor.arris_tg1692a_router_upload_speed,0.0158084384827024,0.00389117379942975,"{""state_class"": ""measurement"", ""unit_of_measurement"": ""Mbit/s"", ""device_class"": ""data_rate"", ""friendly_name"": ""ARRIS TG1692A Router Upload speed""}"
2025-07-12T12:04:45.505573,automation.auto_banheiro,on,on,"{""id"": ""1747870075916"", ""last_triggered"": ""2025-07-12T15:04:45.500782+00:00"", ""mode"": ""single"", ""current"": 1, ""friendly_name"": ""auto-banheiro""}"
2025-07-12T12:04:45.508691,automation.auto_banheiro,on,on,"{""id"": ""1747870075916"", ""last_triggered"": ""2025-07-12T15:04:45.500782+00:00"", ""mode"": ""single"", ""current"": 0, ""friendly_name"": ""auto-banheiro""}"
2025-07-12T12:04:50.511351,automation.auto_banheiro,on,on,"{""id"": ""1747870075916"", ""last_triggered"": ""2025-07-12T15:04:50.500393+00:00"", ""mode"": ""single"", ""current"": 1, ""friendly_name"": ""auto-banheiro""}"
2025-07-12T12:04:50.512964,automation.auto_banheiro,on,on,"{""id"": ""1747870075916"", ""last_triggered"": ""2025-07-12T15:04:50.500393+00:00"", ""mode"": ""single"", ""current"": 0, ""friendly_name"": ""auto-banheiro""}"
2025-07-12T12:04:55.504745,automation.auto_banheiro,on,on,"{""id"": ""1747870075916"", ""last_triggered"": ""2025-07-12T15:04:55.499935+00:00"", ""mode"": ""single"", ""current"": 1, ""friendly_name"": ""auto-banheiro""}"
2025-07-12T12:04:55.506406,automation.auto_banheiro,on,on,"{""id"": ""1747870075916"", ""last_triggered"": ""2025-07-12T15:04:55.499935+00:00"", ""mode"": ""single"", ""current"": 0, ""friendly_name"": ""auto-banheiro""}"
2025-07-12T12:05:00.506154,automation.auto_banheiro,on,on,"{""id"": ""1747870075916"", ""last_triggered"": ""2025-07-12T15:05:00.501301+00:00"", ""mode"": ""single"", ""current"": 1, ""friendly_name"": ""auto-banheiro""}"
2025-07-12T12:05:00.507892,automation.auto_banheiro,on,on,"{""id"": ""1747870075916"", ""last_triggered"": ""2025-07-12T15:05:00.501301+00:00"", ""mode"": ""single"", ""current"": 0, ""friendly_name"": ""auto-banheiro""}"
2025-07-12T12:05:05.511926,automation.auto_banheiro,on,on,"{""id"": ""1747870075916"", ""last_triggered"": ""2025-07-12T15:05:05.500815+00:00"", ""mode"": ""single"", ""current"": 1, ""friendly_name"": ""auto-banheiro""}"
2025-07-12T12:05:05.515991,automation.auto_banheiro,on,on,"{""id"": ""1747870075916"", ""last_triggered"": ""2025-07-12T15:05:05.500815+00:00"", ""mode"": ""single"", ""current"": 0, ""friendly_name"": ""auto-banheiro""}"
2025-07-12T12:05:10.165553,automation.aut_status_bruno,on,on,"{""id"": ""1751855857509"", ""last_triggered"": ""2025-07-12T15:05:10.107890+00:00"", ""mode"": ""single"", ""current"": 1, ""friendly_name"": ""aut-status-bruno""}"
2025-07-12T12:05:10.169510,automation.aut_status_bruno,on,on,"{""id"": ""1751855857509"", ""last_triggered"": ""2025-07-12T15:05:10.107890+00:00"", ""mode"": ""single"", ""current"": 0, ""friendly_name"": ""aut-status-bruno""}"
2025-07-12T12:05:10.258476,automation.aut_lampada_quarto,on,on,"{""id"": ""1746067262247"", ""last_triggered"": ""2025-07-12T15:05:10.254510+00:00"", ""mode"": ""single"", ""current"": 1, ""friendly_name"": ""aut-quarto""}"
2025-07-12T12:05:10.260152,automation.aut_lampada_quarto,on,on,"{""id"": ""1746067262247"", ""last_triggered"": ""2025-07-12T15:05:10.254510+00:00"", ""mode"": ""single"", ""current"": 0, ""friendly_name"": ""aut-quarto""}"
2025-07-12T12:05:10.506687,automation.auto_banheiro,on,on,"{""id"": ""1747870075916"", ""last_triggered"": ""2025-07-12T15:05:10.500723+00:00"", ""mode"": ""single"", ""current"": 1, ""friendly_name"": ""auto-banheiro""}"
2025-07-12T12:05:10.508656,automation.auto_banheiro,on,on,"{""id"": ""1747870075916"", ""last_triggered"": ""2025-07-12T15:05:10.500723+00:00"", ""mode"": ""single"", ""current"": 0, ""friendly_name"": ""auto-banheiro""}"
2025-07-12T12:05:10.619537,sensor.arris_tg1692a_router_download_speed,0.00583569403966013,0.00986895909501253,"{""state_class"": ""measurement"", ""unit_of_measurement"": ""Mbit/s"", ""device_class"": ""data_rate"", ""friendly_name"": ""ARRIS TG1692A Router Download speed""}"
2025-07-12T12:05:10.621045,sensor.arris_tg1692a_router_upload_speed,0.00389117379942975,0.00894096921010228,"{""state_class"": ""measurement"", ""unit_of_measurement"": ""Mbit/s"", ""device_class"": ""data_rate"", ""friendly_name"": ""ARRIS TG1692A Router Upload speed""}"
2025-07-12T12:05:15.508788,automation.auto_banheiro,on,on,"{""id"": ""1747870075916"", ""last_triggered"": ""2025-07-12T15:05:15.501628+00:00"", ""mode"": ""single"", ""current"": 1, ""friendly_name"": ""auto-banheiro""}"
2025-07-12T12:05:15.510754,automation.auto_banheiro,on,on,"{""id"": ""1747870075916"", ""last_triggered"": ""2025-07-12T15:05:15.501628+00:00"", ""mode"": ""single"", ""current"": 0, ""friendly_name"": ""auto-banheiro""}"
2025-07-12T12:05:20.517635,automation.auto_banheiro,on,on,"{""id"": ""1747870075916"", ""last_triggered"": ""2025-07-12T15:05:20.502076+00:00"", ""mode"": ""single"", ""current"": 1, ""friendly_name"": ""auto-banheiro""}"
2025-07-12T12:05:20.522602,automation.auto_banheiro,on,on,"{""id"": ""1747870075916"", ""last_triggered"": ""2025-07-12T15:05:20.502076+00:00"", ""mode"": ""single"", ""current"": 0, ""friendly_name"": ""auto-banheiro""}"
2025-07-12T12:05:25.516842,automation.auto_banheiro,on,on,"{""id"": ""1747870075916"", ""last_triggered"": ""2025-07-12T15:05:25.501196+00:00"", ""mode"": ""single"", ""current"": 1, ""friendly_name"": ""auto-banheiro""}"
2025-07-12T12:05:25.519946,automation.auto_banheiro,on,on,"{""id"": ""1747870075916"", ""last_triggered"": ""2025-07-12T15:05:25.501196+00:00"", ""mode"": ""single"", ""current"": 0, ""friendly_name"": ""auto-banheiro""}"
2025-07-12T12:05:30.505380,automation.auto_banheiro,on,on,"{""id"": ""1747870075916"", ""last_triggered"": ""2025-07-12T15:05:30.500285+00:00"", ""mode"": ""single"", ""current"": 1, ""friendly_name"": ""auto-banheiro""}"
2025-07-12T12:05:30.506978,automation.auto_banheiro,on,on,"{""id"": ""1747870075916"", ""last_triggered"": ""2025-07-12T15:05:30.500285+00:00"", ""mode"": ""single"", ""current"": 0, ""friendly_name"": ""auto-banheiro""}"
2025-07-12T12:05:35.506700,automation.auto_banheiro,on,on,"{""id"": ""1747870075916"", ""last_triggered"": ""2025-07-12T15:05:35.500626+00:00"", ""mode"": ""single"", ""current"": 1, ""friendly_name"": ""auto-banheiro""}"
2025-07-12T12:05:35.508439,automation.auto_banheiro,on,on,"{""id"": ""1747870075916"", ""last_triggered"": ""2025-07-12T15:05:35.500626+00:00"", ""mode"": ""single"", ""current"": 0, ""friendly_name"": ""auto-banheiro""}"
2025-07-12T12:05:40.506675,automation.auto_banheiro,on,on,"{""id"": ""1747870075916"", ""last_triggered"": ""2025-07-12T15:05:40.500926+00:00"", ""mode"": ""single"", ""current"": 1, ""friendly_name"": ""auto-banheiro""}"
2025-07-12T12:05:40.508283,automation.auto_banheiro,on,on,"{""id"": ""1747870075916"", ""last_triggered"": ""2025-07-12T15:05:40.500926+00:00"", ""mode"": ""single"", ""current"": 0, ""friendly_name"": ""auto-banheiro""}"
2025-07-12T12:05:40.615253,sensor.arris_tg1692a_router_download_speed,0.00986895909501253,0.023821960505669,"{""state_class"": ""measurement"", ""unit_of_measurement"": ""Mbit/s"", ""device_class"": ""data_rate"", ""friendly_name"": ""ARRIS TG1692A Router Download speed""}"
2025-07-12T12:05:40.616886,sensor.arris_tg1692a_router_upload_speed,0.00894096921010228,0.0066710342883189,"{""state_class"": ""measurement"", ""unit_of_measurement"": ""Mbit/s"", ""device_class"": ""data_rate"", ""friendly_name"": ""ARRIS TG1692A Router Upload speed""}"
2025-07-12T12:05:45.517731,automation.auto_banheiro,on,on,"{""id"": ""1747870075916"", ""last_triggered"": ""2025-07-12T15:05:45.500589+00:00"", ""mode"": ""single"", ""current"": 1, ""friendly_name"": ""auto-banheiro""}"
2025-07-12T12:05:45.523041,automation.auto_banheiro,on,on,"{""id"": ""1747870075916"", ""last_triggered"": ""2025-07-12T15:05:45.500589+00:00"", ""mode"": ""single"", ""current"": 0, ""friendly_name"": ""auto-banheiro""}"
2025-07-12T12:05:50.505407,automation.auto_banheiro,on,on,"{""id"": ""1747870075916"", ""last_triggered"": ""2025-07-12T15:05:50.500692+00:00"", ""mode"": ""single"", ""current"": 1, ""friendly_name"": ""auto-banheiro""}"
2025-07-12T12:05:50.507000,automation.auto_banheiro,on,on,"{""id"": ""1747870075916"", ""last_triggered"": ""2025-07-12T15:05:50.500692+00:00"", ""mode"": ""single"", ""current"": 0, ""friendly_name"": ""auto-banheiro""}"
2025-07-12T12:05:55.512673,automation.auto_banheiro,on,on,"{""id"": ""1747870075916"", ""last_triggered"": ""2025-07-12T15:05:55.501486+00:00"", ""mode"": ""single"", ""current"": 1, ""friendly_name"": ""auto-banheiro""}"
2025-07-12T12:05:55.515667,automation.auto_banheiro,on,on,"{""id"": ""1747870075916"", ""last_triggered"": ""2025-07-12T15:05:55.501486+00:00"", ""mode"": ""single"", ""current"": 0, ""friendly_name"": ""auto-banheiro""}"
2025-07-12T12:06:00.505505,automation.auto_banheiro,on,on,"{""id"": ""1747870075916"", ""last_triggered"": ""2025-07-12T15:06:00.500362+00:00"", ""mode"": ""single"", ""current"": 1, ""friendly_name"": ""auto-banheiro""}"
2025-07-12T12:06:00.507539,automation.auto_banheiro,on,on,"{""id"": ""1747870075916"", ""last_triggered"": ""2025-07-12T15:06:00.500362+00:00"", ""mode"": ""single"", ""current"": 0, ""friendly_name"": ""auto-banheiro""}"
2025-07-12T12:06:05.507847,automation.auto_banheiro,on,on,"{""id"": ""1747870075916"", ""last_triggered"": ""2025-07-12T15:06:05.501466+00:00"", ""mode"": ""single"", ""current"": 1, ""friendly_name"": ""auto-banheiro""}"
2025-07-12T12:06:05.509388,automation.auto_banheiro,on,on,"{""id"": ""1747870075916"", ""last_triggered"": ""2025-07-12T15:06:05.501466+00:00"", ""mode"": ""single"", ""current"": 0, ""friendly_name"": ""auto-banheiro""}"
2025-07-12T12:06:10.130412,automation.aut_status_bruno,on,on,"{""id"": ""1751855857509"", ""last_triggered"": ""2025-07-12T15:06:10.108807+00:00"", ""mode"": ""single"", ""current"": 1, ""friendly_name"": ""aut-status-bruno""}"
2025-07-12T12:06:10.136062,automation.aut_status_bruno,on,on,"{""id"": ""1751855857509"", ""last_triggered"": ""2025-07-12T15:06:10.108807+00:00"", ""mode"": ""single"", ""current"": 0, ""friendly_name"": ""aut-status-bruno""}"
2025-07-12T12:06:10.265975,automation.aut_lampada_quarto,on,on,"{""id"": ""1746067262247"", ""last_triggered"": ""2025-07-12T15:06:10.255180+00:00"", ""mode"": ""single"", ""current"": 1, ""friendly_name"": ""aut-quarto""}"
2025-07-12T12:06:10.269596,automation.aut_lampada_quarto,on,on,"{""id"": ""1746067262247"", ""last_triggered"": ""2025-07-12T15:06:10.255180+00:00"", ""mode"": ""single"", ""current"": 0, ""friendly_name"": ""aut-quarto""}"
2025-07-12T12:06:10.512436,automation.auto_banheiro,on,on,"{""id"": ""1747870075916"", ""last_triggered"": ""2025-07-12T15:06:10.502066+00:00"", ""mode"": ""single"", ""current"": 1, ""friendly_name"": ""auto-banheiro""}"
2025-07-12T12:06:10.515490,automation.auto_banheiro,on,on,"{""id"": ""1747870075916"", ""last_triggered"": ""2025-07-12T15:06:10.502066+00:00"", ""mode"": ""single"", ""current"": 0, ""friendly_name"": ""auto-banheiro""}"
2025-07-12T12:06:10.636778,sensor.arris_tg1692a_router_download_speed,0.023821960505669,0.0144141881072481,"{""state_class"": ""measurement"", ""unit_of_measurement"": ""Mbit/s"", ""device_class"": ""data_rate"", ""friendly_name"": ""ARRIS TG1692A Router Download speed""}"
2025-07-12T12:06:10.640029,sensor.arris_tg1692a_router_upload_speed,0.0066710342883189,0.0152909914391008,"{""state_class"": ""measurement"", ""unit_of_measurement"": ""Mbit/s"", ""device_class"": ""data_rate"", ""friendly_name"": ""ARRIS TG1692A Router Upload speed""}"
2025-07-12T12:06:13.954913,sensor.th_sensor_temperature,25.4,25.5,"{""state_class"": ""measurement"", ""unit_of_measurement"": ""\u00b0C"", ""device_class"": ""temperature"", ""friendly_name"": ""th-sensor Temperature""}"
2025-07-12T12:06:13.956614,sensor.th_sensor_humidity,71.0,66.0,"{""state_class"": ""measurement"", ""unit_of_measurement"": ""%"", ""device_class"": ""humidity"", ""friendly_name"": ""th-sensor Humidity""}"
2025-07-12T12:06:13.957982,sensor.th_sensor_battery_state,middle,high,"{""friendly_name"": ""th-sensor Battery state""}"
2025-07-12T12:06:15.504958,automation.auto_banheiro,on,on,"{""id"": ""1747870075916"", ""last_triggered"": ""2025-07-12T15:06:15.500216+00:00"", ""mode"": ""single"", ""current"": 1, ""friendly_name"": ""auto-banheiro""}"
2025-07-12T12:06:15.506631,automation.auto_banheiro,on,on,"{""id"": ""1747870075916"", ""last_triggered"": ""2025-07-12T15:06:15.500216+00:00"", ""mode"": ""single"", ""current"": 0, ""friendly_name"": ""auto-banheiro""}"
2025-07-12T12:06:20.505005,automation.auto_banheiro,on,on,"{""id"": ""1747870075916"", ""last_triggered"": ""2025-07-12T15:06:20.500096+00:00"", ""mode"": ""single"", ""current"": 1, ""friendly_name"": ""auto-banheiro""}"
2025-07-12T12:06:20.507287,automation.auto_banheiro,on,on,"{""id"": ""1747870075916"", ""last_triggered"": ""2025-07-12T15:06:20.500096+00:00"", ""mode"": ""single"", ""current"": 0, ""friendly_name"": ""auto-banheiro""}"
2025-07-12T12:06:25.509101,automation.auto_banheiro,on,on,"{""id"": ""1747870075916"", ""last_triggered"": ""2025-07-12T15:06:25.500612+00:00"", ""mode"": ""single"", ""current"": 1, ""friendly_name"": ""auto-banheiro""}"
2025-07-12T12:06:25.510993,automation.auto_banheiro,on,on,"{""id"": ""1747870075916"", ""last_triggered"": ""2025-07-12T15:06:25.500612+00:00"", ""mode"": ""single"", ""current"": 0, ""friendly_name"": ""auto-banheiro""}"
2025-07-12T12:06:30.505408,automation.auto_banheiro,on,on,"{""id"": ""1747870075916"", ""last_triggered"": ""2025-07-12T15:06:30.500591+00:00"", ""mode"": ""single"", ""current"": 1, ""friendly_name"": ""auto-banheiro""}"
2025-07-12T12:06:30.507142,automation.auto_banheiro,on,on,"{""id"": ""1747870075916"", ""last_triggered"": ""2025-07-12T15:06:30.500591+00:00"", ""mode"": ""single"", ""current"": 0, ""friendly_name"": ""auto-banheiro""}"
2025-07-12T12:06:35.515495,automation.auto_banheiro,on,on,"{""id"": ""1747870075916"", ""last_triggered"": ""2025-07-12T15:06:35.500883+00:00"", ""mode"": ""single"", ""current"": 1, ""friendly_name"": ""auto-banheiro""}"
2025-07-12T12:06:35.518266,automation.auto_banheiro,on,on,"{""id"": ""1747870075916"", ""last_triggered"": ""2025-07-12T15:06:35.500883+00:00"", ""mode"": ""single"", ""current"": 0, ""friendly_name"": ""auto-banheiro""}"
2025-07-12T12:06:40.505236,automation.auto_banheiro,on,on,"{""id"": ""1747870075916"", ""last_triggered"": ""2025-07-12T15:06:40.500368+00:00"", ""mode"": ""single"", ""current"": 1, ""friendly_name"": ""auto-banheiro""}"
2025-07-12T12:06:40.506898,automation.auto_banheiro,on,on,"{""id"": ""1747870075916"", ""last_triggered"": ""2025-07-12T15:06:40.500368+00:00"", ""mode"": ""single"", ""current"": 0, ""friendly_name"": ""auto-banheiro""}"
2025-07-12T12:06:40.623149,sensor.arris_tg1692a_router_download_speed,0.0144141881072481,0.0026471473217683,"{""state_class"": ""measurement"", ""unit_of_measurement"": ""Mbit/s"", ""device_class"": ""data_rate"", ""friendly_name"": ""ARRIS TG1692A Router Download speed""}"
2025-07-12T12:06:40.628502,sensor.arris_tg1692a_router_upload_speed,0.0152909914391008,0.00411778472275068,"{""state_class"": ""measurement"", ""unit_of_measurement"": ""Mbit/s"", ""device_class"": ""data_rate"", ""friendly_name"": ""ARRIS TG1692A Router Upload speed""}"
2025-07-12T12:06:45.506931,automation.auto_banheiro,on,on,"{""id"": ""1747870075916"", ""last_triggered"": ""2025-07-12T15:06:45.501014+00:00"", ""mode"": ""single"", ""current"": 1, ""friendly_name"": ""auto-banheiro""}"
2025-07-12T12:06:45.508651,automation.auto_banheiro,on,on,"{""id"": ""1747870075916"", ""last_triggered"": ""2025-07-12T15:06:45.501014+00:00"", ""mode"": ""single"", ""current"": 0, ""friendly_name"": ""auto-banheiro""}"
2025-07-12T12:06:50.505554,automation.auto_banheiro,on,on,"{""id"": ""1747870075916"", ""last_triggered"": ""2025-07-12T15:06:50.500731+00:00"", ""mode"": ""single"", ""current"": 1, ""friendly_name"": ""auto-banheiro""}"
2025-07-12T12:06:50.508386,automation.auto_banheiro,on,on,"{""id"": ""1747870075916"", ""last_triggered"": ""2025-07-12T15:06:50.500731+00:00"", ""mode"": ""single"", ""current"": 0, ""friendly_name"": ""auto-banheiro""}"
2025-07-12T12:06:55.505667,automation.auto_banheiro,on,on,"{""id"": ""1747870075916"", ""last_triggered"": ""2025-07-12T15:06:55.500866+00:00"", ""mode"": ""single"", ""current"": 1, ""friendly_name"": ""auto-banheiro""}"
2025-07-12T12:06:55.507629,automation.auto_banheiro,on,on,"{""id"": ""1747870075916"", ""last_triggered"": ""2025-07-12T15:06:55.500866+00:00"", ""mode"": ""single"", ""current"": 0, ""friendly_name"": ""auto-banheiro""}"
2025-07-12T12:07:00.505999,automation.auto_banheiro,on,on,"{""id"": ""1747870075916"", ""last_triggered"": ""2025-07-12T15:07:00.501045+00:00"", ""mode"": ""single"", ""current"": 1, ""friendly_name"": ""auto-banheiro""}"
2025-07-12T12:07:00.508793,automation.auto_banheiro,on,on,"{""id"": ""1747870075916"", ""last_triggered"": ""2025-07-12T15:07:00.501045+00:00"", ""mode"": ""single"", ""current"": 0, ""friendly_name"": ""auto-banheiro""}"
2025-07-12T12:07:05.505166,automation.auto_banheiro,on,on,"{""id"": ""1747870075916"", ""last_triggered"": ""2025-07-12T15:07:05.500223+00:00"", ""mode"": ""single"", ""current"": 1, ""friendly_name"": ""auto-banheiro""}"
2025-07-12T12:07:05.512616,automation.auto_banheiro,on,on,"{""id"": ""1747870075916"", ""last_triggered"": ""2025-07-12T15:07:05.500223+00:00"", ""mode"": ""single"", ""current"": 0, ""friendly_name"": ""auto-banheiro""}"
2025-07-12T12:07:10.119615,automation.aut_status_bruno,on,on,"{""id"": ""1751855857509"", ""last_triggered"": ""2025-07-12T15:07:10.108608+00:00"", ""mode"": ""single"", ""current"": 1, ""friendly_name"": ""aut-status-bruno""}"
2025-07-12T12:07:10.121517,automation.aut_status_bruno,on,on,"{""id"": ""1751855857509"", ""last_triggered"": ""2025-07-12T15:07:10.108608+00:00"", ""mode"": ""single"", ""current"": 0, ""friendly_name"": ""aut-status-bruno""}"
2025-07-12T12:07:10.260238,automation.aut_lampada_quarto,on,on,"{""id"": ""1746067262247"", ""last_triggered"": ""2025-07-12T15:07:10.254877+00:00"", ""mode"": ""single"", ""current"": 1, ""friendly_name"": ""aut-quarto""}"
2025-07-12T12:07:10.262548,automation.aut_lampada_quarto,on,on,"{""id"": ""1746067262247"", ""last_triggered"": ""2025-07-12T15:07:10.254877+00:00"", ""mode"": ""single"", ""current"": 0, ""friendly_name"": ""aut-quarto""}"
2025-07-12T12:07:10.511816,automation.auto_banheiro,on,on,"{""id"": ""1747870075916"", ""last_triggered"": ""2025-07-12T15:07:10.501253+00:00"", ""mode"": ""single"", ""current"": 1, ""friendly_name"": ""auto-banheiro""}"
2025-07-12T12:07:10.514849,automation.auto_banheiro,on,on,"{""id"": ""1747870075916"", ""last_triggered"": ""2025-07-12T15:07:10.501253+00:00"", ""mode"": ""single"", ""current"": 0, ""friendly_name"": ""auto-banheiro""}"
2025-07-12T12:07:10.623414,sensor.arris_tg1692a_router_download_speed,0.0026471473217683,0.00407220721244137,"{""state_class"": ""measurement"", ""unit_of_measurement"": ""Mbit/s"", ""device_class"": ""data_rate"", ""friendly_name"": ""ARRIS TG1692A Router Download speed""}"
2025-07-12T12:07:10.627074,sensor.arris_tg1692a_router_upload_speed,0.00411778472275068,0.0025730291004418,"{""state_class"": ""measurement"", ""unit_of_measurement"": ""Mbit/s"", ""device_class"": ""data_rate"", ""friendly_name"": ""ARRIS TG1692A Router Upload speed""}"
2025-07-12T12:07:15.513933,automation.auto_banheiro,on,on,"{""id"": ""1747870075916"", ""last_triggered"": ""2025-07-12T15:07:15.500837+00:00"", ""mode"": ""single"", ""current"": 1, ""friendly_name"": ""auto-banheiro""}"
2025-07-12T12:07:15.517008,automation.auto_banheiro,on,on,"{""id"": ""1747870075916"", ""last_triggered"": ""2025-07-12T15:07:15.500837+00:00"", ""mode"": ""single"", ""current"": 0, ""friendly_name"": ""auto-banheiro""}"
2025-07-12T12:07:20.508379,automation.auto_banheiro,on,on,"{""id"": ""1747870075916"", ""last_triggered"": ""2025-07-12T15:07:20.500494+00:00"", ""mode"": ""single"", ""current"": 1, ""friendly_name"": ""auto-banheiro""}"
2025-07-12T12:07:20.511112,automation.auto_banheiro,on,on,"{""id"": ""1747870075916"", ""last_triggered"": ""2025-07-12T15:07:20.500494+00:00"", ""mode"": ""single"", ""current"": 0, ""friendly_name"": ""auto-banheiro""}"
2025-07-12T12:07:25.508067,automation.auto_banheiro,on,on,"{""id"": ""1747870075916"", ""last_triggered"": ""2025-07-12T15:07:25.502744+00:00"", ""mode"": ""single"", ""current"": 1, ""friendly_name"": ""auto-banheiro""}"
2025-07-12T12:07:25.510016,automation.auto_banheiro,on,on,"{""id"": ""1747870075916"", ""last_triggered"": ""2025-07-12T15:07:25.502744+00:00"", ""mode"": ""single"", ""current"": 0, ""friendly_name"": ""auto-banheiro""}"
2025-07-12T12:07:30.506880,automation.auto_banheiro,on,on,"{""id"": ""1747870075916"", ""last_triggered"": ""2025-07-12T15:07:30.500443+00:00"", ""mode"": ""single"", ""current"": 1, ""friendly_name"": ""auto-banheiro""}"
2025-07-12T12:07:30.508602,automation.auto_banheiro,on,on,"{""id"": ""1747870075916"", ""last_triggered"": ""2025-07-12T15:07:30.500443+00:00"", ""mode"": ""single"", ""current"": 0, ""friendly_name"": ""auto-banheiro""}"
2025-07-12T12:07:35.512872,automation.auto_banheiro,on,on,"{""id"": ""1747870075916"", ""last_triggered"": ""2025-07-12T15:07:35.501639+00:00"", ""mode"": ""single"", ""current"": 1, ""friendly_name"": ""auto-banheiro""}"
2025-07-12T12:07:35.515229,automation.auto_banheiro,on,on,"{""id"": ""1747870075916"", ""last_triggered"": ""2025-07-12T15:07:35.501639+00:00"", ""mode"": ""single"", ""current"": 0, ""friendly_name"": ""auto-banheiro""}"
2025-07-12T12:07:40.504974,automation.auto_banheiro,on,on,"{""id"": ""1747870075916"", ""last_triggered"": ""2025-07-12T15:07:40.500086+00:00"", ""mode"": ""single"", ""current"": 1, ""friendly_name"": ""auto-banheiro""}"
2025-07-12T12:07:40.506643,automation.auto_banheiro,on,on,"{""id"": ""1747870075916"", ""last_triggered"": ""2025-07-12T15:07:40.500086+00:00"", ""mode"": ""single"", ""current"": 0, ""friendly_name"": ""auto-banheiro""}"
2025-07-12T12:07:40.615600,sensor.arris_tg1692a_router_download_speed,0.00407220721244137,0.00294858807878533,"{""state_class"": ""measurement"", ""unit_of_measurement"": ""Mbit/s"", ""device_class"": ""data_rate"", ""friendly_name"": ""ARRIS TG1692A Router Download speed""}"
2025-07-12T12:07:40.617186,sensor.arris_tg1692a_router_upload_speed,0.0025730291004418,0.00430434658403491,"{""state_class"": ""measurement"", ""unit_of_measurement"": ""Mbit/s"", ""device_class"": ""data_rate"", ""friendly_name"": ""ARRIS TG1692A Router Upload speed""}"
2025-07-12T12:07:42.011942,sun.sun,above_horizon,above_horizon,"{""next_dawn"": ""2025-07-13T08:34:17.857562+00:00"", ""next_dusk"": ""2025-07-12T20:45:20.313231+00:00"", ""next_midnight"": ""2025-07-13T02:39:54+00:00"", ""next_noon"": ""2025-07-13T14:39:50+00:00"", ""next_rising"": ""2025-07-13T08:57:32.537391+00:00"", ""next_setting"": ""2025-07-12T20:22:04.562792+00:00"", ""elevation"": 54.47, ""azimuth"": 348.82, ""rising"": false, ""friendly_name"": ""Sun""}"
2025-07-12T12:07:45.510021,automation.auto_banheiro,on,on,"{""id"": ""1747870075916"", ""last_triggered"": ""2025-07-12T15:07:45.500051+00:00"", ""mode"": ""single"", ""current"": 1, ""friendly_name"": ""auto-banheiro""}"
2025-07-12T12:07:45.511758,automation.auto_banheiro,on,on,"{""id"": ""1747870075916"", ""last_triggered"": ""2025-07-12T15:07:45.500051+00:00"", ""mode"": ""single"", ""current"": 0, ""friendly_name"": ""auto-banheiro""}"
2025-07-12T12:07:50.505142,automation.auto_banheiro,on,on,"{""id"": ""1747870075916"", ""last_triggered"": ""2025-07-12T15:07:50.500404+00:00"", ""mode"": ""single"", ""current"": 1, ""friendly_name"": ""auto-banheiro""}"
2025-07-12T12:07:50.506717,automation.auto_banheiro,on,on,"{""id"": ""1747870075916"", ""last_triggered"": ""2025-07-12T15:07:50.500404+00:00"", ""mode"": ""single"", ""current"": 0, ""friendly_name"": ""auto-banheiro""}"
2025-07-12T12:07:55.505582,automation.auto_banheiro,on,on,"{""id"": ""1747870075916"", ""last_triggered"": ""2025-07-12T15:07:55.500377+00:00"", ""mode"": ""single"", ""current"": 1, ""friendly_name"": ""auto-banheiro""}"
2025-07-12T12:07:55.507583,automation.auto_banheiro,on,on,"{""id"": ""1747870075916"", ""last_triggered"": ""2025-07-12T15:07:55.500377+00:00"", ""mode"": ""single"", ""current"": 0, ""friendly_name"": ""auto-banheiro""}"
2025-07-12T12:08:00.507262,automation.auto_banheiro,on,on,"{""id"": ""1747870075916"", ""last_triggered"": ""2025-07-12T15:08:00.500621+00:00"", ""mode"": ""single"", ""current"": 1, ""friendly_name"": ""auto-banheiro""}"
2025-07-12T12:08:00.509170,automation.auto_banheiro,on,on,"{""id"": ""1747870075916"", ""last_triggered"": ""2025-07-12T15:08:00.500621+00:00"", ""mode"": ""single"", ""current"": 0, ""friendly_name"": ""auto-banheiro""}"
2025-07-12T12:08:05.514406,automation.auto_banheiro,on,on,"{""id"": ""1747870075916"", ""last_triggered"": ""2025-07-12T15:08:05.501637+00:00"", ""mode"": ""single"", ""current"": 1, ""friendly_name"": ""auto-banheiro""}"
2025-07-12T12:08:05.518393,automation.auto_banheiro,on,on,"{""id"": ""1747870075916"", ""last_triggered"": ""2025-07-12T15:08:05.501637+00:00"", ""mode"": ""single"", ""current"": 0, ""friendly_name"": ""auto-banheiro""}"
2025-07-12T12:08:10.115377,automation.aut_status_bruno,on,on,"{""id"": ""1751855857509"", ""last_triggered"": ""2025-07-12T15:08:10.107712+00:00"", ""mode"": ""single"", ""current"": 1, ""friendly_name"": ""aut-status-bruno""}"
2025-07-12T12:08:10.117987,automation.aut_status_bruno,on,on,"{""id"": ""1751855857509"", ""last_triggered"": ""2025-07-12T15:08:10.107712+00:00"", ""mode"": ""single"", ""current"": 0, ""friendly_name"": ""aut-status-bruno""}"
2025-07-12T12:08:10.260107,automation.aut_lampada_quarto,on,on,"{""id"": ""1746067262247"", ""last_triggered"": ""2025-07-12T15:08:10.254875+00:00"", ""mode"": ""single"", ""current"": 1, ""friendly_name"": ""aut-quarto""}"
2025-07-12T12:08:10.261942,automation.aut_lampada_quarto,on,on,"{""id"": ""1746067262247"", ""last_triggered"": ""2025-07-12T15:08:10.254875+00:00"", ""mode"": ""single"", ""current"": 0, ""friendly_name"": ""aut-quarto""}"
2025-07-12T12:08:10.506232,automation.auto_banheiro,on,on,"{""id"": ""1747870075916"", ""last_triggered"": ""2025-07-12T15:08:10.501017+00:00"", ""mode"": ""single"", ""current"": 1, ""friendly_name"": ""auto-banheiro""}"
2025-07-12T12:08:10.508238,automation.auto_banheiro,on,on,"{""id"": ""1747870075916"", ""last_triggered"": ""2025-07-12T15:08:10.501017+00:00"", ""mode"": ""single"", ""current"": 0, ""friendly_name"": ""auto-banheiro""}"
2025-07-12T12:08:10.616462,sensor.arris_tg1692a_router_download_speed,0.00294858807878533,0.0027133238366999,"{""state_class"": ""measurement"", ""unit_of_measurement"": ""Mbit/s"", ""device_class"": ""data_rate"", ""friendly_name"": ""ARRIS TG1692A Router Download speed""}"
2025-07-12T12:08:10.618473,sensor.arris_tg1692a_router_upload_speed,0.00430434658403491,0.00185839349562277,"{""state_class"": ""measurement"", ""unit_of_measurement"": ""Mbit/s"", ""device_class"": ""data_rate"", ""friendly_name"": ""ARRIS TG1692A Router Upload speed""}"
2025-07-12T12:08:15.505351,automation.auto_banheiro,on,on,"{""id"": ""1747870075916"", ""last_triggered"": ""2025-07-12T15:08:15.499952+00:00"", ""mode"": ""single"", ""current"": 1, ""friendly_name"": ""auto-banheiro""}"
2025-07-12T12:08:15.507675,automation.auto_banheiro,on,on,"{""id"": ""1747870075916"", ""last_triggered"": ""2025-07-12T15:08:15.499952+00:00"", ""mode"": ""single"", ""current"": 0, ""friendly_name"": ""auto-banheiro""}"
2025-07-12T12:08:20.512240,automation.auto_banheiro,on,on,"{""id"": ""1747870075916"", ""last_triggered"": ""2025-07-12T15:08:20.500909+00:00"", ""mode"": ""single"", ""current"": 1, ""friendly_name"": ""auto-banheiro""}"
2025-07-12T12:08:20.515752,automation.auto_banheiro,on,on,"{""id"": ""1747870075916"", ""last_triggered"": ""2025-07-12T15:08:20.500909+00:00"", ""mode"": ""single"", ""current"": 0, ""friendly_name"": ""auto-banheiro""}"
2025-07-12T12:08:25.505725,automation.auto_banheiro,on,on,"{""id"": ""1747870075916"", ""last_triggered"": ""2025-07-12T15:08:25.500604+00:00"", ""mode"": ""single"", ""current"": 1, ""friendly_name"": ""auto-banheiro""}"
2025-07-12T12:08:25.507738,automation.auto_banheiro,on,on,"{""id"": ""1747870075916"", ""last_triggered"": ""2025-07-12T15:08:25.500604+00:00"", ""mode"": ""single"", ""current"": 0, ""friendly_name"": ""auto-banheiro""}"
2025-07-12T12:08:30.510692,automation.auto_banheiro,on,on,"{""id"": ""1747870075916"", ""last_triggered"": ""2025-07-12T15:08:30.501350+00:00"", ""mode"": ""single"", ""current"": 1, ""friendly_name"": ""auto-banheiro""}"
2025-07-12T12:08:30.512726,automation.auto_banheiro,on,on,"{""id"": ""1747870075916"", ""last_triggered"": ""2025-07-12T15:08:30.501350+00:00"", ""mode"": ""single"", ""current"": 0, ""friendly_name"": ""auto-banheiro""}"
2025-07-12T12:08:35.508452,automation.auto_banheiro,on,on,"{""id"": ""1747870075916"", ""last_triggered"": ""2025-07-12T15:08:35.500426+00:00"", ""mode"": ""single"", ""current"": 1, ""friendly_name"": ""auto-banheiro""}"
2025-07-12T12:08:35.515274,automation.auto_banheiro,on,on,"{""id"": ""1747870075916"", ""last_triggered"": ""2025-07-12T15:08:35.500426+00:00"", ""mode"": ""single"", ""current"": 0, ""friendly_name"": ""auto-banheiro""}"
2025-07-12T12:08:40.505893,automation.auto_banheiro,on,on,"{""id"": ""1747870075916"", ""last_triggered"": ""2025-07-12T15:08:40.501128+00:00"", ""mode"": ""single"", ""current"": 1, ""friendly_name"": ""auto-banheiro""}"
2025-07-12T12:08:40.507695,automation.auto_banheiro,on,on,"{""id"": ""1747870075916"", ""last_triggered"": ""2025-07-12T15:08:40.501128+00:00"", ""mode"": ""single"", ""current"": 0, ""friendly_name"": ""auto-banheiro""}"
2025-07-12T12:08:40.613815,sensor.arris_tg1692a_router_download_speed,0.0027133238366999,0.00371014335072038,"{""state_class"": ""measurement"", ""unit_of_measurement"": ""Mbit/s"", ""device_class"": ""data_rate"", ""friendly_name"": ""ARRIS TG1692A Router Download speed""}"
2025-07-12T12:08:40.615534,sensor.arris_tg1692a_router_upload_speed,0.00185839349562277,0.00220693929206942,"{""state_class"": ""measurement"", ""unit_of_measurement"": ""Mbit/s"", ""device_class"": ""data_rate"", ""friendly_name"": ""ARRIS TG1692A Router Upload speed""}"
2025-07-12T12:08:45.296562,sensor.tauntaum_energy,211.487,211.497,"{""state_class"": ""total_increasing"", ""unit_of_measurement"": ""kWh"", ""device_class"": ""energy"", ""friendly_name"": ""Tauntaum Energy""}"
2025-07-12T12:08:45.298459,sensor.tauntaum_power,34,34,"{""state_class"": ""measurement"", ""power_consumption_start"": ""2025-07-12T14:52:00Z"", ""power_consumption_end"": ""2025-07-12T15:08:45Z"", ""unit_of_measurement"": ""W"", ""device_class"": ""power"", ""friendly_name"": ""Tauntaum Power""}"
2025-07-12T12:08:45.300004,sensor.tauntaum_energy_difference,0.009,0.01,"{""state_class"": ""total"", ""unit_of_measurement"": ""kWh"", ""device_class"": ""energy"", ""friendly_name"": ""Tauntaum Energy difference""}"
2025-07-12T12:08:45.301461,sensor.tauntaum_power_energy,0.00913107222318649,0.00949265833351347,"{""state_class"": ""total"", ""unit_of_measurement"": ""kWh"", ""device_class"": ""energy"", ""friendly_name"": ""Tauntaum Power energy""}"
2025-07-12T12:08:45.507729,automation.auto_banheiro,on,on,"{""id"": ""1747870075916"", ""last_triggered"": ""2025-07-12T15:08:45.500008+00:00"", ""mode"": ""single"", ""current"": 1, ""friendly_name"": ""auto-banheiro""}"
2025-07-12T12:08:45.510951,automation.auto_banheiro,on,on,"{""id"": ""1747870075916"", ""last_triggered"": ""2025-07-12T15:08:45.500008+00:00"", ""mode"": ""single"", ""current"": 0, ""friendly_name"": ""auto-banheiro""}"
2025-07-12T12:08:50.515243,automation.auto_banheiro,on,on,"{""id"": ""1747870075916"", ""last_triggered"": ""2025-07-12T15:08:50.500767+00:00"", ""mode"": ""single"", ""current"": 1, ""friendly_name"": ""auto-banheiro""}"
2025-07-12T12:08:50.519260,automation.auto_banheiro,on,on,"{""id"": ""1747870075916"", ""last_triggered"": ""2025-07-12T15:08:50.500767+00:00"", ""mode"": ""single"", ""current"": 0, ""friendly_name"": ""auto-banheiro""}"
2025-07-12T12:08:55.505176,automation.auto_banheiro,on,on,"{""id"": ""1747870075916"", ""last_triggered"": ""2025-07-12T15:08:55.500423+00:00"", ""mode"": ""single"", ""current"": 1, ""friendly_name"": ""auto-banheiro""}"
2025-07-12T12:08:55.506798,automation.auto_banheiro,on,on,"{""id"": ""1747870075916"", ""last_triggered"": ""2025-07-12T15:08:55.500423+00:00"", ""mode"": ""single"", ""current"": 0, ""friendly_name"": ""auto-banheiro""}"
2025-07-12T12:09:00.505258,automation.auto_banheiro,on,on,"{""id"": ""1747870075916"", ""last_triggered"": ""2025-07-12T15:09:00.500162+00:00"", ""mode"": ""single"", ""current"": 1, ""friendly_name"": ""auto-banheiro""}"
2025-07-12T12:09:00.506904,automation.auto_banheiro,on,on,"{""id"": ""1747870075916"", ""last_triggered"": ""2025-07-12T15:09:00.500162+00:00"", ""mode"": ""single"", ""current"": 0, ""friendly_name"": ""auto-banheiro""}"
2025-07-12T12:09:05.575694,automation.auto_banheiro,on,on,"{""id"": ""1747870075916"", ""last_triggered"": ""2025-07-12T15:09:05.500592+00:00"", ""mode"": ""single"", ""current"": 1, ""friendly_name"": ""auto-banheiro""}"
2025-07-12T12:09:05.578742,automation.auto_banheiro,on,on,"{""id"": ""1747870075916"", ""last_triggered"": ""2025-07-12T15:09:05.500592+00:00"", ""mode"": ""single"", ""current"": 0, ""friendly_name"": ""auto-banheiro""}"
2025-07-12T12:09:10.115035,automation.aut_status_bruno,on,on,"{""id"": ""1751855857509"", ""last_triggered"": ""2025-07-12T15:09:10.108411+00:00"", ""mode"": ""single"", ""current"": 1, ""friendly_name"": ""aut-status-bruno""}"
2025-07-12T12:09:10.117388,automation.aut_status_bruno,on,on,"{""id"": ""1751855857509"", ""last_triggered"": ""2025-07-12T15:09:10.108411+00:00"", ""mode"": ""single"", ""current"": 0, ""friendly_name"": ""aut-status-bruno""}"
2025-07-12T12:09:10.259771,automation.aut_lampada_quarto,on,on,"{""id"": ""1746067262247"", ""last_triggered"": ""2025-07-12T15:09:10.254668+00:00"", ""mode"": ""single"", ""current"": 1, ""friendly_name"": ""aut-quarto""}"
2025-07-12T12:09:10.261506,automation.aut_lampada_quarto,on,on,"{""id"": ""1746067262247"", ""last_triggered"": ""2025-07-12T15:09:10.254668+00:00"", ""mode"": ""single"", ""current"": 0, ""friendly_name"": ""aut-quarto""}"
2025-07-12T12:09:10.505312,automation.auto_banheiro,on,on,"{""id"": ""1747870075916"", ""last_triggered"": ""2025-07-12T15:09:10.500389+00:00"", ""mode"": ""single"", ""current"": 1, ""friendly_name"": ""auto-banheiro""}"
2025-07-12T12:09:10.507208,automation.auto_banheiro,on,on,"{""id"": ""1747870075916"", ""last_triggered"": ""2025-07-12T15:09:10.500389+00:00"", ""mode"": ""single"", ""current"": 0, ""friendly_name"": ""auto-banheiro""}"
2025-07-12T12:09:10.620728,sensor.arris_tg1692a_router_download_speed,0.00371014335072038,0.0119445085539913,"{""state_class"": ""measurement"", ""unit_of_measurement"": ""Mbit/s"", ""device_class"": ""data_rate"", ""friendly_name"": ""ARRIS TG1692A Router Download speed""}"
2025-07-12T12:09:10.624458,sensor.arris_tg1692a_router_upload_speed,0.00220693929206942,0.00907284528924161,"{""state_class"": ""measurement"", ""unit_of_measurement"": ""Mbit/s"", ""device_class"": ""data_rate"", ""friendly_name"": ""ARRIS TG1692A Router Upload speed""}"
2025-07-12T12:09:15.510073,automation.auto_banheiro,on,on,"{""id"": ""1747870075916"", ""last_triggered"": ""2025-07-12T15:09:15.500726+00:00"", ""mode"": ""single"", ""current"": 1, ""friendly_name"": ""auto-banheiro""}"
2025-07-12T12:09:15.512964,automation.auto_banheiro,on,on,"{""id"": ""1747870075916"", ""last_triggered"": ""2025-07-12T15:09:15.500726+00:00"", ""mode"": ""single"", ""current"": 0, ""friendly_name"": ""auto-banheiro""}"
2025-07-12T12:09:20.506339,automation.auto_banheiro,on,on,"{""id"": ""1747870075916"", ""last_triggered"": ""2025-07-12T15:09:20.501528+00:00"", ""mode"": ""single"", ""current"": 1, ""friendly_name"": ""auto-banheiro""}"
2025-07-12T12:09:20.508278,automation.auto_banheiro,on,on,"{""id"": ""1747870075916"", ""last_triggered"": ""2025-07-12T15:09:20.501528+00:00"", ""mode"": ""single"", ""current"": 0, ""friendly_name"": ""auto-banheiro""}"
2025-07-12T12:09:25.164739,camera.192_168_0_33,idle,idle,"{""access_token"": ""e53c355d808c72e53f08f64aca09d00e4de7ac6a9c4d9dff4c4bd979f6f0bef1"", ""entity_picture"": ""/api/camera_proxy/camera.192_168_0_33?token=e53c355d808c72e53f08f64aca09d00e4de7ac6a9c4d9dff4c4bd979f6f0bef1"", ""friendly_name"": ""192_168_0_14"", ""supported_features"": 2}"
2025-07-12T12:09:25.166540,camera.admin_mainstream,idle,idle,"{""access_token"": ""8f34b74d3aec41092a4423d8f37e0a4fa5e22503d185aa7ff60de8f2a9b0142f"", ""entity_picture"": ""/api/camera_proxy/camera.admin_mainstream?token=8f34b74d3aec41092a4423d8f37e0a4fa5e22503d185aa7ff60de8f2a9b0142f"", ""friendly_name"": ""admin MainStream"", ""supported_features"": 2}"
2025-07-12T12:09:25.168282,camera.admin_substream,idle,idle,"{""access_token"": ""f5265925049a0eccf9786ef4954635d8cc1fc52c8fa218d2442a51dadacfe628"", ""entity_picture"": ""/api/camera_proxy/camera.admin_substream?token=f5265925049a0eccf9786ef4954635d8cc1fc52c8fa218d2442a51dadacfe628"", ""friendly_name"": ""admin SubStream"", ""supported_features"": 2}"
2025-07-12T12:09:25.507092,automation.auto_banheiro,on,on,"{""id"": ""1747870075916"", ""last_triggered"": ""2025-07-12T15:09:25.500366+00:00"", ""mode"": ""single"", ""current"": 1, ""friendly_name"": ""auto-banheiro""}"
2025-07-12T12:09:25.509226,automation.auto_banheiro,on,on,"{""id"": ""1747870075916"", ""last_triggered"": ""2025-07-12T15:09:25.500366+00:00"", ""mode"": ""single"", ""current"": 0, ""friendly_name"": ""auto-banheiro""}"
2025-07-12T12:09:30.505340,automation.auto_banheiro,on,on,"{""id"": ""1747870075916"", ""last_triggered"": ""2025-07-12T15:09:30.500611+00:00"", ""mode"": ""single"", ""current"": 1, ""friendly_name"": ""auto-banheiro""}"
2025-07-12T12:09:30.507918,automation.auto_banheiro,on,on,"{""id"": ""1747870075916"", ""last_triggered"": ""2025-07-12T15:09:30.500611+00:00"", ""mode"": ""single"", ""current"": 0, ""friendly_name"": ""auto-banheiro""}"
2025-07-12T12:09:35.509290,automation.auto_banheiro,on,on,"{""id"": ""1747870075916"", ""last_triggered"": ""2025-07-12T15:09:35.501767+00:00"", ""mode"": ""single"", ""current"": 1, ""friendly_name"": ""auto-banheiro""}"
2025-07-12T12:09:35.510942,automation.auto_banheiro,on,on,"{""id"": ""1747870075916"", ""last_triggered"": ""2025-07-12T15:09:35.501767+00:00"", ""mode"": ""single"", ""current"": 0, ""friendly_name"": ""auto-banheiro""}"
2025-07-12T12:09:40.508128,automation.auto_banheiro,on,on,"{""id"": ""1747870075916"", ""last_triggered"": ""2025-07-12T15:09:40.500822+00:00"", ""mode"": ""single"", ""current"": 1, ""friendly_name"": ""auto-banheiro""}"
2025-07-12T12:09:40.509649,automation.auto_banheiro,on,on,"{""id"": ""1747870075916"", ""last_triggered"": ""2025-07-12T15:09:40.500822+00:00"", ""mode"": ""single"", ""current"": 0, ""friendly_name"": ""auto-banheiro""}"
2025-07-12T12:09:40.621771,sensor.arris_tg1692a_router_download_speed,0.0119445085539913,0.00537371141495,"{""state_class"": ""measurement"", ""unit_of_measurement"": ""Mbit/s"", ""device_class"": ""data_rate"", ""friendly_name"": ""ARRIS TG1692A Router Download speed""}"
2025-07-12T12:09:40.623490,sensor.arris_tg1692a_router_upload_speed,0.00907284528924161,0.00227098041832734,"{""state_class"": ""measurement"", ""unit_of_measurement"": ""Mbit/s"", ""device_class"": ""data_rate"", ""friendly_name"": ""ARRIS TG1692A Router Upload speed""}"
2025-07-12T12:09:45.507753,automation.auto_banheiro,on,on,"{""id"": ""1747870075916"", ""last_triggered"": ""2025-07-12T15:09:45.499950+00:00"", ""mode"": ""single"", ""current"": 1, ""friendly_name"": ""auto-banheiro""}"
2025-07-12T12:09:45.509831,automation.auto_banheiro,on,on,"{""id"": ""1747870075916"", ""last_triggered"": ""2025-07-12T15:09:45.499950+00:00"", ""mode"": ""single"", ""current"": 0, ""friendly_name"": ""auto-banheiro""}"
2025-07-12T12:09:50.512914,automation.auto_banheiro,on,on,"{""id"": ""1747870075916"", ""last_triggered"": ""2025-07-12T15:09:50.500954+00:00"", ""mode"": ""single"", ""current"": 1, ""friendly_name"": ""auto-banheiro""}"
2025-07-12T12:09:50.517142,automation.auto_banheiro,on,on,"{""id"": ""1747870075916"", ""last_triggered"": ""2025-07-12T15:09:50.500954+00:00"", ""mode"": ""single"", ""current"": 0, ""friendly_name"": ""auto-banheiro""}"
2025-07-12T12:09:55.506056,automation.auto_banheiro,on,on,"{""id"": ""1747870075916"", ""last_triggered"": ""2025-07-12T15:09:55.501117+00:00"", ""mode"": ""single"", ""current"": 1, ""friendly_name"": ""auto-banheiro""}"
2025-07-12T12:09:55.507881,automation.auto_banheiro,on,on,"{""id"": ""1747870075916"", ""last_triggered"": ""2025-07-12T15:09:55.501117+00:00"", ""mode"": ""single"", ""current"": 0, ""friendly_name"": ""auto-banheiro""}"
2025-07-12T12:10:00.508584,automation.auto_banheiro,on,on,"{""id"": ""1747870075916"", ""last_triggered"": ""2025-07-12T15:10:00.500188+00:00"", ""mode"": ""single"", ""current"": 1, ""friendly_name"": ""auto-banheiro""}"
2025-07-12T12:10:00.512003,automation.automacao_cortina,on,on,"{""id"": ""1747703519499"", ""last_triggered"": ""2025-07-12T15:10:00.502914+00:00"", ""mode"": ""single"", ""current"": 1, ""friendly_name"": ""automacao-cortina""}"
2025-07-12T12:10:00.513568,automation.auto_banheiro,on,on,"{""id"": ""1747870075916"", ""last_triggered"": ""2025-07-12T15:10:00.500188+00:00"", ""mode"": ""single"", ""current"": 0, ""friendly_name"": ""auto-banheiro""}"
2025-07-12T12:10:00.515005,automation.automacao_cortina,on,on,"{""id"": ""1747703519499"", ""last_triggered"": ""2025-07-12T15:10:00.502914+00:00"", ""mode"": ""single"", ""current"": 0, ""friendly_name"": ""automacao-cortina""}"
2025-07-12T12:10:05.504967,automation.auto_banheiro,on,on,"{""id"": ""1747870075916"", ""last_triggered"": ""2025-07-12T15:10:05.500072+00:00"", ""mode"": ""single"", ""current"": 1, ""friendly_name"": ""auto-banheiro""}"
2025-07-12T12:10:05.506585,automation.auto_banheiro,on,on,"{""id"": ""1747870075916"", ""last_triggered"": ""2025-07-12T15:10:05.500072+00:00"", ""mode"": ""single"", ""current"": 0, ""friendly_name"": ""auto-banheiro""}"
2025-07-12T12:10:10.118596,automation.aut_status_bruno,on,on,"{""id"": ""1751855857509"", ""last_triggered"": ""2025-07-12T15:10:10.108181+00:00"", ""mode"": ""single"", ""current"": 1, ""friendly_name"": ""aut-status-bruno""}"
2025-07-12T12:10:10.120820,automation.aut_status_bruno,on,on,"{""id"": ""1751855857509"", ""last_triggered"": ""2025-07-12T15:10:10.108181+00:00"", ""mode"": ""single"", ""current"": 0, ""friendly_name"": ""aut-status-bruno""}"
2025-07-12T12:10:10.258678,automation.aut_lampada_quarto,on,on,"{""id"": ""1746067262247"", ""last_triggered"": ""2025-07-12T15:10:10.254709+00:00"", ""mode"": ""single"", ""current"": 1, ""friendly_name"": ""aut-quarto""}"
2025-07-12T12:10:10.260259,automation.aut_lampada_quarto,on,on,"{""id"": ""1746067262247"", ""last_triggered"": ""2025-07-12T15:10:10.254709+00:00"", ""mode"": ""single"", ""current"": 0, ""friendly_name"": ""aut-quarto""}"
2025-07-12T12:10:10.506189,automation.auto_banheiro,on,on,"{""id"": ""1747870075916"", ""last_triggered"": ""2025-07-12T15:10:10.501408+00:00"", ""mode"": ""single"", ""current"": 1, ""friendly_name"": ""auto-banheiro""}"
2025-07-12T12:10:10.507912,automation.auto_banheiro,on,on,"{""id"": ""1747870075916"", ""last_triggered"": ""2025-07-12T15:10:10.501408+00:00"", ""mode"": ""single"", ""current"": 0, ""friendly_name"": ""auto-banheiro""}"
2025-07-12T12:10:10.618132,sensor.arris_tg1692a_router_download_speed,0.00537371141495,0.00615080608493792,"{""state_class"": ""measurement"", ""unit_of_measurement"": ""Mbit/s"", ""device_class"": ""data_rate"", ""friendly_name"": ""ARRIS TG1692A Router Download speed""}"
2025-07-12T12:10:10.619880,sensor.arris_tg1692a_router_upload_speed,0.00227098041832734,0.00392328892788237,"{""state_class"": ""measurement"", ""unit_of_measurement"": ""Mbit/s"", ""device_class"": ""data_rate"", ""friendly_name"": ""ARRIS TG1692A Router Upload speed""}"
2025-07-12T12:10:15.504882,automation.auto_banheiro,on,on,"{""id"": ""1747870075916"", ""last_triggered"": ""2025-07-12T15:10:15.500110+00:00"", ""mode"": ""single"", ""current"": 1, ""friendly_name"": ""auto-banheiro""}"
2025-07-12T12:10:15.506510,automation.auto_banheiro,on,on,"{""id"": ""1747870075916"", ""last_triggered"": ""2025-07-12T15:10:15.500110+00:00"", ""mode"": ""single"", ""current"": 0, ""friendly_name"": ""auto-banheiro""}"
2025-07-12T12:10:20.508909,automation.auto_banheiro,on,on,"{""id"": ""1747870075916"", ""last_triggered"": ""2025-07-12T15:10:20.501075+00:00"", ""mode"": ""single"", ""current"": 1, ""friendly_name"": ""auto-banheiro""}"
2025-07-12T12:10:20.511426,automation.auto_banheiro,on,on,"{""id"": ""1747870075916"", ""last_triggered"": ""2025-07-12T15:10:20.501075+00:00"", ""mode"": ""single"", ""current"": 0, ""friendly_name"": ""auto-banheiro""}"
2025-07-12T12:10:25.507710,automation.auto_banheiro,on,on,"{""id"": ""1747870075916"", ""last_triggered"": ""2025-07-12T15:10:25.500311+00:00"", ""mode"": ""single"", ""current"": 1, ""friendly_name"": ""auto-banheiro""}"
2025-07-12T12:10:25.509624,automation.auto_banheiro,on,on,"{""id"": ""1747870075916"", ""last_triggered"": ""2025-07-12T15:10:25.500311+00:00"", ""mode"": ""single"", ""current"": 0, ""friendly_name"": ""auto-banheiro""}"
2025-07-12T12:10:30.505485,automation.auto_banheiro,on,on,"{""id"": ""1747870075916"", ""last_triggered"": ""2025-07-12T15:10:30.500638+00:00"", ""mode"": ""single"", ""current"": 1, ""friendly_name"": ""auto-banheiro""}"
2025-07-12T12:10:30.507288,automation.auto_banheiro,on,on,"{""id"": ""1747870075916"", ""last_triggered"": ""2025-07-12T15:10:30.500638+00:00"", ""mode"": ""single"", ""current"": 0, ""friendly_name"": ""auto-banheiro""}"
2025-07-12T12:10:35.512843,automation.auto_banheiro,on,on,"{""id"": ""1747870075916"", ""last_triggered"": ""2025-07-12T15:10:35.500823+00:00"", ""mode"": ""single"", ""current"": 1, ""friendly_name"": ""auto-banheiro""}"
2025-07-12T12:10:35.516455,automation.auto_banheiro,on,on,"{""id"": ""1747870075916"", ""last_triggered"": ""2025-07-12T15:10:35.500823+00:00"", ""mode"": ""single"", ""current"": 0, ""friendly_name"": ""auto-banheiro""}"
2025-07-12T12:10:40.510699,automation.auto_banheiro,on,on,"{""id"": ""1747870075916"", ""last_triggered"": ""2025-07-12T15:10:40.501664+00:00"", ""mode"": ""single"", ""current"": 1, ""friendly_name"": ""auto-banheiro""}"
2025-07-12T12:10:40.512343,automation.auto_banheiro,on,on,"{""id"": ""1747870075916"", ""last_triggered"": ""2025-07-12T15:10:40.501664+00:00"", ""mode"": ""single"", ""current"": 0, ""friendly_name"": ""auto-banheiro""}"
2025-07-12T12:10:40.632895,sensor.arris_tg1692a_router_download_speed,0.00615080608493792,0.00227144720793558,"{""state_class"": ""measurement"", ""unit_of_measurement"": ""Mbit/s"", ""device_class"": ""data_rate"", ""friendly_name"": ""ARRIS TG1692A Router Download speed""}"
2025-07-12T12:10:40.635166,sensor.arris_tg1692a_router_upload_speed,0.00392328892788237,0.00582581675883643,"{""state_class"": ""measurement"", ""unit_of_measurement"": ""Mbit/s"", ""device_class"": ""data_rate"", ""friendly_name"": ""ARRIS TG1692A Router Upload speed""}"
2025-07-12T12:10:45.521107,automation.auto_banheiro,on,on,"{""id"": ""1747870075916"", ""last_triggered"": ""2025-07-12T15:10:45.501276+00:00"", ""mode"": ""single"", ""current"": 1, ""friendly_name"": ""auto-banheiro""}"
2025-07-12T12:10:45.524546,automation.auto_banheiro,on,on,"{""id"": ""1747870075916"", ""last_triggered"": ""2025-07-12T15:10:45.501276+00:00"", ""mode"": ""single"", ""current"": 0, ""friendly_name"": ""auto-banheiro""}"
2025-07-12T12:10:50.504825,automation.auto_banheiro,on,on,"{""id"": ""1747870075916"", ""last_triggered"": ""2025-07-12T15:10:50.499969+00:00"", ""mode"": ""single"", ""current"": 1, ""friendly_name"": ""auto-banheiro""}"
2025-07-12T12:10:50.506441,automation.auto_banheiro,on,on,"{""id"": ""1747870075916"", ""last_triggered"": ""2025-07-12T15:10:50.499969+00:00"", ""mode"": ""single"", ""current"": 0, ""friendly_name"": ""auto-banheiro""}"
2025-07-12T12:10:55.506663,automation.auto_banheiro,on,on,"{""id"": ""1747870075916"", ""last_triggered"": ""2025-07-12T15:10:55.501785+00:00"", ""mode"": ""single"", ""current"": 1, ""friendly_name"": ""auto-banheiro""}"
2025-07-12T12:10:55.508379,automation.auto_banheiro,on,on,"{""id"": ""1747870075916"", ""last_triggered"": ""2025-07-12T15:10:55.501785+00:00"", ""mode"": ""single"", ""current"": 0, ""friendly_name"": ""auto-banheiro""}"
2025-07-12T12:11:00.505063,automation.auto_banheiro,on,on,"{""id"": ""1747870075916"", ""last_triggered"": ""2025-07-12T15:11:00.500247+00:00"", ""mode"": ""single"", ""current"": 1, ""friendly_name"": ""auto-banheiro""}"
2025-07-12T12:11:00.506704,automation.auto_banheiro,on,on,"{""id"": ""1747870075916"", ""last_triggered"": ""2025-07-12T15:11:00.500247+00:00"", ""mode"": ""single"", ""current"": 0, ""friendly_name"": ""auto-banheiro""}"
2025-07-12T12:11:05.506035,automation.auto_banheiro,on,on,"{""id"": ""1747870075916"", ""last_triggered"": ""2025-07-12T15:11:05.500373+00:00"", ""mode"": ""single"", ""current"": 1, ""friendly_name"": ""auto-banheiro""}"
2025-07-12T12:11:05.508040,automation.auto_banheiro,on,on,"{""id"": ""1747870075916"", ""last_triggered"": ""2025-07-12T15:11:05.500373+00:00"", ""mode"": ""single"", ""current"": 0, ""friendly_name"": ""auto-banheiro""}"
2025-07-12T12:11:10.114405,automation.aut_status_bruno,on,on,"{""id"": ""1751855857509"", ""last_triggered"": ""2025-07-12T15:11:10.107936+00:00"", ""mode"": ""single"", ""current"": 1, ""friendly_name"": ""aut-status-bruno""}"
2025-07-12T12:11:10.116716,automation.aut_status_bruno,on,on,"{""id"": ""1751855857509"", ""last_triggered"": ""2025-07-12T15:11:10.107936+00:00"", ""mode"": ""single"", ""current"": 0, ""friendly_name"": ""aut-status-bruno""}"
2025-07-12T12:11:10.260273,automation.aut_lampada_quarto,on,on,"{""id"": ""1746067262247"", ""last_triggered"": ""2025-07-12T15:11:10.256296+00:00"", ""mode"": ""single"", ""current"": 1, ""friendly_name"": ""aut-quarto""}"
2025-07-12T12:11:10.261827,automation.aut_lampada_quarto,on,on,"{""id"": ""1746067262247"", ""last_triggered"": ""2025-07-12T15:11:10.256296+00:00"", ""mode"": ""single"", ""current"": 0, ""friendly_name"": ""aut-quarto""}"
2025-07-12T12:11:10.505938,automation.auto_banheiro,on,on,"{""id"": ""1747870075916"", ""last_triggered"": ""2025-07-12T15:11:10.500313+00:00"", ""mode"": ""single"", ""current"": 1, ""friendly_name"": ""auto-banheiro""}"
2025-07-12T12:11:10.508459,automation.auto_banheiro,on,on,"{""id"": ""1747870075916"", ""last_triggered"": ""2025-07-12T15:11:10.500313+00:00"", ""mode"": ""single"", ""current"": 0, ""friendly_name"": ""auto-banheiro""}"
2025-07-12T12:11:10.618390,sensor.arris_tg1692a_router_download_speed,0.00227144720793558,0.00664476146038353,"{""state_class"": ""measurement"", ""unit_of_measurement"": ""Mbit/s"", ""device_class"": ""data_rate"", ""friendly_name"": ""ARRIS TG1692A Router Download speed""}"
2025-07-12T12:11:10.620076,sensor.arris_tg1692a_router_upload_speed,0.00582581675883643,0.00662369491590282,"{""state_class"": ""measurement"", ""unit_of_measurement"": ""Mbit/s"", ""device_class"": ""data_rate"", ""friendly_name"": ""ARRIS TG1692A Router Upload speed""}"
2025-07-12T12:11:15.507938,automation.auto_banheiro,on,on,"{""id"": ""1747870075916"", ""last_triggered"": ""2025-07-12T15:11:15.500828+00:00"", ""mode"": ""single"", ""current"": 1, ""friendly_name"": ""auto-banheiro""}"
2025-07-12T12:11:15.509613,automation.auto_banheiro,on,on,"{""id"": ""1747870075916"", ""last_triggered"": ""2025-07-12T15:11:15.500828+00:00"", ""mode"": ""single"", ""current"": 0, ""friendly_name"": ""auto-banheiro""}"
2025-07-12T12:11:20.513802,automation.auto_banheiro,on,on,"{""id"": ""1747870075916"", ""last_triggered"": ""2025-07-12T15:11:20.501725+00:00"", ""mode"": ""single"", ""current"": 1, ""friendly_name"": ""auto-banheiro""}"
2025-07-12T12:11:20.517317,automation.auto_banheiro,on,on,"{""id"": ""1747870075916"", ""last_triggered"": ""2025-07-12T15:11:20.501725+00:00"", ""mode"": ""single"", ""current"": 0, ""friendly_name"": ""auto-banheiro""}"
2025-07-12T12:11:25.505223,automation.auto_banheiro,on,on,"{""id"": ""1747870075916"", ""last_triggered"": ""2025-07-12T15:11:25.500321+00:00"", ""mode"": ""single"", ""current"": 1, ""friendly_name"": ""auto-banheiro""}"
2025-07-12T12:11:25.506877,automation.auto_banheiro,on,on,"{""id"": ""1747870075916"", ""last_triggered"": ""2025-07-12T15:11:25.500321+00:00"", ""mode"": ""single"", ""current"": 0, ""friendly_name"": ""auto-banheiro""}"
2025-07-12T12:11:30.513530,automation.auto_banheiro,on,on,"{""id"": ""1747870075916"", ""last_triggered"": ""2025-07-12T15:11:30.501585+00:00"", ""mode"": ""single"", ""current"": 1, ""friendly_name"": ""auto-banheiro""}"
2025-07-12T12:11:30.518843,automation.auto_banheiro,on,on,"{""id"": ""1747870075916"", ""last_triggered"": ""2025-07-12T15:11:30.501585+00:00"", ""mode"": ""single"", ""current"": 0, ""friendly_name"": ""auto-banheiro""}"
2025-07-12T12:11:35.505123,automation.auto_banheiro,on,on,"{""id"": ""1747870075916"", ""last_triggered"": ""2025-07-12T15:11:35.500329+00:00"", ""mode"": ""single"", ""current"": 1, ""friendly_name"": ""auto-banheiro""}"
2025-07-12T12:11:35.506775,automation.auto_banheiro,on,on,"{""id"": ""1747870075916"", ""last_triggered"": ""2025-07-12T15:11:35.500329+00:00"", ""mode"": ""single"", ""current"": 0, ""friendly_name"": ""auto-banheiro""}"
2025-07-12T12:11:40.514644,automation.auto_banheiro,on,on,"{""id"": ""1747870075916"", ""last_triggered"": ""2025-07-12T15:11:40.501050+00:00"", ""mode"": ""single"", ""current"": 1, ""friendly_name"": ""auto-banheiro""}"
2025-07-12T12:11:40.518289,automation.auto_banheiro,on,on,"{""id"": ""1747870075916"", ""last_triggered"": ""2025-07-12T15:11:40.501050+00:00"", ""mode"": ""single"", ""current"": 0, ""friendly_name"": ""auto-banheiro""}"
2025-07-12T12:11:40.621144,sensor.arris_tg1692a_router_download_speed,0.00664476146038353,0.0039133253762384,"{""state_class"": ""measurement"", ""unit_of_measurement"": ""Mbit/s"", ""device_class"": ""data_rate"", ""friendly_name"": ""ARRIS TG1692A Router Download speed""}"
2025-07-12T12:11:40.622819,sensor.arris_tg1692a_router_upload_speed,0.00662369491590282,0.00363492594231725,"{""state_class"": ""measurement"", ""unit_of_measurement"": ""Mbit/s"", ""device_class"": ""data_rate"", ""friendly_name"": ""ARRIS TG1692A Router Upload speed""}"
2025-07-12T12:11:42.012376,sun.sun,above_horizon,above_horizon,"{""next_dawn"": ""2025-07-13T08:34:17.857562+00:00"", ""next_dusk"": ""2025-07-12T20:45:20.313231+00:00"", ""next_midnight"": ""2025-07-13T02:39:54+00:00"", ""next_noon"": ""2025-07-13T14:39:50+00:00"", ""next_rising"": ""2025-07-13T08:57:32.537391+00:00"", ""next_setting"": ""2025-07-12T20:22:04.562792+00:00"", ""elevation"": 54.27, ""azimuth"": 347.26, ""rising"": false, ""friendly_name"": ""Sun""}"
2025-07-12T12:11:45.508292,automation.auto_banheiro,on,on,"{""id"": ""1747870075916"", ""last_triggered"": ""2025-07-12T15:11:45.500576+00:00"", ""mode"": ""single"", ""current"": 1, ""friendly_name"": ""auto-banheiro""}"
2025-07-12T12:11:45.509920,automation.auto_banheiro,on,on,"{""id"": ""1747870075916"", ""last_triggered"": ""2025-07-12T15:11:45.500576+00:00"", ""mode"": ""single"", ""current"": 0, ""friendly_name"": ""auto-banheiro""}"
2025-07-12T12:11:50.514560,automation.auto_banheiro,on,on,"{""id"": ""1747870075916"", ""last_triggered"": ""2025-07-12T15:11:50.501338+00:00"", ""mode"": ""single"", ""current"": 1, ""friendly_name"": ""auto-banheiro""}"
2025-07-12T12:11:50.518481,automation.auto_banheiro,on,on,"{""id"": ""1747870075916"", ""last_triggered"": ""2025-07-12T15:11:50.501338+00:00"", ""mode"": ""single"", ""current"": 0, ""friendly_name"": ""auto-banheiro""}"
2025-07-12T12:11:55.505305,automation.auto_banheiro,on,on,"{""id"": ""1747870075916"", ""last_triggered"": ""2025-07-12T15:11:55.500335+00:00"", ""mode"": ""single"", ""current"": 1, ""friendly_name"": ""auto-banheiro""}"
2025-07-12T12:11:55.506935,automation.auto_banheiro,on,on,"{""id"": ""1747870075916"", ""last_triggered"": ""2025-07-12T15:11:55.500335+00:00"", ""mode"": ""single"", ""current"": 0, ""friendly_name"": ""auto-banheiro""}"
2025-07-12T12:12:00.507643,automation.auto_banheiro,on,on,"{""id"": ""1747870075916"", ""last_triggered"": ""2025-07-12T15:12:00.501686+00:00"", ""mode"": ""single"", ""current"": 1, ""friendly_name"": ""auto-banheiro""}"
2025-07-12T12:12:00.509573,automation.auto_banheiro,on,on,"{""id"": ""1747870075916"", ""last_triggered"": ""2025-07-12T15:12:00.501686+00:00"", ""mode"": ""single"", ""current"": 0, ""friendly_name"": ""auto-banheiro""}"
2025-07-12T12:12:05.508169,automation.auto_banheiro,on,on,"{""id"": ""1747870075916"", ""last_triggered"": ""2025-07-12T15:12:05.501489+00:00"", ""mode"": ""single"", ""current"": 1, ""friendly_name"": ""auto-banheiro""}"
2025-07-12T12:12:05.510003,automation.auto_banheiro,on,on,"{""id"": ""1747870075916"", ""last_triggered"": ""2025-07-12T15:12:05.501489+00:00"", ""mode"": ""single"", ""current"": 0, ""friendly_name"": ""auto-banheiro""}"
2025-07-12T12:12:10.115410,automation.aut_status_bruno,on,on,"{""id"": ""1751855857509"", ""last_triggered"": ""2025-07-12T15:12:10.108225+00:00"", ""mode"": ""single"", ""current"": 1, ""friendly_name"": ""aut-status-bruno""}"
2025-07-12T12:12:10.118706,automation.aut_status_bruno,on,on,"{""id"": ""1751855857509"", ""last_triggered"": ""2025-07-12T15:12:10.108225+00:00"", ""mode"": ""single"", ""current"": 0, ""friendly_name"": ""aut-status-bruno""}"
2025-07-12T12:12:10.258940,automation.aut_lampada_quarto,on,on,"{""id"": ""1746067262247"", ""last_triggered"": ""2025-07-12T15:12:10.254793+00:00"", ""mode"": ""single"", ""current"": 1, ""friendly_name"": ""aut-quarto""}"
2025-07-12T12:12:10.261480,automation.aut_lampada_quarto,on,on,"{""id"": ""1746067262247"", ""last_triggered"": ""2025-07-12T15:12:10.254793+00:00"", ""mode"": ""single"", ""current"": 0, ""friendly_name"": ""aut-quarto""}"
2025-07-12T12:12:10.507244,automation.auto_banheiro,on,on,"{""id"": ""1747870075916"", ""last_triggered"": ""2025-07-12T15:12:10.501777+00:00"", ""mode"": ""single"", ""current"": 1, ""friendly_name"": ""auto-banheiro""}"
2025-07-12T12:12:10.508918,automation.auto_banheiro,on,on,"{""id"": ""1747870075916"", ""last_triggered"": ""2025-07-12T15:12:10.501777+00:00"", ""mode"": ""single"", ""current"": 0, ""friendly_name"": ""auto-banheiro""}"
2025-07-12T12:12:10.625636,sensor.arris_tg1692a_router_download_speed,0.0039133253762384,0.00485529419270734,"{""state_class"": ""measurement"", ""unit_of_measurement"": ""Mbit/s"", ""device_class"": ""data_rate"", ""friendly_name"": ""ARRIS TG1692A Router Download speed""}"
2025-07-12T12:12:10.627202,sensor.arris_tg1692a_router_upload_speed,0.00363492594231725,0.00300859170001231,"{""state_class"": ""measurement"", ""unit_of_measurement"": ""Mbit/s"", ""device_class"": ""data_rate"", ""friendly_name"": ""ARRIS TG1692A Router Upload speed""}"
2025-07-12T12:12:15.508218,automation.auto_banheiro,on,on,"{""id"": ""1747870075916"", ""last_triggered"": ""2025-07-12T15:12:15.500302+00:00"", ""mode"": ""single"", ""current"": 1, ""friendly_name"": ""auto-banheiro""}"
2025-07-12T12:12:15.511075,automation.auto_banheiro,on,on,"{""id"": ""1747870075916"", ""last_triggered"": ""2025-07-12T15:12:15.500302+00:00"", ""mode"": ""single"", ""current"": 0, ""friendly_name"": ""auto-banheiro""}"
2025-07-12T12:12:20.505562,automation.auto_banheiro,on,on,"{""id"": ""1747870075916"", ""last_triggered"": ""2025-07-12T15:12:20.500776+00:00"", ""mode"": ""single"", ""current"": 1, ""friendly_name"": ""auto-banheiro""}"
2025-07-12T12:12:20.507231,automation.auto_banheiro,on,on,"{""id"": ""1747870075916"", ""last_triggered"": ""2025-07-12T15:12:20.500776+00:00"", ""mode"": ""single"", ""current"": 0, ""friendly_name"": ""auto-banheiro""}"
2025-07-12T12:12:25.508664,automation.auto_banheiro,on,on,"{""id"": ""1747870075916"", ""last_triggered"": ""2025-07-12T15:12:25.500613+00:00"", ""mode"": ""single"", ""current"": 1, ""friendly_name"": ""auto-banheiro""}"
2025-07-12T12:12:25.510316,automation.auto_banheiro,on,on,"{""id"": ""1747870075916"", ""last_triggered"": ""2025-07-12T15:12:25.500613+00:00"", ""mode"": ""single"", ""current"": 0, ""friendly_name"": ""auto-banheiro""}"
2025-07-12T12:12:30.506672,automation.auto_banheiro,on,on,"{""id"": ""1747870075916"", ""last_triggered"": ""2025-07-12T15:12:30.501840+00:00"", ""mode"": ""single"", ""current"": 1, ""friendly_name"": ""auto-banheiro""}"
2025-07-12T12:12:30.508370,automation.auto_banheiro,on,on,"{""id"": ""1747870075916"", ""last_triggered"": ""2025-07-12T15:12:30.501840+00:00"", ""mode"": ""single"", ""current"": 0, ""friendly_name"": ""auto-banheiro""}"
2025-07-12T12:12:35.506259,automation.auto_banheiro,on,on,"{""id"": ""1747870075916"", ""last_triggered"": ""2025-07-12T15:12:35.501414+00:00"", ""mode"": ""single"", ""current"": 1, ""friendly_name"": ""auto-banheiro""}"
2025-07-12T12:12:35.508058,automation.auto_banheiro,on,on,"{""id"": ""1747870075916"", ""last_triggered"": ""2025-07-12T15:12:35.501414+00:00"", ""mode"": ""single"", ""current"": 0, ""friendly_name"": ""auto-banheiro""}"
2025-07-12T12:12:40.507583,automation.auto_banheiro,on,on,"{""id"": ""1747870075916"", ""last_triggered"": ""2025-07-12T15:12:40.500378+00:00"", ""mode"": ""single"", ""current"": 1, ""friendly_name"": ""auto-banheiro""}"
2025-07-12T12:12:40.549312,automation.auto_banheiro,on,on,"{""id"": ""1747870075916"", ""last_triggered"": ""2025-07-12T15:12:40.500378+00:00"", ""mode"": ""single"", ""current"": 0, ""friendly_name"": ""auto-banheiro""}"
2025-07-12T12:12:40.626292,sensor.arris_tg1692a_router_download_speed,0.00485529419270734,0.00788060114616441,"{""state_class"": ""measurement"", ""unit_of_measurement"": ""Mbit/s"", ""device_class"": ""data_rate"", ""friendly_name"": ""ARRIS TG1692A Router Download speed""}"
2025-07-12T12:12:40.627930,sensor.arris_tg1692a_router_upload_speed,0.00300859170001231,0.00455935161902748,"{""state_class"": ""measurement"", ""unit_of_measurement"": ""Mbit/s"", ""device_class"": ""data_rate"", ""friendly_name"": ""ARRIS TG1692A Router Upload speed""}"
2025-07-12T12:12:45.504877,automation.auto_banheiro,on,on,"{""id"": ""1747870075916"", ""last_triggered"": ""2025-07-12T15:12:45.499954+00:00"", ""mode"": ""single"", ""current"": 1, ""friendly_name"": ""auto-banheiro""}"
2025-07-12T12:12:45.506462,automation.auto_banheiro,on,on,"{""id"": ""1747870075916"", ""last_triggered"": ""2025-07-12T15:12:45.499954+00:00"", ""mode"": ""single"", ""current"": 0, ""friendly_name"": ""auto-banheiro""}"
2025-07-12T12:12:50.515967,automation.auto_banheiro,on,on,"{""id"": ""1747870075916"", ""last_triggered"": ""2025-07-12T15:12:50.501753+00:00"", ""mode"": ""single"", ""current"": 1, ""friendly_name"": ""auto-banheiro""}"
2025-07-12T12:12:50.518721,automation.auto_banheiro,on,on,"{""id"": ""1747870075916"", ""last_triggered"": ""2025-07-12T15:12:50.501753+00:00"", ""mode"": ""single"", ""current"": 0, ""friendly_name"": ""auto-banheiro""}"
2025-07-12T12:12:55.505812,automation.auto_banheiro,on,on,"{""id"": ""1747870075916"", ""last_triggered"": ""2025-07-12T15:12:55.500558+00:00"", ""mode"": ""single"", ""current"": 1, ""friendly_name"": ""auto-banheiro""}"
2025-07-12T12:12:55.507550,automation.auto_banheiro,on,on,"{""id"": ""1747870075916"", ""last_triggered"": ""2025-07-12T15:12:55.500558+00:00"", ""mode"": ""single"", ""current"": 0, ""friendly_name"": ""auto-banheiro""}"
2025-07-12T12:13:00.505699,automation.auto_banheiro,on,on,"{""id"": ""1747870075916"", ""last_triggered"": ""2025-07-12T15:13:00.499911+00:00"", ""mode"": ""single"", ""current"": 1, ""friendly_name"": ""auto-banheiro""}"
2025-07-12T12:13:00.508432,automation.auto_banheiro,on,on,"{""id"": ""1747870075916"", ""last_triggered"": ""2025-07-12T15:13:00.499911+00:00"", ""mode"": ""single"", ""current"": 0, ""friendly_name"": ""auto-banheiro""}"
2025-07-12T12:13:02.623937,binary_sensor.human_presence_sensor_occupancy,off,on,"{""device_class"": ""occupancy"", ""friendly_name"": ""Presen\u00e7a Quarto  Occupancy""}"
2025-07-12T12:13:02.626582,automation.aut_lampada_quarto,on,on,"{""id"": ""1746067262247"", ""last_triggered"": ""2025-07-12T15:13:02.617553+00:00"", ""mode"": ""single"", ""current"": 1, ""friendly_name"": ""aut-quarto""}"
2025-07-12T12:13:02.628964,automation.aut_lampada_quarto,on,on,"{""id"": ""1746067262247"", ""last_triggered"": ""2025-07-12T15:13:02.617553+00:00"", ""mode"": ""single"", ""current"": 0, ""friendly_name"": ""aut-quarto""}"
2025-07-12T12:13:05.505819,automation.auto_banheiro,on,on,"{""id"": ""1747870075916"", ""last_triggered"": ""2025-07-12T15:13:05.500852+00:00"", ""mode"": ""single"", ""current"": 1, ""friendly_name"": ""auto-banheiro""}"
2025-07-12T12:13:05.507575,automation.auto_banheiro,on,on,"{""id"": ""1747870075916"", ""last_triggered"": ""2025-07-12T15:13:05.500852+00:00"", ""mode"": ""single"", ""current"": 0, ""friendly_name"": ""auto-banheiro""}"
2025-07-12T12:13:06.617061,binary_sensor.presenca_banheiro_motion,off,on,"{""device_class"": ""motion"", ""friendly_name"": ""Presen\u00e7a banheiro Motion""}"
2025-07-12T12:13:06.622277,automation.auto_banheiro,on,on,"{""id"": ""1747870075916"", ""last_triggered"": ""2025-07-12T15:13:06.609424+00:00"", ""mode"": ""single"", ""current"": 1, ""friendly_name"": ""auto-banheiro""}"
2025-07-12T12:13:07.333756,automation.auto_banheiro,on,on,"{""id"": ""1747870075916"", ""last_triggered"": ""2025-07-12T15:13:06.609424+00:00"", ""mode"": ""single"", ""current"": 0, ""friendly_name"": ""auto-banheiro""}"
2025-07-12T12:13:07.757898,switch.interruptor_banheiro_switch_1,off,on,"{""device_class"": ""outlet"", ""friendly_name"": ""Interruptor banheiro Switch 1""}"
2025-07-12T12:13:07.768372,switch.interruptor_banheiro_switch_2,off,on,"{""device_class"": ""outlet"", ""friendly_name"": ""Interruptor banheiro Switch 2""}"
2025-07-12T12:13:10.117676,automation.aut_status_bruno,on,on,"{""id"": ""1751855857509"", ""last_triggered"": ""2025-07-12T15:13:10.109275+00:00"", ""mode"": ""single"", ""current"": 1, ""friendly_name"": ""aut-status-bruno""}"
2025-07-12T12:13:10.120174,automation.aut_status_bruno,on,on,"{""id"": ""1751855857509"", ""last_triggered"": ""2025-07-12T15:13:10.109275+00:00"", ""mode"": ""single"", ""current"": 0, ""friendly_name"": ""aut-status-bruno""}"
2025-07-12T12:13:10.260971,automation.aut_lampada_quarto,on,on,"{""id"": ""1746067262247"", ""last_triggered"": ""2025-07-12T15:13:10.255181+00:00"", ""mode"": ""single"", ""current"": 1, ""friendly_name"": ""aut-quarto""}"
2025-07-12T12:13:10.262643,automation.aut_lampada_quarto,on,on,"{""id"": ""1746067262247"", ""last_triggered"": ""2025-07-12T15:13:10.255181+00:00"", ""mode"": ""single"", ""current"": 0, ""friendly_name"": ""aut-quarto""}"
2025-07-12T12:13:10.506644,automation.auto_banheiro,on,on,"{""id"": ""1747870075916"", ""last_triggered"": ""2025-07-12T15:13:10.500859+00:00"", ""mode"": ""single"", ""current"": 1, ""friendly_name"": ""auto-banheiro""}"
2025-07-12T12:13:10.508710,automation.auto_banheiro,on,on,"{""id"": ""1747870075916"", ""last_triggered"": ""2025-07-12T15:13:10.500859+00:00"", ""mode"": ""single"", ""current"": 0, ""friendly_name"": ""auto-banheiro""}"
2025-07-12T12:13:10.624625,sensor.arris_tg1692a_router_download_speed,0.00788060114616441,0.00850267431907355,"{""state_class"": ""measurement"", ""unit_of_measurement"": ""Mbit/s"", ""device_class"": ""data_rate"", ""friendly_name"": ""ARRIS TG1692A Router Download speed""}"
2025-07-12T12:13:10.626273,sensor.arris_tg1692a_router_upload_speed,0.00455935161902748,0.00698373961869899,"{""state_class"": ""measurement"", ""unit_of_measurement"": ""Mbit/s"", ""device_class"": ""data_rate"", ""friendly_name"": ""ARRIS TG1692A Router Upload speed""}"
2025-07-12T12:13:15.505502,automation.auto_banheiro,on,on,"{""id"": ""1747870075916"", ""last_triggered"": ""2025-07-12T15:13:15.500560+00:00"", ""mode"": ""single"", ""current"": 1, ""friendly_name"": ""auto-banheiro""}"
2025-07-12T12:13:15.508293,automation.auto_banheiro,on,on,"{""id"": ""1747870075916"", ""last_triggered"": ""2025-07-12T15:13:15.500560+00:00"", ""mode"": ""single"", ""current"": 0, ""friendly_name"": ""auto-banheiro""}"
2025-07-12T12:13:20.506908,automation.auto_banheiro,on,on,"{""id"": ""1747870075916"", ""last_triggered"": ""2025-07-12T15:13:20.500776+00:00"", ""mode"": ""single"", ""current"": 1, ""friendly_name"": ""auto-banheiro""}"
2025-07-12T12:13:20.544133,automation.auto_banheiro,on,on,"{""id"": ""1747870075916"", ""last_triggered"": ""2025-07-12T15:13:20.500776+00:00"", ""mode"": ""single"", ""current"": 0, ""friendly_name"": ""auto-banheiro""}"
2025-07-12T12:13:24.439390,binary_sensor.presenca_sala_motion,on,off,"{""device_class"": ""motion"", ""friendly_name"": ""Presen\u00e7a sala Motion""}"
2025-07-12T12:13:24.447801,automation.aut_sala,on,on,"{""id"": ""1746116908353"", ""last_triggered"": ""2025-07-12T15:13:24.427481+00:00"", ""mode"": ""single"", ""current"": 1, ""friendly_name"": ""aut-sala""}"
2025-07-12T12:13:24.683878,automation.aut_sala,on,on,"{""id"": ""1746116908353"", ""last_triggered"": ""2025-07-12T15:13:24.427481+00:00"", ""mode"": ""single"", ""current"": 0, ""friendly_name"": ""aut-sala""}"
2025-07-12T12:13:25.323123,switch.interruptor_sala_switch_1,on,off,"{""device_class"": ""outlet"", ""friendly_name"": ""Interruptor sala Switch 1""}"
2025-07-12T12:13:25.550005,automation.auto_banheiro,on,on,"{""id"": ""1747870075916"", ""last_triggered"": ""2025-07-12T15:13:25.500552+00:00"", ""mode"": ""single"", ""current"": 1, ""friendly_name"": ""auto-banheiro""}"
2025-07-12T12:13:25.553506,automation.auto_banheiro,on,on,"{""id"": ""1747870075916"", ""last_triggered"": ""2025-07-12T15:13:25.500552+00:00"", ""mode"": ""single"", ""current"": 0, ""friendly_name"": ""auto-banheiro""}"
2025-07-12T12:13:30.505111,automation.auto_banheiro,on,on,"{""id"": ""1747870075916"", ""last_triggered"": ""2025-07-12T15:13:30.500335+00:00"", ""mode"": ""single"", ""current"": 1, ""friendly_name"": ""auto-banheiro""}"
2025-07-12T12:13:30.506725,automation.auto_banheiro,on,on,"{""id"": ""1747870075916"", ""last_triggered"": ""2025-07-12T15:13:30.500335+00:00"", ""mode"": ""single"", ""current"": 0, ""friendly_name"": ""auto-banheiro""}"
2025-07-12T12:13:35.505339,automation.auto_banheiro,on,on,"{""id"": ""1747870075916"", ""last_triggered"": ""2025-07-12T15:13:35.500524+00:00"", ""mode"": ""single"", ""current"": 1, ""friendly_name"": ""auto-banheiro""}"
2025-07-12T12:13:35.506983,automation.auto_banheiro,on,on,"{""id"": ""1747870075916"", ""last_triggered"": ""2025-07-12T15:13:35.500524+00:00"", ""mode"": ""single"", ""current"": 0, ""friendly_name"": ""auto-banheiro""}"
2025-07-12T12:13:40.506125,automation.auto_banheiro,on,on,"{""id"": ""1747870075916"", ""last_triggered"": ""2025-07-12T15:13:40.500631+00:00"", ""mode"": ""single"", ""current"": 1, ""friendly_name"": ""auto-banheiro""}"
2025-07-12T12:13:40.507863,automation.auto_banheiro,on,on,"{""id"": ""1747870075916"", ""last_triggered"": ""2025-07-12T15:13:40.500631+00:00"", ""mode"": ""single"", ""current"": 0, ""friendly_name"": ""auto-banheiro""}"
2025-07-12T12:13:40.614813,sensor.arris_tg1692a_router_download_speed,0.00850267431907355,0.00587657642822714,"{""state_class"": ""measurement"", ""unit_of_measurement"": ""Mbit/s"", ""device_class"": ""data_rate"", ""friendly_name"": ""ARRIS TG1692A Router Download speed""}"
2025-07-12T12:13:40.616864,sensor.arris_tg1692a_router_upload_speed,0.00698373961869899,0.00329389082186603,"{""state_class"": ""measurement"", ""unit_of_measurement"": ""Mbit/s"", ""device_class"": ""data_rate"", ""friendly_name"": ""ARRIS TG1692A Router Upload speed""}"
2025-07-12T12:13:45.506976,automation.auto_banheiro,on,on,"{""id"": ""1747870075916"", ""last_triggered"": ""2025-07-12T15:13:45.500044+00:00"", ""mode"": ""single"", ""current"": 1, ""friendly_name"": ""auto-banheiro""}"
2025-07-12T12:13:45.508802,automation.auto_banheiro,on,on,"{""id"": ""1747870075916"", ""last_triggered"": ""2025-07-12T15:13:45.500044+00:00"", ""mode"": ""single"", ""current"": 0, ""friendly_name"": ""auto-banheiro""}"
2025-07-12T12:13:46.959034,binary_sensor.presenca_sala_motion,off,on,"{""device_class"": ""motion"", ""friendly_name"": ""Presen\u00e7a sala Motion""}"
2025-07-12T12:13:46.963633,automation.aut_sala,on,on,"{""id"": ""1746116908353"", ""last_triggered"": ""2025-07-12T15:13:46.954497+00:00"", ""mode"": ""single"", ""current"": 1, ""friendly_name"": ""aut-sala""}"
2025-07-12T12:13:47.191520,automation.aut_sala,on,on,"{""id"": ""1746116908353"", ""last_triggered"": ""2025-07-12T15:13:46.954497+00:00"", ""mode"": ""single"", ""current"": 0, ""friendly_name"": ""aut-sala""}"
2025-07-12T12:13:47.750264,switch.interruptor_sala_switch_1,off,on,"{""device_class"": ""outlet"", ""friendly_name"": ""Interruptor sala Switch 1""}"
2025-07-12T12:13:50.505165,automation.auto_banheiro,on,on,"{""id"": ""1747870075916"", ""last_triggered"": ""2025-07-12T15:13:50.500513+00:00"", ""mode"": ""single"", ""current"": 1, ""friendly_name"": ""auto-banheiro""}"
2025-07-12T12:13:50.507203,automation.auto_banheiro,on,on,"{""id"": ""1747870075916"", ""last_triggered"": ""2025-07-12T15:13:50.500513+00:00"", ""mode"": ""single"", ""current"": 0, ""friendly_name"": ""auto-banheiro""}"
2025-07-12T12:13:55.505113,automation.auto_banheiro,on,on,"{""id"": ""1747870075916"", ""last_triggered"": ""2025-07-12T15:13:55.500245+00:00"", ""mode"": ""single"", ""current"": 1, ""friendly_name"": ""auto-banheiro""}"
2025-07-12T12:13:55.506872,automation.auto_banheiro,on,on,"{""id"": ""1747870075916"", ""last_triggered"": ""2025-07-12T15:13:55.500245+00:00"", ""mode"": ""single"", ""current"": 0, ""friendly_name"": ""auto-banheiro""}"
2025-07-12T12:14:00.505590,automation.auto_banheiro,on,on,"{""id"": ""1747870075916"", ""last_triggered"": ""2025-07-12T15:14:00.500745+00:00"", ""mode"": ""single"", ""current"": 1, ""friendly_name"": ""auto-banheiro""}"
2025-07-12T12:14:00.507353,automation.auto_banheiro,on,on,"{""id"": ""1747870075916"", ""last_triggered"": ""2025-07-12T15:14:00.500745+00:00"", ""mode"": ""single"", ""current"": 0, ""friendly_name"": ""auto-banheiro""}"
2025-07-12T12:14:05.511669,automation.auto_banheiro,on,on,"{""id"": ""1747870075916"", ""last_triggered"": ""2025-07-12T15:14:05.501047+00:00"", ""mode"": ""single"", ""current"": 1, ""friendly_name"": ""auto-banheiro""}"
2025-07-12T12:14:05.515107,automation.auto_banheiro,on,on,"{""id"": ""1747870075916"", ""last_triggered"": ""2025-07-12T15:14:05.501047+00:00"", ""mode"": ""single"", ""current"": 0, ""friendly_name"": ""auto-banheiro""}"
2025-07-12T12:14:10.115895,automation.aut_status_bruno,on,on,"{""id"": ""1751855857509"", ""last_triggered"": ""2025-07-12T15:14:10.108872+00:00"", ""mode"": ""single"", ""current"": 1, ""friendly_name"": ""aut-status-bruno""}"
2025-07-12T12:14:10.118107,automation.aut_status_bruno,on,on,"{""id"": ""1751855857509"", ""last_triggered"": ""2025-07-12T15:14:10.108872+00:00"", ""mode"": ""single"", ""current"": 0, ""friendly_name"": ""aut-status-bruno""}"
2025-07-12T12:14:10.261168,automation.aut_lampada_quarto,on,on,"{""id"": ""1746067262247"", ""last_triggered"": ""2025-07-12T15:14:10.255244+00:00"", ""mode"": ""single"", ""current"": 1, ""friendly_name"": ""aut-quarto""}"
2025-07-12T12:14:10.262583,automation.aut_lampada_quarto,on,on,"{""id"": ""1746067262247"", ""last_triggered"": ""2025-07-12T15:14:10.255244+00:00"", ""mode"": ""single"", ""current"": 0, ""friendly_name"": ""aut-quarto""}"
2025-07-12T12:14:10.505142,automation.auto_banheiro,on,on,"{""id"": ""1747870075916"", ""last_triggered"": ""2025-07-12T15:14:10.500465+00:00"", ""mode"": ""single"", ""current"": 1, ""friendly_name"": ""auto-banheiro""}"
2025-07-12T12:14:10.506796,automation.auto_banheiro,on,on,"{""id"": ""1747870075916"", ""last_triggered"": ""2025-07-12T15:14:10.500465+00:00"", ""mode"": ""single"", ""current"": 0, ""friendly_name"": ""auto-banheiro""}"
2025-07-12T12:14:10.616375,sensor.arris_tg1692a_router_download_speed,0.00587657642822714,0.0079151899740927,"{""state_class"": ""measurement"", ""unit_of_measurement"": ""Mbit/s"", ""device_class"": ""data_rate"", ""friendly_name"": ""ARRIS TG1692A Router Download speed""}"
2025-07-12T12:14:10.617970,sensor.arris_tg1692a_router_upload_speed,0.00329389082186603,0.00592905915652507,"{""state_class"": ""measurement"", ""unit_of_measurement"": ""Mbit/s"", ""device_class"": ""data_rate"", ""friendly_name"": ""ARRIS TG1692A Router Upload speed""}"
2025-07-12T12:14:15.506270,automation.auto_banheiro,on,on,"{""id"": ""1747870075916"", ""last_triggered"": ""2025-07-12T15:14:15.501171+00:00"", ""mode"": ""single"", ""current"": 1, ""friendly_name"": ""auto-banheiro""}"
2025-07-12T12:14:15.508415,automation.auto_banheiro,on,on,"{""id"": ""1747870075916"", ""last_triggered"": ""2025-07-12T15:14:15.501171+00:00"", ""mode"": ""single"", ""current"": 0, ""friendly_name"": ""auto-banheiro""}"
2025-07-12T12:14:20.515680,automation.auto_banheiro,on,on,"{""id"": ""1747870075916"", ""last_triggered"": ""2025-07-12T15:14:20.500432+00:00"", ""mode"": ""single"", ""current"": 1, ""friendly_name"": ""auto-banheiro""}"
2025-07-12T12:14:20.519182,automation.auto_banheiro,on,on,"{""id"": ""1747870075916"", ""last_triggered"": ""2025-07-12T15:14:20.500432+00:00"", ""mode"": ""single"", ""current"": 0, ""friendly_name"": ""auto-banheiro""}"
2025-07-12T12:14:25.169892,camera.192_168_0_33,idle,idle,"{""access_token"": ""dff8383be2b5f49a69b79959490dd3d3b5be3ffb040b87e2ca39ebf9cf1e53d2"", ""entity_picture"": ""/api/camera_proxy/camera.192_168_0_33?token=dff8383be2b5f49a69b79959490dd3d3b5be3ffb040b87e2ca39ebf9cf1e53d2"", ""friendly_name"": ""192_168_0_14"", ""supported_features"": 2}"
2025-07-12T12:14:25.173956,camera.admin_mainstream,idle,idle,"{""access_token"": ""9fe8865d59f08071ce2f333f8b88b41201b5a6327a027c0e6543e0fca9508cd6"", ""entity_picture"": ""/api/camera_proxy/camera.admin_mainstream?token=9fe8865d59f08071ce2f333f8b88b41201b5a6327a027c0e6543e0fca9508cd6"", ""friendly_name"": ""admin MainStream"", ""supported_features"": 2}"
2025-07-12T12:14:25.177955,camera.admin_substream,idle,idle,"{""access_token"": ""4c05e89d49ddaa9a2e0f17e2ebdbf119f2734d87b77737bd3f9250cec534821f"", ""entity_picture"": ""/api/camera_proxy/camera.admin_substream?token=4c05e89d49ddaa9a2e0f17e2ebdbf119f2734d87b77737bd3f9250cec534821f"", ""friendly_name"": ""admin SubStream"", ""supported_features"": 2}"
2025-07-12T12:14:25.509124,automation.auto_banheiro,on,on,"{""id"": ""1747870075916"", ""last_triggered"": ""2025-07-12T15:14:25.501005+00:00"", ""mode"": ""single"", ""current"": 1, ""friendly_name"": ""auto-banheiro""}"
2025-07-12T12:14:25.548781,automation.auto_banheiro,on,on,"{""id"": ""1747870075916"", ""last_triggered"": ""2025-07-12T15:14:25.501005+00:00"", ""mode"": ""single"", ""current"": 0, ""friendly_name"": ""auto-banheiro""}"
2025-07-12T12:14:30.505055,automation.auto_banheiro,on,on,"{""id"": ""1747870075916"", ""last_triggered"": ""2025-07-12T15:14:30.500011+00:00"", ""mode"": ""single"", ""current"": 1, ""friendly_name"": ""auto-banheiro""}"
2025-07-12T12:14:30.507043,automation.auto_banheiro,on,on,"{""id"": ""1747870075916"", ""last_triggered"": ""2025-07-12T15:14:30.500011+00:00"", ""mode"": ""single"", ""current"": 0, ""friendly_name"": ""auto-banheiro""}"
2025-07-12T12:14:35.505470,automation.auto_banheiro,on,on,"{""id"": ""1747870075916"", ""last_triggered"": ""2025-07-12T15:14:35.500469+00:00"", ""mode"": ""single"", ""current"": 1, ""friendly_name"": ""auto-banheiro""}"
2025-07-12T12:14:35.507129,automation.auto_banheiro,on,on,"{""id"": ""1747870075916"", ""last_triggered"": ""2025-07-12T15:14:35.500469+00:00"", ""mode"": ""single"", ""current"": 0, ""friendly_name"": ""auto-banheiro""}"
2025-07-12T12:14:40.515936,automation.auto_banheiro,on,on,"{""id"": ""1747870075916"", ""last_triggered"": ""2025-07-12T15:14:40.501007+00:00"", ""mode"": ""single"", ""current"": 1, ""friendly_name"": ""auto-banheiro""}"
2025-07-12T12:14:40.519288,automation.auto_banheiro,on,on,"{""id"": ""1747870075916"", ""last_triggered"": ""2025-07-12T15:14:40.501007+00:00"", ""mode"": ""single"", ""current"": 0, ""friendly_name"": ""auto-banheiro""}"
2025-07-12T12:14:40.620987,sensor.arris_tg1692a_router_download_speed,0.0079151899740927,0.0103538913974043,"{""state_class"": ""measurement"", ""unit_of_measurement"": ""Mbit/s"", ""device_class"": ""data_rate"", ""friendly_name"": ""ARRIS TG1692A Router Download speed""}"
2025-07-12T12:14:40.623832,sensor.arris_tg1692a_router_upload_speed,0.00592905915652507,0.0120607848463274,"{""state_class"": ""measurement"", ""unit_of_measurement"": ""Mbit/s"", ""device_class"": ""data_rate"", ""friendly_name"": ""ARRIS TG1692A Router Upload speed""}"
2025-07-12T12:14:45.505295,automation.auto_banheiro,on,on,"{""id"": ""1747870075916"", ""last_triggered"": ""2025-07-12T15:14:45.500348+00:00"", ""mode"": ""single"", ""current"": 1, ""friendly_name"": ""auto-banheiro""}"
2025-07-12T12:14:45.506901,automation.auto_banheiro,on,on,"{""id"": ""1747870075916"", ""last_triggered"": ""2025-07-12T15:14:45.500348+00:00"", ""mode"": ""single"", ""current"": 0, ""friendly_name"": ""auto-banheiro""}"
2025-07-12T12:14:50.511677,automation.auto_banheiro,on,on,"{""id"": ""1747870075916"", ""last_triggered"": ""2025-07-12T15:14:50.501226+00:00"", ""mode"": ""single"", ""current"": 1, ""friendly_name"": ""auto-banheiro""}"
2025-07-12T12:14:50.515207,automation.auto_banheiro,on,on,"{""id"": ""1747870075916"", ""last_triggered"": ""2025-07-12T15:14:50.501226+00:00"", ""mode"": ""single"", ""current"": 0, ""friendly_name"": ""auto-banheiro""}"
2025-07-12T12:14:55.505349,automation.auto_banheiro,on,on,"{""id"": ""1747870075916"", ""last_triggered"": ""2025-07-12T15:14:55.500522+00:00"", ""mode"": ""single"", ""current"": 1, ""friendly_name"": ""auto-banheiro""}"
2025-07-12T12:14:55.506964,automation.auto_banheiro,on,on,"{""id"": ""1747870075916"", ""last_triggered"": ""2025-07-12T15:14:55.500522+00:00"", ""mode"": ""single"", ""current"": 0, ""friendly_name"": ""auto-banheiro""}"
2025-07-12T12:15:00.506668,automation.auto_banheiro,on,on,"{""id"": ""1747870075916"", ""last_triggered"": ""2025-07-12T15:15:00.500766+00:00"", ""mode"": ""single"", ""current"": 1, ""friendly_name"": ""auto-banheiro""}"
2025-07-12T12:15:00.509039,automation.auto_banheiro,on,on,"{""id"": ""1747870075916"", ""last_triggered"": ""2025-07-12T15:15:00.500766+00:00"", ""mode"": ""single"", ""current"": 0, ""friendly_name"": ""auto-banheiro""}"
2025-07-12T12:15:05.513896,automation.auto_banheiro,on,on,"{""id"": ""1747870075916"", ""last_triggered"": ""2025-07-12T15:15:05.500618+00:00"", ""mode"": ""single"", ""current"": 1, ""friendly_name"": ""auto-banheiro""}"
2025-07-12T12:15:05.517192,automation.auto_banheiro,on,on,"{""id"": ""1747870075916"", ""last_triggered"": ""2025-07-12T15:15:05.500618+00:00"", ""mode"": ""single"", ""current"": 0, ""friendly_name"": ""auto-banheiro""}"
2025-07-12T12:15:10.125686,automation.aut_status_bruno,on,on,"{""id"": ""1751855857509"", ""last_triggered"": ""2025-07-12T15:15:10.108711+00:00"", ""mode"": ""single"", ""current"": 1, ""friendly_name"": ""aut-status-bruno""}"
2025-07-12T12:15:10.130424,automation.aut_status_bruno,on,on,"{""id"": ""1751855857509"", ""last_triggered"": ""2025-07-12T15:15:10.108711+00:00"", ""mode"": ""single"", ""current"": 0, ""friendly_name"": ""aut-status-bruno""}"
2025-07-12T12:15:10.262061,automation.aut_lampada_quarto,on,on,"{""id"": ""1746067262247"", ""last_triggered"": ""2025-07-12T15:15:10.255588+00:00"", ""mode"": ""single"", ""current"": 1, ""friendly_name"": ""aut-quarto""}"
2025-07-12T12:15:10.264852,automation.aut_lampada_quarto,on,on,"{""id"": ""1746067262247"", ""last_triggered"": ""2025-07-12T15:15:10.255588+00:00"", ""mode"": ""single"", ""current"": 0, ""friendly_name"": ""aut-quarto""}"
2025-07-12T12:15:10.562592,automation.auto_banheiro,on,on,"{""id"": ""1747870075916"", ""last_triggered"": ""2025-07-12T15:15:10.500618+00:00"", ""mode"": ""single"", ""current"": 1, ""friendly_name"": ""auto-banheiro""}"
2025-07-12T12:15:10.567052,automation.auto_banheiro,on,on,"{""id"": ""1747870075916"", ""last_triggered"": ""2025-07-12T15:15:10.500618+00:00"", ""mode"": ""single"", ""current"": 0, ""friendly_name"": ""auto-banheiro""}"
2025-07-12T12:15:10.619416,sensor.arris_tg1692a_router_download_speed,0.0103538913974043,0.0055095307635634,"{""state_class"": ""measurement"", ""unit_of_measurement"": ""Mbit/s"", ""device_class"": ""data_rate"", ""friendly_name"": ""ARRIS TG1692A Router Download speed""}"
2025-07-12T12:15:10.621112,sensor.arris_tg1692a_router_upload_speed,0.0120607848463274,0.0134286312468673,"{""state_class"": ""measurement"", ""unit_of_measurement"": ""Mbit/s"", ""device_class"": ""data_rate"", ""friendly_name"": ""ARRIS TG1692A Router Upload speed""}"
2025-07-12T12:15:15.510568,automation.auto_banheiro,on,on,"{""id"": ""1747870075916"", ""last_triggered"": ""2025-07-12T15:15:15.501082+00:00"", ""mode"": ""single"", ""current"": 1, ""friendly_name"": ""auto-banheiro""}"
2025-07-12T12:15:15.514311,automation.auto_banheiro,on,on,"{""id"": ""1747870075916"", ""last_triggered"": ""2025-07-12T15:15:15.501082+00:00"", ""mode"": ""single"", ""current"": 0, ""friendly_name"": ""auto-banheiro""}"
2025-07-12T12:15:20.505425,automation.auto_banheiro,on,on,"{""id"": ""1747870075916"", ""last_triggered"": ""2025-07-12T15:15:20.500503+00:00"", ""mode"": ""single"", ""current"": 1, ""friendly_name"": ""auto-banheiro""}"
2025-07-12T12:15:20.507049,automation.auto_banheiro,on,on,"{""id"": ""1747870075916"", ""last_triggered"": ""2025-07-12T15:15:20.500503+00:00"", ""mode"": ""single"", ""current"": 0, ""friendly_name"": ""auto-banheiro""}"
2025-07-12T12:15:25.514568,automation.auto_banheiro,on,on,"{""id"": ""1747870075916"", ""last_triggered"": ""2025-07-12T15:15:25.500923+00:00"", ""mode"": ""single"", ""current"": 1, ""friendly_name"": ""auto-banheiro""}"
2025-07-12T12:15:25.518022,automation.auto_banheiro,on,on,"{""id"": ""1747870075916"", ""last_triggered"": ""2025-07-12T15:15:25.500923+00:00"", ""mode"": ""single"", ""current"": 0, ""friendly_name"": ""auto-banheiro""}"
2025-07-12T12:15:30.505587,automation.auto_banheiro,on,on,"{""id"": ""1747870075916"", ""last_triggered"": ""2025-07-12T15:15:30.500793+00:00"", ""mode"": ""single"", ""current"": 1, ""friendly_name"": ""auto-banheiro""}"
2025-07-12T12:15:30.507651,automation.auto_banheiro,on,on,"{""id"": ""1747870075916"", ""last_triggered"": ""2025-07-12T15:15:30.500793+00:00"", ""mode"": ""single"", ""current"": 0, ""friendly_name"": ""auto-banheiro""}"
2025-07-12T12:15:35.505826,automation.auto_banheiro,on,on,"{""id"": ""1747870075916"", ""last_triggered"": ""2025-07-12T15:15:35.501043+00:00"", ""mode"": ""single"", ""current"": 1, ""friendly_name"": ""auto-banheiro""}"
2025-07-12T12:15:35.509467,automation.auto_banheiro,on,on,"{""id"": ""1747870075916"", ""last_triggered"": ""2025-07-12T15:15:35.501043+00:00"", ""mode"": ""single"", ""current"": 0, ""friendly_name"": ""auto-banheiro""}"
2025-07-12T12:15:40.506625,automation.auto_banheiro,on,on,"{""id"": ""1747870075916"", ""last_triggered"": ""2025-07-12T15:15:40.500056+00:00"", ""mode"": ""single"", ""current"": 1, ""friendly_name"": ""auto-banheiro""}"
2025-07-12T12:15:40.508293,automation.auto_banheiro,on,on,"{""id"": ""1747870075916"", ""last_triggered"": ""2025-07-12T15:15:40.500056+00:00"", ""mode"": ""single"", ""current"": 0, ""friendly_name"": ""auto-banheiro""}"
2025-07-12T12:15:40.652095,sensor.arris_tg1692a_router_download_speed,0.0055095307635634,0.00342414575447095,"{""state_class"": ""measurement"", ""unit_of_measurement"": ""Mbit/s"", ""device_class"": ""data_rate"", ""friendly_name"": ""ARRIS TG1692A Router Download speed""}"
2025-07-12T12:15:40.653738,sensor.arris_tg1692a_router_upload_speed,0.0134286312468673,0.00833528813876511,"{""state_class"": ""measurement"", ""unit_of_measurement"": ""Mbit/s"", ""device_class"": ""data_rate"", ""friendly_name"": ""ARRIS TG1692A Router Upload speed""}"
2025-07-12T12:15:42.013804,sun.sun,above_horizon,above_horizon,"{""next_dawn"": ""2025-07-13T08:34:17.857562+00:00"", ""next_dusk"": ""2025-07-12T20:45:20.313231+00:00"", ""next_midnight"": ""2025-07-13T02:39:54+00:00"", ""next_noon"": ""2025-07-13T14:39:50+00:00"", ""next_rising"": ""2025-07-13T08:57:32.537391+00:00"", ""next_setting"": ""2025-07-12T20:22:04.562792+00:00"", ""elevation"": 54.04, ""azimuth"": 345.73, ""rising"": false, ""friendly_name"": ""Sun""}"
2025-07-12T12:15:45.510555,automation.auto_banheiro,on,on,"{""id"": ""1747870075916"", ""last_triggered"": ""2025-07-12T15:15:45.500770+00:00"", ""mode"": ""single"", ""current"": 1, ""friendly_name"": ""auto-banheiro""}"
2025-07-12T12:15:45.520827,automation.auto_banheiro,on,on,"{""id"": ""1747870075916"", ""last_triggered"": ""2025-07-12T15:15:45.500770+00:00"", ""mode"": ""single"", ""current"": 0, ""friendly_name"": ""auto-banheiro""}"
2025-07-12T12:15:50.505482,automation.auto_banheiro,on,on,"{""id"": ""1747870075916"", ""last_triggered"": ""2025-07-12T15:15:50.500653+00:00"", ""mode"": ""single"", ""current"": 1, ""friendly_name"": ""auto-banheiro""}"
2025-07-12T12:15:50.507905,automation.auto_banheiro,on,on,"{""id"": ""1747870075916"", ""last_triggered"": ""2025-07-12T15:15:50.500653+00:00"", ""mode"": ""single"", ""current"": 0, ""friendly_name"": ""auto-banheiro""}"
2025-07-12T12:15:55.505116,automation.auto_banheiro,on,on,"{""id"": ""1747870075916"", ""last_triggered"": ""2025-07-12T15:15:55.500310+00:00"", ""mode"": ""single"", ""current"": 1, ""friendly_name"": ""auto-banheiro""}"
2025-07-12T12:15:55.506796,automation.auto_banheiro,on,on,"{""id"": ""1747870075916"", ""last_triggered"": ""2025-07-12T15:15:55.500310+00:00"", ""mode"": ""single"", ""current"": 0, ""friendly_name"": ""auto-banheiro""}"
2025-07-12T12:16:00.506054,automation.auto_banheiro,on,on,"{""id"": ""1747870075916"", ""last_triggered"": ""2025-07-12T15:16:00.500150+00:00"", ""mode"": ""single"", ""current"": 1, ""friendly_name"": ""auto-banheiro""}"
2025-07-12T12:16:00.509262,automation.auto_banheiro,on,on,"{""id"": ""1747870075916"", ""last_triggered"": ""2025-07-12T15:16:00.500150+00:00"", ""mode"": ""single"", ""current"": 0, ""friendly_name"": ""auto-banheiro""}"
2025-07-12T12:16:05.575974,automation.auto_banheiro,on,on,"{""id"": ""1747870075916"", ""last_triggered"": ""2025-07-12T15:16:05.500959+00:00"", ""mode"": ""single"", ""current"": 1, ""friendly_name"": ""auto-banheiro""}"
2025-07-12T12:16:05.577841,automation.auto_banheiro,on,on,"{""id"": ""1747870075916"", ""last_triggered"": ""2025-07-12T15:16:05.500959+00:00"", ""mode"": ""single"", ""current"": 0, ""friendly_name"": ""auto-banheiro""}"
2025-07-12T12:16:10.118561,automation.aut_status_bruno,on,on,"{""id"": ""1751855857509"", ""last_triggered"": ""2025-07-12T15:16:10.109126+00:00"", ""mode"": ""single"", ""current"": 1, ""friendly_name"": ""aut-status-bruno""}"
2025-07-12T12:16:10.120731,automation.aut_status_bruno,on,on,"{""id"": ""1751855857509"", ""last_triggered"": ""2025-07-12T15:16:10.109126+00:00"", ""mode"": ""single"", ""current"": 0, ""friendly_name"": ""aut-status-bruno""}"
2025-07-12T12:16:10.258643,automation.aut_lampada_quarto,on,on,"{""id"": ""1746067262247"", ""last_triggered"": ""2025-07-12T15:16:10.254722+00:00"", ""mode"": ""single"", ""current"": 1, ""friendly_name"": ""aut-quarto""}"
2025-07-12T12:16:10.260284,automation.aut_lampada_quarto,on,on,"{""id"": ""1746067262247"", ""last_triggered"": ""2025-07-12T15:16:10.254722+00:00"", ""mode"": ""single"", ""current"": 0, ""friendly_name"": ""aut-quarto""}"
2025-07-12T12:16:10.506157,automation.auto_banheiro,on,on,"{""id"": ""1747870075916"", ""last_triggered"": ""2025-07-12T15:16:10.501086+00:00"", ""mode"": ""single"", ""current"": 1, ""friendly_name"": ""auto-banheiro""}"
2025-07-12T12:16:10.508588,automation.auto_banheiro,on,on,"{""id"": ""1747870075916"", ""last_triggered"": ""2025-07-12T15:16:10.501086+00:00"", ""mode"": ""single"", ""current"": 0, ""friendly_name"": ""auto-banheiro""}"
2025-07-12T12:16:10.632692,sensor.arris_tg1692a_router_download_speed,0.00342414575447095,0.00615460983910248,"{""state_class"": ""measurement"", ""unit_of_measurement"": ""Mbit/s"", ""device_class"": ""data_rate"", ""friendly_name"": ""ARRIS TG1692A Router Download speed""}"
2025-07-12T12:16:10.636301,sensor.arris_tg1692a_router_upload_speed,0.00833528813876511,0.00363116647222957,"{""state_class"": ""measurement"", ""unit_of_measurement"": ""Mbit/s"", ""device_class"": ""data_rate"", ""friendly_name"": ""ARRIS TG1692A Router Upload speed""}"
2025-07-12T12:16:15.504877,automation.auto_banheiro,on,on,"{""id"": ""1747870075916"", ""last_triggered"": ""2025-07-12T15:16:15.500093+00:00"", ""mode"": ""single"", ""current"": 1, ""friendly_name"": ""auto-banheiro""}"
2025-07-12T12:16:15.506508,automation.auto_banheiro,on,on,"{""id"": ""1747870075916"", ""last_triggered"": ""2025-07-12T15:16:15.500093+00:00"", ""mode"": ""single"", ""current"": 0, ""friendly_name"": ""auto-banheiro""}"
2025-07-12T12:16:20.505541,automation.auto_banheiro,on,on,"{""id"": ""1747870075916"", ""last_triggered"": ""2025-07-12T15:16:20.500783+00:00"", ""mode"": ""single"", ""current"": 1, ""friendly_name"": ""auto-banheiro""}"
2025-07-12T12:16:20.507887,automation.auto_banheiro,on,on,"{""id"": ""1747870075916"", ""last_triggered"": ""2025-07-12T15:16:20.500783+00:00"", ""mode"": ""single"", ""current"": 0, ""friendly_name"": ""auto-banheiro""}"
2025-07-12T12:16:25.506973,automation.auto_banheiro,on,on,"{""id"": ""1747870075916"", ""last_triggered"": ""2025-07-12T15:16:25.500104+00:00"", ""mode"": ""single"", ""current"": 1, ""friendly_name"": ""auto-banheiro""}"
2025-07-12T12:16:25.508936,automation.auto_banheiro,on,on,"{""id"": ""1747870075916"", ""last_triggered"": ""2025-07-12T15:16:25.500104+00:00"", ""mode"": ""single"", ""current"": 0, ""friendly_name"": ""auto-banheiro""}"
2025-07-12T12:16:30.509698,automation.auto_banheiro,on,on,"{""id"": ""1747870075916"", ""last_triggered"": ""2025-07-12T15:16:30.501006+00:00"", ""mode"": ""single"", ""current"": 1, ""friendly_name"": ""auto-banheiro""}"
2025-07-12T12:16:30.512325,automation.auto_banheiro,on,on,"{""id"": ""1747870075916"", ""last_triggered"": ""2025-07-12T15:16:30.501006+00:00"", ""mode"": ""single"", ""current"": 0, ""friendly_name"": ""auto-banheiro""}"
2025-07-12T12:16:35.514642,automation.auto_banheiro,on,on,"{""id"": ""1747870075916"", ""last_triggered"": ""2025-07-12T15:16:35.500725+00:00"", ""mode"": ""single"", ""current"": 1, ""friendly_name"": ""auto-banheiro""}"
2025-07-12T12:16:35.518642,automation.auto_banheiro,on,on,"{""id"": ""1747870075916"", ""last_triggered"": ""2025-07-12T15:16:35.500725+00:00"", ""mode"": ""single"", ""current"": 0, ""friendly_name"": ""auto-banheiro""}"
2025-07-12T12:16:40.506988,automation.auto_banheiro,on,on,"{""id"": ""1747870075916"", ""last_triggered"": ""2025-07-12T15:16:40.500647+00:00"", ""mode"": ""single"", ""current"": 1, ""friendly_name"": ""auto-banheiro""}"
2025-07-12T12:16:40.519079,automation.auto_banheiro,on,on,"{""id"": ""1747870075916"", ""last_triggered"": ""2025-07-12T15:16:40.500647+00:00"", ""mode"": ""single"", ""current"": 0, ""friendly_name"": ""auto-banheiro""}"
2025-07-12T12:16:40.619609,sensor.arris_tg1692a_router_download_speed,0.00615460983910248,0.0217467167771744,"{""state_class"": ""measurement"", ""unit_of_measurement"": ""Mbit/s"", ""device_class"": ""data_rate"", ""friendly_name"": ""ARRIS TG1692A Router Download speed""}"
2025-07-12T12:16:40.621806,sensor.arris_tg1692a_router_upload_speed,0.00363116647222957,0.0189880099253446,"{""state_class"": ""measurement"", ""unit_of_measurement"": ""Mbit/s"", ""device_class"": ""data_rate"", ""friendly_name"": ""ARRIS TG1692A Router Upload speed""}"
2025-07-12T12:16:45.508494,automation.auto_banheiro,on,on,"{""id"": ""1747870075916"", ""last_triggered"": ""2025-07-12T15:16:45.500651+00:00"", ""mode"": ""single"", ""current"": 1, ""friendly_name"": ""auto-banheiro""}"
2025-07-12T12:16:45.510065,automation.auto_banheiro,on,on,"{""id"": ""1747870075916"", ""last_triggered"": ""2025-07-12T15:16:45.500651+00:00"", ""mode"": ""single"", ""current"": 0, ""friendly_name"": ""auto-banheiro""}"
2025-07-12T12:16:50.511636,automation.auto_banheiro,on,on,"{""id"": ""1747870075916"", ""last_triggered"": ""2025-07-12T15:16:50.501336+00:00"", ""mode"": ""single"", ""current"": 1, ""friendly_name"": ""auto-banheiro""}"
2025-07-12T12:16:50.515073,automation.auto_banheiro,on,on,"{""id"": ""1747870075916"", ""last_triggered"": ""2025-07-12T15:16:50.501336+00:00"", ""mode"": ""single"", ""current"": 0, ""friendly_name"": ""auto-banheiro""}"
2025-07-12T12:16:55.505361,automation.auto_banheiro,on,on,"{""id"": ""1747870075916"", ""last_triggered"": ""2025-07-12T15:16:55.500462+00:00"", ""mode"": ""single"", ""current"": 1, ""friendly_name"": ""auto-banheiro""}"
2025-07-12T12:16:55.507028,automation.auto_banheiro,on,on,"{""id"": ""1747870075916"", ""last_triggered"": ""2025-07-12T15:16:55.500462+00:00"", ""mode"": ""single"", ""current"": 0, ""friendly_name"": ""auto-banheiro""}"
2025-07-12T12:17:00.505354,automation.auto_banheiro,on,on,"{""id"": ""1747870075916"", ""last_triggered"": ""2025-07-12T15:17:00.499862+00:00"", ""mode"": ""single"", ""current"": 1, ""friendly_name"": ""auto-banheiro""}"
2025-07-12T12:17:00.507698,automation.auto_banheiro,on,on,"{""id"": ""1747870075916"", ""last_triggered"": ""2025-07-12T15:17:00.499862+00:00"", ""mode"": ""single"", ""current"": 0, ""friendly_name"": ""auto-banheiro""}"
2025-07-12T12:17:05.523148,automation.auto_banheiro,on,on,"{""id"": ""1747870075916"", ""last_triggered"": ""2025-07-12T15:17:05.501380+00:00"", ""mode"": ""single"", ""current"": 1, ""friendly_name"": ""auto-banheiro""}"
2025-07-12T12:17:05.527975,automation.auto_banheiro,on,on,"{""id"": ""1747870075916"", ""last_triggered"": ""2025-07-12T15:17:05.501380+00:00"", ""mode"": ""single"", ""current"": 0, ""friendly_name"": ""auto-banheiro""}"
2025-07-12T12:17:10.114340,automation.aut_status_bruno,on,on,"{""id"": ""1751855857509"", ""last_triggered"": ""2025-07-12T15:17:10.107798+00:00"", ""mode"": ""single"", ""current"": 1, ""friendly_name"": ""aut-status-bruno""}"
2025-07-12T12:17:10.116601,automation.aut_status_bruno,on,on,"{""id"": ""1751855857509"", ""last_triggered"": ""2025-07-12T15:17:10.107798+00:00"", ""mode"": ""single"", ""current"": 0, ""friendly_name"": ""aut-status-bruno""}"
2025-07-12T12:17:10.258833,automation.aut_lampada_quarto,on,on,"{""id"": ""1746067262247"", ""last_triggered"": ""2025-07-12T15:17:10.254829+00:00"", ""mode"": ""single"", ""current"": 1, ""friendly_name"": ""aut-quarto""}"
2025-07-12T12:17:10.260464,automation.aut_lampada_quarto,on,on,"{""id"": ""1746067262247"", ""last_triggered"": ""2025-07-12T15:17:10.254829+00:00"", ""mode"": ""single"", ""current"": 0, ""friendly_name"": ""aut-quarto""}"
2025-07-12T12:17:10.505115,automation.auto_banheiro,on,on,"{""id"": ""1747870075916"", ""last_triggered"": ""2025-07-12T15:17:10.500437+00:00"", ""mode"": ""single"", ""current"": 1, ""friendly_name"": ""auto-banheiro""}"
2025-07-12T12:17:10.506726,automation.auto_banheiro,on,on,"{""id"": ""1747870075916"", ""last_triggered"": ""2025-07-12T15:17:10.500437+00:00"", ""mode"": ""single"", ""current"": 0, ""friendly_name"": ""auto-banheiro""}"
2025-07-12T12:17:10.612958,sensor.arris_tg1692a_router_download_speed,0.0217467167771744,0.00498947875566624,"{""state_class"": ""measurement"", ""unit_of_measurement"": ""Mbit/s"", ""device_class"": ""data_rate"", ""friendly_name"": ""ARRIS TG1692A Router Download speed""}"
2025-07-12T12:17:10.614554,sensor.arris_tg1692a_router_upload_speed,0.0189880099253446,0.00415376573015942,"{""state_class"": ""measurement"", ""unit_of_measurement"": ""Mbit/s"", ""device_class"": ""data_rate"", ""friendly_name"": ""ARRIS TG1692A Router Upload speed""}"
2025-07-12T12:17:15.505155,automation.auto_banheiro,on,on,"{""id"": ""1747870075916"", ""last_triggered"": ""2025-07-12T15:17:15.500431+00:00"", ""mode"": ""single"", ""current"": 1, ""friendly_name"": ""auto-banheiro""}"
2025-07-12T12:17:15.507090,automation.auto_banheiro,on,on,"{""id"": ""1747870075916"", ""last_triggered"": ""2025-07-12T15:17:15.500431+00:00"", ""mode"": ""single"", ""current"": 0, ""friendly_name"": ""auto-banheiro""}"
2025-07-12T12:17:20.509238,automation.auto_banheiro,on,on,"{""id"": ""1747870075916"", ""last_triggered"": ""2025-07-12T15:17:20.501335+00:00"", ""mode"": ""single"", ""current"": 1, ""friendly_name"": ""auto-banheiro""}"
2025-07-12T12:17:20.511668,automation.auto_banheiro,on,on,"{""id"": ""1747870075916"", ""last_triggered"": ""2025-07-12T15:17:20.501335+00:00"", ""mode"": ""single"", ""current"": 0, ""friendly_name"": ""auto-banheiro""}"
2025-07-12T12:17:24.135197,binary_sensor.presenca_banheiro_motion,on,off,"{""device_class"": ""motion"", ""friendly_name"": ""Presen\u00e7a banheiro Motion""}"
2025-07-12T12:17:24.140240,automation.auto_banheiro,on,on,"{""id"": ""1747870075916"", ""last_triggered"": ""2025-07-12T15:17:24.110815+00:00"", ""mode"": ""single"", ""current"": 1, ""friendly_name"": ""auto-banheiro""}"
2025-07-12T12:17:24.797194,automation.auto_banheiro,on,on,"{""id"": ""1747870075916"", ""last_triggered"": ""2025-07-12T15:17:24.110815+00:00"", ""mode"": ""single"", ""current"": 0, ""friendly_name"": ""auto-banheiro""}"
2025-07-12T12:17:25.357897,switch.interruptor_banheiro_switch_1,on,off,"{""device_class"": ""outlet"", ""friendly_name"": ""Interruptor banheiro Switch 1""}"
2025-07-12T12:17:25.360944,switch.interruptor_banheiro_switch_2,on,off,"{""device_class"": ""outlet"", ""friendly_name"": ""Interruptor banheiro Switch 2""}"
2025-07-12T12:17:25.505079,automation.auto_banheiro,on,on,"{""id"": ""1747870075916"", ""last_triggered"": ""2025-07-12T15:17:25.500272+00:00"", ""mode"": ""single"", ""current"": 1, ""friendly_name"": ""auto-banheiro""}"
2025-07-12T12:17:25.507326,automation.auto_banheiro,on,on,"{""id"": ""1747870075916"", ""last_triggered"": ""2025-07-12T15:17:25.500272+00:00"", ""mode"": ""single"", ""current"": 0, ""friendly_name"": ""auto-banheiro""}"
2025-07-12T12:17:30.508833,automation.auto_banheiro,on,on,"{""id"": ""1747870075916"", ""last_triggered"": ""2025-07-12T15:17:30.499952+00:00"", ""mode"": ""single"", ""current"": 1, ""friendly_name"": ""auto-banheiro""}"
2025-07-12T12:17:30.510476,automation.auto_banheiro,on,on,"{""id"": ""1747870075916"", ""last_triggered"": ""2025-07-12T15:17:30.499952+00:00"", ""mode"": ""single"", ""current"": 0, ""friendly_name"": ""auto-banheiro""}"
2025-07-12T12:17:35.516580,automation.auto_banheiro,on,on,"{""id"": ""1747870075916"", ""last_triggered"": ""2025-07-12T15:17:35.500463+00:00"", ""mode"": ""single"", ""current"": 1, ""friendly_name"": ""auto-banheiro""}"
2025-07-12T12:17:35.519702,automation.auto_banheiro,on,on,"{""id"": ""1747870075916"", ""last_triggered"": ""2025-07-12T15:17:35.500463+00:00"", ""mode"": ""single"", ""current"": 0, ""friendly_name"": ""auto-banheiro""}"
2025-07-12T12:17:37.433925,weather.forecast_home,partlycloudy,partlycloudy,"{""temperature"": 24.5, ""dew_point"": 18.8, ""temperature_unit"": ""\u00b0C"", ""humidity"": 71, ""cloud_coverage"": 50.8, ""uv_index"": 7.9, ""pressure"": 1021.1, ""pressure_unit"": ""hPa"", ""wind_bearing"": 129.6, ""wind_speed"": 29.9, ""wind_speed_unit"": ""km/h"", ""visibility_unit"": ""km"", ""precipitation_unit"": ""mm"", ""attribution"": ""Weather forecast from met.no, delivered by the Norwegian Meteorological Institute."", ""friendly_name"": ""Forecast Home"", ""supported_features"": 3}"
2025-07-12T12:17:40.506179,automation.auto_banheiro,on,on,"{""id"": ""1747870075916"", ""last_triggered"": ""2025-07-12T15:17:40.500692+00:00"", ""mode"": ""single"", ""current"": 1, ""friendly_name"": ""auto-banheiro""}"
2025-07-12T12:17:40.508049,automation.auto_banheiro,on,on,"{""id"": ""1747870075916"", ""last_triggered"": ""2025-07-12T15:17:40.500692+00:00"", ""mode"": ""single"", ""current"": 0, ""friendly_name"": ""auto-banheiro""}"
2025-07-12T12:17:40.610917,sensor.arris_tg1692a_router_download_speed,0.00498947875566624,0.00848682989669501,"{""state_class"": ""measurement"", ""unit_of_measurement"": ""Mbit/s"", ""device_class"": ""data_rate"", ""friendly_name"": ""ARRIS TG1692A Router Download speed""}"
2025-07-12T12:17:40.613150,sensor.arris_tg1692a_router_upload_speed,0.00415376573015942,0.00338219838428226,"{""state_class"": ""measurement"", ""unit_of_measurement"": ""Mbit/s"", ""device_class"": ""data_rate"", ""friendly_name"": ""ARRIS TG1692A Router Upload speed""}"
2025-07-12T12:17:45.510450,automation.auto_banheiro,on,on,"{""id"": ""1747870075916"", ""last_triggered"": ""2025-07-12T15:17:45.500690+00:00"", ""mode"": ""single"", ""current"": 1, ""friendly_name"": ""auto-banheiro""}"
2025-07-12T12:17:45.513014,automation.auto_banheiro,on,on,"{""id"": ""1747870075916"", ""last_triggered"": ""2025-07-12T15:17:45.500690+00:00"", ""mode"": ""single"", ""current"": 0, ""friendly_name"": ""auto-banheiro""}"
2025-07-12T12:17:50.511689,automation.auto_banheiro,on,on,"{""id"": ""1747870075916"", ""last_triggered"": ""2025-07-12T15:17:50.500700+00:00"", ""mode"": ""single"", ""current"": 1, ""friendly_name"": ""auto-banheiro""}"
2025-07-12T12:17:50.514166,automation.auto_banheiro,on,on,"{""id"": ""1747870075916"", ""last_triggered"": ""2025-07-12T15:17:50.500700+00:00"", ""mode"": ""single"", ""current"": 0, ""friendly_name"": ""auto-banheiro""}"
2025-07-12T12:17:55.505793,automation.auto_banheiro,on,on,"{""id"": ""1747870075916"", ""last_triggered"": ""2025-07-12T15:17:55.500846+00:00"", ""mode"": ""single"", ""current"": 1, ""friendly_name"": ""auto-banheiro""}"
2025-07-12T12:17:55.507505,automation.auto_banheiro,on,on,"{""id"": ""1747870075916"", ""last_triggered"": ""2025-07-12T15:17:55.500846+00:00"", ""mode"": ""single"", ""current"": 0, ""friendly_name"": ""auto-banheiro""}"
2025-07-12T12:18:00.505264,automation.auto_banheiro,on,on,"{""id"": ""1747870075916"", ""last_triggered"": ""2025-07-12T15:18:00.500449+00:00"", ""mode"": ""single"", ""current"": 1, ""friendly_name"": ""auto-banheiro""}"
2025-07-12T12:18:00.506886,automation.auto_banheiro,on,on,"{""id"": ""1747870075916"", ""last_triggered"": ""2025-07-12T15:18:00.500449+00:00"", ""mode"": ""single"", ""current"": 0, ""friendly_name"": ""auto-banheiro""}"
2025-07-12T12:18:05.521793,automation.auto_banheiro,on,on,"{""id"": ""1747870075916"", ""last_triggered"": ""2025-07-12T15:18:05.501678+00:00"", ""mode"": ""single"", ""current"": 1, ""friendly_name"": ""auto-banheiro""}"
2025-07-12T12:18:05.526062,automation.auto_banheiro,on,on,"{""id"": ""1747870075916"", ""last_triggered"": ""2025-07-12T15:18:05.501678+00:00"", ""mode"": ""single"", ""current"": 0, ""friendly_name"": ""auto-banheiro""}"
2025-07-12T12:18:10.117264,automation.aut_status_bruno,on,on,"{""id"": ""1751855857509"", ""last_triggered"": ""2025-07-12T15:18:10.107886+00:00"", ""mode"": ""single"", ""current"": 1, ""friendly_name"": ""aut-status-bruno""}"
2025-07-12T12:18:10.119526,automation.aut_status_bruno,on,on,"{""id"": ""1751855857509"", ""last_triggered"": ""2025-07-12T15:18:10.107886+00:00"", ""mode"": ""single"", ""current"": 0, ""friendly_name"": ""aut-status-bruno""}"
2025-07-12T12:18:10.260024,automation.aut_lampada_quarto,on,on,"{""id"": ""1746067262247"", ""last_triggered"": ""2025-07-12T15:18:10.255484+00:00"", ""mode"": ""single"", ""current"": 1, ""friendly_name"": ""aut-quarto""}"
2025-07-12T12:18:10.261515,automation.aut_lampada_quarto,on,on,"{""id"": ""1746067262247"", ""last_triggered"": ""2025-07-12T15:18:10.255484+00:00"", ""mode"": ""single"", ""current"": 0, ""friendly_name"": ""aut-quarto""}"
2025-07-12T12:18:10.504879,automation.auto_banheiro,on,on,"{""id"": ""1747870075916"", ""last_triggered"": ""2025-07-12T15:18:10.500087+00:00"", ""mode"": ""single"", ""current"": 1, ""friendly_name"": ""auto-banheiro""}"
2025-07-12T12:18:10.506434,automation.auto_banheiro,on,on,"{""id"": ""1747870075916"", ""last_triggered"": ""2025-07-12T15:18:10.500087+00:00"", ""mode"": ""single"", ""current"": 0, ""friendly_name"": ""auto-banheiro""}"
2025-07-12T12:18:10.614470,sensor.arris_tg1692a_router_download_speed,0.00848682989669501,0.0038106378328404,"{""state_class"": ""measurement"", ""unit_of_measurement"": ""Mbit/s"", ""device_class"": ""data_rate"", ""friendly_name"": ""ARRIS TG1692A Router Download speed""}"
2025-07-12T12:18:10.616206,sensor.arris_tg1692a_router_upload_speed,0.00338219838428226,0.00203491793578762,"{""state_class"": ""measurement"", ""unit_of_measurement"": ""Mbit/s"", ""device_class"": ""data_rate"", ""friendly_name"": ""ARRIS TG1692A Router Upload speed""}"
2025-07-12T12:18:15.505786,automation.auto_banheiro,on,on,"{""id"": ""1747870075916"", ""last_triggered"": ""2025-07-12T15:18:15.500283+00:00"", ""mode"": ""single"", ""current"": 1, ""friendly_name"": ""auto-banheiro""}"
2025-07-12T12:18:15.507505,automation.auto_banheiro,on,on,"{""id"": ""1747870075916"", ""last_triggered"": ""2025-07-12T15:18:15.500283+00:00"", ""mode"": ""single"", ""current"": 0, ""friendly_name"": ""auto-banheiro""}"
2025-07-12T12:18:20.505073,automation.auto_banheiro,on,on,"{""id"": ""1747870075916"", ""last_triggered"": ""2025-07-12T15:18:20.500160+00:00"", ""mode"": ""single"", ""current"": 1, ""friendly_name"": ""auto-banheiro""}"
2025-07-12T12:18:20.506744,automation.auto_banheiro,on,on,"{""id"": ""1747870075916"", ""last_triggered"": ""2025-07-12T15:18:20.500160+00:00"", ""mode"": ""single"", ""current"": 0, ""friendly_name"": ""auto-banheiro""}"
2025-07-12T12:18:25.514454,automation.auto_banheiro,on,on,"{""id"": ""1747870075916"", ""last_triggered"": ""2025-07-12T15:18:25.501358+00:00"", ""mode"": ""single"", ""current"": 1, ""friendly_name"": ""auto-banheiro""}"
2025-07-12T12:18:25.517997,automation.auto_banheiro,on,on,"{""id"": ""1747870075916"", ""last_triggered"": ""2025-07-12T15:18:25.501358+00:00"", ""mode"": ""single"", ""current"": 0, ""friendly_name"": ""auto-banheiro""}"
2025-07-12T12:18:30.507554,automation.auto_banheiro,on,on,"{""id"": ""1747870075916"", ""last_triggered"": ""2025-07-12T15:18:30.500688+00:00"", ""mode"": ""single"", ""current"": 1, ""friendly_name"": ""auto-banheiro""}"
2025-07-12T12:18:30.509092,automation.auto_banheiro,on,on,"{""id"": ""1747870075916"", ""last_triggered"": ""2025-07-12T15:18:30.500688+00:00"", ""mode"": ""single"", ""current"": 0, ""friendly_name"": ""auto-banheiro""}"
2025-07-12T12:18:35.506425,automation.auto_banheiro,on,on,"{""id"": ""1747870075916"", ""last_triggered"": ""2025-07-12T15:18:35.500112+00:00"", ""mode"": ""single"", ""current"": 1, ""friendly_name"": ""auto-banheiro""}"
2025-07-12T12:18:35.508388,automation.auto_banheiro,on,on,"{""id"": ""1747870075916"", ""last_triggered"": ""2025-07-12T15:18:35.500112+00:00"", ""mode"": ""single"", ""current"": 0, ""friendly_name"": ""auto-banheiro""}"
2025-07-12T12:18:40.507020,automation.auto_banheiro,on,on,"{""id"": ""1747870075916"", ""last_triggered"": ""2025-07-12T15:18:40.500391+00:00"", ""mode"": ""single"", ""current"": 1, ""friendly_name"": ""auto-banheiro""}"
2025-07-12T12:18:40.508974,automation.auto_banheiro,on,on,"{""id"": ""1747870075916"", ""last_triggered"": ""2025-07-12T15:18:40.500391+00:00"", ""mode"": ""single"", ""current"": 0, ""friendly_name"": ""auto-banheiro""}"
2025-07-12T12:18:40.610254,sensor.arris_tg1692a_router_download_speed,0.0038106378328404,0.00193811227251331,"{""state_class"": ""measurement"", ""unit_of_measurement"": ""Mbit/s"", ""device_class"": ""data_rate"", ""friendly_name"": ""ARRIS TG1692A Router Download speed""}"
2025-07-12T12:18:40.612200,sensor.arris_tg1692a_router_upload_speed,0.00203491793578762,0.00245970660452156,"{""state_class"": ""measurement"", ""unit_of_measurement"": ""Mbit/s"", ""device_class"": ""data_rate"", ""friendly_name"": ""ARRIS TG1692A Router Upload speed""}"
2025-07-12T12:18:45.511000,automation.auto_banheiro,on,on,"{""id"": ""1747870075916"", ""last_triggered"": ""2025-07-12T15:18:45.500195+00:00"", ""mode"": ""single"", ""current"": 1, ""friendly_name"": ""auto-banheiro""}"
2025-07-12T12:18:45.513768,automation.auto_banheiro,on,on,"{""id"": ""1747870075916"", ""last_triggered"": ""2025-07-12T15:18:45.500195+00:00"", ""mode"": ""single"", ""current"": 0, ""friendly_name"": ""auto-banheiro""}"
2025-07-12T12:18:50.504625,automation.auto_banheiro,on,on,"{""id"": ""1747870075916"", ""last_triggered"": ""2025-07-12T15:18:50.499797+00:00"", ""mode"": ""single"", ""current"": 1, ""friendly_name"": ""auto-banheiro""}"
2025-07-12T12:18:50.506337,automation.auto_banheiro,on,on,"{""id"": ""1747870075916"", ""last_triggered"": ""2025-07-12T15:18:50.499797+00:00"", ""mode"": ""single"", ""current"": 0, ""friendly_name"": ""auto-banheiro""}"
2025-07-12T12:18:55.505711,automation.auto_banheiro,on,on,"{""id"": ""1747870075916"", ""last_triggered"": ""2025-07-12T15:18:55.499902+00:00"", ""mode"": ""single"", ""current"": 1, ""friendly_name"": ""auto-banheiro""}"
2025-07-12T12:18:55.507512,automation.auto_banheiro,on,on,"{""id"": ""1747870075916"", ""last_triggered"": ""2025-07-12T15:18:55.499902+00:00"", ""mode"": ""single"", ""current"": 0, ""friendly_name"": ""auto-banheiro""}"
2025-07-12T12:19:00.506644,automation.auto_banheiro,on,on,"{""id"": ""1747870075916"", ""last_triggered"": ""2025-07-12T15:19:00.500655+00:00"", ""mode"": ""single"", ""current"": 1, ""friendly_name"": ""auto-banheiro""}"
2025-07-12T12:19:00.508712,automation.auto_banheiro,on,on,"{""id"": ""1747870075916"", ""last_triggered"": ""2025-07-12T15:19:00.500655+00:00"", ""mode"": ""single"", ""current"": 0, ""friendly_name"": ""auto-banheiro""}"
2025-07-12T12:19:05.512885,automation.auto_banheiro,on,on,"{""id"": ""1747870075916"", ""last_triggered"": ""2025-07-12T15:19:05.500649+00:00"", ""mode"": ""single"", ""current"": 1, ""friendly_name"": ""auto-banheiro""}"
2025-07-12T12:19:05.516023,automation.auto_banheiro,on,on,"{""id"": ""1747870075916"", ""last_triggered"": ""2025-07-12T15:19:05.500649+00:00"", ""mode"": ""single"", ""current"": 0, ""friendly_name"": ""auto-banheiro""}"
2025-07-12T12:19:10.128161,automation.aut_status_bruno,on,on,"{""id"": ""1751855857509"", ""last_triggered"": ""2025-07-12T15:19:10.109316+00:00"", ""mode"": ""single"", ""current"": 1, ""friendly_name"": ""aut-status-bruno""}"
2025-07-12T12:19:10.135775,automation.aut_status_bruno,on,on,"{""id"": ""1751855857509"", ""last_triggered"": ""2025-07-12T15:19:10.109316+00:00"", ""mode"": ""single"", ""current"": 0, ""friendly_name"": ""aut-status-bruno""}"
2025-07-12T12:19:10.259273,automation.aut_lampada_quarto,on,on,"{""id"": ""1746067262247"", ""last_triggered"": ""2025-07-12T15:19:10.255364+00:00"", ""mode"": ""single"", ""current"": 1, ""friendly_name"": ""aut-quarto""}"
2025-07-12T12:19:10.260919,automation.aut_lampada_quarto,on,on,"{""id"": ""1746067262247"", ""last_triggered"": ""2025-07-12T15:19:10.255364+00:00"", ""mode"": ""single"", ""current"": 0, ""friendly_name"": ""aut-quarto""}"
2025-07-12T12:19:10.505317,automation.auto_banheiro,on,on,"{""id"": ""1747870075916"", ""last_triggered"": ""2025-07-12T15:19:10.500587+00:00"", ""mode"": ""single"", ""current"": 1, ""friendly_name"": ""auto-banheiro""}"
2025-07-12T12:19:10.506851,automation.auto_banheiro,on,on,"{""id"": ""1747870075916"", ""last_triggered"": ""2025-07-12T15:19:10.500587+00:00"", ""mode"": ""single"", ""current"": 0, ""friendly_name"": ""auto-banheiro""}"
2025-07-12T12:19:10.614715,sensor.arris_tg1692a_router_download_speed,0.00193811227251331,0.00270270468471256,"{""state_class"": ""measurement"", ""unit_of_measurement"": ""Mbit/s"", ""device_class"": ""data_rate"", ""friendly_name"": ""ARRIS TG1692A Router Download speed""}"
2025-07-12T12:19:10.616412,sensor.arris_tg1692a_router_upload_speed,0.00245970660452156,0.00175149130431101,"{""state_class"": ""measurement"", ""unit_of_measurement"": ""Mbit/s"", ""device_class"": ""data_rate"", ""friendly_name"": ""ARRIS TG1692A Router Upload speed""}"
2025-07-12T12:19:15.514926,automation.auto_banheiro,on,on,"{""id"": ""1747870075916"", ""last_triggered"": ""2025-07-12T15:19:15.500941+00:00"", ""mode"": ""single"", ""current"": 1, ""friendly_name"": ""auto-banheiro""}"
2025-07-12T12:19:15.519170,automation.auto_banheiro,on,on,"{""id"": ""1747870075916"", ""last_triggered"": ""2025-07-12T15:19:15.500941+00:00"", ""mode"": ""single"", ""current"": 0, ""friendly_name"": ""auto-banheiro""}"
2025-07-12T12:19:20.505333,automation.auto_banheiro,on,on,"{""id"": ""1747870075916"", ""last_triggered"": ""2025-07-12T15:19:20.500443+00:00"", ""mode"": ""single"", ""current"": 1, ""friendly_name"": ""auto-banheiro""}"
2025-07-12T12:19:20.506994,automation.auto_banheiro,on,on,"{""id"": ""1747870075916"", ""last_triggered"": ""2025-07-12T15:19:20.500443+00:00"", ""mode"": ""single"", ""current"": 0, ""friendly_name"": ""auto-banheiro""}"
2025-07-12T12:19:25.166620,camera.192_168_0_33,idle,idle,"{""access_token"": ""317d69d38caaef49cb27dd9c663526393ffe6c833f94fc75233aa4bfd1881cdb"", ""entity_picture"": ""/api/camera_proxy/camera.192_168_0_33?token=317d69d38caaef49cb27dd9c663526393ffe6c833f94fc75233aa4bfd1881cdb"", ""friendly_name"": ""192_168_0_14"", ""supported_features"": 2}"
2025-07-12T12:19:25.168491,camera.admin_mainstream,idle,idle,"{""access_token"": ""8bbd3b49b208b9a143ed62b0b77760483e73b6c4711947c2ca827a422e95b6df"", ""entity_picture"": ""/api/camera_proxy/camera.admin_mainstream?token=8bbd3b49b208b9a143ed62b0b77760483e73b6c4711947c2ca827a422e95b6df"", ""friendly_name"": ""admin MainStream"", ""supported_features"": 2}"
2025-07-12T12:19:25.170162,camera.admin_substream,idle,idle,"{""access_token"": ""cff3d2a8b9b42e238a4b0acf145f0e13ab1df79894deeea765a7f6ca35690c3"", ""entity_picture"": ""/api/camera_proxy/camera.admin_substream?token=cff3d2a8b9b42e238a4b0acf145f0e13ab1df79894deeea765a7f6ca35690c3"", ""friendly_name"": ""admin SubStream"", ""supported_features"": 2}"
2025-07-12T12:19:25.521247,automation.auto_banheiro,on,on,"{""id"": ""1747870075916"", ""last_triggered"": ""2025-07-12T15:19:25.500033+00:00"", ""mode"": ""single"", ""current"": 1, ""friendly_name"": ""auto-banheiro""}"
2025-07-12T12:19:25.522993,automation.auto_banheiro,on,on,"{""id"": ""1747870075916"", ""last_triggered"": ""2025-07-12T15:19:25.500033+00:00"", ""mode"": ""single"", ""current"": 0, ""friendly_name"": ""auto-banheiro""}"
2025-07-12T12:19:30.505210,automation.auto_banheiro,on,on,"{""id"": ""1747870075916"", ""last_triggered"": ""2025-07-12T15:19:30.500383+00:00"", ""mode"": ""single"", ""current"": 1, ""friendly_name"": ""auto-banheiro""}"
2025-07-12T12:19:30.507089,automation.auto_banheiro,on,on,"{""id"": ""1747870075916"", ""last_triggered"": ""2025-07-12T15:19:30.500383+00:00"", ""mode"": ""single"", ""current"": 0, ""friendly_name"": ""auto-banheiro""}"
2025-07-12T12:19:35.505737,automation.auto_banheiro,on,on,"{""id"": ""1747870075916"", ""last_triggered"": ""2025-07-12T15:19:35.500043+00:00"", ""mode"": ""single"", ""current"": 1, ""friendly_name"": ""auto-banheiro""}"
2025-07-12T12:19:35.508575,automation.auto_banheiro,on,on,"{""id"": ""1747870075916"", ""last_triggered"": ""2025-07-12T15:19:35.500043+00:00"", ""mode"": ""single"", ""current"": 0, ""friendly_name"": ""auto-banheiro""}"
2025-07-12T12:19:40.505051,automation.auto_banheiro,on,on,"{""id"": ""1747870075916"", ""last_triggered"": ""2025-07-12T15:19:40.500211+00:00"", ""mode"": ""single"", ""current"": 1, ""friendly_name"": ""auto-banheiro""}"
2025-07-12T12:19:40.506915,automation.auto_banheiro,on,on,"{""id"": ""1747870075916"", ""last_triggered"": ""2025-07-12T15:19:40.500211+00:00"", ""mode"": ""single"", ""current"": 0, ""friendly_name"": ""auto-banheiro""}"
2025-07-12T12:19:40.617726,sensor.arris_tg1692a_router_download_speed,0.00270270468471256,0.00135228803281759,"{""state_class"": ""measurement"", ""unit_of_measurement"": ""Mbit/s"", ""device_class"": ""data_rate"", ""friendly_name"": ""ARRIS TG1692A Router Download speed""}"
2025-07-12T12:19:40.619523,sensor.arris_tg1692a_router_upload_speed,0.00175149130431101,0.0026141746372926,"{""state_class"": ""measurement"", ""unit_of_measurement"": ""Mbit/s"", ""device_class"": ""data_rate"", ""friendly_name"": ""ARRIS TG1692A Router Upload speed""}"
2025-07-12T12:19:42.015101,sun.sun,above_horizon,above_horizon,"{""next_dawn"": ""2025-07-13T08:34:17.857562+00:00"", ""next_dusk"": ""2025-07-12T20:45:20.313231+00:00"", ""next_midnight"": ""2025-07-13T02:39:54+00:00"", ""next_noon"": ""2025-07-13T14:39:50+00:00"", ""next_rising"": ""2025-07-13T08:57:32.537391+00:00"", ""next_setting"": ""2025-07-12T20:22:04.562792+00:00"", ""elevation"": 53.79, ""azimuth"": 344.21, ""rising"": false, ""friendly_name"": ""Sun""}"
2025-07-12T12:19:45.505824,automation.auto_banheiro,on,on,"{""id"": ""1747870075916"", ""last_triggered"": ""2025-07-12T15:19:45.501057+00:00"", ""mode"": ""single"", ""current"": 1, ""friendly_name"": ""auto-banheiro""}"
2025-07-12T12:19:45.508909,automation.auto_banheiro,on,on,"{""id"": ""1747870075916"", ""last_triggered"": ""2025-07-12T15:19:45.501057+00:00"", ""mode"": ""single"", ""current"": 0, ""friendly_name"": ""auto-banheiro""}"
2025-07-12T12:19:50.510156,automation.auto_banheiro,on,on,"{""id"": ""1747870075916"", ""last_triggered"": ""2025-07-12T15:19:50.500133+00:00"", ""mode"": ""single"", ""current"": 1, ""friendly_name"": ""auto-banheiro""}"
2025-07-12T12:19:50.512446,automation.auto_banheiro,on,on,"{""id"": ""1747870075916"", ""last_triggered"": ""2025-07-12T15:19:50.500133+00:00"", ""mode"": ""single"", ""current"": 0, ""friendly_name"": ""auto-banheiro""}"
2025-07-12T12:19:55.504973,automation.auto_banheiro,on,on,"{""id"": ""1747870075916"", ""last_triggered"": ""2025-07-12T15:19:55.499888+00:00"", ""mode"": ""single"", ""current"": 1, ""friendly_name"": ""auto-banheiro""}"
2025-07-12T12:19:55.507204,automation.auto_banheiro,on,on,"{""id"": ""1747870075916"", ""last_triggered"": ""2025-07-12T15:19:55.499888+00:00"", ""mode"": ""single"", ""current"": 0, ""friendly_name"": ""auto-banheiro""}"
2025-07-12T12:19:59.767437,media_player.lg_webos_tv_oled42c2psa_2,on,on,"{""source_list"": [""Amazon Alexa"", ""Amazon Music"", ""Apple TV"", ""Apps"", ""Clarovideo"", ""Compartilhamento de Ambiente para Ambiente"", ""C\u00e2mera"", ""Disney+"", ""Esportes"", ""Globoplay"", ""HDMI 1"", ""HDMI 2"", ""HDMI 3"", ""HDMI 4"", ""Hub Inicial"", ""Kanto"", ""LG Channels"", ""LG Gaming Portal"", ""Live TV"", ""Mercado Play"", ""Navegador Web"", ""Netflix"", ""Prime Video"", ""Reprodutor de M\u00eddia"", ""Sempre Pronto"", ""Twitch"", ""YouTube""], ""volume_level"": 0.08, ""is_volume_muted"": false, ""source"": ""YouTube"", ""sound_output"": ""tv_external_speaker"", ""assumed_state"": true, ""device_class"": ""tv"", ""entity_picture"": ""/api/media_player_proxy/media_player.lg_webos_tv_oled42c2psa_2?token=7cc859caa677cb6b72c183607fe83e306f214db9fa8ef18976485f6b0cd59f6e&cache=d615266ef42c4b6f"", ""friendly_name"": ""LG webOS TV OLED42C2PSA"", ""supported_features"": 24381}"
2025-07-12T12:20:00.505498,automation.auto_banheiro,on,on,"{""id"": ""1747870075916"", ""last_triggered"": ""2025-07-12T15:20:00.500789+00:00"", ""mode"": ""single"", ""current"": 1, ""friendly_name"": ""auto-banheiro""}"
2025-07-12T12:20:00.507228,automation.auto_banheiro,on,on,"{""id"": ""1747870075916"", ""last_triggered"": ""2025-07-12T15:20:00.500789+00:00"", ""mode"": ""single"", ""current"": 0, ""friendly_name"": ""auto-banheiro""}"
2025-07-12T12:20:05.504812,automation.auto_banheiro,on,on,"{""id"": ""1747870075916"", ""last_triggered"": ""2025-07-12T15:20:05.500033+00:00"", ""mode"": ""single"", ""current"": 1, ""friendly_name"": ""auto-banheiro""}"
2025-07-12T12:20:05.506393,automation.auto_banheiro,on,on,"{""id"": ""1747870075916"", ""last_triggered"": ""2025-07-12T15:20:05.500033+00:00"", ""mode"": ""single"", ""current"": 0, ""friendly_name"": ""auto-banheiro""}"
2025-07-12T12:20:10.159713,automation.aut_status_bruno,on,on,"{""id"": ""1751855857509"", ""last_triggered"": ""2025-07-12T15:20:10.108286+00:00"", ""mode"": ""single"", ""current"": 1, ""friendly_name"": ""aut-status-bruno""}"
2025-07-12T12:20:10.161633,automation.aut_status_bruno,on,on,"{""id"": ""1751855857509"", ""last_triggered"": ""2025-07-12T15:20:10.108286+00:00"", ""mode"": ""single"", ""current"": 0, ""friendly_name"": ""aut-status-bruno""}"
2025-07-12T12:20:10.259644,automation.aut_lampada_quarto,on,on,"{""id"": ""1746067262247"", ""last_triggered"": ""2025-07-12T15:20:10.255394+00:00"", ""mode"": ""single"", ""current"": 1, ""friendly_name"": ""aut-quarto""}"
2025-07-12T12:20:10.261165,automation.aut_lampada_quarto,on,on,"{""id"": ""1746067262247"", ""last_triggered"": ""2025-07-12T15:20:10.255394+00:00"", ""mode"": ""single"", ""current"": 0, ""friendly_name"": ""aut-quarto""}"
2025-07-12T12:20:10.505362,automation.auto_banheiro,on,on,"{""id"": ""1747870075916"", ""last_triggered"": ""2025-07-12T15:20:10.500639+00:00"", ""mode"": ""single"", ""current"": 1, ""friendly_name"": ""auto-banheiro""}"
2025-07-12T12:20:10.506979,automation.auto_banheiro,on,on,"{""id"": ""1747870075916"", ""last_triggered"": ""2025-07-12T15:20:10.500639+00:00"", ""mode"": ""single"", ""current"": 0, ""friendly_name"": ""auto-banheiro""}"
2025-07-12T12:20:10.614548,sensor.arris_tg1692a_router_download_speed,0.00135228803281759,0.00267358886004642,"{""state_class"": ""measurement"", ""unit_of_measurement"": ""Mbit/s"", ""device_class"": ""data_rate"", ""friendly_name"": ""ARRIS TG1692A Router Download speed""}"
2025-07-12T12:20:10.616297,sensor.arris_tg1692a_router_upload_speed,0.0026141746372926,0.00190639205669976,"{""state_class"": ""measurement"", ""unit_of_measurement"": ""Mbit/s"", ""device_class"": ""data_rate"", ""friendly_name"": ""ARRIS TG1692A Router Upload speed""}"
2025-07-12T12:20:15.505198,automation.auto_banheiro,on,on,"{""id"": ""1747870075916"", ""last_triggered"": ""2025-07-12T15:20:15.500369+00:00"", ""mode"": ""single"", ""current"": 1, ""friendly_name"": ""auto-banheiro""}"
2025-07-12T12:20:15.506862,automation.auto_banheiro,on,on,"{""id"": ""1747870075916"", ""last_triggered"": ""2025-07-12T15:20:15.500369+00:00"", ""mode"": ""single"", ""current"": 0, ""friendly_name"": ""auto-banheiro""}"
2025-07-12T12:20:20.511893,automation.auto_banheiro,on,on,"{""id"": ""1747870075916"", ""last_triggered"": ""2025-07-12T15:20:20.500568+00:00"", ""mode"": ""single"", ""current"": 1, ""friendly_name"": ""auto-banheiro""}"
2025-07-12T12:20:20.515939,automation.auto_banheiro,on,on,"{""id"": ""1747870075916"", ""last_triggered"": ""2025-07-12T15:20:20.500568+00:00"", ""mode"": ""single"", ""current"": 0, ""friendly_name"": ""auto-banheiro""}"
2025-07-12T12:20:23.861082,media_player.lg_webos_tv_oled42c2psa_2,on,on,"{""source_list"": [""Amazon Alexa"", ""Amazon Music"", ""Apple TV"", ""Apps"", ""Clarovideo"", ""Compartilhamento de Ambiente para Ambiente"", ""C\u00e2mera"", ""Disney+"", ""Esportes"", ""Globoplay"", ""HDMI 1"", ""HDMI 2"", ""HDMI 3"", ""HDMI 4"", ""Hub Inicial"", ""Kanto"", ""LG Channels"", ""LG Gaming Portal"", ""Live TV"", ""Mercado Play"", ""Navegador Web"", ""Netflix"", ""Prime Video"", ""Reprodutor de M\u00eddia"", ""Sempre Pronto"", ""Twitch"", ""YouTube""], ""volume_level"": 0.08, ""is_volume_muted"": false, ""source"": ""YouTube"", ""sound_output"": ""tv_external_speaker"", ""device_class"": ""tv"", ""entity_picture"": ""/api/media_player_proxy/media_player.lg_webos_tv_oled42c2psa_2?token=7cc859caa677cb6b72c183607fe83e306f214db9fa8ef18976485f6b0cd59f6e&cache=d615266ef42c4b6f"", ""friendly_name"": ""LG webOS TV OLED42C2PSA"", ""supported_features"": 24381}"
2025-07-12T12:20:24.201567,media_player.lg_webos_tv_oled42c2psa_2,on,playing,"{""source_list"": [""Amazon Alexa"", ""Amazon Music"", ""Apple TV"", ""Apps"", ""Clarovideo"", ""Compartilhamento de Ambiente para Ambiente"", ""C\u00e2mera"", ""Disney+"", ""Esportes"", ""Globoplay"", ""HDMI 1"", ""HDMI 2"", ""HDMI 3"", ""HDMI 4"", ""Hub Inicial"", ""Kanto"", ""LG Channels"", ""LG Gaming Portal"", ""Live TV"", ""Mercado Play"", ""Navegador Web"", ""Netflix"", ""Prime Video"", ""Reprodutor de M\u00eddia"", ""Sempre Pronto"", ""Twitch"", ""YouTube""], ""volume_level"": 0.08, ""is_volume_muted"": false, ""source"": ""YouTube"", ""sound_output"": ""tv_external_speaker"", ""device_class"": ""tv"", ""entity_picture"": ""/api/media_player_proxy/media_player.lg_webos_tv_oled42c2psa_2?token=7cc859caa677cb6b72c183607fe83e306f214db9fa8ef18976485f6b0cd59f6e&cache=d615266ef42c4b6f"", ""friendly_name"": ""LG webOS TV OLED42C2PSA"", ""supported_features"": 24381}"
2025-07-12T12:20:25.505422,automation.auto_banheiro,on,on,"{""id"": ""1747870075916"", ""last_triggered"": ""2025-07-12T15:20:25.500749+00:00"", ""mode"": ""single"", ""current"": 1, ""friendly_name"": ""auto-banheiro""}"
2025-07-12T12:20:25.508475,automation.auto_banheiro,on,on,"{""id"": ""1747870075916"", ""last_triggered"": ""2025-07-12T15:20:25.500749+00:00"", ""mode"": ""single"", ""current"": 0, ""friendly_name"": ""auto-banheiro""}"
2025-07-12T12:20:25.761950,media_player.lg_webos_tv_oled42c2psa_2,playing,playing,"{""source_list"": [""Amazon Alexa"", ""Amazon Music"", ""Apple TV"", ""Apps"", ""Clarovideo"", ""Compartilhamento de Ambiente para Ambiente"", ""C\u00e2mera"", ""Disney+"", ""Esportes"", ""Globoplay"", ""HDMI 1"", ""HDMI 2"", ""HDMI 3"", ""HDMI 4"", ""Hub Inicial"", ""Kanto"", ""LG Channels"", ""LG Gaming Portal"", ""Live TV"", ""Mercado Play"", ""Navegador Web"", ""Netflix"", ""Prime Video"", ""Reprodutor de M\u00eddia"", ""Sempre Pronto"", ""Twitch"", ""YouTube""], ""volume_level"": 0.07, ""is_volume_muted"": false, ""source"": ""YouTube"", ""sound_output"": ""tv_external_speaker"", ""device_class"": ""tv"", ""entity_picture"": ""/api/media_player_proxy/media_player.lg_webos_tv_oled42c2psa_2?token=7cc859caa677cb6b72c183607fe83e306f214db9fa8ef18976485f6b0cd59f6e&cache=d615266ef42c4b6f"", ""friendly_name"": ""LG webOS TV OLED42C2PSA"", ""supported_features"": 24381}"
2025-07-12T12:20:30.505344,automation.auto_banheiro,on,on,"{""id"": ""1747870075916"", ""last_triggered"": ""2025-07-12T15:20:30.500465+00:00"", ""mode"": ""single"", ""current"": 1, ""friendly_name"": ""auto-banheiro""}"
2025-07-12T12:20:30.506985,automation.auto_banheiro,on,on,"{""id"": ""1747870075916"", ""last_triggered"": ""2025-07-12T15:20:30.500465+00:00"", ""mode"": ""single"", ""current"": 0, ""friendly_name"": ""auto-banheiro""}"
2025-07-12T12:20:35.505476,automation.auto_banheiro,on,on,"{""id"": ""1747870075916"", ""last_triggered"": ""2025-07-12T15:20:35.500653+00:00"", ""mode"": ""single"", ""current"": 1, ""friendly_name"": ""auto-banheiro""}"
2025-07-12T12:20:35.507121,automation.auto_banheiro,on,on,"{""id"": ""1747870075916"", ""last_triggered"": ""2025-07-12T15:20:35.500653+00:00"", ""mode"": ""single"", ""current"": 0, ""friendly_name"": ""auto-banheiro""}"
2025-07-12T12:20:40.505359,automation.auto_banheiro,on,on,"{""id"": ""1747870075916"", ""last_triggered"": ""2025-07-12T15:20:40.500102+00:00"", ""mode"": ""single"", ""current"": 1, ""friendly_name"": ""auto-banheiro""}"
2025-07-12T12:20:40.507232,automation.auto_banheiro,on,on,"{""id"": ""1747870075916"", ""last_triggered"": ""2025-07-12T15:20:40.500102+00:00"", ""mode"": ""single"", ""current"": 0, ""friendly_name"": ""auto-banheiro""}"
2025-07-12T12:20:40.617998,sensor.arris_tg1692a_router_download_speed,0.00267358886004642,0.0198403688026514,"{""state_class"": ""measurement"", ""unit_of_measurement"": ""Mbit/s"", ""device_class"": ""data_rate"", ""friendly_name"": ""ARRIS TG1692A Router Download speed""}"
2025-07-12T12:20:40.619920,sensor.arris_tg1692a_router_upload_speed,0.00190639205669976,0.00961259108635372,"{""state_class"": ""measurement"", ""unit_of_measurement"": ""Mbit/s"", ""device_class"": ""data_rate"", ""friendly_name"": ""ARRIS TG1692A Router Upload speed""}"
2025-07-12T12:20:43.734291,media_player.lg_webos_tv_oled42c2psa_2,playing,paused,"{""source_list"": [""Amazon Alexa"", ""Amazon Music"", ""Apple TV"", ""Apps"", ""Clarovideo"", ""Compartilhamento de Ambiente para Ambiente"", ""C\u00e2mera"", ""Disney+"", ""Esportes"", ""Globoplay"", ""HDMI 1"", ""HDMI 2"", ""HDMI 3"", ""HDMI 4"", ""Hub Inicial"", ""Kanto"", ""LG Channels"", ""LG Gaming Portal"", ""Live TV"", ""Mercado Play"", ""Navegador Web"", ""Netflix"", ""Prime Video"", ""Reprodutor de M\u00eddia"", ""Sempre Pronto"", ""Twitch"", ""YouTube""], ""volume_level"": 0.07, ""is_volume_muted"": false, ""source"": ""YouTube"", ""sound_output"": ""tv_external_speaker"", ""device_class"": ""tv"", ""entity_picture"": ""/api/media_player_proxy/media_player.lg_webos_tv_oled42c2psa_2?token=7cc859caa677cb6b72c183607fe83e306f214db9fa8ef18976485f6b0cd59f6e&cache=d615266ef42c4b6f"", ""friendly_name"": ""LG webOS TV OLED42C2PSA"", ""supported_features"": 24381}"
2025-07-12T12:20:45.509113,automation.auto_banheiro,on,on,"{""id"": ""1747870075916"", ""last_triggered"": ""2025-07-12T15:20:45.500089+00:00"", ""mode"": ""single"", ""current"": 1, ""friendly_name"": ""auto-banheiro""}"
2025-07-12T12:20:45.510655,automation.auto_banheiro,on,on,"{""id"": ""1747870075916"", ""last_triggered"": ""2025-07-12T15:20:45.500089+00:00"", ""mode"": ""single"", ""current"": 0, ""friendly_name"": ""auto-banheiro""}"
2025-07-12T12:20:50.505135,automation.auto_banheiro,on,on,"{""id"": ""1747870075916"", ""last_triggered"": ""2025-07-12T15:20:50.500295+00:00"", ""mode"": ""single"", ""current"": 1, ""friendly_name"": ""auto-banheiro""}"
2025-07-12T12:20:50.506849,automation.auto_banheiro,on,on,"{""id"": ""1747870075916"", ""last_triggered"": ""2025-07-12T15:20:50.500295+00:00"", ""mode"": ""single"", ""current"": 0, ""friendly_name"": ""auto-banheiro""}"
2025-07-12T12:20:55.511657,automation.auto_banheiro,on,on,"{""id"": ""1747870075916"", ""last_triggered"": ""2025-07-12T15:20:55.501124+00:00"", ""mode"": ""single"", ""current"": 1, ""friendly_name"": ""auto-banheiro""}"
2025-07-12T12:20:55.515148,automation.auto_banheiro,on,on,"{""id"": ""1747870075916"", ""last_triggered"": ""2025-07-12T15:20:55.501124+00:00"", ""mode"": ""single"", ""current"": 0, ""friendly_name"": ""auto-banheiro""}"
2025-07-12T12:21:00.504775,automation.auto_banheiro,on,on,"{""id"": ""1747870075916"", ""last_triggered"": ""2025-07-12T15:21:00.499956+00:00"", ""mode"": ""single"", ""current"": 1, ""friendly_name"": ""auto-banheiro""}"
2025-07-12T12:21:00.506364,automation.auto_banheiro,on,on,"{""id"": ""1747870075916"", ""last_triggered"": ""2025-07-12T15:21:00.499956+00:00"", ""mode"": ""single"", ""current"": 0, ""friendly_name"": ""auto-banheiro""}"
2025-07-12T12:21:05.100946,media_player.lg_webos_tv_oled42c2psa_2,paused,playing,"{""source_list"": [""Amazon Alexa"", ""Amazon Music"", ""Apple TV"", ""Apps"", ""Clarovideo"", ""Compartilhamento de Ambiente para Ambiente"", ""C\u00e2mera"", ""Disney+"", ""Esportes"", ""Globoplay"", ""HDMI 1"", ""HDMI 2"", ""HDMI 3"", ""HDMI 4"", ""Hub Inicial"", ""Kanto"", ""LG Channels"", ""LG Gaming Portal"", ""Live TV"", ""Mercado Play"", ""Navegador Web"", ""Netflix"", ""Prime Video"", ""Reprodutor de M\u00eddia"", ""Sempre Pronto"", ""Twitch"", ""YouTube""], ""volume_level"": 0.07, ""is_volume_muted"": false, ""source"": ""YouTube"", ""sound_output"": ""tv_external_speaker"", ""device_class"": ""tv"", ""entity_picture"": ""/api/media_player_proxy/media_player.lg_webos_tv_oled42c2psa_2?token=7cc859caa677cb6b72c183607fe83e306f214db9fa8ef18976485f6b0cd59f6e&cache=d615266ef42c4b6f"", ""friendly_name"": ""LG webOS TV OLED42C2PSA"", ""supported_features"": 24381}"
2025-07-12T12:21:05.514122,automation.auto_banheiro,on,on,"{""id"": ""1747870075916"", ""last_triggered"": ""2025-07-12T15:21:05.501589+00:00"", ""mode"": ""single"", ""current"": 1, ""friendly_name"": ""auto-banheiro""}"
2025-07-12T12:21:05.518799,automation.auto_banheiro,on,on,"{""id"": ""1747870075916"", ""last_triggered"": ""2025-07-12T15:21:05.501589+00:00"", ""mode"": ""single"", ""current"": 0, ""friendly_name"": ""auto-banheiro""}"
2025-07-12T12:21:10.117301,automation.aut_status_bruno,on,on,"{""id"": ""1751855857509"", ""last_triggered"": ""2025-07-12T15:21:10.109219+00:00"", ""mode"": ""single"", ""current"": 1, ""friendly_name"": ""aut-status-bruno""}"
2025-07-12T12:21:10.119807,automation.aut_status_bruno,on,on,"{""id"": ""1751855857509"", ""last_triggered"": ""2025-07-12T15:21:10.109219+00:00"", ""mode"": ""single"", ""current"": 0, ""friendly_name"": ""aut-status-bruno""}"
2025-07-12T12:21:10.258610,automation.aut_lampada_quarto,on,on,"{""id"": ""1746067262247"", ""last_triggered"": ""2025-07-12T15:21:10.254557+00:00"", ""mode"": ""single"", ""current"": 1, ""friendly_name"": ""aut-quarto""}"
2025-07-12T12:21:10.260311,automation.aut_lampada_quarto,on,on,"{""id"": ""1746067262247"", ""last_triggered"": ""2025-07-12T15:21:10.254557+00:00"", ""mode"": ""single"", ""current"": 0, ""friendly_name"": ""aut-quarto""}"
2025-07-12T12:21:10.505302,automation.auto_banheiro,on,on,"{""id"": ""1747870075916"", ""last_triggered"": ""2025-07-12T15:21:10.500335+00:00"", ""mode"": ""single"", ""current"": 1, ""friendly_name"": ""auto-banheiro""}"
2025-07-12T12:21:10.508203,automation.auto_banheiro,on,on,"{""id"": ""1747870075916"", ""last_triggered"": ""2025-07-12T15:21:10.500335+00:00"", ""mode"": ""single"", ""current"": 0, ""friendly_name"": ""auto-banheiro""}"
2025-07-12T12:21:10.619236,sensor.arris_tg1692a_router_download_speed,0.0198403688026514,0.00252267785053847,"{""state_class"": ""measurement"", ""unit_of_measurement"": ""Mbit/s"", ""device_class"": ""data_rate"", ""friendly_name"": ""ARRIS TG1692A Router Download speed""}"
2025-07-12T12:21:10.620914,sensor.arris_tg1692a_router_upload_speed,0.00961259108635372,0.00368508300386798,"{""state_class"": ""measurement"", ""unit_of_measurement"": ""Mbit/s"", ""device_class"": ""data_rate"", ""friendly_name"": ""ARRIS TG1692A Router Upload speed""}"
2025-07-12T12:21:15.213162,media_player.lg_webos_tv_oled42c2psa_2,playing,paused,"{""source_list"": [""Amazon Alexa"", ""Amazon Music"", ""Apple TV"", ""Apps"", ""Clarovideo"", ""Compartilhamento de Ambiente para Ambiente"", ""C\u00e2mera"", ""Disney+"", ""Esportes"", ""Globoplay"", ""HDMI 1"", ""HDMI 2"", ""HDMI 3"", ""HDMI 4"", ""Hub Inicial"", ""Kanto"", ""LG Channels"", ""LG Gaming Portal"", ""Live TV"", ""Mercado Play"", ""Navegador Web"", ""Netflix"", ""Prime Video"", ""Reprodutor de M\u00eddia"", ""Sempre Pronto"", ""Twitch"", ""YouTube""], ""volume_level"": 0.07, ""is_volume_muted"": false, ""source"": ""YouTube"", ""sound_output"": ""tv_external_speaker"", ""device_class"": ""tv"", ""entity_picture"": ""/api/media_player_proxy/media_player.lg_webos_tv_oled42c2psa_2?token=7cc859caa677cb6b72c183607fe83e306f214db9fa8ef18976485f6b0cd59f6e&cache=d615266ef42c4b6f"", ""friendly_name"": ""LG webOS TV OLED42C2PSA"", ""supported_features"": 24381}"
2025-07-12T12:21:15.506027,automation.auto_banheiro,on,on,"{""id"": ""1747870075916"", ""last_triggered"": ""2025-07-12T15:21:15.501163+00:00"", ""mode"": ""single"", ""current"": 1, ""friendly_name"": ""auto-banheiro""}"
2025-07-12T12:21:15.507822,automation.auto_banheiro,on,on,"{""id"": ""1747870075916"", ""last_triggered"": ""2025-07-12T15:21:15.501163+00:00"", ""mode"": ""single"", ""current"": 0, ""friendly_name"": ""auto-banheiro""}"
2025-07-12T12:21:20.513681,automation.auto_banheiro,on,on,"{""id"": ""1747870075916"", ""last_triggered"": ""2025-07-12T15:21:20.500816+00:00"", ""mode"": ""single"", ""current"": 1, ""friendly_name"": ""auto-banheiro""}"
2025-07-12T12:21:20.517367,automation.auto_banheiro,on,on,"{""id"": ""1747870075916"", ""last_triggered"": ""2025-07-12T15:21:20.500816+00:00"", ""mode"": ""single"", ""current"": 0, ""friendly_name"": ""auto-banheiro""}"
2025-07-12T12:21:25.517421,automation.auto_banheiro,on,on,"{""id"": ""1747870075916"", ""last_triggered"": ""2025-07-12T15:21:25.500633+00:00"", ""mode"": ""single"", ""current"": 1, ""friendly_name"": ""auto-banheiro""}"
2025-07-12T12:21:25.519074,automation.auto_banheiro,on,on,"{""id"": ""1747870075916"", ""last_triggered"": ""2025-07-12T15:21:25.500633+00:00"", ""mode"": ""single"", ""current"": 0, ""friendly_name"": ""auto-banheiro""}"
2025-07-12T12:21:30.505757,automation.auto_banheiro,on,on,"{""id"": ""1747870075916"", ""last_triggered"": ""2025-07-12T15:21:30.500952+00:00"", ""mode"": ""single"", ""current"": 1, ""friendly_name"": ""auto-banheiro""}"
2025-07-12T12:21:30.507734,automation.auto_banheiro,on,on,"{""id"": ""1747870075916"", ""last_triggered"": ""2025-07-12T15:21:30.500952+00:00"", ""mode"": ""single"", ""current"": 0, ""friendly_name"": ""auto-banheiro""}"
2025-07-12T12:21:35.514243,automation.auto_banheiro,on,on,"{""id"": ""1747870075916"", ""last_triggered"": ""2025-07-12T15:21:35.501343+00:00"", ""mode"": ""single"", ""current"": 1, ""friendly_name"": ""auto-banheiro""}"
2025-07-12T12:21:35.517970,automation.auto_banheiro,on,on,"{""id"": ""1747870075916"", ""last_triggered"": ""2025-07-12T15:21:35.501343+00:00"", ""mode"": ""single"", ""current"": 0, ""friendly_name"": ""auto-banheiro""}"
2025-07-12T12:21:40.506512,automation.auto_banheiro,on,on,"{""id"": ""1747870075916"", ""last_triggered"": ""2025-07-12T15:21:40.499769+00:00"", ""mode"": ""single"", ""current"": 1, ""friendly_name"": ""auto-banheiro""}"
2025-07-12T12:21:40.508207,automation.auto_banheiro,on,on,"{""id"": ""1747870075916"", ""last_triggered"": ""2025-07-12T15:21:40.499769+00:00"", ""mode"": ""single"", ""current"": 0, ""friendly_name"": ""auto-banheiro""}"
2025-07-12T12:21:40.623792,sensor.arris_tg1692a_router_download_speed,0.00252267785053847,0.00333069253504536,"{""state_class"": ""measurement"", ""unit_of_measurement"": ""Mbit/s"", ""device_class"": ""data_rate"", ""friendly_name"": ""ARRIS TG1692A Router Download speed""}"
2025-07-12T12:21:40.627180,sensor.arris_tg1692a_router_upload_speed,0.00368508300386798,0.00342695994938894,"{""state_class"": ""measurement"", ""unit_of_measurement"": ""Mbit/s"", ""device_class"": ""data_rate"", ""friendly_name"": ""ARRIS TG1692A Router Upload speed""}"
2025-07-12T12:21:45.505173,automation.auto_banheiro,on,on,"{""id"": ""1747870075916"", ""last_triggered"": ""2025-07-12T15:21:45.500291+00:00"", ""mode"": ""single"", ""current"": 1, ""friendly_name"": ""auto-banheiro""}"
2025-07-12T12:21:45.506790,automation.auto_banheiro,on,on,"{""id"": ""1747870075916"", ""last_triggered"": ""2025-07-12T15:21:45.500291+00:00"", ""mode"": ""single"", ""current"": 0, ""friendly_name"": ""auto-banheiro""}"
2025-07-12T12:21:50.518391,automation.auto_banheiro,on,on,"{""id"": ""1747870075916"", ""last_triggered"": ""2025-07-12T15:21:50.500887+00:00"", ""mode"": ""single"", ""current"": 1, ""friendly_name"": ""auto-banheiro""}"
2025-07-12T12:21:50.521402,automation.auto_banheiro,on,on,"{""id"": ""1747870075916"", ""last_triggered"": ""2025-07-12T15:21:50.500887+00:00"", ""mode"": ""single"", ""current"": 0, ""friendly_name"": ""auto-banheiro""}"
2025-07-12T12:21:55.505625,automation.auto_banheiro,on,on,"{""id"": ""1747870075916"", ""last_triggered"": ""2025-07-12T15:21:55.500759+00:00"", ""mode"": ""single"", ""current"": 1, ""friendly_name"": ""auto-banheiro""}"
2025-07-12T12:21:55.507359,automation.auto_banheiro,on,on,"{""id"": ""1747870075916"", ""last_triggered"": ""2025-07-12T15:21:55.500759+00:00"", ""mode"": ""single"", ""current"": 0, ""friendly_name"": ""auto-banheiro""}"
2025-07-12T12:22:00.505035,automation.auto_banheiro,on,on,"{""id"": ""1747870075916"", ""last_triggered"": ""2025-07-12T15:22:00.500230+00:00"", ""mode"": ""single"", ""current"": 1, ""friendly_name"": ""auto-banheiro""}"
2025-07-12T12:22:00.506723,automation.auto_banheiro,on,on,"{""id"": ""1747870075916"", ""last_triggered"": ""2025-07-12T15:22:00.500230+00:00"", ""mode"": ""single"", ""current"": 0, ""friendly_name"": ""auto-banheiro""}"
2025-07-12T12:22:05.507187,automation.auto_banheiro,on,on,"{""id"": ""1747870075916"", ""last_triggered"": ""2025-07-12T15:22:05.500791+00:00"", ""mode"": ""single"", ""current"": 1, ""friendly_name"": ""auto-banheiro""}"
2025-07-12T12:22:05.508882,automation.auto_banheiro,on,on,"{""id"": ""1747870075916"", ""last_triggered"": ""2025-07-12T15:22:05.500791+00:00"", ""mode"": ""single"", ""current"": 0, ""friendly_name"": ""auto-banheiro""}"
2025-07-12T12:22:10.118302,automation.aut_status_bruno,on,on,"{""id"": ""1751855857509"", ""last_triggered"": ""2025-07-12T15:22:10.108062+00:00"", ""mode"": ""single"", ""current"": 1, ""friendly_name"": ""aut-status-bruno""}"
2025-07-12T12:22:10.120522,automation.aut_status_bruno,on,on,"{""id"": ""1751855857509"", ""last_triggered"": ""2025-07-12T15:22:10.108062+00:00"", ""mode"": ""single"", ""current"": 0, ""friendly_name"": ""aut-status-bruno""}"
2025-07-12T12:22:10.259209,automation.aut_lampada_quarto,on,on,"{""id"": ""1746067262247"", ""last_triggered"": ""2025-07-12T15:22:10.255118+00:00"", ""mode"": ""single"", ""current"": 1, ""friendly_name"": ""aut-quarto""}"
2025-07-12T12:22:10.260993,automation.aut_lampada_quarto,on,on,"{""id"": ""1746067262247"", ""last_triggered"": ""2025-07-12T15:22:10.255118+00:00"", ""mode"": ""single"", ""current"": 0, ""friendly_name"": ""aut-quarto""}"
2025-07-12T12:22:10.505202,automation.auto_banheiro,on,on,"{""id"": ""1747870075916"", ""last_triggered"": ""2025-07-12T15:22:10.500431+00:00"", ""mode"": ""single"", ""current"": 1, ""friendly_name"": ""auto-banheiro""}"
2025-07-12T12:22:10.506795,automation.auto_banheiro,on,on,"{""id"": ""1747870075916"", ""last_triggered"": ""2025-07-12T15:22:10.500431+00:00"", ""mode"": ""single"", ""current"": 0, ""friendly_name"": ""auto-banheiro""}"
2025-07-12T12:22:10.618334,sensor.arris_tg1692a_router_download_speed,0.00333069253504536,0.0213884705938196,"{""state_class"": ""measurement"", ""unit_of_measurement"": ""Mbit/s"", ""device_class"": ""data_rate"", ""friendly_name"": ""ARRIS TG1692A Router Download speed""}"
2025-07-12T12:22:10.620050,sensor.arris_tg1692a_router_upload_speed,0.00342695994938894,0.00915330648363431,"{""state_class"": ""measurement"", ""unit_of_measurement"": ""Mbit/s"", ""device_class"": ""data_rate"", ""friendly_name"": ""ARRIS TG1692A Router Upload speed""}"
2025-07-12T12:22:15.506649,automation.auto_banheiro,on,on,"{""id"": ""1747870075916"", ""last_triggered"": ""2025-07-12T15:22:15.500700+00:00"", ""mode"": ""single"", ""current"": 1, ""friendly_name"": ""auto-banheiro""}"
2025-07-12T12:22:15.508691,automation.auto_banheiro,on,on,"{""id"": ""1747870075916"", ""last_triggered"": ""2025-07-12T15:22:15.500700+00:00"", ""mode"": ""single"", ""current"": 0, ""friendly_name"": ""auto-banheiro""}"
2025-07-12T12:22:20.508096,automation.auto_banheiro,on,on,"{""id"": ""1747870075916"", ""last_triggered"": ""2025-07-12T15:22:20.501755+00:00"", ""mode"": ""single"", ""current"": 1, ""friendly_name"": ""auto-banheiro""}"
2025-07-12T12:22:20.509628,automation.auto_banheiro,on,on,"{""id"": ""1747870075916"", ""last_triggered"": ""2025-07-12T15:22:20.501755+00:00"", ""mode"": ""single"", ""current"": 0, ""friendly_name"": ""auto-banheiro""}"
2025-07-12T12:22:25.527143,automation.auto_banheiro,on,on,"{""id"": ""1747870075916"", ""last_triggered"": ""2025-07-12T15:22:25.501267+00:00"", ""mode"": ""single"", ""current"": 1, ""friendly_name"": ""auto-banheiro""}"
2025-07-12T12:22:25.531963,automation.auto_banheiro,on,on,"{""id"": ""1747870075916"", ""last_triggered"": ""2025-07-12T15:22:25.501267+00:00"", ""mode"": ""single"", ""current"": 0, ""friendly_name"": ""auto-banheiro""}"
2025-07-12T12:22:30.504934,automation.auto_banheiro,on,on,"{""id"": ""1747870075916"", ""last_triggered"": ""2025-07-12T15:22:30.500188+00:00"", ""mode"": ""single"", ""current"": 1, ""friendly_name"": ""auto-banheiro""}"
2025-07-12T12:22:30.506654,automation.auto_banheiro,on,on,"{""id"": ""1747870075916"", ""last_triggered"": ""2025-07-12T15:22:30.500188+00:00"", ""mode"": ""single"", ""current"": 0, ""friendly_name"": ""auto-banheiro""}"
2025-07-12T12:22:35.506869,automation.auto_banheiro,on,on,"{""id"": ""1747870075916"", ""last_triggered"": ""2025-07-12T15:22:35.501394+00:00"", ""mode"": ""single"", ""current"": 1, ""friendly_name"": ""auto-banheiro""}"
2025-07-12T12:22:35.508733,automation.auto_banheiro,on,on,"{""id"": ""1747870075916"", ""last_triggered"": ""2025-07-12T15:22:35.501394+00:00"", ""mode"": ""single"", ""current"": 0, ""friendly_name"": ""auto-banheiro""}"
2025-07-12T12:22:40.509461,automation.auto_banheiro,on,on,"{""id"": ""1747870075916"", ""last_triggered"": ""2025-07-12T15:22:40.500592+00:00"", ""mode"": ""single"", ""current"": 1, ""friendly_name"": ""auto-banheiro""}"
2025-07-12T12:22:40.512421,automation.auto_banheiro,on,on,"{""id"": ""1747870075916"", ""last_triggered"": ""2025-07-12T15:22:40.500592+00:00"", ""mode"": ""single"", ""current"": 0, ""friendly_name"": ""auto-banheiro""}"
2025-07-12T12:22:40.620413,sensor.arris_tg1692a_router_download_speed,0.0213884705938196,0.00341254959981976,"{""state_class"": ""measurement"", ""unit_of_measurement"": ""Mbit/s"", ""device_class"": ""data_rate"", ""friendly_name"": ""ARRIS TG1692A Router Download speed""}"
2025-07-12T12:22:40.623669,sensor.arris_tg1692a_router_upload_speed,0.00915330648363431,0.00636216365964678,"{""state_class"": ""measurement"", ""unit_of_measurement"": ""Mbit/s"", ""device_class"": ""data_rate"", ""friendly_name"": ""ARRIS TG1692A Router Upload speed""}"
2025-07-12T12:22:45.506280,automation.auto_banheiro,on,on,"{""id"": ""1747870075916"", ""last_triggered"": ""2025-07-12T15:22:45.500698+00:00"", ""mode"": ""single"", ""current"": 1, ""friendly_name"": ""auto-banheiro""}"
2025-07-12T12:22:45.512171,automation.auto_banheiro,on,on,"{""id"": ""1747870075916"", ""last_triggered"": ""2025-07-12T15:22:45.500698+00:00"", ""mode"": ""single"", ""current"": 0, ""friendly_name"": ""auto-banheiro""}"
2025-07-12T12:22:50.505213,automation.auto_banheiro,on,on,"{""id"": ""1747870075916"", ""last_triggered"": ""2025-07-12T15:22:50.500253+00:00"", ""mode"": ""single"", ""current"": 1, ""friendly_name"": ""auto-banheiro""}"
2025-07-12T12:22:50.508120,automation.auto_banheiro,on,on,"{""id"": ""1747870075916"", ""last_triggered"": ""2025-07-12T15:22:50.500253+00:00"", ""mode"": ""single"", ""current"": 0, ""friendly_name"": ""auto-banheiro""}"
2025-07-12T12:22:55.507153,automation.auto_banheiro,on,on,"{""id"": ""1747870075916"", ""last_triggered"": ""2025-07-12T15:22:55.500559+00:00"", ""mode"": ""single"", ""current"": 1, ""friendly_name"": ""auto-banheiro""}"
2025-07-12T12:22:55.520790,automation.auto_banheiro,on,on,"{""id"": ""1747870075916"", ""last_triggered"": ""2025-07-12T15:22:55.500559+00:00"", ""mode"": ""single"", ""current"": 0, ""friendly_name"": ""auto-banheiro""}"
2025-07-12T12:23:00.509856,automation.auto_banheiro,on,on,"{""id"": ""1747870075916"", ""last_triggered"": ""2025-07-12T15:23:00.501813+00:00"", ""mode"": ""single"", ""current"": 1, ""friendly_name"": ""auto-banheiro""}"
2025-07-12T12:23:00.512347,automation.auto_banheiro,on,on,"{""id"": ""1747870075916"", ""last_triggered"": ""2025-07-12T15:23:00.501813+00:00"", ""mode"": ""single"", ""current"": 0, ""friendly_name"": ""auto-banheiro""}"
2025-07-12T12:23:05.505179,automation.auto_banheiro,on,on,"{""id"": ""1747870075916"", ""last_triggered"": ""2025-07-12T15:23:05.500378+00:00"", ""mode"": ""single"", ""current"": 1, ""friendly_name"": ""auto-banheiro""}"
2025-07-12T12:23:05.506962,automation.auto_banheiro,on,on,"{""id"": ""1747870075916"", ""last_triggered"": ""2025-07-12T15:23:05.500378+00:00"", ""mode"": ""single"", ""current"": 0, ""friendly_name"": ""auto-banheiro""}"
2025-07-12T12:23:10.124115,automation.aut_status_bruno,on,on,"{""id"": ""1751855857509"", ""last_triggered"": ""2025-07-12T15:23:10.108319+00:00"", ""mode"": ""single"", ""current"": 1, ""friendly_name"": ""aut-status-bruno""}"
2025-07-12T12:23:10.129099,automation.aut_status_bruno,on,on,"{""id"": ""1751855857509"", ""last_triggered"": ""2025-07-12T15:23:10.108319+00:00"", ""mode"": ""single"", ""current"": 0, ""friendly_name"": ""aut-status-bruno""}"
2025-07-12T12:23:10.264495,automation.aut_lampada_quarto,on,on,"{""id"": ""1746067262247"", ""last_triggered"": ""2025-07-12T15:23:10.256354+00:00"", ""mode"": ""single"", ""current"": 1, ""friendly_name"": ""aut-quarto""}"
2025-07-12T12:23:10.267225,automation.aut_lampada_quarto,on,on,"{""id"": ""1746067262247"", ""last_triggered"": ""2025-07-12T15:23:10.256354+00:00"", ""mode"": ""single"", ""current"": 0, ""friendly_name"": ""aut-quarto""}"
2025-07-12T12:23:10.512975,automation.auto_banheiro,on,on,"{""id"": ""1747870075916"", ""last_triggered"": ""2025-07-12T15:23:10.502305+00:00"", ""mode"": ""single"", ""current"": 1, ""friendly_name"": ""auto-banheiro""}"
2025-07-12T12:23:10.516861,automation.auto_banheiro,on,on,"{""id"": ""1747870075916"", ""last_triggered"": ""2025-07-12T15:23:10.502305+00:00"", ""mode"": ""single"", ""current"": 0, ""friendly_name"": ""auto-banheiro""}"
2025-07-12T12:23:10.618591,sensor.arris_tg1692a_router_download_speed,0.00341254959981976,0.00223412134354879,"{""state_class"": ""measurement"", ""unit_of_measurement"": ""Mbit/s"", ""device_class"": ""data_rate"", ""friendly_name"": ""ARRIS TG1692A Router Download speed""}"
2025-07-12T12:23:10.622442,sensor.arris_tg1692a_router_upload_speed,0.00636216365964678,0.00153999173537769,"{""state_class"": ""measurement"", ""unit_of_measurement"": ""Mbit/s"", ""device_class"": ""data_rate"", ""friendly_name"": ""ARRIS TG1692A Router Upload speed""}"
2025-07-12T12:23:13.679105,media_player.lg_webos_tv_oled42c2psa_2,paused,playing,"{""source_list"": [""Amazon Alexa"", ""Amazon Music"", ""Apple TV"", ""Apps"", ""Clarovideo"", ""Compartilhamento de Ambiente para Ambiente"", ""C\u00e2mera"", ""Disney+"", ""Esportes"", ""Globoplay"", ""HDMI 1"", ""HDMI 2"", ""HDMI 3"", ""HDMI 4"", ""Hub Inicial"", ""Kanto"", ""LG Channels"", ""LG Gaming Portal"", ""Live TV"", ""Mercado Play"", ""Navegador Web"", ""Netflix"", ""Prime Video"", ""Reprodutor de M\u00eddia"", ""Sempre Pronto"", ""Twitch"", ""YouTube""], ""volume_level"": 0.07, ""is_volume_muted"": false, ""source"": ""YouTube"", ""sound_output"": ""tv_external_speaker"", ""device_class"": ""tv"", ""entity_picture"": ""/api/media_player_proxy/media_player.lg_webos_tv_oled42c2psa_2?token=7cc859caa677cb6b72c183607fe83e306f214db9fa8ef18976485f6b0cd59f6e&cache=d615266ef42c4b6f"", ""friendly_name"": ""LG webOS TV OLED42C2PSA"", ""supported_features"": 24381}"
2025-07-12T12:23:15.505786,automation.auto_banheiro,on,on,"{""id"": ""1747870075916"", ""last_triggered"": ""2025-07-12T15:23:15.500325+00:00"", ""mode"": ""single"", ""current"": 1, ""friendly_name"": ""auto-banheiro""}"
2025-07-12T12:23:15.507326,automation.auto_banheiro,on,on,"{""id"": ""1747870075916"", ""last_triggered"": ""2025-07-12T15:23:15.500325+00:00"", ""mode"": ""single"", ""current"": 0, ""friendly_name"": ""auto-banheiro""}"
2025-07-12T12:23:15.772640,media_player.lg_webos_tv_oled42c2psa_2,playing,playing,"{""source_list"": [""Amazon Alexa"", ""Amazon Music"", ""Apple TV"", ""Apps"", ""Clarovideo"", ""Compartilhamento de Ambiente para Ambiente"", ""C\u00e2mera"", ""Disney+"", ""Esportes"", ""Globoplay"", ""HDMI 1"", ""HDMI 2"", ""HDMI 3"", ""HDMI 4"", ""Hub Inicial"", ""Kanto"", ""LG Channels"", ""LG Gaming Portal"", ""Live TV"", ""Mercado Play"", ""Navegador Web"", ""Netflix"", ""Prime Video"", ""Reprodutor de M\u00eddia"", ""Sempre Pronto"", ""Twitch"", ""YouTube""], ""volume_level"": 0.08, ""is_volume_muted"": false, ""source"": ""YouTube"", ""sound_output"": ""tv_external_speaker"", ""device_class"": ""tv"", ""entity_picture"": ""/api/media_player_proxy/media_player.lg_webos_tv_oled42c2psa_2?token=7cc859caa677cb6b72c183607fe83e306f214db9fa8ef18976485f6b0cd59f6e&cache=d615266ef42c4b6f"", ""friendly_name"": ""LG webOS TV OLED42C2PSA"", ""supported_features"": 24381}"
2025-07-12T12:23:16.037557,media_player.lg_webos_tv_oled42c2psa_2,playing,playing,"{""source_list"": [""Amazon Alexa"", ""Amazon Music"", ""Apple TV"", ""Apps"", ""Clarovideo"", ""Compartilhamento de Ambiente para Ambiente"", ""C\u00e2mera"", ""Disney+"", ""Esportes"", ""Globoplay"", ""HDMI 1"", ""HDMI 2"", ""HDMI 3"", ""HDMI 4"", ""Hub Inicial"", ""Kanto"", ""LG Channels"", ""LG Gaming Portal"", ""Live TV"", ""Mercado Play"", ""Navegador Web"", ""Netflix"", ""Prime Video"", ""Reprodutor de M\u00eddia"", ""Sempre Pronto"", ""Twitch"", ""YouTube""], ""volume_level"": 0.09, ""is_volume_muted"": false, ""source"": ""YouTube"", ""sound_output"": ""tv_external_speaker"", ""device_class"": ""tv"", ""entity_picture"": ""/api/media_player_proxy/media_player.lg_webos_tv_oled42c2psa_2?token=7cc859caa677cb6b72c183607fe83e306f214db9fa8ef18976485f6b0cd59f6e&cache=d615266ef42c4b6f"", ""friendly_name"": ""LG webOS TV OLED42C2PSA"", ""supported_features"": 24381}"
2025-07-12T12:23:20.505149,automation.auto_banheiro,on,on,"{""id"": ""1747870075916"", ""last_triggered"": ""2025-07-12T15:23:20.500287+00:00"", ""mode"": ""single"", ""current"": 1, ""friendly_name"": ""auto-banheiro""}"
2025-07-12T12:23:20.506728,automation.auto_banheiro,on,on,"{""id"": ""1747870075916"", ""last_triggered"": ""2025-07-12T15:23:20.500287+00:00"", ""mode"": ""single"", ""current"": 0, ""friendly_name"": ""auto-banheiro""}"
2025-07-12T12:23:25.506900,automation.auto_banheiro,on,on,"{""id"": ""1747870075916"", ""last_triggered"": ""2025-07-12T15:23:25.500848+00:00"", ""mode"": ""single"", ""current"": 1, ""friendly_name"": ""auto-banheiro""}"
2025-07-12T12:23:25.508840,automation.auto_banheiro,on,on,"{""id"": ""1747870075916"", ""last_triggered"": ""2025-07-12T15:23:25.500848+00:00"", ""mode"": ""single"", ""current"": 0, ""friendly_name"": ""auto-banheiro""}"
2025-07-12T12:23:30.511774,automation.auto_banheiro,on,on,"{""id"": ""1747870075916"", ""last_triggered"": ""2025-07-12T15:23:30.501128+00:00"", ""mode"": ""single"", ""current"": 1, ""friendly_name"": ""auto-banheiro""}"
2025-07-12T12:23:30.518394,automation.auto_banheiro,on,on,"{""id"": ""1747870075916"", ""last_triggered"": ""2025-07-12T15:23:30.501128+00:00"", ""mode"": ""single"", ""current"": 0, ""friendly_name"": ""auto-banheiro""}"
2025-07-12T12:23:35.505860,automation.auto_banheiro,on,on,"{""id"": ""1747870075916"", ""last_triggered"": ""2025-07-12T15:23:35.500292+00:00"", ""mode"": ""single"", ""current"": 1, ""friendly_name"": ""auto-banheiro""}"
2025-07-12T12:23:35.507763,automation.auto_banheiro,on,on,"{""id"": ""1747870075916"", ""last_triggered"": ""2025-07-12T15:23:35.500292+00:00"", ""mode"": ""single"", ""current"": 0, ""friendly_name"": ""auto-banheiro""}"
2025-07-12T12:23:40.505061,automation.auto_banheiro,on,on,"{""id"": ""1747870075916"", ""last_triggered"": ""2025-07-12T15:23:40.499864+00:00"", ""mode"": ""single"", ""current"": 1, ""friendly_name"": ""auto-banheiro""}"
2025-07-12T12:23:40.506888,automation.auto_banheiro,on,on,"{""id"": ""1747870075916"", ""last_triggered"": ""2025-07-12T15:23:40.499864+00:00"", ""mode"": ""single"", ""current"": 0, ""friendly_name"": ""auto-banheiro""}"
2025-07-12T12:23:40.619417,sensor.arris_tg1692a_router_download_speed,0.00223412134354879,0.0086386759203275,"{""state_class"": ""measurement"", ""unit_of_measurement"": ""Mbit/s"", ""device_class"": ""data_rate"", ""friendly_name"": ""ARRIS TG1692A Router Download speed""}"
2025-07-12T12:23:40.622278,sensor.arris_tg1692a_router_upload_speed,0.00153999173537769,0.00732222245183792,"{""state_class"": ""measurement"", ""unit_of_measurement"": ""Mbit/s"", ""device_class"": ""data_rate"", ""friendly_name"": ""ARRIS TG1692A Router Upload speed""}"
2025-07-12T12:23:42.016487,sun.sun,above_horizon,above_horizon,"{""next_dawn"": ""2025-07-13T08:34:17.857562+00:00"", ""next_dusk"": ""2025-07-12T20:45:20.313231+00:00"", ""next_midnight"": ""2025-07-13T02:39:54+00:00"", ""next_noon"": ""2025-07-13T14:39:50+00:00"", ""next_rising"": ""2025-07-13T08:57:32.537391+00:00"", ""next_setting"": ""2025-07-12T20:22:04.562792+00:00"", ""elevation"": 53.51, ""azimuth"": 342.72, ""rising"": false, ""friendly_name"": ""Sun""}"
2025-07-12T12:23:45.522594,automation.auto_banheiro,on,on,"{""id"": ""1747870075916"", ""last_triggered"": ""2025-07-12T15:23:45.502379+00:00"", ""mode"": ""single"", ""current"": 1, ""friendly_name"": ""auto-banheiro""}"
2025-07-12T12:23:45.526613,automation.auto_banheiro,on,on,"{""id"": ""1747870075916"", ""last_triggered"": ""2025-07-12T15:23:45.502379+00:00"", ""mode"": ""single"", ""current"": 0, ""friendly_name"": ""auto-banheiro""}"
2025-07-12T12:23:50.504834,automation.auto_banheiro,on,on,"{""id"": ""1747870075916"", ""last_triggered"": ""2025-07-12T15:23:50.499958+00:00"", ""mode"": ""single"", ""current"": 1, ""friendly_name"": ""auto-banheiro""}"
2025-07-12T12:23:50.506488,automation.auto_banheiro,on,on,"{""id"": ""1747870075916"", ""last_triggered"": ""2025-07-12T15:23:50.499958+00:00"", ""mode"": ""single"", ""current"": 0, ""friendly_name"": ""auto-banheiro""}"
2025-07-12T12:23:55.505510,automation.auto_banheiro,on,on,"{""id"": ""1747870075916"", ""last_triggered"": ""2025-07-12T15:23:55.500699+00:00"", ""mode"": ""single"", ""current"": 1, ""friendly_name"": ""auto-banheiro""}"
2025-07-12T12:23:55.507188,automation.auto_banheiro,on,on,"{""id"": ""1747870075916"", ""last_triggered"": ""2025-07-12T15:23:55.500699+00:00"", ""mode"": ""single"", ""current"": 0, ""friendly_name"": ""auto-banheiro""}"
2025-07-12T12:24:00.504900,automation.auto_banheiro,on,on,"{""id"": ""1747870075916"", ""last_triggered"": ""2025-07-12T15:24:00.500018+00:00"", ""mode"": ""single"", ""current"": 1, ""friendly_name"": ""auto-banheiro""}"
2025-07-12T12:24:00.506564,automation.auto_banheiro,on,on,"{""id"": ""1747870075916"", ""last_triggered"": ""2025-07-12T15:24:00.500018+00:00"", ""mode"": ""single"", ""current"": 0, ""friendly_name"": ""auto-banheiro""}"
2025-07-12T12:24:05.551588,automation.auto_banheiro,on,on,"{""id"": ""1747870075916"", ""last_triggered"": ""2025-07-12T15:24:05.500109+00:00"", ""mode"": ""single"", ""current"": 1, ""friendly_name"": ""auto-banheiro""}"
2025-07-12T12:24:05.553256,automation.auto_banheiro,on,on,"{""id"": ""1747870075916"", ""last_triggered"": ""2025-07-12T15:24:05.500109+00:00"", ""mode"": ""single"", ""current"": 0, ""friendly_name"": ""auto-banheiro""}"
2025-07-12T12:24:10.115125,automation.aut_status_bruno,on,on,"{""id"": ""1751855857509"", ""last_triggered"": ""2025-07-12T15:24:10.107935+00:00"", ""mode"": ""single"", ""current"": 1, ""friendly_name"": ""aut-status-bruno""}"
2025-07-12T12:24:10.117774,automation.aut_status_bruno,on,on,"{""id"": ""1751855857509"", ""last_triggered"": ""2025-07-12T15:24:10.107935+00:00"", ""mode"": ""single"", ""current"": 0, ""friendly_name"": ""aut-status-bruno""}"
2025-07-12T12:24:10.259460,automation.aut_lampada_quarto,on,on,"{""id"": ""1746067262247"", ""last_triggered"": ""2025-07-12T15:24:10.255130+00:00"", ""mode"": ""single"", ""current"": 1, ""friendly_name"": ""aut-quarto""}"
2025-07-12T12:24:10.262206,automation.aut_lampada_quarto,on,on,"{""id"": ""1746067262247"", ""last_triggered"": ""2025-07-12T15:24:10.255130+00:00"", ""mode"": ""single"", ""current"": 0, ""friendly_name"": ""aut-quarto""}"
2025-07-12T12:24:10.507006,automation.auto_banheiro,on,on,"{""id"": ""1747870075916"", ""last_triggered"": ""2025-07-12T15:24:10.500807+00:00"", ""mode"": ""single"", ""current"": 1, ""friendly_name"": ""auto-banheiro""}"
2025-07-12T12:24:10.508981,automation.auto_banheiro,on,on,"{""id"": ""1747870075916"", ""last_triggered"": ""2025-07-12T15:24:10.500807+00:00"", ""mode"": ""single"", ""current"": 0, ""friendly_name"": ""auto-banheiro""}"
2025-07-12T12:24:10.613735,sensor.arris_tg1692a_router_download_speed,0.0086386759203275,0.00283003307261134,"{""state_class"": ""measurement"", ""unit_of_measurement"": ""Mbit/s"", ""device_class"": ""data_rate"", ""friendly_name"": ""ARRIS TG1692A Router Download speed""}"
2025-07-12T12:24:10.615196,sensor.arris_tg1692a_router_upload_speed,0.00732222245183792,0.00234840475286614,"{""state_class"": ""measurement"", ""unit_of_measurement"": ""Mbit/s"", ""device_class"": ""data_rate"", ""friendly_name"": ""ARRIS TG1692A Router Upload speed""}"
2025-07-12T12:24:15.505813,automation.auto_banheiro,on,on,"{""id"": ""1747870075916"", ""last_triggered"": ""2025-07-12T15:24:15.499869+00:00"", ""mode"": ""single"", ""current"": 1, ""friendly_name"": ""auto-banheiro""}"
2025-07-12T12:24:15.507694,automation.auto_banheiro,on,on,"{""id"": ""1747870075916"", ""last_triggered"": ""2025-07-12T15:24:15.499869+00:00"", ""mode"": ""single"", ""current"": 0, ""friendly_name"": ""auto-banheiro""}"
2025-07-12T12:24:20.508453,automation.auto_banheiro,on,on,"{""id"": ""1747870075916"", ""last_triggered"": ""2025-07-12T15:24:20.500661+00:00"", ""mode"": ""single"", ""current"": 1, ""friendly_name"": ""auto-banheiro""}"
2025-07-12T12:24:20.511924,automation.auto_banheiro,on,on,"{""id"": ""1747870075916"", ""last_triggered"": ""2025-07-12T15:24:20.500661+00:00"", ""mode"": ""single"", ""current"": 0, ""friendly_name"": ""auto-banheiro""}"
2025-07-12T12:24:23.463956,sensor.tauntaum_energy,211.497,211.506,"{""state_class"": ""total_increasing"", ""unit_of_measurement"": ""kWh"", ""device_class"": ""energy"", ""friendly_name"": ""Tauntaum Energy""}"
2025-07-12T12:24:23.465880,sensor.tauntaum_power,34,35,"{""state_class"": ""measurement"", ""power_consumption_start"": ""2025-07-12T15:08:45Z"", ""power_consumption_end"": ""2025-07-12T15:24:23Z"", ""unit_of_measurement"": ""W"", ""device_class"": ""power"", ""friendly_name"": ""Tauntaum Power""}"
2025-07-12T12:24:23.467485,sensor.tauntaum_energy_difference,0.01,0.009,"{""state_class"": ""total"", ""unit_of_measurement"": ""kWh"", ""device_class"": ""energy"", ""friendly_name"": ""Tauntaum Energy difference""}"
2025-07-12T12:24:23.468984,sensor.tauntaum_power_energy,0.00949265833351347,0.00886126888977157,"{""state_class"": ""total"", ""unit_of_measurement"": ""kWh"", ""device_class"": ""energy"", ""friendly_name"": ""Tauntaum Power energy""}"
2025-07-12T12:24:25.167548,camera.192_168_0_33,idle,idle,"{""access_token"": ""63f195a229b67803a59a438a74dbfbfecf831284964bd156728b913490dd2327"", ""entity_picture"": ""/api/camera_proxy/camera.192_168_0_33?token=63f195a229b67803a59a438a74dbfbfecf831284964bd156728b913490dd2327"", ""friendly_name"": ""192_168_0_14"", ""supported_features"": 2}"
2025-07-12T12:24:25.169345,camera.admin_mainstream,idle,idle,"{""access_token"": ""f84f9ef54e0377386b0bc0558752306fdddc1171ae84ed73580965effab7310d"", ""entity_picture"": ""/api/camera_proxy/camera.admin_mainstream?token=f84f9ef54e0377386b0bc0558752306fdddc1171ae84ed73580965effab7310d"", ""friendly_name"": ""admin MainStream"", ""supported_features"": 2}"
2025-07-12T12:24:25.170969,camera.admin_substream,idle,idle,"{""access_token"": ""7b9655be12ec687e696865257c465ec3ae681970da0af82df4609c2367db7e00"", ""entity_picture"": ""/api/camera_proxy/camera.admin_substream?token=7b9655be12ec687e696865257c465ec3ae681970da0af82df4609c2367db7e00"", ""friendly_name"": ""admin SubStream"", ""supported_features"": 2}"
2025-07-12T12:24:25.508640,automation.auto_banheiro,on,on,"{""id"": ""1747870075916"", ""last_triggered"": ""2025-07-12T15:24:25.500731+00:00"", ""mode"": ""single"", ""current"": 1, ""friendly_name"": ""auto-banheiro""}"
2025-07-12T12:24:25.512331,automation.auto_banheiro,on,on,"{""id"": ""1747870075916"", ""last_triggered"": ""2025-07-12T15:24:25.500731+00:00"", ""mode"": ""single"", ""current"": 0, ""friendly_name"": ""auto-banheiro""}"
2025-07-12T12:24:30.505107,automation.auto_banheiro,on,on,"{""id"": ""1747870075916"", ""last_triggered"": ""2025-07-12T15:24:30.500358+00:00"", ""mode"": ""single"", ""current"": 1, ""friendly_name"": ""auto-banheiro""}"
2025-07-12T12:24:30.506749,automation.auto_banheiro,on,on,"{""id"": ""1747870075916"", ""last_triggered"": ""2025-07-12T15:24:30.500358+00:00"", ""mode"": ""single"", ""current"": 0, ""friendly_name"": ""auto-banheiro""}"
2025-07-12T12:24:35.509577,automation.auto_banheiro,on,on,"{""id"": ""1747870075916"", ""last_triggered"": ""2025-07-12T15:24:35.500191+00:00"", ""mode"": ""single"", ""current"": 1, ""friendly_name"": ""auto-banheiro""}"
2025-07-12T12:24:35.511248,automation.auto_banheiro,on,on,"{""id"": ""1747870075916"", ""last_triggered"": ""2025-07-12T15:24:35.500191+00:00"", ""mode"": ""single"", ""current"": 0, ""friendly_name"": ""auto-banheiro""}"
2025-07-12T12:24:40.512846,automation.auto_banheiro,on,on,"{""id"": ""1747870075916"", ""last_triggered"": ""2025-07-12T15:24:40.500680+00:00"", ""mode"": ""single"", ""current"": 1, ""friendly_name"": ""auto-banheiro""}"
2025-07-12T12:24:40.516593,automation.auto_banheiro,on,on,"{""id"": ""1747870075916"", ""last_triggered"": ""2025-07-12T15:24:40.500680+00:00"", ""mode"": ""single"", ""current"": 0, ""friendly_name"": ""auto-banheiro""}"
2025-07-12T12:24:40.625391,sensor.arris_tg1692a_router_download_speed,0.00283003307261134,0.00334807214367512,"{""state_class"": ""measurement"", ""unit_of_measurement"": ""Mbit/s"", ""device_class"": ""data_rate"", ""friendly_name"": ""ARRIS TG1692A Router Download speed""}"
2025-07-12T12:24:40.628566,sensor.arris_tg1692a_router_upload_speed,0.00234840475286614,0.00336460451647759,"{""state_class"": ""measurement"", ""unit_of_measurement"": ""Mbit/s"", ""device_class"": ""data_rate"", ""friendly_name"": ""ARRIS TG1692A Router Upload speed""}"
2025-07-12T12:24:45.527701,automation.auto_banheiro,on,on,"{""id"": ""1747870075916"", ""last_triggered"": ""2025-07-12T15:24:45.501396+00:00"", ""mode"": ""single"", ""current"": 1, ""friendly_name"": ""auto-banheiro""}"
2025-07-12T12:24:45.531648,automation.auto_banheiro,on,on,"{""id"": ""1747870075916"", ""last_triggered"": ""2025-07-12T15:24:45.501396+00:00"", ""mode"": ""single"", ""current"": 0, ""friendly_name"": ""auto-banheiro""}"
2025-07-12T12:24:50.505062,automation.auto_banheiro,on,on,"{""id"": ""1747870075916"", ""last_triggered"": ""2025-07-12T15:24:50.500265+00:00"", ""mode"": ""single"", ""current"": 1, ""friendly_name"": ""auto-banheiro""}"
2025-07-12T12:24:50.506704,automation.auto_banheiro,on,on,"{""id"": ""1747870075916"", ""last_triggered"": ""2025-07-12T15:24:50.500265+00:00"", ""mode"": ""single"", ""current"": 0, ""friendly_name"": ""auto-banheiro""}"
2025-07-12T12:24:55.506601,automation.auto_banheiro,on,on,"{""id"": ""1747870075916"", ""last_triggered"": ""2025-07-12T15:24:55.500086+00:00"", ""mode"": ""single"", ""current"": 1, ""friendly_name"": ""auto-banheiro""}"
2025-07-12T12:24:55.508509,automation.auto_banheiro,on,on,"{""id"": ""1747870075916"", ""last_triggered"": ""2025-07-12T15:24:55.500086+00:00"", ""mode"": ""single"", ""current"": 0, ""friendly_name"": ""auto-banheiro""}"
2025-07-12T12:25:00.504977,automation.auto_banheiro,on,on,"{""id"": ""1747870075916"", ""last_triggered"": ""2025-07-12T15:25:00.500127+00:00"", ""mode"": ""single"", ""current"": 1, ""friendly_name"": ""auto-banheiro""}"
2025-07-12T12:25:00.506617,automation.auto_banheiro,on,on,"{""id"": ""1747870075916"", ""last_triggered"": ""2025-07-12T15:25:00.500127+00:00"", ""mode"": ""single"", ""current"": 0, ""friendly_name"": ""auto-banheiro""}"
2025-07-12T12:25:05.509801,automation.auto_banheiro,on,on,"{""id"": ""1747870075916"", ""last_triggered"": ""2025-07-12T15:25:05.500398+00:00"", ""mode"": ""single"", ""current"": 1, ""friendly_name"": ""auto-banheiro""}"
2025-07-12T12:25:05.513580,automation.auto_banheiro,on,on,"{""id"": ""1747870075916"", ""last_triggered"": ""2025-07-12T15:25:05.500398+00:00"", ""mode"": ""single"", ""current"": 0, ""friendly_name"": ""auto-banheiro""}"
2025-07-12T12:25:10.116242,automation.aut_status_bruno,on,on,"{""id"": ""1751855857509"", ""last_triggered"": ""2025-07-12T15:25:10.107680+00:00"", ""mode"": ""single"", ""current"": 1, ""friendly_name"": ""aut-status-bruno""}"
2025-07-12T12:25:10.119165,automation.aut_status_bruno,on,on,"{""id"": ""1751855857509"", ""last_triggered"": ""2025-07-12T15:25:10.107680+00:00"", ""mode"": ""single"", ""current"": 0, ""friendly_name"": ""aut-status-bruno""}"
2025-07-12T12:25:10.259538,automation.aut_lampada_quarto,on,on,"{""id"": ""1746067262247"", ""last_triggered"": ""2025-07-12T15:25:10.254851+00:00"", ""mode"": ""single"", ""current"": 1, ""friendly_name"": ""aut-quarto""}"
2025-07-12T12:25:10.261421,automation.aut_lampada_quarto,on,on,"{""id"": ""1746067262247"", ""last_triggered"": ""2025-07-12T15:25:10.254851+00:00"", ""mode"": ""single"", ""current"": 0, ""friendly_name"": ""aut-quarto""}"
2025-07-12T12:25:10.504824,automation.auto_banheiro,on,on,"{""id"": ""1747870075916"", ""last_triggered"": ""2025-07-12T15:25:10.500000+00:00"", ""mode"": ""single"", ""current"": 1, ""friendly_name"": ""auto-banheiro""}"
2025-07-12T12:25:10.506455,automation.auto_banheiro,on,on,"{""id"": ""1747870075916"", ""last_triggered"": ""2025-07-12T15:25:10.500000+00:00"", ""mode"": ""single"", ""current"": 0, ""friendly_name"": ""auto-banheiro""}"
2025-07-12T12:25:10.616983,sensor.arris_tg1692a_router_download_speed,0.00334807214367512,0.00451640441700138,"{""state_class"": ""measurement"", ""unit_of_measurement"": ""Mbit/s"", ""device_class"": ""data_rate"", ""friendly_name"": ""ARRIS TG1692A Router Download speed""}"
2025-07-12T12:25:10.619645,sensor.arris_tg1692a_router_upload_speed,0.00336460451647759,0.0039323866044581,"{""state_class"": ""measurement"", ""unit_of_measurement"": ""Mbit/s"", ""device_class"": ""data_rate"", ""friendly_name"": ""ARRIS TG1692A Router Upload speed""}"
2025-07-12T12:25:15.508935,automation.auto_banheiro,on,on,"{""id"": ""1747870075916"", ""last_triggered"": ""2025-07-12T15:25:15.500547+00:00"", ""mode"": ""single"", ""current"": 1, ""friendly_name"": ""auto-banheiro""}"
2025-07-12T12:25:15.511773,automation.auto_banheiro,on,on,"{""id"": ""1747870075916"", ""last_triggered"": ""2025-07-12T15:25:15.500547+00:00"", ""mode"": ""single"", ""current"": 0, ""friendly_name"": ""auto-banheiro""}"
2025-07-12T12:25:17.308446,binary_sensor.tauntaum_door,off,unavailable,"{""restored"": true, ""device_class"": ""door"", ""friendly_name"": ""Door"", ""supported_features"": 0}"
2025-07-12T12:25:17.312056,binary_sensor.tauntaum_cooler_door,off,unavailable,"{""restored"": true, ""device_class"": ""door"", ""friendly_name"": ""Fridge door"", ""supported_features"": 0}"
2025-07-12T12:25:17.315021,binary_sensor.chewbacca_child_lock,off,unavailable,"{""restored"": true, ""friendly_name"": ""Child lock"", ""supported_features"": 0}"
2025-07-12T12:25:17.318127,binary_sensor.chewbacca_remote_control,off,unavailable,"{""restored"": true, ""friendly_name"": ""Remote control"", ""supported_features"": 0}"
2025-07-12T12:25:17.320950,binary_sensor.chewbacca_power,off,unavailable,"{""restored"": true, ""device_class"": ""power"", ""friendly_name"": ""Power"", ""supported_features"": 0}"
2025-07-12T12:25:17.323953,number.chewbacca_rinse_cycles,2,unavailable,"{""restored"": true, ""min"": 0, ""max"": 5, ""step"": 1.0, ""mode"": ""box"", ""friendly_name"": ""Rinse cycles"", ""supported_features"": 0, ""unit_of_measurement"": ""cycles""}"
2025-07-12T12:25:17.326637,select.chewbacca,stop,unavailable,"{""restored"": true, ""options"": [""stop"", ""run"", ""pause""], ""supported_features"": 0}"
2025-07-12T12:25:17.329593,select.chewbacca_spin_level,1400,unavailable,"{""restored"": true, ""options"": [""rinse_hold"", ""no_spin"", ""400"", ""800"", ""1000"", ""1200"", ""1400""], ""friendly_name"": ""Spin level"", ""supported_features"": 0}"
2025-07-12T12:25:17.332647,sensor.tauntaum_energy,211.506,unavailable,"{""restored"": true, ""state_class"": ""total_increasing"", ""device_class"": ""energy"", ""friendly_name"": ""Energy"", ""supported_features"": 0, ""unit_of_measurement"": ""kWh""}"
2025-07-12T12:25:17.335677,sensor.tauntaum_power,35,unavailable,"{""restored"": true, ""state_class"": ""measurement"", ""device_class"": ""power"", ""friendly_name"": ""Power"", ""supported_features"": 0, ""unit_of_measurement"": ""W""}"
2025-07-12T12:25:17.338571,sensor.tauntaum_energy_difference,0.009,unavailable,"{""restored"": true, ""state_class"": ""total"", ""device_class"": ""energy"", ""friendly_name"": ""Energy difference"", ""supported_features"": 0, ""unit_of_measurement"": ""kWh""}"
2025-07-12T12:25:17.341470,sensor.tauntaum_power_energy,0.00886126888977157,unavailable,"{""restored"": true, ""state_class"": ""total"", ""device_class"": ""energy"", ""friendly_name"": ""Power energy"", ""supported_features"": 0, ""unit_of_measurement"": ""kWh""}"
2025-07-12T12:25:17.344399,sensor.tauntaum_energy_saved,0.001,unavailable,"{""restored"": true, ""state_class"": ""total_increasing"", ""device_class"": ""energy"", ""friendly_name"": ""Energy saved"", ""supported_features"": 0, ""unit_of_measurement"": ""kWh""}"
2025-07-12T12:25:17.347262,sensor.chewbacca_energy,123.5,unavailable,"{""restored"": true, ""state_class"": ""total_increasing"", ""device_class"": ""energy"", ""friendly_name"": ""Energy"", ""supported_features"": 0, ""unit_of_measurement"": ""kWh""}"
2025-07-12T12:25:17.350947,sensor.chewbacca_power,0,unavailable,"{""restored"": true, ""state_class"": ""measurement"", ""device_class"": ""power"", ""friendly_name"": ""Power"", ""supported_features"": 0, ""unit_of_measurement"": ""W""}"
2025-07-12T12:25:17.353971,sensor.chewbacca_energy_difference,0.0,unavailable,"{""restored"": true, ""state_class"": ""total"", ""device_class"": ""energy"", ""friendly_name"": ""Energy difference"", ""supported_features"": 0, ""unit_of_measurement"": ""kWh""}"
2025-07-12T12:25:17.356911,sensor.chewbacca_power_energy,0.0,unavailable,"{""restored"": true, ""state_class"": ""total"", ""device_class"": ""energy"", ""friendly_name"": ""Power energy"", ""supported_features"": 0, ""unit_of_measurement"": ""kWh""}"
2025-07-12T12:25:17.359961,sensor.chewbacca_energy_saved,0.0,unavailable,"{""restored"": true, ""state_class"": ""total_increasing"", ""device_class"": ""energy"", ""friendly_name"": ""Energy saved"", ""supported_features"": 0, ""unit_of_measurement"": ""kWh""}"
2025-07-12T12:25:17.362881,sensor.chewbacca_machine_state,stop,unavailable,"{""restored"": true, ""options"": [""pause"", ""run"", ""stop""], ""device_class"": ""enum"", ""friendly_name"": ""Machine state"", ""supported_features"": 0}"
2025-07-12T12:25:17.366235,sensor.chewbacca_job_state,none,unavailable,"{""restored"": true, ""options"": [""air_wash"", ""ai_rinse"", ""ai_spin"", ""ai_wash"", ""cooling"", ""delay_wash"", ""drying"", ""finish"", ""none"", ""pre_wash"", ""rinse"", ""spin"", ""wash"", ""weight_sensing"", ""wrinkle_prevent"", ""freeze_protection""], ""device_class"": ""enum"", ""friendly_name"": ""Job state"", ""supported_features"": 0}"
2025-07-12T12:25:17.369369,sensor.chewbacca_completion_time,2025-07-12T11:01:29+00:00,unavailable,"{""restored"": true, ""device_class"": ""timestamp"", ""friendly_name"": ""Completion time"", ""supported_features"": 0}"
2025-07-12T12:25:17.372118,switch.tauntaum_power_cool,off,unavailable,"{""restored"": true, ""friendly_name"": ""Power cool"", ""supported_features"": 0}"
2025-07-12T12:25:17.373560,switch.tauntaum_power_freeze,off,unavailable,"{""restored"": true, ""friendly_name"": ""Power freeze"", ""supported_features"": 0}"
2025-07-12T12:25:17.374878,switch.chewbacca_bubble_soak,off,unavailable,"{""restored"": true, ""friendly_name"": ""Bubble Soak"", ""supported_features"": 0}"
2025-07-12T12:25:20.507099,automation.auto_banheiro,on,on,"{""id"": ""1747870075916"", ""last_triggered"": ""2025-07-12T15:25:20.500588+00:00"", ""mode"": ""single"", ""current"": 1, ""friendly_name"": ""auto-banheiro""}"
2025-07-12T12:25:20.508885,automation.auto_banheiro,on,on,"{""id"": ""1747870075916"", ""last_triggered"": ""2025-07-12T15:25:20.500588+00:00"", ""mode"": ""single"", ""current"": 0, ""friendly_name"": ""auto-banheiro""}"
2025-07-12T12:25:25.505044,automation.auto_banheiro,on,on,"{""id"": ""1747870075916"", ""last_triggered"": ""2025-07-12T15:25:25.500273+00:00"", ""mode"": ""single"", ""current"": 1, ""friendly_name"": ""auto-banheiro""}"
2025-07-12T12:25:25.508321,automation.auto_banheiro,on,on,"{""id"": ""1747870075916"", ""last_triggered"": ""2025-07-12T15:25:25.500273+00:00"", ""mode"": ""single"", ""current"": 0, ""friendly_name"": ""auto-banheiro""}"
2025-07-12T12:25:30.510991,automation.auto_banheiro,on,on,"{""id"": ""1747870075916"", ""last_triggered"": ""2025-07-12T15:25:30.500595+00:00"", ""mode"": ""single"", ""current"": 1, ""friendly_name"": ""auto-banheiro""}"
2025-07-12T12:25:30.512703,automation.auto_banheiro,on,on,"{""id"": ""1747870075916"", ""last_triggered"": ""2025-07-12T15:25:30.500595+00:00"", ""mode"": ""single"", ""current"": 0, ""friendly_name"": ""auto-banheiro""}"
2025-07-12T12:25:35.507689,automation.auto_banheiro,on,on,"{""id"": ""1747870075916"", ""last_triggered"": ""2025-07-12T15:25:35.500626+00:00"", ""mode"": ""single"", ""current"": 1, ""friendly_name"": ""auto-banheiro""}"
2025-07-12T12:25:35.517097,automation.auto_banheiro,on,on,"{""id"": ""1747870075916"", ""last_triggered"": ""2025-07-12T15:25:35.500626+00:00"", ""mode"": ""single"", ""current"": 0, ""friendly_name"": ""auto-banheiro""}"
2025-07-12T12:25:40.505404,automation.auto_banheiro,on,on,"{""id"": ""1747870075916"", ""last_triggered"": ""2025-07-12T15:25:40.500533+00:00"", ""mode"": ""single"", ""current"": 1, ""friendly_name"": ""auto-banheiro""}"
2025-07-12T12:25:40.507060,automation.auto_banheiro,on,on,"{""id"": ""1747870075916"", ""last_triggered"": ""2025-07-12T15:25:40.500533+00:00"", ""mode"": ""single"", ""current"": 0, ""friendly_name"": ""auto-banheiro""}"
2025-07-12T12:25:40.613946,sensor.arris_tg1692a_router_download_speed,0.00451640441700138,0.00520155457278783,"{""state_class"": ""measurement"", ""unit_of_measurement"": ""Mbit/s"", ""device_class"": ""data_rate"", ""friendly_name"": ""ARRIS TG1692A Router Download speed""}"
2025-07-12T12:25:40.615892,sensor.arris_tg1692a_router_upload_speed,0.0039323866044581,0.00452285903893779,"{""state_class"": ""measurement"", ""unit_of_measurement"": ""Mbit/s"", ""device_class"": ""data_rate"", ""friendly_name"": ""ARRIS TG1692A Router Upload speed""}"
2025-07-12T12:25:45.505234,automation.auto_banheiro,on,on,"{""id"": ""1747870075916"", ""last_triggered"": ""2025-07-12T15:25:45.500475+00:00"", ""mode"": ""single"", ""current"": 1, ""friendly_name"": ""auto-banheiro""}"
2025-07-12T12:25:45.506913,automation.auto_banheiro,on,on,"{""id"": ""1747870075916"", ""last_triggered"": ""2025-07-12T15:25:45.500475+00:00"", ""mode"": ""single"", ""current"": 0, ""friendly_name"": ""auto-banheiro""}"
2025-07-12T12:25:47.432565,binary_sensor.tauntaum_door,unavailable,off,"{""device_class"": ""door"", ""friendly_name"": ""Tauntaum Door""}"
2025-07-12T12:25:47.434558,binary_sensor.tauntaum_cooler_door,unavailable,off,"{""device_class"": ""door"", ""friendly_name"": ""Tauntaum Fridge door""}"
2025-07-12T12:25:47.436382,binary_sensor.chewbacca_child_lock,unavailable,off,"{""friendly_name"": ""Chewbacca Child lock""}"
2025-07-12T12:25:47.438033,binary_sensor.chewbacca_remote_control,unavailable,off,"{""friendly_name"": ""Chewbacca Remote control""}"
2025-07-12T12:25:47.439931,binary_sensor.chewbacca_power,unavailable,off,"{""device_class"": ""power"", ""friendly_name"": ""Chewbacca Power""}"
2025-07-12T12:25:47.441824,number.chewbacca_rinse_cycles,unavailable,2,"{""min"": 0, ""max"": 5, ""step"": 1.0, ""mode"": ""box"", ""unit_of_measurement"": ""cycles"", ""friendly_name"": ""Chewbacca Rinse cycles""}"
2025-07-12T12:25:47.443587,select.chewbacca,unavailable,stop,"{""options"": [""stop"", ""run"", ""pause""], ""friendly_name"": ""Chewbacca""}"
2025-07-12T12:25:47.445208,select.chewbacca_spin_level,unavailable,1400,"{""options"": [""rinse_hold"", ""no_spin"", ""400"", ""800"", ""1000"", ""1200"", ""1400""], ""friendly_name"": ""Chewbacca Spin level""}"
2025-07-12T12:25:47.446959,sensor.tauntaum_energy,unavailable,211.506,"{""state_class"": ""total_increasing"", ""unit_of_measurement"": ""kWh"", ""device_class"": ""energy"", ""friendly_name"": ""Tauntaum Energy""}"
2025-07-12T12:25:47.449809,sensor.tauntaum_power,unavailable,35,"{""state_class"": ""measurement"", ""power_consumption_start"": ""2025-07-12T15:08:45Z"", ""power_consumption_end"": ""2025-07-12T15:24:23Z"", ""unit_of_measurement"": ""W"", ""device_class"": ""power"", ""friendly_name"": ""Tauntaum Power""}"
2025-07-12T12:25:47.451462,sensor.tauntaum_energy_difference,unavailable,0.009,"{""state_class"": ""total"", ""unit_of_measurement"": ""kWh"", ""device_class"": ""energy"", ""friendly_name"": ""Tauntaum Energy difference""}"
2025-07-12T12:25:47.452958,sensor.tauntaum_power_energy,unavailable,0.00886126888977157,"{""state_class"": ""total"", ""unit_of_measurement"": ""kWh"", ""device_class"": ""energy"", ""friendly_name"": ""Tauntaum Power energy""}"
2025-07-12T12:25:47.454346,sensor.tauntaum_energy_saved,unavailable,0.001,"{""state_class"": ""total_increasing"", ""unit_of_measurement"": ""kWh"", ""device_class"": ""energy"", ""friendly_name"": ""Tauntaum Energy saved""}"
2025-07-12T12:25:47.455929,sensor.chewbacca_energy,unavailable,123.5,"{""state_class"": ""total_increasing"", ""unit_of_measurement"": ""kWh"", ""device_class"": ""energy"", ""friendly_name"": ""Chewbacca Energy""}"
2025-07-12T12:25:47.457434,sensor.chewbacca_power,unavailable,0,"{""state_class"": ""measurement"", ""power_consumption_start"": ""2025-07-11T23:11:10Z"", ""power_consumption_end"": ""2025-07-12T10:22:29Z"", ""unit_of_measurement"": ""W"", ""device_class"": ""power"", ""friendly_name"": ""Chewbacca Power""}"
2025-07-12T12:25:47.458877,sensor.chewbacca_energy_difference,unavailable,0.0,"{""state_class"": ""total"", ""unit_of_measurement"": ""kWh"", ""device_class"": ""energy"", ""friendly_name"": ""Chewbacca Energy difference""}"
2025-07-12T12:25:47.460311,sensor.chewbacca_power_energy,unavailable,0.0,"{""state_class"": ""total"", ""unit_of_measurement"": ""kWh"", ""device_class"": ""energy"", ""friendly_name"": ""Chewbacca Power energy""}"
2025-07-12T12:25:47.461764,sensor.chewbacca_energy_saved,unavailable,0.0,"{""state_class"": ""total_increasing"", ""unit_of_measurement"": ""kWh"", ""device_class"": ""energy"", ""friendly_name"": ""Chewbacca Energy saved""}"
2025-07-12T12:25:47.463148,sensor.chewbacca_machine_state,unavailable,stop,"{""options"": [""pause"", ""run"", ""stop""], ""device_class"": ""enum"", ""friendly_name"": ""Chewbacca Machine state""}"
2025-07-12T12:25:47.464767,sensor.chewbacca_job_state,unavailable,none,"{""options"": [""air_wash"", ""ai_rinse"", ""ai_spin"", ""ai_wash"", ""cooling"", ""delay_wash"", ""drying"", ""finish"", ""none"", ""pre_wash"", ""rinse"", ""spin"", ""wash"", ""weight_sensing"", ""wrinkle_prevent"", ""freeze_protection""], ""device_class"": ""enum"", ""friendly_name"": ""Chewbacca Job state""}"
2025-07-12T12:25:47.466273,sensor.chewbacca_completion_time,unavailable,2025-07-12T11:01:29+00:00,"{""device_class"": ""timestamp"", ""friendly_name"": ""Chewbacca Completion time""}"
2025-07-12T12:25:47.467650,switch.tauntaum_power_cool,unavailable,off,"{""friendly_name"": ""Tauntaum Power cool""}"
2025-07-12T12:25:47.469003,switch.tauntaum_power_freeze,unavailable,off,"{""friendly_name"": ""Tauntaum Power freeze""}"
2025-07-12T12:25:47.470244,switch.chewbacca_bubble_soak,unavailable,off,"{""friendly_name"": ""Chewbacca Bubble Soak""}"
2025-07-12T12:25:50.507910,automation.auto_banheiro,on,on,"{""id"": ""1747870075916"", ""last_triggered"": ""2025-07-12T15:25:50.500032+00:00"", ""mode"": ""single"", ""current"": 1, ""friendly_name"": ""auto-banheiro""}"
2025-07-12T12:25:50.509519,automation.auto_banheiro,on,on,"{""id"": ""1747870075916"", ""last_triggered"": ""2025-07-12T15:25:50.500032+00:00"", ""mode"": ""single"", ""current"": 0, ""friendly_name"": ""auto-banheiro""}"
2025-07-12T12:25:55.505554,automation.auto_banheiro,on,on,"{""id"": ""1747870075916"", ""last_triggered"": ""2025-07-12T15:25:55.500634+00:00"", ""mode"": ""single"", ""current"": 1, ""friendly_name"": ""auto-banheiro""}"
2025-07-12T12:25:55.507236,automation.auto_banheiro,on,on,"{""id"": ""1747870075916"", ""last_triggered"": ""2025-07-12T15:25:55.500634+00:00"", ""mode"": ""single"", ""current"": 0, ""friendly_name"": ""auto-banheiro""}"
2025-07-12T12:26:00.505176,automation.auto_banheiro,on,on,"{""id"": ""1747870075916"", ""last_triggered"": ""2025-07-12T15:26:00.500349+00:00"", ""mode"": ""single"", ""current"": 1, ""friendly_name"": ""auto-banheiro""}"
2025-07-12T12:26:00.508076,automation.auto_banheiro,on,on,"{""id"": ""1747870075916"", ""last_triggered"": ""2025-07-12T15:26:00.500349+00:00"", ""mode"": ""single"", ""current"": 0, ""friendly_name"": ""auto-banheiro""}"
2025-07-12T12:26:05.515220,automation.auto_banheiro,on,on,"{""id"": ""1747870075916"", ""last_triggered"": ""2025-07-12T15:26:05.501078+00:00"", ""mode"": ""single"", ""current"": 1, ""friendly_name"": ""auto-banheiro""}"
2025-07-12T12:26:05.526857,automation.auto_banheiro,on,on,"{""id"": ""1747870075916"", ""last_triggered"": ""2025-07-12T15:26:05.501078+00:00"", ""mode"": ""single"", ""current"": 0, ""friendly_name"": ""auto-banheiro""}"
2025-07-12T12:26:10.118172,automation.aut_status_bruno,on,on,"{""id"": ""1751855857509"", ""last_triggered"": ""2025-07-12T15:26:10.107849+00:00"", ""mode"": ""single"", ""current"": 1, ""friendly_name"": ""aut-status-bruno""}"
2025-07-12T12:26:10.120674,automation.aut_status_bruno,on,on,"{""id"": ""1751855857509"", ""last_triggered"": ""2025-07-12T15:26:10.107849+00:00"", ""mode"": ""single"", ""current"": 0, ""friendly_name"": ""aut-status-bruno""}"
2025-07-12T12:26:10.263027,automation.aut_lampada_quarto,on,on,"{""id"": ""1746067262247"", ""last_triggered"": ""2025-07-12T15:26:10.255262+00:00"", ""mode"": ""single"", ""current"": 1, ""friendly_name"": ""aut-quarto""}"
2025-07-12T12:26:10.265506,automation.aut_lampada_quarto,on,on,"{""id"": ""1746067262247"", ""last_triggered"": ""2025-07-12T15:26:10.255262+00:00"", ""mode"": ""single"", ""current"": 0, ""friendly_name"": ""aut-quarto""}"
2025-07-12T12:26:10.504701,automation.auto_banheiro,on,on,"{""id"": ""1747870075916"", ""last_triggered"": ""2025-07-12T15:26:10.500010+00:00"", ""mode"": ""single"", ""current"": 1, ""friendly_name"": ""auto-banheiro""}"
2025-07-12T12:26:10.506231,automation.auto_banheiro,on,on,"{""id"": ""1747870075916"", ""last_triggered"": ""2025-07-12T15:26:10.500010+00:00"", ""mode"": ""single"", ""current"": 0, ""friendly_name"": ""auto-banheiro""}"
2025-07-12T12:26:10.637193,sensor.arris_tg1692a_router_download_speed,0.00520155457278783,0.00489461657842368,"{""state_class"": ""measurement"", ""unit_of_measurement"": ""Mbit/s"", ""device_class"": ""data_rate"", ""friendly_name"": ""ARRIS TG1692A Router Download speed""}"
2025-07-12T12:26:10.639195,sensor.arris_tg1692a_router_upload_speed,0.00452285903893779,0.0026981057227181,"{""state_class"": ""measurement"", ""unit_of_measurement"": ""Mbit/s"", ""device_class"": ""data_rate"", ""friendly_name"": ""ARRIS TG1692A Router Upload speed""}"
2025-07-12T12:26:15.505441,automation.auto_banheiro,on,on,"{""id"": ""1747870075916"", ""last_triggered"": ""2025-07-12T15:26:15.500687+00:00"", ""mode"": ""single"", ""current"": 1, ""friendly_name"": ""auto-banheiro""}"
2025-07-12T12:26:15.507491,automation.auto_banheiro,on,on,"{""id"": ""1747870075916"", ""last_triggered"": ""2025-07-12T15:26:15.500687+00:00"", ""mode"": ""single"", ""current"": 0, ""friendly_name"": ""auto-banheiro""}"
2025-07-12T12:26:20.504989,automation.auto_banheiro,on,on,"{""id"": ""1747870075916"", ""last_triggered"": ""2025-07-12T15:26:20.499882+00:00"", ""mode"": ""single"", ""current"": 1, ""friendly_name"": ""auto-banheiro""}"
2025-07-12T12:26:20.506837,automation.auto_banheiro,on,on,"{""id"": ""1747870075916"", ""last_triggered"": ""2025-07-12T15:26:20.499882+00:00"", ""mode"": ""single"", ""current"": 0, ""friendly_name"": ""auto-banheiro""}"
2025-07-12T12:26:25.513265,automation.auto_banheiro,on,on,"{""id"": ""1747870075916"", ""last_triggered"": ""2025-07-12T15:26:25.500856+00:00"", ""mode"": ""single"", ""current"": 1, ""friendly_name"": ""auto-banheiro""}"
2025-07-12T12:26:25.515062,automation.auto_banheiro,on,on,"{""id"": ""1747870075916"", ""last_triggered"": ""2025-07-12T15:26:25.500856+00:00"", ""mode"": ""single"", ""current"": 0, ""friendly_name"": ""auto-banheiro""}"
2025-07-12T12:26:30.505437,automation.auto_banheiro,on,on,"{""id"": ""1747870075916"", ""last_triggered"": ""2025-07-12T15:26:30.500647+00:00"", ""mode"": ""single"", ""current"": 1, ""friendly_name"": ""auto-banheiro""}"
2025-07-12T12:26:30.506991,automation.auto_banheiro,on,on,"{""id"": ""1747870075916"", ""last_triggered"": ""2025-07-12T15:26:30.500647+00:00"", ""mode"": ""single"", ""current"": 0, ""friendly_name"": ""auto-banheiro""}"
2025-07-12T12:26:35.508983,automation.auto_banheiro,on,on,"{""id"": ""1747870075916"", ""last_triggered"": ""2025-07-12T15:26:35.501603+00:00"", ""mode"": ""single"", ""current"": 1, ""friendly_name"": ""auto-banheiro""}"
2025-07-12T12:26:35.510561,automation.auto_banheiro,on,on,"{""id"": ""1747870075916"", ""last_triggered"": ""2025-07-12T15:26:35.501603+00:00"", ""mode"": ""single"", ""current"": 0, ""friendly_name"": ""auto-banheiro""}"
2025-07-12T12:26:40.511139,automation.auto_banheiro,on,on,"{""id"": ""1747870075916"", ""last_triggered"": ""2025-07-12T15:26:40.500796+00:00"", ""mode"": ""single"", ""current"": 1, ""friendly_name"": ""auto-banheiro""}"
2025-07-12T12:26:40.514787,automation.auto_banheiro,on,on,"{""id"": ""1747870075916"", ""last_triggered"": ""2025-07-12T15:26:40.500796+00:00"", ""mode"": ""single"", ""current"": 0, ""friendly_name"": ""auto-banheiro""}"
2025-07-12T12:26:40.615462,sensor.arris_tg1692a_router_download_speed,0.00489461657842368,0.00295065240518004,"{""state_class"": ""measurement"", ""unit_of_measurement"": ""Mbit/s"", ""device_class"": ""data_rate"", ""friendly_name"": ""ARRIS TG1692A Router Download speed""}"
2025-07-12T12:26:40.619357,sensor.arris_tg1692a_router_upload_speed,0.0026981057227181,0.00570557242306662,"{""state_class"": ""measurement"", ""unit_of_measurement"": ""Mbit/s"", ""device_class"": ""data_rate"", ""friendly_name"": ""ARRIS TG1692A Router Upload speed""}"
2025-07-12T12:26:45.511473,automation.auto_banheiro,on,on,"{""id"": ""1747870075916"", ""last_triggered"": ""2025-07-12T15:26:45.500715+00:00"", ""mode"": ""single"", ""current"": 1, ""friendly_name"": ""auto-banheiro""}"
2025-07-12T12:26:45.513013,automation.auto_banheiro,on,on,"{""id"": ""1747870075916"", ""last_triggered"": ""2025-07-12T15:26:45.500715+00:00"", ""mode"": ""single"", ""current"": 0, ""friendly_name"": ""auto-banheiro""}"
2025-07-12T12:26:50.506252,automation.auto_banheiro,on,on,"{""id"": ""1747870075916"", ""last_triggered"": ""2025-07-12T15:26:50.500768+00:00"", ""mode"": ""single"", ""current"": 1, ""friendly_name"": ""auto-banheiro""}"
2025-07-12T12:26:50.508363,automation.auto_banheiro,on,on,"{""id"": ""1747870075916"", ""last_triggered"": ""2025-07-12T15:26:50.500768+00:00"", ""mode"": ""single"", ""current"": 0, ""friendly_name"": ""auto-banheiro""}"
2025-07-12T12:26:55.507508,automation.auto_banheiro,on,on,"{""id"": ""1747870075916"", ""last_triggered"": ""2025-07-12T15:26:55.500246+00:00"", ""mode"": ""single"", ""current"": 1, ""friendly_name"": ""auto-banheiro""}"
2025-07-12T12:26:55.509880,automation.auto_banheiro,on,on,"{""id"": ""1747870075916"", ""last_triggered"": ""2025-07-12T15:26:55.500246+00:00"", ""mode"": ""single"", ""current"": 0, ""friendly_name"": ""auto-banheiro""}"
2025-07-12T12:27:00.507065,automation.auto_banheiro,on,on,"{""id"": ""1747870075916"", ""last_triggered"": ""2025-07-12T15:27:00.501622+00:00"", ""mode"": ""single"", ""current"": 1, ""friendly_name"": ""auto-banheiro""}"
2025-07-12T12:27:00.508859,automation.auto_banheiro,on,on,"{""id"": ""1747870075916"", ""last_triggered"": ""2025-07-12T15:27:00.501622+00:00"", ""mode"": ""single"", ""current"": 0, ""friendly_name"": ""auto-banheiro""}"
2025-07-12T12:27:05.508434,automation.auto_banheiro,on,on,"{""id"": ""1747870075916"", ""last_triggered"": ""2025-07-12T15:27:05.500890+00:00"", ""mode"": ""single"", ""current"": 1, ""friendly_name"": ""auto-banheiro""}"
2025-07-12T12:27:05.510882,automation.auto_banheiro,on,on,"{""id"": ""1747870075916"", ""last_triggered"": ""2025-07-12T15:27:05.500890+00:00"", ""mode"": ""single"", ""current"": 0, ""friendly_name"": ""auto-banheiro""}"
2025-07-12T12:27:10.114406,automation.aut_status_bruno,on,on,"{""id"": ""1751855857509"", ""last_triggered"": ""2025-07-12T15:27:10.107719+00:00"", ""mode"": ""single"", ""current"": 1, ""friendly_name"": ""aut-status-bruno""}"
2025-07-12T12:27:10.117066,automation.aut_status_bruno,on,on,"{""id"": ""1751855857509"", ""last_triggered"": ""2025-07-12T15:27:10.107719+00:00"", ""mode"": ""single"", ""current"": 0, ""friendly_name"": ""aut-status-bruno""}"
2025-07-12T12:27:10.258512,automation.aut_lampada_quarto,on,on,"{""id"": ""1746067262247"", ""last_triggered"": ""2025-07-12T15:27:10.254407+00:00"", ""mode"": ""single"", ""current"": 1, ""friendly_name"": ""aut-quarto""}"
2025-07-12T12:27:10.260131,automation.aut_lampada_quarto,on,on,"{""id"": ""1746067262247"", ""last_triggered"": ""2025-07-12T15:27:10.254407+00:00"", ""mode"": ""single"", ""current"": 0, ""friendly_name"": ""aut-quarto""}"
2025-07-12T12:27:10.505539,automation.auto_banheiro,on,on,"{""id"": ""1747870075916"", ""last_triggered"": ""2025-07-12T15:27:10.500698+00:00"", ""mode"": ""single"", ""current"": 1, ""friendly_name"": ""auto-banheiro""}"
2025-07-12T12:27:10.508200,automation.auto_banheiro,on,on,"{""id"": ""1747870075916"", ""last_triggered"": ""2025-07-12T15:27:10.500698+00:00"", ""mode"": ""single"", ""current"": 0, ""friendly_name"": ""auto-banheiro""}"
2025-07-12T12:27:10.613169,sensor.arris_tg1692a_router_download_speed,0.00295065240518004,0.00431865846121559,"{""state_class"": ""measurement"", ""unit_of_measurement"": ""Mbit/s"", ""device_class"": ""data_rate"", ""friendly_name"": ""ARRIS TG1692A Router Download speed""}"
2025-07-12T12:27:10.615015,sensor.arris_tg1692a_router_upload_speed,0.00570557242306662,0.00270079486848975,"{""state_class"": ""measurement"", ""unit_of_measurement"": ""Mbit/s"", ""device_class"": ""data_rate"", ""friendly_name"": ""ARRIS TG1692A Router Upload speed""}"
2025-07-12T12:27:15.505202,automation.auto_banheiro,on,on,"{""id"": ""1747870075916"", ""last_triggered"": ""2025-07-12T15:27:15.500368+00:00"", ""mode"": ""single"", ""current"": 1, ""friendly_name"": ""auto-banheiro""}"
2025-07-12T12:27:15.506791,automation.auto_banheiro,on,on,"{""id"": ""1747870075916"", ""last_triggered"": ""2025-07-12T15:27:15.500368+00:00"", ""mode"": ""single"", ""current"": 0, ""friendly_name"": ""auto-banheiro""}"
2025-07-12T12:27:20.505183,automation.auto_banheiro,on,on,"{""id"": ""1747870075916"", ""last_triggered"": ""2025-07-12T15:27:20.500381+00:00"", ""mode"": ""single"", ""current"": 1, ""friendly_name"": ""auto-banheiro""}"
2025-07-12T12:27:20.506847,automation.auto_banheiro,on,on,"{""id"": ""1747870075916"", ""last_triggered"": ""2025-07-12T15:27:20.500381+00:00"", ""mode"": ""single"", ""current"": 0, ""friendly_name"": ""auto-banheiro""}"
2025-07-12T12:27:25.504978,automation.auto_banheiro,on,on,"{""id"": ""1747870075916"", ""last_triggered"": ""2025-07-12T15:27:25.500169+00:00"", ""mode"": ""single"", ""current"": 1, ""friendly_name"": ""auto-banheiro""}"
2025-07-12T12:27:25.507712,automation.auto_banheiro,on,on,"{""id"": ""1747870075916"", ""last_triggered"": ""2025-07-12T15:27:25.500169+00:00"", ""mode"": ""single"", ""current"": 0, ""friendly_name"": ""auto-banheiro""}"
2025-07-12T12:27:30.505555,automation.auto_banheiro,on,on,"{""id"": ""1747870075916"", ""last_triggered"": ""2025-07-12T15:27:30.500787+00:00"", ""mode"": ""single"", ""current"": 1, ""friendly_name"": ""auto-banheiro""}"
2025-07-12T12:27:30.507343,automation.auto_banheiro,on,on,"{""id"": ""1747870075916"", ""last_triggered"": ""2025-07-12T15:27:30.500787+00:00"", ""mode"": ""single"", ""current"": 0, ""friendly_name"": ""auto-banheiro""}"
2025-07-12T12:27:35.505068,automation.auto_banheiro,on,on,"{""id"": ""1747870075916"", ""last_triggered"": ""2025-07-12T15:27:35.500148+00:00"", ""mode"": ""single"", ""current"": 1, ""friendly_name"": ""auto-banheiro""}"
2025-07-12T12:27:35.507876,automation.auto_banheiro,on,on,"{""id"": ""1747870075916"", ""last_triggered"": ""2025-07-12T15:27:35.500148+00:00"", ""mode"": ""single"", ""current"": 0, ""friendly_name"": ""auto-banheiro""}"
2025-07-12T12:27:40.513508,automation.auto_banheiro,on,on,"{""id"": ""1747870075916"", ""last_triggered"": ""2025-07-12T15:27:40.501101+00:00"", ""mode"": ""single"", ""current"": 1, ""friendly_name"": ""auto-banheiro""}"
2025-07-12T12:27:40.517871,automation.auto_banheiro,on,on,"{""id"": ""1747870075916"", ""last_triggered"": ""2025-07-12T15:27:40.501101+00:00"", ""mode"": ""single"", ""current"": 0, ""friendly_name"": ""auto-banheiro""}"
2025-07-12T12:27:40.636214,sensor.arris_tg1692a_router_download_speed,0.00431865846121559,0.00528646326134369,"{""state_class"": ""measurement"", ""unit_of_measurement"": ""Mbit/s"", ""device_class"": ""data_rate"", ""friendly_name"": ""ARRIS TG1692A Router Download speed""}"
2025-07-12T12:27:40.638043,sensor.arris_tg1692a_router_upload_speed,0.00270079486848975,0.00360404312838277,"{""state_class"": ""measurement"", ""unit_of_measurement"": ""Mbit/s"", ""device_class"": ""data_rate"", ""friendly_name"": ""ARRIS TG1692A Router Upload speed""}"
2025-07-12T12:27:42.016728,sun.sun,above_horizon,above_horizon,"{""next_dawn"": ""2025-07-13T08:34:17.857562+00:00"", ""next_dusk"": ""2025-07-12T20:45:20.313231+00:00"", ""next_midnight"": ""2025-07-13T02:39:54+00:00"", ""next_noon"": ""2025-07-13T14:39:50+00:00"", ""next_rising"": ""2025-07-13T08:57:32.537391+00:00"", ""next_setting"": ""2025-07-12T20:22:04.562792+00:00"", ""elevation"": 53.21, ""azimuth"": 341.25, ""rising"": false, ""friendly_name"": ""Sun""}"
2025-07-12T12:27:45.504550,automation.auto_banheiro,on,on,"{""id"": ""1747870075916"", ""last_triggered"": ""2025-07-12T15:27:45.499855+00:00"", ""mode"": ""single"", ""current"": 1, ""friendly_name"": ""auto-banheiro""}"
2025-07-12T12:27:45.506292,automation.auto_banheiro,on,on,"{""id"": ""1747870075916"", ""last_triggered"": ""2025-07-12T15:27:45.499855+00:00"", ""mode"": ""single"", ""current"": 0, ""friendly_name"": ""auto-banheiro""}"
2025-07-12T12:27:50.506754,automation.auto_banheiro,on,on,"{""id"": ""1747870075916"", ""last_triggered"": ""2025-07-12T15:27:50.500349+00:00"", ""mode"": ""single"", ""current"": 1, ""friendly_name"": ""auto-banheiro""}"
2025-07-12T12:27:50.508776,automation.auto_banheiro,on,on,"{""id"": ""1747870075916"", ""last_triggered"": ""2025-07-12T15:27:50.500349+00:00"", ""mode"": ""single"", ""current"": 0, ""friendly_name"": ""auto-banheiro""}"
2025-07-12T12:27:55.504834,automation.auto_banheiro,on,on,"{""id"": ""1747870075916"", ""last_triggered"": ""2025-07-12T15:27:55.500112+00:00"", ""mode"": ""single"", ""current"": 1, ""friendly_name"": ""auto-banheiro""}"
2025-07-12T12:27:55.506436,automation.auto_banheiro,on,on,"{""id"": ""1747870075916"", ""last_triggered"": ""2025-07-12T15:27:55.500112+00:00"", ""mode"": ""single"", ""current"": 0, ""friendly_name"": ""auto-banheiro""}"
2025-07-12T12:28:00.506349,automation.auto_banheiro,on,on,"{""id"": ""1747870075916"", ""last_triggered"": ""2025-07-12T15:28:00.500251+00:00"", ""mode"": ""single"", ""current"": 1, ""friendly_name"": ""auto-banheiro""}"
2025-07-12T12:28:00.508233,automation.auto_banheiro,on,on,"{""id"": ""1747870075916"", ""last_triggered"": ""2025-07-12T15:28:00.500251+00:00"", ""mode"": ""single"", ""current"": 0, ""friendly_name"": ""auto-banheiro""}"
2025-07-12T12:28:05.512242,automation.auto_banheiro,on,on,"{""id"": ""1747870075916"", ""last_triggered"": ""2025-07-12T15:28:05.501680+00:00"", ""mode"": ""single"", ""current"": 1, ""friendly_name"": ""auto-banheiro""}"
2025-07-12T12:28:05.515845,automation.auto_banheiro,on,on,"{""id"": ""1747870075916"", ""last_triggered"": ""2025-07-12T15:28:05.501680+00:00"", ""mode"": ""single"", ""current"": 0, ""friendly_name"": ""auto-banheiro""}"
2025-07-12T12:28:10.114625,automation.aut_status_bruno,on,on,"{""id"": ""1751855857509"", ""last_triggered"": ""2025-07-12T15:28:10.107619+00:00"", ""mode"": ""single"", ""current"": 1, ""friendly_name"": ""aut-status-bruno""}"
2025-07-12T12:28:10.116843,automation.aut_status_bruno,on,on,"{""id"": ""1751855857509"", ""last_triggered"": ""2025-07-12T15:28:10.107619+00:00"", ""mode"": ""single"", ""current"": 0, ""friendly_name"": ""aut-status-bruno""}"
2025-07-12T12:28:10.259790,automation.aut_lampada_quarto,on,on,"{""id"": ""1746067262247"", ""last_triggered"": ""2025-07-12T15:28:10.255362+00:00"", ""mode"": ""single"", ""current"": 1, ""friendly_name"": ""aut-quarto""}"
2025-07-12T12:28:10.261267,automation.aut_lampada_quarto,on,on,"{""id"": ""1746067262247"", ""last_triggered"": ""2025-07-12T15:28:10.255362+00:00"", ""mode"": ""single"", ""current"": 0, ""friendly_name"": ""aut-quarto""}"
2025-07-12T12:28:10.508096,automation.auto_banheiro,on,on,"{""id"": ""1747870075916"", ""last_triggered"": ""2025-07-12T15:28:10.502275+00:00"", ""mode"": ""single"", ""current"": 1, ""friendly_name"": ""auto-banheiro""}"
2025-07-12T12:28:10.511037,automation.auto_banheiro,on,on,"{""id"": ""1747870075916"", ""last_triggered"": ""2025-07-12T15:28:10.502275+00:00"", ""mode"": ""single"", ""current"": 0, ""friendly_name"": ""auto-banheiro""}"
2025-07-12T12:28:10.620760,sensor.arris_tg1692a_router_download_speed,0.00528646326134369,0.00609231926368964,"{""state_class"": ""measurement"", ""unit_of_measurement"": ""Mbit/s"", ""device_class"": ""data_rate"", ""friendly_name"": ""ARRIS TG1692A Router Download speed""}"
2025-07-12T12:28:10.622410,sensor.arris_tg1692a_router_upload_speed,0.00360404312838277,0.00371096537133437,"{""state_class"": ""measurement"", ""unit_of_measurement"": ""Mbit/s"", ""device_class"": ""data_rate"", ""friendly_name"": ""ARRIS TG1692A Router Upload speed""}"
2025-07-12T12:28:15.504977,automation.auto_banheiro,on,on,"{""id"": ""1747870075916"", ""last_triggered"": ""2025-07-12T15:28:15.500244+00:00"", ""mode"": ""single"", ""current"": 1, ""friendly_name"": ""auto-banheiro""}"
2025-07-12T12:28:15.506623,automation.auto_banheiro,on,on,"{""id"": ""1747870075916"", ""last_triggered"": ""2025-07-12T15:28:15.500244+00:00"", ""mode"": ""single"", ""current"": 0, ""friendly_name"": ""auto-banheiro""}"
2025-07-12T12:28:20.512663,automation.auto_banheiro,on,on,"{""id"": ""1747870075916"", ""last_triggered"": ""2025-07-12T15:28:20.501933+00:00"", ""mode"": ""single"", ""current"": 1, ""friendly_name"": ""auto-banheiro""}"
2025-07-12T12:28:20.515695,automation.auto_banheiro,on,on,"{""id"": ""1747870075916"", ""last_triggered"": ""2025-07-12T15:28:20.501933+00:00"", ""mode"": ""single"", ""current"": 0, ""friendly_name"": ""auto-banheiro""}"
2025-07-12T12:28:25.508632,automation.auto_banheiro,on,on,"{""id"": ""1747870075916"", ""last_triggered"": ""2025-07-12T15:28:25.501497+00:00"", ""mode"": ""single"", ""current"": 1, ""friendly_name"": ""auto-banheiro""}"
2025-07-12T12:28:25.510826,automation.auto_banheiro,on,on,"{""id"": ""1747870075916"", ""last_triggered"": ""2025-07-12T15:28:25.501497+00:00"", ""mode"": ""single"", ""current"": 0, ""friendly_name"": ""auto-banheiro""}"
2025-07-12T12:28:30.506689,automation.auto_banheiro,on,on,"{""id"": ""1747870075916"", ""last_triggered"": ""2025-07-12T15:28:30.500758+00:00"", ""mode"": ""single"", ""current"": 1, ""friendly_name"": ""auto-banheiro""}"
2025-07-12T12:28:30.508635,automation.auto_banheiro,on,on,"{""id"": ""1747870075916"", ""last_triggered"": ""2025-07-12T15:28:30.500758+00:00"", ""mode"": ""single"", ""current"": 0, ""friendly_name"": ""auto-banheiro""}"
2025-07-12T12:28:31.852777,binary_sensor.human_presence_sensor_occupancy,on,off,"{""device_class"": ""occupancy"", ""friendly_name"": ""Presen\u00e7a Quarto  Occupancy""}"
2025-07-12T12:28:31.861668,automation.aut_lampada_quarto,on,on,"{""id"": ""1746067262247"", ""last_triggered"": ""2025-07-12T15:28:31.842143+00:00"", ""mode"": ""single"", ""current"": 1, ""friendly_name"": ""aut-quarto""}"
2025-07-12T12:28:31.867205,scene.automation_bedroom_fan_0,2025-07-12T14:20:26.830178+00:00,2025-07-12T15:28:31.848748+00:00,"{""friendly_name"": ""automation-bedroom-fan-0""}"
2025-07-12T12:28:32.682633,automation.aut_lampada_quarto,on,on,"{""id"": ""1746067262247"", ""last_triggered"": ""2025-07-12T15:28:31.842143+00:00"", ""mode"": ""single"", ""current"": 0, ""friendly_name"": ""aut-quarto""}"
2025-07-12T12:28:35.507584,automation.auto_banheiro,on,on,"{""id"": ""1747870075916"", ""last_triggered"": ""2025-07-12T15:28:35.500023+00:00"", ""mode"": ""single"", ""current"": 1, ""friendly_name"": ""auto-banheiro""}"
2025-07-12T12:28:35.509208,automation.auto_banheiro,on,on,"{""id"": ""1747870075916"", ""last_triggered"": ""2025-07-12T15:28:35.500023+00:00"", ""mode"": ""single"", ""current"": 0, ""friendly_name"": ""auto-banheiro""}"
2025-07-12T12:28:40.520428,automation.auto_banheiro,on,on,"{""id"": ""1747870075916"", ""last_triggered"": ""2025-07-12T15:28:40.500910+00:00"", ""mode"": ""single"", ""current"": 1, ""friendly_name"": ""auto-banheiro""}"
2025-07-12T12:28:40.524470,automation.auto_banheiro,on,on,"{""id"": ""1747870075916"", ""last_triggered"": ""2025-07-12T15:28:40.500910+00:00"", ""mode"": ""single"", ""current"": 0, ""friendly_name"": ""auto-banheiro""}"
2025-07-12T12:28:40.619227,sensor.arris_tg1692a_router_download_speed,0.00609231926368964,0.00642872349819037,"{""state_class"": ""measurement"", ""unit_of_measurement"": ""Mbit/s"", ""device_class"": ""data_rate"", ""friendly_name"": ""ARRIS TG1692A Router Download speed""}"
2025-07-12T12:28:40.622505,sensor.arris_tg1692a_router_upload_speed,0.00371096537133437,0.00427754909716574,"{""state_class"": ""measurement"", ""unit_of_measurement"": ""Mbit/s"", ""device_class"": ""data_rate"", ""friendly_name"": ""ARRIS TG1692A Router Upload speed""}"
2025-07-12T12:28:45.505079,automation.auto_banheiro,on,on,"{""id"": ""1747870075916"", ""last_triggered"": ""2025-07-12T15:28:45.500213+00:00"", ""mode"": ""single"", ""current"": 1, ""friendly_name"": ""auto-banheiro""}"
2025-07-12T12:28:45.506806,automation.auto_banheiro,on,on,"{""id"": ""1747870075916"", ""last_triggered"": ""2025-07-12T15:28:45.500213+00:00"", ""mode"": ""single"", ""current"": 0, ""friendly_name"": ""auto-banheiro""}"
2025-07-12T12:28:50.505016,automation.auto_banheiro,on,on,"{""id"": ""1747870075916"", ""last_triggered"": ""2025-07-12T15:28:50.500272+00:00"", ""mode"": ""single"", ""current"": 1, ""friendly_name"": ""auto-banheiro""}"
2025-07-12T12:28:50.506659,automation.auto_banheiro,on,on,"{""id"": ""1747870075916"", ""last_triggered"": ""2025-07-12T15:28:50.500272+00:00"", ""mode"": ""single"", ""current"": 0, ""friendly_name"": ""auto-banheiro""}"
2025-07-12T12:28:55.508347,automation.auto_banheiro,on,on,"{""id"": ""1747870075916"", ""last_triggered"": ""2025-07-12T15:28:55.500365+00:00"", ""mode"": ""single"", ""current"": 1, ""friendly_name"": ""auto-banheiro""}"
2025-07-12T12:28:55.509876,automation.auto_banheiro,on,on,"{""id"": ""1747870075916"", ""last_triggered"": ""2025-07-12T15:28:55.500365+00:00"", ""mode"": ""single"", ""current"": 0, ""friendly_name"": ""auto-banheiro""}"
2025-07-12T12:29:00.505116,automation.auto_banheiro,on,on,"{""id"": ""1747870075916"", ""last_triggered"": ""2025-07-12T15:29:00.500212+00:00"", ""mode"": ""single"", ""current"": 1, ""friendly_name"": ""auto-banheiro""}"
2025-07-12T12:29:00.506942,automation.auto_banheiro,on,on,"{""id"": ""1747870075916"", ""last_triggered"": ""2025-07-12T15:29:00.500212+00:00"", ""mode"": ""single"", ""current"": 0, ""friendly_name"": ""auto-banheiro""}"
2025-07-12T12:29:05.513426,automation.auto_banheiro,on,on,"{""id"": ""1747870075916"", ""last_triggered"": ""2025-07-12T15:29:05.500786+00:00"", ""mode"": ""single"", ""current"": 1, ""friendly_name"": ""auto-banheiro""}"
2025-07-12T12:29:05.515939,automation.auto_banheiro,on,on,"{""id"": ""1747870075916"", ""last_triggered"": ""2025-07-12T15:29:05.500786+00:00"", ""mode"": ""single"", ""current"": 0, ""friendly_name"": ""auto-banheiro""}"
2025-07-12T12:29:10.114496,automation.aut_status_bruno,on,on,"{""id"": ""1751855857509"", ""last_triggered"": ""2025-07-12T15:29:10.108044+00:00"", ""mode"": ""single"", ""current"": 1, ""friendly_name"": ""aut-status-bruno""}"
2025-07-12T12:29:10.117776,automation.aut_status_bruno,on,on,"{""id"": ""1751855857509"", ""last_triggered"": ""2025-07-12T15:29:10.108044+00:00"", ""mode"": ""single"", ""current"": 0, ""friendly_name"": ""aut-status-bruno""}"
2025-07-12T12:29:10.259209,automation.aut_lampada_quarto,on,on,"{""id"": ""1746067262247"", ""last_triggered"": ""2025-07-12T15:29:10.255092+00:00"", ""mode"": ""single"", ""current"": 1, ""friendly_name"": ""aut-quarto""}"
2025-07-12T12:29:10.260804,automation.aut_lampada_quarto,on,on,"{""id"": ""1746067262247"", ""last_triggered"": ""2025-07-12T15:29:10.255092+00:00"", ""mode"": ""single"", ""current"": 0, ""friendly_name"": ""aut-quarto""}"
2025-07-12T12:29:10.506551,automation.auto_banheiro,on,on,"{""id"": ""1747870075916"", ""last_triggered"": ""2025-07-12T15:29:10.500280+00:00"", ""mode"": ""single"", ""current"": 1, ""friendly_name"": ""auto-banheiro""}"
2025-07-12T12:29:10.508548,automation.auto_banheiro,on,on,"{""id"": ""1747870075916"", ""last_triggered"": ""2025-07-12T15:29:10.500280+00:00"", ""mode"": ""single"", ""current"": 0, ""friendly_name"": ""auto-banheiro""}"
2025-07-12T12:29:10.614862,sensor.arris_tg1692a_router_download_speed,0.00642872349819037,0.00285172515838788,"{""state_class"": ""measurement"", ""unit_of_measurement"": ""Mbit/s"", ""device_class"": ""data_rate"", ""friendly_name"": ""ARRIS TG1692A Router Download speed""}"
2025-07-12T12:29:10.616536,sensor.arris_tg1692a_router_upload_speed,0.00427754909716574,0.00171759507622745,"{""state_class"": ""measurement"", ""unit_of_measurement"": ""Mbit/s"", ""device_class"": ""data_rate"", ""friendly_name"": ""ARRIS TG1692A Router Upload speed""}"
2025-07-12T12:29:15.505211,automation.auto_banheiro,on,on,"{""id"": ""1747870075916"", ""last_triggered"": ""2025-07-12T15:29:15.500322+00:00"", ""mode"": ""single"", ""current"": 1, ""friendly_name"": ""auto-banheiro""}"
2025-07-12T12:29:15.506831,automation.auto_banheiro,on,on,"{""id"": ""1747870075916"", ""last_triggered"": ""2025-07-12T15:29:15.500322+00:00"", ""mode"": ""single"", ""current"": 0, ""friendly_name"": ""auto-banheiro""}"
2025-07-12T12:29:20.504835,automation.auto_banheiro,on,on,"{""id"": ""1747870075916"", ""last_triggered"": ""2025-07-12T15:29:20.500001+00:00"", ""mode"": ""single"", ""current"": 1, ""friendly_name"": ""auto-banheiro""}"
2025-07-12T12:29:20.506519,automation.auto_banheiro,on,on,"{""id"": ""1747870075916"", ""last_triggered"": ""2025-07-12T15:29:20.500001+00:00"", ""mode"": ""single"", ""current"": 0, ""friendly_name"": ""auto-banheiro""}"
2025-07-12T12:29:25.167806,camera.192_168_0_33,idle,idle,"{""access_token"": ""d14d8490d443ce270250e7363e28b0ca1f6499c6ffad39ff96a720e5e3d2002c"", ""entity_picture"": ""/api/camera_proxy/camera.192_168_0_33?token=d14d8490d443ce270250e7363e28b0ca1f6499c6ffad39ff96a720e5e3d2002c"", ""friendly_name"": ""192_168_0_14"", ""supported_features"": 2}"
2025-07-12T12:29:25.169550,camera.admin_mainstream,idle,idle,"{""access_token"": ""e411d0512bba9e858ee7822873bc595e3607d047740143400904b95cba96bfa8"", ""entity_picture"": ""/api/camera_proxy/camera.admin_mainstream?token=e411d0512bba9e858ee7822873bc595e3607d047740143400904b95cba96bfa8"", ""friendly_name"": ""admin MainStream"", ""supported_features"": 2}"
2025-07-12T12:29:25.171193,camera.admin_substream,idle,idle,"{""access_token"": ""58dcd9488f872952b386d58f99bc80a05a3330a0eeadc548889dbc7e698bcc14"", ""entity_picture"": ""/api/camera_proxy/camera.admin_substream?token=58dcd9488f872952b386d58f99bc80a05a3330a0eeadc548889dbc7e698bcc14"", ""friendly_name"": ""admin SubStream"", ""supported_features"": 2}"
2025-07-12T12:29:25.508450,automation.auto_banheiro,on,on,"{""id"": ""1747870075916"", ""last_triggered"": ""2025-07-12T15:29:25.503706+00:00"", ""mode"": ""single"", ""current"": 1, ""friendly_name"": ""auto-banheiro""}"
2025-07-12T12:29:25.510062,automation.auto_banheiro,on,on,"{""id"": ""1747870075916"", ""last_triggered"": ""2025-07-12T15:29:25.503706+00:00"", ""mode"": ""single"", ""current"": 0, ""friendly_name"": ""auto-banheiro""}"
2025-07-12T12:29:30.506150,automation.auto_banheiro,on,on,"{""id"": ""1747870075916"", ""last_triggered"": ""2025-07-12T15:29:30.501174+00:00"", ""mode"": ""single"", ""current"": 1, ""friendly_name"": ""auto-banheiro""}"
2025-07-12T12:29:30.507872,automation.auto_banheiro,on,on,"{""id"": ""1747870075916"", ""last_triggered"": ""2025-07-12T15:29:30.501174+00:00"", ""mode"": ""single"", ""current"": 0, ""friendly_name"": ""auto-banheiro""}"
2025-07-12T12:29:35.511912,automation.auto_banheiro,on,on,"{""id"": ""1747870075916"", ""last_triggered"": ""2025-07-12T15:29:35.500910+00:00"", ""mode"": ""single"", ""current"": 1, ""friendly_name"": ""auto-banheiro""}"
2025-07-12T12:29:35.515468,automation.auto_banheiro,on,on,"{""id"": ""1747870075916"", ""last_triggered"": ""2025-07-12T15:29:35.500910+00:00"", ""mode"": ""single"", ""current"": 0, ""friendly_name"": ""auto-banheiro""}"
2025-07-12T12:29:40.508437,automation.auto_banheiro,on,on,"{""id"": ""1747870075916"", ""last_triggered"": ""2025-07-12T15:29:40.500558+00:00"", ""mode"": ""single"", ""current"": 1, ""friendly_name"": ""auto-banheiro""}"
2025-07-12T12:29:40.513653,automation.auto_banheiro,on,on,"{""id"": ""1747870075916"", ""last_triggered"": ""2025-07-12T15:29:40.500558+00:00"", ""mode"": ""single"", ""current"": 0, ""friendly_name"": ""auto-banheiro""}"
2025-07-12T12:29:40.626219,sensor.arris_tg1692a_router_download_speed,0.00285172515838788,0.00242256895638543,"{""state_class"": ""measurement"", ""unit_of_measurement"": ""Mbit/s"", ""device_class"": ""data_rate"", ""friendly_name"": ""ARRIS TG1692A Router Download speed""}"
2025-07-12T12:29:40.627909,sensor.arris_tg1692a_router_upload_speed,0.00171759507622745,0.00314147329391048,"{""state_class"": ""measurement"", ""unit_of_measurement"": ""Mbit/s"", ""device_class"": ""data_rate"", ""friendly_name"": ""ARRIS TG1692A Router Upload speed""}"
2025-07-12T12:29:45.509489,automation.auto_banheiro,on,on,"{""id"": ""1747870075916"", ""last_triggered"": ""2025-07-12T15:29:45.500180+00:00"", ""mode"": ""single"", ""current"": 1, ""friendly_name"": ""auto-banheiro""}"
2025-07-12T12:29:45.511051,automation.auto_banheiro,on,on,"{""id"": ""1747870075916"", ""last_triggered"": ""2025-07-12T15:29:45.500180+00:00"", ""mode"": ""single"", ""current"": 0, ""friendly_name"": ""auto-banheiro""}"
2025-07-12T12:29:50.504837,automation.auto_banheiro,on,on,"{""id"": ""1747870075916"", ""last_triggered"": ""2025-07-12T15:29:50.500027+00:00"", ""mode"": ""single"", ""current"": 1, ""friendly_name"": ""auto-banheiro""}"
2025-07-12T12:29:50.506563,automation.auto_banheiro,on,on,"{""id"": ""1747870075916"", ""last_triggered"": ""2025-07-12T15:29:50.500027+00:00"", ""mode"": ""single"", ""current"": 0, ""friendly_name"": ""auto-banheiro""}"
2025-07-12T12:29:55.506060,automation.auto_banheiro,on,on,"{""id"": ""1747870075916"", ""last_triggered"": ""2025-07-12T15:29:55.499988+00:00"", ""mode"": ""single"", ""current"": 1, ""friendly_name"": ""auto-banheiro""}"
2025-07-12T12:29:55.509969,automation.auto_banheiro,on,on,"{""id"": ""1747870075916"", ""last_triggered"": ""2025-07-12T15:29:55.499988+00:00"", ""mode"": ""single"", ""current"": 0, ""friendly_name"": ""auto-banheiro""}"
2025-07-12T12:30:00.506615,automation.auto_banheiro,on,on,"{""id"": ""1747870075916"", ""last_triggered"": ""2025-07-12T15:30:00.500013+00:00"", ""mode"": ""single"", ""current"": 1, ""friendly_name"": ""auto-banheiro""}"
2025-07-12T12:30:00.508740,automation.auto_banheiro,on,on,"{""id"": ""1747870075916"", ""last_triggered"": ""2025-07-12T15:30:00.500013+00:00"", ""mode"": ""single"", ""current"": 0, ""friendly_name"": ""auto-banheiro""}"
2025-07-12T12:30:05.514480,automation.auto_banheiro,on,on,"{""id"": ""1747870075916"", ""last_triggered"": ""2025-07-12T15:30:05.500985+00:00"", ""mode"": ""single"", ""current"": 1, ""friendly_name"": ""auto-banheiro""}"
2025-07-12T12:30:05.518036,automation.auto_banheiro,on,on,"{""id"": ""1747870075916"", ""last_triggered"": ""2025-07-12T15:30:05.500985+00:00"", ""mode"": ""single"", ""current"": 0, ""friendly_name"": ""auto-banheiro""}"
2025-07-12T12:30:10.120564,automation.aut_status_bruno,on,on,"{""id"": ""1751855857509"", ""last_triggered"": ""2025-07-12T15:30:10.108742+00:00"", ""mode"": ""single"", ""current"": 1, ""friendly_name"": ""aut-status-bruno""}"
2025-07-12T12:30:10.123483,automation.aut_status_bruno,on,on,"{""id"": ""1751855857509"", ""last_triggered"": ""2025-07-12T15:30:10.108742+00:00"", ""mode"": ""single"", ""current"": 0, ""friendly_name"": ""aut-status-bruno""}"
2025-07-12T12:30:10.258610,automation.aut_lampada_quarto,on,on,"{""id"": ""1746067262247"", ""last_triggered"": ""2025-07-12T15:30:10.254548+00:00"", ""mode"": ""single"", ""current"": 1, ""friendly_name"": ""aut-quarto""}"
2025-07-12T12:30:10.260194,automation.aut_lampada_quarto,on,on,"{""id"": ""1746067262247"", ""last_triggered"": ""2025-07-12T15:30:10.254548+00:00"", ""mode"": ""single"", ""current"": 0, ""friendly_name"": ""aut-quarto""}"
2025-07-12T12:30:10.506454,automation.auto_banheiro,on,on,"{""id"": ""1747870075916"", ""last_triggered"": ""2025-07-12T15:30:10.501026+00:00"", ""mode"": ""single"", ""current"": 1, ""friendly_name"": ""auto-banheiro""}"
2025-07-12T12:30:10.508132,automation.auto_banheiro,on,on,"{""id"": ""1747870075916"", ""last_triggered"": ""2025-07-12T15:30:10.501026+00:00"", ""mode"": ""single"", ""current"": 0, ""friendly_name"": ""auto-banheiro""}"
2025-07-12T12:30:10.616999,sensor.arris_tg1692a_router_download_speed,0.00242256895638543,0.00249209544725563,"{""state_class"": ""measurement"", ""unit_of_measurement"": ""Mbit/s"", ""device_class"": ""data_rate"", ""friendly_name"": ""ARRIS TG1692A Router Download speed""}"
2025-07-12T12:30:10.619383,sensor.arris_tg1692a_router_upload_speed,0.00314147329391048,0.00191073984800285,"{""state_class"": ""measurement"", ""unit_of_measurement"": ""Mbit/s"", ""device_class"": ""data_rate"", ""friendly_name"": ""ARRIS TG1692A Router Upload speed""}"
2025-07-12T12:30:15.526765,automation.auto_banheiro,on,on,"{""id"": ""1747870075916"", ""last_triggered"": ""2025-07-12T15:30:15.500868+00:00"", ""mode"": ""single"", ""current"": 1, ""friendly_name"": ""auto-banheiro""}"
2025-07-12T12:30:15.530214,automation.auto_banheiro,on,on,"{""id"": ""1747870075916"", ""last_triggered"": ""2025-07-12T15:30:15.500868+00:00"", ""mode"": ""single"", ""current"": 0, ""friendly_name"": ""auto-banheiro""}"
2025-07-12T12:30:20.506144,automation.auto_banheiro,on,on,"{""id"": ""1747870075916"", ""last_triggered"": ""2025-07-12T15:30:20.500237+00:00"", ""mode"": ""single"", ""current"": 1, ""friendly_name"": ""auto-banheiro""}"
2025-07-12T12:30:20.507965,automation.auto_banheiro,on,on,"{""id"": ""1747870075916"", ""last_triggered"": ""2025-07-12T15:30:20.500237+00:00"", ""mode"": ""single"", ""current"": 0, ""friendly_name"": ""auto-banheiro""}"
2025-07-12T12:30:25.509913,automation.auto_banheiro,on,on,"{""id"": ""1747870075916"", ""last_triggered"": ""2025-07-12T15:30:25.501760+00:00"", ""mode"": ""single"", ""current"": 1, ""friendly_name"": ""auto-banheiro""}"
2025-07-12T12:30:25.529029,automation.auto_banheiro,on,on,"{""id"": ""1747870075916"", ""last_triggered"": ""2025-07-12T15:30:25.501760+00:00"", ""mode"": ""single"", ""current"": 0, ""friendly_name"": ""auto-banheiro""}"
2025-07-12T12:30:30.507241,automation.auto_banheiro,on,on,"{""id"": ""1747870075916"", ""last_triggered"": ""2025-07-12T15:30:30.501765+00:00"", ""mode"": ""single"", ""current"": 1, ""friendly_name"": ""auto-banheiro""}"
2025-07-12T12:30:30.511017,automation.auto_banheiro,on,on,"{""id"": ""1747870075916"", ""last_triggered"": ""2025-07-12T15:30:30.501765+00:00"", ""mode"": ""single"", ""current"": 0, ""friendly_name"": ""auto-banheiro""}"
2025-07-12T12:30:35.511146,automation.auto_banheiro,on,on,"{""id"": ""1747870075916"", ""last_triggered"": ""2025-07-12T15:30:35.500798+00:00"", ""mode"": ""single"", ""current"": 1, ""friendly_name"": ""auto-banheiro""}"
2025-07-12T12:30:35.514242,automation.auto_banheiro,on,on,"{""id"": ""1747870075916"", ""last_triggered"": ""2025-07-12T15:30:35.500798+00:00"", ""mode"": ""single"", ""current"": 0, ""friendly_name"": ""auto-banheiro""}"
2025-07-12T12:30:40.507976,automation.auto_banheiro,on,on,"{""id"": ""1747870075916"", ""last_triggered"": ""2025-07-12T15:30:40.500618+00:00"", ""mode"": ""single"", ""current"": 1, ""friendly_name"": ""auto-banheiro""}"
2025-07-12T12:30:40.510631,automation.auto_banheiro,on,on,"{""id"": ""1747870075916"", ""last_triggered"": ""2025-07-12T15:30:40.500618+00:00"", ""mode"": ""single"", ""current"": 0, ""friendly_name"": ""auto-banheiro""}"
2025-07-12T12:30:40.617052,sensor.arris_tg1692a_router_download_speed,0.00249209544725563,0.00193177183998534,"{""state_class"": ""measurement"", ""unit_of_measurement"": ""Mbit/s"", ""device_class"": ""data_rate"", ""friendly_name"": ""ARRIS TG1692A Router Download speed""}"
2025-07-12T12:30:40.618673,sensor.arris_tg1692a_router_upload_speed,0.00191073984800285,0.00289952446385431,"{""state_class"": ""measurement"", ""unit_of_measurement"": ""Mbit/s"", ""device_class"": ""data_rate"", ""friendly_name"": ""ARRIS TG1692A Router Upload speed""}"
2025-07-12T12:30:45.507440,automation.auto_banheiro,on,on,"{""id"": ""1747870075916"", ""last_triggered"": ""2025-07-12T15:30:45.500107+00:00"", ""mode"": ""single"", ""current"": 1, ""friendly_name"": ""auto-banheiro""}"
2025-07-12T12:30:45.511928,automation.auto_banheiro,on,on,"{""id"": ""1747870075916"", ""last_triggered"": ""2025-07-12T15:30:45.500107+00:00"", ""mode"": ""single"", ""current"": 0, ""friendly_name"": ""auto-banheiro""}"
2025-07-12T12:30:50.506462,automation.auto_banheiro,on,on,"{""id"": ""1747870075916"", ""last_triggered"": ""2025-07-12T15:30:50.500732+00:00"", ""mode"": ""single"", ""current"": 1, ""friendly_name"": ""auto-banheiro""}"
2025-07-12T12:30:50.508593,automation.auto_banheiro,on,on,"{""id"": ""1747870075916"", ""last_triggered"": ""2025-07-12T15:30:50.500732+00:00"", ""mode"": ""single"", ""current"": 0, ""friendly_name"": ""auto-banheiro""}"
2025-07-12T12:30:55.512556,automation.auto_banheiro,on,on,"{""id"": ""1747870075916"", ""last_triggered"": ""2025-07-12T15:30:55.501372+00:00"", ""mode"": ""single"", ""current"": 1, ""friendly_name"": ""auto-banheiro""}"
2025-07-12T12:30:55.516223,automation.auto_banheiro,on,on,"{""id"": ""1747870075916"", ""last_triggered"": ""2025-07-12T15:30:55.501372+00:00"", ""mode"": ""single"", ""current"": 0, ""friendly_name"": ""auto-banheiro""}"
2025-07-12T12:31:00.505862,automation.auto_banheiro,on,on,"{""id"": ""1747870075916"", ""last_triggered"": ""2025-07-12T15:31:00.501010+00:00"", ""mode"": ""single"", ""current"": 1, ""friendly_name"": ""auto-banheiro""}"
2025-07-12T12:31:00.507629,automation.auto_banheiro,on,on,"{""id"": ""1747870075916"", ""last_triggered"": ""2025-07-12T15:31:00.501010+00:00"", ""mode"": ""single"", ""current"": 0, ""friendly_name"": ""auto-banheiro""}"
2025-07-12T12:31:05.505570,automation.auto_banheiro,on,on,"{""id"": ""1747870075916"", ""last_triggered"": ""2025-07-12T15:31:05.500695+00:00"", ""mode"": ""single"", ""current"": 1, ""friendly_name"": ""auto-banheiro""}"
2025-07-12T12:31:05.507217,automation.auto_banheiro,on,on,"{""id"": ""1747870075916"", ""last_triggered"": ""2025-07-12T15:31:05.500695+00:00"", ""mode"": ""single"", ""current"": 0, ""friendly_name"": ""auto-banheiro""}"
2025-07-12T12:31:10.114183,automation.aut_status_bruno,on,on,"{""id"": ""1751855857509"", ""last_triggered"": ""2025-07-12T15:31:10.107578+00:00"", ""mode"": ""single"", ""current"": 1, ""friendly_name"": ""aut-status-bruno""}"
2025-07-12T12:31:10.117699,automation.aut_status_bruno,on,on,"{""id"": ""1751855857509"", ""last_triggered"": ""2025-07-12T15:31:10.107578+00:00"", ""mode"": ""single"", ""current"": 0, ""friendly_name"": ""aut-status-bruno""}"
2025-07-12T12:31:10.259375,automation.aut_lampada_quarto,on,on,"{""id"": ""1746067262247"", ""last_triggered"": ""2025-07-12T15:31:10.255222+00:00"", ""mode"": ""single"", ""current"": 1, ""friendly_name"": ""aut-quarto""}"
2025-07-12T12:31:10.260909,automation.aut_lampada_quarto,on,on,"{""id"": ""1746067262247"", ""last_triggered"": ""2025-07-12T15:31:10.255222+00:00"", ""mode"": ""single"", ""current"": 0, ""friendly_name"": ""aut-quarto""}"
2025-07-12T12:31:10.507470,automation.auto_banheiro,on,on,"{""id"": ""1747870075916"", ""last_triggered"": ""2025-07-12T15:31:10.500202+00:00"", ""mode"": ""single"", ""current"": 1, ""friendly_name"": ""auto-banheiro""}"
2025-07-12T12:31:10.511447,automation.auto_banheiro,on,on,"{""id"": ""1747870075916"", ""last_triggered"": ""2025-07-12T15:31:10.500202+00:00"", ""mode"": ""single"", ""current"": 0, ""friendly_name"": ""auto-banheiro""}"
2025-07-12T12:31:10.613669,sensor.arris_tg1692a_router_download_speed,0.00193177183998534,0.00302026928423338,"{""state_class"": ""measurement"", ""unit_of_measurement"": ""Mbit/s"", ""device_class"": ""data_rate"", ""friendly_name"": ""ARRIS TG1692A Router Download speed""}"
2025-07-12T12:31:10.615692,sensor.arris_tg1692a_router_upload_speed,0.00289952446385431,0.00204133510249042,"{""state_class"": ""measurement"", ""unit_of_measurement"": ""Mbit/s"", ""device_class"": ""data_rate"", ""friendly_name"": ""ARRIS TG1692A Router Upload speed""}"
2025-07-12T12:31:15.514243,automation.auto_banheiro,on,on,"{""id"": ""1747870075916"", ""last_triggered"": ""2025-07-12T15:31:15.501442+00:00"", ""mode"": ""single"", ""current"": 1, ""friendly_name"": ""auto-banheiro""}"
2025-07-12T12:31:15.517289,automation.auto_banheiro,on,on,"{""id"": ""1747870075916"", ""last_triggered"": ""2025-07-12T15:31:15.501442+00:00"", ""mode"": ""single"", ""current"": 0, ""friendly_name"": ""auto-banheiro""}"
2025-07-12T12:31:20.505554,automation.auto_banheiro,on,on,"{""id"": ""1747870075916"", ""last_triggered"": ""2025-07-12T15:31:20.500703+00:00"", ""mode"": ""single"", ""current"": 1, ""friendly_name"": ""auto-banheiro""}"
2025-07-12T12:31:20.507172,automation.auto_banheiro,on,on,"{""id"": ""1747870075916"", ""last_triggered"": ""2025-07-12T15:31:20.500703+00:00"", ""mode"": ""single"", ""current"": 0, ""friendly_name"": ""auto-banheiro""}"
2025-07-12T12:31:25.506297,automation.auto_banheiro,on,on,"{""id"": ""1747870075916"", ""last_triggered"": ""2025-07-12T15:31:25.500697+00:00"", ""mode"": ""single"", ""current"": 1, ""friendly_name"": ""auto-banheiro""}"
2025-07-12T12:31:25.508878,automation.auto_banheiro,on,on,"{""id"": ""1747870075916"", ""last_triggered"": ""2025-07-12T15:31:25.500697+00:00"", ""mode"": ""single"", ""current"": 0, ""friendly_name"": ""auto-banheiro""}"
2025-07-12T12:31:30.505260,automation.auto_banheiro,on,on,"{""id"": ""1747870075916"", ""last_triggered"": ""2025-07-12T15:31:30.500540+00:00"", ""mode"": ""single"", ""current"": 1, ""friendly_name"": ""auto-banheiro""}"
2025-07-12T12:31:30.507272,automation.auto_banheiro,on,on,"{""id"": ""1747870075916"", ""last_triggered"": ""2025-07-12T15:31:30.500540+00:00"", ""mode"": ""single"", ""current"": 0, ""friendly_name"": ""auto-banheiro""}"
2025-07-12T12:31:35.513750,automation.auto_banheiro,on,on,"{""id"": ""1747870075916"", ""last_triggered"": ""2025-07-12T15:31:35.501061+00:00"", ""mode"": ""single"", ""current"": 1, ""friendly_name"": ""auto-banheiro""}"
2025-07-12T12:31:35.516900,automation.auto_banheiro,on,on,"{""id"": ""1747870075916"", ""last_triggered"": ""2025-07-12T15:31:35.501061+00:00"", ""mode"": ""single"", ""current"": 0, ""friendly_name"": ""auto-banheiro""}"
2025-07-12T12:31:40.508159,automation.auto_banheiro,on,on,"{""id"": ""1747870075916"", ""last_triggered"": ""2025-07-12T15:31:40.500388+00:00"", ""mode"": ""single"", ""current"": 1, ""friendly_name"": ""auto-banheiro""}"
2025-07-12T12:31:40.509602,automation.auto_banheiro,on,on,"{""id"": ""1747870075916"", ""last_triggered"": ""2025-07-12T15:31:40.500388+00:00"", ""mode"": ""single"", ""current"": 0, ""friendly_name"": ""auto-banheiro""}"
2025-07-12T12:31:40.614455,sensor.arris_tg1692a_router_download_speed,0.00302026928423338,0.00161466020802583,"{""state_class"": ""measurement"", ""unit_of_measurement"": ""Mbit/s"", ""device_class"": ""data_rate"", ""friendly_name"": ""ARRIS TG1692A Router Download speed""}"
2025-07-12T12:31:40.616184,sensor.arris_tg1692a_router_upload_speed,0.00204133510249042,0.00280238879044484,"{""state_class"": ""measurement"", ""unit_of_measurement"": ""Mbit/s"", ""device_class"": ""data_rate"", ""friendly_name"": ""ARRIS TG1692A Router Upload speed""}"
2025-07-12T12:31:42.018211,sun.sun,above_horizon,above_horizon,"{""next_dawn"": ""2025-07-13T08:34:17.857562+00:00"", ""next_dusk"": ""2025-07-12T20:45:20.313231+00:00"", ""next_midnight"": ""2025-07-13T02:39:54+00:00"", ""next_noon"": ""2025-07-13T14:39:50+00:00"", ""next_rising"": ""2025-07-13T08:57:32.537391+00:00"", ""next_setting"": ""2025-07-12T20:22:04.562792+00:00"", ""elevation"": 52.89, ""azimuth"": 339.8, ""rising"": false, ""friendly_name"": ""Sun""}"
2025-07-12T12:31:45.551938,automation.auto_banheiro,on,on,"{""id"": ""1747870075916"", ""last_triggered"": ""2025-07-12T15:31:45.500414+00:00"", ""mode"": ""single"", ""current"": 1, ""friendly_name"": ""auto-banheiro""}"
2025-07-12T12:31:45.553814,automation.auto_banheiro,on,on,"{""id"": ""1747870075916"", ""last_triggered"": ""2025-07-12T15:31:45.500414+00:00"", ""mode"": ""single"", ""current"": 0, ""friendly_name"": ""auto-banheiro""}"
2025-07-12T12:31:50.506768,automation.auto_banheiro,on,on,"{""id"": ""1747870075916"", ""last_triggered"": ""2025-07-12T15:31:50.500566+00:00"", ""mode"": ""single"", ""current"": 1, ""friendly_name"": ""auto-banheiro""}"
2025-07-12T12:31:50.509493,automation.auto_banheiro,on,on,"{""id"": ""1747870075916"", ""last_triggered"": ""2025-07-12T15:31:50.500566+00:00"", ""mode"": ""single"", ""current"": 0, ""friendly_name"": ""auto-banheiro""}"
2025-07-12T12:31:55.512062,automation.auto_banheiro,on,on,"{""id"": ""1747870075916"", ""last_triggered"": ""2025-07-12T15:31:55.500721+00:00"", ""mode"": ""single"", ""current"": 1, ""friendly_name"": ""auto-banheiro""}"
2025-07-12T12:31:55.515546,automation.auto_banheiro,on,on,"{""id"": ""1747870075916"", ""last_triggered"": ""2025-07-12T15:31:55.500721+00:00"", ""mode"": ""single"", ""current"": 0, ""friendly_name"": ""auto-banheiro""}"
2025-07-12T12:32:00.504917,automation.auto_banheiro,on,on,"{""id"": ""1747870075916"", ""last_triggered"": ""2025-07-12T15:32:00.500140+00:00"", ""mode"": ""single"", ""current"": 1, ""friendly_name"": ""auto-banheiro""}"
2025-07-12T12:32:00.506609,automation.auto_banheiro,on,on,"{""id"": ""1747870075916"", ""last_triggered"": ""2025-07-12T15:32:00.500140+00:00"", ""mode"": ""single"", ""current"": 0, ""friendly_name"": ""auto-banheiro""}"
2025-07-12T12:32:05.508055,automation.auto_banheiro,on,on,"{""id"": ""1747870075916"", ""last_triggered"": ""2025-07-12T15:32:05.499997+00:00"", ""mode"": ""single"", ""current"": 1, ""friendly_name"": ""auto-banheiro""}"
2025-07-12T12:32:05.509600,automation.auto_banheiro,on,on,"{""id"": ""1747870075916"", ""last_triggered"": ""2025-07-12T15:32:05.499997+00:00"", ""mode"": ""single"", ""current"": 0, ""friendly_name"": ""auto-banheiro""}"
2025-07-12T12:32:10.114323,automation.aut_status_bruno,on,on,"{""id"": ""1751855857509"", ""last_triggered"": ""2025-07-12T15:32:10.107882+00:00"", ""mode"": ""single"", ""current"": 1, ""friendly_name"": ""aut-status-bruno""}"
2025-07-12T12:32:10.116676,automation.aut_status_bruno,on,on,"{""id"": ""1751855857509"", ""last_triggered"": ""2025-07-12T15:32:10.107882+00:00"", ""mode"": ""single"", ""current"": 0, ""friendly_name"": ""aut-status-bruno""}"
2025-07-12T12:32:10.259135,automation.aut_lampada_quarto,on,on,"{""id"": ""1746067262247"", ""last_triggered"": ""2025-07-12T15:32:10.255137+00:00"", ""mode"": ""single"", ""current"": 1, ""friendly_name"": ""aut-quarto""}"
2025-07-12T12:32:10.260808,automation.aut_lampada_quarto,on,on,"{""id"": ""1746067262247"", ""last_triggered"": ""2025-07-12T15:32:10.255137+00:00"", ""mode"": ""single"", ""current"": 0, ""friendly_name"": ""aut-quarto""}"
2025-07-12T12:32:10.505479,automation.auto_banheiro,on,on,"{""id"": ""1747870075916"", ""last_triggered"": ""2025-07-12T15:32:10.500793+00:00"", ""mode"": ""single"", ""current"": 1, ""friendly_name"": ""auto-banheiro""}"
2025-07-12T12:32:10.507090,automation.auto_banheiro,on,on,"{""id"": ""1747870075916"", ""last_triggered"": ""2025-07-12T15:32:10.500793+00:00"", ""mode"": ""single"", ""current"": 0, ""friendly_name"": ""auto-banheiro""}"
2025-07-12T12:32:10.614793,sensor.arris_tg1692a_router_download_speed,0.00161466020802583,0.00374978717117864,"{""state_class"": ""measurement"", ""unit_of_measurement"": ""Mbit/s"", ""device_class"": ""data_rate"", ""friendly_name"": ""ARRIS TG1692A Router Download speed""}"
2025-07-12T12:32:10.616675,sensor.arris_tg1692a_router_upload_speed,0.00280238879044484,0.00332232956661319,"{""state_class"": ""measurement"", ""unit_of_measurement"": ""Mbit/s"", ""device_class"": ""data_rate"", ""friendly_name"": ""ARRIS TG1692A Router Upload speed""}"
2025-07-12T12:32:15.511258,automation.auto_banheiro,on,on,"{""id"": ""1747870075916"", ""last_triggered"": ""2025-07-12T15:32:15.500402+00:00"", ""mode"": ""single"", ""current"": 1, ""friendly_name"": ""auto-banheiro""}"
2025-07-12T12:32:15.514113,automation.auto_banheiro,on,on,"{""id"": ""1747870075916"", ""last_triggered"": ""2025-07-12T15:32:15.500402+00:00"", ""mode"": ""single"", ""current"": 0, ""friendly_name"": ""auto-banheiro""}"
2025-07-12T12:32:20.504710,automation.auto_banheiro,on,on,"{""id"": ""1747870075916"", ""last_triggered"": ""2025-07-12T15:32:20.499946+00:00"", ""mode"": ""single"", ""current"": 1, ""friendly_name"": ""auto-banheiro""}"
2025-07-12T12:32:20.506498,automation.auto_banheiro,on,on,"{""id"": ""1747870075916"", ""last_triggered"": ""2025-07-12T15:32:20.499946+00:00"", ""mode"": ""single"", ""current"": 0, ""friendly_name"": ""auto-banheiro""}"
2025-07-12T12:32:25.505181,automation.auto_banheiro,on,on,"{""id"": ""1747870075916"", ""last_triggered"": ""2025-07-12T15:32:25.500224+00:00"", ""mode"": ""single"", ""current"": 1, ""friendly_name"": ""auto-banheiro""}"
2025-07-12T12:32:25.507378,automation.auto_banheiro,on,on,"{""id"": ""1747870075916"", ""last_triggered"": ""2025-07-12T15:32:25.500224+00:00"", ""mode"": ""single"", ""current"": 0, ""friendly_name"": ""auto-banheiro""}"
2025-07-12T12:32:30.507630,automation.auto_banheiro,on,on,"{""id"": ""1747870075916"", ""last_triggered"": ""2025-07-12T15:32:30.500887+00:00"", ""mode"": ""single"", ""current"": 1, ""friendly_name"": ""auto-banheiro""}"
2025-07-12T12:32:30.513170,automation.auto_banheiro,on,on,"{""id"": ""1747870075916"", ""last_triggered"": ""2025-07-12T15:32:30.500887+00:00"", ""mode"": ""single"", ""current"": 0, ""friendly_name"": ""auto-banheiro""}"
2025-07-12T12:32:35.508511,automation.auto_banheiro,on,on,"{""id"": ""1747870075916"", ""last_triggered"": ""2025-07-12T15:32:35.501688+00:00"", ""mode"": ""single"", ""current"": 1, ""friendly_name"": ""auto-banheiro""}"
2025-07-12T12:32:35.510169,automation.auto_banheiro,on,on,"{""id"": ""1747870075916"", ""last_triggered"": ""2025-07-12T15:32:35.501688+00:00"", ""mode"": ""single"", ""current"": 0, ""friendly_name"": ""auto-banheiro""}"
2025-07-12T12:32:40.505378,automation.auto_banheiro,on,on,"{""id"": ""1747870075916"", ""last_triggered"": ""2025-07-12T15:32:40.500419+00:00"", ""mode"": ""single"", ""current"": 1, ""friendly_name"": ""auto-banheiro""}"
2025-07-12T12:32:40.511727,automation.auto_banheiro,on,on,"{""id"": ""1747870075916"", ""last_triggered"": ""2025-07-12T15:32:40.500419+00:00"", ""mode"": ""single"", ""current"": 0, ""friendly_name"": ""auto-banheiro""}"
2025-07-12T12:32:40.614357,sensor.arris_tg1692a_router_download_speed,0.00374978717117864,0.00800356137547628,"{""state_class"": ""measurement"", ""unit_of_measurement"": ""Mbit/s"", ""device_class"": ""data_rate"", ""friendly_name"": ""ARRIS TG1692A Router Download speed""}"
2025-07-12T12:32:40.616035,sensor.arris_tg1692a_router_upload_speed,0.00332232956661319,0.00620727345273586,"{""state_class"": ""measurement"", ""unit_of_measurement"": ""Mbit/s"", ""device_class"": ""data_rate"", ""friendly_name"": ""ARRIS TG1692A Router Upload speed""}"
2025-07-12T12:32:45.509225,automation.auto_banheiro,on,on,"{""id"": ""1747870075916"", ""last_triggered"": ""2025-07-12T15:32:45.500423+00:00"", ""mode"": ""single"", ""current"": 1, ""friendly_name"": ""auto-banheiro""}"
2025-07-12T12:32:45.510907,automation.auto_banheiro,on,on,"{""id"": ""1747870075916"", ""last_triggered"": ""2025-07-12T15:32:45.500423+00:00"", ""mode"": ""single"", ""current"": 0, ""friendly_name"": ""auto-banheiro""}"
2025-07-12T12:32:50.506453,automation.auto_banheiro,on,on,"{""id"": ""1747870075916"", ""last_triggered"": ""2025-07-12T15:32:50.501695+00:00"", ""mode"": ""single"", ""current"": 1, ""friendly_name"": ""auto-banheiro""}"
2025-07-12T12:32:50.508215,automation.auto_banheiro,on,on,"{""id"": ""1747870075916"", ""last_triggered"": ""2025-07-12T15:32:50.501695+00:00"", ""mode"": ""single"", ""current"": 0, ""friendly_name"": ""auto-banheiro""}"
2025-07-12T12:32:55.506382,automation.auto_banheiro,on,on,"{""id"": ""1747870075916"", ""last_triggered"": ""2025-07-12T15:32:55.501508+00:00"", ""mode"": ""single"", ""current"": 1, ""friendly_name"": ""auto-banheiro""}"
2025-07-12T12:32:55.508138,automation.auto_banheiro,on,on,"{""id"": ""1747870075916"", ""last_triggered"": ""2025-07-12T15:32:55.501508+00:00"", ""mode"": ""single"", ""current"": 0, ""friendly_name"": ""auto-banheiro""}"
2025-07-12T12:33:00.505229,automation.auto_banheiro,on,on,"{""id"": ""1747870075916"", ""last_triggered"": ""2025-07-12T15:33:00.500501+00:00"", ""mode"": ""single"", ""current"": 1, ""friendly_name"": ""auto-banheiro""}"
2025-07-12T12:33:00.506823,automation.auto_banheiro,on,on,"{""id"": ""1747870075916"", ""last_triggered"": ""2025-07-12T15:33:00.500501+00:00"", ""mode"": ""single"", ""current"": 0, ""friendly_name"": ""auto-banheiro""}"
2025-07-12T12:33:05.511216,automation.auto_banheiro,on,on,"{""id"": ""1747870075916"", ""last_triggered"": ""2025-07-12T15:33:05.501035+00:00"", ""mode"": ""single"", ""current"": 1, ""friendly_name"": ""auto-banheiro""}"
2025-07-12T12:33:05.517032,automation.auto_banheiro,on,on,"{""id"": ""1747870075916"", ""last_triggered"": ""2025-07-12T15:33:05.501035+00:00"", ""mode"": ""single"", ""current"": 0, ""friendly_name"": ""auto-banheiro""}"
2025-07-12T12:33:10.118803,automation.aut_status_bruno,on,on,"{""id"": ""1751855857509"", ""last_triggered"": ""2025-07-12T15:33:10.108261+00:00"", ""mode"": ""single"", ""current"": 1, ""friendly_name"": ""aut-status-bruno""}"
2025-07-12T12:33:10.121961,automation.aut_status_bruno,on,on,"{""id"": ""1751855857509"", ""last_triggered"": ""2025-07-12T15:33:10.108261+00:00"", ""mode"": ""single"", ""current"": 0, ""friendly_name"": ""aut-status-bruno""}"
2025-07-12T12:33:10.260720,automation.aut_lampada_quarto,on,on,"{""id"": ""1746067262247"", ""last_triggered"": ""2025-07-12T15:33:10.255144+00:00"", ""mode"": ""single"", ""current"": 1, ""friendly_name"": ""aut-quarto""}"
2025-07-12T12:33:10.262667,automation.aut_lampada_quarto,on,on,"{""id"": ""1746067262247"", ""last_triggered"": ""2025-07-12T15:33:10.255144+00:00"", ""mode"": ""single"", ""current"": 0, ""friendly_name"": ""aut-quarto""}"
2025-07-12T12:33:10.506556,automation.auto_banheiro,on,on,"{""id"": ""1747870075916"", ""last_triggered"": ""2025-07-12T15:33:10.501138+00:00"", ""mode"": ""single"", ""current"": 1, ""friendly_name"": ""auto-banheiro""}"
2025-07-12T12:33:10.508113,automation.auto_banheiro,on,on,"{""id"": ""1747870075916"", ""last_triggered"": ""2025-07-12T15:33:10.501138+00:00"", ""mode"": ""single"", ""current"": 0, ""friendly_name"": ""auto-banheiro""}"
2025-07-12T12:33:10.616875,sensor.arris_tg1692a_router_download_speed,0.00800356137547628,0.00358559031890614,"{""state_class"": ""measurement"", ""unit_of_measurement"": ""Mbit/s"", ""device_class"": ""data_rate"", ""friendly_name"": ""ARRIS TG1692A Router Download speed""}"
2025-07-12T12:33:10.618460,sensor.arris_tg1692a_router_upload_speed,0.00620727345273586,0.00437358819131188,"{""state_class"": ""measurement"", ""unit_of_measurement"": ""Mbit/s"", ""device_class"": ""data_rate"", ""friendly_name"": ""ARRIS TG1692A Router Upload speed""}"
2025-07-12T12:33:15.508733,automation.auto_banheiro,on,on,"{""id"": ""1747870075916"", ""last_triggered"": ""2025-07-12T15:33:15.500636+00:00"", ""mode"": ""single"", ""current"": 1, ""friendly_name"": ""auto-banheiro""}"
2025-07-12T12:33:15.510980,automation.auto_banheiro,on,on,"{""id"": ""1747870075916"", ""last_triggered"": ""2025-07-12T15:33:15.500636+00:00"", ""mode"": ""single"", ""current"": 0, ""friendly_name"": ""auto-banheiro""}"
2025-07-12T12:33:20.505323,automation.auto_banheiro,on,on,"{""id"": ""1747870075916"", ""last_triggered"": ""2025-07-12T15:33:20.500452+00:00"", ""mode"": ""single"", ""current"": 1, ""friendly_name"": ""auto-banheiro""}"
2025-07-12T12:33:20.507003,automation.auto_banheiro,on,on,"{""id"": ""1747870075916"", ""last_triggered"": ""2025-07-12T15:33:20.500452+00:00"", ""mode"": ""single"", ""current"": 0, ""friendly_name"": ""auto-banheiro""}"
2025-07-12T12:33:25.518040,automation.auto_banheiro,on,on,"{""id"": ""1747870075916"", ""last_triggered"": ""2025-07-12T15:33:25.500749+00:00"", ""mode"": ""single"", ""current"": 1, ""friendly_name"": ""auto-banheiro""}"
2025-07-12T12:33:25.521253,automation.auto_banheiro,on,on,"{""id"": ""1747870075916"", ""last_triggered"": ""2025-07-12T15:33:25.500749+00:00"", ""mode"": ""single"", ""current"": 0, ""friendly_name"": ""auto-banheiro""}"
2025-07-12T12:33:30.505272,automation.auto_banheiro,on,on,"{""id"": ""1747870075916"", ""last_triggered"": ""2025-07-12T15:33:30.500454+00:00"", ""mode"": ""single"", ""current"": 1, ""friendly_name"": ""auto-banheiro""}"
2025-07-12T12:33:30.506851,automation.auto_banheiro,on,on,"{""id"": ""1747870075916"", ""last_triggered"": ""2025-07-12T15:33:30.500454+00:00"", ""mode"": ""single"", ""current"": 0, ""friendly_name"": ""auto-banheiro""}"
2025-07-12T12:33:35.507428,automation.auto_banheiro,on,on,"{""id"": ""1747870075916"", ""last_triggered"": ""2025-07-12T15:33:35.500190+00:00"", ""mode"": ""single"", ""current"": 1, ""friendly_name"": ""auto-banheiro""}"
2025-07-12T12:33:35.509029,automation.auto_banheiro,on,on,"{""id"": ""1747870075916"", ""last_triggered"": ""2025-07-12T15:33:35.500190+00:00"", ""mode"": ""single"", ""current"": 0, ""friendly_name"": ""auto-banheiro""}"
2025-07-12T12:33:40.507856,automation.auto_banheiro,on,on,"{""id"": ""1747870075916"", ""last_triggered"": ""2025-07-12T15:33:40.501031+00:00"", ""mode"": ""single"", ""current"": 1, ""friendly_name"": ""auto-banheiro""}"
2025-07-12T12:33:40.509682,automation.auto_banheiro,on,on,"{""id"": ""1747870075916"", ""last_triggered"": ""2025-07-12T15:33:40.501031+00:00"", ""mode"": ""single"", ""current"": 0, ""friendly_name"": ""auto-banheiro""}"
2025-07-12T12:33:40.617681,sensor.arris_tg1692a_router_download_speed,0.00358559031890614,0.00184424256856377,"{""state_class"": ""measurement"", ""unit_of_measurement"": ""Mbit/s"", ""device_class"": ""data_rate"", ""friendly_name"": ""ARRIS TG1692A Router Download speed""}"
2025-07-12T12:33:40.619696,sensor.arris_tg1692a_router_upload_speed,0.00437358819131188,0.00293862826859062,"{""state_class"": ""measurement"", ""unit_of_measurement"": ""Mbit/s"", ""device_class"": ""data_rate"", ""friendly_name"": ""ARRIS TG1692A Router Upload speed""}"
2025-07-12T12:33:45.509570,automation.auto_banheiro,on,on,"{""id"": ""1747870075916"", ""last_triggered"": ""2025-07-12T15:33:45.500168+00:00"", ""mode"": ""single"", ""current"": 1, ""friendly_name"": ""auto-banheiro""}"
2025-07-12T12:33:45.512943,automation.auto_banheiro,on,on,"{""id"": ""1747870075916"", ""last_triggered"": ""2025-07-12T15:33:45.500168+00:00"", ""mode"": ""single"", ""current"": 0, ""friendly_name"": ""auto-banheiro""}"
2025-07-12T12:33:50.506285,automation.auto_banheiro,on,on,"{""id"": ""1747870075916"", ""last_triggered"": ""2025-07-12T15:33:50.500014+00:00"", ""mode"": ""single"", ""current"": 1, ""friendly_name"": ""auto-banheiro""}"
2025-07-12T12:33:50.508044,automation.auto_banheiro,on,on,"{""id"": ""1747870075916"", ""last_triggered"": ""2025-07-12T15:33:50.500014+00:00"", ""mode"": ""single"", ""current"": 0, ""friendly_name"": ""auto-banheiro""}"
2025-07-12T12:33:55.506379,automation.auto_banheiro,on,on,"{""id"": ""1747870075916"", ""last_triggered"": ""2025-07-12T15:33:55.501403+00:00"", ""mode"": ""single"", ""current"": 1, ""friendly_name"": ""auto-banheiro""}"
2025-07-12T12:33:55.508942,automation.auto_banheiro,on,on,"{""id"": ""1747870075916"", ""last_triggered"": ""2025-07-12T15:33:55.501403+00:00"", ""mode"": ""single"", ""current"": 0, ""friendly_name"": ""auto-banheiro""}"
2025-07-12T12:34:00.505354,automation.auto_banheiro,on,on,"{""id"": ""1747870075916"", ""last_triggered"": ""2025-07-12T15:34:00.500504+00:00"", ""mode"": ""single"", ""current"": 1, ""friendly_name"": ""auto-banheiro""}"
2025-07-12T12:34:00.507515,automation.auto_banheiro,on,on,"{""id"": ""1747870075916"", ""last_triggered"": ""2025-07-12T15:34:00.500504+00:00"", ""mode"": ""single"", ""current"": 0, ""friendly_name"": ""auto-banheiro""}"
2025-07-12T12:34:05.511680,automation.auto_banheiro,on,on,"{""id"": ""1747870075916"", ""last_triggered"": ""2025-07-12T15:34:05.499901+00:00"", ""mode"": ""single"", ""current"": 1, ""friendly_name"": ""auto-banheiro""}"
2025-07-12T12:34:05.513257,automation.auto_banheiro,on,on,"{""id"": ""1747870075916"", ""last_triggered"": ""2025-07-12T15:34:05.499901+00:00"", ""mode"": ""single"", ""current"": 0, ""friendly_name"": ""auto-banheiro""}"
2025-07-12T12:34:10.126956,automation.aut_status_bruno,on,on,"{""id"": ""1751855857509"", ""last_triggered"": ""2025-07-12T15:34:10.108458+00:00"", ""mode"": ""single"", ""current"": 1, ""friendly_name"": ""aut-status-bruno""}"
2025-07-12T12:34:10.132109,automation.aut_status_bruno,on,on,"{""id"": ""1751855857509"", ""last_triggered"": ""2025-07-12T15:34:10.108458+00:00"", ""mode"": ""single"", ""current"": 0, ""friendly_name"": ""aut-status-bruno""}"
2025-07-12T12:34:10.262724,automation.aut_lampada_quarto,on,on,"{""id"": ""1746067262247"", ""last_triggered"": ""2025-07-12T15:34:10.254929+00:00"", ""mode"": ""single"", ""current"": 1, ""friendly_name"": ""aut-quarto""}"
2025-07-12T12:34:10.265992,automation.aut_lampada_quarto,on,on,"{""id"": ""1746067262247"", ""last_triggered"": ""2025-07-12T15:34:10.254929+00:00"", ""mode"": ""single"", ""current"": 0, ""friendly_name"": ""aut-quarto""}"
2025-07-12T12:34:10.509831,automation.auto_banheiro,on,on,"{""id"": ""1747870075916"", ""last_triggered"": ""2025-07-12T15:34:10.500960+00:00"", ""mode"": ""single"", ""current"": 1, ""friendly_name"": ""auto-banheiro""}"
2025-07-12T12:34:10.512776,automation.auto_banheiro,on,on,"{""id"": ""1747870075916"", ""last_triggered"": ""2025-07-12T15:34:10.500960+00:00"", ""mode"": ""single"", ""current"": 0, ""friendly_name"": ""auto-banheiro""}"
2025-07-12T12:34:10.617557,sensor.arris_tg1692a_router_download_speed,0.00184424256856377,0.00590892369346932,"{""state_class"": ""measurement"", ""unit_of_measurement"": ""Mbit/s"", ""device_class"": ""data_rate"", ""friendly_name"": ""ARRIS TG1692A Router Download speed""}"
2025-07-12T12:34:10.620625,sensor.arris_tg1692a_router_upload_speed,0.00293862826859062,0.0023576493534598,"{""state_class"": ""measurement"", ""unit_of_measurement"": ""Mbit/s"", ""device_class"": ""data_rate"", ""friendly_name"": ""ARRIS TG1692A Router Upload speed""}"
2025-07-12T12:34:15.507193,automation.auto_banheiro,on,on,"{""id"": ""1747870075916"", ""last_triggered"": ""2025-07-12T15:34:15.500790+00:00"", ""mode"": ""single"", ""current"": 1, ""friendly_name"": ""auto-banheiro""}"
2025-07-12T12:34:15.511671,automation.auto_banheiro,on,on,"{""id"": ""1747870075916"", ""last_triggered"": ""2025-07-12T15:34:15.500790+00:00"", ""mode"": ""single"", ""current"": 0, ""friendly_name"": ""auto-banheiro""}"
2025-07-12T12:34:20.505395,automation.auto_banheiro,on,on,"{""id"": ""1747870075916"", ""last_triggered"": ""2025-07-12T15:34:20.500230+00:00"", ""mode"": ""single"", ""current"": 1, ""friendly_name"": ""auto-banheiro""}"
2025-07-12T12:34:20.507417,automation.auto_banheiro,on,on,"{""id"": ""1747870075916"", ""last_triggered"": ""2025-07-12T15:34:20.500230+00:00"", ""mode"": ""single"", ""current"": 0, ""friendly_name"": ""auto-banheiro""}"
2025-07-12T12:34:25.168329,camera.192_168_0_33,idle,idle,"{""access_token"": ""d7f036052ccbcc0eee2f06c18b998537888241e60bbe849845926bb1239036d1"", ""entity_picture"": ""/api/camera_proxy/camera.192_168_0_33?token=d7f036052ccbcc0eee2f06c18b998537888241e60bbe849845926bb1239036d1"", ""friendly_name"": ""192_168_0_14"", ""supported_features"": 2}"
2025-07-12T12:34:25.169930,camera.admin_mainstream,idle,idle,"{""access_token"": ""3356721011508e2e39655e2d24e435b44d4a25228755621d731e73a13a6990c4"", ""entity_picture"": ""/api/camera_proxy/camera.admin_mainstream?token=3356721011508e2e39655e2d24e435b44d4a25228755621d731e73a13a6990c4"", ""friendly_name"": ""admin MainStream"", ""supported_features"": 2}"
2025-07-12T12:34:25.172564,camera.admin_substream,idle,idle,"{""access_token"": ""300d77acb9f0b7f80d43ad885770ab2acc8575a65e2529f8aaf5fbd271cae496"", ""entity_picture"": ""/api/camera_proxy/camera.admin_substream?token=300d77acb9f0b7f80d43ad885770ab2acc8575a65e2529f8aaf5fbd271cae496"", ""friendly_name"": ""admin SubStream"", ""supported_features"": 2}"
2025-07-12T12:34:25.507730,automation.auto_banheiro,on,on,"{""id"": ""1747870075916"", ""last_triggered"": ""2025-07-12T15:34:25.500210+00:00"", ""mode"": ""single"", ""current"": 1, ""friendly_name"": ""auto-banheiro""}"
2025-07-12T12:34:25.509586,automation.auto_banheiro,on,on,"{""id"": ""1747870075916"", ""last_triggered"": ""2025-07-12T15:34:25.500210+00:00"", ""mode"": ""single"", ""current"": 0, ""friendly_name"": ""auto-banheiro""}"
2025-07-12T12:34:30.381958,media_player.lg_webos_tv_oled42c2psa_2,playing,playing,"{""source_list"": [""Amazon Alexa"", ""Amazon Music"", ""Apple TV"", ""Apps"", ""Clarovideo"", ""Compartilhamento de Ambiente para Ambiente"", ""C\u00e2mera"", ""Disney+"", ""Esportes"", ""Globoplay"", ""HDMI 1"", ""HDMI 2"", ""HDMI 3"", ""HDMI 4"", ""Hub Inicial"", ""Kanto"", ""LG Channels"", ""LG Gaming Portal"", ""Live TV"", ""Mercado Play"", ""Navegador Web"", ""Netflix"", ""Prime Video"", ""Reprodutor de M\u00eddia"", ""Sempre Pronto"", ""Twitch"", ""YouTube""], ""volume_level"": 0.1, ""is_volume_muted"": false, ""source"": ""YouTube"", ""sound_output"": ""tv_external_speaker"", ""device_class"": ""tv"", ""entity_picture"": ""/api/media_player_proxy/media_player.lg_webos_tv_oled42c2psa_2?token=7cc859caa677cb6b72c183607fe83e306f214db9fa8ef18976485f6b0cd59f6e&cache=d615266ef42c4b6f"", ""friendly_name"": ""LG webOS TV OLED42C2PSA"", ""supported_features"": 24381}"
2025-07-12T12:34:30.510147,automation.auto_banheiro,on,on,"{""id"": ""1747870075916"", ""last_triggered"": ""2025-07-12T15:34:30.499890+00:00"", ""mode"": ""single"", ""current"": 1, ""friendly_name"": ""auto-banheiro""}"
2025-07-12T12:34:30.511812,automation.auto_banheiro,on,on,"{""id"": ""1747870075916"", ""last_triggered"": ""2025-07-12T15:34:30.499890+00:00"", ""mode"": ""single"", ""current"": 0, ""friendly_name"": ""auto-banheiro""}"
2025-07-12T12:34:30.651509,media_player.lg_webos_tv_oled42c2psa_2,playing,playing,"{""source_list"": [""Amazon Alexa"", ""Amazon Music"", ""Apple TV"", ""Apps"", ""Clarovideo"", ""Compartilhamento de Ambiente para Ambiente"", ""C\u00e2mera"", ""Disney+"", ""Esportes"", ""Globoplay"", ""HDMI 1"", ""HDMI 2"", ""HDMI 3"", ""HDMI 4"", ""Hub Inicial"", ""Kanto"", ""LG Channels"", ""LG Gaming Portal"", ""Live TV"", ""Mercado Play"", ""Navegador Web"", ""Netflix"", ""Prime Video"", ""Reprodutor de M\u00eddia"", ""Sempre Pronto"", ""Twitch"", ""YouTube""], ""volume_level"": 0.11, ""is_volume_muted"": false, ""source"": ""YouTube"", ""sound_output"": ""tv_external_speaker"", ""device_class"": ""tv"", ""entity_picture"": ""/api/media_player_proxy/media_player.lg_webos_tv_oled42c2psa_2?token=7cc859caa677cb6b72c183607fe83e306f214db9fa8ef18976485f6b0cd59f6e&cache=d615266ef42c4b6f"", ""friendly_name"": ""LG webOS TV OLED42C2PSA"", ""supported_features"": 24381}"
2025-07-12T12:34:30.837987,media_player.lg_webos_tv_oled42c2psa_2,playing,playing,"{""source_list"": [""Amazon Alexa"", ""Amazon Music"", ""Apple TV"", ""Apps"", ""Clarovideo"", ""Compartilhamento de Ambiente para Ambiente"", ""C\u00e2mera"", ""Disney+"", ""Esportes"", ""Globoplay"", ""HDMI 1"", ""HDMI 2"", ""HDMI 3"", ""HDMI 4"", ""Hub Inicial"", ""Kanto"", ""LG Channels"", ""LG Gaming Portal"", ""Live TV"", ""Mercado Play"", ""Navegador Web"", ""Netflix"", ""Prime Video"", ""Reprodutor de M\u00eddia"", ""Sempre Pronto"", ""Twitch"", ""YouTube""], ""volume_level"": 0.12, ""is_volume_muted"": false, ""source"": ""YouTube"", ""sound_output"": ""tv_external_speaker"", ""device_class"": ""tv"", ""entity_picture"": ""/api/media_player_proxy/media_player.lg_webos_tv_oled42c2psa_2?token=7cc859caa677cb6b72c183607fe83e306f214db9fa8ef18976485f6b0cd59f6e&cache=d615266ef42c4b6f"", ""friendly_name"": ""LG webOS TV OLED42C2PSA"", ""supported_features"": 24381}"
2025-07-12T12:34:31.100976,media_player.lg_webos_tv_oled42c2psa_2,playing,playing,"{""source_list"": [""Amazon Alexa"", ""Amazon Music"", ""Apple TV"", ""Apps"", ""Clarovideo"", ""Compartilhamento de Ambiente para Ambiente"", ""C\u00e2mera"", ""Disney+"", ""Esportes"", ""Globoplay"", ""HDMI 1"", ""HDMI 2"", ""HDMI 3"", ""HDMI 4"", ""Hub Inicial"", ""Kanto"", ""LG Channels"", ""LG Gaming Portal"", ""Live TV"", ""Mercado Play"", ""Navegador Web"", ""Netflix"", ""Prime Video"", ""Reprodutor de M\u00eddia"", ""Sempre Pronto"", ""Twitch"", ""YouTube""], ""volume_level"": 0.13, ""is_volume_muted"": false, ""source"": ""YouTube"", ""sound_output"": ""tv_external_speaker"", ""device_class"": ""tv"", ""entity_picture"": ""/api/media_player_proxy/media_player.lg_webos_tv_oled42c2psa_2?token=7cc859caa677cb6b72c183607fe83e306f214db9fa8ef18976485f6b0cd59f6e&cache=d615266ef42c4b6f"", ""friendly_name"": ""LG webOS TV OLED42C2PSA"", ""supported_features"": 24381}"
2025-07-12T12:34:32.948740,media_player.lg_webos_tv_oled42c2psa_2,playing,playing,"{""source_list"": [""Amazon Alexa"", ""Amazon Music"", ""Apple TV"", ""Apps"", ""Clarovideo"", ""Compartilhamento de Ambiente para Ambiente"", ""C\u00e2mera"", ""Disney+"", ""Esportes"", ""Globoplay"", ""HDMI 1"", ""HDMI 2"", ""HDMI 3"", ""HDMI 4"", ""Hub Inicial"", ""Kanto"", ""LG Channels"", ""LG Gaming Portal"", ""Live TV"", ""Mercado Play"", ""Navegador Web"", ""Netflix"", ""Prime Video"", ""Reprodutor de M\u00eddia"", ""Sempre Pronto"", ""Twitch"", ""YouTube""], ""volume_level"": 0.12, ""is_volume_muted"": false, ""source"": ""YouTube"", ""sound_output"": ""tv_external_speaker"", ""device_class"": ""tv"", ""entity_picture"": ""/api/media_player_proxy/media_player.lg_webos_tv_oled42c2psa_2?token=7cc859caa677cb6b72c183607fe83e306f214db9fa8ef18976485f6b0cd59f6e&cache=d615266ef42c4b6f"", ""friendly_name"": ""LG webOS TV OLED42C2PSA"", ""supported_features"": 24381}"
2025-07-12T12:34:35.505476,automation.auto_banheiro,on,on,"{""id"": ""1747870075916"", ""last_triggered"": ""2025-07-12T15:34:35.500694+00:00"", ""mode"": ""single"", ""current"": 1, ""friendly_name"": ""auto-banheiro""}"
2025-07-12T12:34:35.507058,automation.auto_banheiro,on,on,"{""id"": ""1747870075916"", ""last_triggered"": ""2025-07-12T15:34:35.500694+00:00"", ""mode"": ""single"", ""current"": 0, ""friendly_name"": ""auto-banheiro""}"
2025-07-12T12:34:40.507951,automation.auto_banheiro,on,on,"{""id"": ""1747870075916"", ""last_triggered"": ""2025-07-12T15:34:40.500208+00:00"", ""mode"": ""single"", ""current"": 1, ""friendly_name"": ""auto-banheiro""}"
2025-07-12T12:34:40.510515,automation.auto_banheiro,on,on,"{""id"": ""1747870075916"", ""last_triggered"": ""2025-07-12T15:34:40.500208+00:00"", ""mode"": ""single"", ""current"": 0, ""friendly_name"": ""auto-banheiro""}"
2025-07-12T12:34:40.620728,sensor.arris_tg1692a_router_download_speed,0.00590892369346932,0.00363049821154965,"{""state_class"": ""measurement"", ""unit_of_measurement"": ""Mbit/s"", ""device_class"": ""data_rate"", ""friendly_name"": ""ARRIS TG1692A Router Download speed""}"
2025-07-12T12:34:40.623906,sensor.arris_tg1692a_router_upload_speed,0.0023576493534598,0.00456112169728658,"{""state_class"": ""measurement"", ""unit_of_measurement"": ""Mbit/s"", ""device_class"": ""data_rate"", ""friendly_name"": ""ARRIS TG1692A Router Upload speed""}"
2025-07-12T12:34:45.504938,automation.auto_banheiro,on,on,"{""id"": ""1747870075916"", ""last_triggered"": ""2025-07-12T15:34:45.500100+00:00"", ""mode"": ""single"", ""current"": 1, ""friendly_name"": ""auto-banheiro""}"
2025-07-12T12:34:45.506520,automation.auto_banheiro,on,on,"{""id"": ""1747870075916"", ""last_triggered"": ""2025-07-12T15:34:45.500100+00:00"", ""mode"": ""single"", ""current"": 0, ""friendly_name"": ""auto-banheiro""}"
2025-07-12T12:34:50.513449,automation.auto_banheiro,on,on,"{""id"": ""1747870075916"", ""last_triggered"": ""2025-07-12T15:34:50.500686+00:00"", ""mode"": ""single"", ""current"": 1, ""friendly_name"": ""auto-banheiro""}"
2025-07-12T12:34:50.516186,automation.auto_banheiro,on,on,"{""id"": ""1747870075916"", ""last_triggered"": ""2025-07-12T15:34:50.500686+00:00"", ""mode"": ""single"", ""current"": 0, ""friendly_name"": ""auto-banheiro""}"
2025-07-12T12:34:55.505573,automation.auto_banheiro,on,on,"{""id"": ""1747870075916"", ""last_triggered"": ""2025-07-12T15:34:55.500564+00:00"", ""mode"": ""single"", ""current"": 1, ""friendly_name"": ""auto-banheiro""}"
2025-07-12T12:34:55.507404,automation.auto_banheiro,on,on,"{""id"": ""1747870075916"", ""last_triggered"": ""2025-07-12T15:34:55.500564+00:00"", ""mode"": ""single"", ""current"": 0, ""friendly_name"": ""auto-banheiro""}"
2025-07-12T12:35:00.505288,automation.auto_banheiro,on,on,"{""id"": ""1747870075916"", ""last_triggered"": ""2025-07-12T15:35:00.500509+00:00"", ""mode"": ""single"", ""current"": 1, ""friendly_name"": ""auto-banheiro""}"
2025-07-12T12:35:00.506934,automation.auto_banheiro,on,on,"{""id"": ""1747870075916"", ""last_triggered"": ""2025-07-12T15:35:00.500509+00:00"", ""mode"": ""single"", ""current"": 0, ""friendly_name"": ""auto-banheiro""}"
2025-07-12T12:35:05.505630,automation.auto_banheiro,on,on,"{""id"": ""1747870075916"", ""last_triggered"": ""2025-07-12T15:35:05.500603+00:00"", ""mode"": ""single"", ""current"": 1, ""friendly_name"": ""auto-banheiro""}"
2025-07-12T12:35:05.508012,automation.auto_banheiro,on,on,"{""id"": ""1747870075916"", ""last_triggered"": ""2025-07-12T15:35:05.500603+00:00"", ""mode"": ""single"", ""current"": 0, ""friendly_name"": ""auto-banheiro""}"
2025-07-12T12:35:10.119096,automation.aut_status_bruno,on,on,"{""id"": ""1751855857509"", ""last_triggered"": ""2025-07-12T15:35:10.107703+00:00"", ""mode"": ""single"", ""current"": 1, ""friendly_name"": ""aut-status-bruno""}"
2025-07-12T12:35:10.121553,automation.aut_status_bruno,on,on,"{""id"": ""1751855857509"", ""last_triggered"": ""2025-07-12T15:35:10.107703+00:00"", ""mode"": ""single"", ""current"": 0, ""friendly_name"": ""aut-status-bruno""}"
2025-07-12T12:35:10.261765,automation.aut_lampada_quarto,on,on,"{""id"": ""1746067262247"", ""last_triggered"": ""2025-07-12T15:35:10.256153+00:00"", ""mode"": ""single"", ""current"": 1, ""friendly_name"": ""aut-quarto""}"
2025-07-12T12:35:10.263547,automation.aut_lampada_quarto,on,on,"{""id"": ""1746067262247"", ""last_triggered"": ""2025-07-12T15:35:10.256153+00:00"", ""mode"": ""single"", ""current"": 0, ""friendly_name"": ""aut-quarto""}"
2025-07-12T12:35:10.505336,automation.auto_banheiro,on,on,"{""id"": ""1747870075916"", ""last_triggered"": ""2025-07-12T15:35:10.500461+00:00"", ""mode"": ""single"", ""current"": 1, ""friendly_name"": ""auto-banheiro""}"
2025-07-12T12:35:10.506955,automation.auto_banheiro,on,on,"{""id"": ""1747870075916"", ""last_triggered"": ""2025-07-12T15:35:10.500461+00:00"", ""mode"": ""single"", ""current"": 0, ""friendly_name"": ""auto-banheiro""}"
2025-07-12T12:35:10.614904,sensor.arris_tg1692a_router_download_speed,0.00363049821154965,0.00838359828915981,"{""state_class"": ""measurement"", ""unit_of_measurement"": ""Mbit/s"", ""device_class"": ""data_rate"", ""friendly_name"": ""ARRIS TG1692A Router Download speed""}"
2025-07-12T12:35:10.616610,sensor.arris_tg1692a_router_upload_speed,0.00456112169728658,0.00347765459917721,"{""state_class"": ""measurement"", ""unit_of_measurement"": ""Mbit/s"", ""device_class"": ""data_rate"", ""friendly_name"": ""ARRIS TG1692A Router Upload speed""}"
2025-07-12T12:35:15.507937,automation.auto_banheiro,on,on,"{""id"": ""1747870075916"", ""last_triggered"": ""2025-07-12T15:35:15.500384+00:00"", ""mode"": ""single"", ""current"": 1, ""friendly_name"": ""auto-banheiro""}"
2025-07-12T12:35:15.510758,automation.auto_banheiro,on,on,"{""id"": ""1747870075916"", ""last_triggered"": ""2025-07-12T15:35:15.500384+00:00"", ""mode"": ""single"", ""current"": 0, ""friendly_name"": ""auto-banheiro""}"
2025-07-12T12:35:20.507195,automation.auto_banheiro,on,on,"{""id"": ""1747870075916"", ""last_triggered"": ""2025-07-12T15:35:20.500526+00:00"", ""mode"": ""single"", ""current"": 1, ""friendly_name"": ""auto-banheiro""}"
2025-07-12T12:35:20.508920,automation.auto_banheiro,on,on,"{""id"": ""1747870075916"", ""last_triggered"": ""2025-07-12T15:35:20.500526+00:00"", ""mode"": ""single"", ""current"": 0, ""friendly_name"": ""auto-banheiro""}"
2025-07-12T12:35:25.511713,automation.auto_banheiro,on,on,"{""id"": ""1747870075916"", ""last_triggered"": ""2025-07-12T15:35:25.501092+00:00"", ""mode"": ""single"", ""current"": 1, ""friendly_name"": ""auto-banheiro""}"
2025-07-12T12:35:25.513384,automation.auto_banheiro,on,on,"{""id"": ""1747870075916"", ""last_triggered"": ""2025-07-12T15:35:25.501092+00:00"", ""mode"": ""single"", ""current"": 0, ""friendly_name"": ""auto-banheiro""}"
2025-07-12T12:35:30.505516,automation.auto_banheiro,on,on,"{""id"": ""1747870075916"", ""last_triggered"": ""2025-07-12T15:35:30.500585+00:00"", ""mode"": ""single"", ""current"": 1, ""friendly_name"": ""auto-banheiro""}"
2025-07-12T12:35:30.507358,automation.auto_banheiro,on,on,"{""id"": ""1747870075916"", ""last_triggered"": ""2025-07-12T15:35:30.500585+00:00"", ""mode"": ""single"", ""current"": 0, ""friendly_name"": ""auto-banheiro""}"
2025-07-12T12:35:35.513669,automation.auto_banheiro,on,on,"{""id"": ""1747870075916"", ""last_triggered"": ""2025-07-12T15:35:35.500539+00:00"", ""mode"": ""single"", ""current"": 1, ""friendly_name"": ""auto-banheiro""}"
2025-07-12T12:35:35.517106,automation.auto_banheiro,on,on,"{""id"": ""1747870075916"", ""last_triggered"": ""2025-07-12T15:35:35.500539+00:00"", ""mode"": ""single"", ""current"": 0, ""friendly_name"": ""auto-banheiro""}"
2025-07-12T12:35:40.505032,automation.auto_banheiro,on,on,"{""id"": ""1747870075916"", ""last_triggered"": ""2025-07-12T15:35:40.500199+00:00"", ""mode"": ""single"", ""current"": 1, ""friendly_name"": ""auto-banheiro""}"
2025-07-12T12:35:40.506726,automation.auto_banheiro,on,on,"{""id"": ""1747870075916"", ""last_triggered"": ""2025-07-12T15:35:40.500199+00:00"", ""mode"": ""single"", ""current"": 0, ""friendly_name"": ""auto-banheiro""}"
2025-07-12T12:35:40.617670,sensor.arris_tg1692a_router_download_speed,0.00838359828915981,0.00190193450233058,"{""state_class"": ""measurement"", ""unit_of_measurement"": ""Mbit/s"", ""device_class"": ""data_rate"", ""friendly_name"": ""ARRIS TG1692A Router Download speed""}"
2025-07-12T12:35:40.620950,sensor.arris_tg1692a_router_upload_speed,0.00347765459917721,0.00279743310844753,"{""state_class"": ""measurement"", ""unit_of_measurement"": ""Mbit/s"", ""device_class"": ""data_rate"", ""friendly_name"": ""ARRIS TG1692A Router Upload speed""}"
2025-07-12T12:35:42.018119,sun.sun,above_horizon,above_horizon,"{""next_dawn"": ""2025-07-13T08:34:17.857562+00:00"", ""next_dusk"": ""2025-07-12T20:45:20.313231+00:00"", ""next_midnight"": ""2025-07-13T02:39:54+00:00"", ""next_noon"": ""2025-07-13T14:39:50+00:00"", ""next_rising"": ""2025-07-13T08:57:32.537391+00:00"", ""next_setting"": ""2025-07-12T20:22:04.562792+00:00"", ""elevation"": 52.54, ""azimuth"": 338.38, ""rising"": false, ""friendly_name"": ""Sun""}"
2025-07-12T12:35:45.505175,automation.auto_banheiro,on,on,"{""id"": ""1747870075916"", ""last_triggered"": ""2025-07-12T15:35:45.500261+00:00"", ""mode"": ""single"", ""current"": 1, ""friendly_name"": ""auto-banheiro""}"
2025-07-12T12:35:45.506795,automation.auto_banheiro,on,on,"{""id"": ""1747870075916"", ""last_triggered"": ""2025-07-12T15:35:45.500261+00:00"", ""mode"": ""single"", ""current"": 0, ""friendly_name"": ""auto-banheiro""}"
2025-07-12T12:35:50.509205,automation.auto_banheiro,on,on,"{""id"": ""1747870075916"", ""last_triggered"": ""2025-07-12T15:35:50.500615+00:00"", ""mode"": ""single"", ""current"": 1, ""friendly_name"": ""auto-banheiro""}"
2025-07-12T12:35:50.511264,automation.auto_banheiro,on,on,"{""id"": ""1747870075916"", ""last_triggered"": ""2025-07-12T15:35:50.500615+00:00"", ""mode"": ""single"", ""current"": 0, ""friendly_name"": ""auto-banheiro""}"
2025-07-12T12:35:55.514894,automation.auto_banheiro,on,on,"{""id"": ""1747870075916"", ""last_triggered"": ""2025-07-12T15:35:55.501443+00:00"", ""mode"": ""single"", ""current"": 1, ""friendly_name"": ""auto-banheiro""}"
2025-07-12T12:35:55.518364,automation.auto_banheiro,on,on,"{""id"": ""1747870075916"", ""last_triggered"": ""2025-07-12T15:35:55.501443+00:00"", ""mode"": ""single"", ""current"": 0, ""friendly_name"": ""auto-banheiro""}"
2025-07-12T12:36:00.505201,automation.auto_banheiro,on,on,"{""id"": ""1747870075916"", ""last_triggered"": ""2025-07-12T15:36:00.500364+00:00"", ""mode"": ""single"", ""current"": 1, ""friendly_name"": ""auto-banheiro""}"
2025-07-12T12:36:00.506851,automation.auto_banheiro,on,on,"{""id"": ""1747870075916"", ""last_triggered"": ""2025-07-12T15:36:00.500364+00:00"", ""mode"": ""single"", ""current"": 0, ""friendly_name"": ""auto-banheiro""}"
2025-07-12T12:36:05.512808,automation.auto_banheiro,on,on,"{""id"": ""1747870075916"", ""last_triggered"": ""2025-07-12T15:36:05.500799+00:00"", ""mode"": ""single"", ""current"": 1, ""friendly_name"": ""auto-banheiro""}"
2025-07-12T12:36:05.516458,automation.auto_banheiro,on,on,"{""id"": ""1747870075916"", ""last_triggered"": ""2025-07-12T15:36:05.500799+00:00"", ""mode"": ""single"", ""current"": 0, ""friendly_name"": ""auto-banheiro""}"
2025-07-12T12:36:10.120962,automation.aut_status_bruno,on,on,"{""id"": ""1751855857509"", ""last_triggered"": ""2025-07-12T15:36:10.108288+00:00"", ""mode"": ""single"", ""current"": 1, ""friendly_name"": ""aut-status-bruno""}"
2025-07-12T12:36:10.123744,automation.aut_status_bruno,on,on,"{""id"": ""1751855857509"", ""last_triggered"": ""2025-07-12T15:36:10.108288+00:00"", ""mode"": ""single"", ""current"": 0, ""friendly_name"": ""aut-status-bruno""}"
2025-07-12T12:36:10.259544,automation.aut_lampada_quarto,on,on,"{""id"": ""1746067262247"", ""last_triggered"": ""2025-07-12T15:36:10.254943+00:00"", ""mode"": ""single"", ""current"": 1, ""friendly_name"": ""aut-quarto""}"
2025-07-12T12:36:10.261231,automation.aut_lampada_quarto,on,on,"{""id"": ""1746067262247"", ""last_triggered"": ""2025-07-12T15:36:10.254943+00:00"", ""mode"": ""single"", ""current"": 0, ""friendly_name"": ""aut-quarto""}"
2025-07-12T12:36:10.505889,automation.auto_banheiro,on,on,"{""id"": ""1747870075916"", ""last_triggered"": ""2025-07-12T15:36:10.500558+00:00"", ""mode"": ""single"", ""current"": 1, ""friendly_name"": ""auto-banheiro""}"
2025-07-12T12:36:10.507500,automation.auto_banheiro,on,on,"{""id"": ""1747870075916"", ""last_triggered"": ""2025-07-12T15:36:10.500558+00:00"", ""mode"": ""single"", ""current"": 0, ""friendly_name"": ""auto-banheiro""}"
2025-07-12T12:36:10.621408,sensor.arris_tg1692a_router_download_speed,0.00190193450233058,0.00275807550568356,"{""state_class"": ""measurement"", ""unit_of_measurement"": ""Mbit/s"", ""device_class"": ""data_rate"", ""friendly_name"": ""ARRIS TG1692A Router Download speed""}"
2025-07-12T12:36:10.623149,sensor.arris_tg1692a_router_upload_speed,0.00279743310844753,0.00187756063381204,"{""state_class"": ""measurement"", ""unit_of_measurement"": ""Mbit/s"", ""device_class"": ""data_rate"", ""friendly_name"": ""ARRIS TG1692A Router Upload speed""}"
2025-07-12T12:36:15.504892,automation.auto_banheiro,on,on,"{""id"": ""1747870075916"", ""last_triggered"": ""2025-07-12T15:36:15.499959+00:00"", ""mode"": ""single"", ""current"": 1, ""friendly_name"": ""auto-banheiro""}"
2025-07-12T12:36:15.506549,automation.auto_banheiro,on,on,"{""id"": ""1747870075916"", ""last_triggered"": ""2025-07-12T15:36:15.499959+00:00"", ""mode"": ""single"", ""current"": 0, ""friendly_name"": ""auto-banheiro""}"
2025-07-12T12:36:20.508796,automation.auto_banheiro,on,on,"{""id"": ""1747870075916"", ""last_triggered"": ""2025-07-12T15:36:20.500330+00:00"", ""mode"": ""single"", ""current"": 1, ""friendly_name"": ""auto-banheiro""}"
2025-07-12T12:36:20.511755,automation.auto_banheiro,on,on,"{""id"": ""1747870075916"", ""last_triggered"": ""2025-07-12T15:36:20.500330+00:00"", ""mode"": ""single"", ""current"": 0, ""friendly_name"": ""auto-banheiro""}"
2025-07-12T12:36:25.508257,automation.auto_banheiro,on,on,"{""id"": ""1747870075916"", ""last_triggered"": ""2025-07-12T15:36:25.500080+00:00"", ""mode"": ""single"", ""current"": 1, ""friendly_name"": ""auto-banheiro""}"
2025-07-12T12:36:25.510080,automation.auto_banheiro,on,on,"{""id"": ""1747870075916"", ""last_triggered"": ""2025-07-12T15:36:25.500080+00:00"", ""mode"": ""single"", ""current"": 0, ""friendly_name"": ""auto-banheiro""}"
2025-07-12T12:36:30.513732,automation.auto_banheiro,on,on,"{""id"": ""1747870075916"", ""last_triggered"": ""2025-07-12T15:36:30.500830+00:00"", ""mode"": ""single"", ""current"": 1, ""friendly_name"": ""auto-banheiro""}"
2025-07-12T12:36:30.517312,automation.auto_banheiro,on,on,"{""id"": ""1747870075916"", ""last_triggered"": ""2025-07-12T15:36:30.500830+00:00"", ""mode"": ""single"", ""current"": 0, ""friendly_name"": ""auto-banheiro""}"
2025-07-12T12:36:35.505105,automation.auto_banheiro,on,on,"{""id"": ""1747870075916"", ""last_triggered"": ""2025-07-12T15:36:35.500323+00:00"", ""mode"": ""single"", ""current"": 1, ""friendly_name"": ""auto-banheiro""}"
2025-07-12T12:36:35.506842,automation.auto_banheiro,on,on,"{""id"": ""1747870075916"", ""last_triggered"": ""2025-07-12T15:36:35.500323+00:00"", ""mode"": ""single"", ""current"": 0, ""friendly_name"": ""auto-banheiro""}"
2025-07-12T12:36:40.505450,automation.auto_banheiro,on,on,"{""id"": ""1747870075916"", ""last_triggered"": ""2025-07-12T15:36:40.500580+00:00"", ""mode"": ""single"", ""current"": 1, ""friendly_name"": ""auto-banheiro""}"
2025-07-12T12:36:40.507121,automation.auto_banheiro,on,on,"{""id"": ""1747870075916"", ""last_triggered"": ""2025-07-12T15:36:40.500580+00:00"", ""mode"": ""single"", ""current"": 0, ""friendly_name"": ""auto-banheiro""}"
2025-07-12T12:36:40.614895,sensor.arris_tg1692a_router_download_speed,0.00275807550568356,0.00512544165100022,"{""state_class"": ""measurement"", ""unit_of_measurement"": ""Mbit/s"", ""device_class"": ""data_rate"", ""friendly_name"": ""ARRIS TG1692A Router Download speed""}"
2025-07-12T12:36:40.616607,sensor.arris_tg1692a_router_upload_speed,0.00187756063381204,0.0042934240676953,"{""state_class"": ""measurement"", ""unit_of_measurement"": ""Mbit/s"", ""device_class"": ""data_rate"", ""friendly_name"": ""ARRIS TG1692A Router Upload speed""}"
2025-07-12T12:36:45.505534,automation.auto_banheiro,on,on,"{""id"": ""1747870075916"", ""last_triggered"": ""2025-07-12T15:36:45.500677+00:00"", ""mode"": ""single"", ""current"": 1, ""friendly_name"": ""auto-banheiro""}"
2025-07-12T12:36:45.507168,automation.auto_banheiro,on,on,"{""id"": ""1747870075916"", ""last_triggered"": ""2025-07-12T15:36:45.500677+00:00"", ""mode"": ""single"", ""current"": 0, ""friendly_name"": ""auto-banheiro""}"
2025-07-12T12:36:50.508586,automation.auto_banheiro,on,on,"{""id"": ""1747870075916"", ""last_triggered"": ""2025-07-12T15:36:50.499976+00:00"", ""mode"": ""single"", ""current"": 1, ""friendly_name"": ""auto-banheiro""}"
2025-07-12T12:36:50.510103,automation.auto_banheiro,on,on,"{""id"": ""1747870075916"", ""last_triggered"": ""2025-07-12T15:36:50.499976+00:00"", ""mode"": ""single"", ""current"": 0, ""friendly_name"": ""auto-banheiro""}"
2025-07-12T12:36:55.514641,automation.auto_banheiro,on,on,"{""id"": ""1747870075916"", ""last_triggered"": ""2025-07-12T15:36:55.501462+00:00"", ""mode"": ""single"", ""current"": 1, ""friendly_name"": ""auto-banheiro""}"
2025-07-12T12:36:55.518344,automation.auto_banheiro,on,on,"{""id"": ""1747870075916"", ""last_triggered"": ""2025-07-12T15:36:55.501462+00:00"", ""mode"": ""single"", ""current"": 0, ""friendly_name"": ""auto-banheiro""}"
2025-07-12T12:37:00.506665,automation.auto_banheiro,on,on,"{""id"": ""1747870075916"", ""last_triggered"": ""2025-07-12T15:37:00.500592+00:00"", ""mode"": ""single"", ""current"": 1, ""friendly_name"": ""auto-banheiro""}"
2025-07-12T12:37:00.508282,automation.auto_banheiro,on,on,"{""id"": ""1747870075916"", ""last_triggered"": ""2025-07-12T15:37:00.500592+00:00"", ""mode"": ""single"", ""current"": 0, ""friendly_name"": ""auto-banheiro""}"
2025-07-12T12:37:05.505264,automation.auto_banheiro,on,on,"{""id"": ""1747870075916"", ""last_triggered"": ""2025-07-12T15:37:05.500564+00:00"", ""mode"": ""single"", ""current"": 1, ""friendly_name"": ""auto-banheiro""}"
2025-07-12T12:37:05.506958,automation.auto_banheiro,on,on,"{""id"": ""1747870075916"", ""last_triggered"": ""2025-07-12T15:37:05.500564+00:00"", ""mode"": ""single"", ""current"": 0, ""friendly_name"": ""auto-banheiro""}"
2025-07-12T12:37:10.121662,automation.aut_status_bruno,on,on,"{""id"": ""1751855857509"", ""last_triggered"": ""2025-07-12T15:37:10.109202+00:00"", ""mode"": ""single"", ""current"": 1, ""friendly_name"": ""aut-status-bruno""}"
2025-07-12T12:37:10.123833,automation.aut_status_bruno,on,on,"{""id"": ""1751855857509"", ""last_triggered"": ""2025-07-12T15:37:10.109202+00:00"", ""mode"": ""single"", ""current"": 0, ""friendly_name"": ""aut-status-bruno""}"
2025-07-12T12:37:10.260126,automation.aut_lampada_quarto,on,on,"{""id"": ""1746067262247"", ""last_triggered"": ""2025-07-12T15:37:10.256200+00:00"", ""mode"": ""single"", ""current"": 1, ""friendly_name"": ""aut-quarto""}"
2025-07-12T12:37:10.261641,automation.aut_lampada_quarto,on,on,"{""id"": ""1746067262247"", ""last_triggered"": ""2025-07-12T15:37:10.256200+00:00"", ""mode"": ""single"", ""current"": 0, ""friendly_name"": ""aut-quarto""}"
2025-07-12T12:37:10.505985,automation.auto_banheiro,on,on,"{""id"": ""1747870075916"", ""last_triggered"": ""2025-07-12T15:37:10.501247+00:00"", ""mode"": ""single"", ""current"": 1, ""friendly_name"": ""auto-banheiro""}"
2025-07-12T12:37:10.507665,automation.auto_banheiro,on,on,"{""id"": ""1747870075916"", ""last_triggered"": ""2025-07-12T15:37:10.501247+00:00"", ""mode"": ""single"", ""current"": 0, ""friendly_name"": ""auto-banheiro""}"
2025-07-12T12:37:10.613787,sensor.arris_tg1692a_router_download_speed,0.00512544165100022,0.00461787482491219,"{""state_class"": ""measurement"", ""unit_of_measurement"": ""Mbit/s"", ""device_class"": ""data_rate"", ""friendly_name"": ""ARRIS TG1692A Router Download speed""}"
2025-07-12T12:37:10.615769,sensor.arris_tg1692a_router_upload_speed,0.0042934240676953,0.00377947334373624,"{""state_class"": ""measurement"", ""unit_of_measurement"": ""Mbit/s"", ""device_class"": ""data_rate"", ""friendly_name"": ""ARRIS TG1692A Router Upload speed""}"
2025-07-12T12:37:15.505178,automation.auto_banheiro,on,on,"{""id"": ""1747870075916"", ""last_triggered"": ""2025-07-12T15:37:15.500007+00:00"", ""mode"": ""single"", ""current"": 1, ""friendly_name"": ""auto-banheiro""}"
2025-07-12T12:37:15.506867,automation.auto_banheiro,on,on,"{""id"": ""1747870075916"", ""last_triggered"": ""2025-07-12T15:37:15.500007+00:00"", ""mode"": ""single"", ""current"": 0, ""friendly_name"": ""auto-banheiro""}"
2025-07-12T12:37:18.263371,media_player.lg_webos_tv_oled42c2psa_2,playing,paused,"{""source_list"": [""Amazon Alexa"", ""Amazon Music"", ""Apple TV"", ""Apps"", ""Clarovideo"", ""Compartilhamento de Ambiente para Ambiente"", ""C\u00e2mera"", ""Disney+"", ""Esportes"", ""Globoplay"", ""HDMI 1"", ""HDMI 2"", ""HDMI 3"", ""HDMI 4"", ""Hub Inicial"", ""Kanto"", ""LG Channels"", ""LG Gaming Portal"", ""Live TV"", ""Mercado Play"", ""Navegador Web"", ""Netflix"", ""Prime Video"", ""Reprodutor de M\u00eddia"", ""Sempre Pronto"", ""Twitch"", ""YouTube""], ""volume_level"": 0.12, ""is_volume_muted"": false, ""source"": ""YouTube"", ""sound_output"": ""tv_external_speaker"", ""device_class"": ""tv"", ""entity_picture"": ""/api/media_player_proxy/media_player.lg_webos_tv_oled42c2psa_2?token=7cc859caa677cb6b72c183607fe83e306f214db9fa8ef18976485f6b0cd59f6e&cache=d615266ef42c4b6f"", ""friendly_name"": ""LG webOS TV OLED42C2PSA"", ""supported_features"": 24381}"
2025-07-12T12:37:20.505369,automation.auto_banheiro,on,on,"{""id"": ""1747870075916"", ""last_triggered"": ""2025-07-12T15:37:20.500655+00:00"", ""mode"": ""single"", ""current"": 1, ""friendly_name"": ""auto-banheiro""}"
2025-07-12T12:37:20.506979,automation.auto_banheiro,on,on,"{""id"": ""1747870075916"", ""last_triggered"": ""2025-07-12T15:37:20.500655+00:00"", ""mode"": ""single"", ""current"": 0, ""friendly_name"": ""auto-banheiro""}"
2025-07-12T12:37:23.727422,media_player.lg_webos_tv_oled42c2psa_2,paused,playing,"{""source_list"": [""Amazon Alexa"", ""Amazon Music"", ""Apple TV"", ""Apps"", ""Clarovideo"", ""Compartilhamento de Ambiente para Ambiente"", ""C\u00e2mera"", ""Disney+"", ""Esportes"", ""Globoplay"", ""HDMI 1"", ""HDMI 2"", ""HDMI 3"", ""HDMI 4"", ""Hub Inicial"", ""Kanto"", ""LG Channels"", ""LG Gaming Portal"", ""Live TV"", ""Mercado Play"", ""Navegador Web"", ""Netflix"", ""Prime Video"", ""Reprodutor de M\u00eddia"", ""Sempre Pronto"", ""Twitch"", ""YouTube""], ""volume_level"": 0.12, ""is_volume_muted"": false, ""source"": ""YouTube"", ""sound_output"": ""tv_external_speaker"", ""device_class"": ""tv"", ""entity_picture"": ""/api/media_player_proxy/media_player.lg_webos_tv_oled42c2psa_2?token=7cc859caa677cb6b72c183607fe83e306f214db9fa8ef18976485f6b0cd59f6e&cache=d615266ef42c4b6f"", ""friendly_name"": ""LG webOS TV OLED42C2PSA"", ""supported_features"": 24381}"
2025-07-12T12:37:25.508899,automation.auto_banheiro,on,on,"{""id"": ""1747870075916"", ""last_triggered"": ""2025-07-12T15:37:25.500724+00:00"", ""mode"": ""single"", ""current"": 1, ""friendly_name"": ""auto-banheiro""}"
2025-07-12T12:37:25.510592,automation.auto_banheiro,on,on,"{""id"": ""1747870075916"", ""last_triggered"": ""2025-07-12T15:37:25.500724+00:00"", ""mode"": ""single"", ""current"": 0, ""friendly_name"": ""auto-banheiro""}"
2025-07-12T12:37:30.504984,automation.auto_banheiro,on,on,"{""id"": ""1747870075916"", ""last_triggered"": ""2025-07-12T15:37:30.500067+00:00"", ""mode"": ""single"", ""current"": 1, ""friendly_name"": ""auto-banheiro""}"
2025-07-12T12:37:30.506637,automation.auto_banheiro,on,on,"{""id"": ""1747870075916"", ""last_triggered"": ""2025-07-12T15:37:30.500067+00:00"", ""mode"": ""single"", ""current"": 0, ""friendly_name"": ""auto-banheiro""}"
2025-07-12T12:37:35.517658,automation.auto_banheiro,on,on,"{""id"": ""1747870075916"", ""last_triggered"": ""2025-07-12T15:37:35.501901+00:00"", ""mode"": ""single"", ""current"": 1, ""friendly_name"": ""auto-banheiro""}"
2025-07-12T12:37:35.520861,automation.auto_banheiro,on,on,"{""id"": ""1747870075916"", ""last_triggered"": ""2025-07-12T15:37:35.501901+00:00"", ""mode"": ""single"", ""current"": 0, ""friendly_name"": ""auto-banheiro""}"
2025-07-12T12:37:40.505953,automation.auto_banheiro,on,on,"{""id"": ""1747870075916"", ""last_triggered"": ""2025-07-12T15:37:40.500435+00:00"", ""mode"": ""single"", ""current"": 1, ""friendly_name"": ""auto-banheiro""}"
2025-07-12T12:37:40.507806,automation.auto_banheiro,on,on,"{""id"": ""1747870075916"", ""last_triggered"": ""2025-07-12T15:37:40.500435+00:00"", ""mode"": ""single"", ""current"": 0, ""friendly_name"": ""auto-banheiro""}"
2025-07-12T12:37:40.616170,sensor.arris_tg1692a_router_download_speed,0.00461787482491219,0.00301453181661007,"{""state_class"": ""measurement"", ""unit_of_measurement"": ""Mbit/s"", ""device_class"": ""data_rate"", ""friendly_name"": ""ARRIS TG1692A Router Download speed""}"
2025-07-12T12:37:40.617760,sensor.arris_tg1692a_router_upload_speed,0.00377947334373624,0.00419421237889958,"{""state_class"": ""measurement"", ""unit_of_measurement"": ""Mbit/s"", ""device_class"": ""data_rate"", ""friendly_name"": ""ARRIS TG1692A Router Upload speed""}"
2025-07-12T12:37:45.510762,automation.auto_banheiro,on,on,"{""id"": ""1747870075916"", ""last_triggered"": ""2025-07-12T15:37:45.500262+00:00"", ""mode"": ""single"", ""current"": 1, ""friendly_name"": ""auto-banheiro""}"
2025-07-12T12:37:45.514495,automation.auto_banheiro,on,on,"{""id"": ""1747870075916"", ""last_triggered"": ""2025-07-12T15:37:45.500262+00:00"", ""mode"": ""single"", ""current"": 0, ""friendly_name"": ""auto-banheiro""}"
2025-07-12T12:37:50.514358,automation.auto_banheiro,on,on,"{""id"": ""1747870075916"", ""last_triggered"": ""2025-07-12T15:37:50.501010+00:00"", ""mode"": ""single"", ""current"": 1, ""friendly_name"": ""auto-banheiro""}"
2025-07-12T12:37:50.516598,automation.auto_banheiro,on,on,"{""id"": ""1747870075916"", ""last_triggered"": ""2025-07-12T15:37:50.501010+00:00"", ""mode"": ""single"", ""current"": 0, ""friendly_name"": ""auto-banheiro""}"
2025-07-12T12:37:55.505013,automation.auto_banheiro,on,on,"{""id"": ""1747870075916"", ""last_triggered"": ""2025-07-12T15:37:55.500192+00:00"", ""mode"": ""single"", ""current"": 1, ""friendly_name"": ""auto-banheiro""}"
2025-07-12T12:37:55.506737,automation.auto_banheiro,on,on,"{""id"": ""1747870075916"", ""last_triggered"": ""2025-07-12T15:37:55.500192+00:00"", ""mode"": ""single"", ""current"": 0, ""friendly_name"": ""auto-banheiro""}"
2025-07-12T12:38:00.504991,automation.auto_banheiro,on,on,"{""id"": ""1747870075916"", ""last_triggered"": ""2025-07-12T15:38:00.500220+00:00"", ""mode"": ""single"", ""current"": 1, ""friendly_name"": ""auto-banheiro""}"
2025-07-12T12:38:00.506753,automation.auto_banheiro,on,on,"{""id"": ""1747870075916"", ""last_triggered"": ""2025-07-12T15:38:00.500220+00:00"", ""mode"": ""single"", ""current"": 0, ""friendly_name"": ""auto-banheiro""}"
2025-07-12T12:38:05.506088,automation.auto_banheiro,on,on,"{""id"": ""1747870075916"", ""last_triggered"": ""2025-07-12T15:38:05.500142+00:00"", ""mode"": ""single"", ""current"": 1, ""friendly_name"": ""auto-banheiro""}"
2025-07-12T12:38:05.508048,automation.auto_banheiro,on,on,"{""id"": ""1747870075916"", ""last_triggered"": ""2025-07-12T15:38:05.500142+00:00"", ""mode"": ""single"", ""current"": 0, ""friendly_name"": ""auto-banheiro""}"
2025-07-12T12:38:10.131077,automation.aut_status_bruno,on,on,"{""id"": ""1751855857509"", ""last_triggered"": ""2025-07-12T15:38:10.108611+00:00"", ""mode"": ""single"", ""current"": 1, ""friendly_name"": ""aut-status-bruno""}"
2025-07-12T12:38:10.136950,automation.aut_status_bruno,on,on,"{""id"": ""1751855857509"", ""last_triggered"": ""2025-07-12T15:38:10.108611+00:00"", ""mode"": ""single"", ""current"": 0, ""friendly_name"": ""aut-status-bruno""}"
2025-07-12T12:38:10.264498,automation.aut_lampada_quarto,on,on,"{""id"": ""1746067262247"", ""last_triggered"": ""2025-07-12T15:38:10.255544+00:00"", ""mode"": ""single"", ""current"": 1, ""friendly_name"": ""aut-quarto""}"
2025-07-12T12:38:10.267926,automation.aut_lampada_quarto,on,on,"{""id"": ""1746067262247"", ""last_triggered"": ""2025-07-12T15:38:10.255544+00:00"", ""mode"": ""single"", ""current"": 0, ""friendly_name"": ""aut-quarto""}"
2025-07-12T12:38:10.516409,automation.auto_banheiro,on,on,"{""id"": ""1747870075916"", ""last_triggered"": ""2025-07-12T15:38:10.500869+00:00"", ""mode"": ""single"", ""current"": 1, ""friendly_name"": ""auto-banheiro""}"
2025-07-12T12:38:10.521875,automation.auto_banheiro,on,on,"{""id"": ""1747870075916"", ""last_triggered"": ""2025-07-12T15:38:10.500869+00:00"", ""mode"": ""single"", ""current"": 0, ""friendly_name"": ""auto-banheiro""}"
2025-07-12T12:38:10.631237,sensor.arris_tg1692a_router_download_speed,0.00301453181661007,0.00207631940517956,"{""state_class"": ""measurement"", ""unit_of_measurement"": ""Mbit/s"", ""device_class"": ""data_rate"", ""friendly_name"": ""ARRIS TG1692A Router Download speed""}"
2025-07-12T12:38:10.634243,sensor.arris_tg1692a_router_upload_speed,0.00419421237889958,0.00179204551795616,"{""state_class"": ""measurement"", ""unit_of_measurement"": ""Mbit/s"", ""device_class"": ""data_rate"", ""friendly_name"": ""ARRIS TG1692A Router Upload speed""}"
2025-07-12T12:38:15.505301,automation.auto_banheiro,on,on,"{""id"": ""1747870075916"", ""last_triggered"": ""2025-07-12T15:38:15.500524+00:00"", ""mode"": ""single"", ""current"": 1, ""friendly_name"": ""auto-banheiro""}"
2025-07-12T12:38:15.506961,automation.auto_banheiro,on,on,"{""id"": ""1747870075916"", ""last_triggered"": ""2025-07-12T15:38:15.500524+00:00"", ""mode"": ""single"", ""current"": 0, ""friendly_name"": ""auto-banheiro""}"
2025-07-12T12:38:20.514345,automation.auto_banheiro,on,on,"{""id"": ""1747870075916"", ""last_triggered"": ""2025-07-12T15:38:20.501359+00:00"", ""mode"": ""single"", ""current"": 1, ""friendly_name"": ""auto-banheiro""}"
2025-07-12T12:38:20.517797,automation.auto_banheiro,on,on,"{""id"": ""1747870075916"", ""last_triggered"": ""2025-07-12T15:38:20.501359+00:00"", ""mode"": ""single"", ""current"": 0, ""friendly_name"": ""auto-banheiro""}"
2025-07-12T12:38:25.508501,automation.auto_banheiro,on,on,"{""id"": ""1747870075916"", ""last_triggered"": ""2025-07-12T15:38:25.500380+00:00"", ""mode"": ""single"", ""current"": 1, ""friendly_name"": ""auto-banheiro""}"
2025-07-12T12:38:25.510184,automation.auto_banheiro,on,on,"{""id"": ""1747870075916"", ""last_triggered"": ""2025-07-12T15:38:25.500380+00:00"", ""mode"": ""single"", ""current"": 0, ""friendly_name"": ""auto-banheiro""}"
2025-07-12T12:38:30.514948,automation.auto_banheiro,on,on,"{""id"": ""1747870075916"", ""last_triggered"": ""2025-07-12T15:38:30.500726+00:00"", ""mode"": ""single"", ""current"": 1, ""friendly_name"": ""auto-banheiro""}"
2025-07-12T12:38:30.518526,automation.auto_banheiro,on,on,"{""id"": ""1747870075916"", ""last_triggered"": ""2025-07-12T15:38:30.500726+00:00"", ""mode"": ""single"", ""current"": 0, ""friendly_name"": ""auto-banheiro""}"
2025-07-12T12:38:35.506747,automation.auto_banheiro,on,on,"{""id"": ""1747870075916"", ""last_triggered"": ""2025-07-12T15:38:35.500036+00:00"", ""mode"": ""single"", ""current"": 1, ""friendly_name"": ""auto-banheiro""}"
2025-07-12T12:38:35.508678,automation.auto_banheiro,on,on,"{""id"": ""1747870075916"", ""last_triggered"": ""2025-07-12T15:38:35.500036+00:00"", ""mode"": ""single"", ""current"": 0, ""friendly_name"": ""auto-banheiro""}"
2025-07-12T12:38:40.505125,automation.auto_banheiro,on,on,"{""id"": ""1747870075916"", ""last_triggered"": ""2025-07-12T15:38:40.500318+00:00"", ""mode"": ""single"", ""current"": 1, ""friendly_name"": ""auto-banheiro""}"
2025-07-12T12:38:40.506783,automation.auto_banheiro,on,on,"{""id"": ""1747870075916"", ""last_triggered"": ""2025-07-12T15:38:40.500318+00:00"", ""mode"": ""single"", ""current"": 0, ""friendly_name"": ""auto-banheiro""}"
2025-07-12T12:38:40.614139,sensor.arris_tg1692a_router_download_speed,0.00207631940517956,0.131769260592593,"{""state_class"": ""measurement"", ""unit_of_measurement"": ""Mbit/s"", ""device_class"": ""data_rate"", ""friendly_name"": ""ARRIS TG1692A Router Download speed""}"
2025-07-12T12:38:40.618055,sensor.arris_tg1692a_router_upload_speed,0.00179204551795616,0.103589791009001,"{""state_class"": ""measurement"", ""unit_of_measurement"": ""Mbit/s"", ""device_class"": ""data_rate"", ""friendly_name"": ""ARRIS TG1692A Router Upload speed""}"
2025-07-12T12:38:45.510198,automation.auto_banheiro,on,on,"{""id"": ""1747870075916"", ""last_triggered"": ""2025-07-12T15:38:45.500961+00:00"", ""mode"": ""single"", ""current"": 1, ""friendly_name"": ""auto-banheiro""}"
2025-07-12T12:38:45.513341,automation.auto_banheiro,on,on,"{""id"": ""1747870075916"", ""last_triggered"": ""2025-07-12T15:38:45.500961+00:00"", ""mode"": ""single"", ""current"": 0, ""friendly_name"": ""auto-banheiro""}"
2025-07-12T12:38:50.511261,automation.auto_banheiro,on,on,"{""id"": ""1747870075916"", ""last_triggered"": ""2025-07-12T15:38:50.500655+00:00"", ""mode"": ""single"", ""current"": 1, ""friendly_name"": ""auto-banheiro""}"
2025-07-12T12:38:50.512851,automation.auto_banheiro,on,on,"{""id"": ""1747870075916"", ""last_triggered"": ""2025-07-12T15:38:50.500655+00:00"", ""mode"": ""single"", ""current"": 0, ""friendly_name"": ""auto-banheiro""}"
2025-07-12T12:38:55.507005,automation.auto_banheiro,on,on,"{""id"": ""1747870075916"", ""last_triggered"": ""2025-07-12T15:38:55.501433+00:00"", ""mode"": ""single"", ""current"": 1, ""friendly_name"": ""auto-banheiro""}"
2025-07-12T12:38:55.508642,automation.auto_banheiro,on,on,"{""id"": ""1747870075916"", ""last_triggered"": ""2025-07-12T15:38:55.501433+00:00"", ""mode"": ""single"", ""current"": 0, ""friendly_name"": ""auto-banheiro""}"
2025-07-12T12:39:00.506945,automation.auto_banheiro,on,on,"{""id"": ""1747870075916"", ""last_triggered"": ""2025-07-12T15:39:00.501682+00:00"", ""mode"": ""single"", ""current"": 1, ""friendly_name"": ""auto-banheiro""}"
2025-07-12T12:39:00.509455,automation.auto_banheiro,on,on,"{""id"": ""1747870075916"", ""last_triggered"": ""2025-07-12T15:39:00.501682+00:00"", ""mode"": ""single"", ""current"": 0, ""friendly_name"": ""auto-banheiro""}"
2025-07-12T12:39:05.513697,automation.auto_banheiro,on,on,"{""id"": ""1747870075916"", ""last_triggered"": ""2025-07-12T15:39:05.501108+00:00"", ""mode"": ""single"", ""current"": 1, ""friendly_name"": ""auto-banheiro""}"
2025-07-12T12:39:05.518034,automation.auto_banheiro,on,on,"{""id"": ""1747870075916"", ""last_triggered"": ""2025-07-12T15:39:05.501108+00:00"", ""mode"": ""single"", ""current"": 0, ""friendly_name"": ""auto-banheiro""}"
2025-07-12T12:39:10.119755,automation.aut_status_bruno,on,on,"{""id"": ""1751855857509"", ""last_triggered"": ""2025-07-12T15:39:10.107990+00:00"", ""mode"": ""single"", ""current"": 1, ""friendly_name"": ""aut-status-bruno""}"
2025-07-12T12:39:10.123842,automation.aut_status_bruno,on,on,"{""id"": ""1751855857509"", ""last_triggered"": ""2025-07-12T15:39:10.107990+00:00"", ""mode"": ""single"", ""current"": 0, ""friendly_name"": ""aut-status-bruno""}"
2025-07-12T12:39:10.258904,automation.aut_lampada_quarto,on,on,"{""id"": ""1746067262247"", ""last_triggered"": ""2025-07-12T15:39:10.254895+00:00"", ""mode"": ""single"", ""current"": 1, ""friendly_name"": ""aut-quarto""}"
2025-07-12T12:39:10.260707,automation.aut_lampada_quarto,on,on,"{""id"": ""1746067262247"", ""last_triggered"": ""2025-07-12T15:39:10.254895+00:00"", ""mode"": ""single"", ""current"": 0, ""friendly_name"": ""aut-quarto""}"
2025-07-12T12:39:10.505526,automation.auto_banheiro,on,on,"{""id"": ""1747870075916"", ""last_triggered"": ""2025-07-12T15:39:10.500726+00:00"", ""mode"": ""single"", ""current"": 1, ""friendly_name"": ""auto-banheiro""}"
2025-07-12T12:39:10.507181,automation.auto_banheiro,on,on,"{""id"": ""1747870075916"", ""last_triggered"": ""2025-07-12T15:39:10.500726+00:00"", ""mode"": ""single"", ""current"": 0, ""friendly_name"": ""auto-banheiro""}"
2025-07-12T12:39:10.613786,sensor.arris_tg1692a_router_download_speed,0.131769260592593,0.0166228263931502,"{""state_class"": ""measurement"", ""unit_of_measurement"": ""Mbit/s"", ""device_class"": ""data_rate"", ""friendly_name"": ""ARRIS TG1692A Router Download speed""}"
2025-07-12T12:39:10.615431,sensor.arris_tg1692a_router_upload_speed,0.103589791009001,0.0195220077417502,"{""state_class"": ""measurement"", ""unit_of_measurement"": ""Mbit/s"", ""device_class"": ""data_rate"", ""friendly_name"": ""ARRIS TG1692A Router Upload speed""}"
2025-07-12T12:39:15.504629,automation.auto_banheiro,on,on,"{""id"": ""1747870075916"", ""last_triggered"": ""2025-07-12T15:39:15.499888+00:00"", ""mode"": ""single"", ""current"": 1, ""friendly_name"": ""auto-banheiro""}"
2025-07-12T12:39:15.506402,automation.auto_banheiro,on,on,"{""id"": ""1747870075916"", ""last_triggered"": ""2025-07-12T15:39:15.499888+00:00"", ""mode"": ""single"", ""current"": 0, ""friendly_name"": ""auto-banheiro""}"
2025-07-12T12:39:20.506350,automation.auto_banheiro,on,on,"{""id"": ""1747870075916"", ""last_triggered"": ""2025-07-12T15:39:20.500403+00:00"", ""mode"": ""single"", ""current"": 1, ""friendly_name"": ""auto-banheiro""}"
2025-07-12T12:39:20.508594,automation.auto_banheiro,on,on,"{""id"": ""1747870075916"", ""last_triggered"": ""2025-07-12T15:39:20.500403+00:00"", ""mode"": ""single"", ""current"": 0, ""friendly_name"": ""auto-banheiro""}"
2025-07-12T12:39:25.172245,camera.192_168_0_33,idle,idle,"{""access_token"": ""9f43bd7982ec47c587ccd9af56808130cf50d983b38d4f2d163ccfb9bd652c0b"", ""entity_picture"": ""/api/camera_proxy/camera.192_168_0_33?token=9f43bd7982ec47c587ccd9af56808130cf50d983b38d4f2d163ccfb9bd652c0b"", ""friendly_name"": ""192_168_0_14"", ""supported_features"": 2}"
2025-07-12T12:39:25.175822,camera.admin_mainstream,idle,idle,"{""access_token"": ""bef9b18bcce3bf378dd39fb417763dedd89bf26a7cafa5f830bc3783da974fda"", ""entity_picture"": ""/api/camera_proxy/camera.admin_mainstream?token=bef9b18bcce3bf378dd39fb417763dedd89bf26a7cafa5f830bc3783da974fda"", ""friendly_name"": ""admin MainStream"", ""supported_features"": 2}"
2025-07-12T12:39:25.179911,camera.admin_substream,idle,idle,"{""access_token"": ""d7e576de283a706938b7bdc112af1188fcab2b85c49a49c886b28fdf0da63f82"", ""entity_picture"": ""/api/camera_proxy/camera.admin_substream?token=d7e576de283a706938b7bdc112af1188fcab2b85c49a49c886b28fdf0da63f82"", ""friendly_name"": ""admin SubStream"", ""supported_features"": 2}"
2025-07-12T12:39:25.519077,automation.auto_banheiro,on,on,"{""id"": ""1747870075916"", ""last_triggered"": ""2025-07-12T15:39:25.501386+00:00"", ""mode"": ""single"", ""current"": 1, ""friendly_name"": ""auto-banheiro""}"
2025-07-12T12:39:25.522497,automation.auto_banheiro,on,on,"{""id"": ""1747870075916"", ""last_triggered"": ""2025-07-12T15:39:25.501386+00:00"", ""mode"": ""single"", ""current"": 0, ""friendly_name"": ""auto-banheiro""}"
2025-07-12T12:39:30.506972,automation.auto_banheiro,on,on,"{""id"": ""1747870075916"", ""last_triggered"": ""2025-07-12T15:39:30.500069+00:00"", ""mode"": ""single"", ""current"": 1, ""friendly_name"": ""auto-banheiro""}"
2025-07-12T12:39:30.508549,automation.auto_banheiro,on,on,"{""id"": ""1747870075916"", ""last_triggered"": ""2025-07-12T15:39:30.500069+00:00"", ""mode"": ""single"", ""current"": 0, ""friendly_name"": ""auto-banheiro""}"
2025-07-12T12:39:35.507065,automation.auto_banheiro,on,on,"{""id"": ""1747870075916"", ""last_triggered"": ""2025-07-12T15:39:35.500583+00:00"", ""mode"": ""single"", ""current"": 1, ""friendly_name"": ""auto-banheiro""}"
2025-07-12T12:39:35.508762,automation.auto_banheiro,on,on,"{""id"": ""1747870075916"", ""last_triggered"": ""2025-07-12T15:39:35.500583+00:00"", ""mode"": ""single"", ""current"": 0, ""friendly_name"": ""auto-banheiro""}"
2025-07-12T12:39:40.505504,automation.auto_banheiro,on,on,"{""id"": ""1747870075916"", ""last_triggered"": ""2025-07-12T15:39:40.500658+00:00"", ""mode"": ""single"", ""current"": 1, ""friendly_name"": ""auto-banheiro""}"
2025-07-12T12:39:40.507169,automation.auto_banheiro,on,on,"{""id"": ""1747870075916"", ""last_triggered"": ""2025-07-12T15:39:40.500658+00:00"", ""mode"": ""single"", ""current"": 0, ""friendly_name"": ""auto-banheiro""}"
2025-07-12T12:39:40.613625,sensor.arris_tg1692a_router_download_speed,0.0166228263931502,0.00513375868660896,"{""state_class"": ""measurement"", ""unit_of_measurement"": ""Mbit/s"", ""device_class"": ""data_rate"", ""friendly_name"": ""ARRIS TG1692A Router Download speed""}"
2025-07-12T12:39:40.615267,sensor.arris_tg1692a_router_upload_speed,0.0195220077417502,0.00312820087017503,"{""state_class"": ""measurement"", ""unit_of_measurement"": ""Mbit/s"", ""device_class"": ""data_rate"", ""friendly_name"": ""ARRIS TG1692A Router Upload speed""}"
2025-07-12T12:39:42.019098,sun.sun,above_horizon,above_horizon,"{""next_dawn"": ""2025-07-13T08:34:17.857562+00:00"", ""next_dusk"": ""2025-07-12T20:45:20.313231+00:00"", ""next_midnight"": ""2025-07-13T02:39:54+00:00"", ""next_noon"": ""2025-07-13T14:39:50+00:00"", ""next_rising"": ""2025-07-13T08:57:32.537391+00:00"", ""next_setting"": ""2025-07-12T20:22:04.562792+00:00"", ""elevation"": 52.17, ""azimuth"": 336.99, ""rising"": false, ""friendly_name"": ""Sun""}"
2025-07-12T12:39:45.552310,automation.auto_banheiro,on,on,"{""id"": ""1747870075916"", ""last_triggered"": ""2025-07-12T15:39:45.500500+00:00"", ""mode"": ""single"", ""current"": 1, ""friendly_name"": ""auto-banheiro""}"
2025-07-12T12:39:45.554175,automation.auto_banheiro,on,on,"{""id"": ""1747870075916"", ""last_triggered"": ""2025-07-12T15:39:45.500500+00:00"", ""mode"": ""single"", ""current"": 0, ""friendly_name"": ""auto-banheiro""}"
2025-07-12T12:39:50.505042,automation.auto_banheiro,on,on,"{""id"": ""1747870075916"", ""last_triggered"": ""2025-07-12T15:39:50.499998+00:00"", ""mode"": ""single"", ""current"": 1, ""friendly_name"": ""auto-banheiro""}"
2025-07-12T12:39:50.507359,automation.auto_banheiro,on,on,"{""id"": ""1747870075916"", ""last_triggered"": ""2025-07-12T15:39:50.499998+00:00"", ""mode"": ""single"", ""current"": 0, ""friendly_name"": ""auto-banheiro""}"
2025-07-12T12:39:55.507153,automation.auto_banheiro,on,on,"{""id"": ""1747870075916"", ""last_triggered"": ""2025-07-12T15:39:55.500097+00:00"", ""mode"": ""single"", ""current"": 1, ""friendly_name"": ""auto-banheiro""}"
2025-07-12T12:39:55.508871,automation.auto_banheiro,on,on,"{""id"": ""1747870075916"", ""last_triggered"": ""2025-07-12T15:39:55.500097+00:00"", ""mode"": ""single"", ""current"": 0, ""friendly_name"": ""auto-banheiro""}"
2025-07-12T12:40:00.506712,automation.auto_banheiro,on,on,"{""id"": ""1747870075916"", ""last_triggered"": ""2025-07-12T15:40:00.500464+00:00"", ""mode"": ""single"", ""current"": 1, ""friendly_name"": ""auto-banheiro""}"
2025-07-12T12:40:00.508514,automation.auto_banheiro,on,on,"{""id"": ""1747870075916"", ""last_triggered"": ""2025-07-12T15:40:00.500464+00:00"", ""mode"": ""single"", ""current"": 0, ""friendly_name"": ""auto-banheiro""}"
2025-07-12T12:40:05.521715,automation.auto_banheiro,on,on,"{""id"": ""1747870075916"", ""last_triggered"": ""2025-07-12T15:40:05.501206+00:00"", ""mode"": ""single"", ""current"": 1, ""friendly_name"": ""auto-banheiro""}"
2025-07-12T12:40:05.526220,automation.auto_banheiro,on,on,"{""id"": ""1747870075916"", ""last_triggered"": ""2025-07-12T15:40:05.501206+00:00"", ""mode"": ""single"", ""current"": 0, ""friendly_name"": ""auto-banheiro""}"
2025-07-12T12:40:10.114347,automation.aut_status_bruno,on,on,"{""id"": ""1751855857509"", ""last_triggered"": ""2025-07-12T15:40:10.107845+00:00"", ""mode"": ""single"", ""current"": 1, ""friendly_name"": ""aut-status-bruno""}"
2025-07-12T12:40:10.116609,automation.aut_status_bruno,on,on,"{""id"": ""1751855857509"", ""last_triggered"": ""2025-07-12T15:40:10.107845+00:00"", ""mode"": ""single"", ""current"": 0, ""friendly_name"": ""aut-status-bruno""}"
2025-07-12T12:40:10.258765,automation.aut_lampada_quarto,on,on,"{""id"": ""1746067262247"", ""last_triggered"": ""2025-07-12T15:40:10.254709+00:00"", ""mode"": ""single"", ""current"": 1, ""friendly_name"": ""aut-quarto""}"
2025-07-12T12:40:10.260442,automation.aut_lampada_quarto,on,on,"{""id"": ""1746067262247"", ""last_triggered"": ""2025-07-12T15:40:10.254709+00:00"", ""mode"": ""single"", ""current"": 0, ""friendly_name"": ""aut-quarto""}"
2025-07-12T12:40:10.504949,automation.auto_banheiro,on,on,"{""id"": ""1747870075916"", ""last_triggered"": ""2025-07-12T15:40:10.500221+00:00"", ""mode"": ""single"", ""current"": 1, ""friendly_name"": ""auto-banheiro""}"
2025-07-12T12:40:10.506636,automation.auto_banheiro,on,on,"{""id"": ""1747870075916"", ""last_triggered"": ""2025-07-12T15:40:10.500221+00:00"", ""mode"": ""single"", ""current"": 0, ""friendly_name"": ""auto-banheiro""}"
2025-07-12T12:40:10.627990,sensor.arris_tg1692a_router_download_speed,0.00513375868660896,0.00456351275814552,"{""state_class"": ""measurement"", ""unit_of_measurement"": ""Mbit/s"", ""device_class"": ""data_rate"", ""friendly_name"": ""ARRIS TG1692A Router Download speed""}"
2025-07-12T12:40:10.629574,sensor.arris_tg1692a_router_upload_speed,0.00312820087017503,0.00225735613263027,"{""state_class"": ""measurement"", ""unit_of_measurement"": ""Mbit/s"", ""device_class"": ""data_rate"", ""friendly_name"": ""ARRIS TG1692A Router Upload speed""}"
2025-07-12T12:40:15.505553,automation.auto_banheiro,on,on,"{""id"": ""1747870075916"", ""last_triggered"": ""2025-07-12T15:40:15.500818+00:00"", ""mode"": ""single"", ""current"": 1, ""friendly_name"": ""auto-banheiro""}"
2025-07-12T12:40:15.507202,automation.auto_banheiro,on,on,"{""id"": ""1747870075916"", ""last_triggered"": ""2025-07-12T15:40:15.500818+00:00"", ""mode"": ""single"", ""current"": 0, ""friendly_name"": ""auto-banheiro""}"
2025-07-12T12:40:20.504759,automation.auto_banheiro,on,on,"{""id"": ""1747870075916"", ""last_triggered"": ""2025-07-12T15:40:20.500029+00:00"", ""mode"": ""single"", ""current"": 1, ""friendly_name"": ""auto-banheiro""}"
2025-07-12T12:40:20.506476,automation.auto_banheiro,on,on,"{""id"": ""1747870075916"", ""last_triggered"": ""2025-07-12T15:40:20.500029+00:00"", ""mode"": ""single"", ""current"": 0, ""friendly_name"": ""auto-banheiro""}"
2025-07-12T12:40:25.508675,automation.auto_banheiro,on,on,"{""id"": ""1747870075916"", ""last_triggered"": ""2025-07-12T15:40:25.501706+00:00"", ""mode"": ""single"", ""current"": 1, ""friendly_name"": ""auto-banheiro""}"
2025-07-12T12:40:25.510223,automation.auto_banheiro,on,on,"{""id"": ""1747870075916"", ""last_triggered"": ""2025-07-12T15:40:25.501706+00:00"", ""mode"": ""single"", ""current"": 0, ""friendly_name"": ""auto-banheiro""}"
2025-07-12T12:40:30.509546,automation.auto_banheiro,on,on,"{""id"": ""1747870075916"", ""last_triggered"": ""2025-07-12T15:40:30.501146+00:00"", ""mode"": ""single"", ""current"": 1, ""friendly_name"": ""auto-banheiro""}"
2025-07-12T12:40:30.512361,automation.auto_banheiro,on,on,"{""id"": ""1747870075916"", ""last_triggered"": ""2025-07-12T15:40:30.501146+00:00"", ""mode"": ""single"", ""current"": 0, ""friendly_name"": ""auto-banheiro""}"
2025-07-12T12:40:35.507246,automation.auto_banheiro,on,on,"{""id"": ""1747870075916"", ""last_triggered"": ""2025-07-12T15:40:35.500597+00:00"", ""mode"": ""single"", ""current"": 1, ""friendly_name"": ""auto-banheiro""}"
2025-07-12T12:40:35.508891,automation.auto_banheiro,on,on,"{""id"": ""1747870075916"", ""last_triggered"": ""2025-07-12T15:40:35.500597+00:00"", ""mode"": ""single"", ""current"": 0, ""friendly_name"": ""auto-banheiro""}"
2025-07-12T12:40:40.504925,automation.auto_banheiro,on,on,"{""id"": ""1747870075916"", ""last_triggered"": ""2025-07-12T15:40:40.500109+00:00"", ""mode"": ""single"", ""current"": 1, ""friendly_name"": ""auto-banheiro""}"
2025-07-12T12:40:40.506638,automation.auto_banheiro,on,on,"{""id"": ""1747870075916"", ""last_triggered"": ""2025-07-12T15:40:40.500109+00:00"", ""mode"": ""single"", ""current"": 0, ""friendly_name"": ""auto-banheiro""}"
2025-07-12T12:40:40.618021,sensor.arris_tg1692a_router_download_speed,0.00456351275814552,0.00281793636362606,"{""state_class"": ""measurement"", ""unit_of_measurement"": ""Mbit/s"", ""device_class"": ""data_rate"", ""friendly_name"": ""ARRIS TG1692A Router Download speed""}"
2025-07-12T12:40:40.619920,sensor.arris_tg1692a_router_upload_speed,0.00225735613263027,0.00261286462485172,"{""state_class"": ""measurement"", ""unit_of_measurement"": ""Mbit/s"", ""device_class"": ""data_rate"", ""friendly_name"": ""ARRIS TG1692A Router Upload speed""}"
2025-07-12T12:40:45.508710,automation.auto_banheiro,on,on,"{""id"": ""1747870075916"", ""last_triggered"": ""2025-07-12T15:40:45.500348+00:00"", ""mode"": ""single"", ""current"": 1, ""friendly_name"": ""auto-banheiro""}"
2025-07-12T12:40:45.510331,automation.auto_banheiro,on,on,"{""id"": ""1747870075916"", ""last_triggered"": ""2025-07-12T15:40:45.500348+00:00"", ""mode"": ""single"", ""current"": 0, ""friendly_name"": ""auto-banheiro""}"
2025-07-12T12:40:50.507181,automation.auto_banheiro,on,on,"{""id"": ""1747870075916"", ""last_triggered"": ""2025-07-12T15:40:50.501612+00:00"", ""mode"": ""single"", ""current"": 1, ""friendly_name"": ""auto-banheiro""}"
2025-07-12T12:40:50.515772,automation.auto_banheiro,on,on,"{""id"": ""1747870075916"", ""last_triggered"": ""2025-07-12T15:40:50.501612+00:00"", ""mode"": ""single"", ""current"": 0, ""friendly_name"": ""auto-banheiro""}"
2025-07-12T12:40:55.510369,automation.auto_banheiro,on,on,"{""id"": ""1747870075916"", ""last_triggered"": ""2025-07-12T15:40:55.501063+00:00"", ""mode"": ""single"", ""current"": 1, ""friendly_name"": ""auto-banheiro""}"
2025-07-12T12:40:55.513560,automation.auto_banheiro,on,on,"{""id"": ""1747870075916"", ""last_triggered"": ""2025-07-12T15:40:55.501063+00:00"", ""mode"": ""single"", ""current"": 0, ""friendly_name"": ""auto-banheiro""}"
2025-07-12T12:41:00.506338,automation.auto_banheiro,on,on,"{""id"": ""1747870075916"", ""last_triggered"": ""2025-07-12T15:41:00.499929+00:00"", ""mode"": ""single"", ""current"": 1, ""friendly_name"": ""auto-banheiro""}"
2025-07-12T12:41:00.507957,automation.auto_banheiro,on,on,"{""id"": ""1747870075916"", ""last_triggered"": ""2025-07-12T15:41:00.499929+00:00"", ""mode"": ""single"", ""current"": 0, ""friendly_name"": ""auto-banheiro""}"
2025-07-12T12:41:05.507160,automation.auto_banheiro,on,on,"{""id"": ""1747870075916"", ""last_triggered"": ""2025-07-12T15:41:05.500658+00:00"", ""mode"": ""single"", ""current"": 1, ""friendly_name"": ""auto-banheiro""}"
2025-07-12T12:41:05.523258,automation.auto_banheiro,on,on,"{""id"": ""1747870075916"", ""last_triggered"": ""2025-07-12T15:41:05.500658+00:00"", ""mode"": ""single"", ""current"": 0, ""friendly_name"": ""auto-banheiro""}"
2025-07-12T12:41:08.443739,sensor.tauntaum_energy,211.506,211.516,"{""state_class"": ""total_increasing"", ""unit_of_measurement"": ""kWh"", ""device_class"": ""energy"", ""friendly_name"": ""Tauntaum Energy""}"
2025-07-12T12:41:08.446278,sensor.tauntaum_power,35,35,"{""state_class"": ""measurement"", ""power_consumption_start"": ""2025-07-12T15:24:23Z"", ""power_consumption_end"": ""2025-07-12T15:41:08Z"", ""unit_of_measurement"": ""W"", ""device_class"": ""power"", ""friendly_name"": ""Tauntaum Power""}"
2025-07-12T12:41:08.448462,sensor.tauntaum_energy_difference,0.009,0.01,"{""state_class"": ""total"", ""unit_of_measurement"": ""kWh"", ""device_class"": ""energy"", ""friendly_name"": ""Tauntaum Energy difference""}"
2025-07-12T12:41:08.450575,sensor.tauntaum_power_energy,0.00886126888977157,0.00977344861163033,"{""state_class"": ""total"", ""unit_of_measurement"": ""kWh"", ""device_class"": ""energy"", ""friendly_name"": ""Tauntaum Power energy""}"
2025-07-12T12:41:10.116497,automation.aut_status_bruno,on,on,"{""id"": ""1751855857509"", ""last_triggered"": ""2025-07-12T15:41:10.107963+00:00"", ""mode"": ""single"", ""current"": 1, ""friendly_name"": ""aut-status-bruno""}"
2025-07-12T12:41:10.119073,automation.aut_status_bruno,on,on,"{""id"": ""1751855857509"", ""last_triggered"": ""2025-07-12T15:41:10.107963+00:00"", ""mode"": ""single"", ""current"": 0, ""friendly_name"": ""aut-status-bruno""}"
2025-07-12T12:41:10.259056,automation.aut_lampada_quarto,on,on,"{""id"": ""1746067262247"", ""last_triggered"": ""2025-07-12T15:41:10.254872+00:00"", ""mode"": ""single"", ""current"": 1, ""friendly_name"": ""aut-quarto""}"
2025-07-12T12:41:10.260638,automation.aut_lampada_quarto,on,on,"{""id"": ""1746067262247"", ""last_triggered"": ""2025-07-12T15:41:10.254872+00:00"", ""mode"": ""single"", ""current"": 0, ""friendly_name"": ""aut-quarto""}"
2025-07-12T12:41:10.505098,automation.auto_banheiro,on,on,"{""id"": ""1747870075916"", ""last_triggered"": ""2025-07-12T15:41:10.500386+00:00"", ""mode"": ""single"", ""current"": 1, ""friendly_name"": ""auto-banheiro""}"
2025-07-12T12:41:10.506617,automation.auto_banheiro,on,on,"{""id"": ""1747870075916"", ""last_triggered"": ""2025-07-12T15:41:10.500386+00:00"", ""mode"": ""single"", ""current"": 0, ""friendly_name"": ""auto-banheiro""}"
2025-07-12T12:41:10.622269,sensor.arris_tg1692a_router_download_speed,0.00281793636362606,0.00294340328538259,"{""state_class"": ""measurement"", ""unit_of_measurement"": ""Mbit/s"", ""device_class"": ""data_rate"", ""friendly_name"": ""ARRIS TG1692A Router Download speed""}"
2025-07-12T12:41:10.631372,sensor.arris_tg1692a_router_upload_speed,0.00261286462485172,0.00192849180647643,"{""state_class"": ""measurement"", ""unit_of_measurement"": ""Mbit/s"", ""device_class"": ""data_rate"", ""friendly_name"": ""ARRIS TG1692A Router Upload speed""}"
2025-07-12T12:41:15.511720,automation.auto_banheiro,on,on,"{""id"": ""1747870075916"", ""last_triggered"": ""2025-07-12T15:41:15.502041+00:00"", ""mode"": ""single"", ""current"": 1, ""friendly_name"": ""auto-banheiro""}"
2025-07-12T12:41:15.514152,automation.auto_banheiro,on,on,"{""id"": ""1747870075916"", ""last_triggered"": ""2025-07-12T15:41:15.502041+00:00"", ""mode"": ""single"", ""current"": 0, ""friendly_name"": ""auto-banheiro""}"
2025-07-12T12:41:20.505010,automation.auto_banheiro,on,on,"{""id"": ""1747870075916"", ""last_triggered"": ""2025-07-12T15:41:20.500220+00:00"", ""mode"": ""single"", ""current"": 1, ""friendly_name"": ""auto-banheiro""}"
2025-07-12T12:41:20.506642,automation.auto_banheiro,on,on,"{""id"": ""1747870075916"", ""last_triggered"": ""2025-07-12T15:41:20.500220+00:00"", ""mode"": ""single"", ""current"": 0, ""friendly_name"": ""auto-banheiro""}"
2025-07-12T12:41:25.514470,automation.auto_banheiro,on,on,"{""id"": ""1747870075916"", ""last_triggered"": ""2025-07-12T15:41:25.500977+00:00"", ""mode"": ""single"", ""current"": 1, ""friendly_name"": ""auto-banheiro""}"
2025-07-12T12:41:25.517415,automation.auto_banheiro,on,on,"{""id"": ""1747870075916"", ""last_triggered"": ""2025-07-12T15:41:25.500977+00:00"", ""mode"": ""single"", ""current"": 0, ""friendly_name"": ""auto-banheiro""}"
2025-07-12T12:41:30.505722,automation.auto_banheiro,on,on,"{""id"": ""1747870075916"", ""last_triggered"": ""2025-07-12T15:41:30.500678+00:00"", ""mode"": ""single"", ""current"": 1, ""friendly_name"": ""auto-banheiro""}"
2025-07-12T12:41:30.507468,automation.auto_banheiro,on,on,"{""id"": ""1747870075916"", ""last_triggered"": ""2025-07-12T15:41:30.500678+00:00"", ""mode"": ""single"", ""current"": 0, ""friendly_name"": ""auto-banheiro""}"
2025-07-12T12:41:35.505589,automation.auto_banheiro,on,on,"{""id"": ""1747870075916"", ""last_triggered"": ""2025-07-12T15:41:35.500818+00:00"", ""mode"": ""single"", ""current"": 1, ""friendly_name"": ""auto-banheiro""}"
2025-07-12T12:41:35.507756,automation.auto_banheiro,on,on,"{""id"": ""1747870075916"", ""last_triggered"": ""2025-07-12T15:41:35.500818+00:00"", ""mode"": ""single"", ""current"": 0, ""friendly_name"": ""auto-banheiro""}"
2025-07-12T12:41:40.505388,automation.auto_banheiro,on,on,"{""id"": ""1747870075916"", ""last_triggered"": ""2025-07-12T15:41:40.500491+00:00"", ""mode"": ""single"", ""current"": 1, ""friendly_name"": ""auto-banheiro""}"
2025-07-12T12:41:40.507133,automation.auto_banheiro,on,on,"{""id"": ""1747870075916"", ""last_triggered"": ""2025-07-12T15:41:40.500491+00:00"", ""mode"": ""single"", ""current"": 0, ""friendly_name"": ""auto-banheiro""}"
2025-07-12T12:41:40.614913,sensor.arris_tg1692a_router_download_speed,0.00294340328538259,0.00620194977279362,"{""state_class"": ""measurement"", ""unit_of_measurement"": ""Mbit/s"", ""device_class"": ""data_rate"", ""friendly_name"": ""ARRIS TG1692A Router Download speed""}"
2025-07-12T12:41:40.616607,sensor.arris_tg1692a_router_upload_speed,0.00192849180647643,0.00558940823140363,"{""state_class"": ""measurement"", ""unit_of_measurement"": ""Mbit/s"", ""device_class"": ""data_rate"", ""friendly_name"": ""ARRIS TG1692A Router Upload speed""}"
2025-07-12T12:41:45.506519,automation.auto_banheiro,on,on,"{""id"": ""1747870075916"", ""last_triggered"": ""2025-07-12T15:41:45.499935+00:00"", ""mode"": ""single"", ""current"": 1, ""friendly_name"": ""auto-banheiro""}"
2025-07-12T12:41:45.509370,automation.auto_banheiro,on,on,"{""id"": ""1747870075916"", ""last_triggered"": ""2025-07-12T15:41:45.499935+00:00"", ""mode"": ""single"", ""current"": 0, ""friendly_name"": ""auto-banheiro""}"
2025-07-12T12:41:50.505416,automation.auto_banheiro,on,on,"{""id"": ""1747870075916"", ""last_triggered"": ""2025-07-12T15:41:50.500561+00:00"", ""mode"": ""single"", ""current"": 1, ""friendly_name"": ""auto-banheiro""}"
2025-07-12T12:41:50.514725,automation.auto_banheiro,on,on,"{""id"": ""1747870075916"", ""last_triggered"": ""2025-07-12T15:41:50.500561+00:00"", ""mode"": ""single"", ""current"": 0, ""friendly_name"": ""auto-banheiro""}"
2025-07-12T12:41:55.509167,automation.auto_banheiro,on,on,"{""id"": ""1747870075916"", ""last_triggered"": ""2025-07-12T15:41:55.500183+00:00"", ""mode"": ""single"", ""current"": 1, ""friendly_name"": ""auto-banheiro""}"
2025-07-12T12:41:55.510892,automation.auto_banheiro,on,on,"{""id"": ""1747870075916"", ""last_triggered"": ""2025-07-12T15:41:55.500183+00:00"", ""mode"": ""single"", ""current"": 0, ""friendly_name"": ""auto-banheiro""}"
2025-07-12T12:42:00.505547,automation.auto_banheiro,on,on,"{""id"": ""1747870075916"", ""last_triggered"": ""2025-07-12T15:42:00.500710+00:00"", ""mode"": ""single"", ""current"": 1, ""friendly_name"": ""auto-banheiro""}"
2025-07-12T12:42:00.507388,automation.auto_banheiro,on,on,"{""id"": ""1747870075916"", ""last_triggered"": ""2025-07-12T15:42:00.500710+00:00"", ""mode"": ""single"", ""current"": 0, ""friendly_name"": ""auto-banheiro""}"
2025-07-12T12:42:05.524561,automation.auto_banheiro,on,on,"{""id"": ""1747870075916"", ""last_triggered"": ""2025-07-12T15:42:05.501269+00:00"", ""mode"": ""single"", ""current"": 1, ""friendly_name"": ""auto-banheiro""}"
2025-07-12T12:42:05.529386,automation.auto_banheiro,on,on,"{""id"": ""1747870075916"", ""last_triggered"": ""2025-07-12T15:42:05.501269+00:00"", ""mode"": ""single"", ""current"": 0, ""friendly_name"": ""auto-banheiro""}"
2025-07-12T12:42:10.117680,automation.aut_status_bruno,on,on,"{""id"": ""1751855857509"", ""last_triggered"": ""2025-07-12T15:42:10.107729+00:00"", ""mode"": ""single"", ""current"": 1, ""friendly_name"": ""aut-status-bruno""}"
2025-07-12T12:42:10.119886,automation.aut_status_bruno,on,on,"{""id"": ""1751855857509"", ""last_triggered"": ""2025-07-12T15:42:10.107729+00:00"", ""mode"": ""single"", ""current"": 0, ""friendly_name"": ""aut-status-bruno""}"
2025-07-12T12:42:10.258459,automation.aut_lampada_quarto,on,on,"{""id"": ""1746067262247"", ""last_triggered"": ""2025-07-12T15:42:10.254476+00:00"", ""mode"": ""single"", ""current"": 1, ""friendly_name"": ""aut-quarto""}"
2025-07-12T12:42:10.260068,automation.aut_lampada_quarto,on,on,"{""id"": ""1746067262247"", ""last_triggered"": ""2025-07-12T15:42:10.254476+00:00"", ""mode"": ""single"", ""current"": 0, ""friendly_name"": ""aut-quarto""}"
2025-07-12T12:42:10.504729,automation.auto_banheiro,on,on,"{""id"": ""1747870075916"", ""last_triggered"": ""2025-07-12T15:42:10.499953+00:00"", ""mode"": ""single"", ""current"": 1, ""friendly_name"": ""auto-banheiro""}"
2025-07-12T12:42:10.506312,automation.auto_banheiro,on,on,"{""id"": ""1747870075916"", ""last_triggered"": ""2025-07-12T15:42:10.499953+00:00"", ""mode"": ""single"", ""current"": 0, ""friendly_name"": ""auto-banheiro""}"
2025-07-12T12:42:10.611920,sensor.arris_tg1692a_router_download_speed,0.00620194977279362,0.00425257968645191,"{""state_class"": ""measurement"", ""unit_of_measurement"": ""Mbit/s"", ""device_class"": ""data_rate"", ""friendly_name"": ""ARRIS TG1692A Router Download speed""}"
2025-07-12T12:42:10.616131,sensor.arris_tg1692a_router_upload_speed,0.00558940823140363,0.00529152434428202,"{""state_class"": ""measurement"", ""unit_of_measurement"": ""Mbit/s"", ""device_class"": ""data_rate"", ""friendly_name"": ""ARRIS TG1692A Router Upload speed""}"
2025-07-12T12:42:15.507627,automation.auto_banheiro,on,on,"{""id"": ""1747870075916"", ""last_triggered"": ""2025-07-12T15:42:15.501814+00:00"", ""mode"": ""single"", ""current"": 1, ""friendly_name"": ""auto-banheiro""}"
2025-07-12T12:42:15.509953,automation.auto_banheiro,on,on,"{""id"": ""1747870075916"", ""last_triggered"": ""2025-07-12T15:42:15.501814+00:00"", ""mode"": ""single"", ""current"": 0, ""friendly_name"": ""auto-banheiro""}"
2025-07-12T12:42:20.505670,automation.auto_banheiro,on,on,"{""id"": ""1747870075916"", ""last_triggered"": ""2025-07-12T15:42:20.500893+00:00"", ""mode"": ""single"", ""current"": 1, ""friendly_name"": ""auto-banheiro""}"
2025-07-12T12:42:20.507340,automation.auto_banheiro,on,on,"{""id"": ""1747870075916"", ""last_triggered"": ""2025-07-12T15:42:20.500893+00:00"", ""mode"": ""single"", ""current"": 0, ""friendly_name"": ""auto-banheiro""}"
2025-07-12T12:42:25.514807,automation.auto_banheiro,on,on,"{""id"": ""1747870075916"", ""last_triggered"": ""2025-07-12T15:42:25.501284+00:00"", ""mode"": ""single"", ""current"": 1, ""friendly_name"": ""auto-banheiro""}"
2025-07-12T12:42:25.518921,automation.auto_banheiro,on,on,"{""id"": ""1747870075916"", ""last_triggered"": ""2025-07-12T15:42:25.501284+00:00"", ""mode"": ""single"", ""current"": 0, ""friendly_name"": ""auto-banheiro""}"
2025-07-12T12:42:30.509703,automation.auto_banheiro,on,on,"{""id"": ""1747870075916"", ""last_triggered"": ""2025-07-12T15:42:30.500720+00:00"", ""mode"": ""single"", ""current"": 1, ""friendly_name"": ""auto-banheiro""}"
2025-07-12T12:42:30.511203,automation.auto_banheiro,on,on,"{""id"": ""1747870075916"", ""last_triggered"": ""2025-07-12T15:42:30.500720+00:00"", ""mode"": ""single"", ""current"": 0, ""friendly_name"": ""auto-banheiro""}"
2025-07-12T12:42:35.505877,automation.auto_banheiro,on,on,"{""id"": ""1747870075916"", ""last_triggered"": ""2025-07-12T15:42:35.500316+00:00"", ""mode"": ""single"", ""current"": 1, ""friendly_name"": ""auto-banheiro""}"
2025-07-12T12:42:35.507633,automation.auto_banheiro,on,on,"{""id"": ""1747870075916"", ""last_triggered"": ""2025-07-12T15:42:35.500316+00:00"", ""mode"": ""single"", ""current"": 0, ""friendly_name"": ""auto-banheiro""}"
2025-07-12T12:42:40.510540,automation.auto_banheiro,on,on,"{""id"": ""1747870075916"", ""last_triggered"": ""2025-07-12T15:42:40.500984+00:00"", ""mode"": ""single"", ""current"": 1, ""friendly_name"": ""auto-banheiro""}"
2025-07-12T12:42:40.513746,automation.auto_banheiro,on,on,"{""id"": ""1747870075916"", ""last_triggered"": ""2025-07-12T15:42:40.500984+00:00"", ""mode"": ""single"", ""current"": 0, ""friendly_name"": ""auto-banheiro""}"
2025-07-12T12:42:40.615867,sensor.arris_tg1692a_router_download_speed,0.00425257968645191,0.00433670415883809,"{""state_class"": ""measurement"", ""unit_of_measurement"": ""Mbit/s"", ""device_class"": ""data_rate"", ""friendly_name"": ""ARRIS TG1692A Router Download speed""}"
2025-07-12T12:42:40.618841,sensor.arris_tg1692a_router_upload_speed,0.00529152434428202,0.00294713486831941,"{""state_class"": ""measurement"", ""unit_of_measurement"": ""Mbit/s"", ""device_class"": ""data_rate"", ""friendly_name"": ""ARRIS TG1692A Router Upload speed""}"
2025-07-12T12:42:45.508316,automation.auto_banheiro,on,on,"{""id"": ""1747870075916"", ""last_triggered"": ""2025-07-12T15:42:45.500623+00:00"", ""mode"": ""single"", ""current"": 1, ""friendly_name"": ""auto-banheiro""}"
2025-07-12T12:42:45.518377,automation.auto_banheiro,on,on,"{""id"": ""1747870075916"", ""last_triggered"": ""2025-07-12T15:42:45.500623+00:00"", ""mode"": ""single"", ""current"": 0, ""friendly_name"": ""auto-banheiro""}"
2025-07-12T12:42:50.508531,automation.auto_banheiro,on,on,"{""id"": ""1747870075916"", ""last_triggered"": ""2025-07-12T15:42:50.500791+00:00"", ""mode"": ""single"", ""current"": 1, ""friendly_name"": ""auto-banheiro""}"
2025-07-12T12:42:50.510140,automation.auto_banheiro,on,on,"{""id"": ""1747870075916"", ""last_triggered"": ""2025-07-12T15:42:50.500791+00:00"", ""mode"": ""single"", ""current"": 0, ""friendly_name"": ""auto-banheiro""}"
2025-07-12T12:42:55.505077,automation.auto_banheiro,on,on,"{""id"": ""1747870075916"", ""last_triggered"": ""2025-07-12T15:42:55.500302+00:00"", ""mode"": ""single"", ""current"": 1, ""friendly_name"": ""auto-banheiro""}"
2025-07-12T12:42:55.507495,automation.auto_banheiro,on,on,"{""id"": ""1747870075916"", ""last_triggered"": ""2025-07-12T15:42:55.500302+00:00"", ""mode"": ""single"", ""current"": 0, ""friendly_name"": ""auto-banheiro""}"
2025-07-12T12:43:00.506702,automation.auto_banheiro,on,on,"{""id"": ""1747870075916"", ""last_triggered"": ""2025-07-12T15:43:00.500749+00:00"", ""mode"": ""single"", ""current"": 1, ""friendly_name"": ""auto-banheiro""}"
2025-07-12T12:43:00.513387,automation.auto_banheiro,on,on,"{""id"": ""1747870075916"", ""last_triggered"": ""2025-07-12T15:43:00.500749+00:00"", ""mode"": ""single"", ""current"": 0, ""friendly_name"": ""auto-banheiro""}"
2025-07-12T12:43:05.504996,automation.auto_banheiro,on,on,"{""id"": ""1747870075916"", ""last_triggered"": ""2025-07-12T15:43:05.500073+00:00"", ""mode"": ""single"", ""current"": 1, ""friendly_name"": ""auto-banheiro""}"
2025-07-12T12:43:05.521673,automation.auto_banheiro,on,on,"{""id"": ""1747870075916"", ""last_triggered"": ""2025-07-12T15:43:05.500073+00:00"", ""mode"": ""single"", ""current"": 0, ""friendly_name"": ""auto-banheiro""}"
2025-07-12T12:43:10.131394,automation.aut_status_bruno,on,on,"{""id"": ""1751855857509"", ""last_triggered"": ""2025-07-12T15:43:10.108934+00:00"", ""mode"": ""single"", ""current"": 1, ""friendly_name"": ""aut-status-bruno""}"
2025-07-12T12:43:10.135620,automation.aut_status_bruno,on,on,"{""id"": ""1751855857509"", ""last_triggered"": ""2025-07-12T15:43:10.108934+00:00"", ""mode"": ""single"", ""current"": 0, ""friendly_name"": ""aut-status-bruno""}"
2025-07-12T12:43:10.261308,automation.aut_lampada_quarto,on,on,"{""id"": ""1746067262247"", ""last_triggered"": ""2025-07-12T15:43:10.254835+00:00"", ""mode"": ""single"", ""current"": 1, ""friendly_name"": ""aut-quarto""}"
2025-07-12T12:43:10.263787,automation.aut_lampada_quarto,on,on,"{""id"": ""1746067262247"", ""last_triggered"": ""2025-07-12T15:43:10.254835+00:00"", ""mode"": ""single"", ""current"": 0, ""friendly_name"": ""aut-quarto""}"
2025-07-12T12:43:10.513485,automation.auto_banheiro,on,on,"{""id"": ""1747870075916"", ""last_triggered"": ""2025-07-12T15:43:10.501171+00:00"", ""mode"": ""single"", ""current"": 1, ""friendly_name"": ""auto-banheiro""}"
2025-07-12T12:43:10.517200,automation.auto_banheiro,on,on,"{""id"": ""1747870075916"", ""last_triggered"": ""2025-07-12T15:43:10.501171+00:00"", ""mode"": ""single"", ""current"": 0, ""friendly_name"": ""auto-banheiro""}"
2025-07-12T12:43:10.641202,sensor.arris_tg1692a_router_download_speed,0.00433670415883809,0.00377114896378402,"{""state_class"": ""measurement"", ""unit_of_measurement"": ""Mbit/s"", ""device_class"": ""data_rate"", ""friendly_name"": ""ARRIS TG1692A Router Download speed""}"
2025-07-12T12:43:10.644486,sensor.arris_tg1692a_router_upload_speed,0.00294713486831941,0.00226370269789015,"{""state_class"": ""measurement"", ""unit_of_measurement"": ""Mbit/s"", ""device_class"": ""data_rate"", ""friendly_name"": ""ARRIS TG1692A Router Upload speed""}"
2025-07-12T12:43:15.508688,automation.auto_banheiro,on,on,"{""id"": ""1747870075916"", ""last_triggered"": ""2025-07-12T15:43:15.500369+00:00"", ""mode"": ""single"", ""current"": 1, ""friendly_name"": ""auto-banheiro""}"
2025-07-12T12:43:15.511461,automation.auto_banheiro,on,on,"{""id"": ""1747870075916"", ""last_triggered"": ""2025-07-12T15:43:15.500369+00:00"", ""mode"": ""single"", ""current"": 0, ""friendly_name"": ""auto-banheiro""}"
2025-07-12T12:43:20.504820,automation.auto_banheiro,on,on,"{""id"": ""1747870075916"", ""last_triggered"": ""2025-07-12T15:43:20.500034+00:00"", ""mode"": ""single"", ""current"": 1, ""friendly_name"": ""auto-banheiro""}"
2025-07-12T12:43:20.506503,automation.auto_banheiro,on,on,"{""id"": ""1747870075916"", ""last_triggered"": ""2025-07-12T15:43:20.500034+00:00"", ""mode"": ""single"", ""current"": 0, ""friendly_name"": ""auto-banheiro""}"
2025-07-12T12:43:25.516902,automation.auto_banheiro,on,on,"{""id"": ""1747870075916"", ""last_triggered"": ""2025-07-12T15:43:25.500500+00:00"", ""mode"": ""single"", ""current"": 1, ""friendly_name"": ""auto-banheiro""}"
2025-07-12T12:43:25.519915,automation.auto_banheiro,on,on,"{""id"": ""1747870075916"", ""last_triggered"": ""2025-07-12T15:43:25.500500+00:00"", ""mode"": ""single"", ""current"": 0, ""friendly_name"": ""auto-banheiro""}"
2025-07-12T12:43:30.507283,automation.auto_banheiro,on,on,"{""id"": ""1747870075916"", ""last_triggered"": ""2025-07-12T15:43:30.501788+00:00"", ""mode"": ""single"", ""current"": 1, ""friendly_name"": ""auto-banheiro""}"
2025-07-12T12:43:30.508911,automation.auto_banheiro,on,on,"{""id"": ""1747870075916"", ""last_triggered"": ""2025-07-12T15:43:30.501788+00:00"", ""mode"": ""single"", ""current"": 0, ""friendly_name"": ""auto-banheiro""}"
2025-07-12T12:43:35.505427,automation.auto_banheiro,on,on,"{""id"": ""1747870075916"", ""last_triggered"": ""2025-07-12T15:43:35.500454+00:00"", ""mode"": ""single"", ""current"": 1, ""friendly_name"": ""auto-banheiro""}"
2025-07-12T12:43:35.549160,automation.auto_banheiro,on,on,"{""id"": ""1747870075916"", ""last_triggered"": ""2025-07-12T15:43:35.500454+00:00"", ""mode"": ""single"", ""current"": 0, ""friendly_name"": ""auto-banheiro""}"
2025-07-12T12:43:40.196145,media_player.lg_webos_tv_oled42c2psa_2,playing,idle,"{""source_list"": [""Amazon Alexa"", ""Amazon Music"", ""Apple TV"", ""Apps"", ""Clarovideo"", ""Compartilhamento de Ambiente para Ambiente"", ""C\u00e2mera"", ""Disney+"", ""Esportes"", ""Globoplay"", ""HDMI 1"", ""HDMI 2"", ""HDMI 3"", ""HDMI 4"", ""Hub Inicial"", ""Kanto"", ""LG Channels"", ""LG Gaming Portal"", ""Live TV"", ""Mercado Play"", ""Navegador Web"", ""Netflix"", ""Prime Video"", ""Reprodutor de M\u00eddia"", ""Sempre Pronto"", ""Twitch"", ""YouTube""], ""volume_level"": 0.12, ""is_volume_muted"": false, ""source"": ""YouTube"", ""sound_output"": ""tv_external_speaker"", ""device_class"": ""tv"", ""entity_picture"": ""/api/media_player_proxy/media_player.lg_webos_tv_oled42c2psa_2?token=7cc859caa677cb6b72c183607fe83e306f214db9fa8ef18976485f6b0cd59f6e&cache=d615266ef42c4b6f"", ""friendly_name"": ""LG webOS TV OLED42C2PSA"", ""supported_features"": 24381}"
2025-07-12T12:43:40.514029,automation.auto_banheiro,on,on,"{""id"": ""1747870075916"", ""last_triggered"": ""2025-07-12T15:43:40.501391+00:00"", ""mode"": ""single"", ""current"": 1, ""friendly_name"": ""auto-banheiro""}"
2025-07-12T12:43:40.515998,automation.auto_banheiro,on,on,"{""id"": ""1747870075916"", ""last_triggered"": ""2025-07-12T15:43:40.501391+00:00"", ""mode"": ""single"", ""current"": 0, ""friendly_name"": ""auto-banheiro""}"
2025-07-12T12:43:40.623096,sensor.arris_tg1692a_router_download_speed,0.00377114896378402,0.00743059294773021,"{""state_class"": ""measurement"", ""unit_of_measurement"": ""Mbit/s"", ""device_class"": ""data_rate"", ""friendly_name"": ""ARRIS TG1692A Router Download speed""}"
2025-07-12T12:43:40.624834,sensor.arris_tg1692a_router_upload_speed,0.00226370269789015,0.00664523922137845,"{""state_class"": ""measurement"", ""unit_of_measurement"": ""Mbit/s"", ""device_class"": ""data_rate"", ""friendly_name"": ""ARRIS TG1692A Router Upload speed""}"
2025-07-12T12:43:42.019777,sun.sun,above_horizon,above_horizon,"{""next_dawn"": ""2025-07-13T08:34:17.857562+00:00"", ""next_dusk"": ""2025-07-12T20:45:20.313231+00:00"", ""next_midnight"": ""2025-07-13T02:39:54+00:00"", ""next_noon"": ""2025-07-13T14:39:50+00:00"", ""next_rising"": ""2025-07-13T08:57:32.537391+00:00"", ""next_setting"": ""2025-07-12T20:22:04.562792+00:00"", ""elevation"": 51.78, ""azimuth"": 335.62, ""rising"": false, ""friendly_name"": ""Sun""}"
2025-07-12T12:43:45.583258,automation.auto_banheiro,on,on,"{""id"": ""1747870075916"", ""last_triggered"": ""2025-07-12T15:43:45.501261+00:00"", ""mode"": ""single"", ""current"": 1, ""friendly_name"": ""auto-banheiro""}"
2025-07-12T12:43:45.586799,automation.auto_banheiro,on,on,"{""id"": ""1747870075916"", ""last_triggered"": ""2025-07-12T15:43:45.501261+00:00"", ""mode"": ""single"", ""current"": 0, ""friendly_name"": ""auto-banheiro""}"
2025-07-12T12:43:50.505904,automation.auto_banheiro,on,on,"{""id"": ""1747870075916"", ""last_triggered"": ""2025-07-12T15:43:50.501139+00:00"", ""mode"": ""single"", ""current"": 1, ""friendly_name"": ""auto-banheiro""}"
2025-07-12T12:43:50.507627,automation.auto_banheiro,on,on,"{""id"": ""1747870075916"", ""last_triggered"": ""2025-07-12T15:43:50.501139+00:00"", ""mode"": ""single"", ""current"": 0, ""friendly_name"": ""auto-banheiro""}"
2025-07-12T12:43:55.504834,automation.auto_banheiro,on,on,"{""id"": ""1747870075916"", ""last_triggered"": ""2025-07-12T15:43:55.500131+00:00"", ""mode"": ""single"", ""current"": 1, ""friendly_name"": ""auto-banheiro""}"
2025-07-12T12:43:55.506883,automation.auto_banheiro,on,on,"{""id"": ""1747870075916"", ""last_triggered"": ""2025-07-12T15:43:55.500131+00:00"", ""mode"": ""single"", ""current"": 0, ""friendly_name"": ""auto-banheiro""}"
2025-07-12T12:44:00.505908,automation.auto_banheiro,on,on,"{""id"": ""1747870075916"", ""last_triggered"": ""2025-07-12T15:44:00.500380+00:00"", ""mode"": ""single"", ""current"": 1, ""friendly_name"": ""auto-banheiro""}"
2025-07-12T12:44:00.507847,automation.auto_banheiro,on,on,"{""id"": ""1747870075916"", ""last_triggered"": ""2025-07-12T15:44:00.500380+00:00"", ""mode"": ""single"", ""current"": 0, ""friendly_name"": ""auto-banheiro""}"
2025-07-12T12:44:05.506665,automation.auto_banheiro,on,on,"{""id"": ""1747870075916"", ""last_triggered"": ""2025-07-12T15:44:05.500498+00:00"", ""mode"": ""single"", ""current"": 1, ""friendly_name"": ""auto-banheiro""}"
2025-07-12T12:44:05.508564,automation.auto_banheiro,on,on,"{""id"": ""1747870075916"", ""last_triggered"": ""2025-07-12T15:44:05.500498+00:00"", ""mode"": ""single"", ""current"": 0, ""friendly_name"": ""auto-banheiro""}"
2025-07-12T12:44:10.123043,automation.aut_status_bruno,on,on,"{""id"": ""1751855857509"", ""last_triggered"": ""2025-07-12T15:44:10.108491+00:00"", ""mode"": ""single"", ""current"": 1, ""friendly_name"": ""aut-status-bruno""}"
2025-07-12T12:44:10.126068,automation.aut_status_bruno,on,on,"{""id"": ""1751855857509"", ""last_triggered"": ""2025-07-12T15:44:10.108491+00:00"", ""mode"": ""single"", ""current"": 0, ""friendly_name"": ""aut-status-bruno""}"
2025-07-12T12:44:10.260831,automation.aut_lampada_quarto,on,on,"{""id"": ""1746067262247"", ""last_triggered"": ""2025-07-12T15:44:10.254691+00:00"", ""mode"": ""single"", ""current"": 1, ""friendly_name"": ""aut-quarto""}"
2025-07-12T12:44:10.263452,automation.aut_lampada_quarto,on,on,"{""id"": ""1746067262247"", ""last_triggered"": ""2025-07-12T15:44:10.254691+00:00"", ""mode"": ""single"", ""current"": 0, ""friendly_name"": ""aut-quarto""}"
2025-07-12T12:44:10.513678,automation.auto_banheiro,on,on,"{""id"": ""1747870075916"", ""last_triggered"": ""2025-07-12T15:44:10.501385+00:00"", ""mode"": ""single"", ""current"": 1, ""friendly_name"": ""auto-banheiro""}"
2025-07-12T12:44:10.517172,automation.auto_banheiro,on,on,"{""id"": ""1747870075916"", ""last_triggered"": ""2025-07-12T15:44:10.501385+00:00"", ""mode"": ""single"", ""current"": 0, ""friendly_name"": ""auto-banheiro""}"
2025-07-12T12:44:10.619608,sensor.arris_tg1692a_router_download_speed,0.00743059294773021,0.0176576871468473,"{""state_class"": ""measurement"", ""unit_of_measurement"": ""Mbit/s"", ""device_class"": ""data_rate"", ""friendly_name"": ""ARRIS TG1692A Router Download speed""}"
2025-07-12T12:44:10.622852,sensor.arris_tg1692a_router_upload_speed,0.00664523922137845,0.0127713368247423,"{""state_class"": ""measurement"", ""unit_of_measurement"": ""Mbit/s"", ""device_class"": ""data_rate"", ""friendly_name"": ""ARRIS TG1692A Router Upload speed""}"
2025-07-12T12:44:15.507099,automation.auto_banheiro,on,on,"{""id"": ""1747870075916"", ""last_triggered"": ""2025-07-12T15:44:15.501566+00:00"", ""mode"": ""single"", ""current"": 1, ""friendly_name"": ""auto-banheiro""}"
2025-07-12T12:44:15.508778,automation.auto_banheiro,on,on,"{""id"": ""1747870075916"", ""last_triggered"": ""2025-07-12T15:44:15.501566+00:00"", ""mode"": ""single"", ""current"": 0, ""friendly_name"": ""auto-banheiro""}"
2025-07-12T12:44:18.600464,media_player.lg_webos_tv_oled42c2psa_2,idle,on,"{""source_list"": [""Amazon Alexa"", ""Amazon Music"", ""Apple TV"", ""Apps"", ""Clarovideo"", ""Compartilhamento de Ambiente para Ambiente"", ""C\u00e2mera"", ""Disney+"", ""Esportes"", ""Globoplay"", ""HDMI 1"", ""HDMI 2"", ""HDMI 3"", ""HDMI 4"", ""Hub Inicial"", ""Kanto"", ""LG Channels"", ""LG Gaming Portal"", ""Live TV"", ""Mercado Play"", ""Navegador Web"", ""Netflix"", ""Prime Video"", ""Reprodutor de M\u00eddia"", ""Sempre Pronto"", ""Twitch"", ""YouTube""], ""volume_level"": 0.12, ""is_volume_muted"": false, ""source"": ""YouTube"", ""sound_output"": ""tv_external_speaker"", ""assumed_state"": true, ""device_class"": ""tv"", ""entity_picture"": ""/api/media_player_proxy/media_player.lg_webos_tv_oled42c2psa_2?token=7cc859caa677cb6b72c183607fe83e306f214db9fa8ef18976485f6b0cd59f6e&cache=d615266ef42c4b6f"", ""friendly_name"": ""LG webOS TV OLED42C2PSA"", ""supported_features"": 24381}"
2025-07-12T12:44:18.603804,automation.aut_sala,on,on,"{""id"": ""1746116908353"", ""last_triggered"": ""2025-07-12T15:44:18.596075+00:00"", ""mode"": ""single"", ""current"": 1, ""friendly_name"": ""aut-sala""}"
2025-07-12T12:44:18.606196,automation.aut_sala,on,on,"{""id"": ""1746116908353"", ""last_triggered"": ""2025-07-12T15:44:18.596075+00:00"", ""mode"": ""single"", ""current"": 0, ""friendly_name"": ""aut-sala""}"
2025-07-12T12:44:18.609942,media_player.lg_webos_tv_oled42c2psa_2,on,on,"{""source_list"": [""Amazon Alexa"", ""Amazon Music"", ""Apple TV"", ""Apps"", ""Clarovideo"", ""Compartilhamento de Ambiente para Ambiente"", ""C\u00e2mera"", ""Disney+"", ""Esportes"", ""Globoplay"", ""HDMI 1"", ""HDMI 2"", ""HDMI 3"", ""HDMI 4"", ""Hub Inicial"", ""Kanto"", ""LG Channels"", ""LG Gaming Portal"", ""Live TV"", ""Mercado Play"", ""Navegador Web"", ""Netflix"", ""Prime Video"", ""Reprodutor de M\u00eddia"", ""Sempre Pronto"", ""Twitch"", ""YouTube""], ""volume_level"": 0.12, ""is_volume_muted"": false, ""source"": ""YouTube"", ""sound_output"": ""tv_external_speaker"", ""device_class"": ""tv"", ""entity_picture"": ""/api/media_player_proxy/media_player.lg_webos_tv_oled42c2psa_2?token=7cc859caa677cb6b72c183607fe83e306f214db9fa8ef18976485f6b0cd59f6e&cache=d615266ef42c4b6f"", ""friendly_name"": ""LG webOS TV OLED42C2PSA"", ""supported_features"": 24381}"
2025-07-12T12:44:18.773287,media_player.lg_webos_tv_oled42c2psa_2,on,playing,"{""source_list"": [""Amazon Alexa"", ""Amazon Music"", ""Apple TV"", ""Apps"", ""Clarovideo"", ""Compartilhamento de Ambiente para Ambiente"", ""C\u00e2mera"", ""Disney+"", ""Esportes"", ""Globoplay"", ""HDMI 1"", ""HDMI 2"", ""HDMI 3"", ""HDMI 4"", ""Hub Inicial"", ""Kanto"", ""LG Channels"", ""LG Gaming Portal"", ""Live TV"", ""Mercado Play"", ""Navegador Web"", ""Netflix"", ""Prime Video"", ""Reprodutor de M\u00eddia"", ""Sempre Pronto"", ""Twitch"", ""YouTube""], ""volume_level"": 0.12, ""is_volume_muted"": false, ""source"": ""YouTube"", ""sound_output"": ""tv_external_speaker"", ""device_class"": ""tv"", ""entity_picture"": ""/api/media_player_proxy/media_player.lg_webos_tv_oled42c2psa_2?token=7cc859caa677cb6b72c183607fe83e306f214db9fa8ef18976485f6b0cd59f6e&cache=d615266ef42c4b6f"", ""friendly_name"": ""LG webOS TV OLED42C2PSA"", ""supported_features"": 24381}"
2025-07-12T12:44:20.509048,automation.auto_banheiro,on,on,"{""id"": ""1747870075916"", ""last_triggered"": ""2025-07-12T15:44:20.501779+00:00"", ""mode"": ""single"", ""current"": 1, ""friendly_name"": ""auto-banheiro""}"
2025-07-12T12:44:20.510846,automation.auto_banheiro,on,on,"{""id"": ""1747870075916"", ""last_triggered"": ""2025-07-12T15:44:20.501779+00:00"", ""mode"": ""single"", ""current"": 0, ""friendly_name"": ""auto-banheiro""}"
2025-07-12T12:44:25.170850,camera.192_168_0_33,idle,idle,"{""access_token"": ""c84b177e1b3ae2f922bdc2b65b06f2ff942d97474a71e19c02f4b9e73392933a"", ""entity_picture"": ""/api/camera_proxy/camera.192_168_0_33?token=c84b177e1b3ae2f922bdc2b65b06f2ff942d97474a71e19c02f4b9e73392933a"", ""friendly_name"": ""192_168_0_14"", ""supported_features"": 2}"
2025-07-12T12:44:25.172992,camera.admin_mainstream,idle,idle,"{""access_token"": ""621663498b4c685524263ddd9bc3cd19b749a22c8ad556baf97aa0dc07795b33"", ""entity_picture"": ""/api/camera_proxy/camera.admin_mainstream?token=621663498b4c685524263ddd9bc3cd19b749a22c8ad556baf97aa0dc07795b33"", ""friendly_name"": ""admin MainStream"", ""supported_features"": 2}"
2025-07-12T12:44:25.174670,camera.admin_substream,idle,idle,"{""access_token"": ""ba631a43266096ea12cbff3c29487a16eba4361f870c77f9d65b08fca2738481"", ""entity_picture"": ""/api/camera_proxy/camera.admin_substream?token=ba631a43266096ea12cbff3c29487a16eba4361f870c77f9d65b08fca2738481"", ""friendly_name"": ""admin SubStream"", ""supported_features"": 2}"
2025-07-12T12:44:25.506484,automation.auto_banheiro,on,on,"{""id"": ""1747870075916"", ""last_triggered"": ""2025-07-12T15:44:25.500693+00:00"", ""mode"": ""single"", ""current"": 1, ""friendly_name"": ""auto-banheiro""}"
2025-07-12T12:44:25.508474,automation.auto_banheiro,on,on,"{""id"": ""1747870075916"", ""last_triggered"": ""2025-07-12T15:44:25.500693+00:00"", ""mode"": ""single"", ""current"": 0, ""friendly_name"": ""auto-banheiro""}"
2025-07-12T12:44:30.510999,automation.auto_banheiro,on,on,"{""id"": ""1747870075916"", ""last_triggered"": ""2025-07-12T15:44:30.500450+00:00"", ""mode"": ""single"", ""current"": 1, ""friendly_name"": ""auto-banheiro""}"
2025-07-12T12:44:30.512669,automation.auto_banheiro,on,on,"{""id"": ""1747870075916"", ""last_triggered"": ""2025-07-12T15:44:30.500450+00:00"", ""mode"": ""single"", ""current"": 0, ""friendly_name"": ""auto-banheiro""}"
2025-07-12T12:44:35.513787,automation.auto_banheiro,on,on,"{""id"": ""1747870075916"", ""last_triggered"": ""2025-07-12T15:44:35.501681+00:00"", ""mode"": ""single"", ""current"": 1, ""friendly_name"": ""auto-banheiro""}"
2025-07-12T12:44:35.517907,automation.auto_banheiro,on,on,"{""id"": ""1747870075916"", ""last_triggered"": ""2025-07-12T15:44:35.501681+00:00"", ""mode"": ""single"", ""current"": 0, ""friendly_name"": ""auto-banheiro""}"
2025-07-12T12:44:40.505477,automation.auto_banheiro,on,on,"{""id"": ""1747870075916"", ""last_triggered"": ""2025-07-12T15:44:40.500692+00:00"", ""mode"": ""single"", ""current"": 1, ""friendly_name"": ""auto-banheiro""}"
2025-07-12T12:44:40.507105,automation.auto_banheiro,on,on,"{""id"": ""1747870075916"", ""last_triggered"": ""2025-07-12T15:44:40.500692+00:00"", ""mode"": ""single"", ""current"": 0, ""friendly_name"": ""auto-banheiro""}"
2025-07-12T12:44:40.615220,sensor.arris_tg1692a_router_download_speed,0.0176576871468473,0.00835767661203561,"{""state_class"": ""measurement"", ""unit_of_measurement"": ""Mbit/s"", ""device_class"": ""data_rate"", ""friendly_name"": ""ARRIS TG1692A Router Download speed""}"
2025-07-12T12:44:40.619358,sensor.arris_tg1692a_router_upload_speed,0.0127713368247423,0.00856327849671955,"{""state_class"": ""measurement"", ""unit_of_measurement"": ""Mbit/s"", ""device_class"": ""data_rate"", ""friendly_name"": ""ARRIS TG1692A Router Upload speed""}"
2025-07-12T12:44:45.505423,automation.auto_banheiro,on,on,"{""id"": ""1747870075916"", ""last_triggered"": ""2025-07-12T15:44:45.500572+00:00"", ""mode"": ""single"", ""current"": 1, ""friendly_name"": ""auto-banheiro""}"
2025-07-12T12:44:45.507116,automation.auto_banheiro,on,on,"{""id"": ""1747870075916"", ""last_triggered"": ""2025-07-12T15:44:45.500572+00:00"", ""mode"": ""single"", ""current"": 0, ""friendly_name"": ""auto-banheiro""}"
2025-07-12T12:44:50.517781,automation.auto_banheiro,on,on,"{""id"": ""1747870075916"", ""last_triggered"": ""2025-07-12T15:44:50.501332+00:00"", ""mode"": ""single"", ""current"": 1, ""friendly_name"": ""auto-banheiro""}"
2025-07-12T12:44:50.521061,automation.auto_banheiro,on,on,"{""id"": ""1747870075916"", ""last_triggered"": ""2025-07-12T15:44:50.501332+00:00"", ""mode"": ""single"", ""current"": 0, ""friendly_name"": ""auto-banheiro""}"
2025-07-12T12:44:54.109530,binary_sensor.human_presence_sensor_occupancy,off,on,"{""device_class"": ""occupancy"", ""friendly_name"": ""Presen\u00e7a Quarto  Occupancy""}"
2025-07-12T12:44:54.112379,automation.aut_lampada_quarto,on,on,"{""id"": ""1746067262247"", ""last_triggered"": ""2025-07-12T15:44:54.103109+00:00"", ""mode"": ""single"", ""current"": 1, ""friendly_name"": ""aut-quarto""}"
2025-07-12T12:44:54.114544,automation.aut_lampada_quarto,on,on,"{""id"": ""1746067262247"", ""last_triggered"": ""2025-07-12T15:44:54.103109+00:00"", ""mode"": ""single"", ""current"": 0, ""friendly_name"": ""aut-quarto""}"
2025-07-12T12:44:55.505031,automation.auto_banheiro,on,on,"{""id"": ""1747870075916"", ""last_triggered"": ""2025-07-12T15:44:55.499963+00:00"", ""mode"": ""single"", ""current"": 1, ""friendly_name"": ""auto-banheiro""}"
2025-07-12T12:44:55.506913,automation.auto_banheiro,on,on,"{""id"": ""1747870075916"", ""last_triggered"": ""2025-07-12T15:44:55.499963+00:00"", ""mode"": ""single"", ""current"": 0, ""friendly_name"": ""auto-banheiro""}"
2025-07-12T12:45:00.506854,automation.auto_banheiro,on,on,"{""id"": ""1747870075916"", ""last_triggered"": ""2025-07-12T15:45:00.500484+00:00"", ""mode"": ""single"", ""current"": 1, ""friendly_name"": ""auto-banheiro""}"
2025-07-12T12:45:00.509228,automation.auto_banheiro,on,on,"{""id"": ""1747870075916"", ""last_triggered"": ""2025-07-12T15:45:00.500484+00:00"", ""mode"": ""single"", ""current"": 0, ""friendly_name"": ""auto-banheiro""}"
2025-07-12T12:45:05.519485,automation.auto_banheiro,on,on,"{""id"": ""1747870075916"", ""last_triggered"": ""2025-07-12T15:45:05.501282+00:00"", ""mode"": ""single"", ""current"": 1, ""friendly_name"": ""auto-banheiro""}"
2025-07-12T12:45:05.523026,automation.auto_banheiro,on,on,"{""id"": ""1747870075916"", ""last_triggered"": ""2025-07-12T15:45:05.501282+00:00"", ""mode"": ""single"", ""current"": 0, ""friendly_name"": ""auto-banheiro""}"
2025-07-12T12:45:10.117109,automation.aut_status_bruno,on,on,"{""id"": ""1751855857509"", ""last_triggered"": ""2025-07-12T15:45:10.108719+00:00"", ""mode"": ""single"", ""current"": 1, ""friendly_name"": ""aut-status-bruno""}"
2025-07-12T12:45:10.120376,automation.aut_status_bruno,on,on,"{""id"": ""1751855857509"", ""last_triggered"": ""2025-07-12T15:45:10.108719+00:00"", ""mode"": ""single"", ""current"": 0, ""friendly_name"": ""aut-status-bruno""}"
2025-07-12T12:45:10.259873,automation.aut_lampada_quarto,on,on,"{""id"": ""1746067262247"", ""last_triggered"": ""2025-07-12T15:45:10.254617+00:00"", ""mode"": ""single"", ""current"": 1, ""friendly_name"": ""aut-quarto""}"
2025-07-12T12:45:10.261742,automation.aut_lampada_quarto,on,on,"{""id"": ""1746067262247"", ""last_triggered"": ""2025-07-12T15:45:10.254617+00:00"", ""mode"": ""single"", ""current"": 0, ""friendly_name"": ""aut-quarto""}"
2025-07-12T12:45:10.504987,automation.auto_banheiro,on,on,"{""id"": ""1747870075916"", ""last_triggered"": ""2025-07-12T15:45:10.499931+00:00"", ""mode"": ""single"", ""current"": 1, ""friendly_name"": ""auto-banheiro""}"
2025-07-12T12:45:10.506778,automation.auto_banheiro,on,on,"{""id"": ""1747870075916"", ""last_triggered"": ""2025-07-12T15:45:10.499931+00:00"", ""mode"": ""single"", ""current"": 0, ""friendly_name"": ""auto-banheiro""}"
2025-07-12T12:45:10.617746,sensor.arris_tg1692a_router_download_speed,0.00835767661203561,0.00653389977175884,"{""state_class"": ""measurement"", ""unit_of_measurement"": ""Mbit/s"", ""device_class"": ""data_rate"", ""friendly_name"": ""ARRIS TG1692A Router Download speed""}"
2025-07-12T12:45:10.629826,sensor.arris_tg1692a_router_upload_speed,0.00856327849671955,0.00573896241074288,"{""state_class"": ""measurement"", ""unit_of_measurement"": ""Mbit/s"", ""device_class"": ""data_rate"", ""friendly_name"": ""ARRIS TG1692A Router Upload speed""}"
2025-07-12T12:45:15.504932,automation.auto_banheiro,on,on,"{""id"": ""1747870075916"", ""last_triggered"": ""2025-07-12T15:45:15.499999+00:00"", ""mode"": ""single"", ""current"": 1, ""friendly_name"": ""auto-banheiro""}"
2025-07-12T12:45:15.506928,automation.auto_banheiro,on,on,"{""id"": ""1747870075916"", ""last_triggered"": ""2025-07-12T15:45:15.499999+00:00"", ""mode"": ""single"", ""current"": 0, ""friendly_name"": ""auto-banheiro""}"
2025-07-12T12:45:20.505385,automation.auto_banheiro,on,on,"{""id"": ""1747870075916"", ""last_triggered"": ""2025-07-12T15:45:20.500590+00:00"", ""mode"": ""single"", ""current"": 1, ""friendly_name"": ""auto-banheiro""}"
2025-07-12T12:45:20.507131,automation.auto_banheiro,on,on,"{""id"": ""1747870075916"", ""last_triggered"": ""2025-07-12T15:45:20.500590+00:00"", ""mode"": ""single"", ""current"": 0, ""friendly_name"": ""auto-banheiro""}"
2025-07-12T12:45:25.505771,automation.auto_banheiro,on,on,"{""id"": ""1747870075916"", ""last_triggered"": ""2025-07-12T15:45:25.500903+00:00"", ""mode"": ""single"", ""current"": 1, ""friendly_name"": ""auto-banheiro""}"
2025-07-12T12:45:25.507462,automation.auto_banheiro,on,on,"{""id"": ""1747870075916"", ""last_triggered"": ""2025-07-12T15:45:25.500903+00:00"", ""mode"": ""single"", ""current"": 0, ""friendly_name"": ""auto-banheiro""}"
2025-07-12T12:45:30.505284,automation.auto_banheiro,on,on,"{""id"": ""1747870075916"", ""last_triggered"": ""2025-07-12T15:45:30.500463+00:00"", ""mode"": ""single"", ""current"": 1, ""friendly_name"": ""auto-banheiro""}"
2025-07-12T12:45:30.507004,automation.auto_banheiro,on,on,"{""id"": ""1747870075916"", ""last_triggered"": ""2025-07-12T15:45:30.500463+00:00"", ""mode"": ""single"", ""current"": 0, ""friendly_name"": ""auto-banheiro""}"
2025-07-12T12:45:35.510529,automation.auto_banheiro,on,on,"{""id"": ""1747870075916"", ""last_triggered"": ""2025-07-12T15:45:35.501281+00:00"", ""mode"": ""single"", ""current"": 1, ""friendly_name"": ""auto-banheiro""}"
2025-07-12T12:45:35.513710,automation.auto_banheiro,on,on,"{""id"": ""1747870075916"", ""last_triggered"": ""2025-07-12T15:45:35.501281+00:00"", ""mode"": ""single"", ""current"": 0, ""friendly_name"": ""auto-banheiro""}"
2025-07-12T12:45:40.505554,automation.auto_banheiro,on,on,"{""id"": ""1747870075916"", ""last_triggered"": ""2025-07-12T15:45:40.500764+00:00"", ""mode"": ""single"", ""current"": 1, ""friendly_name"": ""auto-banheiro""}"
2025-07-12T12:45:40.507602,automation.auto_banheiro,on,on,"{""id"": ""1747870075916"", ""last_triggered"": ""2025-07-12T15:45:40.500764+00:00"", ""mode"": ""single"", ""current"": 0, ""friendly_name"": ""auto-banheiro""}"
2025-07-12T12:45:40.617159,sensor.arris_tg1692a_router_download_speed,0.00653389977175884,0.0583181624924146,"{""state_class"": ""measurement"", ""unit_of_measurement"": ""Mbit/s"", ""device_class"": ""data_rate"", ""friendly_name"": ""ARRIS TG1692A Router Download speed""}"
2025-07-12T12:45:40.621352,sensor.arris_tg1692a_router_upload_speed,0.00573896241074288,0.0583016291508146,"{""state_class"": ""measurement"", ""unit_of_measurement"": ""Mbit/s"", ""device_class"": ""data_rate"", ""friendly_name"": ""ARRIS TG1692A Router Upload speed""}"
2025-07-12T12:45:45.510930,automation.auto_banheiro,on,on,"{""id"": ""1747870075916"", ""last_triggered"": ""2025-07-12T15:45:45.501174+00:00"", ""mode"": ""single"", ""current"": 1, ""friendly_name"": ""auto-banheiro""}"
2025-07-12T12:45:45.512555,automation.auto_banheiro,on,on,"{""id"": ""1747870075916"", ""last_triggered"": ""2025-07-12T15:45:45.501174+00:00"", ""mode"": ""single"", ""current"": 0, ""friendly_name"": ""auto-banheiro""}"
2025-07-12T12:45:50.505020,automation.auto_banheiro,on,on,"{""id"": ""1747870075916"", ""last_triggered"": ""2025-07-12T15:45:50.500179+00:00"", ""mode"": ""single"", ""current"": 1, ""friendly_name"": ""auto-banheiro""}"
2025-07-12T12:45:50.506682,automation.auto_banheiro,on,on,"{""id"": ""1747870075916"", ""last_triggered"": ""2025-07-12T15:45:50.500179+00:00"", ""mode"": ""single"", ""current"": 0, ""friendly_name"": ""auto-banheiro""}"
2025-07-12T12:45:55.504835,automation.auto_banheiro,on,on,"{""id"": ""1747870075916"", ""last_triggered"": ""2025-07-12T15:45:55.499980+00:00"", ""mode"": ""single"", ""current"": 1, ""friendly_name"": ""auto-banheiro""}"
2025-07-12T12:45:55.506563,automation.auto_banheiro,on,on,"{""id"": ""1747870075916"", ""last_triggered"": ""2025-07-12T15:45:55.499980+00:00"", ""mode"": ""single"", ""current"": 0, ""friendly_name"": ""auto-banheiro""}"
2025-07-12T12:45:56.217897,binary_sensor.human_presence_sensor_occupancy,on,off,"{""device_class"": ""occupancy"", ""friendly_name"": ""Presen\u00e7a Quarto  Occupancy""}"
2025-07-12T12:45:56.225516,automation.aut_lampada_quarto,on,on,"{""id"": ""1746067262247"", ""last_triggered"": ""2025-07-12T15:45:56.211869+00:00"", ""mode"": ""single"", ""current"": 1, ""friendly_name"": ""aut-quarto""}"
2025-07-12T12:45:56.228928,scene.automation_bedroom_fan_0,2025-07-12T15:28:31.848748+00:00,2025-07-12T15:45:56.214981+00:00,"{""friendly_name"": ""automation-bedroom-fan-0""}"
2025-07-12T12:45:56.914249,automation.aut_lampada_quarto,on,on,"{""id"": ""1746067262247"", ""last_triggered"": ""2025-07-12T15:45:56.211869+00:00"", ""mode"": ""single"", ""current"": 0, ""friendly_name"": ""aut-quarto""}"
2025-07-12T12:46:00.505293,automation.auto_banheiro,on,on,"{""id"": ""1747870075916"", ""last_triggered"": ""2025-07-12T15:46:00.500399+00:00"", ""mode"": ""single"", ""current"": 1, ""friendly_name"": ""auto-banheiro""}"
2025-07-12T12:46:00.506936,automation.auto_banheiro,on,on,"{""id"": ""1747870075916"", ""last_triggered"": ""2025-07-12T15:46:00.500399+00:00"", ""mode"": ""single"", ""current"": 0, ""friendly_name"": ""auto-banheiro""}"
2025-07-12T12:46:05.518633,automation.auto_banheiro,on,on,"{""id"": ""1747870075916"", ""last_triggered"": ""2025-07-12T15:46:05.500915+00:00"", ""mode"": ""single"", ""current"": 1, ""friendly_name"": ""auto-banheiro""}"
2025-07-12T12:46:05.522091,automation.auto_banheiro,on,on,"{""id"": ""1747870075916"", ""last_triggered"": ""2025-07-12T15:46:05.500915+00:00"", ""mode"": ""single"", ""current"": 0, ""friendly_name"": ""auto-banheiro""}"
2025-07-12T12:46:10.114758,automation.aut_status_bruno,on,on,"{""id"": ""1751855857509"", ""last_triggered"": ""2025-07-12T15:46:10.108287+00:00"", ""mode"": ""single"", ""current"": 1, ""friendly_name"": ""aut-status-bruno""}"
2025-07-12T12:46:10.118779,automation.aut_status_bruno,on,on,"{""id"": ""1751855857509"", ""last_triggered"": ""2025-07-12T15:46:10.108287+00:00"", ""mode"": ""single"", ""current"": 0, ""friendly_name"": ""aut-status-bruno""}"
2025-07-12T12:46:10.260480,automation.aut_lampada_quarto,on,on,"{""id"": ""1746067262247"", ""last_triggered"": ""2025-07-12T15:46:10.255552+00:00"", ""mode"": ""single"", ""current"": 1, ""friendly_name"": ""aut-quarto""}"
2025-07-12T12:46:10.262264,automation.aut_lampada_quarto,on,on,"{""id"": ""1746067262247"", ""last_triggered"": ""2025-07-12T15:46:10.255552+00:00"", ""mode"": ""single"", ""current"": 0, ""friendly_name"": ""aut-quarto""}"
2025-07-12T12:46:10.505595,automation.auto_banheiro,on,on,"{""id"": ""1747870075916"", ""last_triggered"": ""2025-07-12T15:46:10.500847+00:00"", ""mode"": ""single"", ""current"": 1, ""friendly_name"": ""auto-banheiro""}"
2025-07-12T12:46:10.507217,automation.auto_banheiro,on,on,"{""id"": ""1747870075916"", ""last_triggered"": ""2025-07-12T15:46:10.500847+00:00"", ""mode"": ""single"", ""current"": 0, ""friendly_name"": ""auto-banheiro""}"
2025-07-12T12:46:10.614897,sensor.arris_tg1692a_router_download_speed,0.0583181624924146,0.010680626973843,"{""state_class"": ""measurement"", ""unit_of_measurement"": ""Mbit/s"", ""device_class"": ""data_rate"", ""friendly_name"": ""ARRIS TG1692A Router Download speed""}"
2025-07-12T12:46:10.616985,sensor.arris_tg1692a_router_upload_speed,0.0583016291508146,0.0170109244230243,"{""state_class"": ""measurement"", ""unit_of_measurement"": ""Mbit/s"", ""device_class"": ""data_rate"", ""friendly_name"": ""ARRIS TG1692A Router Upload speed""}"
2025-07-12T12:46:15.505434,automation.auto_banheiro,on,on,"{""id"": ""1747870075916"", ""last_triggered"": ""2025-07-12T15:46:15.500569+00:00"", ""mode"": ""single"", ""current"": 1, ""friendly_name"": ""auto-banheiro""}"
2025-07-12T12:46:15.507018,automation.auto_banheiro,on,on,"{""id"": ""1747870075916"", ""last_triggered"": ""2025-07-12T15:46:15.500569+00:00"", ""mode"": ""single"", ""current"": 0, ""friendly_name"": ""auto-banheiro""}"
2025-07-12T12:46:20.520535,automation.auto_banheiro,on,on,"{""id"": ""1747870075916"", ""last_triggered"": ""2025-07-12T15:46:20.500951+00:00"", ""mode"": ""single"", ""current"": 1, ""friendly_name"": ""auto-banheiro""}"
2025-07-12T12:46:20.523937,automation.auto_banheiro,on,on,"{""id"": ""1747870075916"", ""last_triggered"": ""2025-07-12T15:46:20.500951+00:00"", ""mode"": ""single"", ""current"": 0, ""friendly_name"": ""auto-banheiro""}"
2025-07-12T12:46:25.505680,automation.auto_banheiro,on,on,"{""id"": ""1747870075916"", ""last_triggered"": ""2025-07-12T15:46:25.500004+00:00"", ""mode"": ""single"", ""current"": 1, ""friendly_name"": ""auto-banheiro""}"
2025-07-12T12:46:25.507265,automation.auto_banheiro,on,on,"{""id"": ""1747870075916"", ""last_triggered"": ""2025-07-12T15:46:25.500004+00:00"", ""mode"": ""single"", ""current"": 0, ""friendly_name"": ""auto-banheiro""}"
2025-07-12T12:46:30.504796,automation.auto_banheiro,on,on,"{""id"": ""1747870075916"", ""last_triggered"": ""2025-07-12T15:46:30.499994+00:00"", ""mode"": ""single"", ""current"": 1, ""friendly_name"": ""auto-banheiro""}"
2025-07-12T12:46:30.506453,automation.auto_banheiro,on,on,"{""id"": ""1747870075916"", ""last_triggered"": ""2025-07-12T15:46:30.499994+00:00"", ""mode"": ""single"", ""current"": 0, ""friendly_name"": ""auto-banheiro""}"
2025-07-12T12:46:35.505079,automation.auto_banheiro,on,on,"{""id"": ""1747870075916"", ""last_triggered"": ""2025-07-12T15:46:35.500086+00:00"", ""mode"": ""single"", ""current"": 1, ""friendly_name"": ""auto-banheiro""}"
2025-07-12T12:46:35.507146,automation.auto_banheiro,on,on,"{""id"": ""1747870075916"", ""last_triggered"": ""2025-07-12T15:46:35.500086+00:00"", ""mode"": ""single"", ""current"": 0, ""friendly_name"": ""auto-banheiro""}"
2025-07-12T12:46:40.508743,automation.auto_banheiro,on,on,"{""id"": ""1747870075916"", ""last_triggered"": ""2025-07-12T15:46:40.504073+00:00"", ""mode"": ""single"", ""current"": 1, ""friendly_name"": ""auto-banheiro""}"
2025-07-12T12:46:40.510425,automation.auto_banheiro,on,on,"{""id"": ""1747870075916"", ""last_triggered"": ""2025-07-12T15:46:40.504073+00:00"", ""mode"": ""single"", ""current"": 0, ""friendly_name"": ""auto-banheiro""}"
2025-07-12T12:46:40.621482,sensor.arris_tg1692a_router_download_speed,0.010680626973843,0.00888155322381969,"{""state_class"": ""measurement"", ""unit_of_measurement"": ""Mbit/s"", ""device_class"": ""data_rate"", ""friendly_name"": ""ARRIS TG1692A Router Download speed""}"
2025-07-12T12:46:40.623116,sensor.arris_tg1692a_router_upload_speed,0.0170109244230243,0.0040586452911348,"{""state_class"": ""measurement"", ""unit_of_measurement"": ""Mbit/s"", ""device_class"": ""data_rate"", ""friendly_name"": ""ARRIS TG1692A Router Upload speed""}"
2025-07-12T12:46:45.510096,automation.auto_banheiro,on,on,"{""id"": ""1747870075916"", ""last_triggered"": ""2025-07-12T15:46:45.500813+00:00"", ""mode"": ""single"", ""current"": 1, ""friendly_name"": ""auto-banheiro""}"
2025-07-12T12:46:45.511733,automation.auto_banheiro,on,on,"{""id"": ""1747870075916"", ""last_triggered"": ""2025-07-12T15:46:45.500813+00:00"", ""mode"": ""single"", ""current"": 0, ""friendly_name"": ""auto-banheiro""}"
2025-07-12T12:46:50.504900,automation.auto_banheiro,on,on,"{""id"": ""1747870075916"", ""last_triggered"": ""2025-07-12T15:46:50.500116+00:00"", ""mode"": ""single"", ""current"": 1, ""friendly_name"": ""auto-banheiro""}"
2025-07-12T12:46:50.506839,automation.auto_banheiro,on,on,"{""id"": ""1747870075916"", ""last_triggered"": ""2025-07-12T15:46:50.500116+00:00"", ""mode"": ""single"", ""current"": 0, ""friendly_name"": ""auto-banheiro""}"
2025-07-12T12:46:55.507689,automation.auto_banheiro,on,on,"{""id"": ""1747870075916"", ""last_triggered"": ""2025-07-12T15:46:55.500402+00:00"", ""mode"": ""single"", ""current"": 1, ""friendly_name"": ""auto-banheiro""}"
2025-07-12T12:46:55.509531,automation.auto_banheiro,on,on,"{""id"": ""1747870075916"", ""last_triggered"": ""2025-07-12T15:46:55.500402+00:00"", ""mode"": ""single"", ""current"": 0, ""friendly_name"": ""auto-banheiro""}"
2025-07-12T12:46:56.790331,media_player.lg_webos_tv_oled42c2psa_2,playing,paused,"{""source_list"": [""Amazon Alexa"", ""Amazon Music"", ""Apple TV"", ""Apps"", ""Clarovideo"", ""Compartilhamento de Ambiente para Ambiente"", ""C\u00e2mera"", ""Disney+"", ""Esportes"", ""Globoplay"", ""HDMI 1"", ""HDMI 2"", ""HDMI 3"", ""HDMI 4"", ""Hub Inicial"", ""Kanto"", ""LG Channels"", ""LG Gaming Portal"", ""Live TV"", ""Mercado Play"", ""Navegador Web"", ""Netflix"", ""Prime Video"", ""Reprodutor de M\u00eddia"", ""Sempre Pronto"", ""Twitch"", ""YouTube""], ""volume_level"": 0.12, ""is_volume_muted"": false, ""source"": ""YouTube"", ""sound_output"": ""tv_external_speaker"", ""device_class"": ""tv"", ""entity_picture"": ""/api/media_player_proxy/media_player.lg_webos_tv_oled42c2psa_2?token=7cc859caa677cb6b72c183607fe83e306f214db9fa8ef18976485f6b0cd59f6e&cache=d615266ef42c4b6f"", ""friendly_name"": ""LG webOS TV OLED42C2PSA"", ""supported_features"": 24381}"
2025-07-12T12:47:00.203657,media_player.lg_webos_tv_oled42c2psa_2,paused,idle,"{""source_list"": [""Amazon Alexa"", ""Amazon Music"", ""Apple TV"", ""Apps"", ""Clarovideo"", ""Compartilhamento de Ambiente para Ambiente"", ""C\u00e2mera"", ""Disney+"", ""Esportes"", ""Globoplay"", ""HDMI 1"", ""HDMI 2"", ""HDMI 3"", ""HDMI 4"", ""Hub Inicial"", ""Kanto"", ""LG Channels"", ""LG Gaming Portal"", ""Live TV"", ""Mercado Play"", ""Navegador Web"", ""Netflix"", ""Prime Video"", ""Reprodutor de M\u00eddia"", ""Sempre Pronto"", ""Twitch"", ""YouTube""], ""volume_level"": 0.12, ""is_volume_muted"": false, ""source"": ""YouTube"", ""sound_output"": ""tv_external_speaker"", ""device_class"": ""tv"", ""entity_picture"": ""/api/media_player_proxy/media_player.lg_webos_tv_oled42c2psa_2?token=7cc859caa677cb6b72c183607fe83e306f214db9fa8ef18976485f6b0cd59f6e&cache=d615266ef42c4b6f"", ""friendly_name"": ""LG webOS TV OLED42C2PSA"", ""supported_features"": 24381}"
2025-07-12T12:47:00.505625,automation.auto_banheiro,on,on,"{""id"": ""1747870075916"", ""last_triggered"": ""2025-07-12T15:47:00.500145+00:00"", ""mode"": ""single"", ""current"": 1, ""friendly_name"": ""auto-banheiro""}"
2025-07-12T12:47:00.507746,automation.auto_banheiro,on,on,"{""id"": ""1747870075916"", ""last_triggered"": ""2025-07-12T15:47:00.500145+00:00"", ""mode"": ""single"", ""current"": 0, ""friendly_name"": ""auto-banheiro""}"
2025-07-12T12:47:05.511599,automation.auto_banheiro,on,on,"{""id"": ""1747870075916"", ""last_triggered"": ""2025-07-12T15:47:05.501121+00:00"", ""mode"": ""single"", ""current"": 1, ""friendly_name"": ""auto-banheiro""}"
2025-07-12T12:47:05.515002,automation.auto_banheiro,on,on,"{""id"": ""1747870075916"", ""last_triggered"": ""2025-07-12T15:47:05.501121+00:00"", ""mode"": ""single"", ""current"": 0, ""friendly_name"": ""auto-banheiro""}"
2025-07-12T12:47:10.115692,automation.aut_status_bruno,on,on,"{""id"": ""1751855857509"", ""last_triggered"": ""2025-07-12T15:47:10.109120+00:00"", ""mode"": ""single"", ""current"": 1, ""friendly_name"": ""aut-status-bruno""}"
2025-07-12T12:47:10.117927,automation.aut_status_bruno,on,on,"{""id"": ""1751855857509"", ""last_triggered"": ""2025-07-12T15:47:10.109120+00:00"", ""mode"": ""single"", ""current"": 0, ""friendly_name"": ""aut-status-bruno""}"
2025-07-12T12:47:10.258548,automation.aut_lampada_quarto,on,on,"{""id"": ""1746067262247"", ""last_triggered"": ""2025-07-12T15:47:10.254534+00:00"", ""mode"": ""single"", ""current"": 1, ""friendly_name"": ""aut-quarto""}"
2025-07-12T12:47:10.260139,automation.aut_lampada_quarto,on,on,"{""id"": ""1746067262247"", ""last_triggered"": ""2025-07-12T15:47:10.254534+00:00"", ""mode"": ""single"", ""current"": 0, ""friendly_name"": ""aut-quarto""}"
2025-07-12T12:47:10.504892,automation.auto_banheiro,on,on,"{""id"": ""1747870075916"", ""last_triggered"": ""2025-07-12T15:47:10.500102+00:00"", ""mode"": ""single"", ""current"": 1, ""friendly_name"": ""auto-banheiro""}"
2025-07-12T12:47:10.506494,automation.auto_banheiro,on,on,"{""id"": ""1747870075916"", ""last_triggered"": ""2025-07-12T15:47:10.500102+00:00"", ""mode"": ""single"", ""current"": 0, ""friendly_name"": ""auto-banheiro""}"
2025-07-12T12:47:10.636504,sensor.arris_tg1692a_router_download_speed,0.00888155322381969,0.0080536142280518,"{""state_class"": ""measurement"", ""unit_of_measurement"": ""Mbit/s"", ""device_class"": ""data_rate"", ""friendly_name"": ""ARRIS TG1692A Router Download speed""}"
2025-07-12T12:47:10.638329,sensor.arris_tg1692a_router_upload_speed,0.0040586452911348,0.0073093462465117,"{""state_class"": ""measurement"", ""unit_of_measurement"": ""Mbit/s"", ""device_class"": ""data_rate"", ""friendly_name"": ""ARRIS TG1692A Router Upload speed""}"
2025-07-12T12:47:15.507009,automation.auto_banheiro,on,on,"{""id"": ""1747870075916"", ""last_triggered"": ""2025-07-12T15:47:15.500764+00:00"", ""mode"": ""single"", ""current"": 1, ""friendly_name"": ""auto-banheiro""}"
2025-07-12T12:47:15.508684,automation.auto_banheiro,on,on,"{""id"": ""1747870075916"", ""last_triggered"": ""2025-07-12T15:47:15.500764+00:00"", ""mode"": ""single"", ""current"": 0, ""friendly_name"": ""auto-banheiro""}"
2025-07-12T12:47:19.124838,media_player.lg_webos_tv_oled42c2psa_2,idle,on,"{""source_list"": [""Amazon Alexa"", ""Amazon Music"", ""Apple TV"", ""Apps"", ""Clarovideo"", ""Compartilhamento de Ambiente para Ambiente"", ""C\u00e2mera"", ""Disney+"", ""Esportes"", ""Globoplay"", ""HDMI 1"", ""HDMI 2"", ""HDMI 3"", ""HDMI 4"", ""Hub Inicial"", ""Kanto"", ""LG Channels"", ""LG Gaming Portal"", ""Live TV"", ""Mercado Play"", ""Navegador Web"", ""Netflix"", ""Prime Video"", ""Reprodutor de M\u00eddia"", ""Sempre Pronto"", ""Twitch"", ""YouTube""], ""volume_level"": 0.12, ""is_volume_muted"": false, ""source"": ""YouTube"", ""sound_output"": ""tv_external_speaker"", ""assumed_state"": true, ""device_class"": ""tv"", ""entity_picture"": ""/api/media_player_proxy/media_player.lg_webos_tv_oled42c2psa_2?token=7cc859caa677cb6b72c183607fe83e306f214db9fa8ef18976485f6b0cd59f6e&cache=d615266ef42c4b6f"", ""friendly_name"": ""LG webOS TV OLED42C2PSA"", ""supported_features"": 24381}"
2025-07-12T12:47:19.127288,automation.aut_sala,on,on,"{""id"": ""1746116908353"", ""last_triggered"": ""2025-07-12T15:47:19.121068+00:00"", ""mode"": ""single"", ""current"": 1, ""friendly_name"": ""aut-sala""}"
2025-07-12T12:47:19.128943,automation.aut_sala,on,on,"{""id"": ""1746116908353"", ""last_triggered"": ""2025-07-12T15:47:19.121068+00:00"", ""mode"": ""single"", ""current"": 0, ""friendly_name"": ""aut-sala""}"
2025-07-12T12:47:19.133835,media_player.lg_webos_tv_oled42c2psa_2,on,on,"{""source_list"": [""Amazon Alexa"", ""Amazon Music"", ""Apple TV"", ""Apps"", ""Clarovideo"", ""Compartilhamento de Ambiente para Ambiente"", ""C\u00e2mera"", ""Disney+"", ""Esportes"", ""Globoplay"", ""HDMI 1"", ""HDMI 2"", ""HDMI 3"", ""HDMI 4"", ""Hub Inicial"", ""Kanto"", ""LG Channels"", ""LG Gaming Portal"", ""Live TV"", ""Mercado Play"", ""Navegador Web"", ""Netflix"", ""Prime Video"", ""Reprodutor de M\u00eddia"", ""Sempre Pronto"", ""Twitch"", ""YouTube""], ""volume_level"": 0.12, ""is_volume_muted"": false, ""source"": ""YouTube"", ""sound_output"": ""tv_external_speaker"", ""device_class"": ""tv"", ""entity_picture"": ""/api/media_player_proxy/media_player.lg_webos_tv_oled42c2psa_2?token=7cc859caa677cb6b72c183607fe83e306f214db9fa8ef18976485f6b0cd59f6e&cache=d615266ef42c4b6f"", ""friendly_name"": ""LG webOS TV OLED42C2PSA"", ""supported_features"": 24381}"
2025-07-12T12:47:19.378859,media_player.lg_webos_tv_oled42c2psa_2,on,playing,"{""source_list"": [""Amazon Alexa"", ""Amazon Music"", ""Apple TV"", ""Apps"", ""Clarovideo"", ""Compartilhamento de Ambiente para Ambiente"", ""C\u00e2mera"", ""Disney+"", ""Esportes"", ""Globoplay"", ""HDMI 1"", ""HDMI 2"", ""HDMI 3"", ""HDMI 4"", ""Hub Inicial"", ""Kanto"", ""LG Channels"", ""LG Gaming Portal"", ""Live TV"", ""Mercado Play"", ""Navegador Web"", ""Netflix"", ""Prime Video"", ""Reprodutor de M\u00eddia"", ""Sempre Pronto"", ""Twitch"", ""YouTube""], ""volume_level"": 0.12, ""is_volume_muted"": false, ""source"": ""YouTube"", ""sound_output"": ""tv_external_speaker"", ""device_class"": ""tv"", ""entity_picture"": ""/api/media_player_proxy/media_player.lg_webos_tv_oled42c2psa_2?token=7cc859caa677cb6b72c183607fe83e306f214db9fa8ef18976485f6b0cd59f6e&cache=d615266ef42c4b6f"", ""friendly_name"": ""LG webOS TV OLED42C2PSA"", ""supported_features"": 24381}"
2025-07-12T12:47:20.504918,automation.auto_banheiro,on,on,"{""id"": ""1747870075916"", ""last_triggered"": ""2025-07-12T15:47:20.500072+00:00"", ""mode"": ""single"", ""current"": 1, ""friendly_name"": ""auto-banheiro""}"
2025-07-12T12:47:20.506483,automation.auto_banheiro,on,on,"{""id"": ""1747870075916"", ""last_triggered"": ""2025-07-12T15:47:20.500072+00:00"", ""mode"": ""single"", ""current"": 0, ""friendly_name"": ""auto-banheiro""}"
2025-07-12T12:47:25.506349,automation.auto_banheiro,on,on,"{""id"": ""1747870075916"", ""last_triggered"": ""2025-07-12T15:47:25.500661+00:00"", ""mode"": ""single"", ""current"": 1, ""friendly_name"": ""auto-banheiro""}"
2025-07-12T12:47:25.508317,automation.auto_banheiro,on,on,"{""id"": ""1747870075916"", ""last_triggered"": ""2025-07-12T15:47:25.500661+00:00"", ""mode"": ""single"", ""current"": 0, ""friendly_name"": ""auto-banheiro""}"
2025-07-12T12:47:30.515476,automation.auto_banheiro,on,on,"{""id"": ""1747870075916"", ""last_triggered"": ""2025-07-12T15:47:30.500715+00:00"", ""mode"": ""single"", ""current"": 1, ""friendly_name"": ""auto-banheiro""}"
2025-07-12T12:47:30.518540,automation.auto_banheiro,on,on,"{""id"": ""1747870075916"", ""last_triggered"": ""2025-07-12T15:47:30.500715+00:00"", ""mode"": ""single"", ""current"": 0, ""friendly_name"": ""auto-banheiro""}"
2025-07-12T12:47:35.504865,automation.auto_banheiro,on,on,"{""id"": ""1747870075916"", ""last_triggered"": ""2025-07-12T15:47:35.500027+00:00"", ""mode"": ""single"", ""current"": 1, ""friendly_name"": ""auto-banheiro""}"
2025-07-12T12:47:35.506491,automation.auto_banheiro,on,on,"{""id"": ""1747870075916"", ""last_triggered"": ""2025-07-12T15:47:35.500027+00:00"", ""mode"": ""single"", ""current"": 0, ""friendly_name"": ""auto-banheiro""}"
2025-07-12T12:47:40.506145,automation.auto_banheiro,on,on,"{""id"": ""1747870075916"", ""last_triggered"": ""2025-07-12T15:47:40.500621+00:00"", ""mode"": ""single"", ""current"": 1, ""friendly_name"": ""auto-banheiro""}"
2025-07-12T12:47:40.507781,automation.auto_banheiro,on,on,"{""id"": ""1747870075916"", ""last_triggered"": ""2025-07-12T15:47:40.500621+00:00"", ""mode"": ""single"", ""current"": 0, ""friendly_name"": ""auto-banheiro""}"
2025-07-12T12:47:40.613729,sensor.arris_tg1692a_router_download_speed,0.0080536142280518,0.0078349941851215,"{""state_class"": ""measurement"", ""unit_of_measurement"": ""Mbit/s"", ""device_class"": ""data_rate"", ""friendly_name"": ""ARRIS TG1692A Router Download speed""}"
2025-07-12T12:47:40.615464,sensor.arris_tg1692a_router_upload_speed,0.0073093462465117,0.00898220309511071,"{""state_class"": ""measurement"", ""unit_of_measurement"": ""Mbit/s"", ""device_class"": ""data_rate"", ""friendly_name"": ""ARRIS TG1692A Router Upload speed""}"
2025-07-12T12:47:42.020418,sun.sun,above_horizon,above_horizon,"{""next_dawn"": ""2025-07-13T08:34:17.857562+00:00"", ""next_dusk"": ""2025-07-12T20:45:20.313231+00:00"", ""next_midnight"": ""2025-07-13T02:39:54+00:00"", ""next_noon"": ""2025-07-13T14:39:50+00:00"", ""next_rising"": ""2025-07-13T08:57:32.537391+00:00"", ""next_setting"": ""2025-07-12T20:22:04.562792+00:00"", ""elevation"": 51.37, ""azimuth"": 334.29, ""rising"": false, ""friendly_name"": ""Sun""}"
2025-07-12T12:47:45.563004,automation.auto_banheiro,on,on,"{""id"": ""1747870075916"", ""last_triggered"": ""2025-07-12T15:47:45.500354+00:00"", ""mode"": ""single"", ""current"": 1, ""friendly_name"": ""auto-banheiro""}"
2025-07-12T12:47:45.564796,automation.auto_banheiro,on,on,"{""id"": ""1747870075916"", ""last_triggered"": ""2025-07-12T15:47:45.500354+00:00"", ""mode"": ""single"", ""current"": 0, ""friendly_name"": ""auto-banheiro""}"
2025-07-12T12:47:50.512536,automation.auto_banheiro,on,on,"{""id"": ""1747870075916"", ""last_triggered"": ""2025-07-12T15:47:50.501029+00:00"", ""mode"": ""single"", ""current"": 1, ""friendly_name"": ""auto-banheiro""}"
2025-07-12T12:47:50.516154,automation.auto_banheiro,on,on,"{""id"": ""1747870075916"", ""last_triggered"": ""2025-07-12T15:47:50.501029+00:00"", ""mode"": ""single"", ""current"": 0, ""friendly_name"": ""auto-banheiro""}"
2025-07-12T12:47:55.506024,automation.auto_banheiro,on,on,"{""id"": ""1747870075916"", ""last_triggered"": ""2025-07-12T15:47:55.501257+00:00"", ""mode"": ""single"", ""current"": 1, ""friendly_name"": ""auto-banheiro""}"
2025-07-12T12:47:55.507825,automation.auto_banheiro,on,on,"{""id"": ""1747870075916"", ""last_triggered"": ""2025-07-12T15:47:55.501257+00:00"", ""mode"": ""single"", ""current"": 0, ""friendly_name"": ""auto-banheiro""}"
2025-07-12T12:48:00.505591,automation.auto_banheiro,on,on,"{""id"": ""1747870075916"", ""last_triggered"": ""2025-07-12T15:48:00.500842+00:00"", ""mode"": ""single"", ""current"": 1, ""friendly_name"": ""auto-banheiro""}"
2025-07-12T12:48:00.507357,automation.auto_banheiro,on,on,"{""id"": ""1747870075916"", ""last_triggered"": ""2025-07-12T15:48:00.500842+00:00"", ""mode"": ""single"", ""current"": 0, ""friendly_name"": ""auto-banheiro""}"
2025-07-12T12:48:05.511418,automation.auto_banheiro,on,on,"{""id"": ""1747870075916"", ""last_triggered"": ""2025-07-12T15:48:05.500837+00:00"", ""mode"": ""single"", ""current"": 1, ""friendly_name"": ""auto-banheiro""}"
2025-07-12T12:48:05.514856,automation.auto_banheiro,on,on,"{""id"": ""1747870075916"", ""last_triggered"": ""2025-07-12T15:48:05.500837+00:00"", ""mode"": ""single"", ""current"": 0, ""friendly_name"": ""auto-banheiro""}"
2025-07-12T12:48:10.117330,automation.aut_status_bruno,on,on,"{""id"": ""1751855857509"", ""last_triggered"": ""2025-07-12T15:48:10.107968+00:00"", ""mode"": ""single"", ""current"": 1, ""friendly_name"": ""aut-status-bruno""}"
2025-07-12T12:48:10.119192,automation.aut_status_bruno,on,on,"{""id"": ""1751855857509"", ""last_triggered"": ""2025-07-12T15:48:10.107968+00:00"", ""mode"": ""single"", ""current"": 0, ""friendly_name"": ""aut-status-bruno""}"
2025-07-12T12:48:10.259380,automation.aut_lampada_quarto,on,on,"{""id"": ""1746067262247"", ""last_triggered"": ""2025-07-12T15:48:10.255421+00:00"", ""mode"": ""single"", ""current"": 1, ""friendly_name"": ""aut-quarto""}"
2025-07-12T12:48:10.260997,automation.aut_lampada_quarto,on,on,"{""id"": ""1746067262247"", ""last_triggered"": ""2025-07-12T15:48:10.255421+00:00"", ""mode"": ""single"", ""current"": 0, ""friendly_name"": ""aut-quarto""}"
2025-07-12T12:48:10.504659,automation.auto_banheiro,on,on,"{""id"": ""1747870075916"", ""last_triggered"": ""2025-07-12T15:48:10.499946+00:00"", ""mode"": ""single"", ""current"": 1, ""friendly_name"": ""auto-banheiro""}"
2025-07-12T12:48:10.506244,automation.auto_banheiro,on,on,"{""id"": ""1747870075916"", ""last_triggered"": ""2025-07-12T15:48:10.499946+00:00"", ""mode"": ""single"", ""current"": 0, ""friendly_name"": ""auto-banheiro""}"
2025-07-12T12:48:10.615768,sensor.arris_tg1692a_router_download_speed,0.0078349941851215,0.00224079813266822,"{""state_class"": ""measurement"", ""unit_of_measurement"": ""Mbit/s"", ""device_class"": ""data_rate"", ""friendly_name"": ""ARRIS TG1692A Router Download speed""}"
2025-07-12T12:48:10.618547,sensor.arris_tg1692a_router_upload_speed,0.00898220309511071,0.00215946486711261,"{""state_class"": ""measurement"", ""unit_of_measurement"": ""Mbit/s"", ""device_class"": ""data_rate"", ""friendly_name"": ""ARRIS TG1692A Router Upload speed""}"
2025-07-12T12:48:15.505511,automation.auto_banheiro,on,on,"{""id"": ""1747870075916"", ""last_triggered"": ""2025-07-12T15:48:15.500767+00:00"", ""mode"": ""single"", ""current"": 1, ""friendly_name"": ""auto-banheiro""}"
2025-07-12T12:48:15.507156,automation.auto_banheiro,on,on,"{""id"": ""1747870075916"", ""last_triggered"": ""2025-07-12T15:48:15.500767+00:00"", ""mode"": ""single"", ""current"": 0, ""friendly_name"": ""auto-banheiro""}"
2025-07-12T12:48:20.510300,automation.auto_banheiro,on,on,"{""id"": ""1747870075916"", ""last_triggered"": ""2025-07-12T15:48:20.500588+00:00"", ""mode"": ""single"", ""current"": 1, ""friendly_name"": ""auto-banheiro""}"
2025-07-12T12:48:20.512808,automation.auto_banheiro,on,on,"{""id"": ""1747870075916"", ""last_triggered"": ""2025-07-12T15:48:20.500588+00:00"", ""mode"": ""single"", ""current"": 0, ""friendly_name"": ""auto-banheiro""}"
2025-07-12T12:48:25.507449,automation.auto_banheiro,on,on,"{""id"": ""1747870075916"", ""last_triggered"": ""2025-07-12T15:48:25.501570+00:00"", ""mode"": ""single"", ""current"": 1, ""friendly_name"": ""auto-banheiro""}"
2025-07-12T12:48:25.509310,automation.auto_banheiro,on,on,"{""id"": ""1747870075916"", ""last_triggered"": ""2025-07-12T15:48:25.501570+00:00"", ""mode"": ""single"", ""current"": 0, ""friendly_name"": ""auto-banheiro""}"
2025-07-12T12:48:30.506535,automation.auto_banheiro,on,on,"{""id"": ""1747870075916"", ""last_triggered"": ""2025-07-12T15:48:30.501793+00:00"", ""mode"": ""single"", ""current"": 1, ""friendly_name"": ""auto-banheiro""}"
2025-07-12T12:48:30.508323,automation.auto_banheiro,on,on,"{""id"": ""1747870075916"", ""last_triggered"": ""2025-07-12T15:48:30.501793+00:00"", ""mode"": ""single"", ""current"": 0, ""friendly_name"": ""auto-banheiro""}"
2025-07-12T12:48:35.520893,automation.auto_banheiro,on,on,"{""id"": ""1747870075916"", ""last_triggered"": ""2025-07-12T15:48:35.502633+00:00"", ""mode"": ""single"", ""current"": 1, ""friendly_name"": ""auto-banheiro""}"
2025-07-12T12:48:35.523995,automation.auto_banheiro,on,on,"{""id"": ""1747870075916"", ""last_triggered"": ""2025-07-12T15:48:35.502633+00:00"", ""mode"": ""single"", ""current"": 0, ""friendly_name"": ""auto-banheiro""}"
2025-07-12T12:48:40.505274,automation.auto_banheiro,on,on,"{""id"": ""1747870075916"", ""last_triggered"": ""2025-07-12T15:48:40.500342+00:00"", ""mode"": ""single"", ""current"": 1, ""friendly_name"": ""auto-banheiro""}"
2025-07-12T12:48:40.506868,automation.auto_banheiro,on,on,"{""id"": ""1747870075916"", ""last_triggered"": ""2025-07-12T15:48:40.500342+00:00"", ""mode"": ""single"", ""current"": 0, ""friendly_name"": ""auto-banheiro""}"
2025-07-12T12:48:40.611729,sensor.arris_tg1692a_router_download_speed,0.00224079813266822,0.00387071646988525,"{""state_class"": ""measurement"", ""unit_of_measurement"": ""Mbit/s"", ""device_class"": ""data_rate"", ""friendly_name"": ""ARRIS TG1692A Router Download speed""}"
2025-07-12T12:48:40.615377,sensor.arris_tg1692a_router_upload_speed,0.00215946486711261,0.00401898504427424,"{""state_class"": ""measurement"", ""unit_of_measurement"": ""Mbit/s"", ""device_class"": ""data_rate"", ""friendly_name"": ""ARRIS TG1692A Router Upload speed""}"
2025-07-12T12:48:45.509369,automation.auto_banheiro,on,on,"{""id"": ""1747870075916"", ""last_triggered"": ""2025-07-12T15:48:45.501230+00:00"", ""mode"": ""single"", ""current"": 1, ""friendly_name"": ""auto-banheiro""}"
2025-07-12T12:48:45.511073,automation.auto_banheiro,on,on,"{""id"": ""1747870075916"", ""last_triggered"": ""2025-07-12T15:48:45.501230+00:00"", ""mode"": ""single"", ""current"": 0, ""friendly_name"": ""auto-banheiro""}"
2025-07-12T12:48:50.511343,automation.auto_banheiro,on,on,"{""id"": ""1747870075916"", ""last_triggered"": ""2025-07-12T15:48:50.501797+00:00"", ""mode"": ""single"", ""current"": 1, ""friendly_name"": ""auto-banheiro""}"
2025-07-12T12:48:50.514323,automation.auto_banheiro,on,on,"{""id"": ""1747870075916"", ""last_triggered"": ""2025-07-12T15:48:50.501797+00:00"", ""mode"": ""single"", ""current"": 0, ""friendly_name"": ""auto-banheiro""}"
2025-07-12T12:48:55.510231,automation.auto_banheiro,on,on,"{""id"": ""1747870075916"", ""last_triggered"": ""2025-07-12T15:48:55.500518+00:00"", ""mode"": ""single"", ""current"": 1, ""friendly_name"": ""auto-banheiro""}"
2025-07-12T12:48:55.512145,automation.auto_banheiro,on,on,"{""id"": ""1747870075916"", ""last_triggered"": ""2025-07-12T15:48:55.500518+00:00"", ""mode"": ""single"", ""current"": 0, ""friendly_name"": ""auto-banheiro""}"
2025-07-12T12:49:00.505155,automation.auto_banheiro,on,on,"{""id"": ""1747870075916"", ""last_triggered"": ""2025-07-12T15:49:00.499978+00:00"", ""mode"": ""single"", ""current"": 1, ""friendly_name"": ""auto-banheiro""}"
2025-07-12T12:49:00.507062,automation.auto_banheiro,on,on,"{""id"": ""1747870075916"", ""last_triggered"": ""2025-07-12T15:49:00.499978+00:00"", ""mode"": ""single"", ""current"": 0, ""friendly_name"": ""auto-banheiro""}"
2025-07-12T12:49:05.512193,automation.auto_banheiro,on,on,"{""id"": ""1747870075916"", ""last_triggered"": ""2025-07-12T15:49:05.500622+00:00"", ""mode"": ""single"", ""current"": 1, ""friendly_name"": ""auto-banheiro""}"
2025-07-12T12:49:05.514405,automation.auto_banheiro,on,on,"{""id"": ""1747870075916"", ""last_triggered"": ""2025-07-12T15:49:05.500622+00:00"", ""mode"": ""single"", ""current"": 0, ""friendly_name"": ""auto-banheiro""}"
2025-07-12T12:49:10.124878,automation.aut_status_bruno,on,on,"{""id"": ""1751855857509"", ""last_triggered"": ""2025-07-12T15:49:10.109048+00:00"", ""mode"": ""single"", ""current"": 1, ""friendly_name"": ""aut-status-bruno""}"
2025-07-12T12:49:10.129956,automation.aut_status_bruno,on,on,"{""id"": ""1751855857509"", ""last_triggered"": ""2025-07-12T15:49:10.109048+00:00"", ""mode"": ""single"", ""current"": 0, ""friendly_name"": ""aut-status-bruno""}"
2025-07-12T12:49:10.263238,automation.aut_lampada_quarto,on,on,"{""id"": ""1746067262247"", ""last_triggered"": ""2025-07-12T15:49:10.254864+00:00"", ""mode"": ""single"", ""current"": 1, ""friendly_name"": ""aut-quarto""}"
2025-07-12T12:49:10.267045,automation.aut_lampada_quarto,on,on,"{""id"": ""1746067262247"", ""last_triggered"": ""2025-07-12T15:49:10.254864+00:00"", ""mode"": ""single"", ""current"": 0, ""friendly_name"": ""aut-quarto""}"
2025-07-12T12:49:10.516020,automation.auto_banheiro,on,on,"{""id"": ""1747870075916"", ""last_triggered"": ""2025-07-12T15:49:10.502202+00:00"", ""mode"": ""single"", ""current"": 1, ""friendly_name"": ""auto-banheiro""}"
2025-07-12T12:49:10.518903,automation.auto_banheiro,on,on,"{""id"": ""1747870075916"", ""last_triggered"": ""2025-07-12T15:49:10.502202+00:00"", ""mode"": ""single"", ""current"": 0, ""friendly_name"": ""auto-banheiro""}"
2025-07-12T12:49:10.619059,sensor.arris_tg1692a_router_download_speed,0.00387071646988525,0.00704840458247629,"{""state_class"": ""measurement"", ""unit_of_measurement"": ""Mbit/s"", ""device_class"": ""data_rate"", ""friendly_name"": ""ARRIS TG1692A Router Download speed""}"
2025-07-12T12:49:10.621797,sensor.arris_tg1692a_router_upload_speed,0.00401898504427424,0.00355540172132856,"{""state_class"": ""measurement"", ""unit_of_measurement"": ""Mbit/s"", ""device_class"": ""data_rate"", ""friendly_name"": ""ARRIS TG1692A Router Upload speed""}"
2025-07-12T12:49:15.506091,automation.auto_banheiro,on,on,"{""id"": ""1747870075916"", ""last_triggered"": ""2025-07-12T15:49:15.501093+00:00"", ""mode"": ""single"", ""current"": 1, ""friendly_name"": ""auto-banheiro""}"
2025-07-12T12:49:15.507842,automation.auto_banheiro,on,on,"{""id"": ""1747870075916"", ""last_triggered"": ""2025-07-12T15:49:15.501093+00:00"", ""mode"": ""single"", ""current"": 0, ""friendly_name"": ""auto-banheiro""}"
2025-07-12T12:49:20.504555,automation.auto_banheiro,on,on,"{""id"": ""1747870075916"", ""last_triggered"": ""2025-07-12T15:49:20.499878+00:00"", ""mode"": ""single"", ""current"": 1, ""friendly_name"": ""auto-banheiro""}"
2025-07-12T12:49:20.507566,automation.auto_banheiro,on,on,"{""id"": ""1747870075916"", ""last_triggered"": ""2025-07-12T15:49:20.499878+00:00"", ""mode"": ""single"", ""current"": 0, ""friendly_name"": ""auto-banheiro""}"
2025-07-12T12:49:25.170912,camera.192_168_0_33,idle,idle,"{""access_token"": ""cf91f2b74474987d4510b7c5f0c738ddfe22543297bf3a0c4112f2fe92bbdba7"", ""entity_picture"": ""/api/camera_proxy/camera.192_168_0_33?token=cf91f2b74474987d4510b7c5f0c738ddfe22543297bf3a0c4112f2fe92bbdba7"", ""friendly_name"": ""192_168_0_14"", ""supported_features"": 2}"
2025-07-12T12:49:25.172775,camera.admin_mainstream,idle,idle,"{""access_token"": ""c77802a88cb1c34b1c3bc4adca3a5f10f13695a1a02287dc116c3a6d878404a9"", ""entity_picture"": ""/api/camera_proxy/camera.admin_mainstream?token=c77802a88cb1c34b1c3bc4adca3a5f10f13695a1a02287dc116c3a6d878404a9"", ""friendly_name"": ""admin MainStream"", ""supported_features"": 2}"
2025-07-12T12:49:25.174460,camera.admin_substream,idle,idle,"{""access_token"": ""56127d437307dabb904b3b11554504aa623d9a7662f9e41c9ed19d2383537664"", ""entity_picture"": ""/api/camera_proxy/camera.admin_substream?token=56127d437307dabb904b3b11554504aa623d9a7662f9e41c9ed19d2383537664"", ""friendly_name"": ""admin SubStream"", ""supported_features"": 2}"
2025-07-12T12:49:25.505042,automation.auto_banheiro,on,on,"{""id"": ""1747870075916"", ""last_triggered"": ""2025-07-12T15:49:25.500183+00:00"", ""mode"": ""single"", ""current"": 1, ""friendly_name"": ""auto-banheiro""}"
2025-07-12T12:49:25.506717,automation.auto_banheiro,on,on,"{""id"": ""1747870075916"", ""last_triggered"": ""2025-07-12T15:49:25.500183+00:00"", ""mode"": ""single"", ""current"": 0, ""friendly_name"": ""auto-banheiro""}"
2025-07-12T12:49:30.424703,sensor.tomada_mesa_de_trabalho_current,0.089,0.09,"{""state_class"": ""measurement"", ""unit_of_measurement"": ""A"", ""device_class"": ""current"", ""friendly_name"": ""Tomada mesa de trabalho Current""}"
2025-07-12T12:49:30.428485,sensor.tomada_mesa_de_trabalho_power,4.5,4.6,"{""state_class"": ""measurement"", ""unit_of_measurement"": ""W"", ""device_class"": ""power"", ""friendly_name"": ""Tomada mesa de trabalho Power""}"
2025-07-12T12:49:30.432145,sensor.tomada_mesa_de_trabalho_voltage,129.5,131.6,"{""state_class"": ""measurement"", ""unit_of_measurement"": ""V"", ""device_class"": ""voltage"", ""friendly_name"": ""Tomada mesa de trabalho Voltage""}"
2025-07-12T12:49:30.512017,automation.auto_banheiro,on,on,"{""id"": ""1747870075916"", ""last_triggered"": ""2025-07-12T15:49:30.502185+00:00"", ""mode"": ""single"", ""current"": 1, ""friendly_name"": ""auto-banheiro""}"
2025-07-12T12:49:30.514764,automation.auto_banheiro,on,on,"{""id"": ""1747870075916"", ""last_triggered"": ""2025-07-12T15:49:30.502185+00:00"", ""mode"": ""single"", ""current"": 0, ""friendly_name"": ""auto-banheiro""}"
2025-07-12T12:49:35.505024,automation.auto_banheiro,on,on,"{""id"": ""1747870075916"", ""last_triggered"": ""2025-07-12T15:49:35.500149+00:00"", ""mode"": ""single"", ""current"": 1, ""friendly_name"": ""auto-banheiro""}"
2025-07-12T12:49:35.506729,automation.auto_banheiro,on,on,"{""id"": ""1747870075916"", ""last_triggered"": ""2025-07-12T15:49:35.500149+00:00"", ""mode"": ""single"", ""current"": 0, ""friendly_name"": ""auto-banheiro""}"
2025-07-12T12:49:40.507406,automation.auto_banheiro,on,on,"{""id"": ""1747870075916"", ""last_triggered"": ""2025-07-12T15:49:40.500261+00:00"", ""mode"": ""single"", ""current"": 1, ""friendly_name"": ""auto-banheiro""}"
2025-07-12T12:49:40.510673,automation.auto_banheiro,on,on,"{""id"": ""1747870075916"", ""last_triggered"": ""2025-07-12T15:49:40.500261+00:00"", ""mode"": ""single"", ""current"": 0, ""friendly_name"": ""auto-banheiro""}"
2025-07-12T12:49:40.620921,sensor.arris_tg1692a_router_download_speed,0.00704840458247629,0.00537899685321884,"{""state_class"": ""measurement"", ""unit_of_measurement"": ""Mbit/s"", ""device_class"": ""data_rate"", ""friendly_name"": ""ARRIS TG1692A Router Download speed""}"
2025-07-12T12:49:40.622500,sensor.arris_tg1692a_router_upload_speed,0.00355540172132856,0.00378492372271407,"{""state_class"": ""measurement"", ""unit_of_measurement"": ""Mbit/s"", ""device_class"": ""data_rate"", ""friendly_name"": ""ARRIS TG1692A Router Upload speed""}"
2025-07-12T12:49:45.515601,automation.auto_banheiro,on,on,"{""id"": ""1747870075916"", ""last_triggered"": ""2025-07-12T15:49:45.500075+00:00"", ""mode"": ""single"", ""current"": 1, ""friendly_name"": ""auto-banheiro""}"
2025-07-12T12:49:45.517285,automation.auto_banheiro,on,on,"{""id"": ""1747870075916"", ""last_triggered"": ""2025-07-12T15:49:45.500075+00:00"", ""mode"": ""single"", ""current"": 0, ""friendly_name"": ""auto-banheiro""}"
2025-07-12T12:49:50.509095,automation.auto_banheiro,on,on,"{""id"": ""1747870075916"", ""last_triggered"": ""2025-07-12T15:49:50.500025+00:00"", ""mode"": ""single"", ""current"": 1, ""friendly_name"": ""auto-banheiro""}"
2025-07-12T12:49:50.510780,automation.auto_banheiro,on,on,"{""id"": ""1747870075916"", ""last_triggered"": ""2025-07-12T15:49:50.500025+00:00"", ""mode"": ""single"", ""current"": 0, ""friendly_name"": ""auto-banheiro""}"
2025-07-12T12:49:55.513983,automation.auto_banheiro,on,on,"{""id"": ""1747870075916"", ""last_triggered"": ""2025-07-12T15:49:55.501664+00:00"", ""mode"": ""single"", ""current"": 1, ""friendly_name"": ""auto-banheiro""}"
2025-07-12T12:49:55.517449,automation.auto_banheiro,on,on,"{""id"": ""1747870075916"", ""last_triggered"": ""2025-07-12T15:49:55.501664+00:00"", ""mode"": ""single"", ""current"": 0, ""friendly_name"": ""auto-banheiro""}"
2025-07-12T12:50:00.506052,automation.auto_banheiro,on,on,"{""id"": ""1747870075916"", ""last_triggered"": ""2025-07-12T15:50:00.501270+00:00"", ""mode"": ""single"", ""current"": 1, ""friendly_name"": ""auto-banheiro""}"
2025-07-12T12:50:00.507783,automation.auto_banheiro,on,on,"{""id"": ""1747870075916"", ""last_triggered"": ""2025-07-12T15:50:00.501270+00:00"", ""mode"": ""single"", ""current"": 0, ""friendly_name"": ""auto-banheiro""}"
2025-07-12T12:50:05.513703,automation.auto_banheiro,on,on,"{""id"": ""1747870075916"", ""last_triggered"": ""2025-07-12T15:50:05.501473+00:00"", ""mode"": ""single"", ""current"": 1, ""friendly_name"": ""auto-banheiro""}"
2025-07-12T12:50:05.517823,automation.auto_banheiro,on,on,"{""id"": ""1747870075916"", ""last_triggered"": ""2025-07-12T15:50:05.501473+00:00"", ""mode"": ""single"", ""current"": 0, ""friendly_name"": ""auto-banheiro""}"
2025-07-12T12:50:10.118460,automation.aut_status_bruno,on,on,"{""id"": ""1751855857509"", ""last_triggered"": ""2025-07-12T15:50:10.107794+00:00"", ""mode"": ""single"", ""current"": 1, ""friendly_name"": ""aut-status-bruno""}"
2025-07-12T12:50:10.121176,automation.aut_status_bruno,on,on,"{""id"": ""1751855857509"", ""last_triggered"": ""2025-07-12T15:50:10.107794+00:00"", ""mode"": ""single"", ""current"": 0, ""friendly_name"": ""aut-status-bruno""}"
2025-07-12T12:50:10.259354,automation.aut_lampada_quarto,on,on,"{""id"": ""1746067262247"", ""last_triggered"": ""2025-07-12T15:50:10.254821+00:00"", ""mode"": ""single"", ""current"": 1, ""friendly_name"": ""aut-quarto""}"
2025-07-12T12:50:10.261689,automation.aut_lampada_quarto,on,on,"{""id"": ""1746067262247"", ""last_triggered"": ""2025-07-12T15:50:10.254821+00:00"", ""mode"": ""single"", ""current"": 0, ""friendly_name"": ""aut-quarto""}"
2025-07-12T12:50:10.505543,automation.auto_banheiro,on,on,"{""id"": ""1747870075916"", ""last_triggered"": ""2025-07-12T15:50:10.500437+00:00"", ""mode"": ""single"", ""current"": 1, ""friendly_name"": ""auto-banheiro""}"
2025-07-12T12:50:10.507506,automation.auto_banheiro,on,on,"{""id"": ""1747870075916"", ""last_triggered"": ""2025-07-12T15:50:10.500437+00:00"", ""mode"": ""single"", ""current"": 0, ""friendly_name"": ""auto-banheiro""}"
2025-07-12T12:50:10.639535,sensor.arris_tg1692a_router_download_speed,0.00537899685321884,0.00402814756447244,"{""state_class"": ""measurement"", ""unit_of_measurement"": ""Mbit/s"", ""device_class"": ""data_rate"", ""friendly_name"": ""ARRIS TG1692A Router Download speed""}"
2025-07-12T12:50:10.641022,sensor.arris_tg1692a_router_upload_speed,0.00378492372271407,0.00185446793534203,"{""state_class"": ""measurement"", ""unit_of_measurement"": ""Mbit/s"", ""device_class"": ""data_rate"", ""friendly_name"": ""ARRIS TG1692A Router Upload speed""}"
2025-07-12T12:50:15.504979,automation.auto_banheiro,on,on,"{""id"": ""1747870075916"", ""last_triggered"": ""2025-07-12T15:50:15.500130+00:00"", ""mode"": ""single"", ""current"": 1, ""friendly_name"": ""auto-banheiro""}"
2025-07-12T12:50:15.506563,automation.auto_banheiro,on,on,"{""id"": ""1747870075916"", ""last_triggered"": ""2025-07-12T15:50:15.500130+00:00"", ""mode"": ""single"", ""current"": 0, ""friendly_name"": ""auto-banheiro""}"
2025-07-12T12:50:20.504730,automation.auto_banheiro,on,on,"{""id"": ""1747870075916"", ""last_triggered"": ""2025-07-12T15:50:20.499971+00:00"", ""mode"": ""single"", ""current"": 1, ""friendly_name"": ""auto-banheiro""}"
2025-07-12T12:50:20.506503,automation.auto_banheiro,on,on,"{""id"": ""1747870075916"", ""last_triggered"": ""2025-07-12T15:50:20.499971+00:00"", ""mode"": ""single"", ""current"": 0, ""friendly_name"": ""auto-banheiro""}"
2025-07-12T12:50:25.509768,automation.auto_banheiro,on,on,"{""id"": ""1747870075916"", ""last_triggered"": ""2025-07-12T15:50:25.500375+00:00"", ""mode"": ""single"", ""current"": 1, ""friendly_name"": ""auto-banheiro""}"
2025-07-12T12:50:25.511588,automation.auto_banheiro,on,on,"{""id"": ""1747870075916"", ""last_triggered"": ""2025-07-12T15:50:25.500375+00:00"", ""mode"": ""single"", ""current"": 0, ""friendly_name"": ""auto-banheiro""}"
2025-07-12T12:50:25.604349,media_player.lg_webos_tv_oled42c2psa_2,playing,paused,"{""source_list"": [""Amazon Alexa"", ""Amazon Music"", ""Apple TV"", ""Apps"", ""Clarovideo"", ""Compartilhamento de Ambiente para Ambiente"", ""C\u00e2mera"", ""Disney+"", ""Esportes"", ""Globoplay"", ""HDMI 1"", ""HDMI 2"", ""HDMI 3"", ""HDMI 4"", ""Hub Inicial"", ""Kanto"", ""LG Channels"", ""LG Gaming Portal"", ""Live TV"", ""Mercado Play"", ""Navegador Web"", ""Netflix"", ""Prime Video"", ""Reprodutor de M\u00eddia"", ""Sempre Pronto"", ""Twitch"", ""YouTube""], ""volume_level"": 0.12, ""is_volume_muted"": false, ""source"": ""YouTube"", ""sound_output"": ""tv_external_speaker"", ""device_class"": ""tv"", ""entity_picture"": ""/api/media_player_proxy/media_player.lg_webos_tv_oled42c2psa_2?token=7cc859caa677cb6b72c183607fe83e306f214db9fa8ef18976485f6b0cd59f6e&cache=d615266ef42c4b6f"", ""friendly_name"": ""LG webOS TV OLED42C2PSA"", ""supported_features"": 24381}"
2025-07-12T12:50:30.514472,automation.auto_banheiro,on,on,"{""id"": ""1747870075916"", ""last_triggered"": ""2025-07-12T15:50:30.501001+00:00"", ""mode"": ""single"", ""current"": 1, ""friendly_name"": ""auto-banheiro""}"
2025-07-12T12:50:30.517594,automation.auto_banheiro,on,on,"{""id"": ""1747870075916"", ""last_triggered"": ""2025-07-12T15:50:30.501001+00:00"", ""mode"": ""single"", ""current"": 0, ""friendly_name"": ""auto-banheiro""}"
2025-07-12T12:50:31.114409,media_player.lg_webos_tv_oled42c2psa_2,paused,idle,"{""source_list"": [""Amazon Alexa"", ""Amazon Music"", ""Apple TV"", ""Apps"", ""Clarovideo"", ""Compartilhamento de Ambiente para Ambiente"", ""C\u00e2mera"", ""Disney+"", ""Esportes"", ""Globoplay"", ""HDMI 1"", ""HDMI 2"", ""HDMI 3"", ""HDMI 4"", ""Hub Inicial"", ""Kanto"", ""LG Channels"", ""LG Gaming Portal"", ""Live TV"", ""Mercado Play"", ""Navegador Web"", ""Netflix"", ""Prime Video"", ""Reprodutor de M\u00eddia"", ""Sempre Pronto"", ""Twitch"", ""YouTube""], ""volume_level"": 0.12, ""is_volume_muted"": false, ""source"": ""YouTube"", ""sound_output"": ""tv_external_speaker"", ""device_class"": ""tv"", ""entity_picture"": ""/api/media_player_proxy/media_player.lg_webos_tv_oled42c2psa_2?token=7cc859caa677cb6b72c183607fe83e306f214db9fa8ef18976485f6b0cd59f6e&cache=d615266ef42c4b6f"", ""friendly_name"": ""LG webOS TV OLED42C2PSA"", ""supported_features"": 24381}"
2025-07-12T12:50:32.127879,media_player.lg_webos_tv_oled42c2psa_2,idle,on,"{""source_list"": [""Amazon Alexa"", ""Amazon Music"", ""Apple TV"", ""Apps"", ""Clarovideo"", ""Compartilhamento de Ambiente para Ambiente"", ""C\u00e2mera"", ""Disney+"", ""Esportes"", ""Globoplay"", ""HDMI 1"", ""HDMI 2"", ""HDMI 3"", ""HDMI 4"", ""Hub Inicial"", ""Kanto"", ""LG Channels"", ""LG Gaming Portal"", ""Live TV"", ""Mercado Play"", ""Navegador Web"", ""Netflix"", ""Prime Video"", ""Reprodutor de M\u00eddia"", ""Sempre Pronto"", ""Twitch"", ""YouTube""], ""volume_level"": 0.12, ""is_volume_muted"": false, ""source"": ""YouTube"", ""sound_output"": ""tv_external_speaker"", ""assumed_state"": true, ""device_class"": ""tv"", ""entity_picture"": ""/api/media_player_proxy/media_player.lg_webos_tv_oled42c2psa_2?token=7cc859caa677cb6b72c183607fe83e306f214db9fa8ef18976485f6b0cd59f6e&cache=d615266ef42c4b6f"", ""friendly_name"": ""LG webOS TV OLED42C2PSA"", ""supported_features"": 24381}"
2025-07-12T12:50:32.133322,automation.aut_sala,on,on,"{""id"": ""1746116908353"", ""last_triggered"": ""2025-07-12T15:50:32.115470+00:00"", ""mode"": ""single"", ""current"": 1, ""friendly_name"": ""aut-sala""}"
2025-07-12T12:50:32.137235,automation.aut_sala,on,on,"{""id"": ""1746116908353"", ""last_triggered"": ""2025-07-12T15:50:32.115470+00:00"", ""mode"": ""single"", ""current"": 0, ""friendly_name"": ""aut-sala""}"
2025-07-12T12:50:32.142738,media_player.lg_webos_tv_oled42c2psa_2,on,on,"{""source_list"": [""Amazon Alexa"", ""Amazon Music"", ""Apple TV"", ""Apps"", ""Clarovideo"", ""Compartilhamento de Ambiente para Ambiente"", ""C\u00e2mera"", ""Disney+"", ""Esportes"", ""Globoplay"", ""HDMI 1"", ""HDMI 2"", ""HDMI 3"", ""HDMI 4"", ""Hub Inicial"", ""Kanto"", ""LG Channels"", ""LG Gaming Portal"", ""Live TV"", ""Mercado Play"", ""Navegador Web"", ""Netflix"", ""Prime Video"", ""Reprodutor de M\u00eddia"", ""Sempre Pronto"", ""Twitch"", ""YouTube""], ""volume_level"": 0.12, ""is_volume_muted"": false, ""source"": ""YouTube"", ""sound_output"": ""tv_external_speaker"", ""device_class"": ""tv"", ""entity_picture"": ""/api/media_player_proxy/media_player.lg_webos_tv_oled42c2psa_2?token=7cc859caa677cb6b72c183607fe83e306f214db9fa8ef18976485f6b0cd59f6e&cache=d615266ef42c4b6f"", ""friendly_name"": ""LG webOS TV OLED42C2PSA"", ""supported_features"": 24381}"
2025-07-12T12:50:32.294202,media_player.lg_webos_tv_oled42c2psa_2,on,playing,"{""source_list"": [""Amazon Alexa"", ""Amazon Music"", ""Apple TV"", ""Apps"", ""Clarovideo"", ""Compartilhamento de Ambiente para Ambiente"", ""C\u00e2mera"", ""Disney+"", ""Esportes"", ""Globoplay"", ""HDMI 1"", ""HDMI 2"", ""HDMI 3"", ""HDMI 4"", ""Hub Inicial"", ""Kanto"", ""LG Channels"", ""LG Gaming Portal"", ""Live TV"", ""Mercado Play"", ""Navegador Web"", ""Netflix"", ""Prime Video"", ""Reprodutor de M\u00eddia"", ""Sempre Pronto"", ""Twitch"", ""YouTube""], ""volume_level"": 0.12, ""is_volume_muted"": false, ""source"": ""YouTube"", ""sound_output"": ""tv_external_speaker"", ""device_class"": ""tv"", ""entity_picture"": ""/api/media_player_proxy/media_player.lg_webos_tv_oled42c2psa_2?token=7cc859caa677cb6b72c183607fe83e306f214db9fa8ef18976485f6b0cd59f6e&cache=d615266ef42c4b6f"", ""friendly_name"": ""LG webOS TV OLED42C2PSA"", ""supported_features"": 24381}"
2025-07-12T12:50:35.507019,automation.auto_banheiro,on,on,"{""id"": ""1747870075916"", ""last_triggered"": ""2025-07-12T15:50:35.501572+00:00"", ""mode"": ""single"", ""current"": 1, ""friendly_name"": ""auto-banheiro""}"
2025-07-12T12:50:35.509702,automation.auto_banheiro,on,on,"{""id"": ""1747870075916"", ""last_triggered"": ""2025-07-12T15:50:35.501572+00:00"", ""mode"": ""single"", ""current"": 0, ""friendly_name"": ""auto-banheiro""}"
2025-07-12T12:50:40.511165,automation.auto_banheiro,on,on,"{""id"": ""1747870075916"", ""last_triggered"": ""2025-07-12T15:50:40.500639+00:00"", ""mode"": ""single"", ""current"": 1, ""friendly_name"": ""auto-banheiro""}"
2025-07-12T12:50:40.514085,automation.auto_banheiro,on,on,"{""id"": ""1747870075916"", ""last_triggered"": ""2025-07-12T15:50:40.500639+00:00"", ""mode"": ""single"", ""current"": 0, ""friendly_name"": ""auto-banheiro""}"
2025-07-12T12:50:40.622902,sensor.arris_tg1692a_router_download_speed,0.00402814756447244,0.00574705536247553,"{""state_class"": ""measurement"", ""unit_of_measurement"": ""Mbit/s"", ""device_class"": ""data_rate"", ""friendly_name"": ""ARRIS TG1692A Router Download speed""}"
2025-07-12T12:50:40.626576,sensor.arris_tg1692a_router_upload_speed,0.00185446793534203,0.00603532815013439,"{""state_class"": ""measurement"", ""unit_of_measurement"": ""Mbit/s"", ""device_class"": ""data_rate"", ""friendly_name"": ""ARRIS TG1692A Router Upload speed""}"
2025-07-12T12:50:45.510353,automation.auto_banheiro,on,on,"{""id"": ""1747870075916"", ""last_triggered"": ""2025-07-12T15:50:45.500505+00:00"", ""mode"": ""single"", ""current"": 1, ""friendly_name"": ""auto-banheiro""}"
2025-07-12T12:50:45.512040,automation.auto_banheiro,on,on,"{""id"": ""1747870075916"", ""last_triggered"": ""2025-07-12T15:50:45.500505+00:00"", ""mode"": ""single"", ""current"": 0, ""friendly_name"": ""auto-banheiro""}"
2025-07-12T12:50:50.521374,automation.auto_banheiro,on,on,"{""id"": ""1747870075916"", ""last_triggered"": ""2025-07-12T15:50:50.500383+00:00"", ""mode"": ""single"", ""current"": 1, ""friendly_name"": ""auto-banheiro""}"
2025-07-12T12:50:50.524142,automation.auto_banheiro,on,on,"{""id"": ""1747870075916"", ""last_triggered"": ""2025-07-12T15:50:50.500383+00:00"", ""mode"": ""single"", ""current"": 0, ""friendly_name"": ""auto-banheiro""}"
2025-07-12T12:50:55.505939,automation.auto_banheiro,on,on,"{""id"": ""1747870075916"", ""last_triggered"": ""2025-07-12T15:50:55.500156+00:00"", ""mode"": ""single"", ""current"": 1, ""friendly_name"": ""auto-banheiro""}"
2025-07-12T12:50:55.507569,automation.auto_banheiro,on,on,"{""id"": ""1747870075916"", ""last_triggered"": ""2025-07-12T15:50:55.500156+00:00"", ""mode"": ""single"", ""current"": 0, ""friendly_name"": ""auto-banheiro""}"
2025-07-12T12:51:00.507940,automation.auto_banheiro,on,on,"{""id"": ""1747870075916"", ""last_triggered"": ""2025-07-12T15:51:00.500754+00:00"", ""mode"": ""single"", ""current"": 1, ""friendly_name"": ""auto-banheiro""}"
2025-07-12T12:51:00.527376,automation.auto_banheiro,on,on,"{""id"": ""1747870075916"", ""last_triggered"": ""2025-07-12T15:51:00.500754+00:00"", ""mode"": ""single"", ""current"": 0, ""friendly_name"": ""auto-banheiro""}"
2025-07-12T12:51:05.511780,automation.auto_banheiro,on,on,"{""id"": ""1747870075916"", ""last_triggered"": ""2025-07-12T15:51:05.500751+00:00"", ""mode"": ""single"", ""current"": 1, ""friendly_name"": ""auto-banheiro""}"
2025-07-12T12:51:05.528844,automation.auto_banheiro,on,on,"{""id"": ""1747870075916"", ""last_triggered"": ""2025-07-12T15:51:05.500751+00:00"", ""mode"": ""single"", ""current"": 0, ""friendly_name"": ""auto-banheiro""}"
2025-07-12T12:51:10.118466,automation.aut_status_bruno,on,on,"{""id"": ""1751855857509"", ""last_triggered"": ""2025-07-12T15:51:10.107774+00:00"", ""mode"": ""single"", ""current"": 1, ""friendly_name"": ""aut-status-bruno""}"
2025-07-12T12:51:10.120596,automation.aut_status_bruno,on,on,"{""id"": ""1751855857509"", ""last_triggered"": ""2025-07-12T15:51:10.107774+00:00"", ""mode"": ""single"", ""current"": 0, ""friendly_name"": ""aut-status-bruno""}"
2025-07-12T12:51:10.258861,automation.aut_lampada_quarto,on,on,"{""id"": ""1746067262247"", ""last_triggered"": ""2025-07-12T15:51:10.254785+00:00"", ""mode"": ""single"", ""current"": 1, ""friendly_name"": ""aut-quarto""}"
2025-07-12T12:51:10.260439,automation.aut_lampada_quarto,on,on,"{""id"": ""1746067262247"", ""last_triggered"": ""2025-07-12T15:51:10.254785+00:00"", ""mode"": ""single"", ""current"": 0, ""friendly_name"": ""aut-quarto""}"
2025-07-12T12:51:10.505234,automation.auto_banheiro,on,on,"{""id"": ""1747870075916"", ""last_triggered"": ""2025-07-12T15:51:10.500457+00:00"", ""mode"": ""single"", ""current"": 1, ""friendly_name"": ""auto-banheiro""}"
2025-07-12T12:51:10.506853,automation.auto_banheiro,on,on,"{""id"": ""1747870075916"", ""last_triggered"": ""2025-07-12T15:51:10.500457+00:00"", ""mode"": ""single"", ""current"": 0, ""friendly_name"": ""auto-banheiro""}"
2025-07-12T12:51:10.618125,sensor.arris_tg1692a_router_download_speed,0.00574705536247553,0.00298334991823987,"{""state_class"": ""measurement"", ""unit_of_measurement"": ""Mbit/s"", ""device_class"": ""data_rate"", ""friendly_name"": ""ARRIS TG1692A Router Download speed""}"
2025-07-12T12:51:10.621047,sensor.arris_tg1692a_router_upload_speed,0.00603532815013439,0.00334146923717052,"{""state_class"": ""measurement"", ""unit_of_measurement"": ""Mbit/s"", ""device_class"": ""data_rate"", ""friendly_name"": ""ARRIS TG1692A Router Upload speed""}"
2025-07-12T12:51:15.506325,automation.auto_banheiro,on,on,"{""id"": ""1747870075916"", ""last_triggered"": ""2025-07-12T15:51:15.501290+00:00"", ""mode"": ""single"", ""current"": 1, ""friendly_name"": ""auto-banheiro""}"
2025-07-12T12:51:15.508011,automation.auto_banheiro,on,on,"{""id"": ""1747870075916"", ""last_triggered"": ""2025-07-12T15:51:15.501290+00:00"", ""mode"": ""single"", ""current"": 0, ""friendly_name"": ""auto-banheiro""}"
2025-07-12T12:51:20.505158,automation.auto_banheiro,on,on,"{""id"": ""1747870075916"", ""last_triggered"": ""2025-07-12T15:51:20.499986+00:00"", ""mode"": ""single"", ""current"": 1, ""friendly_name"": ""auto-banheiro""}"
2025-07-12T12:51:20.507070,automation.auto_banheiro,on,on,"{""id"": ""1747870075916"", ""last_triggered"": ""2025-07-12T15:51:20.499986+00:00"", ""mode"": ""single"", ""current"": 0, ""friendly_name"": ""auto-banheiro""}"
2025-07-12T12:51:25.525706,automation.auto_banheiro,on,on,"{""id"": ""1747870075916"", ""last_triggered"": ""2025-07-12T15:51:25.502828+00:00"", ""mode"": ""single"", ""current"": 1, ""friendly_name"": ""auto-banheiro""}"
2025-07-12T12:51:25.530485,automation.auto_banheiro,on,on,"{""id"": ""1747870075916"", ""last_triggered"": ""2025-07-12T15:51:25.502828+00:00"", ""mode"": ""single"", ""current"": 0, ""friendly_name"": ""auto-banheiro""}"
2025-07-12T12:51:30.506012,automation.auto_banheiro,on,on,"{""id"": ""1747870075916"", ""last_triggered"": ""2025-07-12T15:51:30.499920+00:00"", ""mode"": ""single"", ""current"": 1, ""friendly_name"": ""auto-banheiro""}"
2025-07-12T12:51:30.508408,automation.auto_banheiro,on,on,"{""id"": ""1747870075916"", ""last_triggered"": ""2025-07-12T15:51:30.499920+00:00"", ""mode"": ""single"", ""current"": 0, ""friendly_name"": ""auto-banheiro""}"
2025-07-12T12:51:35.505266,automation.auto_banheiro,on,on,"{""id"": ""1747870075916"", ""last_triggered"": ""2025-07-12T15:51:35.499983+00:00"", ""mode"": ""single"", ""current"": 1, ""friendly_name"": ""auto-banheiro""}"
2025-07-12T12:51:35.507196,automation.auto_banheiro,on,on,"{""id"": ""1747870075916"", ""last_triggered"": ""2025-07-12T15:51:35.499983+00:00"", ""mode"": ""single"", ""current"": 0, ""friendly_name"": ""auto-banheiro""}"
2025-07-12T12:51:40.505667,automation.auto_banheiro,on,on,"{""id"": ""1747870075916"", ""last_triggered"": ""2025-07-12T15:51:40.500505+00:00"", ""mode"": ""single"", ""current"": 1, ""friendly_name"": ""auto-banheiro""}"
2025-07-12T12:51:40.507567,automation.auto_banheiro,on,on,"{""id"": ""1747870075916"", ""last_triggered"": ""2025-07-12T15:51:40.500505+00:00"", ""mode"": ""single"", ""current"": 0, ""friendly_name"": ""auto-banheiro""}"
2025-07-12T12:51:40.642922,sensor.arris_tg1692a_router_download_speed,0.00298334991823987,0.00758403239701086,"{""state_class"": ""measurement"", ""unit_of_measurement"": ""Mbit/s"", ""device_class"": ""data_rate"", ""friendly_name"": ""ARRIS TG1692A Router Download speed""}"
2025-07-12T12:51:40.644664,sensor.arris_tg1692a_router_upload_speed,0.00334146923717052,0.00846753390308691,"{""state_class"": ""measurement"", ""unit_of_measurement"": ""Mbit/s"", ""device_class"": ""data_rate"", ""friendly_name"": ""ARRIS TG1692A Router Upload speed""}"
2025-07-12T12:51:42.024324,sun.sun,above_horizon,above_horizon,"{""next_dawn"": ""2025-07-13T08:34:17.857562+00:00"", ""next_dusk"": ""2025-07-12T20:45:20.313231+00:00"", ""next_midnight"": ""2025-07-13T02:39:54+00:00"", ""next_noon"": ""2025-07-13T14:39:50+00:00"", ""next_rising"": ""2025-07-13T08:57:32.537391+00:00"", ""next_setting"": ""2025-07-12T20:22:04.562792+00:00"", ""elevation"": 50.94, ""azimuth"": 332.98, ""rising"": false, ""friendly_name"": ""Sun""}"
2025-07-12T12:51:45.506111,automation.auto_banheiro,on,on,"{""id"": ""1747870075916"", ""last_triggered"": ""2025-07-12T15:51:45.500579+00:00"", ""mode"": ""single"", ""current"": 1, ""friendly_name"": ""auto-banheiro""}"
2025-07-12T12:51:45.509061,automation.auto_banheiro,on,on,"{""id"": ""1747870075916"", ""last_triggered"": ""2025-07-12T15:51:45.500579+00:00"", ""mode"": ""single"", ""current"": 0, ""friendly_name"": ""auto-banheiro""}"
2025-07-12T12:51:50.505187,automation.auto_banheiro,on,on,"{""id"": ""1747870075916"", ""last_triggered"": ""2025-07-12T15:51:50.500376+00:00"", ""mode"": ""single"", ""current"": 1, ""friendly_name"": ""auto-banheiro""}"
2025-07-12T12:51:50.506851,automation.auto_banheiro,on,on,"{""id"": ""1747870075916"", ""last_triggered"": ""2025-07-12T15:51:50.500376+00:00"", ""mode"": ""single"", ""current"": 0, ""friendly_name"": ""auto-banheiro""}"
2025-07-12T12:51:55.514758,automation.auto_banheiro,on,on,"{""id"": ""1747870075916"", ""last_triggered"": ""2025-07-12T15:51:55.502740+00:00"", ""mode"": ""single"", ""current"": 1, ""friendly_name"": ""auto-banheiro""}"
2025-07-12T12:51:55.518237,automation.auto_banheiro,on,on,"{""id"": ""1747870075916"", ""last_triggered"": ""2025-07-12T15:51:55.502740+00:00"", ""mode"": ""single"", ""current"": 0, ""friendly_name"": ""auto-banheiro""}"
2025-07-12T12:52:00.504855,automation.auto_banheiro,on,on,"{""id"": ""1747870075916"", ""last_triggered"": ""2025-07-12T15:52:00.500006+00:00"", ""mode"": ""single"", ""current"": 1, ""friendly_name"": ""auto-banheiro""}"
2025-07-12T12:52:00.506446,automation.auto_banheiro,on,on,"{""id"": ""1747870075916"", ""last_triggered"": ""2025-07-12T15:52:00.500006+00:00"", ""mode"": ""single"", ""current"": 0, ""friendly_name"": ""auto-banheiro""}"
2025-07-12T12:52:05.504796,automation.auto_banheiro,on,on,"{""id"": ""1747870075916"", ""last_triggered"": ""2025-07-12T15:52:05.500003+00:00"", ""mode"": ""single"", ""current"": 1, ""friendly_name"": ""auto-banheiro""}"
2025-07-12T12:52:05.506690,automation.auto_banheiro,on,on,"{""id"": ""1747870075916"", ""last_triggered"": ""2025-07-12T15:52:05.500003+00:00"", ""mode"": ""single"", ""current"": 0, ""friendly_name"": ""auto-banheiro""}"
2025-07-12T12:52:10.116309,automation.aut_status_bruno,on,on,"{""id"": ""1751855857509"", ""last_triggered"": ""2025-07-12T15:52:10.107894+00:00"", ""mode"": ""single"", ""current"": 1, ""friendly_name"": ""aut-status-bruno""}"
2025-07-12T12:52:10.118938,automation.aut_status_bruno,on,on,"{""id"": ""1751855857509"", ""last_triggered"": ""2025-07-12T15:52:10.107894+00:00"", ""mode"": ""single"", ""current"": 0, ""friendly_name"": ""aut-status-bruno""}"
2025-07-12T12:52:10.258925,automation.aut_lampada_quarto,on,on,"{""id"": ""1746067262247"", ""last_triggered"": ""2025-07-12T15:52:10.254385+00:00"", ""mode"": ""single"", ""current"": 1, ""friendly_name"": ""aut-quarto""}"
2025-07-12T12:52:10.260525,automation.aut_lampada_quarto,on,on,"{""id"": ""1746067262247"", ""last_triggered"": ""2025-07-12T15:52:10.254385+00:00"", ""mode"": ""single"", ""current"": 0, ""friendly_name"": ""aut-quarto""}"
2025-07-12T12:52:10.504728,automation.auto_banheiro,on,on,"{""id"": ""1747870075916"", ""last_triggered"": ""2025-07-12T15:52:10.499963+00:00"", ""mode"": ""single"", ""current"": 1, ""friendly_name"": ""auto-banheiro""}"
2025-07-12T12:52:10.506291,automation.auto_banheiro,on,on,"{""id"": ""1747870075916"", ""last_triggered"": ""2025-07-12T15:52:10.499963+00:00"", ""mode"": ""single"", ""current"": 0, ""friendly_name"": ""auto-banheiro""}"
2025-07-12T12:52:10.619919,sensor.arris_tg1692a_router_download_speed,0.00758403239701086,0.00353773541668271,"{""state_class"": ""measurement"", ""unit_of_measurement"": ""Mbit/s"", ""device_class"": ""data_rate"", ""friendly_name"": ""ARRIS TG1692A Router Download speed""}"
2025-07-12T12:52:10.621885,sensor.arris_tg1692a_router_upload_speed,0.00846753390308691,0.00268150051633084,"{""state_class"": ""measurement"", ""unit_of_measurement"": ""Mbit/s"", ""device_class"": ""data_rate"", ""friendly_name"": ""ARRIS TG1692A Router Upload speed""}"
2025-07-12T12:52:15.504656,automation.auto_banheiro,on,on,"{""id"": ""1747870075916"", ""last_triggered"": ""2025-07-12T15:52:15.499931+00:00"", ""mode"": ""single"", ""current"": 1, ""friendly_name"": ""auto-banheiro""}"
2025-07-12T12:52:15.506366,automation.auto_banheiro,on,on,"{""id"": ""1747870075916"", ""last_triggered"": ""2025-07-12T15:52:15.499931+00:00"", ""mode"": ""single"", ""current"": 0, ""friendly_name"": ""auto-banheiro""}"
2025-07-12T12:52:19.818997,binary_sensor.human_presence_sensor_occupancy,off,on,"{""device_class"": ""occupancy"", ""friendly_name"": ""Presen\u00e7a Quarto  Occupancy""}"
2025-07-12T12:52:19.821718,automation.aut_lampada_quarto,on,on,"{""id"": ""1746067262247"", ""last_triggered"": ""2025-07-12T15:52:19.812624+00:00"", ""mode"": ""single"", ""current"": 1, ""friendly_name"": ""aut-quarto""}"
2025-07-12T12:52:19.823845,automation.aut_lampada_quarto,on,on,"{""id"": ""1746067262247"", ""last_triggered"": ""2025-07-12T15:52:19.812624+00:00"", ""mode"": ""single"", ""current"": 0, ""friendly_name"": ""aut-quarto""}"
2025-07-12T12:52:20.505156,automation.auto_banheiro,on,on,"{""id"": ""1747870075916"", ""last_triggered"": ""2025-07-12T15:52:20.500342+00:00"", ""mode"": ""single"", ""current"": 1, ""friendly_name"": ""auto-banheiro""}"
2025-07-12T12:52:20.506754,automation.auto_banheiro,on,on,"{""id"": ""1747870075916"", ""last_triggered"": ""2025-07-12T15:52:20.500342+00:00"", ""mode"": ""single"", ""current"": 0, ""friendly_name"": ""auto-banheiro""}"
2025-07-12T12:52:25.508027,automation.auto_banheiro,on,on,"{""id"": ""1747870075916"", ""last_triggered"": ""2025-07-12T15:52:25.500494+00:00"", ""mode"": ""single"", ""current"": 1, ""friendly_name"": ""auto-banheiro""}"
2025-07-12T12:52:25.509589,automation.auto_banheiro,on,on,"{""id"": ""1747870075916"", ""last_triggered"": ""2025-07-12T15:52:25.500494+00:00"", ""mode"": ""single"", ""current"": 0, ""friendly_name"": ""auto-banheiro""}"
2025-07-12T12:52:30.508234,automation.auto_banheiro,on,on,"{""id"": ""1747870075916"", ""last_triggered"": ""2025-07-12T15:52:30.499847+00:00"", ""mode"": ""single"", ""current"": 1, ""friendly_name"": ""auto-banheiro""}"
2025-07-12T12:52:30.509955,automation.auto_banheiro,on,on,"{""id"": ""1747870075916"", ""last_triggered"": ""2025-07-12T15:52:30.499847+00:00"", ""mode"": ""single"", ""current"": 0, ""friendly_name"": ""auto-banheiro""}"
2025-07-12T12:52:34.145667,binary_sensor.presenca_cozinha_motion,off,on,"{""device_class"": ""motion"", ""friendly_name"": ""Presen\u00e7a cozinha  Motion""}"
2025-07-12T12:52:34.149399,automation.automation_kitchen,on,on,"{""id"": ""1745695079735"", ""last_triggered"": ""2025-07-12T15:52:34.141262+00:00"", ""mode"": ""single"", ""current"": 1, ""friendly_name"": ""automation-kitchen""}"
2025-07-12T12:52:35.517170,automation.auto_banheiro,on,on,"{""id"": ""1747870075916"", ""last_triggered"": ""2025-07-12T15:52:35.501299+00:00"", ""mode"": ""single"", ""current"": 1, ""friendly_name"": ""auto-banheiro""}"
2025-07-12T12:52:35.519598,automation.auto_banheiro,on,on,"{""id"": ""1747870075916"", ""last_triggered"": ""2025-07-12T15:52:35.501299+00:00"", ""mode"": ""single"", ""current"": 0, ""friendly_name"": ""auto-banheiro""}"
2025-07-12T12:52:37.319117,automation.automation_kitchen,on,on,"{""id"": ""1745695079735"", ""last_triggered"": ""2025-07-12T15:52:34.141262+00:00"", ""mode"": ""single"", ""current"": 0, ""friendly_name"": ""automation-kitchen""}"
2025-07-12T12:52:37.990647,light.lampada_cozinha,off,on,"{""min_color_temp_kelvin"": 2000, ""max_color_temp_kelvin"": 6500, ""min_mireds"": 153, ""max_mireds"": 500, ""supported_color_modes"": [""color_temp"", ""hs""], ""color_mode"": ""color_temp"", ""brightness"": 255, ""color_temp_kelvin"": 6535, ""color_temp"": 153, ""hs_color"": [54.768, 1.6], ""rgb_color"": [255, 255, 251], ""xy_color"": [0.325, 0.333], ""friendly_name"": ""L\u00e2mpada cozinha "", ""supported_features"": 0}"
2025-07-12T12:52:40.506093,automation.auto_banheiro,on,on,"{""id"": ""1747870075916"", ""last_triggered"": ""2025-07-12T15:52:40.500647+00:00"", ""mode"": ""single"", ""current"": 1, ""friendly_name"": ""auto-banheiro""}"
2025-07-12T12:52:40.507855,automation.auto_banheiro,on,on,"{""id"": ""1747870075916"", ""last_triggered"": ""2025-07-12T15:52:40.500647+00:00"", ""mode"": ""single"", ""current"": 0, ""friendly_name"": ""auto-banheiro""}"
2025-07-12T12:52:40.614742,sensor.arris_tg1692a_router_download_speed,0.00353773541668271,0.00643433193971254,"{""state_class"": ""measurement"", ""unit_of_measurement"": ""Mbit/s"", ""device_class"": ""data_rate"", ""friendly_name"": ""ARRIS TG1692A Router Download speed""}"
2025-07-12T12:52:40.616411,sensor.arris_tg1692a_router_upload_speed,0.00268150051633084,0.00935362204846723,"{""state_class"": ""measurement"", ""unit_of_measurement"": ""Mbit/s"", ""device_class"": ""data_rate"", ""friendly_name"": ""ARRIS TG1692A Router Upload speed""}"
2025-07-12T12:52:45.505257,automation.auto_banheiro,on,on,"{""id"": ""1747870075916"", ""last_triggered"": ""2025-07-12T15:52:45.500353+00:00"", ""mode"": ""single"", ""current"": 1, ""friendly_name"": ""auto-banheiro""}"
2025-07-12T12:52:45.507028,automation.auto_banheiro,on,on,"{""id"": ""1747870075916"", ""last_triggered"": ""2025-07-12T15:52:45.500353+00:00"", ""mode"": ""single"", ""current"": 0, ""friendly_name"": ""auto-banheiro""}"
2025-07-12T12:52:50.510775,automation.auto_banheiro,on,on,"{""id"": ""1747870075916"", ""last_triggered"": ""2025-07-12T15:52:50.501094+00:00"", ""mode"": ""single"", ""current"": 1, ""friendly_name"": ""auto-banheiro""}"
2025-07-12T12:52:50.514207,automation.auto_banheiro,on,on,"{""id"": ""1747870075916"", ""last_triggered"": ""2025-07-12T15:52:50.501094+00:00"", ""mode"": ""single"", ""current"": 0, ""friendly_name"": ""auto-banheiro""}"
2025-07-12T12:52:55.506980,automation.auto_banheiro,on,on,"{""id"": ""1747870075916"", ""last_triggered"": ""2025-07-12T15:52:55.501448+00:00"", ""mode"": ""single"", ""current"": 1, ""friendly_name"": ""auto-banheiro""}"
2025-07-12T12:52:55.514113,automation.auto_banheiro,on,on,"{""id"": ""1747870075916"", ""last_triggered"": ""2025-07-12T15:52:55.501448+00:00"", ""mode"": ""single"", ""current"": 0, ""friendly_name"": ""auto-banheiro""}"
2025-07-12T12:52:55.735200,binary_sensor.presenca_banheiro_motion,off,on,"{""device_class"": ""motion"", ""friendly_name"": ""Presen\u00e7a banheiro Motion""}"
2025-07-12T12:52:55.740738,automation.auto_banheiro,on,on,"{""id"": ""1747870075916"", ""last_triggered"": ""2025-07-12T15:52:55.727253+00:00"", ""mode"": ""single"", ""current"": 1, ""friendly_name"": ""auto-banheiro""}"
2025-07-12T12:52:56.438052,automation.auto_banheiro,on,on,"{""id"": ""1747870075916"", ""last_triggered"": ""2025-07-12T15:52:55.727253+00:00"", ""mode"": ""single"", ""current"": 0, ""friendly_name"": ""auto-banheiro""}"
2025-07-12T12:52:56.488838,switch.interruptor_banheiro_switch_1,off,on,"{""device_class"": ""outlet"", ""friendly_name"": ""Interruptor banheiro Switch 1""}"
2025-07-12T12:52:56.894364,switch.interruptor_banheiro_switch_2,off,on,"{""device_class"": ""outlet"", ""friendly_name"": ""Interruptor banheiro Switch 2""}"
2025-07-12T12:53:00.505466,automation.auto_banheiro,on,on,"{""id"": ""1747870075916"", ""last_triggered"": ""2025-07-12T15:53:00.500554+00:00"", ""mode"": ""single"", ""current"": 1, ""friendly_name"": ""auto-banheiro""}"
2025-07-12T12:53:00.507144,automation.auto_banheiro,on,on,"{""id"": ""1747870075916"", ""last_triggered"": ""2025-07-12T15:53:00.500554+00:00"", ""mode"": ""single"", ""current"": 0, ""friendly_name"": ""auto-banheiro""}"
2025-07-12T12:53:05.522845,automation.auto_banheiro,on,on,"{""id"": ""1747870075916"", ""last_triggered"": ""2025-07-12T15:53:05.501280+00:00"", ""mode"": ""single"", ""current"": 1, ""friendly_name"": ""auto-banheiro""}"
2025-07-12T12:53:05.526145,automation.auto_banheiro,on,on,"{""id"": ""1747870075916"", ""last_triggered"": ""2025-07-12T15:53:05.501280+00:00"", ""mode"": ""single"", ""current"": 0, ""friendly_name"": ""auto-banheiro""}"
2025-07-12T12:53:10.114110,automation.aut_status_bruno,on,on,"{""id"": ""1751855857509"", ""last_triggered"": ""2025-07-12T15:53:10.107658+00:00"", ""mode"": ""single"", ""current"": 1, ""friendly_name"": ""aut-status-bruno""}"
2025-07-12T12:53:10.116391,automation.aut_status_bruno,on,on,"{""id"": ""1751855857509"", ""last_triggered"": ""2025-07-12T15:53:10.107658+00:00"", ""mode"": ""single"", ""current"": 0, ""friendly_name"": ""aut-status-bruno""}"
2025-07-12T12:53:10.260668,automation.aut_lampada_quarto,on,on,"{""id"": ""1746067262247"", ""last_triggered"": ""2025-07-12T15:53:10.255364+00:00"", ""mode"": ""single"", ""current"": 1, ""friendly_name"": ""aut-quarto""}"
2025-07-12T12:53:10.262152,automation.aut_lampada_quarto,on,on,"{""id"": ""1746067262247"", ""last_triggered"": ""2025-07-12T15:53:10.255364+00:00"", ""mode"": ""single"", ""current"": 0, ""friendly_name"": ""aut-quarto""}"
2025-07-12T12:53:10.504945,automation.auto_banheiro,on,on,"{""id"": ""1747870075916"", ""last_triggered"": ""2025-07-12T15:53:10.500195+00:00"", ""mode"": ""single"", ""current"": 1, ""friendly_name"": ""auto-banheiro""}"
2025-07-12T12:53:10.506538,automation.auto_banheiro,on,on,"{""id"": ""1747870075916"", ""last_triggered"": ""2025-07-12T15:53:10.500195+00:00"", ""mode"": ""single"", ""current"": 0, ""friendly_name"": ""auto-banheiro""}"
2025-07-12T12:53:10.618395,sensor.arris_tg1692a_router_download_speed,0.00643433193971254,0.00551817196053706,"{""state_class"": ""measurement"", ""unit_of_measurement"": ""Mbit/s"", ""device_class"": ""data_rate"", ""friendly_name"": ""ARRIS TG1692A Router Download speed""}"
2025-07-12T12:53:10.628835,sensor.arris_tg1692a_router_upload_speed,0.00935362204846723,0.0037034925911148,"{""state_class"": ""measurement"", ""unit_of_measurement"": ""Mbit/s"", ""device_class"": ""data_rate"", ""friendly_name"": ""ARRIS TG1692A Router Upload speed""}"
2025-07-12T12:53:15.505332,automation.auto_banheiro,on,on,"{""id"": ""1747870075916"", ""last_triggered"": ""2025-07-12T15:53:15.500494+00:00"", ""mode"": ""single"", ""current"": 1, ""friendly_name"": ""auto-banheiro""}"
2025-07-12T12:53:15.506936,automation.auto_banheiro,on,on,"{""id"": ""1747870075916"", ""last_triggered"": ""2025-07-12T15:53:15.500494+00:00"", ""mode"": ""single"", ""current"": 0, ""friendly_name"": ""auto-banheiro""}"
2025-07-12T12:53:19.316770,binary_sensor.presenca_cozinha_motion,on,off,"{""device_class"": ""motion"", ""friendly_name"": ""Presen\u00e7a cozinha  Motion""}"
2025-07-12T12:53:19.321654,automation.automation_kitchen,on,on,"{""id"": ""1745695079735"", ""last_triggered"": ""2025-07-12T15:53:19.312384+00:00"", ""mode"": ""single"", ""current"": 1, ""friendly_name"": ""automation-kitchen""}"
2025-07-12T12:53:19.556566,automation.automation_kitchen,on,on,"{""id"": ""1745695079735"", ""last_triggered"": ""2025-07-12T15:53:19.312384+00:00"", ""mode"": ""single"", ""current"": 0, ""friendly_name"": ""automation-kitchen""}"
2025-07-12T12:53:20.038871,light.lampada_cozinha,on,off,"{""min_color_temp_kelvin"": 2000, ""max_color_temp_kelvin"": 6500, ""min_mireds"": 153, ""max_mireds"": 500, ""supported_color_modes"": [""color_temp"", ""hs""], ""color_mode"": null, ""brightness"": null, ""color_temp_kelvin"": null, ""color_temp"": null, ""hs_color"": null, ""rgb_color"": null, ""xy_color"": null, ""friendly_name"": ""L\u00e2mpada cozinha "", ""supported_features"": 0}"
2025-07-12T12:53:20.504981,automation.auto_banheiro,on,on,"{""id"": ""1747870075916"", ""last_triggered"": ""2025-07-12T15:53:20.500084+00:00"", ""mode"": ""single"", ""current"": 1, ""friendly_name"": ""auto-banheiro""}"
2025-07-12T12:53:20.506718,automation.auto_banheiro,on,on,"{""id"": ""1747870075916"", ""last_triggered"": ""2025-07-12T15:53:20.500084+00:00"", ""mode"": ""single"", ""current"": 0, ""friendly_name"": ""auto-banheiro""}"
2025-07-12T12:53:25.507857,automation.auto_banheiro,on,on,"{""id"": ""1747870075916"", ""last_triggered"": ""2025-07-12T15:53:25.501109+00:00"", ""mode"": ""single"", ""current"": 1, ""friendly_name"": ""auto-banheiro""}"
2025-07-12T12:53:25.509782,automation.auto_banheiro,on,on,"{""id"": ""1747870075916"", ""last_triggered"": ""2025-07-12T15:53:25.501109+00:00"", ""mode"": ""single"", ""current"": 0, ""friendly_name"": ""auto-banheiro""}"
2025-07-12T12:53:25.601926,sensor.tauntaum_energy,211.516,211.523,"{""state_class"": ""total_increasing"", ""unit_of_measurement"": ""kWh"", ""device_class"": ""energy"", ""friendly_name"": ""Tauntaum Energy""}"
2025-07-12T12:53:25.603927,sensor.tauntaum_power,35,40,"{""state_class"": ""measurement"", ""power_consumption_start"": ""2025-07-12T15:41:08Z"", ""power_consumption_end"": ""2025-07-12T15:53:25Z"", ""unit_of_measurement"": ""W"", ""device_class"": ""power"", ""friendly_name"": ""Tauntaum Power""}"
2025-07-12T12:53:25.605459,sensor.tauntaum_energy_difference,0.01,0.007,"{""state_class"": ""total"", ""unit_of_measurement"": ""kWh"", ""device_class"": ""energy"", ""friendly_name"": ""Tauntaum Energy difference""}"
2025-07-12T12:53:25.606850,sensor.tauntaum_power_energy,0.00977344861163033,0.00716959444450008,"{""state_class"": ""total"", ""unit_of_measurement"": ""kWh"", ""device_class"": ""energy"", ""friendly_name"": ""Tauntaum Power energy""}"
2025-07-12T12:53:30.507826,automation.auto_banheiro,on,on,"{""id"": ""1747870075916"", ""last_triggered"": ""2025-07-12T15:53:30.500382+00:00"", ""mode"": ""single"", ""current"": 1, ""friendly_name"": ""auto-banheiro""}"
2025-07-12T12:53:30.509646,automation.auto_banheiro,on,on,"{""id"": ""1747870075916"", ""last_triggered"": ""2025-07-12T15:53:30.500382+00:00"", ""mode"": ""single"", ""current"": 0, ""friendly_name"": ""auto-banheiro""}"
2025-07-12T12:53:35.510802,automation.auto_banheiro,on,on,"{""id"": ""1747870075916"", ""last_triggered"": ""2025-07-12T15:53:35.500880+00:00"", ""mode"": ""single"", ""current"": 1, ""friendly_name"": ""auto-banheiro""}"
2025-07-12T12:53:35.514594,automation.auto_banheiro,on,on,"{""id"": ""1747870075916"", ""last_triggered"": ""2025-07-12T15:53:35.500880+00:00"", ""mode"": ""single"", ""current"": 0, ""friendly_name"": ""auto-banheiro""}"
2025-07-12T12:53:40.523565,automation.auto_banheiro,on,on,"{""id"": ""1747870075916"", ""last_triggered"": ""2025-07-12T15:53:40.500624+00:00"", ""mode"": ""single"", ""current"": 1, ""friendly_name"": ""auto-banheiro""}"
2025-07-12T12:53:40.525154,automation.auto_banheiro,on,on,"{""id"": ""1747870075916"", ""last_triggered"": ""2025-07-12T15:53:40.500624+00:00"", ""mode"": ""single"", ""current"": 0, ""friendly_name"": ""auto-banheiro""}"
2025-07-12T12:53:40.615090,sensor.arris_tg1692a_router_download_speed,0.00551817196053706,0.0151128278839861,"{""state_class"": ""measurement"", ""unit_of_measurement"": ""Mbit/s"", ""device_class"": ""data_rate"", ""friendly_name"": ""ARRIS TG1692A Router Download speed""}"
2025-07-12T12:53:40.616812,sensor.arris_tg1692a_router_upload_speed,0.0037034925911148,0.0120598094550106,"{""state_class"": ""measurement"", ""unit_of_measurement"": ""Mbit/s"", ""device_class"": ""data_rate"", ""friendly_name"": ""ARRIS TG1692A Router Upload speed""}"
2025-07-12T12:53:45.505557,automation.auto_banheiro,on,on,"{""id"": ""1747870075916"", ""last_triggered"": ""2025-07-12T15:53:45.500810+00:00"", ""mode"": ""single"", ""current"": 1, ""friendly_name"": ""auto-banheiro""}"
2025-07-12T12:53:45.507288,automation.auto_banheiro,on,on,"{""id"": ""1747870075916"", ""last_triggered"": ""2025-07-12T15:53:45.500810+00:00"", ""mode"": ""single"", ""current"": 0, ""friendly_name"": ""auto-banheiro""}"
2025-07-12T12:53:47.080402,binary_sensor.presenca_banheiro_motion,on,off,"{""device_class"": ""motion"", ""friendly_name"": ""Presen\u00e7a banheiro Motion""}"
2025-07-12T12:53:47.087264,automation.auto_banheiro,on,on,"{""id"": ""1747870075916"", ""last_triggered"": ""2025-07-12T15:53:47.073562+00:00"", ""mode"": ""single"", ""current"": 1, ""friendly_name"": ""auto-banheiro""}"
2025-07-12T12:53:47.316333,automation.auto_banheiro,on,on,"{""id"": ""1747870075916"", ""last_triggered"": ""2025-07-12T15:53:47.073562+00:00"", ""mode"": ""single"", ""current"": 0, ""friendly_name"": ""auto-banheiro""}"
2025-07-12T12:53:47.849264,switch.interruptor_banheiro_switch_2,on,off,"{""device_class"": ""outlet"", ""friendly_name"": ""Interruptor banheiro Switch 2""}"
2025-07-12T12:53:47.851705,switch.interruptor_banheiro_switch_1,on,off,"{""device_class"": ""outlet"", ""friendly_name"": ""Interruptor banheiro Switch 1""}"
2025-07-12T12:53:50.505155,automation.auto_banheiro,on,on,"{""id"": ""1747870075916"", ""last_triggered"": ""2025-07-12T15:53:50.500231+00:00"", ""mode"": ""single"", ""current"": 1, ""friendly_name"": ""auto-banheiro""}"
2025-07-12T12:53:50.506768,automation.auto_banheiro,on,on,"{""id"": ""1747870075916"", ""last_triggered"": ""2025-07-12T15:53:50.500231+00:00"", ""mode"": ""single"", ""current"": 0, ""friendly_name"": ""auto-banheiro""}"
2025-07-12T12:53:55.508477,automation.auto_banheiro,on,on,"{""id"": ""1747870075916"", ""last_triggered"": ""2025-07-12T15:53:55.500406+00:00"", ""mode"": ""single"", ""current"": 1, ""friendly_name"": ""auto-banheiro""}"
2025-07-12T12:53:55.511001,automation.auto_banheiro,on,on,"{""id"": ""1747870075916"", ""last_triggered"": ""2025-07-12T15:53:55.500406+00:00"", ""mode"": ""single"", ""current"": 0, ""friendly_name"": ""auto-banheiro""}"
2025-07-12T12:54:00.504784,automation.auto_banheiro,on,on,"{""id"": ""1747870075916"", ""last_triggered"": ""2025-07-12T15:54:00.499971+00:00"", ""mode"": ""single"", ""current"": 1, ""friendly_name"": ""auto-banheiro""}"
2025-07-12T12:54:00.506437,automation.auto_banheiro,on,on,"{""id"": ""1747870075916"", ""last_triggered"": ""2025-07-12T15:54:00.499971+00:00"", ""mode"": ""single"", ""current"": 0, ""friendly_name"": ""auto-banheiro""}"
2025-07-12T12:54:05.519866,automation.auto_banheiro,on,on,"{""id"": ""1747870075916"", ""last_triggered"": ""2025-07-12T15:54:05.500253+00:00"", ""mode"": ""single"", ""current"": 1, ""friendly_name"": ""auto-banheiro""}"
2025-07-12T12:54:05.523479,automation.auto_banheiro,on,on,"{""id"": ""1747870075916"", ""last_triggered"": ""2025-07-12T15:54:05.500253+00:00"", ""mode"": ""single"", ""current"": 0, ""friendly_name"": ""auto-banheiro""}"
2025-07-12T12:54:10.114204,automation.aut_status_bruno,on,on,"{""id"": ""1751855857509"", ""last_triggered"": ""2025-07-12T15:54:10.107794+00:00"", ""mode"": ""single"", ""current"": 1, ""friendly_name"": ""aut-status-bruno""}"
2025-07-12T12:54:10.116551,automation.aut_status_bruno,on,on,"{""id"": ""1751855857509"", ""last_triggered"": ""2025-07-12T15:54:10.107794+00:00"", ""mode"": ""single"", ""current"": 0, ""friendly_name"": ""aut-status-bruno""}"
2025-07-12T12:54:10.258545,automation.aut_lampada_quarto,on,on,"{""id"": ""1746067262247"", ""last_triggered"": ""2025-07-12T15:54:10.254565+00:00"", ""mode"": ""single"", ""current"": 1, ""friendly_name"": ""aut-quarto""}"
2025-07-12T12:54:10.260177,automation.aut_lampada_quarto,on,on,"{""id"": ""1746067262247"", ""last_triggered"": ""2025-07-12T15:54:10.254565+00:00"", ""mode"": ""single"", ""current"": 0, ""friendly_name"": ""aut-quarto""}"
2025-07-12T12:54:10.507144,automation.auto_banheiro,on,on,"{""id"": ""1747870075916"", ""last_triggered"": ""2025-07-12T15:54:10.500431+00:00"", ""mode"": ""single"", ""current"": 1, ""friendly_name"": ""auto-banheiro""}"
2025-07-12T12:54:10.509766,automation.auto_banheiro,on,on,"{""id"": ""1747870075916"", ""last_triggered"": ""2025-07-12T15:54:10.500431+00:00"", ""mode"": ""single"", ""current"": 0, ""friendly_name"": ""auto-banheiro""}"
2025-07-12T12:54:10.616755,sensor.arris_tg1692a_router_download_speed,0.0151128278839861,0.00654586142997752,"{""state_class"": ""measurement"", ""unit_of_measurement"": ""Mbit/s"", ""device_class"": ""data_rate"", ""friendly_name"": ""ARRIS TG1692A Router Download speed""}"
2025-07-12T12:54:10.620285,sensor.arris_tg1692a_router_upload_speed,0.0120598094550106,0.00805066022613849,"{""state_class"": ""measurement"", ""unit_of_measurement"": ""Mbit/s"", ""device_class"": ""data_rate"", ""friendly_name"": ""ARRIS TG1692A Router Upload speed""}"
2025-07-12T12:54:15.508310,automation.auto_banheiro,on,on,"{""id"": ""1747870075916"", ""last_triggered"": ""2025-07-12T15:54:15.500405+00:00"", ""mode"": ""single"", ""current"": 1, ""friendly_name"": ""auto-banheiro""}"
2025-07-12T12:54:15.510066,automation.auto_banheiro,on,on,"{""id"": ""1747870075916"", ""last_triggered"": ""2025-07-12T15:54:15.500405+00:00"", ""mode"": ""single"", ""current"": 0, ""friendly_name"": ""auto-banheiro""}"
2025-07-12T12:54:20.505345,automation.auto_banheiro,on,on,"{""id"": ""1747870075916"", ""last_triggered"": ""2025-07-12T15:54:20.500587+00:00"", ""mode"": ""single"", ""current"": 1, ""friendly_name"": ""auto-banheiro""}"
2025-07-12T12:54:20.506958,automation.auto_banheiro,on,on,"{""id"": ""1747870075916"", ""last_triggered"": ""2025-07-12T15:54:20.500587+00:00"", ""mode"": ""single"", ""current"": 0, ""friendly_name"": ""auto-banheiro""}"
2025-07-12T12:54:25.175128,camera.192_168_0_33,idle,idle,"{""access_token"": ""3a94d963c8f6242804a519dc1c0068e2323bd634182ca5e6e4f852bde5017a03"", ""entity_picture"": ""/api/camera_proxy/camera.192_168_0_33?token=3a94d963c8f6242804a519dc1c0068e2323bd634182ca5e6e4f852bde5017a03"", ""friendly_name"": ""192_168_0_14"", ""supported_features"": 2}"
2025-07-12T12:54:25.178425,camera.admin_mainstream,idle,idle,"{""access_token"": ""50a869d7273c5d2e90b15afc861e10a4f1190131e6b4d7ee5fa6c703b588afb2"", ""entity_picture"": ""/api/camera_proxy/camera.admin_mainstream?token=50a869d7273c5d2e90b15afc861e10a4f1190131e6b4d7ee5fa6c703b588afb2"", ""friendly_name"": ""admin MainStream"", ""supported_features"": 2}"
2025-07-12T12:54:25.181435,camera.admin_substream,idle,idle,"{""access_token"": ""e911468364fb5f9163776f586d20f728bce5d3ad428e82e62e61b53dc7dbd9e1"", ""entity_picture"": ""/api/camera_proxy/camera.admin_substream?token=e911468364fb5f9163776f586d20f728bce5d3ad428e82e62e61b53dc7dbd9e1"", ""friendly_name"": ""admin SubStream"", ""supported_features"": 2}"
2025-07-12T12:54:25.512148,automation.auto_banheiro,on,on,"{""id"": ""1747870075916"", ""last_triggered"": ""2025-07-12T15:54:25.501171+00:00"", ""mode"": ""single"", ""current"": 1, ""friendly_name"": ""auto-banheiro""}"
2025-07-12T12:54:25.516215,automation.auto_banheiro,on,on,"{""id"": ""1747870075916"", ""last_triggered"": ""2025-07-12T15:54:25.501171+00:00"", ""mode"": ""single"", ""current"": 0, ""friendly_name"": ""auto-banheiro""}"
2025-07-12T12:54:30.505229,automation.auto_banheiro,on,on,"{""id"": ""1747870075916"", ""last_triggered"": ""2025-07-12T15:54:30.500439+00:00"", ""mode"": ""single"", ""current"": 1, ""friendly_name"": ""auto-banheiro""}"
2025-07-12T12:54:30.506915,automation.auto_banheiro,on,on,"{""id"": ""1747870075916"", ""last_triggered"": ""2025-07-12T15:54:30.500439+00:00"", ""mode"": ""single"", ""current"": 0, ""friendly_name"": ""auto-banheiro""}"
2025-07-12T12:54:31.866756,binary_sensor.human_presence_sensor_occupancy,on,off,"{""device_class"": ""occupancy"", ""friendly_name"": ""Presen\u00e7a Quarto  Occupancy""}"
2025-07-12T12:54:31.882242,automation.aut_lampada_quarto,on,on,"{""id"": ""1746067262247"", ""last_triggered"": ""2025-07-12T15:54:31.854943+00:00"", ""mode"": ""single"", ""current"": 1, ""friendly_name"": ""aut-quarto""}"
2025-07-12T12:54:31.890496,scene.automation_bedroom_fan_0,2025-07-12T15:45:56.214981+00:00,2025-07-12T15:54:31.862018+00:00,"{""friendly_name"": ""automation-bedroom-fan-0""}"
2025-07-12T12:54:32.131508,automation.aut_lampada_quarto,on,on,"{""id"": ""1746067262247"", ""last_triggered"": ""2025-07-12T15:54:31.854943+00:00"", ""mode"": ""single"", ""current"": 0, ""friendly_name"": ""aut-quarto""}"
2025-07-12T12:54:35.505506,automation.auto_banheiro,on,on,"{""id"": ""1747870075916"", ""last_triggered"": ""2025-07-12T15:54:35.500684+00:00"", ""mode"": ""single"", ""current"": 1, ""friendly_name"": ""auto-banheiro""}"
2025-07-12T12:54:35.513265,automation.auto_banheiro,on,on,"{""id"": ""1747870075916"", ""last_triggered"": ""2025-07-12T15:54:35.500684+00:00"", ""mode"": ""single"", ""current"": 0, ""friendly_name"": ""auto-banheiro""}"
2025-07-12T12:54:40.505156,automation.auto_banheiro,on,on,"{""id"": ""1747870075916"", ""last_triggered"": ""2025-07-12T15:54:40.500237+00:00"", ""mode"": ""single"", ""current"": 1, ""friendly_name"": ""auto-banheiro""}"
2025-07-12T12:54:40.506957,automation.auto_banheiro,on,on,"{""id"": ""1747870075916"", ""last_triggered"": ""2025-07-12T15:54:40.500237+00:00"", ""mode"": ""single"", ""current"": 0, ""friendly_name"": ""auto-banheiro""}"
2025-07-12T12:54:40.614654,sensor.arris_tg1692a_router_download_speed,0.00654586142997752,0.01227845197878,"{""state_class"": ""measurement"", ""unit_of_measurement"": ""Mbit/s"", ""device_class"": ""data_rate"", ""friendly_name"": ""ARRIS TG1692A Router Download speed""}"
2025-07-12T12:54:40.616322,sensor.arris_tg1692a_router_upload_speed,0.00805066022613849,0.0168171378592169,"{""state_class"": ""measurement"", ""unit_of_measurement"": ""Mbit/s"", ""device_class"": ""data_rate"", ""friendly_name"": ""ARRIS TG1692A Router Upload speed""}"
2025-07-12T12:54:45.505222,automation.auto_banheiro,on,on,"{""id"": ""1747870075916"", ""last_triggered"": ""2025-07-12T15:54:45.500219+00:00"", ""mode"": ""single"", ""current"": 1, ""friendly_name"": ""auto-banheiro""}"
2025-07-12T12:54:45.506862,automation.auto_banheiro,on,on,"{""id"": ""1747870075916"", ""last_triggered"": ""2025-07-12T15:54:45.500219+00:00"", ""mode"": ""single"", ""current"": 0, ""friendly_name"": ""auto-banheiro""}"
2025-07-12T12:54:50.505557,automation.auto_banheiro,on,on,"{""id"": ""1747870075916"", ""last_triggered"": ""2025-07-12T15:54:50.500752+00:00"", ""mode"": ""single"", ""current"": 1, ""friendly_name"": ""auto-banheiro""}"
2025-07-12T12:54:50.507943,automation.auto_banheiro,on,on,"{""id"": ""1747870075916"", ""last_triggered"": ""2025-07-12T15:54:50.500752+00:00"", ""mode"": ""single"", ""current"": 0, ""friendly_name"": ""auto-banheiro""}"
2025-07-12T12:54:55.505619,automation.auto_banheiro,on,on,"{""id"": ""1747870075916"", ""last_triggered"": ""2025-07-12T15:54:55.500787+00:00"", ""mode"": ""single"", ""current"": 1, ""friendly_name"": ""auto-banheiro""}"
2025-07-12T12:54:55.507409,automation.auto_banheiro,on,on,"{""id"": ""1747870075916"", ""last_triggered"": ""2025-07-12T15:54:55.500787+00:00"", ""mode"": ""single"", ""current"": 0, ""friendly_name"": ""auto-banheiro""}"
2025-07-12T12:55:00.506610,automation.auto_banheiro,on,on,"{""id"": ""1747870075916"", ""last_triggered"": ""2025-07-12T15:55:00.500496+00:00"", ""mode"": ""single"", ""current"": 1, ""friendly_name"": ""auto-banheiro""}"
2025-07-12T12:55:00.508610,automation.auto_banheiro,on,on,"{""id"": ""1747870075916"", ""last_triggered"": ""2025-07-12T15:55:00.500496+00:00"", ""mode"": ""single"", ""current"": 0, ""friendly_name"": ""auto-banheiro""}"
2025-07-12T12:55:05.518054,automation.auto_banheiro,on,on,"{""id"": ""1747870075916"", ""last_triggered"": ""2025-07-12T15:55:05.503149+00:00"", ""mode"": ""single"", ""current"": 1, ""friendly_name"": ""auto-banheiro""}"
2025-07-12T12:55:05.530285,automation.auto_banheiro,on,on,"{""id"": ""1747870075916"", ""last_triggered"": ""2025-07-12T15:55:05.503149+00:00"", ""mode"": ""single"", ""current"": 0, ""friendly_name"": ""auto-banheiro""}"
2025-07-12T12:55:10.125426,automation.aut_status_bruno,on,on,"{""id"": ""1751855857509"", ""last_triggered"": ""2025-07-12T15:55:10.109852+00:00"", ""mode"": ""single"", ""current"": 1, ""friendly_name"": ""aut-status-bruno""}"
2025-07-12T12:55:10.130211,automation.aut_status_bruno,on,on,"{""id"": ""1751855857509"", ""last_triggered"": ""2025-07-12T15:55:10.109852+00:00"", ""mode"": ""single"", ""current"": 0, ""friendly_name"": ""aut-status-bruno""}"
2025-07-12T12:55:10.265123,automation.aut_lampada_quarto,on,on,"{""id"": ""1746067262247"", ""last_triggered"": ""2025-07-12T15:55:10.255595+00:00"", ""mode"": ""single"", ""current"": 1, ""friendly_name"": ""aut-quarto""}"
2025-07-12T12:55:10.269021,automation.aut_lampada_quarto,on,on,"{""id"": ""1746067262247"", ""last_triggered"": ""2025-07-12T15:55:10.255595+00:00"", ""mode"": ""single"", ""current"": 0, ""friendly_name"": ""aut-quarto""}"
2025-07-12T12:55:10.506152,automation.auto_banheiro,on,on,"{""id"": ""1747870075916"", ""last_triggered"": ""2025-07-12T15:55:10.500407+00:00"", ""mode"": ""single"", ""current"": 1, ""friendly_name"": ""auto-banheiro""}"
2025-07-12T12:55:10.507924,automation.auto_banheiro,on,on,"{""id"": ""1747870075916"", ""last_triggered"": ""2025-07-12T15:55:10.500407+00:00"", ""mode"": ""single"", ""current"": 0, ""friendly_name"": ""auto-banheiro""}"
2025-07-12T12:55:10.620417,sensor.arris_tg1692a_router_download_speed,0.01227845197878,0.0028170292001783,"{""state_class"": ""measurement"", ""unit_of_measurement"": ""Mbit/s"", ""device_class"": ""data_rate"", ""friendly_name"": ""ARRIS TG1692A Router Download speed""}"
2025-07-12T12:55:10.623685,sensor.arris_tg1692a_router_upload_speed,0.0168171378592169,0.00306129261814151,"{""state_class"": ""measurement"", ""unit_of_measurement"": ""Mbit/s"", ""device_class"": ""data_rate"", ""friendly_name"": ""ARRIS TG1692A Router Upload speed""}"
2025-07-12T12:55:15.514438,automation.auto_banheiro,on,on,"{""id"": ""1747870075916"", ""last_triggered"": ""2025-07-12T15:55:15.502072+00:00"", ""mode"": ""single"", ""current"": 1, ""friendly_name"": ""auto-banheiro""}"
2025-07-12T12:55:15.517949,automation.auto_banheiro,on,on,"{""id"": ""1747870075916"", ""last_triggered"": ""2025-07-12T15:55:15.502072+00:00"", ""mode"": ""single"", ""current"": 0, ""friendly_name"": ""auto-banheiro""}"
2025-07-12T12:55:20.504946,automation.auto_banheiro,on,on,"{""id"": ""1747870075916"", ""last_triggered"": ""2025-07-12T15:55:20.500064+00:00"", ""mode"": ""single"", ""current"": 1, ""friendly_name"": ""auto-banheiro""}"
2025-07-12T12:55:20.506533,automation.auto_banheiro,on,on,"{""id"": ""1747870075916"", ""last_triggered"": ""2025-07-12T15:55:20.500064+00:00"", ""mode"": ""single"", ""current"": 0, ""friendly_name"": ""auto-banheiro""}"
2025-07-12T12:55:25.506567,automation.auto_banheiro,on,on,"{""id"": ""1747870075916"", ""last_triggered"": ""2025-07-12T15:55:25.500797+00:00"", ""mode"": ""single"", ""current"": 1, ""friendly_name"": ""auto-banheiro""}"
2025-07-12T12:55:25.508180,automation.auto_banheiro,on,on,"{""id"": ""1747870075916"", ""last_triggered"": ""2025-07-12T15:55:25.500797+00:00"", ""mode"": ""single"", ""current"": 0, ""friendly_name"": ""auto-banheiro""}"
2025-07-12T12:55:30.511077,automation.auto_banheiro,on,on,"{""id"": ""1747870075916"", ""last_triggered"": ""2025-07-12T15:55:30.500408+00:00"", ""mode"": ""single"", ""current"": 1, ""friendly_name"": ""auto-banheiro""}"
2025-07-12T12:55:30.514679,automation.auto_banheiro,on,on,"{""id"": ""1747870075916"", ""last_triggered"": ""2025-07-12T15:55:30.500408+00:00"", ""mode"": ""single"", ""current"": 0, ""friendly_name"": ""auto-banheiro""}"
2025-07-12T12:55:35.505180,automation.auto_banheiro,on,on,"{""id"": ""1747870075916"", ""last_triggered"": ""2025-07-12T15:55:35.500001+00:00"", ""mode"": ""single"", ""current"": 1, ""friendly_name"": ""auto-banheiro""}"
2025-07-12T12:55:35.507012,automation.auto_banheiro,on,on,"{""id"": ""1747870075916"", ""last_triggered"": ""2025-07-12T15:55:35.500001+00:00"", ""mode"": ""single"", ""current"": 0, ""friendly_name"": ""auto-banheiro""}"
2025-07-12T12:55:40.083459,media_player.lg_webos_tv_oled42c2psa_2,playing,paused,"{""source_list"": [""Amazon Alexa"", ""Amazon Music"", ""Apple TV"", ""Apps"", ""Clarovideo"", ""Compartilhamento de Ambiente para Ambiente"", ""C\u00e2mera"", ""Disney+"", ""Esportes"", ""Globoplay"", ""HDMI 1"", ""HDMI 2"", ""HDMI 3"", ""HDMI 4"", ""Hub Inicial"", ""Kanto"", ""LG Channels"", ""LG Gaming Portal"", ""Live TV"", ""Mercado Play"", ""Navegador Web"", ""Netflix"", ""Prime Video"", ""Reprodutor de M\u00eddia"", ""Sempre Pronto"", ""Twitch"", ""YouTube""], ""volume_level"": 0.12, ""is_volume_muted"": false, ""source"": ""YouTube"", ""sound_output"": ""tv_external_speaker"", ""device_class"": ""tv"", ""entity_picture"": ""/api/media_player_proxy/media_player.lg_webos_tv_oled42c2psa_2?token=7cc859caa677cb6b72c183607fe83e306f214db9fa8ef18976485f6b0cd59f6e&cache=d615266ef42c4b6f"", ""friendly_name"": ""LG webOS TV OLED42C2PSA"", ""supported_features"": 24381}"
2025-07-12T12:55:40.508427,automation.auto_banheiro,on,on,"{""id"": ""1747870075916"", ""last_triggered"": ""2025-07-12T15:55:40.500602+00:00"", ""mode"": ""single"", ""current"": 1, ""friendly_name"": ""auto-banheiro""}"
2025-07-12T12:55:40.512892,automation.auto_banheiro,on,on,"{""id"": ""1747870075916"", ""last_triggered"": ""2025-07-12T15:55:40.500602+00:00"", ""mode"": ""single"", ""current"": 0, ""friendly_name"": ""auto-banheiro""}"
2025-07-12T12:55:40.638815,sensor.arris_tg1692a_router_download_speed,0.0028170292001783,0.00328113032059489,"{""state_class"": ""measurement"", ""unit_of_measurement"": ""Mbit/s"", ""device_class"": ""data_rate"", ""friendly_name"": ""ARRIS TG1692A Router Download speed""}"
2025-07-12T12:55:40.642068,sensor.arris_tg1692a_router_upload_speed,0.00306129261814151,0.0070950709777103,"{""state_class"": ""measurement"", ""unit_of_measurement"": ""Mbit/s"", ""device_class"": ""data_rate"", ""friendly_name"": ""ARRIS TG1692A Router Upload speed""}"
2025-07-12T12:55:42.023890,sun.sun,above_horizon,above_horizon,"{""next_dawn"": ""2025-07-13T08:34:17.857562+00:00"", ""next_dusk"": ""2025-07-12T20:45:20.313231+00:00"", ""next_midnight"": ""2025-07-13T02:39:54+00:00"", ""next_noon"": ""2025-07-13T14:39:50+00:00"", ""next_rising"": ""2025-07-13T08:57:32.537391+00:00"", ""next_setting"": ""2025-07-12T20:22:04.562792+00:00"", ""elevation"": 50.48, ""azimuth"": 331.7, ""rising"": false, ""friendly_name"": ""Sun""}"
2025-07-12T12:55:45.509116,automation.auto_banheiro,on,on,"{""id"": ""1747870075916"", ""last_triggered"": ""2025-07-12T15:55:45.500664+00:00"", ""mode"": ""single"", ""current"": 1, ""friendly_name"": ""auto-banheiro""}"
2025-07-12T12:55:45.512174,automation.auto_banheiro,on,on,"{""id"": ""1747870075916"", ""last_triggered"": ""2025-07-12T15:55:45.500664+00:00"", ""mode"": ""single"", ""current"": 0, ""friendly_name"": ""auto-banheiro""}"
2025-07-12T12:55:50.505070,automation.auto_banheiro,on,on,"{""id"": ""1747870075916"", ""last_triggered"": ""2025-07-12T15:55:50.499929+00:00"", ""mode"": ""single"", ""current"": 1, ""friendly_name"": ""auto-banheiro""}"
2025-07-12T12:55:50.506938,automation.auto_banheiro,on,on,"{""id"": ""1747870075916"", ""last_triggered"": ""2025-07-12T15:55:50.499929+00:00"", ""mode"": ""single"", ""current"": 0, ""friendly_name"": ""auto-banheiro""}"
2025-07-12T12:55:52.674321,media_player.lg_webos_tv_oled42c2psa_2,paused,playing,"{""source_list"": [""Amazon Alexa"", ""Amazon Music"", ""Apple TV"", ""Apps"", ""Clarovideo"", ""Compartilhamento de Ambiente para Ambiente"", ""C\u00e2mera"", ""Disney+"", ""Esportes"", ""Globoplay"", ""HDMI 1"", ""HDMI 2"", ""HDMI 3"", ""HDMI 4"", ""Hub Inicial"", ""Kanto"", ""LG Channels"", ""LG Gaming Portal"", ""Live TV"", ""Mercado Play"", ""Navegador Web"", ""Netflix"", ""Prime Video"", ""Reprodutor de M\u00eddia"", ""Sempre Pronto"", ""Twitch"", ""YouTube""], ""volume_level"": 0.12, ""is_volume_muted"": false, ""source"": ""YouTube"", ""sound_output"": ""tv_external_speaker"", ""device_class"": ""tv"", ""entity_picture"": ""/api/media_player_proxy/media_player.lg_webos_tv_oled42c2psa_2?token=7cc859caa677cb6b72c183607fe83e306f214db9fa8ef18976485f6b0cd59f6e&cache=d615266ef42c4b6f"", ""friendly_name"": ""LG webOS TV OLED42C2PSA"", ""supported_features"": 24381}"
2025-07-12T12:55:55.000078,media_player.lg_webos_tv_oled42c2psa_2,playing,paused,"{""source_list"": [""Amazon Alexa"", ""Amazon Music"", ""Apple TV"", ""Apps"", ""Clarovideo"", ""Compartilhamento de Ambiente para Ambiente"", ""C\u00e2mera"", ""Disney+"", ""Esportes"", ""Globoplay"", ""HDMI 1"", ""HDMI 2"", ""HDMI 3"", ""HDMI 4"", ""Hub Inicial"", ""Kanto"", ""LG Channels"", ""LG Gaming Portal"", ""Live TV"", ""Mercado Play"", ""Navegador Web"", ""Netflix"", ""Prime Video"", ""Reprodutor de M\u00eddia"", ""Sempre Pronto"", ""Twitch"", ""YouTube""], ""volume_level"": 0.12, ""is_volume_muted"": false, ""source"": ""YouTube"", ""sound_output"": ""tv_external_speaker"", ""device_class"": ""tv"", ""entity_picture"": ""/api/media_player_proxy/media_player.lg_webos_tv_oled42c2psa_2?token=7cc859caa677cb6b72c183607fe83e306f214db9fa8ef18976485f6b0cd59f6e&cache=d615266ef42c4b6f"", ""friendly_name"": ""LG webOS TV OLED42C2PSA"", ""supported_features"": 24381}"
2025-07-12T12:55:55.505593,automation.auto_banheiro,on,on,"{""id"": ""1747870075916"", ""last_triggered"": ""2025-07-12T15:55:55.500736+00:00"", ""mode"": ""single"", ""current"": 1, ""friendly_name"": ""auto-banheiro""}"
2025-07-12T12:55:55.507158,automation.auto_banheiro,on,on,"{""id"": ""1747870075916"", ""last_triggered"": ""2025-07-12T15:55:55.500736+00:00"", ""mode"": ""single"", ""current"": 0, ""friendly_name"": ""auto-banheiro""}"
2025-07-12T12:55:56.999845,media_player.lg_webos_tv_oled42c2psa_2,paused,playing,"{""source_list"": [""Amazon Alexa"", ""Amazon Music"", ""Apple TV"", ""Apps"", ""Clarovideo"", ""Compartilhamento de Ambiente para Ambiente"", ""C\u00e2mera"", ""Disney+"", ""Esportes"", ""Globoplay"", ""HDMI 1"", ""HDMI 2"", ""HDMI 3"", ""HDMI 4"", ""Hub Inicial"", ""Kanto"", ""LG Channels"", ""LG Gaming Portal"", ""Live TV"", ""Mercado Play"", ""Navegador Web"", ""Netflix"", ""Prime Video"", ""Reprodutor de M\u00eddia"", ""Sempre Pronto"", ""Twitch"", ""YouTube""], ""volume_level"": 0.12, ""is_volume_muted"": false, ""source"": ""YouTube"", ""sound_output"": ""tv_external_speaker"", ""device_class"": ""tv"", ""entity_picture"": ""/api/media_player_proxy/media_player.lg_webos_tv_oled42c2psa_2?token=7cc859caa677cb6b72c183607fe83e306f214db9fa8ef18976485f6b0cd59f6e&cache=d615266ef42c4b6f"", ""friendly_name"": ""LG webOS TV OLED42C2PSA"", ""supported_features"": 24381}"
2025-07-12T12:56:00.505229,automation.auto_banheiro,on,on,"{""id"": ""1747870075916"", ""last_triggered"": ""2025-07-12T15:56:00.500406+00:00"", ""mode"": ""single"", ""current"": 1, ""friendly_name"": ""auto-banheiro""}"
2025-07-12T12:56:00.506850,automation.auto_banheiro,on,on,"{""id"": ""1747870075916"", ""last_triggered"": ""2025-07-12T15:56:00.500406+00:00"", ""mode"": ""single"", ""current"": 0, ""friendly_name"": ""auto-banheiro""}"
2025-07-12T12:56:02.886982,media_player.lg_webos_tv_oled42c2psa_2,playing,paused,"{""source_list"": [""Amazon Alexa"", ""Amazon Music"", ""Apple TV"", ""Apps"", ""Clarovideo"", ""Compartilhamento de Ambiente para Ambiente"", ""C\u00e2mera"", ""Disney+"", ""Esportes"", ""Globoplay"", ""HDMI 1"", ""HDMI 2"", ""HDMI 3"", ""HDMI 4"", ""Hub Inicial"", ""Kanto"", ""LG Channels"", ""LG Gaming Portal"", ""Live TV"", ""Mercado Play"", ""Navegador Web"", ""Netflix"", ""Prime Video"", ""Reprodutor de M\u00eddia"", ""Sempre Pronto"", ""Twitch"", ""YouTube""], ""volume_level"": 0.12, ""is_volume_muted"": false, ""source"": ""YouTube"", ""sound_output"": ""tv_external_speaker"", ""device_class"": ""tv"", ""entity_picture"": ""/api/media_player_proxy/media_player.lg_webos_tv_oled42c2psa_2?token=7cc859caa677cb6b72c183607fe83e306f214db9fa8ef18976485f6b0cd59f6e&cache=d615266ef42c4b6f"", ""friendly_name"": ""LG webOS TV OLED42C2PSA"", ""supported_features"": 24381}"
2025-07-12T12:56:05.508420,automation.auto_banheiro,on,on,"{""id"": ""1747870075916"", ""last_triggered"": ""2025-07-12T15:56:05.499983+00:00"", ""mode"": ""single"", ""current"": 1, ""friendly_name"": ""auto-banheiro""}"
2025-07-12T12:56:05.510277,automation.auto_banheiro,on,on,"{""id"": ""1747870075916"", ""last_triggered"": ""2025-07-12T15:56:05.499983+00:00"", ""mode"": ""single"", ""current"": 0, ""friendly_name"": ""auto-banheiro""}"
2025-07-12T12:56:06.207749,media_player.lg_webos_tv_oled42c2psa_2,paused,playing,"{""source_list"": [""Amazon Alexa"", ""Amazon Music"", ""Apple TV"", ""Apps"", ""Clarovideo"", ""Compartilhamento de Ambiente para Ambiente"", ""C\u00e2mera"", ""Disney+"", ""Esportes"", ""Globoplay"", ""HDMI 1"", ""HDMI 2"", ""HDMI 3"", ""HDMI 4"", ""Hub Inicial"", ""Kanto"", ""LG Channels"", ""LG Gaming Portal"", ""Live TV"", ""Mercado Play"", ""Navegador Web"", ""Netflix"", ""Prime Video"", ""Reprodutor de M\u00eddia"", ""Sempre Pronto"", ""Twitch"", ""YouTube""], ""volume_level"": 0.12, ""is_volume_muted"": false, ""source"": ""YouTube"", ""sound_output"": ""tv_external_speaker"", ""device_class"": ""tv"", ""entity_picture"": ""/api/media_player_proxy/media_player.lg_webos_tv_oled42c2psa_2?token=7cc859caa677cb6b72c183607fe83e306f214db9fa8ef18976485f6b0cd59f6e&cache=d615266ef42c4b6f"", ""friendly_name"": ""LG webOS TV OLED42C2PSA"", ""supported_features"": 24381}"
2025-07-12T12:56:10.125205,automation.aut_status_bruno,on,on,"{""id"": ""1751855857509"", ""last_triggered"": ""2025-07-12T15:56:10.109420+00:00"", ""mode"": ""single"", ""current"": 1, ""friendly_name"": ""aut-status-bruno""}"
2025-07-12T12:56:10.131895,automation.aut_status_bruno,on,on,"{""id"": ""1751855857509"", ""last_triggered"": ""2025-07-12T15:56:10.109420+00:00"", ""mode"": ""single"", ""current"": 0, ""friendly_name"": ""aut-status-bruno""}"
2025-07-12T12:56:10.264332,automation.aut_lampada_quarto,on,on,"{""id"": ""1746067262247"", ""last_triggered"": ""2025-07-12T15:56:10.254873+00:00"", ""mode"": ""single"", ""current"": 1, ""friendly_name"": ""aut-quarto""}"
2025-07-12T12:56:10.267705,automation.aut_lampada_quarto,on,on,"{""id"": ""1746067262247"", ""last_triggered"": ""2025-07-12T15:56:10.254873+00:00"", ""mode"": ""single"", ""current"": 0, ""friendly_name"": ""aut-quarto""}"
2025-07-12T12:56:10.511597,automation.auto_banheiro,on,on,"{""id"": ""1747870075916"", ""last_triggered"": ""2025-07-12T15:56:10.500263+00:00"", ""mode"": ""single"", ""current"": 1, ""friendly_name"": ""auto-banheiro""}"
2025-07-12T12:56:10.515509,automation.auto_banheiro,on,on,"{""id"": ""1747870075916"", ""last_triggered"": ""2025-07-12T15:56:10.500263+00:00"", ""mode"": ""single"", ""current"": 0, ""friendly_name"": ""auto-banheiro""}"
2025-07-12T12:56:10.619167,sensor.arris_tg1692a_router_download_speed,0.00328113032059489,0.00334489150584814,"{""state_class"": ""measurement"", ""unit_of_measurement"": ""Mbit/s"", ""device_class"": ""data_rate"", ""friendly_name"": ""ARRIS TG1692A Router Download speed""}"
2025-07-12T12:56:10.621695,sensor.arris_tg1692a_router_upload_speed,0.0070950709777103,0.00560877295392298,"{""state_class"": ""measurement"", ""unit_of_measurement"": ""Mbit/s"", ""device_class"": ""data_rate"", ""friendly_name"": ""ARRIS TG1692A Router Upload speed""}"
2025-07-12T12:56:15.504830,automation.auto_banheiro,on,on,"{""id"": ""1747870075916"", ""last_triggered"": ""2025-07-12T15:56:15.500037+00:00"", ""mode"": ""single"", ""current"": 1, ""friendly_name"": ""auto-banheiro""}"
2025-07-12T12:56:15.506491,automation.auto_banheiro,on,on,"{""id"": ""1747870075916"", ""last_triggered"": ""2025-07-12T15:56:15.500037+00:00"", ""mode"": ""single"", ""current"": 0, ""friendly_name"": ""auto-banheiro""}"
2025-07-12T12:56:20.507287,automation.auto_banheiro,on,on,"{""id"": ""1747870075916"", ""last_triggered"": ""2025-07-12T15:56:20.500715+00:00"", ""mode"": ""single"", ""current"": 1, ""friendly_name"": ""auto-banheiro""}"
2025-07-12T12:56:20.509145,automation.auto_banheiro,on,on,"{""id"": ""1747870075916"", ""last_triggered"": ""2025-07-12T15:56:20.500715+00:00"", ""mode"": ""single"", ""current"": 0, ""friendly_name"": ""auto-banheiro""}"
2025-07-12T12:56:21.182208,media_player.lg_webos_tv_oled42c2psa_2,playing,paused,"{""source_list"": [""Amazon Alexa"", ""Amazon Music"", ""Apple TV"", ""Apps"", ""Clarovideo"", ""Compartilhamento de Ambiente para Ambiente"", ""C\u00e2mera"", ""Disney+"", ""Esportes"", ""Globoplay"", ""HDMI 1"", ""HDMI 2"", ""HDMI 3"", ""HDMI 4"", ""Hub Inicial"", ""Kanto"", ""LG Channels"", ""LG Gaming Portal"", ""Live TV"", ""Mercado Play"", ""Navegador Web"", ""Netflix"", ""Prime Video"", ""Reprodutor de M\u00eddia"", ""Sempre Pronto"", ""Twitch"", ""YouTube""], ""volume_level"": 0.12, ""is_volume_muted"": false, ""source"": ""YouTube"", ""sound_output"": ""tv_external_speaker"", ""device_class"": ""tv"", ""entity_picture"": ""/api/media_player_proxy/media_player.lg_webos_tv_oled42c2psa_2?token=7cc859caa677cb6b72c183607fe83e306f214db9fa8ef18976485f6b0cd59f6e&cache=d615266ef42c4b6f"", ""friendly_name"": ""LG webOS TV OLED42C2PSA"", ""supported_features"": 24381}"
2025-07-12T12:56:23.534036,media_player.lg_webos_tv_oled42c2psa_2,paused,playing,"{""source_list"": [""Amazon Alexa"", ""Amazon Music"", ""Apple TV"", ""Apps"", ""Clarovideo"", ""Compartilhamento de Ambiente para Ambiente"", ""C\u00e2mera"", ""Disney+"", ""Esportes"", ""Globoplay"", ""HDMI 1"", ""HDMI 2"", ""HDMI 3"", ""HDMI 4"", ""Hub Inicial"", ""Kanto"", ""LG Channels"", ""LG Gaming Portal"", ""Live TV"", ""Mercado Play"", ""Navegador Web"", ""Netflix"", ""Prime Video"", ""Reprodutor de M\u00eddia"", ""Sempre Pronto"", ""Twitch"", ""YouTube""], ""volume_level"": 0.12, ""is_volume_muted"": false, ""source"": ""YouTube"", ""sound_output"": ""tv_external_speaker"", ""device_class"": ""tv"", ""entity_picture"": ""/api/media_player_proxy/media_player.lg_webos_tv_oled42c2psa_2?token=7cc859caa677cb6b72c183607fe83e306f214db9fa8ef18976485f6b0cd59f6e&cache=d615266ef42c4b6f"", ""friendly_name"": ""LG webOS TV OLED42C2PSA"", ""supported_features"": 24381}"
2025-07-12T12:56:25.512035,automation.auto_banheiro,on,on,"{""id"": ""1747870075916"", ""last_triggered"": ""2025-07-12T15:56:25.501109+00:00"", ""mode"": ""single"", ""current"": 1, ""friendly_name"": ""auto-banheiro""}"
2025-07-12T12:56:25.516752,automation.auto_banheiro,on,on,"{""id"": ""1747870075916"", ""last_triggered"": ""2025-07-12T15:56:25.501109+00:00"", ""mode"": ""single"", ""current"": 0, ""friendly_name"": ""auto-banheiro""}"
2025-07-12T12:56:30.505330,automation.auto_banheiro,on,on,"{""id"": ""1747870075916"", ""last_triggered"": ""2025-07-12T15:56:30.500492+00:00"", ""mode"": ""single"", ""current"": 1, ""friendly_name"": ""auto-banheiro""}"
2025-07-12T12:56:30.506955,automation.auto_banheiro,on,on,"{""id"": ""1747870075916"", ""last_triggered"": ""2025-07-12T15:56:30.500492+00:00"", ""mode"": ""single"", ""current"": 0, ""friendly_name"": ""auto-banheiro""}"
2025-07-12T12:56:35.510453,automation.auto_banheiro,on,on,"{""id"": ""1747870075916"", ""last_triggered"": ""2025-07-12T15:56:35.500401+00:00"", ""mode"": ""single"", ""current"": 1, ""friendly_name"": ""auto-banheiro""}"
2025-07-12T12:56:35.512820,automation.auto_banheiro,on,on,"{""id"": ""1747870075916"", ""last_triggered"": ""2025-07-12T15:56:35.500401+00:00"", ""mode"": ""single"", ""current"": 0, ""friendly_name"": ""auto-banheiro""}"
2025-07-12T12:56:40.505189,automation.auto_banheiro,on,on,"{""id"": ""1747870075916"", ""last_triggered"": ""2025-07-12T15:56:40.500267+00:00"", ""mode"": ""single"", ""current"": 1, ""friendly_name"": ""auto-banheiro""}"
2025-07-12T12:56:40.510051,automation.auto_banheiro,on,on,"{""id"": ""1747870075916"", ""last_triggered"": ""2025-07-12T15:56:40.500267+00:00"", ""mode"": ""single"", ""current"": 0, ""friendly_name"": ""auto-banheiro""}"
2025-07-12T12:56:40.613383,sensor.arris_tg1692a_router_download_speed,0.00334489150584814,0.00450106316215955,"{""state_class"": ""measurement"", ""unit_of_measurement"": ""Mbit/s"", ""device_class"": ""data_rate"", ""friendly_name"": ""ARRIS TG1692A Router Download speed""}"
2025-07-12T12:56:40.614972,sensor.arris_tg1692a_router_upload_speed,0.00560877295392298,0.00529737638660607,"{""state_class"": ""measurement"", ""unit_of_measurement"": ""Mbit/s"", ""device_class"": ""data_rate"", ""friendly_name"": ""ARRIS TG1692A Router Upload speed""}"
2025-07-12T12:56:45.509502,automation.auto_banheiro,on,on,"{""id"": ""1747870075916"", ""last_triggered"": ""2025-07-12T15:56:45.501681+00:00"", ""mode"": ""single"", ""current"": 1, ""friendly_name"": ""auto-banheiro""}"
2025-07-12T12:56:45.511549,automation.auto_banheiro,on,on,"{""id"": ""1747870075916"", ""last_triggered"": ""2025-07-12T15:56:45.501681+00:00"", ""mode"": ""single"", ""current"": 0, ""friendly_name"": ""auto-banheiro""}"
2025-07-12T12:56:50.507708,automation.auto_banheiro,on,on,"{""id"": ""1747870075916"", ""last_triggered"": ""2025-07-12T15:56:50.500271+00:00"", ""mode"": ""single"", ""current"": 1, ""friendly_name"": ""auto-banheiro""}"
2025-07-12T12:56:50.511274,automation.auto_banheiro,on,on,"{""id"": ""1747870075916"", ""last_triggered"": ""2025-07-12T15:56:50.500271+00:00"", ""mode"": ""single"", ""current"": 0, ""friendly_name"": ""auto-banheiro""}"
2025-07-12T12:56:55.511474,automation.auto_banheiro,on,on,"{""id"": ""1747870075916"", ""last_triggered"": ""2025-07-12T15:56:55.500634+00:00"", ""mode"": ""single"", ""current"": 1, ""friendly_name"": ""auto-banheiro""}"
2025-07-12T12:56:55.520670,automation.auto_banheiro,on,on,"{""id"": ""1747870075916"", ""last_triggered"": ""2025-07-12T15:56:55.500634+00:00"", ""mode"": ""single"", ""current"": 0, ""friendly_name"": ""auto-banheiro""}"
2025-07-12T12:57:00.505207,automation.auto_banheiro,on,on,"{""id"": ""1747870075916"", ""last_triggered"": ""2025-07-12T15:57:00.500402+00:00"", ""mode"": ""single"", ""current"": 1, ""friendly_name"": ""auto-banheiro""}"
2025-07-12T12:57:00.506934,automation.auto_banheiro,on,on,"{""id"": ""1747870075916"", ""last_triggered"": ""2025-07-12T15:57:00.500402+00:00"", ""mode"": ""single"", ""current"": 0, ""friendly_name"": ""auto-banheiro""}"
2025-07-12T12:57:05.507890,automation.auto_banheiro,on,on,"{""id"": ""1747870075916"", ""last_triggered"": ""2025-07-12T15:57:05.500166+00:00"", ""mode"": ""single"", ""current"": 1, ""friendly_name"": ""auto-banheiro""}"
2025-07-12T12:57:05.509537,automation.auto_banheiro,on,on,"{""id"": ""1747870075916"", ""last_triggered"": ""2025-07-12T15:57:05.500166+00:00"", ""mode"": ""single"", ""current"": 0, ""friendly_name"": ""auto-banheiro""}"
2025-07-12T12:57:10.116395,automation.aut_status_bruno,on,on,"{""id"": ""1751855857509"", ""last_triggered"": ""2025-07-12T15:57:10.107963+00:00"", ""mode"": ""single"", ""current"": 1, ""friendly_name"": ""aut-status-bruno""}"
2025-07-12T12:57:10.120642,automation.aut_status_bruno,on,on,"{""id"": ""1751855857509"", ""last_triggered"": ""2025-07-12T15:57:10.107963+00:00"", ""mode"": ""single"", ""current"": 0, ""friendly_name"": ""aut-status-bruno""}"
2025-07-12T12:57:10.259014,automation.aut_lampada_quarto,on,on,"{""id"": ""1746067262247"", ""last_triggered"": ""2025-07-12T15:57:10.254351+00:00"", ""mode"": ""single"", ""current"": 1, ""friendly_name"": ""aut-quarto""}"
2025-07-12T12:57:10.260927,automation.aut_lampada_quarto,on,on,"{""id"": ""1746067262247"", ""last_triggered"": ""2025-07-12T15:57:10.254351+00:00"", ""mode"": ""single"", ""current"": 0, ""friendly_name"": ""aut-quarto""}"
2025-07-12T12:57:10.506027,automation.auto_banheiro,on,on,"{""id"": ""1747870075916"", ""last_triggered"": ""2025-07-12T15:57:10.499826+00:00"", ""mode"": ""single"", ""current"": 1, ""friendly_name"": ""auto-banheiro""}"
2025-07-12T12:57:10.508080,automation.auto_banheiro,on,on,"{""id"": ""1747870075916"", ""last_triggered"": ""2025-07-12T15:57:10.499826+00:00"", ""mode"": ""single"", ""current"": 0, ""friendly_name"": ""auto-banheiro""}"
2025-07-12T12:57:10.633285,sensor.arris_tg1692a_router_download_speed,0.00450106316215955,0.00367483386782998,"{""state_class"": ""measurement"", ""unit_of_measurement"": ""Mbit/s"", ""device_class"": ""data_rate"", ""friendly_name"": ""ARRIS TG1692A Router Download speed""}"
2025-07-12T12:57:10.634956,sensor.arris_tg1692a_router_upload_speed,0.00529737638660607,0.00262819553017432,"{""state_class"": ""measurement"", ""unit_of_measurement"": ""Mbit/s"", ""device_class"": ""data_rate"", ""friendly_name"": ""ARRIS TG1692A Router Upload speed""}"
2025-07-12T12:57:15.505391,automation.auto_banheiro,on,on,"{""id"": ""1747870075916"", ""last_triggered"": ""2025-07-12T15:57:15.500129+00:00"", ""mode"": ""single"", ""current"": 1, ""friendly_name"": ""auto-banheiro""}"
2025-07-12T12:57:15.507272,automation.auto_banheiro,on,on,"{""id"": ""1747870075916"", ""last_triggered"": ""2025-07-12T15:57:15.500129+00:00"", ""mode"": ""single"", ""current"": 0, ""friendly_name"": ""auto-banheiro""}"
2025-07-12T12:57:20.504892,automation.auto_banheiro,on,on,"{""id"": ""1747870075916"", ""last_triggered"": ""2025-07-12T15:57:20.500096+00:00"", ""mode"": ""single"", ""current"": 1, ""friendly_name"": ""auto-banheiro""}"
2025-07-12T12:57:20.506917,automation.auto_banheiro,on,on,"{""id"": ""1747870075916"", ""last_triggered"": ""2025-07-12T15:57:20.500096+00:00"", ""mode"": ""single"", ""current"": 0, ""friendly_name"": ""auto-banheiro""}"
2025-07-12T12:57:25.522337,automation.auto_banheiro,on,on,"{""id"": ""1747870075916"", ""last_triggered"": ""2025-07-12T15:57:25.501021+00:00"", ""mode"": ""single"", ""current"": 1, ""friendly_name"": ""auto-banheiro""}"
2025-07-12T12:57:25.529463,automation.auto_banheiro,on,on,"{""id"": ""1747870075916"", ""last_triggered"": ""2025-07-12T15:57:25.501021+00:00"", ""mode"": ""single"", ""current"": 0, ""friendly_name"": ""auto-banheiro""}"
2025-07-12T12:57:30.508123,automation.auto_banheiro,on,on,"{""id"": ""1747870075916"", ""last_triggered"": ""2025-07-12T15:57:30.501715+00:00"", ""mode"": ""single"", ""current"": 1, ""friendly_name"": ""auto-banheiro""}"
2025-07-12T12:57:30.510020,automation.auto_banheiro,on,on,"{""id"": ""1747870075916"", ""last_triggered"": ""2025-07-12T15:57:30.501715+00:00"", ""mode"": ""single"", ""current"": 0, ""friendly_name"": ""auto-banheiro""}"
2025-07-12T12:57:35.505124,automation.auto_banheiro,on,on,"{""id"": ""1747870075916"", ""last_triggered"": ""2025-07-12T15:57:35.499798+00:00"", ""mode"": ""single"", ""current"": 1, ""friendly_name"": ""auto-banheiro""}"
2025-07-12T12:57:35.507036,automation.auto_banheiro,on,on,"{""id"": ""1747870075916"", ""last_triggered"": ""2025-07-12T15:57:35.499798+00:00"", ""mode"": ""single"", ""current"": 0, ""friendly_name"": ""auto-banheiro""}"
2025-07-12T12:57:40.504842,automation.auto_banheiro,on,on,"{""id"": ""1747870075916"", ""last_triggered"": ""2025-07-12T15:57:40.500018+00:00"", ""mode"": ""single"", ""current"": 1, ""friendly_name"": ""auto-banheiro""}"
2025-07-12T12:57:40.506531,automation.auto_banheiro,on,on,"{""id"": ""1747870075916"", ""last_triggered"": ""2025-07-12T15:57:40.500018+00:00"", ""mode"": ""single"", ""current"": 0, ""friendly_name"": ""auto-banheiro""}"
2025-07-12T12:57:40.616227,sensor.arris_tg1692a_router_download_speed,0.00367483386782998,0.0083339902875226,"{""state_class"": ""measurement"", ""unit_of_measurement"": ""Mbit/s"", ""device_class"": ""data_rate"", ""friendly_name"": ""ARRIS TG1692A Router Download speed""}"
2025-07-12T12:57:40.617844,sensor.arris_tg1692a_router_upload_speed,0.00262819553017432,0.00418672876981009,"{""state_class"": ""measurement"", ""unit_of_measurement"": ""Mbit/s"", ""device_class"": ""data_rate"", ""friendly_name"": ""ARRIS TG1692A Router Upload speed""}"
2025-07-12T12:57:45.513246,automation.auto_banheiro,on,on,"{""id"": ""1747870075916"", ""last_triggered"": ""2025-07-12T15:57:45.501171+00:00"", ""mode"": ""single"", ""current"": 1, ""friendly_name"": ""auto-banheiro""}"
2025-07-12T12:57:45.517376,automation.auto_banheiro,on,on,"{""id"": ""1747870075916"", ""last_triggered"": ""2025-07-12T15:57:45.501171+00:00"", ""mode"": ""single"", ""current"": 0, ""friendly_name"": ""auto-banheiro""}"
2025-07-12T12:57:50.506851,automation.auto_banheiro,on,on,"{""id"": ""1747870075916"", ""last_triggered"": ""2025-07-12T15:57:50.500799+00:00"", ""mode"": ""single"", ""current"": 1, ""friendly_name"": ""auto-banheiro""}"
2025-07-12T12:57:50.508759,automation.auto_banheiro,on,on,"{""id"": ""1747870075916"", ""last_triggered"": ""2025-07-12T15:57:50.500799+00:00"", ""mode"": ""single"", ""current"": 0, ""friendly_name"": ""auto-banheiro""}"
2025-07-12T12:57:55.514485,automation.auto_banheiro,on,on,"{""id"": ""1747870075916"", ""last_triggered"": ""2025-07-12T15:57:55.500898+00:00"", ""mode"": ""single"", ""current"": 1, ""friendly_name"": ""auto-banheiro""}"
2025-07-12T12:57:55.518505,automation.auto_banheiro,on,on,"{""id"": ""1747870075916"", ""last_triggered"": ""2025-07-12T15:57:55.500898+00:00"", ""mode"": ""single"", ""current"": 0, ""friendly_name"": ""auto-banheiro""}"
2025-07-12T12:58:00.505616,automation.auto_banheiro,on,on,"{""id"": ""1747870075916"", ""last_triggered"": ""2025-07-12T15:58:00.500833+00:00"", ""mode"": ""single"", ""current"": 1, ""friendly_name"": ""auto-banheiro""}"
2025-07-12T12:58:00.507229,automation.auto_banheiro,on,on,"{""id"": ""1747870075916"", ""last_triggered"": ""2025-07-12T15:58:00.500833+00:00"", ""mode"": ""single"", ""current"": 0, ""friendly_name"": ""auto-banheiro""}"
2025-07-12T12:58:05.505200,automation.auto_banheiro,on,on,"{""id"": ""1747870075916"", ""last_triggered"": ""2025-07-12T15:58:05.500369+00:00"", ""mode"": ""single"", ""current"": 1, ""friendly_name"": ""auto-banheiro""}"
2025-07-12T12:58:05.506903,automation.auto_banheiro,on,on,"{""id"": ""1747870075916"", ""last_triggered"": ""2025-07-12T15:58:05.500369+00:00"", ""mode"": ""single"", ""current"": 0, ""friendly_name"": ""auto-banheiro""}"
2025-07-12T12:58:10.118179,automation.aut_status_bruno,on,on,"{""id"": ""1751855857509"", ""last_triggered"": ""2025-07-12T15:58:10.108462+00:00"", ""mode"": ""single"", ""current"": 1, ""friendly_name"": ""aut-status-bruno""}"
2025-07-12T12:58:10.120472,automation.aut_status_bruno,on,on,"{""id"": ""1751855857509"", ""last_triggered"": ""2025-07-12T15:58:10.108462+00:00"", ""mode"": ""single"", ""current"": 0, ""friendly_name"": ""aut-status-bruno""}"
2025-07-12T12:58:10.258461,automation.aut_lampada_quarto,on,on,"{""id"": ""1746067262247"", ""last_triggered"": ""2025-07-12T15:58:10.254484+00:00"", ""mode"": ""single"", ""current"": 1, ""friendly_name"": ""aut-quarto""}"
2025-07-12T12:58:10.260039,automation.aut_lampada_quarto,on,on,"{""id"": ""1746067262247"", ""last_triggered"": ""2025-07-12T15:58:10.254484+00:00"", ""mode"": ""single"", ""current"": 0, ""friendly_name"": ""aut-quarto""}"
2025-07-12T12:58:10.505448,automation.auto_banheiro,on,on,"{""id"": ""1747870075916"", ""last_triggered"": ""2025-07-12T15:58:10.500583+00:00"", ""mode"": ""single"", ""current"": 1, ""friendly_name"": ""auto-banheiro""}"
2025-07-12T12:58:10.507575,automation.auto_banheiro,on,on,"{""id"": ""1747870075916"", ""last_triggered"": ""2025-07-12T15:58:10.500583+00:00"", ""mode"": ""single"", ""current"": 0, ""friendly_name"": ""auto-banheiro""}"
2025-07-12T12:58:10.614716,sensor.arris_tg1692a_router_download_speed,0.0083339902875226,0.00190189063048861,"{""state_class"": ""measurement"", ""unit_of_measurement"": ""Mbit/s"", ""device_class"": ""data_rate"", ""friendly_name"": ""ARRIS TG1692A Router Download speed""}"
2025-07-12T12:58:10.616410,sensor.arris_tg1692a_router_upload_speed,0.00418672876981009,0.0016024201904944,"{""state_class"": ""measurement"", ""unit_of_measurement"": ""Mbit/s"", ""device_class"": ""data_rate"", ""friendly_name"": ""ARRIS TG1692A Router Upload speed""}"
2025-07-12T12:58:15.505472,automation.auto_banheiro,on,on,"{""id"": ""1747870075916"", ""last_triggered"": ""2025-07-12T15:58:15.500259+00:00"", ""mode"": ""single"", ""current"": 1, ""friendly_name"": ""auto-banheiro""}"
2025-07-12T12:58:15.507493,automation.auto_banheiro,on,on,"{""id"": ""1747870075916"", ""last_triggered"": ""2025-07-12T15:58:15.500259+00:00"", ""mode"": ""single"", ""current"": 0, ""friendly_name"": ""auto-banheiro""}"
2025-07-12T12:58:20.519834,automation.auto_banheiro,on,on,"{""id"": ""1747870075916"", ""last_triggered"": ""2025-07-12T15:58:20.500945+00:00"", ""mode"": ""single"", ""current"": 1, ""friendly_name"": ""auto-banheiro""}"
2025-07-12T12:58:20.523987,automation.auto_banheiro,on,on,"{""id"": ""1747870075916"", ""last_triggered"": ""2025-07-12T15:58:20.500945+00:00"", ""mode"": ""single"", ""current"": 0, ""friendly_name"": ""auto-banheiro""}"
2025-07-12T12:58:25.508669,automation.auto_banheiro,on,on,"{""id"": ""1747870075916"", ""last_triggered"": ""2025-07-12T15:58:25.500513+00:00"", ""mode"": ""single"", ""current"": 1, ""friendly_name"": ""auto-banheiro""}"
2025-07-12T12:58:25.510333,automation.auto_banheiro,on,on,"{""id"": ""1747870075916"", ""last_triggered"": ""2025-07-12T15:58:25.500513+00:00"", ""mode"": ""single"", ""current"": 0, ""friendly_name"": ""auto-banheiro""}"
2025-07-12T12:58:30.505099,automation.auto_banheiro,on,on,"{""id"": ""1747870075916"", ""last_triggered"": ""2025-07-12T15:58:30.500138+00:00"", ""mode"": ""single"", ""current"": 1, ""friendly_name"": ""auto-banheiro""}"
2025-07-12T12:58:30.506735,automation.auto_banheiro,on,on,"{""id"": ""1747870075916"", ""last_triggered"": ""2025-07-12T15:58:30.500138+00:00"", ""mode"": ""single"", ""current"": 0, ""friendly_name"": ""auto-banheiro""}"
2025-07-12T12:58:35.504838,automation.auto_banheiro,on,on,"{""id"": ""1747870075916"", ""last_triggered"": ""2025-07-12T15:58:35.499993+00:00"", ""mode"": ""single"", ""current"": 1, ""friendly_name"": ""auto-banheiro""}"
2025-07-12T12:58:35.508530,automation.auto_banheiro,on,on,"{""id"": ""1747870075916"", ""last_triggered"": ""2025-07-12T15:58:35.499993+00:00"", ""mode"": ""single"", ""current"": 0, ""friendly_name"": ""auto-banheiro""}"
2025-07-12T12:58:40.507479,automation.auto_banheiro,on,on,"{""id"": ""1747870075916"", ""last_triggered"": ""2025-07-12T15:58:40.500193+00:00"", ""mode"": ""single"", ""current"": 1, ""friendly_name"": ""auto-banheiro""}"
2025-07-12T12:58:40.509715,automation.auto_banheiro,on,on,"{""id"": ""1747870075916"", ""last_triggered"": ""2025-07-12T15:58:40.500193+00:00"", ""mode"": ""single"", ""current"": 0, ""friendly_name"": ""auto-banheiro""}"
2025-07-12T12:58:40.632995,sensor.arris_tg1692a_router_download_speed,0.00190189063048861,0.00344236431415661,"{""state_class"": ""measurement"", ""unit_of_measurement"": ""Mbit/s"", ""device_class"": ""data_rate"", ""friendly_name"": ""ARRIS TG1692A Router Download speed""}"
2025-07-12T12:58:40.634541,sensor.arris_tg1692a_router_upload_speed,0.0016024201904944,0.00384582679826219,"{""state_class"": ""measurement"", ""unit_of_measurement"": ""Mbit/s"", ""device_class"": ""data_rate"", ""friendly_name"": ""ARRIS TG1692A Router Upload speed""}"
2025-07-12T12:58:45.515136,automation.auto_banheiro,on,on,"{""id"": ""1747870075916"", ""last_triggered"": ""2025-07-12T15:58:45.500841+00:00"", ""mode"": ""single"", ""current"": 1, ""friendly_name"": ""auto-banheiro""}"
2025-07-12T12:58:45.516824,automation.auto_banheiro,on,on,"{""id"": ""1747870075916"", ""last_triggered"": ""2025-07-12T15:58:45.500841+00:00"", ""mode"": ""single"", ""current"": 0, ""friendly_name"": ""auto-banheiro""}"
2025-07-12T12:58:50.505761,automation.auto_banheiro,on,on,"{""id"": ""1747870075916"", ""last_triggered"": ""2025-07-12T15:58:50.500954+00:00"", ""mode"": ""single"", ""current"": 1, ""friendly_name"": ""auto-banheiro""}"
2025-07-12T12:58:50.507584,automation.auto_banheiro,on,on,"{""id"": ""1747870075916"", ""last_triggered"": ""2025-07-12T15:58:50.500954+00:00"", ""mode"": ""single"", ""current"": 0, ""friendly_name"": ""auto-banheiro""}"
2025-07-12T12:58:55.505036,automation.auto_banheiro,on,on,"{""id"": ""1747870075916"", ""last_triggered"": ""2025-07-12T15:58:55.500124+00:00"", ""mode"": ""single"", ""current"": 1, ""friendly_name"": ""auto-banheiro""}"
2025-07-12T12:58:55.516055,automation.auto_banheiro,on,on,"{""id"": ""1747870075916"", ""last_triggered"": ""2025-07-12T15:58:55.500124+00:00"", ""mode"": ""single"", ""current"": 0, ""friendly_name"": ""auto-banheiro""}"
2025-07-12T12:59:00.505636,automation.auto_banheiro,on,on,"{""id"": ""1747870075916"", ""last_triggered"": ""2025-07-12T15:59:00.500803+00:00"", ""mode"": ""single"", ""current"": 1, ""friendly_name"": ""auto-banheiro""}"
2025-07-12T12:59:00.507456,automation.auto_banheiro,on,on,"{""id"": ""1747870075916"", ""last_triggered"": ""2025-07-12T15:59:00.500803+00:00"", ""mode"": ""single"", ""current"": 0, ""friendly_name"": ""auto-banheiro""}"
2025-07-12T12:59:05.505334,automation.auto_banheiro,on,on,"{""id"": ""1747870075916"", ""last_triggered"": ""2025-07-12T15:59:05.500488+00:00"", ""mode"": ""single"", ""current"": 1, ""friendly_name"": ""auto-banheiro""}"
2025-07-12T12:59:05.506940,automation.auto_banheiro,on,on,"{""id"": ""1747870075916"", ""last_triggered"": ""2025-07-12T15:59:05.500488+00:00"", ""mode"": ""single"", ""current"": 0, ""friendly_name"": ""auto-banheiro""}"
2025-07-12T12:59:10.118297,automation.aut_status_bruno,on,on,"{""id"": ""1751855857509"", ""last_triggered"": ""2025-07-12T15:59:10.107927+00:00"", ""mode"": ""single"", ""current"": 1, ""friendly_name"": ""aut-status-bruno""}"
2025-07-12T12:59:10.120467,automation.aut_status_bruno,on,on,"{""id"": ""1751855857509"", ""last_triggered"": ""2025-07-12T15:59:10.107927+00:00"", ""mode"": ""single"", ""current"": 0, ""friendly_name"": ""aut-status-bruno""}"
2025-07-12T12:59:10.259127,automation.aut_lampada_quarto,on,on,"{""id"": ""1746067262247"", ""last_triggered"": ""2025-07-12T15:59:10.255118+00:00"", ""mode"": ""single"", ""current"": 1, ""friendly_name"": ""aut-quarto""}"
2025-07-12T12:59:10.260692,automation.aut_lampada_quarto,on,on,"{""id"": ""1746067262247"", ""last_triggered"": ""2025-07-12T15:59:10.255118+00:00"", ""mode"": ""single"", ""current"": 0, ""friendly_name"": ""aut-quarto""}"
2025-07-12T12:59:10.505472,automation.auto_banheiro,on,on,"{""id"": ""1747870075916"", ""last_triggered"": ""2025-07-12T15:59:10.500671+00:00"", ""mode"": ""single"", ""current"": 1, ""friendly_name"": ""auto-banheiro""}"
2025-07-12T12:59:10.507103,automation.auto_banheiro,on,on,"{""id"": ""1747870075916"", ""last_triggered"": ""2025-07-12T15:59:10.500671+00:00"", ""mode"": ""single"", ""current"": 0, ""friendly_name"": ""auto-banheiro""}"
2025-07-12T12:59:10.622151,sensor.arris_tg1692a_router_download_speed,0.00344236431415661,0.0159878816896755,"{""state_class"": ""measurement"", ""unit_of_measurement"": ""Mbit/s"", ""device_class"": ""data_rate"", ""friendly_name"": ""ARRIS TG1692A Router Download speed""}"
2025-07-12T12:59:10.623826,sensor.arris_tg1692a_router_upload_speed,0.00384582679826219,0.00772234285466288,"{""state_class"": ""measurement"", ""unit_of_measurement"": ""Mbit/s"", ""device_class"": ""data_rate"", ""friendly_name"": ""ARRIS TG1692A Router Upload speed""}"
2025-07-12T12:59:15.512380,automation.auto_banheiro,on,on,"{""id"": ""1747870075916"", ""last_triggered"": ""2025-07-12T15:59:15.500813+00:00"", ""mode"": ""single"", ""current"": 1, ""friendly_name"": ""auto-banheiro""}"
2025-07-12T12:59:15.517692,automation.auto_banheiro,on,on,"{""id"": ""1747870075916"", ""last_triggered"": ""2025-07-12T15:59:15.500813+00:00"", ""mode"": ""single"", ""current"": 0, ""friendly_name"": ""auto-banheiro""}"
2025-07-12T12:59:20.505048,automation.auto_banheiro,on,on,"{""id"": ""1747870075916"", ""last_triggered"": ""2025-07-12T15:59:20.500192+00:00"", ""mode"": ""single"", ""current"": 1, ""friendly_name"": ""auto-banheiro""}"
2025-07-12T12:59:20.506681,automation.auto_banheiro,on,on,"{""id"": ""1747870075916"", ""last_triggered"": ""2025-07-12T15:59:20.500192+00:00"", ""mode"": ""single"", ""current"": 0, ""friendly_name"": ""auto-banheiro""}"
2025-07-12T12:59:25.173686,camera.192_168_0_33,idle,idle,"{""access_token"": ""fc73160c168bef0691590bb14e10cf87534de76eae40c828b4d9293fa26d61b7"", ""entity_picture"": ""/api/camera_proxy/camera.192_168_0_33?token=fc73160c168bef0691590bb14e10cf87534de76eae40c828b4d9293fa26d61b7"", ""friendly_name"": ""192_168_0_14"", ""supported_features"": 2}"
2025-07-12T12:59:25.175515,camera.admin_mainstream,idle,idle,"{""access_token"": ""b0ba5aaaaa9e3aa9f78c37c3a7e7a519325fca0860d2876e31bcdd4436d7af5d"", ""entity_picture"": ""/api/camera_proxy/camera.admin_mainstream?token=b0ba5aaaaa9e3aa9f78c37c3a7e7a519325fca0860d2876e31bcdd4436d7af5d"", ""friendly_name"": ""admin MainStream"", ""supported_features"": 2}"
2025-07-12T12:59:25.177141,camera.admin_substream,idle,idle,"{""access_token"": ""4bc5122a093af36aa6d5a7ba95096ee32e1d4706139a3bdb8b17795ca2ddbeb2"", ""entity_picture"": ""/api/camera_proxy/camera.admin_substream?token=4bc5122a093af36aa6d5a7ba95096ee32e1d4706139a3bdb8b17795ca2ddbeb2"", ""friendly_name"": ""admin SubStream"", ""supported_features"": 2}"
2025-07-12T12:59:25.508756,automation.auto_banheiro,on,on,"{""id"": ""1747870075916"", ""last_triggered"": ""2025-07-12T15:59:25.500487+00:00"", ""mode"": ""single"", ""current"": 1, ""friendly_name"": ""auto-banheiro""}"
2025-07-12T12:59:25.510697,automation.auto_banheiro,on,on,"{""id"": ""1747870075916"", ""last_triggered"": ""2025-07-12T15:59:25.500487+00:00"", ""mode"": ""single"", ""current"": 0, ""friendly_name"": ""auto-banheiro""}"
2025-07-12T12:59:30.513462,automation.auto_banheiro,on,on,"{""id"": ""1747870075916"", ""last_triggered"": ""2025-07-12T15:59:30.500878+00:00"", ""mode"": ""single"", ""current"": 1, ""friendly_name"": ""auto-banheiro""}"
2025-07-12T12:59:30.516602,automation.auto_banheiro,on,on,"{""id"": ""1747870075916"", ""last_triggered"": ""2025-07-12T15:59:30.500878+00:00"", ""mode"": ""single"", ""current"": 0, ""friendly_name"": ""auto-banheiro""}"
2025-07-12T12:59:35.505261,automation.auto_banheiro,on,on,"{""id"": ""1747870075916"", ""last_triggered"": ""2025-07-12T15:59:35.500374+00:00"", ""mode"": ""single"", ""current"": 1, ""friendly_name"": ""auto-banheiro""}"
2025-07-12T12:59:35.506919,automation.auto_banheiro,on,on,"{""id"": ""1747870075916"", ""last_triggered"": ""2025-07-12T15:59:35.500374+00:00"", ""mode"": ""single"", ""current"": 0, ""friendly_name"": ""auto-banheiro""}"
2025-07-12T12:59:40.504873,automation.auto_banheiro,on,on,"{""id"": ""1747870075916"", ""last_triggered"": ""2025-07-12T15:59:40.500053+00:00"", ""mode"": ""single"", ""current"": 1, ""friendly_name"": ""auto-banheiro""}"
2025-07-12T12:59:40.506551,automation.auto_banheiro,on,on,"{""id"": ""1747870075916"", ""last_triggered"": ""2025-07-12T15:59:40.500053+00:00"", ""mode"": ""single"", ""current"": 0, ""friendly_name"": ""auto-banheiro""}"
2025-07-12T12:59:40.616119,sensor.arris_tg1692a_router_download_speed,0.0159878816896755,0.00413629120866117,"{""state_class"": ""measurement"", ""unit_of_measurement"": ""Mbit/s"", ""device_class"": ""data_rate"", ""friendly_name"": ""ARRIS TG1692A Router Download speed""}"
2025-07-12T12:59:40.617802,sensor.arris_tg1692a_router_upload_speed,0.00772234285466288,0.00376935569817714,"{""state_class"": ""measurement"", ""unit_of_measurement"": ""Mbit/s"", ""device_class"": ""data_rate"", ""friendly_name"": ""ARRIS TG1692A Router Upload speed""}"
2025-07-12T12:59:42.024114,sun.sun,above_horizon,above_horizon,"{""next_dawn"": ""2025-07-13T08:34:17.857562+00:00"", ""next_dusk"": ""2025-07-12T20:45:20.313231+00:00"", ""next_midnight"": ""2025-07-13T02:39:54+00:00"", ""next_noon"": ""2025-07-13T14:39:50+00:00"", ""next_rising"": ""2025-07-13T08:57:32.537391+00:00"", ""next_setting"": ""2025-07-12T20:22:04.562792+00:00"", ""elevation"": 50.01, ""azimuth"": 330.45, ""rising"": false, ""friendly_name"": ""Sun""}"
2025-07-12T12:59:45.505525,automation.auto_banheiro,on,on,"{""id"": ""1747870075916"", ""last_triggered"": ""2025-07-12T15:59:45.500690+00:00"", ""mode"": ""single"", ""current"": 1, ""friendly_name"": ""auto-banheiro""}"
2025-07-12T12:59:45.507956,automation.auto_banheiro,on,on,"{""id"": ""1747870075916"", ""last_triggered"": ""2025-07-12T15:59:45.500690+00:00"", ""mode"": ""single"", ""current"": 0, ""friendly_name"": ""auto-banheiro""}"
2025-07-12T12:59:50.516627,automation.auto_banheiro,on,on,"{""id"": ""1747870075916"", ""last_triggered"": ""2025-07-12T15:59:50.501484+00:00"", ""mode"": ""single"", ""current"": 1, ""friendly_name"": ""auto-banheiro""}"
2025-07-12T12:59:50.519610,automation.auto_banheiro,on,on,"{""id"": ""1747870075916"", ""last_triggered"": ""2025-07-12T15:59:50.501484+00:00"", ""mode"": ""single"", ""current"": 0, ""friendly_name"": ""auto-banheiro""}"
2025-07-12T12:59:55.505923,automation.auto_banheiro,on,on,"{""id"": ""1747870075916"", ""last_triggered"": ""2025-07-12T15:59:55.500252+00:00"", ""mode"": ""single"", ""current"": 1, ""friendly_name"": ""auto-banheiro""}"
2025-07-12T12:59:55.507540,automation.auto_banheiro,on,on,"{""id"": ""1747870075916"", ""last_triggered"": ""2025-07-12T15:59:55.500252+00:00"", ""mode"": ""single"", ""current"": 0, ""friendly_name"": ""auto-banheiro""}"
