timestamp,entity_id,old_state,new_state,attributes
2025-07-11T17:00:00.505237,automation.auto_banheiro,on,on,"{""id"": ""1747870075916"", ""last_triggered"": ""2025-07-11T20:00:00.500300+00:00"", ""mode"": ""single"", ""current"": 1, ""friendly_name"": ""auto-banheiro""}"
2025-07-11T17:00:00.507025,automation.auto_banheiro,on,on,"{""id"": ""1747870075916"", ""last_triggered"": ""2025-07-11T20:00:00.500300+00:00"", ""mode"": ""single"", ""current"": 0, ""friendly_name"": ""auto-banheiro""}"
2025-07-11T17:00:05.505279,automation.auto_banheiro,on,on,"{""id"": ""1747870075916"", ""last_triggered"": ""2025-07-11T20:00:05.500289+00:00"", ""mode"": ""single"", ""current"": 1, ""friendly_name"": ""auto-banheiro""}"
2025-07-11T17:00:05.506912,automation.auto_banheiro,on,on,"{""id"": ""1747870075916"", ""last_triggered"": ""2025-07-11T20:00:05.500289+00:00"", ""mode"": ""single"", ""current"": 0, ""friendly_name"": ""auto-banheiro""}"
2025-07-11T17:00:07.615168,sensor.arris_tg1692a_router_download_speed,0.00585303314582031,0.00147195961924111,"{""state_class"": ""measurement"", ""unit_of_measurement"": ""Mbit/s"", ""device_class"": ""data_rate"", ""friendly_name"": ""ARRIS TG1692A Router Download speed""}"
2025-07-11T17:00:07.617467,sensor.arris_tg1692a_router_upload_speed,0.00467405284977185,0.00119783380609259,"{""state_class"": ""measurement"", ""unit_of_measurement"": ""Mbit/s"", ""device_class"": ""data_rate"", ""friendly_name"": ""ARRIS TG1692A Router Upload speed""}"
2025-07-11T17:00:10.115841,automation.aut_status_bruno,on,on,"{""id"": ""1751855857509"", ""last_triggered"": ""2025-07-11T20:00:10.108238+00:00"", ""mode"": ""single"", ""current"": 1, ""friendly_name"": ""aut-status-bruno""}"
2025-07-11T17:00:10.117947,automation.aut_status_bruno,on,on,"{""id"": ""1751855857509"", ""last_triggered"": ""2025-07-11T20:00:10.108238+00:00"", ""mode"": ""single"", ""current"": 0, ""friendly_name"": ""aut-status-bruno""}"
2025-07-11T17:00:10.259842,automation.aut_lampada_quarto,on,on,"{""id"": ""1746067262247"", ""last_triggered"": ""2025-07-11T20:00:10.256101+00:00"", ""mode"": ""single"", ""current"": 1, ""friendly_name"": ""aut-quarto""}"
2025-07-11T17:00:10.261356,automation.aut_lampada_quarto,on,on,"{""id"": ""1746067262247"", ""last_triggered"": ""2025-07-11T20:00:10.256101+00:00"", ""mode"": ""single"", ""current"": 0, ""friendly_name"": ""aut-quarto""}"
2025-07-11T17:00:10.506325,automation.auto_banheiro,on,on,"{""id"": ""1747870075916"", ""last_triggered"": ""2025-07-11T20:00:10.501526+00:00"", ""mode"": ""single"", ""current"": 1, ""friendly_name"": ""auto-banheiro""}"
2025-07-11T17:00:10.508057,automation.auto_banheiro,on,on,"{""id"": ""1747870075916"", ""last_triggered"": ""2025-07-11T20:00:10.501526+00:00"", ""mode"": ""single"", ""current"": 0, ""friendly_name"": ""auto-banheiro""}"
2025-07-11T17:00:15.504861,automation.auto_banheiro,on,on,"{""id"": ""1747870075916"", ""last_triggered"": ""2025-07-11T20:00:15.500019+00:00"", ""mode"": ""single"", ""current"": 1, ""friendly_name"": ""auto-banheiro""}"
2025-07-11T17:00:15.506511,automation.auto_banheiro,on,on,"{""id"": ""1747870075916"", ""last_triggered"": ""2025-07-11T20:00:15.500019+00:00"", ""mode"": ""single"", ""current"": 0, ""friendly_name"": ""auto-banheiro""}"
2025-07-11T17:00:20.507348,automation.auto_banheiro,on,on,"{""id"": ""1747870075916"", ""last_triggered"": ""2025-07-11T20:00:20.501379+00:00"", ""mode"": ""single"", ""current"": 1, ""friendly_name"": ""auto-banheiro""}"
2025-07-11T17:00:20.509240,automation.auto_banheiro,on,on,"{""id"": ""1747870075916"", ""last_triggered"": ""2025-07-11T20:00:20.501379+00:00"", ""mode"": ""single"", ""current"": 0, ""friendly_name"": ""auto-banheiro""}"
2025-07-11T17:00:25.508009,automation.auto_banheiro,on,on,"{""id"": ""1747870075916"", ""last_triggered"": ""2025-07-11T20:00:25.500390+00:00"", ""mode"": ""single"", ""current"": 1, ""friendly_name"": ""auto-banheiro""}"
2025-07-11T17:00:25.510096,automation.auto_banheiro,on,on,"{""id"": ""1747870075916"", ""last_triggered"": ""2025-07-11T20:00:25.500390+00:00"", ""mode"": ""single"", ""current"": 0, ""friendly_name"": ""auto-banheiro""}"
2025-07-11T17:00:30.513432,automation.auto_banheiro,on,on,"{""id"": ""1747870075916"", ""last_triggered"": ""2025-07-11T20:00:30.500354+00:00"", ""mode"": ""single"", ""current"": 1, ""friendly_name"": ""auto-banheiro""}"
2025-07-11T17:00:30.515805,automation.auto_banheiro,on,on,"{""id"": ""1747870075916"", ""last_triggered"": ""2025-07-11T20:00:30.500354+00:00"", ""mode"": ""single"", ""current"": 0, ""friendly_name"": ""auto-banheiro""}"
2025-07-11T17:00:35.507688,automation.auto_banheiro,on,on,"{""id"": ""1747870075916"", ""last_triggered"": ""2025-07-11T20:00:35.500833+00:00"", ""mode"": ""single"", ""current"": 1, ""friendly_name"": ""auto-banheiro""}"
2025-07-11T17:00:35.509347,automation.auto_banheiro,on,on,"{""id"": ""1747870075916"", ""last_triggered"": ""2025-07-11T20:00:35.500833+00:00"", ""mode"": ""single"", ""current"": 0, ""friendly_name"": ""auto-banheiro""}"
2025-07-11T17:00:37.619694,sensor.arris_tg1692a_router_download_speed,0.00147195961924111,0.00201472361618755,"{""state_class"": ""measurement"", ""unit_of_measurement"": ""Mbit/s"", ""device_class"": ""data_rate"", ""friendly_name"": ""ARRIS TG1692A Router Download speed""}"
2025-07-11T17:00:37.621373,sensor.arris_tg1692a_router_upload_speed,0.00119783380609259,0.00128350294701664,"{""state_class"": ""measurement"", ""unit_of_measurement"": ""Mbit/s"", ""device_class"": ""data_rate"", ""friendly_name"": ""ARRIS TG1692A Router Upload speed""}"
2025-07-11T17:00:40.504952,automation.auto_banheiro,on,on,"{""id"": ""1747870075916"", ""last_triggered"": ""2025-07-11T20:00:40.500085+00:00"", ""mode"": ""single"", ""current"": 1, ""friendly_name"": ""auto-banheiro""}"
2025-07-11T17:00:40.506978,automation.auto_banheiro,on,on,"{""id"": ""1747870075916"", ""last_triggered"": ""2025-07-11T20:00:40.500085+00:00"", ""mode"": ""single"", ""current"": 0, ""friendly_name"": ""auto-banheiro""}"
2025-07-11T17:00:45.506000,automation.auto_banheiro,on,on,"{""id"": ""1747870075916"", ""last_triggered"": ""2025-07-11T20:00:45.500263+00:00"", ""mode"": ""single"", ""current"": 1, ""friendly_name"": ""auto-banheiro""}"
2025-07-11T17:00:45.507844,automation.auto_banheiro,on,on,"{""id"": ""1747870075916"", ""last_triggered"": ""2025-07-11T20:00:45.500263+00:00"", ""mode"": ""single"", ""current"": 0, ""friendly_name"": ""auto-banheiro""}"
2025-07-11T17:00:50.511912,automation.auto_banheiro,on,on,"{""id"": ""1747870075916"", ""last_triggered"": ""2025-07-11T20:00:50.501458+00:00"", ""mode"": ""single"", ""current"": 1, ""friendly_name"": ""auto-banheiro""}"
2025-07-11T17:00:50.515097,automation.auto_banheiro,on,on,"{""id"": ""1747870075916"", ""last_triggered"": ""2025-07-11T20:00:50.501458+00:00"", ""mode"": ""single"", ""current"": 0, ""friendly_name"": ""auto-banheiro""}"
2025-07-11T17:00:55.505558,automation.auto_banheiro,on,on,"{""id"": ""1747870075916"", ""last_triggered"": ""2025-07-11T20:00:55.500767+00:00"", ""mode"": ""single"", ""current"": 1, ""friendly_name"": ""auto-banheiro""}"
2025-07-11T17:00:55.507220,automation.auto_banheiro,on,on,"{""id"": ""1747870075916"", ""last_triggered"": ""2025-07-11T20:00:55.500767+00:00"", ""mode"": ""single"", ""current"": 0, ""friendly_name"": ""auto-banheiro""}"
2025-07-11T17:01:00.504910,automation.auto_banheiro,on,on,"{""id"": ""1747870075916"", ""last_triggered"": ""2025-07-11T20:01:00.500023+00:00"", ""mode"": ""single"", ""current"": 1, ""friendly_name"": ""auto-banheiro""}"
2025-07-11T17:01:00.506538,automation.auto_banheiro,on,on,"{""id"": ""1747870075916"", ""last_triggered"": ""2025-07-11T20:01:00.500023+00:00"", ""mode"": ""single"", ""current"": 0, ""friendly_name"": ""auto-banheiro""}"
2025-07-11T17:01:05.505128,automation.auto_banheiro,on,on,"{""id"": ""1747870075916"", ""last_triggered"": ""2025-07-11T20:01:05.500205+00:00"", ""mode"": ""single"", ""current"": 1, ""friendly_name"": ""auto-banheiro""}"
2025-07-11T17:01:05.507260,automation.auto_banheiro,on,on,"{""id"": ""1747870075916"", ""last_triggered"": ""2025-07-11T20:01:05.500205+00:00"", ""mode"": ""single"", ""current"": 0, ""friendly_name"": ""auto-banheiro""}"
2025-07-11T17:01:07.627606,sensor.arris_tg1692a_router_download_speed,0.00201472361618755,0.00154875787378583,"{""state_class"": ""measurement"", ""unit_of_measurement"": ""Mbit/s"", ""device_class"": ""data_rate"", ""friendly_name"": ""ARRIS TG1692A Router Download speed""}"
2025-07-11T17:01:07.631403,sensor.arris_tg1692a_router_upload_speed,0.00128350294701664,0.00132583060407424,"{""state_class"": ""measurement"", ""unit_of_measurement"": ""Mbit/s"", ""device_class"": ""data_rate"", ""friendly_name"": ""ARRIS TG1692A Router Upload speed""}"
2025-07-11T17:01:10.115128,automation.aut_status_bruno,on,on,"{""id"": ""1751855857509"", ""last_triggered"": ""2025-07-11T20:01:10.107881+00:00"", ""mode"": ""single"", ""current"": 1, ""friendly_name"": ""aut-status-bruno""}"
2025-07-11T17:01:10.117352,automation.aut_status_bruno,on,on,"{""id"": ""1751855857509"", ""last_triggered"": ""2025-07-11T20:01:10.107881+00:00"", ""mode"": ""single"", ""current"": 0, ""friendly_name"": ""aut-status-bruno""}"
2025-07-11T17:01:10.259159,automation.aut_lampada_quarto,on,on,"{""id"": ""1746067262247"", ""last_triggered"": ""2025-07-11T20:01:10.254902+00:00"", ""mode"": ""single"", ""current"": 1, ""friendly_name"": ""aut-quarto""}"
2025-07-11T17:01:10.260731,automation.aut_lampada_quarto,on,on,"{""id"": ""1746067262247"", ""last_triggered"": ""2025-07-11T20:01:10.254902+00:00"", ""mode"": ""single"", ""current"": 0, ""friendly_name"": ""aut-quarto""}"
2025-07-11T17:01:10.505610,automation.auto_banheiro,on,on,"{""id"": ""1747870075916"", ""last_triggered"": ""2025-07-11T20:01:10.500828+00:00"", ""mode"": ""single"", ""current"": 1, ""friendly_name"": ""auto-banheiro""}"
2025-07-11T17:01:10.507330,automation.auto_banheiro,on,on,"{""id"": ""1747870075916"", ""last_triggered"": ""2025-07-11T20:01:10.500828+00:00"", ""mode"": ""single"", ""current"": 0, ""friendly_name"": ""auto-banheiro""}"
2025-07-11T17:01:15.510196,automation.auto_banheiro,on,on,"{""id"": ""1747870075916"", ""last_triggered"": ""2025-07-11T20:01:15.501745+00:00"", ""mode"": ""single"", ""current"": 1, ""friendly_name"": ""auto-banheiro""}"
2025-07-11T17:01:15.513028,automation.auto_banheiro,on,on,"{""id"": ""1747870075916"", ""last_triggered"": ""2025-07-11T20:01:15.501745+00:00"", ""mode"": ""single"", ""current"": 0, ""friendly_name"": ""auto-banheiro""}"
2025-07-11T17:01:20.506469,automation.auto_banheiro,on,on,"{""id"": ""1747870075916"", ""last_triggered"": ""2025-07-11T20:01:20.501608+00:00"", ""mode"": ""single"", ""current"": 1, ""friendly_name"": ""auto-banheiro""}"
2025-07-11T17:01:20.509175,automation.auto_banheiro,on,on,"{""id"": ""1747870075916"", ""last_triggered"": ""2025-07-11T20:01:20.501608+00:00"", ""mode"": ""single"", ""current"": 0, ""friendly_name"": ""auto-banheiro""}"
2025-07-11T17:01:25.505705,automation.auto_banheiro,on,on,"{""id"": ""1747870075916"", ""last_triggered"": ""2025-07-11T20:01:25.500732+00:00"", ""mode"": ""single"", ""current"": 1, ""friendly_name"": ""auto-banheiro""}"
2025-07-11T17:01:25.513677,automation.auto_banheiro,on,on,"{""id"": ""1747870075916"", ""last_triggered"": ""2025-07-11T20:01:25.500732+00:00"", ""mode"": ""single"", ""current"": 0, ""friendly_name"": ""auto-banheiro""}"
2025-07-11T17:01:30.520994,automation.auto_banheiro,on,on,"{""id"": ""1747870075916"", ""last_triggered"": ""2025-07-11T20:01:30.500857+00:00"", ""mode"": ""single"", ""current"": 1, ""friendly_name"": ""auto-banheiro""}"
2025-07-11T17:01:30.524062,automation.auto_banheiro,on,on,"{""id"": ""1747870075916"", ""last_triggered"": ""2025-07-11T20:01:30.500857+00:00"", ""mode"": ""single"", ""current"": 0, ""friendly_name"": ""auto-banheiro""}"
2025-07-11T17:01:35.505177,automation.auto_banheiro,on,on,"{""id"": ""1747870075916"", ""last_triggered"": ""2025-07-11T20:01:35.500270+00:00"", ""mode"": ""single"", ""current"": 1, ""friendly_name"": ""auto-banheiro""}"
2025-07-11T17:01:35.506842,automation.auto_banheiro,on,on,"{""id"": ""1747870075916"", ""last_triggered"": ""2025-07-11T20:01:35.500270+00:00"", ""mode"": ""single"", ""current"": 0, ""friendly_name"": ""auto-banheiro""}"
2025-07-11T17:01:37.643040,sensor.arris_tg1692a_router_download_speed,0.00154875787378583,0.0029189131928323,"{""state_class"": ""measurement"", ""unit_of_measurement"": ""Mbit/s"", ""device_class"": ""data_rate"", ""friendly_name"": ""ARRIS TG1692A Router Download speed""}"
2025-07-11T17:01:37.647449,sensor.arris_tg1692a_router_upload_speed,0.00132583060407424,0.00211918537762089,"{""state_class"": ""measurement"", ""unit_of_measurement"": ""Mbit/s"", ""device_class"": ""data_rate"", ""friendly_name"": ""ARRIS TG1692A Router Upload speed""}"
2025-07-11T17:01:40.506090,automation.auto_banheiro,on,on,"{""id"": ""1747870075916"", ""last_triggered"": ""2025-07-11T20:01:40.500527+00:00"", ""mode"": ""single"", ""current"": 1, ""friendly_name"": ""auto-banheiro""}"
2025-07-11T17:01:40.507659,automation.auto_banheiro,on,on,"{""id"": ""1747870075916"", ""last_triggered"": ""2025-07-11T20:01:40.500527+00:00"", ""mode"": ""single"", ""current"": 0, ""friendly_name"": ""auto-banheiro""}"
2025-07-11T17:01:45.004962,sun.sun,above_horizon,above_horizon,"{""next_dawn"": ""2025-07-12T08:34:18.375179+00:00"", ""next_dusk"": ""2025-07-11T20:45:05.377064+00:00"", ""next_midnight"": ""2025-07-12T02:39:47+00:00"", ""next_noon"": ""2025-07-12T14:39:42+00:00"", ""next_rising"": ""2025-07-12T08:57:34.507646+00:00"", ""next_setting"": ""2025-07-11T20:21:48.212490+00:00"", ""elevation"": 3.91, ""azimuth"": 293.58, ""rising"": false, ""friendly_name"": ""Sun""}"
2025-07-11T17:01:45.505414,automation.auto_banheiro,on,on,"{""id"": ""1747870075916"", ""last_triggered"": ""2025-07-11T20:01:45.500558+00:00"", ""mode"": ""single"", ""current"": 1, ""friendly_name"": ""auto-banheiro""}"
2025-07-11T17:01:45.507045,automation.auto_banheiro,on,on,"{""id"": ""1747870075916"", ""last_triggered"": ""2025-07-11T20:01:45.500558+00:00"", ""mode"": ""single"", ""current"": 0, ""friendly_name"": ""auto-banheiro""}"
2025-07-11T17:01:50.506467,automation.auto_banheiro,on,on,"{""id"": ""1747870075916"", ""last_triggered"": ""2025-07-11T20:01:50.500821+00:00"", ""mode"": ""single"", ""current"": 1, ""friendly_name"": ""auto-banheiro""}"
2025-07-11T17:01:50.508727,automation.auto_banheiro,on,on,"{""id"": ""1747870075916"", ""last_triggered"": ""2025-07-11T20:01:50.500821+00:00"", ""mode"": ""single"", ""current"": 0, ""friendly_name"": ""auto-banheiro""}"
2025-07-11T17:01:55.506224,automation.auto_banheiro,on,on,"{""id"": ""1747870075916"", ""last_triggered"": ""2025-07-11T20:01:55.500021+00:00"", ""mode"": ""single"", ""current"": 1, ""friendly_name"": ""auto-banheiro""}"
2025-07-11T17:01:55.508234,automation.auto_banheiro,on,on,"{""id"": ""1747870075916"", ""last_triggered"": ""2025-07-11T20:01:55.500021+00:00"", ""mode"": ""single"", ""current"": 0, ""friendly_name"": ""auto-banheiro""}"
2025-07-11T17:02:00.505567,automation.auto_banheiro,on,on,"{""id"": ""1747870075916"", ""last_triggered"": ""2025-07-11T20:02:00.500534+00:00"", ""mode"": ""single"", ""current"": 1, ""friendly_name"": ""auto-banheiro""}"
2025-07-11T17:02:00.507167,automation.auto_banheiro,on,on,"{""id"": ""1747870075916"", ""last_triggered"": ""2025-07-11T20:02:00.500534+00:00"", ""mode"": ""single"", ""current"": 0, ""friendly_name"": ""auto-banheiro""}"
2025-07-11T17:02:05.511432,automation.auto_banheiro,on,on,"{""id"": ""1747870075916"", ""last_triggered"": ""2025-07-11T20:02:05.500843+00:00"", ""mode"": ""single"", ""current"": 1, ""friendly_name"": ""auto-banheiro""}"
2025-07-11T17:02:05.514900,automation.auto_banheiro,on,on,"{""id"": ""1747870075916"", ""last_triggered"": ""2025-07-11T20:02:05.500843+00:00"", ""mode"": ""single"", ""current"": 0, ""friendly_name"": ""auto-banheiro""}"
2025-07-11T17:02:07.627621,sensor.arris_tg1692a_router_download_speed,0.0029189131928323,0.00238883185109135,"{""state_class"": ""measurement"", ""unit_of_measurement"": ""Mbit/s"", ""device_class"": ""data_rate"", ""friendly_name"": ""ARRIS TG1692A Router Download speed""}"
2025-07-11T17:02:07.629929,sensor.arris_tg1692a_router_upload_speed,0.00211918537762089,0.0012565500873345,"{""state_class"": ""measurement"", ""unit_of_measurement"": ""Mbit/s"", ""device_class"": ""data_rate"", ""friendly_name"": ""ARRIS TG1692A Router Upload speed""}"
2025-07-11T17:02:10.114598,automation.aut_status_bruno,on,on,"{""id"": ""1751855857509"", ""last_triggered"": ""2025-07-11T20:02:10.108145+00:00"", ""mode"": ""single"", ""current"": 1, ""friendly_name"": ""aut-status-bruno""}"
2025-07-11T17:02:10.116968,automation.aut_status_bruno,on,on,"{""id"": ""1751855857509"", ""last_triggered"": ""2025-07-11T20:02:10.108145+00:00"", ""mode"": ""single"", ""current"": 0, ""friendly_name"": ""aut-status-bruno""}"
2025-07-11T17:02:10.258435,automation.aut_lampada_quarto,on,on,"{""id"": ""1746067262247"", ""last_triggered"": ""2025-07-11T20:02:10.254416+00:00"", ""mode"": ""single"", ""current"": 1, ""friendly_name"": ""aut-quarto""}"
2025-07-11T17:02:10.260065,automation.aut_lampada_quarto,on,on,"{""id"": ""1746067262247"", ""last_triggered"": ""2025-07-11T20:02:10.254416+00:00"", ""mode"": ""single"", ""current"": 0, ""friendly_name"": ""aut-quarto""}"
2025-07-11T17:02:10.505637,automation.auto_banheiro,on,on,"{""id"": ""1747870075916"", ""last_triggered"": ""2025-07-11T20:02:10.500795+00:00"", ""mode"": ""single"", ""current"": 1, ""friendly_name"": ""auto-banheiro""}"
2025-07-11T17:02:10.507363,automation.auto_banheiro,on,on,"{""id"": ""1747870075916"", ""last_triggered"": ""2025-07-11T20:02:10.500795+00:00"", ""mode"": ""single"", ""current"": 0, ""friendly_name"": ""auto-banheiro""}"
2025-07-11T17:02:15.505168,automation.auto_banheiro,on,on,"{""id"": ""1747870075916"", ""last_triggered"": ""2025-07-11T20:02:15.500344+00:00"", ""mode"": ""single"", ""current"": 1, ""friendly_name"": ""auto-banheiro""}"
2025-07-11T17:02:15.506792,automation.auto_banheiro,on,on,"{""id"": ""1747870075916"", ""last_triggered"": ""2025-07-11T20:02:15.500344+00:00"", ""mode"": ""single"", ""current"": 0, ""friendly_name"": ""auto-banheiro""}"
2025-07-11T17:02:20.506315,automation.auto_banheiro,on,on,"{""id"": ""1747870075916"", ""last_triggered"": ""2025-07-11T20:02:20.500802+00:00"", ""mode"": ""single"", ""current"": 1, ""friendly_name"": ""auto-banheiro""}"
2025-07-11T17:02:20.508107,automation.auto_banheiro,on,on,"{""id"": ""1747870075916"", ""last_triggered"": ""2025-07-11T20:02:20.500802+00:00"", ""mode"": ""single"", ""current"": 0, ""friendly_name"": ""auto-banheiro""}"
2025-07-11T17:02:25.510019,automation.auto_banheiro,on,on,"{""id"": ""1747870075916"", ""last_triggered"": ""2025-07-11T20:02:25.499908+00:00"", ""mode"": ""single"", ""current"": 1, ""friendly_name"": ""auto-banheiro""}"
2025-07-11T17:02:25.511950,automation.auto_banheiro,on,on,"{""id"": ""1747870075916"", ""last_triggered"": ""2025-07-11T20:02:25.499908+00:00"", ""mode"": ""single"", ""current"": 0, ""friendly_name"": ""auto-banheiro""}"
2025-07-11T17:02:30.505327,automation.auto_banheiro,on,on,"{""id"": ""1747870075916"", ""last_triggered"": ""2025-07-11T20:02:30.500468+00:00"", ""mode"": ""single"", ""current"": 1, ""friendly_name"": ""auto-banheiro""}"
2025-07-11T17:02:30.506947,automation.auto_banheiro,on,on,"{""id"": ""1747870075916"", ""last_triggered"": ""2025-07-11T20:02:30.500468+00:00"", ""mode"": ""single"", ""current"": 0, ""friendly_name"": ""auto-banheiro""}"
2025-07-11T17:02:35.517686,automation.auto_banheiro,on,on,"{""id"": ""1747870075916"", ""last_triggered"": ""2025-07-11T20:02:35.501766+00:00"", ""mode"": ""single"", ""current"": 1, ""friendly_name"": ""auto-banheiro""}"
2025-07-11T17:02:35.521824,automation.auto_banheiro,on,on,"{""id"": ""1747870075916"", ""last_triggered"": ""2025-07-11T20:02:35.501766+00:00"", ""mode"": ""single"", ""current"": 0, ""friendly_name"": ""auto-banheiro""}"
2025-07-11T17:02:37.618603,sensor.arris_tg1692a_router_download_speed,0.00238883185109135,0.00224977465088345,"{""state_class"": ""measurement"", ""unit_of_measurement"": ""Mbit/s"", ""device_class"": ""data_rate"", ""friendly_name"": ""ARRIS TG1692A Router Download speed""}"
2025-07-11T17:02:37.622288,sensor.arris_tg1692a_router_upload_speed,0.0012565500873345,0.00179405995628112,"{""state_class"": ""measurement"", ""unit_of_measurement"": ""Mbit/s"", ""device_class"": ""data_rate"", ""friendly_name"": ""ARRIS TG1692A Router Upload speed""}"
2025-07-11T17:02:40.506333,automation.auto_banheiro,on,on,"{""id"": ""1747870075916"", ""last_triggered"": ""2025-07-11T20:02:40.501447+00:00"", ""mode"": ""single"", ""current"": 1, ""friendly_name"": ""auto-banheiro""}"
2025-07-11T17:02:40.508049,automation.auto_banheiro,on,on,"{""id"": ""1747870075916"", ""last_triggered"": ""2025-07-11T20:02:40.501447+00:00"", ""mode"": ""single"", ""current"": 0, ""friendly_name"": ""auto-banheiro""}"
2025-07-11T17:02:45.505293,automation.auto_banheiro,on,on,"{""id"": ""1747870075916"", ""last_triggered"": ""2025-07-11T20:02:45.500410+00:00"", ""mode"": ""single"", ""current"": 1, ""friendly_name"": ""auto-banheiro""}"
2025-07-11T17:02:45.506977,automation.auto_banheiro,on,on,"{""id"": ""1747870075916"", ""last_triggered"": ""2025-07-11T20:02:45.500410+00:00"", ""mode"": ""single"", ""current"": 0, ""friendly_name"": ""auto-banheiro""}"
2025-07-11T17:02:50.505335,automation.auto_banheiro,on,on,"{""id"": ""1747870075916"", ""last_triggered"": ""2025-07-11T20:02:50.500530+00:00"", ""mode"": ""single"", ""current"": 1, ""friendly_name"": ""auto-banheiro""}"
2025-07-11T17:02:50.506959,automation.auto_banheiro,on,on,"{""id"": ""1747870075916"", ""last_triggered"": ""2025-07-11T20:02:50.500530+00:00"", ""mode"": ""single"", ""current"": 0, ""friendly_name"": ""auto-banheiro""}"
2025-07-11T17:02:55.511767,automation.auto_banheiro,on,on,"{""id"": ""1747870075916"", ""last_triggered"": ""2025-07-11T20:02:55.502003+00:00"", ""mode"": ""single"", ""current"": 1, ""friendly_name"": ""auto-banheiro""}"
2025-07-11T17:02:55.515354,automation.auto_banheiro,on,on,"{""id"": ""1747870075916"", ""last_triggered"": ""2025-07-11T20:02:55.502003+00:00"", ""mode"": ""single"", ""current"": 0, ""friendly_name"": ""auto-banheiro""}"
2025-07-11T17:02:55.878867,sensor.tauntaum_energy,210.919,210.934,"{""state_class"": ""total_increasing"", ""unit_of_measurement"": ""kWh"", ""device_class"": ""energy"", ""friendly_name"": ""Tauntaum Energy""}"
2025-07-11T17:02:55.883800,sensor.tauntaum_power,35,65,"{""state_class"": ""measurement"", ""power_consumption_start"": ""2025-07-11T19:46:10Z"", ""power_consumption_end"": ""2025-07-11T20:02:55Z"", ""unit_of_measurement"": ""W"", ""device_class"": ""power"", ""friendly_name"": ""Tauntaum Power""}"
2025-07-11T17:02:55.887142,sensor.tauntaum_energy_difference,0.008,0.015,"{""state_class"": ""total"", ""unit_of_measurement"": ""kWh"", ""device_class"": ""energy"", ""friendly_name"": ""Tauntaum Energy difference""}"
2025-07-11T17:02:55.890567,sensor.tauntaum_power_energy,0.00782224722107251,0.00977772638996442,"{""state_class"": ""total"", ""unit_of_measurement"": ""kWh"", ""device_class"": ""energy"", ""friendly_name"": ""Tauntaum Power energy""}"
2025-07-11T17:02:55.893896,sensor.tauntaum_energy_saved,0.001,0.002,"{""state_class"": ""total_increasing"", ""unit_of_measurement"": ""kWh"", ""device_class"": ""energy"", ""friendly_name"": ""Tauntaum Energy saved""}"
2025-07-11T17:03:00.508965,automation.auto_banheiro,on,on,"{""id"": ""1747870075916"", ""last_triggered"": ""2025-07-11T20:03:00.501094+00:00"", ""mode"": ""single"", ""current"": 1, ""friendly_name"": ""auto-banheiro""}"
2025-07-11T17:03:00.510651,automation.auto_banheiro,on,on,"{""id"": ""1747870075916"", ""last_triggered"": ""2025-07-11T20:03:00.501094+00:00"", ""mode"": ""single"", ""current"": 0, ""friendly_name"": ""auto-banheiro""}"
2025-07-11T17:03:05.504995,automation.auto_banheiro,on,on,"{""id"": ""1747870075916"", ""last_triggered"": ""2025-07-11T20:03:05.500196+00:00"", ""mode"": ""single"", ""current"": 1, ""friendly_name"": ""auto-banheiro""}"
2025-07-11T17:03:05.506862,automation.auto_banheiro,on,on,"{""id"": ""1747870075916"", ""last_triggered"": ""2025-07-11T20:03:05.500196+00:00"", ""mode"": ""single"", ""current"": 0, ""friendly_name"": ""auto-banheiro""}"
2025-07-11T17:03:07.618486,sensor.arris_tg1692a_router_download_speed,0.00224977465088345,0.00130193250105347,"{""state_class"": ""measurement"", ""unit_of_measurement"": ""Mbit/s"", ""device_class"": ""data_rate"", ""friendly_name"": ""ARRIS TG1692A Router Download speed""}"
2025-07-11T17:03:07.620223,sensor.arris_tg1692a_router_upload_speed,0.00179405995628112,0.00109152186128879,"{""state_class"": ""measurement"", ""unit_of_measurement"": ""Mbit/s"", ""device_class"": ""data_rate"", ""friendly_name"": ""ARRIS TG1692A Router Upload speed""}"
2025-07-11T17:03:10.127708,automation.aut_status_bruno,on,on,"{""id"": ""1751855857509"", ""last_triggered"": ""2025-07-11T20:03:10.108741+00:00"", ""mode"": ""single"", ""current"": 1, ""friendly_name"": ""aut-status-bruno""}"
2025-07-11T17:03:10.134409,automation.aut_status_bruno,on,on,"{""id"": ""1751855857509"", ""last_triggered"": ""2025-07-11T20:03:10.108741+00:00"", ""mode"": ""single"", ""current"": 0, ""friendly_name"": ""aut-status-bruno""}"
2025-07-11T17:03:10.259218,automation.aut_lampada_quarto,on,on,"{""id"": ""1746067262247"", ""last_triggered"": ""2025-07-11T20:03:10.255195+00:00"", ""mode"": ""single"", ""current"": 1, ""friendly_name"": ""aut-quarto""}"
2025-07-11T17:03:10.260826,automation.aut_lampada_quarto,on,on,"{""id"": ""1746067262247"", ""last_triggered"": ""2025-07-11T20:03:10.255195+00:00"", ""mode"": ""single"", ""current"": 0, ""friendly_name"": ""aut-quarto""}"
2025-07-11T17:03:10.506167,automation.auto_banheiro,on,on,"{""id"": ""1747870075916"", ""last_triggered"": ""2025-07-11T20:03:10.501393+00:00"", ""mode"": ""single"", ""current"": 1, ""friendly_name"": ""auto-banheiro""}"
2025-07-11T17:03:10.507910,automation.auto_banheiro,on,on,"{""id"": ""1747870075916"", ""last_triggered"": ""2025-07-11T20:03:10.501393+00:00"", ""mode"": ""single"", ""current"": 0, ""friendly_name"": ""auto-banheiro""}"
2025-07-11T17:03:15.509110,automation.auto_banheiro,on,on,"{""id"": ""1747870075916"", ""last_triggered"": ""2025-07-11T20:03:15.500685+00:00"", ""mode"": ""single"", ""current"": 1, ""friendly_name"": ""auto-banheiro""}"
2025-07-11T17:03:15.511895,automation.auto_banheiro,on,on,"{""id"": ""1747870075916"", ""last_triggered"": ""2025-07-11T20:03:15.500685+00:00"", ""mode"": ""single"", ""current"": 0, ""friendly_name"": ""auto-banheiro""}"
2025-07-11T17:03:20.507029,automation.auto_banheiro,on,on,"{""id"": ""1747870075916"", ""last_triggered"": ""2025-07-11T20:03:20.501514+00:00"", ""mode"": ""single"", ""current"": 1, ""friendly_name"": ""auto-banheiro""}"
2025-07-11T17:03:20.513586,automation.auto_banheiro,on,on,"{""id"": ""1747870075916"", ""last_triggered"": ""2025-07-11T20:03:20.501514+00:00"", ""mode"": ""single"", ""current"": 0, ""friendly_name"": ""auto-banheiro""}"
2025-07-11T17:03:25.509052,automation.auto_banheiro,on,on,"{""id"": ""1747870075916"", ""last_triggered"": ""2025-07-11T20:03:25.500847+00:00"", ""mode"": ""single"", ""current"": 1, ""friendly_name"": ""auto-banheiro""}"
2025-07-11T17:03:25.510957,automation.auto_banheiro,on,on,"{""id"": ""1747870075916"", ""last_triggered"": ""2025-07-11T20:03:25.500847+00:00"", ""mode"": ""single"", ""current"": 0, ""friendly_name"": ""auto-banheiro""}"
2025-07-11T17:03:30.512209,automation.auto_banheiro,on,on,"{""id"": ""1747870075916"", ""last_triggered"": ""2025-07-11T20:03:30.500613+00:00"", ""mode"": ""single"", ""current"": 1, ""friendly_name"": ""auto-banheiro""}"
2025-07-11T17:03:30.515936,automation.auto_banheiro,on,on,"{""id"": ""1747870075916"", ""last_triggered"": ""2025-07-11T20:03:30.500613+00:00"", ""mode"": ""single"", ""current"": 0, ""friendly_name"": ""auto-banheiro""}"
2025-07-11T17:03:35.505460,automation.auto_banheiro,on,on,"{""id"": ""1747870075916"", ""last_triggered"": ""2025-07-11T20:03:35.500643+00:00"", ""mode"": ""single"", ""current"": 1, ""friendly_name"": ""auto-banheiro""}"
2025-07-11T17:03:35.507563,automation.auto_banheiro,on,on,"{""id"": ""1747870075916"", ""last_triggered"": ""2025-07-11T20:03:35.500643+00:00"", ""mode"": ""single"", ""current"": 0, ""friendly_name"": ""auto-banheiro""}"
2025-07-11T17:03:37.625465,sensor.arris_tg1692a_router_download_speed,0.00130193250105347,0.00259701057123833,"{""state_class"": ""measurement"", ""unit_of_measurement"": ""Mbit/s"", ""device_class"": ""data_rate"", ""friendly_name"": ""ARRIS TG1692A Router Download speed""}"
2025-07-11T17:03:37.630614,sensor.arris_tg1692a_router_upload_speed,0.00109152186128879,0.00158716571722051,"{""state_class"": ""measurement"", ""unit_of_measurement"": ""Mbit/s"", ""device_class"": ""data_rate"", ""friendly_name"": ""ARRIS TG1692A Router Upload speed""}"
2025-07-11T17:03:40.506078,automation.auto_banheiro,on,on,"{""id"": ""1747870075916"", ""last_triggered"": ""2025-07-11T20:03:40.500503+00:00"", ""mode"": ""single"", ""current"": 1, ""friendly_name"": ""auto-banheiro""}"
2025-07-11T17:03:40.508214,automation.auto_banheiro,on,on,"{""id"": ""1747870075916"", ""last_triggered"": ""2025-07-11T20:03:40.500503+00:00"", ""mode"": ""single"", ""current"": 0, ""friendly_name"": ""auto-banheiro""}"
2025-07-11T17:03:45.008760,sun.sun,above_horizon,above_horizon,"{""next_dawn"": ""2025-07-12T08:34:18.375179+00:00"", ""next_dusk"": ""2025-07-11T20:45:05.377064+00:00"", ""next_midnight"": ""2025-07-12T02:39:47+00:00"", ""next_noon"": ""2025-07-12T14:39:42+00:00"", ""next_rising"": ""2025-07-12T08:57:34.507646+00:00"", ""next_setting"": ""2025-07-11T20:21:48.212490+00:00"", ""elevation"": 3.48, ""azimuth"": 293.45, ""rising"": false, ""friendly_name"": ""Sun""}"
2025-07-11T17:03:45.507654,automation.auto_banheiro,on,on,"{""id"": ""1747870075916"", ""last_triggered"": ""2025-07-11T20:03:45.500613+00:00"", ""mode"": ""single"", ""current"": 1, ""friendly_name"": ""auto-banheiro""}"
2025-07-11T17:03:45.511609,automation.auto_banheiro,on,on,"{""id"": ""1747870075916"", ""last_triggered"": ""2025-07-11T20:03:45.500613+00:00"", ""mode"": ""single"", ""current"": 0, ""friendly_name"": ""auto-banheiro""}"
2025-07-11T17:03:50.512296,automation.auto_banheiro,on,on,"{""id"": ""1747870075916"", ""last_triggered"": ""2025-07-11T20:03:50.502299+00:00"", ""mode"": ""single"", ""current"": 1, ""friendly_name"": ""auto-banheiro""}"
2025-07-11T17:03:50.515533,automation.auto_banheiro,on,on,"{""id"": ""1747870075916"", ""last_triggered"": ""2025-07-11T20:03:50.502299+00:00"", ""mode"": ""single"", ""current"": 0, ""friendly_name"": ""auto-banheiro""}"
2025-07-11T17:03:55.504926,automation.auto_banheiro,on,on,"{""id"": ""1747870075916"", ""last_triggered"": ""2025-07-11T20:03:55.500037+00:00"", ""mode"": ""single"", ""current"": 1, ""friendly_name"": ""auto-banheiro""}"
2025-07-11T17:03:55.506517,automation.auto_banheiro,on,on,"{""id"": ""1747870075916"", ""last_triggered"": ""2025-07-11T20:03:55.500037+00:00"", ""mode"": ""single"", ""current"": 0, ""friendly_name"": ""auto-banheiro""}"
2025-07-11T17:03:58.185543,sensor.new_obi_wan_storage,21.78,21.78,"{""Available"": ""13,58 GB"", ""Available (Important)"": ""20,25 GB"", ""Available (Opportunistic)"": ""13,85 GB"", ""Total"": ""63,61 GB"", ""unit_of_measurement"": ""% available"", ""icon"": ""mdi:database"", ""friendly_name"": ""New obi-wan Storage""}"
2025-07-11T17:04:00.505131,automation.auto_banheiro,on,on,"{""id"": ""1747870075916"", ""last_triggered"": ""2025-07-11T20:04:00.500052+00:00"", ""mode"": ""single"", ""current"": 1, ""friendly_name"": ""auto-banheiro""}"
2025-07-11T17:04:00.506689,automation.auto_banheiro,on,on,"{""id"": ""1747870075916"", ""last_triggered"": ""2025-07-11T20:04:00.500052+00:00"", ""mode"": ""single"", ""current"": 0, ""friendly_name"": ""auto-banheiro""}"
2025-07-11T17:04:05.514235,automation.auto_banheiro,on,on,"{""id"": ""1747870075916"", ""last_triggered"": ""2025-07-11T20:04:05.500029+00:00"", ""mode"": ""single"", ""current"": 1, ""friendly_name"": ""auto-banheiro""}"
2025-07-11T17:04:05.515916,automation.auto_banheiro,on,on,"{""id"": ""1747870075916"", ""last_triggered"": ""2025-07-11T20:04:05.500029+00:00"", ""mode"": ""single"", ""current"": 0, ""friendly_name"": ""auto-banheiro""}"
2025-07-11T17:04:07.621934,sensor.arris_tg1692a_router_download_speed,0.00259701057123833,0.00768216867130922,"{""state_class"": ""measurement"", ""unit_of_measurement"": ""Mbit/s"", ""device_class"": ""data_rate"", ""friendly_name"": ""ARRIS TG1692A Router Download speed""}"
2025-07-11T17:04:07.625578,sensor.arris_tg1692a_router_upload_speed,0.00158716571722051,0.0075979016170141,"{""state_class"": ""measurement"", ""unit_of_measurement"": ""Mbit/s"", ""device_class"": ""data_rate"", ""friendly_name"": ""ARRIS TG1692A Router Upload speed""}"
2025-07-11T17:04:10.116565,automation.aut_status_bruno,on,on,"{""id"": ""1751855857509"", ""last_triggered"": ""2025-07-11T20:04:10.108456+00:00"", ""mode"": ""single"", ""current"": 1, ""friendly_name"": ""aut-status-bruno""}"
2025-07-11T17:04:10.118583,automation.aut_status_bruno,on,on,"{""id"": ""1751855857509"", ""last_triggered"": ""2025-07-11T20:04:10.108456+00:00"", ""mode"": ""single"", ""current"": 0, ""friendly_name"": ""aut-status-bruno""}"
2025-07-11T17:04:10.258643,automation.aut_lampada_quarto,on,on,"{""id"": ""1746067262247"", ""last_triggered"": ""2025-07-11T20:04:10.254498+00:00"", ""mode"": ""single"", ""current"": 1, ""friendly_name"": ""aut-quarto""}"
2025-07-11T17:04:10.260241,automation.aut_lampada_quarto,on,on,"{""id"": ""1746067262247"", ""last_triggered"": ""2025-07-11T20:04:10.254498+00:00"", ""mode"": ""single"", ""current"": 0, ""friendly_name"": ""aut-quarto""}"
2025-07-11T17:04:10.504882,automation.auto_banheiro,on,on,"{""id"": ""1747870075916"", ""last_triggered"": ""2025-07-11T20:04:10.500127+00:00"", ""mode"": ""single"", ""current"": 1, ""friendly_name"": ""auto-banheiro""}"
2025-07-11T17:04:10.506425,automation.auto_banheiro,on,on,"{""id"": ""1747870075916"", ""last_triggered"": ""2025-07-11T20:04:10.500127+00:00"", ""mode"": ""single"", ""current"": 0, ""friendly_name"": ""auto-banheiro""}"
2025-07-11T17:04:15.505367,automation.auto_banheiro,on,on,"{""id"": ""1747870075916"", ""last_triggered"": ""2025-07-11T20:04:15.500603+00:00"", ""mode"": ""single"", ""current"": 1, ""friendly_name"": ""auto-banheiro""}"
2025-07-11T17:04:15.507028,automation.auto_banheiro,on,on,"{""id"": ""1747870075916"", ""last_triggered"": ""2025-07-11T20:04:15.500603+00:00"", ""mode"": ""single"", ""current"": 0, ""friendly_name"": ""auto-banheiro""}"
2025-07-11T17:04:20.510392,automation.auto_banheiro,on,on,"{""id"": ""1747870075916"", ""last_triggered"": ""2025-07-11T20:04:20.500985+00:00"", ""mode"": ""single"", ""current"": 1, ""friendly_name"": ""auto-banheiro""}"
2025-07-11T17:04:20.513667,automation.auto_banheiro,on,on,"{""id"": ""1747870075916"", ""last_triggered"": ""2025-07-11T20:04:20.500985+00:00"", ""mode"": ""single"", ""current"": 0, ""friendly_name"": ""auto-banheiro""}"
2025-07-11T17:04:24.972254,camera.192_168_0_33,idle,idle,"{""access_token"": ""3f766bdae298b014cea6c4c5950e23545d1065401fb26184ef305f8028d5fb99"", ""entity_picture"": ""/api/camera_proxy/camera.192_168_0_33?token=3f766bdae298b014cea6c4c5950e23545d1065401fb26184ef305f8028d5fb99"", ""friendly_name"": ""192_168_0_14"", ""supported_features"": 2}"
2025-07-11T17:04:24.974034,camera.admin_mainstream,idle,idle,"{""access_token"": ""95c037393b6d52a77347affea82ac68d817c4b5bd827eb43dd76724cc2150c09"", ""entity_picture"": ""/api/camera_proxy/camera.admin_mainstream?token=95c037393b6d52a77347affea82ac68d817c4b5bd827eb43dd76724cc2150c09"", ""friendly_name"": ""admin MainStream"", ""supported_features"": 2}"
2025-07-11T17:04:24.975736,camera.admin_substream,idle,idle,"{""access_token"": ""dc67ab712ec0551d817a38fb596cad33eec78f0e5eb917c30378596b87cd603b"", ""entity_picture"": ""/api/camera_proxy/camera.admin_substream?token=dc67ab712ec0551d817a38fb596cad33eec78f0e5eb917c30378596b87cd603b"", ""friendly_name"": ""admin SubStream"", ""supported_features"": 2}"
2025-07-11T17:04:25.506043,automation.auto_banheiro,on,on,"{""id"": ""1747870075916"", ""last_triggered"": ""2025-07-11T20:04:25.500117+00:00"", ""mode"": ""single"", ""current"": 1, ""friendly_name"": ""auto-banheiro""}"
2025-07-11T17:04:25.508491,automation.auto_banheiro,on,on,"{""id"": ""1747870075916"", ""last_triggered"": ""2025-07-11T20:04:25.500117+00:00"", ""mode"": ""single"", ""current"": 0, ""friendly_name"": ""auto-banheiro""}"
2025-07-11T17:04:30.511815,automation.auto_banheiro,on,on,"{""id"": ""1747870075916"", ""last_triggered"": ""2025-07-11T20:04:30.500613+00:00"", ""mode"": ""single"", ""current"": 1, ""friendly_name"": ""auto-banheiro""}"
2025-07-11T17:04:30.513713,automation.auto_banheiro,on,on,"{""id"": ""1747870075916"", ""last_triggered"": ""2025-07-11T20:04:30.500613+00:00"", ""mode"": ""single"", ""current"": 0, ""friendly_name"": ""auto-banheiro""}"
2025-07-11T17:04:35.507910,automation.auto_banheiro,on,on,"{""id"": ""1747870075916"", ""last_triggered"": ""2025-07-11T20:04:35.500533+00:00"", ""mode"": ""single"", ""current"": 1, ""friendly_name"": ""auto-banheiro""}"
2025-07-11T17:04:35.509459,automation.auto_banheiro,on,on,"{""id"": ""1747870075916"", ""last_triggered"": ""2025-07-11T20:04:35.500533+00:00"", ""mode"": ""single"", ""current"": 0, ""friendly_name"": ""auto-banheiro""}"
2025-07-11T17:04:37.614421,sensor.arris_tg1692a_router_download_speed,0.00768216867130922,0.00221950572996751,"{""state_class"": ""measurement"", ""unit_of_measurement"": ""Mbit/s"", ""device_class"": ""data_rate"", ""friendly_name"": ""ARRIS TG1692A Router Download speed""}"
2025-07-11T17:04:37.616185,sensor.arris_tg1692a_router_upload_speed,0.0075979016170141,0.00149069290286176,"{""state_class"": ""measurement"", ""unit_of_measurement"": ""Mbit/s"", ""device_class"": ""data_rate"", ""friendly_name"": ""ARRIS TG1692A Router Upload speed""}"
2025-07-11T17:04:40.505238,automation.auto_banheiro,on,on,"{""id"": ""1747870075916"", ""last_triggered"": ""2025-07-11T20:04:40.500424+00:00"", ""mode"": ""single"", ""current"": 1, ""friendly_name"": ""auto-banheiro""}"
2025-07-11T17:04:40.507119,automation.auto_banheiro,on,on,"{""id"": ""1747870075916"", ""last_triggered"": ""2025-07-11T20:04:40.500424+00:00"", ""mode"": ""single"", ""current"": 0, ""friendly_name"": ""auto-banheiro""}"
2025-07-11T17:04:45.511930,automation.auto_banheiro,on,on,"{""id"": ""1747870075916"", ""last_triggered"": ""2025-07-11T20:04:45.501178+00:00"", ""mode"": ""single"", ""current"": 1, ""friendly_name"": ""auto-banheiro""}"
2025-07-11T17:04:45.516223,automation.auto_banheiro,on,on,"{""id"": ""1747870075916"", ""last_triggered"": ""2025-07-11T20:04:45.501178+00:00"", ""mode"": ""single"", ""current"": 0, ""friendly_name"": ""auto-banheiro""}"
2025-07-11T17:04:50.520739,automation.auto_banheiro,on,on,"{""id"": ""1747870075916"", ""last_triggered"": ""2025-07-11T20:04:50.499872+00:00"", ""mode"": ""single"", ""current"": 1, ""friendly_name"": ""auto-banheiro""}"
2025-07-11T17:04:50.522338,automation.auto_banheiro,on,on,"{""id"": ""1747870075916"", ""last_triggered"": ""2025-07-11T20:04:50.499872+00:00"", ""mode"": ""single"", ""current"": 0, ""friendly_name"": ""auto-banheiro""}"
2025-07-11T17:04:55.504874,automation.auto_banheiro,on,on,"{""id"": ""1747870075916"", ""last_triggered"": ""2025-07-11T20:04:55.500045+00:00"", ""mode"": ""single"", ""current"": 1, ""friendly_name"": ""auto-banheiro""}"
2025-07-11T17:04:55.506534,automation.auto_banheiro,on,on,"{""id"": ""1747870075916"", ""last_triggered"": ""2025-07-11T20:04:55.500045+00:00"", ""mode"": ""single"", ""current"": 0, ""friendly_name"": ""auto-banheiro""}"
2025-07-11T17:05:00.504786,automation.auto_banheiro,on,on,"{""id"": ""1747870075916"", ""last_triggered"": ""2025-07-11T20:05:00.499991+00:00"", ""mode"": ""single"", ""current"": 1, ""friendly_name"": ""auto-banheiro""}"
2025-07-11T17:05:00.506432,automation.auto_banheiro,on,on,"{""id"": ""1747870075916"", ""last_triggered"": ""2025-07-11T20:05:00.499991+00:00"", ""mode"": ""single"", ""current"": 0, ""friendly_name"": ""auto-banheiro""}"
2025-07-11T17:05:05.505206,automation.auto_banheiro,on,on,"{""id"": ""1747870075916"", ""last_triggered"": ""2025-07-11T20:05:05.500264+00:00"", ""mode"": ""single"", ""current"": 1, ""friendly_name"": ""auto-banheiro""}"
2025-07-11T17:05:05.506879,automation.auto_banheiro,on,on,"{""id"": ""1747870075916"", ""last_triggered"": ""2025-07-11T20:05:05.500264+00:00"", ""mode"": ""single"", ""current"": 0, ""friendly_name"": ""auto-banheiro""}"
2025-07-11T17:05:07.614662,sensor.arris_tg1692a_router_download_speed,0.00221950572996751,0.00185415496514126,"{""state_class"": ""measurement"", ""unit_of_measurement"": ""Mbit/s"", ""device_class"": ""data_rate"", ""friendly_name"": ""ARRIS TG1692A Router Download speed""}"
2025-07-11T17:05:07.616411,sensor.arris_tg1692a_router_upload_speed,0.00149069290286176,0.00119388059527361,"{""state_class"": ""measurement"", ""unit_of_measurement"": ""Mbit/s"", ""device_class"": ""data_rate"", ""friendly_name"": ""ARRIS TG1692A Router Upload speed""}"
2025-07-11T17:05:10.132225,automation.aut_status_bruno,on,on,"{""id"": ""1751855857509"", ""last_triggered"": ""2025-07-11T20:05:10.109285+00:00"", ""mode"": ""single"", ""current"": 1, ""friendly_name"": ""aut-status-bruno""}"
2025-07-11T17:05:10.138066,automation.aut_status_bruno,on,on,"{""id"": ""1751855857509"", ""last_triggered"": ""2025-07-11T20:05:10.109285+00:00"", ""mode"": ""single"", ""current"": 0, ""friendly_name"": ""aut-status-bruno""}"
2025-07-11T17:05:10.258741,automation.aut_lampada_quarto,on,on,"{""id"": ""1746067262247"", ""last_triggered"": ""2025-07-11T20:05:10.254766+00:00"", ""mode"": ""single"", ""current"": 1, ""friendly_name"": ""aut-quarto""}"
2025-07-11T17:05:10.260349,automation.aut_lampada_quarto,on,on,"{""id"": ""1746067262247"", ""last_triggered"": ""2025-07-11T20:05:10.254766+00:00"", ""mode"": ""single"", ""current"": 0, ""friendly_name"": ""aut-quarto""}"
2025-07-11T17:05:10.505381,automation.auto_banheiro,on,on,"{""id"": ""1747870075916"", ""last_triggered"": ""2025-07-11T20:05:10.500466+00:00"", ""mode"": ""single"", ""current"": 1, ""friendly_name"": ""auto-banheiro""}"
2025-07-11T17:05:10.511979,automation.auto_banheiro,on,on,"{""id"": ""1747870075916"", ""last_triggered"": ""2025-07-11T20:05:10.500466+00:00"", ""mode"": ""single"", ""current"": 0, ""friendly_name"": ""auto-banheiro""}"
2025-07-11T17:05:15.511187,automation.auto_banheiro,on,on,"{""id"": ""1747870075916"", ""last_triggered"": ""2025-07-11T20:05:15.500846+00:00"", ""mode"": ""single"", ""current"": 1, ""friendly_name"": ""auto-banheiro""}"
2025-07-11T17:05:15.514792,automation.auto_banheiro,on,on,"{""id"": ""1747870075916"", ""last_triggered"": ""2025-07-11T20:05:15.500846+00:00"", ""mode"": ""single"", ""current"": 0, ""friendly_name"": ""auto-banheiro""}"
2025-07-11T17:05:20.506245,automation.auto_banheiro,on,on,"{""id"": ""1747870075916"", ""last_triggered"": ""2025-07-11T20:05:20.500376+00:00"", ""mode"": ""single"", ""current"": 1, ""friendly_name"": ""auto-banheiro""}"
2025-07-11T17:05:20.508270,automation.auto_banheiro,on,on,"{""id"": ""1747870075916"", ""last_triggered"": ""2025-07-11T20:05:20.500376+00:00"", ""mode"": ""single"", ""current"": 0, ""friendly_name"": ""auto-banheiro""}"
2025-07-11T17:05:25.506124,automation.auto_banheiro,on,on,"{""id"": ""1747870075916"", ""last_triggered"": ""2025-07-11T20:05:25.500603+00:00"", ""mode"": ""single"", ""current"": 1, ""friendly_name"": ""auto-banheiro""}"
2025-07-11T17:05:25.507871,automation.auto_banheiro,on,on,"{""id"": ""1747870075916"", ""last_triggered"": ""2025-07-11T20:05:25.500603+00:00"", ""mode"": ""single"", ""current"": 0, ""friendly_name"": ""auto-banheiro""}"
2025-07-11T17:05:30.511757,automation.auto_banheiro,on,on,"{""id"": ""1747870075916"", ""last_triggered"": ""2025-07-11T20:05:30.500690+00:00"", ""mode"": ""single"", ""current"": 1, ""friendly_name"": ""auto-banheiro""}"
2025-07-11T17:05:30.514759,automation.auto_banheiro,on,on,"{""id"": ""1747870075916"", ""last_triggered"": ""2025-07-11T20:05:30.500690+00:00"", ""mode"": ""single"", ""current"": 0, ""friendly_name"": ""auto-banheiro""}"
2025-07-11T17:05:35.504998,automation.auto_banheiro,on,on,"{""id"": ""1747870075916"", ""last_triggered"": ""2025-07-11T20:05:35.500207+00:00"", ""mode"": ""single"", ""current"": 1, ""friendly_name"": ""auto-banheiro""}"
2025-07-11T17:05:35.506690,automation.auto_banheiro,on,on,"{""id"": ""1747870075916"", ""last_triggered"": ""2025-07-11T20:05:35.500207+00:00"", ""mode"": ""single"", ""current"": 0, ""friendly_name"": ""auto-banheiro""}"
2025-07-11T17:05:37.615910,sensor.arris_tg1692a_router_download_speed,0.00185415496514126,0.00218079556571568,"{""state_class"": ""measurement"", ""unit_of_measurement"": ""Mbit/s"", ""device_class"": ""data_rate"", ""friendly_name"": ""ARRIS TG1692A Router Download speed""}"
2025-07-11T17:05:37.617454,sensor.arris_tg1692a_router_upload_speed,0.00119388059527361,0.00139573049534799,"{""state_class"": ""measurement"", ""unit_of_measurement"": ""Mbit/s"", ""device_class"": ""data_rate"", ""friendly_name"": ""ARRIS TG1692A Router Upload speed""}"
2025-07-11T17:05:40.505673,automation.auto_banheiro,on,on,"{""id"": ""1747870075916"", ""last_triggered"": ""2025-07-11T20:05:40.500697+00:00"", ""mode"": ""single"", ""current"": 1, ""friendly_name"": ""auto-banheiro""}"
2025-07-11T17:05:40.507402,automation.auto_banheiro,on,on,"{""id"": ""1747870075916"", ""last_triggered"": ""2025-07-11T20:05:40.500697+00:00"", ""mode"": ""single"", ""current"": 0, ""friendly_name"": ""auto-banheiro""}"
2025-07-11T17:05:45.008769,sun.sun,above_horizon,above_horizon,"{""next_dawn"": ""2025-07-12T08:34:18.375179+00:00"", ""next_dusk"": ""2025-07-11T20:45:05.377064+00:00"", ""next_midnight"": ""2025-07-12T02:39:47+00:00"", ""next_noon"": ""2025-07-12T14:39:42+00:00"", ""next_rising"": ""2025-07-12T08:57:34.507646+00:00"", ""next_setting"": ""2025-07-11T20:21:48.212490+00:00"", ""elevation"": 3.05, ""azimuth"": 293.33, ""rising"": false, ""friendly_name"": ""Sun""}"
2025-07-11T17:05:45.505729,automation.auto_banheiro,on,on,"{""id"": ""1747870075916"", ""last_triggered"": ""2025-07-11T20:05:45.500855+00:00"", ""mode"": ""single"", ""current"": 1, ""friendly_name"": ""auto-banheiro""}"
2025-07-11T17:05:45.507480,automation.auto_banheiro,on,on,"{""id"": ""1747870075916"", ""last_triggered"": ""2025-07-11T20:05:45.500855+00:00"", ""mode"": ""single"", ""current"": 0, ""friendly_name"": ""auto-banheiro""}"
2025-07-11T17:05:50.514205,automation.auto_banheiro,on,on,"{""id"": ""1747870075916"", ""last_triggered"": ""2025-07-11T20:05:50.502186+00:00"", ""mode"": ""single"", ""current"": 1, ""friendly_name"": ""auto-banheiro""}"
2025-07-11T17:05:50.517365,automation.auto_banheiro,on,on,"{""id"": ""1747870075916"", ""last_triggered"": ""2025-07-11T20:05:50.502186+00:00"", ""mode"": ""single"", ""current"": 0, ""friendly_name"": ""auto-banheiro""}"
2025-07-11T17:05:55.505093,automation.auto_banheiro,on,on,"{""id"": ""1747870075916"", ""last_triggered"": ""2025-07-11T20:05:55.500248+00:00"", ""mode"": ""single"", ""current"": 1, ""friendly_name"": ""auto-banheiro""}"
2025-07-11T17:05:55.506718,automation.auto_banheiro,on,on,"{""id"": ""1747870075916"", ""last_triggered"": ""2025-07-11T20:05:55.500248+00:00"", ""mode"": ""single"", ""current"": 0, ""friendly_name"": ""auto-banheiro""}"
2025-07-11T17:06:00.507929,automation.auto_banheiro,on,on,"{""id"": ""1747870075916"", ""last_triggered"": ""2025-07-11T20:06:00.501205+00:00"", ""mode"": ""single"", ""current"": 1, ""friendly_name"": ""auto-banheiro""}"
2025-07-11T17:06:00.509520,automation.auto_banheiro,on,on,"{""id"": ""1747870075916"", ""last_triggered"": ""2025-07-11T20:06:00.501205+00:00"", ""mode"": ""single"", ""current"": 0, ""friendly_name"": ""auto-banheiro""}"
2025-07-11T17:06:05.518662,automation.auto_banheiro,on,on,"{""id"": ""1747870075916"", ""last_triggered"": ""2025-07-11T20:06:05.500489+00:00"", ""mode"": ""single"", ""current"": 1, ""friendly_name"": ""auto-banheiro""}"
2025-07-11T17:06:05.520842,automation.auto_banheiro,on,on,"{""id"": ""1747870075916"", ""last_triggered"": ""2025-07-11T20:06:05.500489+00:00"", ""mode"": ""single"", ""current"": 0, ""friendly_name"": ""auto-banheiro""}"
2025-07-11T17:06:07.622924,sensor.arris_tg1692a_router_download_speed,0.00218079556571568,0.00239325268071799,"{""state_class"": ""measurement"", ""unit_of_measurement"": ""Mbit/s"", ""device_class"": ""data_rate"", ""friendly_name"": ""ARRIS TG1692A Router Download speed""}"
2025-07-11T17:06:07.627195,sensor.arris_tg1692a_router_upload_speed,0.00139573049534799,0.00149008311753227,"{""state_class"": ""measurement"", ""unit_of_measurement"": ""Mbit/s"", ""device_class"": ""data_rate"", ""friendly_name"": ""ARRIS TG1692A Router Upload speed""}"
2025-07-11T17:06:10.115232,automation.aut_status_bruno,on,on,"{""id"": ""1751855857509"", ""last_triggered"": ""2025-07-11T20:06:10.107766+00:00"", ""mode"": ""single"", ""current"": 1, ""friendly_name"": ""aut-status-bruno""}"
2025-07-11T17:06:10.117347,automation.aut_status_bruno,on,on,"{""id"": ""1751855857509"", ""last_triggered"": ""2025-07-11T20:06:10.107766+00:00"", ""mode"": ""single"", ""current"": 0, ""friendly_name"": ""aut-status-bruno""}"
2025-07-11T17:06:10.258728,automation.aut_lampada_quarto,on,on,"{""id"": ""1746067262247"", ""last_triggered"": ""2025-07-11T20:06:10.254679+00:00"", ""mode"": ""single"", ""current"": 1, ""friendly_name"": ""aut-quarto""}"
2025-07-11T17:06:10.260359,automation.aut_lampada_quarto,on,on,"{""id"": ""1746067262247"", ""last_triggered"": ""2025-07-11T20:06:10.254679+00:00"", ""mode"": ""single"", ""current"": 0, ""friendly_name"": ""aut-quarto""}"
2025-07-11T17:06:10.505271,automation.auto_banheiro,on,on,"{""id"": ""1747870075916"", ""last_triggered"": ""2025-07-11T20:06:10.500536+00:00"", ""mode"": ""single"", ""current"": 1, ""friendly_name"": ""auto-banheiro""}"
2025-07-11T17:06:10.506895,automation.auto_banheiro,on,on,"{""id"": ""1747870075916"", ""last_triggered"": ""2025-07-11T20:06:10.500536+00:00"", ""mode"": ""single"", ""current"": 0, ""friendly_name"": ""auto-banheiro""}"
2025-07-11T17:06:15.505495,automation.auto_banheiro,on,on,"{""id"": ""1747870075916"", ""last_triggered"": ""2025-07-11T20:06:15.500672+00:00"", ""mode"": ""single"", ""current"": 1, ""friendly_name"": ""auto-banheiro""}"
2025-07-11T17:06:15.507140,automation.auto_banheiro,on,on,"{""id"": ""1747870075916"", ""last_triggered"": ""2025-07-11T20:06:15.500672+00:00"", ""mode"": ""single"", ""current"": 0, ""friendly_name"": ""auto-banheiro""}"
2025-07-11T17:06:20.504997,automation.auto_banheiro,on,on,"{""id"": ""1747870075916"", ""last_triggered"": ""2025-07-11T20:06:20.500118+00:00"", ""mode"": ""single"", ""current"": 1, ""friendly_name"": ""auto-banheiro""}"
2025-07-11T17:06:20.506938,automation.auto_banheiro,on,on,"{""id"": ""1747870075916"", ""last_triggered"": ""2025-07-11T20:06:20.500118+00:00"", ""mode"": ""single"", ""current"": 0, ""friendly_name"": ""auto-banheiro""}"
2025-07-11T17:06:25.505189,automation.auto_banheiro,on,on,"{""id"": ""1747870075916"", ""last_triggered"": ""2025-07-11T20:06:25.500346+00:00"", ""mode"": ""single"", ""current"": 1, ""friendly_name"": ""auto-banheiro""}"
2025-07-11T17:06:25.507110,automation.auto_banheiro,on,on,"{""id"": ""1747870075916"", ""last_triggered"": ""2025-07-11T20:06:25.500346+00:00"", ""mode"": ""single"", ""current"": 0, ""friendly_name"": ""auto-banheiro""}"
2025-07-11T17:06:30.505218,automation.auto_banheiro,on,on,"{""id"": ""1747870075916"", ""last_triggered"": ""2025-07-11T20:06:30.500305+00:00"", ""mode"": ""single"", ""current"": 1, ""friendly_name"": ""auto-banheiro""}"
2025-07-11T17:06:30.507074,automation.auto_banheiro,on,on,"{""id"": ""1747870075916"", ""last_triggered"": ""2025-07-11T20:06:30.500305+00:00"", ""mode"": ""single"", ""current"": 0, ""friendly_name"": ""auto-banheiro""}"
2025-07-11T17:06:35.549938,automation.auto_banheiro,on,on,"{""id"": ""1747870075916"", ""last_triggered"": ""2025-07-11T20:06:35.500807+00:00"", ""mode"": ""single"", ""current"": 1, ""friendly_name"": ""auto-banheiro""}"
2025-07-11T17:06:35.552764,automation.auto_banheiro,on,on,"{""id"": ""1747870075916"", ""last_triggered"": ""2025-07-11T20:06:35.500807+00:00"", ""mode"": ""single"", ""current"": 0, ""friendly_name"": ""auto-banheiro""}"
2025-07-11T17:06:37.620604,sensor.arris_tg1692a_router_download_speed,0.00239325268071799,0.00201446741750957,"{""state_class"": ""measurement"", ""unit_of_measurement"": ""Mbit/s"", ""device_class"": ""data_rate"", ""friendly_name"": ""ARRIS TG1692A Router Download speed""}"
2025-07-11T17:06:37.622409,sensor.arris_tg1692a_router_upload_speed,0.00149008311753227,0.00123790809532426,"{""state_class"": ""measurement"", ""unit_of_measurement"": ""Mbit/s"", ""device_class"": ""data_rate"", ""friendly_name"": ""ARRIS TG1692A Router Upload speed""}"
2025-07-11T17:06:40.554580,automation.auto_banheiro,on,on,"{""id"": ""1747870075916"", ""last_triggered"": ""2025-07-11T20:06:40.501721+00:00"", ""mode"": ""single"", ""current"": 1, ""friendly_name"": ""auto-banheiro""}"
2025-07-11T17:06:40.558147,automation.auto_banheiro,on,on,"{""id"": ""1747870075916"", ""last_triggered"": ""2025-07-11T20:06:40.501721+00:00"", ""mode"": ""single"", ""current"": 0, ""friendly_name"": ""auto-banheiro""}"
2025-07-11T17:06:45.506985,automation.auto_banheiro,on,on,"{""id"": ""1747870075916"", ""last_triggered"": ""2025-07-11T20:06:45.501430+00:00"", ""mode"": ""single"", ""current"": 1, ""friendly_name"": ""auto-banheiro""}"
2025-07-11T17:06:45.508606,automation.auto_banheiro,on,on,"{""id"": ""1747870075916"", ""last_triggered"": ""2025-07-11T20:06:45.501430+00:00"", ""mode"": ""single"", ""current"": 0, ""friendly_name"": ""auto-banheiro""}"
2025-07-11T17:06:50.505517,automation.auto_banheiro,on,on,"{""id"": ""1747870075916"", ""last_triggered"": ""2025-07-11T20:06:50.500030+00:00"", ""mode"": ""single"", ""current"": 1, ""friendly_name"": ""auto-banheiro""}"
2025-07-11T17:06:50.507679,automation.auto_banheiro,on,on,"{""id"": ""1747870075916"", ""last_triggered"": ""2025-07-11T20:06:50.500030+00:00"", ""mode"": ""single"", ""current"": 0, ""friendly_name"": ""auto-banheiro""}"
2025-07-11T17:06:55.504913,automation.auto_banheiro,on,on,"{""id"": ""1747870075916"", ""last_triggered"": ""2025-07-11T20:06:55.500097+00:00"", ""mode"": ""single"", ""current"": 1, ""friendly_name"": ""auto-banheiro""}"
2025-07-11T17:06:55.506585,automation.auto_banheiro,on,on,"{""id"": ""1747870075916"", ""last_triggered"": ""2025-07-11T20:06:55.500097+00:00"", ""mode"": ""single"", ""current"": 0, ""friendly_name"": ""auto-banheiro""}"
2025-07-11T17:07:00.504830,automation.auto_banheiro,on,on,"{""id"": ""1747870075916"", ""last_triggered"": ""2025-07-11T20:07:00.499987+00:00"", ""mode"": ""single"", ""current"": 1, ""friendly_name"": ""auto-banheiro""}"
2025-07-11T17:07:00.506369,automation.auto_banheiro,on,on,"{""id"": ""1747870075916"", ""last_triggered"": ""2025-07-11T20:07:00.499987+00:00"", ""mode"": ""single"", ""current"": 0, ""friendly_name"": ""auto-banheiro""}"
2025-07-11T17:07:05.520124,automation.auto_banheiro,on,on,"{""id"": ""1747870075916"", ""last_triggered"": ""2025-07-11T20:07:05.501361+00:00"", ""mode"": ""single"", ""current"": 1, ""friendly_name"": ""auto-banheiro""}"
2025-07-11T17:07:05.523133,automation.auto_banheiro,on,on,"{""id"": ""1747870075916"", ""last_triggered"": ""2025-07-11T20:07:05.501361+00:00"", ""mode"": ""single"", ""current"": 0, ""friendly_name"": ""auto-banheiro""}"
2025-07-11T17:07:07.612437,sensor.arris_tg1692a_router_download_speed,0.00201446741750957,0.00234959310786022,"{""state_class"": ""measurement"", ""unit_of_measurement"": ""Mbit/s"", ""device_class"": ""data_rate"", ""friendly_name"": ""ARRIS TG1692A Router Download speed""}"
2025-07-11T17:07:07.614121,sensor.arris_tg1692a_router_upload_speed,0.00123790809532426,0.00129599619841115,"{""state_class"": ""measurement"", ""unit_of_measurement"": ""Mbit/s"", ""device_class"": ""data_rate"", ""friendly_name"": ""ARRIS TG1692A Router Upload speed""}"
2025-07-11T17:07:10.116544,automation.aut_status_bruno,on,on,"{""id"": ""1751855857509"", ""last_triggered"": ""2025-07-11T20:07:10.107664+00:00"", ""mode"": ""single"", ""current"": 1, ""friendly_name"": ""aut-status-bruno""}"
2025-07-11T17:07:10.119770,automation.aut_status_bruno,on,on,"{""id"": ""1751855857509"", ""last_triggered"": ""2025-07-11T20:07:10.107664+00:00"", ""mode"": ""single"", ""current"": 0, ""friendly_name"": ""aut-status-bruno""}"
2025-07-11T17:07:10.258608,automation.aut_lampada_quarto,on,on,"{""id"": ""1746067262247"", ""last_triggered"": ""2025-07-11T20:07:10.254623+00:00"", ""mode"": ""single"", ""current"": 1, ""friendly_name"": ""aut-quarto""}"
2025-07-11T17:07:10.260250,automation.aut_lampada_quarto,on,on,"{""id"": ""1746067262247"", ""last_triggered"": ""2025-07-11T20:07:10.254623+00:00"", ""mode"": ""single"", ""current"": 0, ""friendly_name"": ""aut-quarto""}"
2025-07-11T17:07:10.505352,automation.auto_banheiro,on,on,"{""id"": ""1747870075916"", ""last_triggered"": ""2025-07-11T20:07:10.500627+00:00"", ""mode"": ""single"", ""current"": 1, ""friendly_name"": ""auto-banheiro""}"
2025-07-11T17:07:10.506925,automation.auto_banheiro,on,on,"{""id"": ""1747870075916"", ""last_triggered"": ""2025-07-11T20:07:10.500627+00:00"", ""mode"": ""single"", ""current"": 0, ""friendly_name"": ""auto-banheiro""}"
2025-07-11T17:07:15.507016,automation.auto_banheiro,on,on,"{""id"": ""1747870075916"", ""last_triggered"": ""2025-07-11T20:07:15.500461+00:00"", ""mode"": ""single"", ""current"": 1, ""friendly_name"": ""auto-banheiro""}"
2025-07-11T17:07:15.509361,automation.auto_banheiro,on,on,"{""id"": ""1747870075916"", ""last_triggered"": ""2025-07-11T20:07:15.500461+00:00"", ""mode"": ""single"", ""current"": 0, ""friendly_name"": ""auto-banheiro""}"
2025-07-11T17:07:20.513883,automation.auto_banheiro,on,on,"{""id"": ""1747870075916"", ""last_triggered"": ""2025-07-11T20:07:20.500215+00:00"", ""mode"": ""single"", ""current"": 1, ""friendly_name"": ""auto-banheiro""}"
2025-07-11T17:07:20.515703,automation.auto_banheiro,on,on,"{""id"": ""1747870075916"", ""last_triggered"": ""2025-07-11T20:07:20.500215+00:00"", ""mode"": ""single"", ""current"": 0, ""friendly_name"": ""auto-banheiro""}"
2025-07-11T17:07:25.506514,automation.auto_banheiro,on,on,"{""id"": ""1747870075916"", ""last_triggered"": ""2025-07-11T20:07:25.499843+00:00"", ""mode"": ""single"", ""current"": 1, ""friendly_name"": ""auto-banheiro""}"
2025-07-11T17:07:25.508284,automation.auto_banheiro,on,on,"{""id"": ""1747870075916"", ""last_triggered"": ""2025-07-11T20:07:25.499843+00:00"", ""mode"": ""single"", ""current"": 0, ""friendly_name"": ""auto-banheiro""}"
2025-07-11T17:07:30.506121,automation.auto_banheiro,on,on,"{""id"": ""1747870075916"", ""last_triggered"": ""2025-07-11T20:07:30.499870+00:00"", ""mode"": ""single"", ""current"": 1, ""friendly_name"": ""auto-banheiro""}"
2025-07-11T17:07:30.507782,automation.auto_banheiro,on,on,"{""id"": ""1747870075916"", ""last_triggered"": ""2025-07-11T20:07:30.499870+00:00"", ""mode"": ""single"", ""current"": 0, ""friendly_name"": ""auto-banheiro""}"
2025-07-11T17:07:35.515903,automation.auto_banheiro,on,on,"{""id"": ""1747870075916"", ""last_triggered"": ""2025-07-11T20:07:35.500972+00:00"", ""mode"": ""single"", ""current"": 1, ""friendly_name"": ""auto-banheiro""}"
2025-07-11T17:07:35.521179,automation.auto_banheiro,on,on,"{""id"": ""1747870075916"", ""last_triggered"": ""2025-07-11T20:07:35.500972+00:00"", ""mode"": ""single"", ""current"": 0, ""friendly_name"": ""auto-banheiro""}"
2025-07-11T17:07:37.616054,sensor.arris_tg1692a_router_download_speed,0.00234959310786022,0.0025941401645691,"{""state_class"": ""measurement"", ""unit_of_measurement"": ""Mbit/s"", ""device_class"": ""data_rate"", ""friendly_name"": ""ARRIS TG1692A Router Download speed""}"
2025-07-11T17:07:37.618012,sensor.arris_tg1692a_router_upload_speed,0.00129599619841115,0.00159093752280214,"{""state_class"": ""measurement"", ""unit_of_measurement"": ""Mbit/s"", ""device_class"": ""data_rate"", ""friendly_name"": ""ARRIS TG1692A Router Upload speed""}"
2025-07-11T17:07:40.506472,automation.auto_banheiro,on,on,"{""id"": ""1747870075916"", ""last_triggered"": ""2025-07-11T20:07:40.501238+00:00"", ""mode"": ""single"", ""current"": 1, ""friendly_name"": ""auto-banheiro""}"
2025-07-11T17:07:40.508461,automation.auto_banheiro,on,on,"{""id"": ""1747870075916"", ""last_triggered"": ""2025-07-11T20:07:40.501238+00:00"", ""mode"": ""single"", ""current"": 0, ""friendly_name"": ""auto-banheiro""}"
2025-07-11T17:07:45.006954,sun.sun,above_horizon,above_horizon,"{""next_dawn"": ""2025-07-12T08:34:18.375179+00:00"", ""next_dusk"": ""2025-07-11T20:45:05.377064+00:00"", ""next_midnight"": ""2025-07-12T02:39:47+00:00"", ""next_noon"": ""2025-07-12T14:39:42+00:00"", ""next_rising"": ""2025-07-12T08:57:34.507646+00:00"", ""next_setting"": ""2025-07-11T20:21:48.212490+00:00"", ""elevation"": 2.63, ""azimuth"": 293.21, ""rising"": false, ""friendly_name"": ""Sun""}"
2025-07-11T17:07:45.505595,automation.auto_banheiro,on,on,"{""id"": ""1747870075916"", ""last_triggered"": ""2025-07-11T20:07:45.500322+00:00"", ""mode"": ""single"", ""current"": 1, ""friendly_name"": ""auto-banheiro""}"
2025-07-11T17:07:45.507999,automation.auto_banheiro,on,on,"{""id"": ""1747870075916"", ""last_triggered"": ""2025-07-11T20:07:45.500322+00:00"", ""mode"": ""single"", ""current"": 0, ""friendly_name"": ""auto-banheiro""}"
2025-07-11T17:07:50.510955,automation.auto_banheiro,on,on,"{""id"": ""1747870075916"", ""last_triggered"": ""2025-07-11T20:07:50.500632+00:00"", ""mode"": ""single"", ""current"": 1, ""friendly_name"": ""auto-banheiro""}"
2025-07-11T17:07:50.515058,automation.auto_banheiro,on,on,"{""id"": ""1747870075916"", ""last_triggered"": ""2025-07-11T20:07:50.500632+00:00"", ""mode"": ""single"", ""current"": 0, ""friendly_name"": ""auto-banheiro""}"
2025-07-11T17:07:55.504795,automation.auto_banheiro,on,on,"{""id"": ""1747870075916"", ""last_triggered"": ""2025-07-11T20:07:55.499950+00:00"", ""mode"": ""single"", ""current"": 1, ""friendly_name"": ""auto-banheiro""}"
2025-07-11T17:07:55.506394,automation.auto_banheiro,on,on,"{""id"": ""1747870075916"", ""last_triggered"": ""2025-07-11T20:07:55.499950+00:00"", ""mode"": ""single"", ""current"": 0, ""friendly_name"": ""auto-banheiro""}"
2025-07-11T17:08:00.506429,automation.auto_banheiro,on,on,"{""id"": ""1747870075916"", ""last_triggered"": ""2025-07-11T20:08:00.500491+00:00"", ""mode"": ""single"", ""current"": 1, ""friendly_name"": ""auto-banheiro""}"
2025-07-11T17:08:00.508310,automation.auto_banheiro,on,on,"{""id"": ""1747870075916"", ""last_triggered"": ""2025-07-11T20:08:00.500491+00:00"", ""mode"": ""single"", ""current"": 0, ""friendly_name"": ""auto-banheiro""}"
2025-07-11T17:08:05.505369,automation.auto_banheiro,on,on,"{""id"": ""1747870075916"", ""last_triggered"": ""2025-07-11T20:08:05.500471+00:00"", ""mode"": ""single"", ""current"": 1, ""friendly_name"": ""auto-banheiro""}"
2025-07-11T17:08:05.507028,automation.auto_banheiro,on,on,"{""id"": ""1747870075916"", ""last_triggered"": ""2025-07-11T20:08:05.500471+00:00"", ""mode"": ""single"", ""current"": 0, ""friendly_name"": ""auto-banheiro""}"
2025-07-11T17:08:07.622132,sensor.arris_tg1692a_router_download_speed,0.0025941401645691,0.00137167796326622,"{""state_class"": ""measurement"", ""unit_of_measurement"": ""Mbit/s"", ""device_class"": ""data_rate"", ""friendly_name"": ""ARRIS TG1692A Router Download speed""}"
2025-07-11T17:08:07.624208,sensor.arris_tg1692a_router_upload_speed,0.00159093752280214,0.00106209046028175,"{""state_class"": ""measurement"", ""unit_of_measurement"": ""Mbit/s"", ""device_class"": ""data_rate"", ""friendly_name"": ""ARRIS TG1692A Router Upload speed""}"
2025-07-11T17:08:10.114622,automation.aut_status_bruno,on,on,"{""id"": ""1751855857509"", ""last_triggered"": ""2025-07-11T20:08:10.107711+00:00"", ""mode"": ""single"", ""current"": 1, ""friendly_name"": ""aut-status-bruno""}"
2025-07-11T17:08:10.117013,automation.aut_status_bruno,on,on,"{""id"": ""1751855857509"", ""last_triggered"": ""2025-07-11T20:08:10.107711+00:00"", ""mode"": ""single"", ""current"": 0, ""friendly_name"": ""aut-status-bruno""}"
2025-07-11T17:08:10.259865,automation.aut_lampada_quarto,on,on,"{""id"": ""1746067262247"", ""last_triggered"": ""2025-07-11T20:08:10.255234+00:00"", ""mode"": ""single"", ""current"": 1, ""friendly_name"": ""aut-quarto""}"
2025-07-11T17:08:10.261377,automation.aut_lampada_quarto,on,on,"{""id"": ""1746067262247"", ""last_triggered"": ""2025-07-11T20:08:10.255234+00:00"", ""mode"": ""single"", ""current"": 0, ""friendly_name"": ""aut-quarto""}"
2025-07-11T17:08:10.515806,automation.auto_banheiro,on,on,"{""id"": ""1747870075916"", ""last_triggered"": ""2025-07-11T20:08:10.501060+00:00"", ""mode"": ""single"", ""current"": 1, ""friendly_name"": ""auto-banheiro""}"
2025-07-11T17:08:10.518416,automation.auto_banheiro,on,on,"{""id"": ""1747870075916"", ""last_triggered"": ""2025-07-11T20:08:10.501060+00:00"", ""mode"": ""single"", ""current"": 0, ""friendly_name"": ""auto-banheiro""}"
2025-07-11T17:08:15.505431,automation.auto_banheiro,on,on,"{""id"": ""1747870075916"", ""last_triggered"": ""2025-07-11T20:08:15.500694+00:00"", ""mode"": ""single"", ""current"": 1, ""friendly_name"": ""auto-banheiro""}"
2025-07-11T17:08:15.507095,automation.auto_banheiro,on,on,"{""id"": ""1747870075916"", ""last_triggered"": ""2025-07-11T20:08:15.500694+00:00"", ""mode"": ""single"", ""current"": 0, ""friendly_name"": ""auto-banheiro""}"
2025-07-11T17:08:20.510524,automation.auto_banheiro,on,on,"{""id"": ""1747870075916"", ""last_triggered"": ""2025-07-11T20:08:20.501693+00:00"", ""mode"": ""single"", ""current"": 1, ""friendly_name"": ""auto-banheiro""}"
2025-07-11T17:08:20.514076,automation.auto_banheiro,on,on,"{""id"": ""1747870075916"", ""last_triggered"": ""2025-07-11T20:08:20.501693+00:00"", ""mode"": ""single"", ""current"": 0, ""friendly_name"": ""auto-banheiro""}"
2025-07-11T17:08:25.507077,automation.auto_banheiro,on,on,"{""id"": ""1747870075916"", ""last_triggered"": ""2025-07-11T20:08:25.501422+00:00"", ""mode"": ""single"", ""current"": 1, ""friendly_name"": ""auto-banheiro""}"
2025-07-11T17:08:25.513921,automation.auto_banheiro,on,on,"{""id"": ""1747870075916"", ""last_triggered"": ""2025-07-11T20:08:25.501422+00:00"", ""mode"": ""single"", ""current"": 0, ""friendly_name"": ""auto-banheiro""}"
2025-07-11T17:08:30.517814,automation.auto_banheiro,on,on,"{""id"": ""1747870075916"", ""last_triggered"": ""2025-07-11T20:08:30.501275+00:00"", ""mode"": ""single"", ""current"": 1, ""friendly_name"": ""auto-banheiro""}"
2025-07-11T17:08:30.521246,automation.auto_banheiro,on,on,"{""id"": ""1747870075916"", ""last_triggered"": ""2025-07-11T20:08:30.501275+00:00"", ""mode"": ""single"", ""current"": 0, ""friendly_name"": ""auto-banheiro""}"
2025-07-11T17:08:35.505259,automation.auto_banheiro,on,on,"{""id"": ""1747870075916"", ""last_triggered"": ""2025-07-11T20:08:35.500390+00:00"", ""mode"": ""single"", ""current"": 1, ""friendly_name"": ""auto-banheiro""}"
2025-07-11T17:08:35.506860,automation.auto_banheiro,on,on,"{""id"": ""1747870075916"", ""last_triggered"": ""2025-07-11T20:08:35.500390+00:00"", ""mode"": ""single"", ""current"": 0, ""friendly_name"": ""auto-banheiro""}"
2025-07-11T17:08:37.610112,sensor.arris_tg1692a_router_download_speed,0.00137167796326622,0.00331503808853693,"{""state_class"": ""measurement"", ""unit_of_measurement"": ""Mbit/s"", ""device_class"": ""data_rate"", ""friendly_name"": ""ARRIS TG1692A Router Download speed""}"
2025-07-11T17:08:37.611891,sensor.arris_tg1692a_router_upload_speed,0.00106209046028175,0.0031950342964171,"{""state_class"": ""measurement"", ""unit_of_measurement"": ""Mbit/s"", ""device_class"": ""data_rate"", ""friendly_name"": ""ARRIS TG1692A Router Upload speed""}"
2025-07-11T17:08:40.515079,automation.auto_banheiro,on,on,"{""id"": ""1747870075916"", ""last_triggered"": ""2025-07-11T20:08:40.501331+00:00"", ""mode"": ""single"", ""current"": 1, ""friendly_name"": ""auto-banheiro""}"
2025-07-11T17:08:40.519929,automation.auto_banheiro,on,on,"{""id"": ""1747870075916"", ""last_triggered"": ""2025-07-11T20:08:40.501331+00:00"", ""mode"": ""single"", ""current"": 0, ""friendly_name"": ""auto-banheiro""}"
2025-07-11T17:08:45.506221,automation.auto_banheiro,on,on,"{""id"": ""1747870075916"", ""last_triggered"": ""2025-07-11T20:08:45.500670+00:00"", ""mode"": ""single"", ""current"": 1, ""friendly_name"": ""auto-banheiro""}"
2025-07-11T17:08:45.507871,automation.auto_banheiro,on,on,"{""id"": ""1747870075916"", ""last_triggered"": ""2025-07-11T20:08:45.500670+00:00"", ""mode"": ""single"", ""current"": 0, ""friendly_name"": ""auto-banheiro""}"
2025-07-11T17:08:50.505580,automation.auto_banheiro,on,on,"{""id"": ""1747870075916"", ""last_triggered"": ""2025-07-11T20:08:50.500792+00:00"", ""mode"": ""single"", ""current"": 1, ""friendly_name"": ""auto-banheiro""}"
2025-07-11T17:08:50.507171,automation.auto_banheiro,on,on,"{""id"": ""1747870075916"", ""last_triggered"": ""2025-07-11T20:08:50.500792+00:00"", ""mode"": ""single"", ""current"": 0, ""friendly_name"": ""auto-banheiro""}"
2025-07-11T17:08:55.514929,automation.auto_banheiro,on,on,"{""id"": ""1747870075916"", ""last_triggered"": ""2025-07-11T20:08:55.502478+00:00"", ""mode"": ""single"", ""current"": 1, ""friendly_name"": ""auto-banheiro""}"
2025-07-11T17:08:55.519870,automation.auto_banheiro,on,on,"{""id"": ""1747870075916"", ""last_triggered"": ""2025-07-11T20:08:55.502478+00:00"", ""mode"": ""single"", ""current"": 0, ""friendly_name"": ""auto-banheiro""}"
2025-07-11T17:09:00.504988,automation.auto_banheiro,on,on,"{""id"": ""1747870075916"", ""last_triggered"": ""2025-07-11T20:09:00.500259+00:00"", ""mode"": ""single"", ""current"": 1, ""friendly_name"": ""auto-banheiro""}"
2025-07-11T17:09:00.506605,automation.auto_banheiro,on,on,"{""id"": ""1747870075916"", ""last_triggered"": ""2025-07-11T20:09:00.500259+00:00"", ""mode"": ""single"", ""current"": 0, ""friendly_name"": ""auto-banheiro""}"
2025-07-11T17:09:05.506136,automation.auto_banheiro,on,on,"{""id"": ""1747870075916"", ""last_triggered"": ""2025-07-11T20:09:05.500431+00:00"", ""mode"": ""single"", ""current"": 1, ""friendly_name"": ""auto-banheiro""}"
2025-07-11T17:09:05.508824,automation.auto_banheiro,on,on,"{""id"": ""1747870075916"", ""last_triggered"": ""2025-07-11T20:09:05.500431+00:00"", ""mode"": ""single"", ""current"": 0, ""friendly_name"": ""auto-banheiro""}"
2025-07-11T17:09:07.612099,sensor.arris_tg1692a_router_download_speed,0.00331503808853693,0.00127600961260575,"{""state_class"": ""measurement"", ""unit_of_measurement"": ""Mbit/s"", ""device_class"": ""data_rate"", ""friendly_name"": ""ARRIS TG1692A Router Download speed""}"
2025-07-11T17:09:07.613766,sensor.arris_tg1692a_router_upload_speed,0.0031950342964171,0.000863739840173463,"{""state_class"": ""measurement"", ""unit_of_measurement"": ""Mbit/s"", ""device_class"": ""data_rate"", ""friendly_name"": ""ARRIS TG1692A Router Upload speed""}"
2025-07-11T17:09:10.124372,automation.aut_status_bruno,on,on,"{""id"": ""1751855857509"", ""last_triggered"": ""2025-07-11T20:09:10.108087+00:00"", ""mode"": ""single"", ""current"": 1, ""friendly_name"": ""aut-status-bruno""}"
2025-07-11T17:09:10.127522,automation.aut_status_bruno,on,on,"{""id"": ""1751855857509"", ""last_triggered"": ""2025-07-11T20:09:10.108087+00:00"", ""mode"": ""single"", ""current"": 0, ""friendly_name"": ""aut-status-bruno""}"
2025-07-11T17:09:10.261712,automation.aut_lampada_quarto,on,on,"{""id"": ""1746067262247"", ""last_triggered"": ""2025-07-11T20:09:10.255203+00:00"", ""mode"": ""single"", ""current"": 1, ""friendly_name"": ""aut-quarto""}"
2025-07-11T17:09:10.264290,automation.aut_lampada_quarto,on,on,"{""id"": ""1746067262247"", ""last_triggered"": ""2025-07-11T20:09:10.255203+00:00"", ""mode"": ""single"", ""current"": 0, ""friendly_name"": ""aut-quarto""}"
2025-07-11T17:09:10.515901,automation.auto_banheiro,on,on,"{""id"": ""1747870075916"", ""last_triggered"": ""2025-07-11T20:09:10.504959+00:00"", ""mode"": ""single"", ""current"": 1, ""friendly_name"": ""auto-banheiro""}"
2025-07-11T17:09:10.519760,automation.auto_banheiro,on,on,"{""id"": ""1747870075916"", ""last_triggered"": ""2025-07-11T20:09:10.504959+00:00"", ""mode"": ""single"", ""current"": 0, ""friendly_name"": ""auto-banheiro""}"
2025-07-11T17:09:15.505754,automation.auto_banheiro,on,on,"{""id"": ""1747870075916"", ""last_triggered"": ""2025-07-11T20:09:15.500850+00:00"", ""mode"": ""single"", ""current"": 1, ""friendly_name"": ""auto-banheiro""}"
2025-07-11T17:09:15.507460,automation.auto_banheiro,on,on,"{""id"": ""1747870075916"", ""last_triggered"": ""2025-07-11T20:09:15.500850+00:00"", ""mode"": ""single"", ""current"": 0, ""friendly_name"": ""auto-banheiro""}"
2025-07-11T17:09:20.506398,automation.auto_banheiro,on,on,"{""id"": ""1747870075916"", ""last_triggered"": ""2025-07-11T20:09:20.501585+00:00"", ""mode"": ""single"", ""current"": 1, ""friendly_name"": ""auto-banheiro""}"
2025-07-11T17:09:20.508120,automation.auto_banheiro,on,on,"{""id"": ""1747870075916"", ""last_triggered"": ""2025-07-11T20:09:20.501585+00:00"", ""mode"": ""single"", ""current"": 0, ""friendly_name"": ""auto-banheiro""}"
2025-07-11T17:09:24.976221,camera.192_168_0_33,idle,idle,"{""access_token"": ""acc8122eb0eddca5a8ded71b17445f294f2f9af416a8cbfc7b4c84fd2f17cb0c"", ""entity_picture"": ""/api/camera_proxy/camera.192_168_0_33?token=acc8122eb0eddca5a8ded71b17445f294f2f9af416a8cbfc7b4c84fd2f17cb0c"", ""friendly_name"": ""192_168_0_14"", ""supported_features"": 2}"
2025-07-11T17:09:24.980132,camera.admin_mainstream,idle,idle,"{""access_token"": ""dd6b42fe79c0396f0d4c4d087b9473094aff7b87f7c136ee2ae3e7bd6c094620"", ""entity_picture"": ""/api/camera_proxy/camera.admin_mainstream?token=dd6b42fe79c0396f0d4c4d087b9473094aff7b87f7c136ee2ae3e7bd6c094620"", ""friendly_name"": ""admin MainStream"", ""supported_features"": 2}"
2025-07-11T17:09:24.983909,camera.admin_substream,idle,idle,"{""access_token"": ""4e6c53475204bdee95623e9704e0be2bfaffff7e8a8ca209ba3d8f184ef480e2"", ""entity_picture"": ""/api/camera_proxy/camera.admin_substream?token=4e6c53475204bdee95623e9704e0be2bfaffff7e8a8ca209ba3d8f184ef480e2"", ""friendly_name"": ""admin SubStream"", ""supported_features"": 2}"
2025-07-11T17:09:25.521170,automation.auto_banheiro,on,on,"{""id"": ""1747870075916"", ""last_triggered"": ""2025-07-11T20:09:25.504538+00:00"", ""mode"": ""single"", ""current"": 1, ""friendly_name"": ""auto-banheiro""}"
2025-07-11T17:09:25.525808,automation.auto_banheiro,on,on,"{""id"": ""1747870075916"", ""last_triggered"": ""2025-07-11T20:09:25.504538+00:00"", ""mode"": ""single"", ""current"": 0, ""friendly_name"": ""auto-banheiro""}"
2025-07-11T17:09:30.504722,automation.auto_banheiro,on,on,"{""id"": ""1747870075916"", ""last_triggered"": ""2025-07-11T20:09:30.499887+00:00"", ""mode"": ""single"", ""current"": 1, ""friendly_name"": ""auto-banheiro""}"
2025-07-11T17:09:30.506383,automation.auto_banheiro,on,on,"{""id"": ""1747870075916"", ""last_triggered"": ""2025-07-11T20:09:30.499887+00:00"", ""mode"": ""single"", ""current"": 0, ""friendly_name"": ""auto-banheiro""}"
2025-07-11T17:09:35.505171,automation.auto_banheiro,on,on,"{""id"": ""1747870075916"", ""last_triggered"": ""2025-07-11T20:09:35.500036+00:00"", ""mode"": ""single"", ""current"": 1, ""friendly_name"": ""auto-banheiro""}"
2025-07-11T17:09:35.507045,automation.auto_banheiro,on,on,"{""id"": ""1747870075916"", ""last_triggered"": ""2025-07-11T20:09:35.500036+00:00"", ""mode"": ""single"", ""current"": 0, ""friendly_name"": ""auto-banheiro""}"
2025-07-11T17:09:37.615460,sensor.arris_tg1692a_router_download_speed,0.00127600961260575,0.00238765939548072,"{""state_class"": ""measurement"", ""unit_of_measurement"": ""Mbit/s"", ""device_class"": ""data_rate"", ""friendly_name"": ""ARRIS TG1692A Router Download speed""}"
2025-07-11T17:09:37.617425,sensor.arris_tg1692a_router_upload_speed,0.000863739840173463,0.00170741379375285,"{""state_class"": ""measurement"", ""unit_of_measurement"": ""Mbit/s"", ""device_class"": ""data_rate"", ""friendly_name"": ""ARRIS TG1692A Router Upload speed""}"
2025-07-11T17:09:40.505991,automation.auto_banheiro,on,on,"{""id"": ""1747870075916"", ""last_triggered"": ""2025-07-11T20:09:40.500395+00:00"", ""mode"": ""single"", ""current"": 1, ""friendly_name"": ""auto-banheiro""}"
2025-07-11T17:09:40.507619,automation.auto_banheiro,on,on,"{""id"": ""1747870075916"", ""last_triggered"": ""2025-07-11T20:09:40.500395+00:00"", ""mode"": ""single"", ""current"": 0, ""friendly_name"": ""auto-banheiro""}"
2025-07-11T17:09:45.007753,sun.sun,above_horizon,above_horizon,"{""next_dawn"": ""2025-07-12T08:34:18.375179+00:00"", ""next_dusk"": ""2025-07-11T20:45:05.377064+00:00"", ""next_midnight"": ""2025-07-12T02:39:47+00:00"", ""next_noon"": ""2025-07-12T14:39:42+00:00"", ""next_rising"": ""2025-07-12T08:57:34.507646+00:00"", ""next_setting"": ""2025-07-11T20:21:48.212490+00:00"", ""elevation"": 2.21, ""azimuth"": 293.09, ""rising"": false, ""friendly_name"": ""Sun""}"
2025-07-11T17:09:45.507157,automation.auto_banheiro,on,on,"{""id"": ""1747870075916"", ""last_triggered"": ""2025-07-11T20:09:45.500394+00:00"", ""mode"": ""single"", ""current"": 1, ""friendly_name"": ""auto-banheiro""}"
2025-07-11T17:09:45.508741,automation.auto_banheiro,on,on,"{""id"": ""1747870075916"", ""last_triggered"": ""2025-07-11T20:09:45.500394+00:00"", ""mode"": ""single"", ""current"": 0, ""friendly_name"": ""auto-banheiro""}"
2025-07-11T17:09:50.506443,automation.auto_banheiro,on,on,"{""id"": ""1747870075916"", ""last_triggered"": ""2025-07-11T20:09:50.500775+00:00"", ""mode"": ""single"", ""current"": 1, ""friendly_name"": ""auto-banheiro""}"
2025-07-11T17:09:50.508124,automation.auto_banheiro,on,on,"{""id"": ""1747870075916"", ""last_triggered"": ""2025-07-11T20:09:50.500775+00:00"", ""mode"": ""single"", ""current"": 0, ""friendly_name"": ""auto-banheiro""}"
2025-07-11T17:09:55.514361,automation.auto_banheiro,on,on,"{""id"": ""1747870075916"", ""last_triggered"": ""2025-07-11T20:09:55.500212+00:00"", ""mode"": ""single"", ""current"": 1, ""friendly_name"": ""auto-banheiro""}"
2025-07-11T17:09:55.520461,automation.auto_banheiro,on,on,"{""id"": ""1747870075916"", ""last_triggered"": ""2025-07-11T20:09:55.500212+00:00"", ""mode"": ""single"", ""current"": 0, ""friendly_name"": ""auto-banheiro""}"
2025-07-11T17:10:00.509310,automation.auto_banheiro,on,on,"{""id"": ""1747870075916"", ""last_triggered"": ""2025-07-11T20:10:00.500641+00:00"", ""mode"": ""single"", ""current"": 1, ""friendly_name"": ""auto-banheiro""}"
2025-07-11T17:10:00.512652,automation.automacao_cortina,on,on,"{""id"": ""1747703519499"", ""last_triggered"": ""2025-07-11T20:10:00.501582+00:00"", ""mode"": ""single"", ""current"": 1, ""friendly_name"": ""automacao-cortina""}"
2025-07-11T17:10:00.516429,automation.auto_banheiro,on,on,"{""id"": ""1747870075916"", ""last_triggered"": ""2025-07-11T20:10:00.500641+00:00"", ""mode"": ""single"", ""current"": 0, ""friendly_name"": ""auto-banheiro""}"
2025-07-11T17:10:01.209504,automation.automacao_cortina,on,on,"{""id"": ""1747703519499"", ""last_triggered"": ""2025-07-11T20:10:00.501582+00:00"", ""mode"": ""single"", ""current"": 0, ""friendly_name"": ""automacao-cortina""}"
2025-07-11T17:10:05.531596,automation.auto_banheiro,on,on,"{""id"": ""1747870075916"", ""last_triggered"": ""2025-07-11T20:10:05.506052+00:00"", ""mode"": ""single"", ""current"": 1, ""friendly_name"": ""auto-banheiro""}"
2025-07-11T17:10:05.535717,automation.auto_banheiro,on,on,"{""id"": ""1747870075916"", ""last_triggered"": ""2025-07-11T20:10:05.506052+00:00"", ""mode"": ""single"", ""current"": 0, ""friendly_name"": ""auto-banheiro""}"
2025-07-11T17:10:07.622297,sensor.arris_tg1692a_router_download_speed,0.00238765939548072,0.00340832188148115,"{""state_class"": ""measurement"", ""unit_of_measurement"": ""Mbit/s"", ""device_class"": ""data_rate"", ""friendly_name"": ""ARRIS TG1692A Router Download speed""}"
2025-07-11T17:10:07.625979,sensor.arris_tg1692a_router_upload_speed,0.00170741379375285,0.00155549186563489,"{""state_class"": ""measurement"", ""unit_of_measurement"": ""Mbit/s"", ""device_class"": ""data_rate"", ""friendly_name"": ""ARRIS TG1692A Router Upload speed""}"
2025-07-11T17:10:10.115267,automation.aut_status_bruno,on,on,"{""id"": ""1751855857509"", ""last_triggered"": ""2025-07-11T20:10:10.108075+00:00"", ""mode"": ""single"", ""current"": 1, ""friendly_name"": ""aut-status-bruno""}"
2025-07-11T17:10:10.117417,automation.aut_status_bruno,on,on,"{""id"": ""1751855857509"", ""last_triggered"": ""2025-07-11T20:10:10.108075+00:00"", ""mode"": ""single"", ""current"": 0, ""friendly_name"": ""aut-status-bruno""}"
2025-07-11T17:10:10.259052,automation.aut_lampada_quarto,on,on,"{""id"": ""1746067262247"", ""last_triggered"": ""2025-07-11T20:10:10.255074+00:00"", ""mode"": ""single"", ""current"": 1, ""friendly_name"": ""aut-quarto""}"
2025-07-11T17:10:10.260644,automation.aut_lampada_quarto,on,on,"{""id"": ""1746067262247"", ""last_triggered"": ""2025-07-11T20:10:10.255074+00:00"", ""mode"": ""single"", ""current"": 0, ""friendly_name"": ""aut-quarto""}"
2025-07-11T17:10:10.505543,automation.auto_banheiro,on,on,"{""id"": ""1747870075916"", ""last_triggered"": ""2025-07-11T20:10:10.500676+00:00"", ""mode"": ""single"", ""current"": 1, ""friendly_name"": ""auto-banheiro""}"
2025-07-11T17:10:10.507172,automation.auto_banheiro,on,on,"{""id"": ""1747870075916"", ""last_triggered"": ""2025-07-11T20:10:10.500676+00:00"", ""mode"": ""single"", ""current"": 0, ""friendly_name"": ""auto-banheiro""}"
2025-07-11T17:10:15.521638,automation.auto_banheiro,on,on,"{""id"": ""1747870075916"", ""last_triggered"": ""2025-07-11T20:10:15.502230+00:00"", ""mode"": ""single"", ""current"": 1, ""friendly_name"": ""auto-banheiro""}"
2025-07-11T17:10:15.525259,automation.auto_banheiro,on,on,"{""id"": ""1747870075916"", ""last_triggered"": ""2025-07-11T20:10:15.502230+00:00"", ""mode"": ""single"", ""current"": 0, ""friendly_name"": ""auto-banheiro""}"
2025-07-11T17:10:20.506167,automation.auto_banheiro,on,on,"{""id"": ""1747870075916"", ""last_triggered"": ""2025-07-11T20:10:20.500219+00:00"", ""mode"": ""single"", ""current"": 1, ""friendly_name"": ""auto-banheiro""}"
2025-07-11T17:10:20.508108,automation.auto_banheiro,on,on,"{""id"": ""1747870075916"", ""last_triggered"": ""2025-07-11T20:10:20.500219+00:00"", ""mode"": ""single"", ""current"": 0, ""friendly_name"": ""auto-banheiro""}"
2025-07-11T17:10:25.507031,automation.auto_banheiro,on,on,"{""id"": ""1747870075916"", ""last_triggered"": ""2025-07-11T20:10:25.500183+00:00"", ""mode"": ""single"", ""current"": 1, ""friendly_name"": ""auto-banheiro""}"
2025-07-11T17:10:25.509523,automation.auto_banheiro,on,on,"{""id"": ""1747870075916"", ""last_triggered"": ""2025-07-11T20:10:25.500183+00:00"", ""mode"": ""single"", ""current"": 0, ""friendly_name"": ""auto-banheiro""}"
2025-07-11T17:10:30.506379,automation.auto_banheiro,on,on,"{""id"": ""1747870075916"", ""last_triggered"": ""2025-07-11T20:10:30.500143+00:00"", ""mode"": ""single"", ""current"": 1, ""friendly_name"": ""auto-banheiro""}"
2025-07-11T17:10:30.513631,automation.auto_banheiro,on,on,"{""id"": ""1747870075916"", ""last_triggered"": ""2025-07-11T20:10:30.500143+00:00"", ""mode"": ""single"", ""current"": 0, ""friendly_name"": ""auto-banheiro""}"
2025-07-11T17:10:35.511734,automation.auto_banheiro,on,on,"{""id"": ""1747870075916"", ""last_triggered"": ""2025-07-11T20:10:35.500507+00:00"", ""mode"": ""single"", ""current"": 1, ""friendly_name"": ""auto-banheiro""}"
2025-07-11T17:10:35.515409,automation.auto_banheiro,on,on,"{""id"": ""1747870075916"", ""last_triggered"": ""2025-07-11T20:10:35.500507+00:00"", ""mode"": ""single"", ""current"": 0, ""friendly_name"": ""auto-banheiro""}"
2025-07-11T17:10:37.624734,sensor.arris_tg1692a_router_download_speed,0.00340832188148115,0.00255361472584492,"{""state_class"": ""measurement"", ""unit_of_measurement"": ""Mbit/s"", ""device_class"": ""data_rate"", ""friendly_name"": ""ARRIS TG1692A Router Download speed""}"
2025-07-11T17:10:37.627641,sensor.arris_tg1692a_router_upload_speed,0.00155549186563489,0.00170534316747893,"{""state_class"": ""measurement"", ""unit_of_measurement"": ""Mbit/s"", ""device_class"": ""data_rate"", ""friendly_name"": ""ARRIS TG1692A Router Upload speed""}"
2025-07-11T17:10:40.504738,automation.auto_banheiro,on,on,"{""id"": ""1747870075916"", ""last_triggered"": ""2025-07-11T20:10:40.499906+00:00"", ""mode"": ""single"", ""current"": 1, ""friendly_name"": ""auto-banheiro""}"
2025-07-11T17:10:40.506907,automation.auto_banheiro,on,on,"{""id"": ""1747870075916"", ""last_triggered"": ""2025-07-11T20:10:40.499906+00:00"", ""mode"": ""single"", ""current"": 0, ""friendly_name"": ""auto-banheiro""}"
2025-07-11T17:10:45.511678,automation.auto_banheiro,on,on,"{""id"": ""1747870075916"", ""last_triggered"": ""2025-07-11T20:10:45.500988+00:00"", ""mode"": ""single"", ""current"": 1, ""friendly_name"": ""auto-banheiro""}"
2025-07-11T17:10:45.515214,automation.auto_banheiro,on,on,"{""id"": ""1747870075916"", ""last_triggered"": ""2025-07-11T20:10:45.500988+00:00"", ""mode"": ""single"", ""current"": 0, ""friendly_name"": ""auto-banheiro""}"
2025-07-11T17:10:50.505587,automation.auto_banheiro,on,on,"{""id"": ""1747870075916"", ""last_triggered"": ""2025-07-11T20:10:50.500166+00:00"", ""mode"": ""single"", ""current"": 1, ""friendly_name"": ""auto-banheiro""}"
2025-07-11T17:10:50.507395,automation.auto_banheiro,on,on,"{""id"": ""1747870075916"", ""last_triggered"": ""2025-07-11T20:10:50.500166+00:00"", ""mode"": ""single"", ""current"": 0, ""friendly_name"": ""auto-banheiro""}"
2025-07-11T17:10:55.506314,automation.auto_banheiro,on,on,"{""id"": ""1747870075916"", ""last_triggered"": ""2025-07-11T20:10:55.500836+00:00"", ""mode"": ""single"", ""current"": 1, ""friendly_name"": ""auto-banheiro""}"
2025-07-11T17:10:55.508506,automation.auto_banheiro,on,on,"{""id"": ""1747870075916"", ""last_triggered"": ""2025-07-11T20:10:55.500836+00:00"", ""mode"": ""single"", ""current"": 0, ""friendly_name"": ""auto-banheiro""}"
2025-07-11T17:11:00.505122,automation.auto_banheiro,on,on,"{""id"": ""1747870075916"", ""last_triggered"": ""2025-07-11T20:11:00.500186+00:00"", ""mode"": ""single"", ""current"": 1, ""friendly_name"": ""auto-banheiro""}"
2025-07-11T17:11:00.507213,automation.auto_banheiro,on,on,"{""id"": ""1747870075916"", ""last_triggered"": ""2025-07-11T20:11:00.500186+00:00"", ""mode"": ""single"", ""current"": 0, ""friendly_name"": ""auto-banheiro""}"
2025-07-11T17:11:05.524844,automation.auto_banheiro,on,on,"{""id"": ""1747870075916"", ""last_triggered"": ""2025-07-11T20:11:05.500697+00:00"", ""mode"": ""single"", ""current"": 1, ""friendly_name"": ""auto-banheiro""}"
2025-07-11T17:11:05.528290,automation.auto_banheiro,on,on,"{""id"": ""1747870075916"", ""last_triggered"": ""2025-07-11T20:11:05.500697+00:00"", ""mode"": ""single"", ""current"": 0, ""friendly_name"": ""auto-banheiro""}"
2025-07-11T17:11:07.622584,sensor.arris_tg1692a_router_download_speed,0.00255361472584492,0.00188348506203744,"{""state_class"": ""measurement"", ""unit_of_measurement"": ""Mbit/s"", ""device_class"": ""data_rate"", ""friendly_name"": ""ARRIS TG1692A Router Download speed""}"
2025-07-11T17:11:07.624327,sensor.arris_tg1692a_router_upload_speed,0.00170534316747893,0.00154588176477857,"{""state_class"": ""measurement"", ""unit_of_measurement"": ""Mbit/s"", ""device_class"": ""data_rate"", ""friendly_name"": ""ARRIS TG1692A Router Upload speed""}"
2025-07-11T17:11:10.115117,automation.aut_status_bruno,on,on,"{""id"": ""1751855857509"", ""last_triggered"": ""2025-07-11T20:11:10.108034+00:00"", ""mode"": ""single"", ""current"": 1, ""friendly_name"": ""aut-status-bruno""}"
2025-07-11T17:11:10.117568,automation.aut_status_bruno,on,on,"{""id"": ""1751855857509"", ""last_triggered"": ""2025-07-11T20:11:10.108034+00:00"", ""mode"": ""single"", ""current"": 0, ""friendly_name"": ""aut-status-bruno""}"
2025-07-11T17:11:10.259820,automation.aut_lampada_quarto,on,on,"{""id"": ""1746067262247"", ""last_triggered"": ""2025-07-11T20:11:10.255061+00:00"", ""mode"": ""single"", ""current"": 1, ""friendly_name"": ""aut-quarto""}"
2025-07-11T17:11:10.261350,automation.aut_lampada_quarto,on,on,"{""id"": ""1746067262247"", ""last_triggered"": ""2025-07-11T20:11:10.255061+00:00"", ""mode"": ""single"", ""current"": 0, ""friendly_name"": ""aut-quarto""}"
2025-07-11T17:11:10.509663,automation.auto_banheiro,on,on,"{""id"": ""1747870075916"", ""last_triggered"": ""2025-07-11T20:11:10.500196+00:00"", ""mode"": ""single"", ""current"": 1, ""friendly_name"": ""auto-banheiro""}"
2025-07-11T17:11:10.513010,automation.auto_banheiro,on,on,"{""id"": ""1747870075916"", ""last_triggered"": ""2025-07-11T20:11:10.500196+00:00"", ""mode"": ""single"", ""current"": 0, ""friendly_name"": ""auto-banheiro""}"
2025-07-11T17:11:15.505086,automation.auto_banheiro,on,on,"{""id"": ""1747870075916"", ""last_triggered"": ""2025-07-11T20:11:15.500360+00:00"", ""mode"": ""single"", ""current"": 1, ""friendly_name"": ""auto-banheiro""}"
2025-07-11T17:11:15.506704,automation.auto_banheiro,on,on,"{""id"": ""1747870075916"", ""last_triggered"": ""2025-07-11T20:11:15.500360+00:00"", ""mode"": ""single"", ""current"": 0, ""friendly_name"": ""auto-banheiro""}"
2025-07-11T17:11:20.511742,automation.auto_banheiro,on,on,"{""id"": ""1747870075916"", ""last_triggered"": ""2025-07-11T20:11:20.501035+00:00"", ""mode"": ""single"", ""current"": 1, ""friendly_name"": ""auto-banheiro""}"
2025-07-11T17:11:20.517427,automation.auto_banheiro,on,on,"{""id"": ""1747870075916"", ""last_triggered"": ""2025-07-11T20:11:20.501035+00:00"", ""mode"": ""single"", ""current"": 0, ""friendly_name"": ""auto-banheiro""}"
2025-07-11T17:11:25.505741,automation.auto_banheiro,on,on,"{""id"": ""1747870075916"", ""last_triggered"": ""2025-07-11T20:11:25.500938+00:00"", ""mode"": ""single"", ""current"": 1, ""friendly_name"": ""auto-banheiro""}"
2025-07-11T17:11:25.507556,automation.auto_banheiro,on,on,"{""id"": ""1747870075916"", ""last_triggered"": ""2025-07-11T20:11:25.500938+00:00"", ""mode"": ""single"", ""current"": 0, ""friendly_name"": ""auto-banheiro""}"
2025-07-11T17:11:30.509822,automation.auto_banheiro,on,on,"{""id"": ""1747870075916"", ""last_triggered"": ""2025-07-11T20:11:30.500533+00:00"", ""mode"": ""single"", ""current"": 1, ""friendly_name"": ""auto-banheiro""}"
2025-07-11T17:11:30.513249,automation.auto_banheiro,on,on,"{""id"": ""1747870075916"", ""last_triggered"": ""2025-07-11T20:11:30.500533+00:00"", ""mode"": ""single"", ""current"": 0, ""friendly_name"": ""auto-banheiro""}"
2025-07-11T17:11:35.509215,automation.auto_banheiro,on,on,"{""id"": ""1747870075916"", ""last_triggered"": ""2025-07-11T20:11:35.500729+00:00"", ""mode"": ""single"", ""current"": 1, ""friendly_name"": ""auto-banheiro""}"
2025-07-11T17:11:35.513047,automation.auto_banheiro,on,on,"{""id"": ""1747870075916"", ""last_triggered"": ""2025-07-11T20:11:35.500729+00:00"", ""mode"": ""single"", ""current"": 0, ""friendly_name"": ""auto-banheiro""}"
2025-07-11T17:11:37.629955,sensor.arris_tg1692a_router_download_speed,0.00188348506203744,0.00237437965948092,"{""state_class"": ""measurement"", ""unit_of_measurement"": ""Mbit/s"", ""device_class"": ""data_rate"", ""friendly_name"": ""ARRIS TG1692A Router Download speed""}"
2025-07-11T17:11:37.632987,sensor.arris_tg1692a_router_upload_speed,0.00154588176477857,0.00167705229991863,"{""state_class"": ""measurement"", ""unit_of_measurement"": ""Mbit/s"", ""device_class"": ""data_rate"", ""friendly_name"": ""ARRIS TG1692A Router Upload speed""}"
2025-07-11T17:11:40.506367,automation.auto_banheiro,on,on,"{""id"": ""1747870075916"", ""last_triggered"": ""2025-07-11T20:11:40.500177+00:00"", ""mode"": ""single"", ""current"": 1, ""friendly_name"": ""auto-banheiro""}"
2025-07-11T17:11:40.508267,automation.auto_banheiro,on,on,"{""id"": ""1747870075916"", ""last_triggered"": ""2025-07-11T20:11:40.500177+00:00"", ""mode"": ""single"", ""current"": 0, ""friendly_name"": ""auto-banheiro""}"
2025-07-11T17:11:45.008167,sun.sun,above_horizon,above_horizon,"{""next_dawn"": ""2025-07-12T08:34:18.375179+00:00"", ""next_dusk"": ""2025-07-11T20:45:05.377064+00:00"", ""next_midnight"": ""2025-07-12T02:39:47+00:00"", ""next_noon"": ""2025-07-12T14:39:42+00:00"", ""next_rising"": ""2025-07-12T08:57:34.507646+00:00"", ""next_setting"": ""2025-07-11T20:21:48.212490+00:00"", ""elevation"": 1.79, ""azimuth"": 292.97, ""rising"": false, ""friendly_name"": ""Sun""}"
2025-07-11T17:11:45.506317,automation.auto_banheiro,on,on,"{""id"": ""1747870075916"", ""last_triggered"": ""2025-07-11T20:11:45.500504+00:00"", ""mode"": ""single"", ""current"": 1, ""friendly_name"": ""auto-banheiro""}"
2025-07-11T17:11:45.508399,automation.auto_banheiro,on,on,"{""id"": ""1747870075916"", ""last_triggered"": ""2025-07-11T20:11:45.500504+00:00"", ""mode"": ""single"", ""current"": 0, ""friendly_name"": ""auto-banheiro""}"
2025-07-11T17:11:50.505128,automation.auto_banheiro,on,on,"{""id"": ""1747870075916"", ""last_triggered"": ""2025-07-11T20:11:50.500312+00:00"", ""mode"": ""single"", ""current"": 1, ""friendly_name"": ""auto-banheiro""}"
2025-07-11T17:11:50.506729,automation.auto_banheiro,on,on,"{""id"": ""1747870075916"", ""last_triggered"": ""2025-07-11T20:11:50.500312+00:00"", ""mode"": ""single"", ""current"": 0, ""friendly_name"": ""auto-banheiro""}"
2025-07-11T17:11:55.511116,automation.auto_banheiro,on,on,"{""id"": ""1747870075916"", ""last_triggered"": ""2025-07-11T20:11:55.501822+00:00"", ""mode"": ""single"", ""current"": 1, ""friendly_name"": ""auto-banheiro""}"
2025-07-11T17:11:55.513035,automation.auto_banheiro,on,on,"{""id"": ""1747870075916"", ""last_triggered"": ""2025-07-11T20:11:55.501822+00:00"", ""mode"": ""single"", ""current"": 0, ""friendly_name"": ""auto-banheiro""}"
2025-07-11T17:12:00.505085,automation.auto_banheiro,on,on,"{""id"": ""1747870075916"", ""last_triggered"": ""2025-07-11T20:12:00.499926+00:00"", ""mode"": ""single"", ""current"": 1, ""friendly_name"": ""auto-banheiro""}"
2025-07-11T17:12:00.506909,automation.auto_banheiro,on,on,"{""id"": ""1747870075916"", ""last_triggered"": ""2025-07-11T20:12:00.499926+00:00"", ""mode"": ""single"", ""current"": 0, ""friendly_name"": ""auto-banheiro""}"
2025-07-11T17:12:05.515387,automation.auto_banheiro,on,on,"{""id"": ""1747870075916"", ""last_triggered"": ""2025-07-11T20:12:05.502160+00:00"", ""mode"": ""single"", ""current"": 1, ""friendly_name"": ""auto-banheiro""}"
2025-07-11T17:12:05.520385,automation.auto_banheiro,on,on,"{""id"": ""1747870075916"", ""last_triggered"": ""2025-07-11T20:12:05.502160+00:00"", ""mode"": ""single"", ""current"": 0, ""friendly_name"": ""auto-banheiro""}"
2025-07-11T17:12:07.624876,sensor.arris_tg1692a_router_download_speed,0.00237437965948092,0.00237509525829911,"{""state_class"": ""measurement"", ""unit_of_measurement"": ""Mbit/s"", ""device_class"": ""data_rate"", ""friendly_name"": ""ARRIS TG1692A Router Download speed""}"
2025-07-11T17:12:07.629043,sensor.arris_tg1692a_router_upload_speed,0.00167705229991863,0.00121487975713604,"{""state_class"": ""measurement"", ""unit_of_measurement"": ""Mbit/s"", ""device_class"": ""data_rate"", ""friendly_name"": ""ARRIS TG1692A Router Upload speed""}"
2025-07-11T17:12:10.116650,automation.aut_status_bruno,on,on,"{""id"": ""1751855857509"", ""last_triggered"": ""2025-07-11T20:12:10.108133+00:00"", ""mode"": ""single"", ""current"": 1, ""friendly_name"": ""aut-status-bruno""}"
2025-07-11T17:12:10.118708,automation.aut_status_bruno,on,on,"{""id"": ""1751855857509"", ""last_triggered"": ""2025-07-11T20:12:10.108133+00:00"", ""mode"": ""single"", ""current"": 0, ""friendly_name"": ""aut-status-bruno""}"
2025-07-11T17:12:10.260090,automation.aut_lampada_quarto,on,on,"{""id"": ""1746067262247"", ""last_triggered"": ""2025-07-11T20:12:10.254490+00:00"", ""mode"": ""single"", ""current"": 1, ""friendly_name"": ""aut-quarto""}"
2025-07-11T17:12:10.261507,automation.aut_lampada_quarto,on,on,"{""id"": ""1746067262247"", ""last_triggered"": ""2025-07-11T20:12:10.254490+00:00"", ""mode"": ""single"", ""current"": 0, ""friendly_name"": ""aut-quarto""}"
2025-07-11T17:12:10.506291,automation.auto_banheiro,on,on,"{""id"": ""1747870075916"", ""last_triggered"": ""2025-07-11T20:12:10.500716+00:00"", ""mode"": ""single"", ""current"": 1, ""friendly_name"": ""auto-banheiro""}"
2025-07-11T17:12:10.508484,automation.auto_banheiro,on,on,"{""id"": ""1747870075916"", ""last_triggered"": ""2025-07-11T20:12:10.500716+00:00"", ""mode"": ""single"", ""current"": 0, ""friendly_name"": ""auto-banheiro""}"
2025-07-11T17:12:15.505625,automation.auto_banheiro,on,on,"{""id"": ""1747870075916"", ""last_triggered"": ""2025-07-11T20:12:15.500164+00:00"", ""mode"": ""single"", ""current"": 1, ""friendly_name"": ""auto-banheiro""}"
2025-07-11T17:12:15.507227,automation.auto_banheiro,on,on,"{""id"": ""1747870075916"", ""last_triggered"": ""2025-07-11T20:12:15.500164+00:00"", ""mode"": ""single"", ""current"": 0, ""friendly_name"": ""auto-banheiro""}"
2025-07-11T17:12:20.506668,automation.auto_banheiro,on,on,"{""id"": ""1747870075916"", ""last_triggered"": ""2025-07-11T20:12:20.500043+00:00"", ""mode"": ""single"", ""current"": 1, ""friendly_name"": ""auto-banheiro""}"
2025-07-11T17:12:20.508404,automation.auto_banheiro,on,on,"{""id"": ""1747870075916"", ""last_triggered"": ""2025-07-11T20:12:20.500043+00:00"", ""mode"": ""single"", ""current"": 0, ""friendly_name"": ""auto-banheiro""}"
2025-07-11T17:12:25.505605,automation.auto_banheiro,on,on,"{""id"": ""1747870075916"", ""last_triggered"": ""2025-07-11T20:12:25.500706+00:00"", ""mode"": ""single"", ""current"": 1, ""friendly_name"": ""auto-banheiro""}"
2025-07-11T17:12:25.512916,automation.auto_banheiro,on,on,"{""id"": ""1747870075916"", ""last_triggered"": ""2025-07-11T20:12:25.500706+00:00"", ""mode"": ""single"", ""current"": 0, ""friendly_name"": ""auto-banheiro""}"
2025-07-11T17:12:30.505454,automation.auto_banheiro,on,on,"{""id"": ""1747870075916"", ""last_triggered"": ""2025-07-11T20:12:30.500672+00:00"", ""mode"": ""single"", ""current"": 1, ""friendly_name"": ""auto-banheiro""}"
2025-07-11T17:12:30.507267,automation.auto_banheiro,on,on,"{""id"": ""1747870075916"", ""last_triggered"": ""2025-07-11T20:12:30.500672+00:00"", ""mode"": ""single"", ""current"": 0, ""friendly_name"": ""auto-banheiro""}"
2025-07-11T17:12:35.532550,automation.auto_banheiro,on,on,"{""id"": ""1747870075916"", ""last_triggered"": ""2025-07-11T20:12:35.500958+00:00"", ""mode"": ""single"", ""current"": 1, ""friendly_name"": ""auto-banheiro""}"
2025-07-11T17:12:35.536674,automation.auto_banheiro,on,on,"{""id"": ""1747870075916"", ""last_triggered"": ""2025-07-11T20:12:35.500958+00:00"", ""mode"": ""single"", ""current"": 0, ""friendly_name"": ""auto-banheiro""}"
2025-07-11T17:12:37.633412,sensor.arris_tg1692a_router_download_speed,0.00237509525829911,0.00212727743289856,"{""state_class"": ""measurement"", ""unit_of_measurement"": ""Mbit/s"", ""device_class"": ""data_rate"", ""friendly_name"": ""ARRIS TG1692A Router Download speed""}"
2025-07-11T17:12:37.637041,sensor.arris_tg1692a_router_upload_speed,0.00121487975713604,0.00141391813328672,"{""state_class"": ""measurement"", ""unit_of_measurement"": ""Mbit/s"", ""device_class"": ""data_rate"", ""friendly_name"": ""ARRIS TG1692A Router Upload speed""}"
2025-07-11T17:12:40.505585,automation.auto_banheiro,on,on,"{""id"": ""1747870075916"", ""last_triggered"": ""2025-07-11T20:12:40.500703+00:00"", ""mode"": ""single"", ""current"": 1, ""friendly_name"": ""auto-banheiro""}"
2025-07-11T17:12:40.507997,automation.auto_banheiro,on,on,"{""id"": ""1747870075916"", ""last_triggered"": ""2025-07-11T20:12:40.500703+00:00"", ""mode"": ""single"", ""current"": 0, ""friendly_name"": ""auto-banheiro""}"
2025-07-11T17:12:45.505263,automation.auto_banheiro,on,on,"{""id"": ""1747870075916"", ""last_triggered"": ""2025-07-11T20:12:45.500486+00:00"", ""mode"": ""single"", ""current"": 1, ""friendly_name"": ""auto-banheiro""}"
2025-07-11T17:12:45.506939,automation.auto_banheiro,on,on,"{""id"": ""1747870075916"", ""last_triggered"": ""2025-07-11T20:12:45.500486+00:00"", ""mode"": ""single"", ""current"": 0, ""friendly_name"": ""auto-banheiro""}"
2025-07-11T17:12:50.520429,automation.auto_banheiro,on,on,"{""id"": ""1747870075916"", ""last_triggered"": ""2025-07-11T20:12:50.502249+00:00"", ""mode"": ""single"", ""current"": 1, ""friendly_name"": ""auto-banheiro""}"
2025-07-11T17:12:50.524922,automation.auto_banheiro,on,on,"{""id"": ""1747870075916"", ""last_triggered"": ""2025-07-11T20:12:50.502249+00:00"", ""mode"": ""single"", ""current"": 0, ""friendly_name"": ""auto-banheiro""}"
2025-07-11T17:12:55.506302,automation.auto_banheiro,on,on,"{""id"": ""1747870075916"", ""last_triggered"": ""2025-07-11T20:12:55.500735+00:00"", ""mode"": ""single"", ""current"": 1, ""friendly_name"": ""auto-banheiro""}"
2025-07-11T17:12:55.508179,automation.auto_banheiro,on,on,"{""id"": ""1747870075916"", ""last_triggered"": ""2025-07-11T20:12:55.500735+00:00"", ""mode"": ""single"", ""current"": 0, ""friendly_name"": ""auto-banheiro""}"
2025-07-11T17:13:00.505117,automation.auto_banheiro,on,on,"{""id"": ""1747870075916"", ""last_triggered"": ""2025-07-11T20:13:00.499903+00:00"", ""mode"": ""single"", ""current"": 1, ""friendly_name"": ""auto-banheiro""}"
2025-07-11T17:13:00.507074,automation.auto_banheiro,on,on,"{""id"": ""1747870075916"", ""last_triggered"": ""2025-07-11T20:13:00.499903+00:00"", ""mode"": ""single"", ""current"": 0, ""friendly_name"": ""auto-banheiro""}"
2025-07-11T17:13:05.534623,automation.auto_banheiro,on,on,"{""id"": ""1747870075916"", ""last_triggered"": ""2025-07-11T20:13:05.501363+00:00"", ""mode"": ""single"", ""current"": 1, ""friendly_name"": ""auto-banheiro""}"
2025-07-11T17:13:05.540913,automation.auto_banheiro,on,on,"{""id"": ""1747870075916"", ""last_triggered"": ""2025-07-11T20:13:05.501363+00:00"", ""mode"": ""single"", ""current"": 0, ""friendly_name"": ""auto-banheiro""}"
2025-07-11T17:13:07.620037,sensor.arris_tg1692a_router_download_speed,0.00212727743289856,0.00124693270986698,"{""state_class"": ""measurement"", ""unit_of_measurement"": ""Mbit/s"", ""device_class"": ""data_rate"", ""friendly_name"": ""ARRIS TG1692A Router Download speed""}"
2025-07-11T17:13:07.623057,sensor.arris_tg1692a_router_upload_speed,0.00141391813328672,0.000934666199333567,"{""state_class"": ""measurement"", ""unit_of_measurement"": ""Mbit/s"", ""device_class"": ""data_rate"", ""friendly_name"": ""ARRIS TG1692A Router Upload speed""}"
2025-07-11T17:13:10.115177,automation.aut_status_bruno,on,on,"{""id"": ""1751855857509"", ""last_triggered"": ""2025-07-11T20:13:10.107849+00:00"", ""mode"": ""single"", ""current"": 1, ""friendly_name"": ""aut-status-bruno""}"
2025-07-11T17:13:10.117347,automation.aut_status_bruno,on,on,"{""id"": ""1751855857509"", ""last_triggered"": ""2025-07-11T20:13:10.107849+00:00"", ""mode"": ""single"", ""current"": 0, ""friendly_name"": ""aut-status-bruno""}"
2025-07-11T17:13:10.258852,automation.aut_lampada_quarto,on,on,"{""id"": ""1746067262247"", ""last_triggered"": ""2025-07-11T20:13:10.254822+00:00"", ""mode"": ""single"", ""current"": 1, ""friendly_name"": ""aut-quarto""}"
2025-07-11T17:13:10.260433,automation.aut_lampada_quarto,on,on,"{""id"": ""1746067262247"", ""last_triggered"": ""2025-07-11T20:13:10.254822+00:00"", ""mode"": ""single"", ""current"": 0, ""friendly_name"": ""aut-quarto""}"
2025-07-11T17:13:10.505528,automation.auto_banheiro,on,on,"{""id"": ""1747870075916"", ""last_triggered"": ""2025-07-11T20:13:10.500791+00:00"", ""mode"": ""single"", ""current"": 1, ""friendly_name"": ""auto-banheiro""}"
2025-07-11T17:13:10.507124,automation.auto_banheiro,on,on,"{""id"": ""1747870075916"", ""last_triggered"": ""2025-07-11T20:13:10.500791+00:00"", ""mode"": ""single"", ""current"": 0, ""friendly_name"": ""auto-banheiro""}"
2025-07-11T17:13:15.507523,automation.auto_banheiro,on,on,"{""id"": ""1747870075916"", ""last_triggered"": ""2025-07-11T20:13:15.501336+00:00"", ""mode"": ""single"", ""current"": 1, ""friendly_name"": ""auto-banheiro""}"
2025-07-11T17:13:15.509235,automation.auto_banheiro,on,on,"{""id"": ""1747870075916"", ""last_triggered"": ""2025-07-11T20:13:15.501336+00:00"", ""mode"": ""single"", ""current"": 0, ""friendly_name"": ""auto-banheiro""}"
2025-07-11T17:13:20.507728,automation.auto_banheiro,on,on,"{""id"": ""1747870075916"", ""last_triggered"": ""2025-07-11T20:13:20.500312+00:00"", ""mode"": ""single"", ""current"": 1, ""friendly_name"": ""auto-banheiro""}"
2025-07-11T17:13:20.511981,automation.auto_banheiro,on,on,"{""id"": ""1747870075916"", ""last_triggered"": ""2025-07-11T20:13:20.500312+00:00"", ""mode"": ""single"", ""current"": 0, ""friendly_name"": ""auto-banheiro""}"
2025-07-11T17:13:25.516936,automation.auto_banheiro,on,on,"{""id"": ""1747870075916"", ""last_triggered"": ""2025-07-11T20:13:25.500539+00:00"", ""mode"": ""single"", ""current"": 1, ""friendly_name"": ""auto-banheiro""}"
2025-07-11T17:13:25.518547,automation.auto_banheiro,on,on,"{""id"": ""1747870075916"", ""last_triggered"": ""2025-07-11T20:13:25.500539+00:00"", ""mode"": ""single"", ""current"": 0, ""friendly_name"": ""auto-banheiro""}"
2025-07-11T17:13:30.504778,automation.auto_banheiro,on,on,"{""id"": ""1747870075916"", ""last_triggered"": ""2025-07-11T20:13:30.499984+00:00"", ""mode"": ""single"", ""current"": 1, ""friendly_name"": ""auto-banheiro""}"
2025-07-11T17:13:30.506468,automation.auto_banheiro,on,on,"{""id"": ""1747870075916"", ""last_triggered"": ""2025-07-11T20:13:30.499984+00:00"", ""mode"": ""single"", ""current"": 0, ""friendly_name"": ""auto-banheiro""}"
2025-07-11T17:13:35.506269,automation.auto_banheiro,on,on,"{""id"": ""1747870075916"", ""last_triggered"": ""2025-07-11T20:13:35.499932+00:00"", ""mode"": ""single"", ""current"": 1, ""friendly_name"": ""auto-banheiro""}"
2025-07-11T17:13:35.508011,automation.auto_banheiro,on,on,"{""id"": ""1747870075916"", ""last_triggered"": ""2025-07-11T20:13:35.499932+00:00"", ""mode"": ""single"", ""current"": 0, ""friendly_name"": ""auto-banheiro""}"
2025-07-11T17:13:37.618298,sensor.arris_tg1692a_router_download_speed,0.00124693270986698,0.00215012423114075,"{""state_class"": ""measurement"", ""unit_of_measurement"": ""Mbit/s"", ""device_class"": ""data_rate"", ""friendly_name"": ""ARRIS TG1692A Router Download speed""}"
2025-07-11T17:13:37.620071,sensor.arris_tg1692a_router_upload_speed,0.000934666199333567,0.00151012694046262,"{""state_class"": ""measurement"", ""unit_of_measurement"": ""Mbit/s"", ""device_class"": ""data_rate"", ""friendly_name"": ""ARRIS TG1692A Router Upload speed""}"
2025-07-11T17:13:40.505015,automation.auto_banheiro,on,on,"{""id"": ""1747870075916"", ""last_triggered"": ""2025-07-11T20:13:40.500181+00:00"", ""mode"": ""single"", ""current"": 1, ""friendly_name"": ""auto-banheiro""}"
2025-07-11T17:13:40.506635,automation.auto_banheiro,on,on,"{""id"": ""1747870075916"", ""last_triggered"": ""2025-07-11T20:13:40.500181+00:00"", ""mode"": ""single"", ""current"": 0, ""friendly_name"": ""auto-banheiro""}"
2025-07-11T17:13:45.008603,sun.sun,above_horizon,above_horizon,"{""next_dawn"": ""2025-07-12T08:34:18.375179+00:00"", ""next_dusk"": ""2025-07-11T20:45:05.377064+00:00"", ""next_midnight"": ""2025-07-12T02:39:47+00:00"", ""next_noon"": ""2025-07-12T14:39:42+00:00"", ""next_rising"": ""2025-07-12T08:57:34.507646+00:00"", ""next_setting"": ""2025-07-11T20:21:48.212490+00:00"", ""elevation"": 1.38, ""azimuth"": 292.85, ""rising"": false, ""friendly_name"": ""Sun""}"
2025-07-11T17:13:45.505186,automation.auto_banheiro,on,on,"{""id"": ""1747870075916"", ""last_triggered"": ""2025-07-11T20:13:45.500357+00:00"", ""mode"": ""single"", ""current"": 1, ""friendly_name"": ""auto-banheiro""}"
2025-07-11T17:13:45.506763,automation.auto_banheiro,on,on,"{""id"": ""1747870075916"", ""last_triggered"": ""2025-07-11T20:13:45.500357+00:00"", ""mode"": ""single"", ""current"": 0, ""friendly_name"": ""auto-banheiro""}"
2025-07-11T17:13:50.511153,automation.auto_banheiro,on,on,"{""id"": ""1747870075916"", ""last_triggered"": ""2025-07-11T20:13:50.500826+00:00"", ""mode"": ""single"", ""current"": 1, ""friendly_name"": ""auto-banheiro""}"
2025-07-11T17:13:50.513190,automation.auto_banheiro,on,on,"{""id"": ""1747870075916"", ""last_triggered"": ""2025-07-11T20:13:50.500826+00:00"", ""mode"": ""single"", ""current"": 0, ""friendly_name"": ""auto-banheiro""}"
2025-07-11T17:13:55.505577,automation.auto_banheiro,on,on,"{""id"": ""1747870075916"", ""last_triggered"": ""2025-07-11T20:13:55.500720+00:00"", ""mode"": ""single"", ""current"": 1, ""friendly_name"": ""auto-banheiro""}"
2025-07-11T17:13:55.507240,automation.auto_banheiro,on,on,"{""id"": ""1747870075916"", ""last_triggered"": ""2025-07-11T20:13:55.500720+00:00"", ""mode"": ""single"", ""current"": 0, ""friendly_name"": ""auto-banheiro""}"
2025-07-11T17:14:00.505689,automation.auto_banheiro,on,on,"{""id"": ""1747870075916"", ""last_triggered"": ""2025-07-11T20:14:00.500372+00:00"", ""mode"": ""single"", ""current"": 1, ""friendly_name"": ""auto-banheiro""}"
2025-07-11T17:14:00.508638,automation.auto_banheiro,on,on,"{""id"": ""1747870075916"", ""last_triggered"": ""2025-07-11T20:14:00.500372+00:00"", ""mode"": ""single"", ""current"": 0, ""friendly_name"": ""auto-banheiro""}"
2025-07-11T17:14:05.526804,automation.auto_banheiro,on,on,"{""id"": ""1747870075916"", ""last_triggered"": ""2025-07-11T20:14:05.500566+00:00"", ""mode"": ""single"", ""current"": 1, ""friendly_name"": ""auto-banheiro""}"
2025-07-11T17:14:05.530442,automation.auto_banheiro,on,on,"{""id"": ""1747870075916"", ""last_triggered"": ""2025-07-11T20:14:05.500566+00:00"", ""mode"": ""single"", ""current"": 0, ""friendly_name"": ""auto-banheiro""}"
2025-07-11T17:14:07.624116,sensor.arris_tg1692a_router_download_speed,0.00215012423114075,0.00138560618904098,"{""state_class"": ""measurement"", ""unit_of_measurement"": ""Mbit/s"", ""device_class"": ""data_rate"", ""friendly_name"": ""ARRIS TG1692A Router Download speed""}"
2025-07-11T17:14:07.626823,sensor.arris_tg1692a_router_upload_speed,0.00151012694046262,0.00101573787029582,"{""state_class"": ""measurement"", ""unit_of_measurement"": ""Mbit/s"", ""device_class"": ""data_rate"", ""friendly_name"": ""ARRIS TG1692A Router Upload speed""}"
2025-07-11T17:14:10.120309,automation.aut_status_bruno,on,on,"{""id"": ""1751855857509"", ""last_triggered"": ""2025-07-11T20:14:10.107896+00:00"", ""mode"": ""single"", ""current"": 1, ""friendly_name"": ""aut-status-bruno""}"
2025-07-11T17:14:10.122422,automation.aut_status_bruno,on,on,"{""id"": ""1751855857509"", ""last_triggered"": ""2025-07-11T20:14:10.107896+00:00"", ""mode"": ""single"", ""current"": 0, ""friendly_name"": ""aut-status-bruno""}"
2025-07-11T17:14:10.259501,automation.aut_lampada_quarto,on,on,"{""id"": ""1746067262247"", ""last_triggered"": ""2025-07-11T20:14:10.255255+00:00"", ""mode"": ""single"", ""current"": 1, ""friendly_name"": ""aut-quarto""}"
2025-07-11T17:14:10.262096,automation.aut_lampada_quarto,on,on,"{""id"": ""1746067262247"", ""last_triggered"": ""2025-07-11T20:14:10.255255+00:00"", ""mode"": ""single"", ""current"": 0, ""friendly_name"": ""aut-quarto""}"
2025-07-11T17:14:10.505156,automation.auto_banheiro,on,on,"{""id"": ""1747870075916"", ""last_triggered"": ""2025-07-11T20:14:10.500443+00:00"", ""mode"": ""single"", ""current"": 1, ""friendly_name"": ""auto-banheiro""}"
2025-07-11T17:14:10.506830,automation.auto_banheiro,on,on,"{""id"": ""1747870075916"", ""last_triggered"": ""2025-07-11T20:14:10.500443+00:00"", ""mode"": ""single"", ""current"": 0, ""friendly_name"": ""auto-banheiro""}"
2025-07-11T17:14:15.511585,automation.auto_banheiro,on,on,"{""id"": ""1747870075916"", ""last_triggered"": ""2025-07-11T20:14:15.501170+00:00"", ""mode"": ""single"", ""current"": 1, ""friendly_name"": ""auto-banheiro""}"
2025-07-11T17:14:15.514973,automation.auto_banheiro,on,on,"{""id"": ""1747870075916"", ""last_triggered"": ""2025-07-11T20:14:15.501170+00:00"", ""mode"": ""single"", ""current"": 0, ""friendly_name"": ""auto-banheiro""}"
2025-07-11T17:14:20.515144,automation.auto_banheiro,on,on,"{""id"": ""1747870075916"", ""last_triggered"": ""2025-07-11T20:14:20.501546+00:00"", ""mode"": ""single"", ""current"": 1, ""friendly_name"": ""auto-banheiro""}"
2025-07-11T17:14:20.519151,automation.auto_banheiro,on,on,"{""id"": ""1747870075916"", ""last_triggered"": ""2025-07-11T20:14:20.501546+00:00"", ""mode"": ""single"", ""current"": 0, ""friendly_name"": ""auto-banheiro""}"
2025-07-11T17:14:24.976522,camera.192_168_0_33,idle,idle,"{""access_token"": ""7c2a76ee0d920d975c71cdf2696af1d08e70137a82c1b1bc328d94d63b38f5d0"", ""entity_picture"": ""/api/camera_proxy/camera.192_168_0_33?token=7c2a76ee0d920d975c71cdf2696af1d08e70137a82c1b1bc328d94d63b38f5d0"", ""friendly_name"": ""192_168_0_14"", ""supported_features"": 2}"
2025-07-11T17:14:24.980677,camera.admin_mainstream,idle,idle,"{""access_token"": ""c092f3a879c84455ef1fcc26f0fc608fa78349c2f727dcdd0891c92e635202c9"", ""entity_picture"": ""/api/camera_proxy/camera.admin_mainstream?token=c092f3a879c84455ef1fcc26f0fc608fa78349c2f727dcdd0891c92e635202c9"", ""friendly_name"": ""admin MainStream"", ""supported_features"": 2}"
2025-07-11T17:14:24.984695,camera.admin_substream,idle,idle,"{""access_token"": ""2dc7e78bd09bf51f70442d5bd29fb921944cbf15a538b51cc2a6aa880e72ea6e"", ""entity_picture"": ""/api/camera_proxy/camera.admin_substream?token=2dc7e78bd09bf51f70442d5bd29fb921944cbf15a538b51cc2a6aa880e72ea6e"", ""friendly_name"": ""admin SubStream"", ""supported_features"": 2}"
2025-07-11T17:14:25.508949,automation.auto_banheiro,on,on,"{""id"": ""1747870075916"", ""last_triggered"": ""2025-07-11T20:14:25.501242+00:00"", ""mode"": ""single"", ""current"": 1, ""friendly_name"": ""auto-banheiro""}"
2025-07-11T17:14:25.511527,automation.auto_banheiro,on,on,"{""id"": ""1747870075916"", ""last_triggered"": ""2025-07-11T20:14:25.501242+00:00"", ""mode"": ""single"", ""current"": 0, ""friendly_name"": ""auto-banheiro""}"
2025-07-11T17:14:30.505163,automation.auto_banheiro,on,on,"{""id"": ""1747870075916"", ""last_triggered"": ""2025-07-11T20:14:30.500151+00:00"", ""mode"": ""single"", ""current"": 1, ""friendly_name"": ""auto-banheiro""}"
2025-07-11T17:14:30.506689,automation.auto_banheiro,on,on,"{""id"": ""1747870075916"", ""last_triggered"": ""2025-07-11T20:14:30.500151+00:00"", ""mode"": ""single"", ""current"": 0, ""friendly_name"": ""auto-banheiro""}"
2025-07-11T17:14:35.516945,automation.auto_banheiro,on,on,"{""id"": ""1747870075916"", ""last_triggered"": ""2025-07-11T20:14:35.501501+00:00"", ""mode"": ""single"", ""current"": 1, ""friendly_name"": ""auto-banheiro""}"
2025-07-11T17:14:35.525144,automation.auto_banheiro,on,on,"{""id"": ""1747870075916"", ""last_triggered"": ""2025-07-11T20:14:35.501501+00:00"", ""mode"": ""single"", ""current"": 0, ""friendly_name"": ""auto-banheiro""}"
2025-07-11T17:14:37.617413,sensor.arris_tg1692a_router_download_speed,0.00138560618904098,0.00296667161111935,"{""state_class"": ""measurement"", ""unit_of_measurement"": ""Mbit/s"", ""device_class"": ""data_rate"", ""friendly_name"": ""ARRIS TG1692A Router Download speed""}"
2025-07-11T17:14:37.620084,sensor.arris_tg1692a_router_upload_speed,0.00101573787029582,0.00219840366400611,"{""state_class"": ""measurement"", ""unit_of_measurement"": ""Mbit/s"", ""device_class"": ""data_rate"", ""friendly_name"": ""ARRIS TG1692A Router Upload speed""}"
2025-07-11T17:14:40.505423,automation.auto_banheiro,on,on,"{""id"": ""1747870075916"", ""last_triggered"": ""2025-07-11T20:14:40.500599+00:00"", ""mode"": ""single"", ""current"": 1, ""friendly_name"": ""auto-banheiro""}"
2025-07-11T17:14:40.507068,automation.auto_banheiro,on,on,"{""id"": ""1747870075916"", ""last_triggered"": ""2025-07-11T20:14:40.500599+00:00"", ""mode"": ""single"", ""current"": 0, ""friendly_name"": ""auto-banheiro""}"
2025-07-11T17:14:45.505354,automation.auto_banheiro,on,on,"{""id"": ""1747870075916"", ""last_triggered"": ""2025-07-11T20:14:45.500547+00:00"", ""mode"": ""single"", ""current"": 1, ""friendly_name"": ""auto-banheiro""}"
2025-07-11T17:14:45.506934,automation.auto_banheiro,on,on,"{""id"": ""1747870075916"", ""last_triggered"": ""2025-07-11T20:14:45.500547+00:00"", ""mode"": ""single"", ""current"": 0, ""friendly_name"": ""auto-banheiro""}"
2025-07-11T17:14:50.505479,automation.auto_banheiro,on,on,"{""id"": ""1747870075916"", ""last_triggered"": ""2025-07-11T20:14:50.500619+00:00"", ""mode"": ""single"", ""current"": 1, ""friendly_name"": ""auto-banheiro""}"
2025-07-11T17:14:50.507142,automation.auto_banheiro,on,on,"{""id"": ""1747870075916"", ""last_triggered"": ""2025-07-11T20:14:50.500619+00:00"", ""mode"": ""single"", ""current"": 0, ""friendly_name"": ""auto-banheiro""}"
2025-07-11T17:14:55.524503,automation.auto_banheiro,on,on,"{""id"": ""1747870075916"", ""last_triggered"": ""2025-07-11T20:14:55.500888+00:00"", ""mode"": ""single"", ""current"": 1, ""friendly_name"": ""auto-banheiro""}"
2025-07-11T17:14:55.528572,automation.auto_banheiro,on,on,"{""id"": ""1747870075916"", ""last_triggered"": ""2025-07-11T20:14:55.500888+00:00"", ""mode"": ""single"", ""current"": 0, ""friendly_name"": ""auto-banheiro""}"
2025-07-11T17:15:00.504785,automation.auto_banheiro,on,on,"{""id"": ""1747870075916"", ""last_triggered"": ""2025-07-11T20:15:00.499947+00:00"", ""mode"": ""single"", ""current"": 1, ""friendly_name"": ""auto-banheiro""}"
2025-07-11T17:15:00.506387,automation.auto_banheiro,on,on,"{""id"": ""1747870075916"", ""last_triggered"": ""2025-07-11T20:15:00.499947+00:00"", ""mode"": ""single"", ""current"": 0, ""friendly_name"": ""auto-banheiro""}"
2025-07-11T17:15:05.506948,automation.auto_banheiro,on,on,"{""id"": ""1747870075916"", ""last_triggered"": ""2025-07-11T20:15:05.500643+00:00"", ""mode"": ""single"", ""current"": 1, ""friendly_name"": ""auto-banheiro""}"
2025-07-11T17:15:05.508577,automation.auto_banheiro,on,on,"{""id"": ""1747870075916"", ""last_triggered"": ""2025-07-11T20:15:05.500643+00:00"", ""mode"": ""single"", ""current"": 0, ""friendly_name"": ""auto-banheiro""}"
2025-07-11T17:15:07.616069,sensor.arris_tg1692a_router_download_speed,0.00296667161111935,0.00125441191691321,"{""state_class"": ""measurement"", ""unit_of_measurement"": ""Mbit/s"", ""device_class"": ""data_rate"", ""friendly_name"": ""ARRIS TG1692A Router Download speed""}"
2025-07-11T17:15:07.617752,sensor.arris_tg1692a_router_upload_speed,0.00219840366400611,0.000992809431689601,"{""state_class"": ""measurement"", ""unit_of_measurement"": ""Mbit/s"", ""device_class"": ""data_rate"", ""friendly_name"": ""ARRIS TG1692A Router Upload speed""}"
2025-07-11T17:15:10.115434,automation.aut_status_bruno,on,on,"{""id"": ""1751855857509"", ""last_triggered"": ""2025-07-11T20:15:10.107893+00:00"", ""mode"": ""single"", ""current"": 1, ""friendly_name"": ""aut-status-bruno""}"
2025-07-11T17:15:10.118019,automation.aut_status_bruno,on,on,"{""id"": ""1751855857509"", ""last_triggered"": ""2025-07-11T20:15:10.107893+00:00"", ""mode"": ""single"", ""current"": 0, ""friendly_name"": ""aut-status-bruno""}"
2025-07-11T17:15:10.260621,automation.aut_lampada_quarto,on,on,"{""id"": ""1746067262247"", ""last_triggered"": ""2025-07-11T20:15:10.255101+00:00"", ""mode"": ""single"", ""current"": 1, ""friendly_name"": ""aut-quarto""}"
2025-07-11T17:15:10.262703,automation.aut_lampada_quarto,on,on,"{""id"": ""1746067262247"", ""last_triggered"": ""2025-07-11T20:15:10.255101+00:00"", ""mode"": ""single"", ""current"": 0, ""friendly_name"": ""aut-quarto""}"
2025-07-11T17:15:10.505468,automation.auto_banheiro,on,on,"{""id"": ""1747870075916"", ""last_triggered"": ""2025-07-11T20:15:10.500690+00:00"", ""mode"": ""single"", ""current"": 1, ""friendly_name"": ""auto-banheiro""}"
2025-07-11T17:15:10.507114,automation.auto_banheiro,on,on,"{""id"": ""1747870075916"", ""last_triggered"": ""2025-07-11T20:15:10.500690+00:00"", ""mode"": ""single"", ""current"": 0, ""friendly_name"": ""auto-banheiro""}"
2025-07-11T17:15:12.793449,sensor.tauntaum_energy,210.934,210.948,"{""state_class"": ""total_increasing"", ""unit_of_measurement"": ""kWh"", ""device_class"": ""energy"", ""friendly_name"": ""Tauntaum Energy""}"
2025-07-11T17:15:12.795522,sensor.tauntaum_power,65,65,"{""state_class"": ""measurement"", ""power_consumption_start"": ""2025-07-11T20:02:55Z"", ""power_consumption_end"": ""2025-07-11T20:15:12Z"", ""unit_of_measurement"": ""W"", ""device_class"": ""power"", ""friendly_name"": ""Tauntaum Power""}"
2025-07-11T17:15:12.797151,sensor.tauntaum_energy_difference,0.015,0.014,"{""state_class"": ""total"", ""unit_of_measurement"": ""kWh"", ""device_class"": ""energy"", ""friendly_name"": ""Tauntaum Energy difference""}"
2025-07-11T17:15:12.798653,sensor.tauntaum_power_energy,0.00977772638996442,0.0133182652794653,"{""state_class"": ""total"", ""unit_of_measurement"": ""kWh"", ""device_class"": ""energy"", ""friendly_name"": ""Tauntaum Power energy""}"
2025-07-11T17:15:12.800229,sensor.tauntaum_energy_saved,0.002,0.001,"{""state_class"": ""total_increasing"", ""unit_of_measurement"": ""kWh"", ""device_class"": ""energy"", ""friendly_name"": ""Tauntaum Energy saved""}"
2025-07-11T17:15:15.508737,automation.auto_banheiro,on,on,"{""id"": ""1747870075916"", ""last_triggered"": ""2025-07-11T20:15:15.500750+00:00"", ""mode"": ""single"", ""current"": 1, ""friendly_name"": ""auto-banheiro""}"
2025-07-11T17:15:15.510874,automation.auto_banheiro,on,on,"{""id"": ""1747870075916"", ""last_triggered"": ""2025-07-11T20:15:15.500750+00:00"", ""mode"": ""single"", ""current"": 0, ""friendly_name"": ""auto-banheiro""}"
2025-07-11T17:15:20.506453,automation.auto_banheiro,on,on,"{""id"": ""1747870075916"", ""last_triggered"": ""2025-07-11T20:15:20.500427+00:00"", ""mode"": ""single"", ""current"": 1, ""friendly_name"": ""auto-banheiro""}"
2025-07-11T17:15:20.508377,automation.auto_banheiro,on,on,"{""id"": ""1747870075916"", ""last_triggered"": ""2025-07-11T20:15:20.500427+00:00"", ""mode"": ""single"", ""current"": 0, ""friendly_name"": ""auto-banheiro""}"
2025-07-11T17:15:25.506047,automation.auto_banheiro,on,on,"{""id"": ""1747870075916"", ""last_triggered"": ""2025-07-11T20:15:25.500492+00:00"", ""mode"": ""single"", ""current"": 1, ""friendly_name"": ""auto-banheiro""}"
2025-07-11T17:15:25.508261,automation.auto_banheiro,on,on,"{""id"": ""1747870075916"", ""last_triggered"": ""2025-07-11T20:15:25.500492+00:00"", ""mode"": ""single"", ""current"": 0, ""friendly_name"": ""auto-banheiro""}"
2025-07-11T17:15:30.505275,automation.auto_banheiro,on,on,"{""id"": ""1747870075916"", ""last_triggered"": ""2025-07-11T20:15:30.500390+00:00"", ""mode"": ""single"", ""current"": 1, ""friendly_name"": ""auto-banheiro""}"
2025-07-11T17:15:30.506888,automation.auto_banheiro,on,on,"{""id"": ""1747870075916"", ""last_triggered"": ""2025-07-11T20:15:30.500390+00:00"", ""mode"": ""single"", ""current"": 0, ""friendly_name"": ""auto-banheiro""}"
2025-07-11T17:15:35.511025,automation.auto_banheiro,on,on,"{""id"": ""1747870075916"", ""last_triggered"": ""2025-07-11T20:15:35.500421+00:00"", ""mode"": ""single"", ""current"": 1, ""friendly_name"": ""auto-banheiro""}"
2025-07-11T17:15:35.514521,automation.auto_banheiro,on,on,"{""id"": ""1747870075916"", ""last_triggered"": ""2025-07-11T20:15:35.500421+00:00"", ""mode"": ""single"", ""current"": 0, ""friendly_name"": ""auto-banheiro""}"
2025-07-11T17:15:37.624423,sensor.arris_tg1692a_router_download_speed,0.00125441191691321,0.00472521047786091,"{""state_class"": ""measurement"", ""unit_of_measurement"": ""Mbit/s"", ""device_class"": ""data_rate"", ""friendly_name"": ""ARRIS TG1692A Router Download speed""}"
2025-07-11T17:15:37.628678,sensor.arris_tg1692a_router_upload_speed,0.000992809431689601,0.0022458082756515,"{""state_class"": ""measurement"", ""unit_of_measurement"": ""Mbit/s"", ""device_class"": ""data_rate"", ""friendly_name"": ""ARRIS TG1692A Router Upload speed""}"
2025-07-11T17:15:40.519893,automation.auto_banheiro,on,on,"{""id"": ""1747870075916"", ""last_triggered"": ""2025-07-11T20:15:40.502032+00:00"", ""mode"": ""single"", ""current"": 1, ""friendly_name"": ""auto-banheiro""}"
2025-07-11T17:15:40.523913,automation.auto_banheiro,on,on,"{""id"": ""1747870075916"", ""last_triggered"": ""2025-07-11T20:15:40.502032+00:00"", ""mode"": ""single"", ""current"": 0, ""friendly_name"": ""auto-banheiro""}"
2025-07-11T17:15:45.009271,sun.sun,above_horizon,above_horizon,"{""next_dawn"": ""2025-07-12T08:34:18.375179+00:00"", ""next_dusk"": ""2025-07-11T20:45:05.377064+00:00"", ""next_midnight"": ""2025-07-12T02:39:47+00:00"", ""next_noon"": ""2025-07-12T14:39:42+00:00"", ""next_rising"": ""2025-07-12T08:57:34.507646+00:00"", ""next_setting"": ""2025-07-11T20:21:48.212490+00:00"", ""elevation"": 0.98, ""azimuth"": 292.74, ""rising"": false, ""friendly_name"": ""Sun""}"
2025-07-11T17:15:45.504973,automation.auto_banheiro,on,on,"{""id"": ""1747870075916"", ""last_triggered"": ""2025-07-11T20:15:45.500096+00:00"", ""mode"": ""single"", ""current"": 1, ""friendly_name"": ""auto-banheiro""}"
2025-07-11T17:15:45.506712,automation.auto_banheiro,on,on,"{""id"": ""1747870075916"", ""last_triggered"": ""2025-07-11T20:15:45.500096+00:00"", ""mode"": ""single"", ""current"": 0, ""friendly_name"": ""auto-banheiro""}"
2025-07-11T17:15:50.515462,automation.auto_banheiro,on,on,"{""id"": ""1747870075916"", ""last_triggered"": ""2025-07-11T20:15:50.501194+00:00"", ""mode"": ""single"", ""current"": 1, ""friendly_name"": ""auto-banheiro""}"
2025-07-11T17:15:50.519777,automation.auto_banheiro,on,on,"{""id"": ""1747870075916"", ""last_triggered"": ""2025-07-11T20:15:50.501194+00:00"", ""mode"": ""single"", ""current"": 0, ""friendly_name"": ""auto-banheiro""}"
2025-07-11T17:15:55.510119,automation.auto_banheiro,on,on,"{""id"": ""1747870075916"", ""last_triggered"": ""2025-07-11T20:15:55.500581+00:00"", ""mode"": ""single"", ""current"": 1, ""friendly_name"": ""auto-banheiro""}"
2025-07-11T17:15:55.511800,automation.auto_banheiro,on,on,"{""id"": ""1747870075916"", ""last_triggered"": ""2025-07-11T20:15:55.500581+00:00"", ""mode"": ""single"", ""current"": 0, ""friendly_name"": ""auto-banheiro""}"
2025-07-11T17:16:00.504948,automation.auto_banheiro,on,on,"{""id"": ""1747870075916"", ""last_triggered"": ""2025-07-11T20:16:00.500166+00:00"", ""mode"": ""single"", ""current"": 1, ""friendly_name"": ""auto-banheiro""}"
2025-07-11T17:16:00.506507,automation.auto_banheiro,on,on,"{""id"": ""1747870075916"", ""last_triggered"": ""2025-07-11T20:16:00.500166+00:00"", ""mode"": ""single"", ""current"": 0, ""friendly_name"": ""auto-banheiro""}"
2025-07-11T17:16:05.510604,automation.auto_banheiro,on,on,"{""id"": ""1747870075916"", ""last_triggered"": ""2025-07-11T20:16:05.500197+00:00"", ""mode"": ""single"", ""current"": 1, ""friendly_name"": ""auto-banheiro""}"
2025-07-11T17:16:05.514099,automation.auto_banheiro,on,on,"{""id"": ""1747870075916"", ""last_triggered"": ""2025-07-11T20:16:05.500197+00:00"", ""mode"": ""single"", ""current"": 0, ""friendly_name"": ""auto-banheiro""}"
2025-07-11T17:16:07.615467,sensor.arris_tg1692a_router_download_speed,0.00472521047786091,0.00633481743532163,"{""state_class"": ""measurement"", ""unit_of_measurement"": ""Mbit/s"", ""device_class"": ""data_rate"", ""friendly_name"": ""ARRIS TG1692A Router Download speed""}"
2025-07-11T17:16:07.617167,sensor.arris_tg1692a_router_upload_speed,0.0022458082756515,0.00399156166583431,"{""state_class"": ""measurement"", ""unit_of_measurement"": ""Mbit/s"", ""device_class"": ""data_rate"", ""friendly_name"": ""ARRIS TG1692A Router Upload speed""}"
2025-07-11T17:16:10.116300,automation.aut_status_bruno,on,on,"{""id"": ""1751855857509"", ""last_triggered"": ""2025-07-11T20:16:10.107998+00:00"", ""mode"": ""single"", ""current"": 1, ""friendly_name"": ""aut-status-bruno""}"
2025-07-11T17:16:10.118804,automation.aut_status_bruno,on,on,"{""id"": ""1751855857509"", ""last_triggered"": ""2025-07-11T20:16:10.107998+00:00"", ""mode"": ""single"", ""current"": 0, ""friendly_name"": ""aut-status-bruno""}"
2025-07-11T17:16:10.258898,automation.aut_lampada_quarto,on,on,"{""id"": ""1746067262247"", ""last_triggered"": ""2025-07-11T20:16:10.254835+00:00"", ""mode"": ""single"", ""current"": 1, ""friendly_name"": ""aut-quarto""}"
2025-07-11T17:16:10.261766,automation.aut_lampada_quarto,on,on,"{""id"": ""1746067262247"", ""last_triggered"": ""2025-07-11T20:16:10.254835+00:00"", ""mode"": ""single"", ""current"": 0, ""friendly_name"": ""aut-quarto""}"
2025-07-11T17:16:10.505822,automation.auto_banheiro,on,on,"{""id"": ""1747870075916"", ""last_triggered"": ""2025-07-11T20:16:10.501105+00:00"", ""mode"": ""single"", ""current"": 1, ""friendly_name"": ""auto-banheiro""}"
2025-07-11T17:16:10.507484,automation.auto_banheiro,on,on,"{""id"": ""1747870075916"", ""last_triggered"": ""2025-07-11T20:16:10.501105+00:00"", ""mode"": ""single"", ""current"": 0, ""friendly_name"": ""auto-banheiro""}"
2025-07-11T17:16:15.505388,automation.auto_banheiro,on,on,"{""id"": ""1747870075916"", ""last_triggered"": ""2025-07-11T20:16:15.500490+00:00"", ""mode"": ""single"", ""current"": 1, ""friendly_name"": ""auto-banheiro""}"
2025-07-11T17:16:15.507226,automation.auto_banheiro,on,on,"{""id"": ""1747870075916"", ""last_triggered"": ""2025-07-11T20:16:15.500490+00:00"", ""mode"": ""single"", ""current"": 0, ""friendly_name"": ""auto-banheiro""}"
2025-07-11T17:16:20.515067,automation.auto_banheiro,on,on,"{""id"": ""1747870075916"", ""last_triggered"": ""2025-07-11T20:16:20.500603+00:00"", ""mode"": ""single"", ""current"": 1, ""friendly_name"": ""auto-banheiro""}"
2025-07-11T17:16:20.519504,automation.auto_banheiro,on,on,"{""id"": ""1747870075916"", ""last_triggered"": ""2025-07-11T20:16:20.500603+00:00"", ""mode"": ""single"", ""current"": 0, ""friendly_name"": ""auto-banheiro""}"
2025-07-11T17:16:25.515918,automation.auto_banheiro,on,on,"{""id"": ""1747870075916"", ""last_triggered"": ""2025-07-11T20:16:25.501739+00:00"", ""mode"": ""single"", ""current"": 1, ""friendly_name"": ""auto-banheiro""}"
2025-07-11T17:16:25.519527,automation.auto_banheiro,on,on,"{""id"": ""1747870075916"", ""last_triggered"": ""2025-07-11T20:16:25.501739+00:00"", ""mode"": ""single"", ""current"": 0, ""friendly_name"": ""auto-banheiro""}"
2025-07-11T17:16:30.510613,automation.auto_banheiro,on,on,"{""id"": ""1747870075916"", ""last_triggered"": ""2025-07-11T20:16:30.500689+00:00"", ""mode"": ""single"", ""current"": 1, ""friendly_name"": ""auto-banheiro""}"
2025-07-11T17:16:30.513632,automation.auto_banheiro,on,on,"{""id"": ""1747870075916"", ""last_triggered"": ""2025-07-11T20:16:30.500689+00:00"", ""mode"": ""single"", ""current"": 0, ""friendly_name"": ""auto-banheiro""}"
2025-07-11T17:16:35.521043,automation.auto_banheiro,on,on,"{""id"": ""1747870075916"", ""last_triggered"": ""2025-07-11T20:16:35.501090+00:00"", ""mode"": ""single"", ""current"": 1, ""friendly_name"": ""auto-banheiro""}"
2025-07-11T17:16:35.524680,automation.auto_banheiro,on,on,"{""id"": ""1747870075916"", ""last_triggered"": ""2025-07-11T20:16:35.501090+00:00"", ""mode"": ""single"", ""current"": 0, ""friendly_name"": ""auto-banheiro""}"
2025-07-11T17:16:37.616260,sensor.arris_tg1692a_router_download_speed,0.00633481743532163,0.002055197807789,"{""state_class"": ""measurement"", ""unit_of_measurement"": ""Mbit/s"", ""device_class"": ""data_rate"", ""friendly_name"": ""ARRIS TG1692A Router Download speed""}"
2025-07-11T17:16:37.618881,sensor.arris_tg1692a_router_upload_speed,0.00399156166583431,0.00144479845888164,"{""state_class"": ""measurement"", ""unit_of_measurement"": ""Mbit/s"", ""device_class"": ""data_rate"", ""friendly_name"": ""ARRIS TG1692A Router Upload speed""}"
2025-07-11T17:16:40.505394,automation.auto_banheiro,on,on,"{""id"": ""1747870075916"", ""last_triggered"": ""2025-07-11T20:16:40.500621+00:00"", ""mode"": ""single"", ""current"": 1, ""friendly_name"": ""auto-banheiro""}"
2025-07-11T17:16:40.507106,automation.auto_banheiro,on,on,"{""id"": ""1747870075916"", ""last_triggered"": ""2025-07-11T20:16:40.500621+00:00"", ""mode"": ""single"", ""current"": 0, ""friendly_name"": ""auto-banheiro""}"
2025-07-11T17:16:45.505435,automation.auto_banheiro,on,on,"{""id"": ""1747870075916"", ""last_triggered"": ""2025-07-11T20:16:45.500690+00:00"", ""mode"": ""single"", ""current"": 1, ""friendly_name"": ""auto-banheiro""}"
2025-07-11T17:16:45.507163,automation.auto_banheiro,on,on,"{""id"": ""1747870075916"", ""last_triggered"": ""2025-07-11T20:16:45.500690+00:00"", ""mode"": ""single"", ""current"": 0, ""friendly_name"": ""auto-banheiro""}"
2025-07-11T17:16:50.507591,automation.auto_banheiro,on,on,"{""id"": ""1747870075916"", ""last_triggered"": ""2025-07-11T20:16:50.501403+00:00"", ""mode"": ""single"", ""current"": 1, ""friendly_name"": ""auto-banheiro""}"
2025-07-11T17:16:50.509409,automation.auto_banheiro,on,on,"{""id"": ""1747870075916"", ""last_triggered"": ""2025-07-11T20:16:50.501403+00:00"", ""mode"": ""single"", ""current"": 0, ""friendly_name"": ""auto-banheiro""}"
2025-07-11T17:16:55.504942,automation.auto_banheiro,on,on,"{""id"": ""1747870075916"", ""last_triggered"": ""2025-07-11T20:16:55.500183+00:00"", ""mode"": ""single"", ""current"": 1, ""friendly_name"": ""auto-banheiro""}"
2025-07-11T17:16:55.506527,automation.auto_banheiro,on,on,"{""id"": ""1747870075916"", ""last_triggered"": ""2025-07-11T20:16:55.500183+00:00"", ""mode"": ""single"", ""current"": 0, ""friendly_name"": ""auto-banheiro""}"
2025-07-11T17:17:00.511776,automation.auto_banheiro,on,on,"{""id"": ""1747870075916"", ""last_triggered"": ""2025-07-11T20:17:00.499871+00:00"", ""mode"": ""single"", ""current"": 1, ""friendly_name"": ""auto-banheiro""}"
2025-07-11T17:17:00.513780,automation.auto_banheiro,on,on,"{""id"": ""1747870075916"", ""last_triggered"": ""2025-07-11T20:17:00.499871+00:00"", ""mode"": ""single"", ""current"": 0, ""friendly_name"": ""auto-banheiro""}"
2025-07-11T17:17:04.156986,weather.forecast_home,rainy,partlycloudy,"{""temperature"": 24.8, ""dew_point"": 19.8, ""temperature_unit"": ""\u00b0C"", ""humidity"": 74, ""cloud_coverage"": 71.9, ""uv_index"": 0.0, ""pressure"": 1020.7, ""pressure_unit"": ""hPa"", ""wind_bearing"": 132.3, ""wind_speed"": 30.2, ""wind_speed_unit"": ""km/h"", ""visibility_unit"": ""km"", ""precipitation_unit"": ""mm"", ""attribution"": ""Weather forecast from met.no, delivered by the Norwegian Meteorological Institute."", ""friendly_name"": ""Forecast Home"", ""supported_features"": 3}"
2025-07-11T17:17:05.505345,automation.auto_banheiro,on,on,"{""id"": ""1747870075916"", ""last_triggered"": ""2025-07-11T20:17:05.500428+00:00"", ""mode"": ""single"", ""current"": 1, ""friendly_name"": ""auto-banheiro""}"
2025-07-11T17:17:05.520583,automation.auto_banheiro,on,on,"{""id"": ""1747870075916"", ""last_triggered"": ""2025-07-11T20:17:05.500428+00:00"", ""mode"": ""single"", ""current"": 0, ""friendly_name"": ""auto-banheiro""}"
2025-07-11T17:17:07.625518,sensor.arris_tg1692a_router_download_speed,0.002055197807789,0.00494432500970178,"{""state_class"": ""measurement"", ""unit_of_measurement"": ""Mbit/s"", ""device_class"": ""data_rate"", ""friendly_name"": ""ARRIS TG1692A Router Download speed""}"
2025-07-11T17:17:07.627701,sensor.arris_tg1692a_router_upload_speed,0.00144479845888164,0.00223949309268516,"{""state_class"": ""measurement"", ""unit_of_measurement"": ""Mbit/s"", ""device_class"": ""data_rate"", ""friendly_name"": ""ARRIS TG1692A Router Upload speed""}"
2025-07-11T17:17:10.115346,automation.aut_status_bruno,on,on,"{""id"": ""1751855857509"", ""last_triggered"": ""2025-07-11T20:17:10.108122+00:00"", ""mode"": ""single"", ""current"": 1, ""friendly_name"": ""aut-status-bruno""}"
2025-07-11T17:17:10.118092,automation.aut_status_bruno,on,on,"{""id"": ""1751855857509"", ""last_triggered"": ""2025-07-11T20:17:10.108122+00:00"", ""mode"": ""single"", ""current"": 0, ""friendly_name"": ""aut-status-bruno""}"
2025-07-11T17:17:10.265566,automation.aut_lampada_quarto,on,on,"{""id"": ""1746067262247"", ""last_triggered"": ""2025-07-11T20:17:10.255565+00:00"", ""mode"": ""single"", ""current"": 1, ""friendly_name"": ""aut-quarto""}"
2025-07-11T17:17:10.269098,automation.aut_lampada_quarto,on,on,"{""id"": ""1746067262247"", ""last_triggered"": ""2025-07-11T20:17:10.255565+00:00"", ""mode"": ""single"", ""current"": 0, ""friendly_name"": ""aut-quarto""}"
2025-07-11T17:17:10.509708,automation.auto_banheiro,on,on,"{""id"": ""1747870075916"", ""last_triggered"": ""2025-07-11T20:17:10.500647+00:00"", ""mode"": ""single"", ""current"": 1, ""friendly_name"": ""auto-banheiro""}"
2025-07-11T17:17:10.512708,automation.auto_banheiro,on,on,"{""id"": ""1747870075916"", ""last_triggered"": ""2025-07-11T20:17:10.500647+00:00"", ""mode"": ""single"", ""current"": 0, ""friendly_name"": ""auto-banheiro""}"
2025-07-11T17:17:15.507619,automation.auto_banheiro,on,on,"{""id"": ""1747870075916"", ""last_triggered"": ""2025-07-11T20:17:15.500318+00:00"", ""mode"": ""single"", ""current"": 1, ""friendly_name"": ""auto-banheiro""}"
2025-07-11T17:17:15.509439,automation.auto_banheiro,on,on,"{""id"": ""1747870075916"", ""last_triggered"": ""2025-07-11T20:17:15.500318+00:00"", ""mode"": ""single"", ""current"": 0, ""friendly_name"": ""auto-banheiro""}"
2025-07-11T17:17:20.506472,automation.auto_banheiro,on,on,"{""id"": ""1747870075916"", ""last_triggered"": ""2025-07-11T20:17:20.500805+00:00"", ""mode"": ""single"", ""current"": 1, ""friendly_name"": ""auto-banheiro""}"
2025-07-11T17:17:20.509509,automation.auto_banheiro,on,on,"{""id"": ""1747870075916"", ""last_triggered"": ""2025-07-11T20:17:20.500805+00:00"", ""mode"": ""single"", ""current"": 0, ""friendly_name"": ""auto-banheiro""}"
2025-07-11T17:17:25.506305,automation.auto_banheiro,on,on,"{""id"": ""1747870075916"", ""last_triggered"": ""2025-07-11T20:17:25.500049+00:00"", ""mode"": ""single"", ""current"": 1, ""friendly_name"": ""auto-banheiro""}"
2025-07-11T17:17:25.507927,automation.auto_banheiro,on,on,"{""id"": ""1747870075916"", ""last_triggered"": ""2025-07-11T20:17:25.500049+00:00"", ""mode"": ""single"", ""current"": 0, ""friendly_name"": ""auto-banheiro""}"
2025-07-11T17:17:30.507276,automation.auto_banheiro,on,on,"{""id"": ""1747870075916"", ""last_triggered"": ""2025-07-11T20:17:30.500798+00:00"", ""mode"": ""single"", ""current"": 1, ""friendly_name"": ""auto-banheiro""}"
2025-07-11T17:17:30.508837,automation.auto_banheiro,on,on,"{""id"": ""1747870075916"", ""last_triggered"": ""2025-07-11T20:17:30.500798+00:00"", ""mode"": ""single"", ""current"": 0, ""friendly_name"": ""auto-banheiro""}"
2025-07-11T17:17:35.507333,automation.auto_banheiro,on,on,"{""id"": ""1747870075916"", ""last_triggered"": ""2025-07-11T20:17:35.499964+00:00"", ""mode"": ""single"", ""current"": 1, ""friendly_name"": ""auto-banheiro""}"
2025-07-11T17:17:35.508900,automation.auto_banheiro,on,on,"{""id"": ""1747870075916"", ""last_triggered"": ""2025-07-11T20:17:35.499964+00:00"", ""mode"": ""single"", ""current"": 0, ""friendly_name"": ""auto-banheiro""}"
2025-07-11T17:17:37.623995,sensor.arris_tg1692a_router_download_speed,0.00494432500970178,0.00186025277677927,"{""state_class"": ""measurement"", ""unit_of_measurement"": ""Mbit/s"", ""device_class"": ""data_rate"", ""friendly_name"": ""ARRIS TG1692A Router Download speed""}"
2025-07-11T17:17:37.625634,sensor.arris_tg1692a_router_upload_speed,0.00223949309268516,0.00130052362275695,"{""state_class"": ""measurement"", ""unit_of_measurement"": ""Mbit/s"", ""device_class"": ""data_rate"", ""friendly_name"": ""ARRIS TG1692A Router Upload speed""}"
2025-07-11T17:17:40.515149,automation.auto_banheiro,on,on,"{""id"": ""1747870075916"", ""last_triggered"": ""2025-07-11T20:17:40.501044+00:00"", ""mode"": ""single"", ""current"": 1, ""friendly_name"": ""auto-banheiro""}"
2025-07-11T17:17:40.519085,automation.auto_banheiro,on,on,"{""id"": ""1747870075916"", ""last_triggered"": ""2025-07-11T20:17:40.501044+00:00"", ""mode"": ""single"", ""current"": 0, ""friendly_name"": ""auto-banheiro""}"
2025-07-11T17:17:45.013165,sun.sun,above_horizon,above_horizon,"{""next_dawn"": ""2025-07-12T08:34:18.375179+00:00"", ""next_dusk"": ""2025-07-11T20:45:05.377064+00:00"", ""next_midnight"": ""2025-07-12T02:39:47+00:00"", ""next_noon"": ""2025-07-12T14:39:42+00:00"", ""next_rising"": ""2025-07-12T08:57:34.507646+00:00"", ""next_setting"": ""2025-07-11T20:21:48.212490+00:00"", ""elevation"": 0.59, ""azimuth"": 292.62, ""rising"": false, ""friendly_name"": ""Sun""}"
2025-07-11T17:17:45.507771,automation.auto_banheiro,on,on,"{""id"": ""1747870075916"", ""last_triggered"": ""2025-07-11T20:17:45.500852+00:00"", ""mode"": ""single"", ""current"": 1, ""friendly_name"": ""auto-banheiro""}"
2025-07-11T17:17:45.509656,automation.auto_banheiro,on,on,"{""id"": ""1747870075916"", ""last_triggered"": ""2025-07-11T20:17:45.500852+00:00"", ""mode"": ""single"", ""current"": 0, ""friendly_name"": ""auto-banheiro""}"
2025-07-11T17:17:50.512406,automation.auto_banheiro,on,on,"{""id"": ""1747870075916"", ""last_triggered"": ""2025-07-11T20:17:50.501555+00:00"", ""mode"": ""single"", ""current"": 1, ""friendly_name"": ""auto-banheiro""}"
2025-07-11T17:17:50.515895,automation.auto_banheiro,on,on,"{""id"": ""1747870075916"", ""last_triggered"": ""2025-07-11T20:17:50.501555+00:00"", ""mode"": ""single"", ""current"": 0, ""friendly_name"": ""auto-banheiro""}"
2025-07-11T17:17:55.505942,automation.auto_banheiro,on,on,"{""id"": ""1747870075916"", ""last_triggered"": ""2025-07-11T20:17:55.500783+00:00"", ""mode"": ""single"", ""current"": 1, ""friendly_name"": ""auto-banheiro""}"
2025-07-11T17:17:55.507745,automation.auto_banheiro,on,on,"{""id"": ""1747870075916"", ""last_triggered"": ""2025-07-11T20:17:55.500783+00:00"", ""mode"": ""single"", ""current"": 0, ""friendly_name"": ""auto-banheiro""}"
2025-07-11T17:18:00.504530,automation.auto_banheiro,on,on,"{""id"": ""1747870075916"", ""last_triggered"": ""2025-07-11T20:18:00.499823+00:00"", ""mode"": ""single"", ""current"": 1, ""friendly_name"": ""auto-banheiro""}"
2025-07-11T17:18:00.507609,automation.auto_banheiro,on,on,"{""id"": ""1747870075916"", ""last_triggered"": ""2025-07-11T20:18:00.499823+00:00"", ""mode"": ""single"", ""current"": 0, ""friendly_name"": ""auto-banheiro""}"
2025-07-11T17:18:05.519757,automation.auto_banheiro,on,on,"{""id"": ""1747870075916"", ""last_triggered"": ""2025-07-11T20:18:05.500603+00:00"", ""mode"": ""single"", ""current"": 1, ""friendly_name"": ""auto-banheiro""}"
2025-07-11T17:18:05.521293,automation.auto_banheiro,on,on,"{""id"": ""1747870075916"", ""last_triggered"": ""2025-07-11T20:18:05.500603+00:00"", ""mode"": ""single"", ""current"": 0, ""friendly_name"": ""auto-banheiro""}"
2025-07-11T17:18:07.630041,sensor.arris_tg1692a_router_download_speed,0.00186025277677927,0.00134236165320211,"{""state_class"": ""measurement"", ""unit_of_measurement"": ""Mbit/s"", ""device_class"": ""data_rate"", ""friendly_name"": ""ARRIS TG1692A Router Download speed""}"
2025-07-11T17:18:07.635030,sensor.arris_tg1692a_router_upload_speed,0.00130052362275695,0.000987705117890466,"{""state_class"": ""measurement"", ""unit_of_measurement"": ""Mbit/s"", ""device_class"": ""data_rate"", ""friendly_name"": ""ARRIS TG1692A Router Upload speed""}"
2025-07-11T17:18:10.118947,automation.aut_status_bruno,on,on,"{""id"": ""1751855857509"", ""last_triggered"": ""2025-07-11T20:18:10.108016+00:00"", ""mode"": ""single"", ""current"": 1, ""friendly_name"": ""aut-status-bruno""}"
2025-07-11T17:18:10.121236,automation.aut_status_bruno,on,on,"{""id"": ""1751855857509"", ""last_triggered"": ""2025-07-11T20:18:10.108016+00:00"", ""mode"": ""single"", ""current"": 0, ""friendly_name"": ""aut-status-bruno""}"
2025-07-11T17:18:10.258453,automation.aut_lampada_quarto,on,on,"{""id"": ""1746067262247"", ""last_triggered"": ""2025-07-11T20:18:10.254415+00:00"", ""mode"": ""single"", ""current"": 1, ""friendly_name"": ""aut-quarto""}"
2025-07-11T17:18:10.260057,automation.aut_lampada_quarto,on,on,"{""id"": ""1746067262247"", ""last_triggered"": ""2025-07-11T20:18:10.254415+00:00"", ""mode"": ""single"", ""current"": 0, ""friendly_name"": ""aut-quarto""}"
2025-07-11T17:18:10.505746,automation.auto_banheiro,on,on,"{""id"": ""1747870075916"", ""last_triggered"": ""2025-07-11T20:18:10.500696+00:00"", ""mode"": ""single"", ""current"": 1, ""friendly_name"": ""auto-banheiro""}"
2025-07-11T17:18:10.507730,automation.auto_banheiro,on,on,"{""id"": ""1747870075916"", ""last_triggered"": ""2025-07-11T20:18:10.500696+00:00"", ""mode"": ""single"", ""current"": 0, ""friendly_name"": ""auto-banheiro""}"
2025-07-11T17:18:15.507007,automation.auto_banheiro,on,on,"{""id"": ""1747870075916"", ""last_triggered"": ""2025-07-11T20:18:15.501776+00:00"", ""mode"": ""single"", ""current"": 1, ""friendly_name"": ""auto-banheiro""}"
2025-07-11T17:18:15.508813,automation.auto_banheiro,on,on,"{""id"": ""1747870075916"", ""last_triggered"": ""2025-07-11T20:18:15.501776+00:00"", ""mode"": ""single"", ""current"": 0, ""friendly_name"": ""auto-banheiro""}"
2025-07-11T17:18:20.515607,automation.auto_banheiro,on,on,"{""id"": ""1747870075916"", ""last_triggered"": ""2025-07-11T20:18:20.502170+00:00"", ""mode"": ""single"", ""current"": 1, ""friendly_name"": ""auto-banheiro""}"
2025-07-11T17:18:20.520036,automation.auto_banheiro,on,on,"{""id"": ""1747870075916"", ""last_triggered"": ""2025-07-11T20:18:20.502170+00:00"", ""mode"": ""single"", ""current"": 0, ""friendly_name"": ""auto-banheiro""}"
2025-07-11T17:18:25.504734,automation.auto_banheiro,on,on,"{""id"": ""1747870075916"", ""last_triggered"": ""2025-07-11T20:18:25.499920+00:00"", ""mode"": ""single"", ""current"": 1, ""friendly_name"": ""auto-banheiro""}"
2025-07-11T17:18:25.506418,automation.auto_banheiro,on,on,"{""id"": ""1747870075916"", ""last_triggered"": ""2025-07-11T20:18:25.499920+00:00"", ""mode"": ""single"", ""current"": 0, ""friendly_name"": ""auto-banheiro""}"
2025-07-11T17:18:30.504927,automation.auto_banheiro,on,on,"{""id"": ""1747870075916"", ""last_triggered"": ""2025-07-11T20:18:30.500127+00:00"", ""mode"": ""single"", ""current"": 1, ""friendly_name"": ""auto-banheiro""}"
2025-07-11T17:18:30.506583,automation.auto_banheiro,on,on,"{""id"": ""1747870075916"", ""last_triggered"": ""2025-07-11T20:18:30.500127+00:00"", ""mode"": ""single"", ""current"": 0, ""friendly_name"": ""auto-banheiro""}"
2025-07-11T17:18:35.508762,automation.auto_banheiro,on,on,"{""id"": ""1747870075916"", ""last_triggered"": ""2025-07-11T20:18:35.500369+00:00"", ""mode"": ""single"", ""current"": 1, ""friendly_name"": ""auto-banheiro""}"
2025-07-11T17:18:35.510562,automation.auto_banheiro,on,on,"{""id"": ""1747870075916"", ""last_triggered"": ""2025-07-11T20:18:35.500369+00:00"", ""mode"": ""single"", ""current"": 0, ""friendly_name"": ""auto-banheiro""}"
2025-07-11T17:18:37.612217,sensor.arris_tg1692a_router_download_speed,0.00134236165320211,0.00208853939009756,"{""state_class"": ""measurement"", ""unit_of_measurement"": ""Mbit/s"", ""device_class"": ""data_rate"", ""friendly_name"": ""ARRIS TG1692A Router Download speed""}"
2025-07-11T17:18:37.613840,sensor.arris_tg1692a_router_upload_speed,0.000987705117890466,0.00138693735545166,"{""state_class"": ""measurement"", ""unit_of_measurement"": ""Mbit/s"", ""device_class"": ""data_rate"", ""friendly_name"": ""ARRIS TG1692A Router Upload speed""}"
2025-07-11T17:18:40.510788,automation.auto_banheiro,on,on,"{""id"": ""1747870075916"", ""last_triggered"": ""2025-07-11T20:18:40.500517+00:00"", ""mode"": ""single"", ""current"": 1, ""friendly_name"": ""auto-banheiro""}"
2025-07-11T17:18:40.514431,automation.auto_banheiro,on,on,"{""id"": ""1747870075916"", ""last_triggered"": ""2025-07-11T20:18:40.500517+00:00"", ""mode"": ""single"", ""current"": 0, ""friendly_name"": ""auto-banheiro""}"
2025-07-11T17:18:45.505679,automation.auto_banheiro,on,on,"{""id"": ""1747870075916"", ""last_triggered"": ""2025-07-11T20:18:45.500811+00:00"", ""mode"": ""single"", ""current"": 1, ""friendly_name"": ""auto-banheiro""}"
2025-07-11T17:18:45.507364,automation.auto_banheiro,on,on,"{""id"": ""1747870075916"", ""last_triggered"": ""2025-07-11T20:18:45.500811+00:00"", ""mode"": ""single"", ""current"": 0, ""friendly_name"": ""auto-banheiro""}"
2025-07-11T17:18:50.505972,automation.auto_banheiro,on,on,"{""id"": ""1747870075916"", ""last_triggered"": ""2025-07-11T20:18:50.500797+00:00"", ""mode"": ""single"", ""current"": 1, ""friendly_name"": ""auto-banheiro""}"
2025-07-11T17:18:50.507935,automation.auto_banheiro,on,on,"{""id"": ""1747870075916"", ""last_triggered"": ""2025-07-11T20:18:50.500797+00:00"", ""mode"": ""single"", ""current"": 0, ""friendly_name"": ""auto-banheiro""}"
2025-07-11T17:18:55.512761,automation.auto_banheiro,on,on,"{""id"": ""1747870075916"", ""last_triggered"": ""2025-07-11T20:18:55.500206+00:00"", ""mode"": ""single"", ""current"": 1, ""friendly_name"": ""auto-banheiro""}"
2025-07-11T17:18:55.514609,automation.auto_banheiro,on,on,"{""id"": ""1747870075916"", ""last_triggered"": ""2025-07-11T20:18:55.500206+00:00"", ""mode"": ""single"", ""current"": 0, ""friendly_name"": ""auto-banheiro""}"
2025-07-11T17:19:00.507111,automation.auto_banheiro,on,on,"{""id"": ""1747870075916"", ""last_triggered"": ""2025-07-11T20:19:00.500343+00:00"", ""mode"": ""single"", ""current"": 1, ""friendly_name"": ""auto-banheiro""}"
2025-07-11T17:19:00.509822,automation.auto_banheiro,on,on,"{""id"": ""1747870075916"", ""last_triggered"": ""2025-07-11T20:19:00.500343+00:00"", ""mode"": ""single"", ""current"": 0, ""friendly_name"": ""auto-banheiro""}"
2025-07-11T17:19:05.505777,automation.auto_banheiro,on,on,"{""id"": ""1747870075916"", ""last_triggered"": ""2025-07-11T20:19:05.500347+00:00"", ""mode"": ""single"", ""current"": 1, ""friendly_name"": ""auto-banheiro""}"
2025-07-11T17:19:05.507531,automation.auto_banheiro,on,on,"{""id"": ""1747870075916"", ""last_triggered"": ""2025-07-11T20:19:05.500347+00:00"", ""mode"": ""single"", ""current"": 0, ""friendly_name"": ""auto-banheiro""}"
2025-07-11T17:19:07.614497,sensor.arris_tg1692a_router_download_speed,0.00208853939009756,0.00147467025503095,"{""state_class"": ""measurement"", ""unit_of_measurement"": ""Mbit/s"", ""device_class"": ""data_rate"", ""friendly_name"": ""ARRIS TG1692A Router Download speed""}"
2025-07-11T17:19:07.616216,sensor.arris_tg1692a_router_upload_speed,0.00138693735545166,0.00109893600741095,"{""state_class"": ""measurement"", ""unit_of_measurement"": ""Mbit/s"", ""device_class"": ""data_rate"", ""friendly_name"": ""ARRIS TG1692A Router Upload speed""}"
2025-07-11T17:19:10.126592,automation.aut_status_bruno,on,on,"{""id"": ""1751855857509"", ""last_triggered"": ""2025-07-11T20:19:10.108546+00:00"", ""mode"": ""single"", ""current"": 1, ""friendly_name"": ""aut-status-bruno""}"
2025-07-11T17:19:10.133033,automation.aut_status_bruno,on,on,"{""id"": ""1751855857509"", ""last_triggered"": ""2025-07-11T20:19:10.108546+00:00"", ""mode"": ""single"", ""current"": 0, ""friendly_name"": ""aut-status-bruno""}"
2025-07-11T17:19:10.259521,automation.aut_lampada_quarto,on,on,"{""id"": ""1746067262247"", ""last_triggered"": ""2025-07-11T20:19:10.255503+00:00"", ""mode"": ""single"", ""current"": 1, ""friendly_name"": ""aut-quarto""}"
2025-07-11T17:19:10.261066,automation.aut_lampada_quarto,on,on,"{""id"": ""1746067262247"", ""last_triggered"": ""2025-07-11T20:19:10.255503+00:00"", ""mode"": ""single"", ""current"": 0, ""friendly_name"": ""aut-quarto""}"
2025-07-11T17:19:10.505302,automation.auto_banheiro,on,on,"{""id"": ""1747870075916"", ""last_triggered"": ""2025-07-11T20:19:10.500437+00:00"", ""mode"": ""single"", ""current"": 1, ""friendly_name"": ""auto-banheiro""}"
2025-07-11T17:19:10.506841,automation.auto_banheiro,on,on,"{""id"": ""1747870075916"", ""last_triggered"": ""2025-07-11T20:19:10.500437+00:00"", ""mode"": ""single"", ""current"": 0, ""friendly_name"": ""auto-banheiro""}"
2025-07-11T17:19:15.508818,automation.auto_banheiro,on,on,"{""id"": ""1747870075916"", ""last_triggered"": ""2025-07-11T20:19:15.500622+00:00"", ""mode"": ""single"", ""current"": 1, ""friendly_name"": ""auto-banheiro""}"
2025-07-11T17:19:15.511740,automation.auto_banheiro,on,on,"{""id"": ""1747870075916"", ""last_triggered"": ""2025-07-11T20:19:15.500622+00:00"", ""mode"": ""single"", ""current"": 0, ""friendly_name"": ""auto-banheiro""}"
2025-07-11T17:19:20.505865,automation.auto_banheiro,on,on,"{""id"": ""1747870075916"", ""last_triggered"": ""2025-07-11T20:19:20.500773+00:00"", ""mode"": ""single"", ""current"": 1, ""friendly_name"": ""auto-banheiro""}"
2025-07-11T17:19:20.508865,automation.auto_banheiro,on,on,"{""id"": ""1747870075916"", ""last_triggered"": ""2025-07-11T20:19:20.500773+00:00"", ""mode"": ""single"", ""current"": 0, ""friendly_name"": ""auto-banheiro""}"
2025-07-11T17:19:24.977221,camera.192_168_0_33,idle,idle,"{""access_token"": ""6ebdcd6c46af1b321a437367d37da343377bc9761089776dcc66b66a82117b"", ""entity_picture"": ""/api/camera_proxy/camera.192_168_0_33?token=6ebdcd6c46af1b321a437367d37da343377bc9761089776dcc66b66a82117b"", ""friendly_name"": ""192_168_0_14"", ""supported_features"": 2}"
2025-07-11T17:19:24.981229,camera.admin_mainstream,idle,idle,"{""access_token"": ""4d601d47e036cc95f7b5f7944a0a9959609e8cabec325ca067b847e14a648d00"", ""entity_picture"": ""/api/camera_proxy/camera.admin_mainstream?token=4d601d47e036cc95f7b5f7944a0a9959609e8cabec325ca067b847e14a648d00"", ""friendly_name"": ""admin MainStream"", ""supported_features"": 2}"
2025-07-11T17:19:24.985126,camera.admin_substream,idle,idle,"{""access_token"": ""53a5d729699d03873b42f86f4d50ee615c05ff04a63da100b65da55320438715"", ""entity_picture"": ""/api/camera_proxy/camera.admin_substream?token=53a5d729699d03873b42f86f4d50ee615c05ff04a63da100b65da55320438715"", ""friendly_name"": ""admin SubStream"", ""supported_features"": 2}"
2025-07-11T17:19:25.513693,automation.auto_banheiro,on,on,"{""id"": ""1747870075916"", ""last_triggered"": ""2025-07-11T20:19:25.501471+00:00"", ""mode"": ""single"", ""current"": 1, ""friendly_name"": ""auto-banheiro""}"
2025-07-11T17:19:25.517767,automation.auto_banheiro,on,on,"{""id"": ""1747870075916"", ""last_triggered"": ""2025-07-11T20:19:25.501471+00:00"", ""mode"": ""single"", ""current"": 0, ""friendly_name"": ""auto-banheiro""}"
2025-07-11T17:19:30.505512,automation.auto_banheiro,on,on,"{""id"": ""1747870075916"", ""last_triggered"": ""2025-07-11T20:19:30.500705+00:00"", ""mode"": ""single"", ""current"": 1, ""friendly_name"": ""auto-banheiro""}"
2025-07-11T17:19:30.507156,automation.auto_banheiro,on,on,"{""id"": ""1747870075916"", ""last_triggered"": ""2025-07-11T20:19:30.500705+00:00"", ""mode"": ""single"", ""current"": 0, ""friendly_name"": ""auto-banheiro""}"
2025-07-11T17:19:35.506731,automation.auto_banheiro,on,on,"{""id"": ""1747870075916"", ""last_triggered"": ""2025-07-11T20:19:35.499891+00:00"", ""mode"": ""single"", ""current"": 1, ""friendly_name"": ""auto-banheiro""}"
2025-07-11T17:19:35.508516,automation.auto_banheiro,on,on,"{""id"": ""1747870075916"", ""last_triggered"": ""2025-07-11T20:19:35.499891+00:00"", ""mode"": ""single"", ""current"": 0, ""friendly_name"": ""auto-banheiro""}"
2025-07-11T17:19:37.613540,sensor.arris_tg1692a_router_download_speed,0.00147467025503095,0.00289714093004584,"{""state_class"": ""measurement"", ""unit_of_measurement"": ""Mbit/s"", ""device_class"": ""data_rate"", ""friendly_name"": ""ARRIS TG1692A Router Download speed""}"
2025-07-11T17:19:37.615169,sensor.arris_tg1692a_router_upload_speed,0.00109893600741095,0.00337768658136604,"{""state_class"": ""measurement"", ""unit_of_measurement"": ""Mbit/s"", ""device_class"": ""data_rate"", ""friendly_name"": ""ARRIS TG1692A Router Upload speed""}"
2025-07-11T17:19:40.523163,automation.auto_banheiro,on,on,"{""id"": ""1747870075916"", ""last_triggered"": ""2025-07-11T20:19:40.500001+00:00"", ""mode"": ""single"", ""current"": 1, ""friendly_name"": ""auto-banheiro""}"
2025-07-11T17:19:40.524879,automation.auto_banheiro,on,on,"{""id"": ""1747870075916"", ""last_triggered"": ""2025-07-11T20:19:40.500001+00:00"", ""mode"": ""single"", ""current"": 0, ""friendly_name"": ""auto-banheiro""}"
2025-07-11T17:19:45.010311,sun.sun,above_horizon,above_horizon,"{""next_dawn"": ""2025-07-12T08:34:18.375179+00:00"", ""next_dusk"": ""2025-07-11T20:45:05.377064+00:00"", ""next_midnight"": ""2025-07-12T02:39:47+00:00"", ""next_noon"": ""2025-07-12T14:39:42+00:00"", ""next_rising"": ""2025-07-12T08:57:34.507646+00:00"", ""next_setting"": ""2025-07-11T20:21:48.212490+00:00"", ""elevation"": 0.21, ""azimuth"": 292.51, ""rising"": false, ""friendly_name"": ""Sun""}"
2025-07-11T17:19:45.505445,automation.auto_banheiro,on,on,"{""id"": ""1747870075916"", ""last_triggered"": ""2025-07-11T20:19:45.500684+00:00"", ""mode"": ""single"", ""current"": 1, ""friendly_name"": ""auto-banheiro""}"
2025-07-11T17:19:45.507032,automation.auto_banheiro,on,on,"{""id"": ""1747870075916"", ""last_triggered"": ""2025-07-11T20:19:45.500684+00:00"", ""mode"": ""single"", ""current"": 0, ""friendly_name"": ""auto-banheiro""}"
2025-07-11T17:19:50.504885,automation.auto_banheiro,on,on,"{""id"": ""1747870075916"", ""last_triggered"": ""2025-07-11T20:19:50.500147+00:00"", ""mode"": ""single"", ""current"": 1, ""friendly_name"": ""auto-banheiro""}"
2025-07-11T17:19:50.507035,automation.auto_banheiro,on,on,"{""id"": ""1747870075916"", ""last_triggered"": ""2025-07-11T20:19:50.500147+00:00"", ""mode"": ""single"", ""current"": 0, ""friendly_name"": ""auto-banheiro""}"
2025-07-11T17:19:55.509615,automation.auto_banheiro,on,on,"{""id"": ""1747870075916"", ""last_triggered"": ""2025-07-11T20:19:55.501483+00:00"", ""mode"": ""single"", ""current"": 1, ""friendly_name"": ""auto-banheiro""}"
2025-07-11T17:19:55.512570,automation.auto_banheiro,on,on,"{""id"": ""1747870075916"", ""last_triggered"": ""2025-07-11T20:19:55.501483+00:00"", ""mode"": ""single"", ""current"": 0, ""friendly_name"": ""auto-banheiro""}"
2025-07-11T17:20:00.506634,automation.auto_banheiro,on,on,"{""id"": ""1747870075916"", ""last_triggered"": ""2025-07-11T20:20:00.501105+00:00"", ""mode"": ""single"", ""current"": 1, ""friendly_name"": ""auto-banheiro""}"
2025-07-11T17:20:00.513997,automation.auto_banheiro,on,on,"{""id"": ""1747870075916"", ""last_triggered"": ""2025-07-11T20:20:00.501105+00:00"", ""mode"": ""single"", ""current"": 0, ""friendly_name"": ""auto-banheiro""}"
2025-07-11T17:20:04.504490,sensor.tomada_mesa_de_trabalho_voltage,130.8,131.6,"{""state_class"": ""measurement"", ""unit_of_measurement"": ""V"", ""device_class"": ""voltage"", ""friendly_name"": ""Tomada mesa de trabalho Voltage""}"
2025-07-11T17:20:05.506330,automation.auto_banheiro,on,on,"{""id"": ""1747870075916"", ""last_triggered"": ""2025-07-11T20:20:05.500650+00:00"", ""mode"": ""single"", ""current"": 1, ""friendly_name"": ""auto-banheiro""}"
2025-07-11T17:20:05.521482,automation.auto_banheiro,on,on,"{""id"": ""1747870075916"", ""last_triggered"": ""2025-07-11T20:20:05.500650+00:00"", ""mode"": ""single"", ""current"": 0, ""friendly_name"": ""auto-banheiro""}"
2025-07-11T17:20:07.624339,sensor.arris_tg1692a_router_download_speed,0.00289714093004584,0.00183542726616135,"{""state_class"": ""measurement"", ""unit_of_measurement"": ""Mbit/s"", ""device_class"": ""data_rate"", ""friendly_name"": ""ARRIS TG1692A Router Download speed""}"
2025-07-11T17:20:07.630415,sensor.arris_tg1692a_router_upload_speed,0.00337768658136604,0.00115970843825886,"{""state_class"": ""measurement"", ""unit_of_measurement"": ""Mbit/s"", ""device_class"": ""data_rate"", ""friendly_name"": ""ARRIS TG1692A Router Upload speed""}"
2025-07-11T17:20:10.123128,automation.aut_status_bruno,on,on,"{""id"": ""1751855857509"", ""last_triggered"": ""2025-07-11T20:20:10.109129+00:00"", ""mode"": ""single"", ""current"": 1, ""friendly_name"": ""aut-status-bruno""}"
2025-07-11T17:20:10.127278,automation.aut_status_bruno,on,on,"{""id"": ""1751855857509"", ""last_triggered"": ""2025-07-11T20:20:10.109129+00:00"", ""mode"": ""single"", ""current"": 0, ""friendly_name"": ""aut-status-bruno""}"
2025-07-11T17:20:10.264542,automation.aut_lampada_quarto,on,on,"{""id"": ""1746067262247"", ""last_triggered"": ""2025-07-11T20:20:10.255382+00:00"", ""mode"": ""single"", ""current"": 1, ""friendly_name"": ""aut-quarto""}"
2025-07-11T17:20:10.268402,automation.aut_lampada_quarto,on,on,"{""id"": ""1746067262247"", ""last_triggered"": ""2025-07-11T20:20:10.255382+00:00"", ""mode"": ""single"", ""current"": 0, ""friendly_name"": ""aut-quarto""}"
2025-07-11T17:20:10.509023,automation.auto_banheiro,on,on,"{""id"": ""1747870075916"", ""last_triggered"": ""2025-07-11T20:20:10.501167+00:00"", ""mode"": ""single"", ""current"": 1, ""friendly_name"": ""auto-banheiro""}"
2025-07-11T17:20:10.511776,automation.auto_banheiro,on,on,"{""id"": ""1747870075916"", ""last_triggered"": ""2025-07-11T20:20:10.501167+00:00"", ""mode"": ""single"", ""current"": 0, ""friendly_name"": ""auto-banheiro""}"
2025-07-11T17:20:15.510426,automation.auto_banheiro,on,on,"{""id"": ""1747870075916"", ""last_triggered"": ""2025-07-11T20:20:15.500952+00:00"", ""mode"": ""single"", ""current"": 1, ""friendly_name"": ""auto-banheiro""}"
2025-07-11T17:20:15.512608,automation.auto_banheiro,on,on,"{""id"": ""1747870075916"", ""last_triggered"": ""2025-07-11T20:20:15.500952+00:00"", ""mode"": ""single"", ""current"": 0, ""friendly_name"": ""auto-banheiro""}"
2025-07-11T17:20:20.506276,automation.auto_banheiro,on,on,"{""id"": ""1747870075916"", ""last_triggered"": ""2025-07-11T20:20:20.500686+00:00"", ""mode"": ""single"", ""current"": 1, ""friendly_name"": ""auto-banheiro""}"
2025-07-11T17:20:20.508015,automation.auto_banheiro,on,on,"{""id"": ""1747870075916"", ""last_triggered"": ""2025-07-11T20:20:20.500686+00:00"", ""mode"": ""single"", ""current"": 0, ""friendly_name"": ""auto-banheiro""}"
2025-07-11T17:20:25.507209,automation.auto_banheiro,on,on,"{""id"": ""1747870075916"", ""last_triggered"": ""2025-07-11T20:20:25.500595+00:00"", ""mode"": ""single"", ""current"": 1, ""friendly_name"": ""auto-banheiro""}"
2025-07-11T17:20:25.511238,automation.auto_banheiro,on,on,"{""id"": ""1747870075916"", ""last_triggered"": ""2025-07-11T20:20:25.500595+00:00"", ""mode"": ""single"", ""current"": 0, ""friendly_name"": ""auto-banheiro""}"
2025-07-11T17:20:30.510512,automation.auto_banheiro,on,on,"{""id"": ""1747870075916"", ""last_triggered"": ""2025-07-11T20:20:30.500834+00:00"", ""mode"": ""single"", ""current"": 1, ""friendly_name"": ""auto-banheiro""}"
2025-07-11T17:20:30.513217,automation.auto_banheiro,on,on,"{""id"": ""1747870075916"", ""last_triggered"": ""2025-07-11T20:20:30.500834+00:00"", ""mode"": ""single"", ""current"": 0, ""friendly_name"": ""auto-banheiro""}"
2025-07-11T17:20:35.504856,automation.auto_banheiro,on,on,"{""id"": ""1747870075916"", ""last_triggered"": ""2025-07-11T20:20:35.500053+00:00"", ""mode"": ""single"", ""current"": 1, ""friendly_name"": ""auto-banheiro""}"
2025-07-11T17:20:35.506407,automation.auto_banheiro,on,on,"{""id"": ""1747870075916"", ""last_triggered"": ""2025-07-11T20:20:35.500053+00:00"", ""mode"": ""single"", ""current"": 0, ""friendly_name"": ""auto-banheiro""}"
2025-07-11T17:20:37.615602,sensor.arris_tg1692a_router_download_speed,0.00183542726616135,0.00218885457544075,"{""state_class"": ""measurement"", ""unit_of_measurement"": ""Mbit/s"", ""device_class"": ""data_rate"", ""friendly_name"": ""ARRIS TG1692A Router Download speed""}"
2025-07-11T17:20:37.617285,sensor.arris_tg1692a_router_upload_speed,0.00115970843825886,0.00122509721242383,"{""state_class"": ""measurement"", ""unit_of_measurement"": ""Mbit/s"", ""device_class"": ""data_rate"", ""friendly_name"": ""ARRIS TG1692A Router Upload speed""}"
2025-07-11T17:20:40.505046,automation.auto_banheiro,on,on,"{""id"": ""1747870075916"", ""last_triggered"": ""2025-07-11T20:20:40.500308+00:00"", ""mode"": ""single"", ""current"": 1, ""friendly_name"": ""auto-banheiro""}"
2025-07-11T17:20:40.506630,automation.auto_banheiro,on,on,"{""id"": ""1747870075916"", ""last_triggered"": ""2025-07-11T20:20:40.500308+00:00"", ""mode"": ""single"", ""current"": 0, ""friendly_name"": ""auto-banheiro""}"
2025-07-11T17:20:45.504804,automation.auto_banheiro,on,on,"{""id"": ""1747870075916"", ""last_triggered"": ""2025-07-11T20:20:45.499977+00:00"", ""mode"": ""single"", ""current"": 1, ""friendly_name"": ""auto-banheiro""}"
2025-07-11T17:20:45.506780,automation.auto_banheiro,on,on,"{""id"": ""1747870075916"", ""last_triggered"": ""2025-07-11T20:20:45.499977+00:00"", ""mode"": ""single"", ""current"": 0, ""friendly_name"": ""auto-banheiro""}"
2025-07-11T17:20:50.514347,automation.auto_banheiro,on,on,"{""id"": ""1747870075916"", ""last_triggered"": ""2025-07-11T20:20:50.501746+00:00"", ""mode"": ""single"", ""current"": 1, ""friendly_name"": ""auto-banheiro""}"
2025-07-11T17:20:50.518387,automation.auto_banheiro,on,on,"{""id"": ""1747870075916"", ""last_triggered"": ""2025-07-11T20:20:50.501746+00:00"", ""mode"": ""single"", ""current"": 0, ""friendly_name"": ""auto-banheiro""}"
2025-07-11T17:20:55.505899,automation.auto_banheiro,on,on,"{""id"": ""1747870075916"", ""last_triggered"": ""2025-07-11T20:20:55.500514+00:00"", ""mode"": ""single"", ""current"": 1, ""friendly_name"": ""auto-banheiro""}"
2025-07-11T17:20:55.508326,automation.auto_banheiro,on,on,"{""id"": ""1747870075916"", ""last_triggered"": ""2025-07-11T20:20:55.500514+00:00"", ""mode"": ""single"", ""current"": 0, ""friendly_name"": ""auto-banheiro""}"
2025-07-11T17:21:00.505612,automation.auto_banheiro,on,on,"{""id"": ""1747870075916"", ""last_triggered"": ""2025-07-11T20:21:00.500570+00:00"", ""mode"": ""single"", ""current"": 1, ""friendly_name"": ""auto-banheiro""}"
2025-07-11T17:21:00.507697,automation.auto_banheiro,on,on,"{""id"": ""1747870075916"", ""last_triggered"": ""2025-07-11T20:21:00.500570+00:00"", ""mode"": ""single"", ""current"": 0, ""friendly_name"": ""auto-banheiro""}"
2025-07-11T17:21:05.530153,automation.auto_banheiro,on,on,"{""id"": ""1747870075916"", ""last_triggered"": ""2025-07-11T20:21:05.500637+00:00"", ""mode"": ""single"", ""current"": 1, ""friendly_name"": ""auto-banheiro""}"
2025-07-11T17:21:05.533457,automation.auto_banheiro,on,on,"{""id"": ""1747870075916"", ""last_triggered"": ""2025-07-11T20:21:05.500637+00:00"", ""mode"": ""single"", ""current"": 0, ""friendly_name"": ""auto-banheiro""}"
2025-07-11T17:21:07.639939,sensor.arris_tg1692a_router_download_speed,0.00218885457544075,0.0013023986976013,"{""state_class"": ""measurement"", ""unit_of_measurement"": ""Mbit/s"", ""device_class"": ""data_rate"", ""friendly_name"": ""ARRIS TG1692A Router Download speed""}"
2025-07-11T17:21:07.643265,sensor.arris_tg1692a_router_upload_speed,0.00122509721242383,0.00110639889360111,"{""state_class"": ""measurement"", ""unit_of_measurement"": ""Mbit/s"", ""device_class"": ""data_rate"", ""friendly_name"": ""ARRIS TG1692A Router Upload speed""}"
2025-07-11T17:21:10.124567,automation.aut_status_bruno,on,on,"{""id"": ""1751855857509"", ""last_triggered"": ""2025-07-11T20:21:10.108781+00:00"", ""mode"": ""single"", ""current"": 1, ""friendly_name"": ""aut-status-bruno""}"
2025-07-11T17:21:10.129342,automation.aut_status_bruno,on,on,"{""id"": ""1751855857509"", ""last_triggered"": ""2025-07-11T20:21:10.108781+00:00"", ""mode"": ""single"", ""current"": 0, ""friendly_name"": ""aut-status-bruno""}"
2025-07-11T17:21:10.262216,automation.aut_lampada_quarto,on,on,"{""id"": ""1746067262247"", ""last_triggered"": ""2025-07-11T20:21:10.255638+00:00"", ""mode"": ""single"", ""current"": 1, ""friendly_name"": ""aut-quarto""}"
2025-07-11T17:21:10.265019,automation.aut_lampada_quarto,on,on,"{""id"": ""1746067262247"", ""last_triggered"": ""2025-07-11T20:21:10.255638+00:00"", ""mode"": ""single"", ""current"": 0, ""friendly_name"": ""aut-quarto""}"
2025-07-11T17:21:10.511419,automation.auto_banheiro,on,on,"{""id"": ""1747870075916"", ""last_triggered"": ""2025-07-11T20:21:10.501166+00:00"", ""mode"": ""single"", ""current"": 1, ""friendly_name"": ""auto-banheiro""}"
2025-07-11T17:21:10.514768,automation.auto_banheiro,on,on,"{""id"": ""1747870075916"", ""last_triggered"": ""2025-07-11T20:21:10.501166+00:00"", ""mode"": ""single"", ""current"": 0, ""friendly_name"": ""auto-banheiro""}"
2025-07-11T17:21:15.505417,automation.auto_banheiro,on,on,"{""id"": ""1747870075916"", ""last_triggered"": ""2025-07-11T20:21:15.500673+00:00"", ""mode"": ""single"", ""current"": 1, ""friendly_name"": ""auto-banheiro""}"
2025-07-11T17:21:15.507088,automation.auto_banheiro,on,on,"{""id"": ""1747870075916"", ""last_triggered"": ""2025-07-11T20:21:15.500673+00:00"", ""mode"": ""single"", ""current"": 0, ""friendly_name"": ""auto-banheiro""}"
2025-07-11T17:21:20.504910,automation.auto_banheiro,on,on,"{""id"": ""1747870075916"", ""last_triggered"": ""2025-07-11T20:21:20.500184+00:00"", ""mode"": ""single"", ""current"": 1, ""friendly_name"": ""auto-banheiro""}"
2025-07-11T17:21:20.506472,automation.auto_banheiro,on,on,"{""id"": ""1747870075916"", ""last_triggered"": ""2025-07-11T20:21:20.500184+00:00"", ""mode"": ""single"", ""current"": 0, ""friendly_name"": ""auto-banheiro""}"
2025-07-11T17:21:25.515814,automation.auto_banheiro,on,on,"{""id"": ""1747870075916"", ""last_triggered"": ""2025-07-11T20:21:25.501665+00:00"", ""mode"": ""single"", ""current"": 1, ""friendly_name"": ""auto-banheiro""}"
2025-07-11T17:21:25.519754,automation.auto_banheiro,on,on,"{""id"": ""1747870075916"", ""last_triggered"": ""2025-07-11T20:21:25.501665+00:00"", ""mode"": ""single"", ""current"": 0, ""friendly_name"": ""auto-banheiro""}"
2025-07-11T17:21:30.518030,automation.auto_banheiro,on,on,"{""id"": ""1747870075916"", ""last_triggered"": ""2025-07-11T20:21:30.501177+00:00"", ""mode"": ""single"", ""current"": 1, ""friendly_name"": ""auto-banheiro""}"
2025-07-11T17:21:30.522221,automation.auto_banheiro,on,on,"{""id"": ""1747870075916"", ""last_triggered"": ""2025-07-11T20:21:30.501177+00:00"", ""mode"": ""single"", ""current"": 0, ""friendly_name"": ""auto-banheiro""}"
2025-07-11T17:21:35.508403,automation.auto_banheiro,on,on,"{""id"": ""1747870075916"", ""last_triggered"": ""2025-07-11T20:21:35.500489+00:00"", ""mode"": ""single"", ""current"": 1, ""friendly_name"": ""auto-banheiro""}"
2025-07-11T17:21:35.510499,automation.auto_banheiro,on,on,"{""id"": ""1747870075916"", ""last_triggered"": ""2025-07-11T20:21:35.500489+00:00"", ""mode"": ""single"", ""current"": 0, ""friendly_name"": ""auto-banheiro""}"
2025-07-11T17:21:37.612960,sensor.arris_tg1692a_router_download_speed,0.0013023986976013,0.00214025625075291,"{""state_class"": ""measurement"", ""unit_of_measurement"": ""Mbit/s"", ""device_class"": ""data_rate"", ""friendly_name"": ""ARRIS TG1692A Router Download speed""}"
2025-07-11T17:21:37.614618,sensor.arris_tg1692a_router_upload_speed,0.00110639889360111,0.00181172451627402,"{""state_class"": ""measurement"", ""unit_of_measurement"": ""Mbit/s"", ""device_class"": ""data_rate"", ""friendly_name"": ""ARRIS TG1692A Router Upload speed""}"
2025-07-11T17:21:40.510216,automation.auto_banheiro,on,on,"{""id"": ""1747870075916"", ""last_triggered"": ""2025-07-11T20:21:40.500373+00:00"", ""mode"": ""single"", ""current"": 1, ""friendly_name"": ""auto-banheiro""}"
2025-07-11T17:21:40.513486,automation.auto_banheiro,on,on,"{""id"": ""1747870075916"", ""last_triggered"": ""2025-07-11T20:21:40.500373+00:00"", ""mode"": ""single"", ""current"": 0, ""friendly_name"": ""auto-banheiro""}"
2025-07-11T17:21:45.508262,automation.auto_banheiro,on,on,"{""id"": ""1747870075916"", ""last_triggered"": ""2025-07-11T20:21:45.500754+00:00"", ""mode"": ""single"", ""current"": 1, ""friendly_name"": ""auto-banheiro""}"
2025-07-11T17:21:45.510185,automation.auto_banheiro,on,on,"{""id"": ""1747870075916"", ""last_triggered"": ""2025-07-11T20:21:45.500754+00:00"", ""mode"": ""single"", ""current"": 0, ""friendly_name"": ""auto-banheiro""}"
2025-07-11T17:21:48.224313,sun.sun,above_horizon,above_horizon,"{""next_dawn"": ""2025-07-12T08:34:18.375179+00:00"", ""next_dusk"": ""2025-07-11T20:45:05.377064+00:00"", ""next_midnight"": ""2025-07-12T02:39:47+00:00"", ""next_noon"": ""2025-07-12T14:39:42+00:00"", ""next_rising"": ""2025-07-12T08:57:34.507646+00:00"", ""next_setting"": ""2025-07-12T20:22:04.562792+00:00"", ""elevation"": -0.37, ""azimuth"": 292.4, ""rising"": false, ""friendly_name"": ""Sun""}"
2025-07-11T17:21:48.227365,sensor.sun_next_setting,2025-07-11T20:21:48+00:00,2025-07-12T20:22:04+00:00,"{""device_class"": ""timestamp"", ""friendly_name"": ""Sun Next setting""}"
2025-07-11T17:21:50.511771,automation.auto_banheiro,on,on,"{""id"": ""1747870075916"", ""last_triggered"": ""2025-07-11T20:21:50.501829+00:00"", ""mode"": ""single"", ""current"": 1, ""friendly_name"": ""auto-banheiro""}"
2025-07-11T17:21:50.513255,automation.auto_banheiro,on,on,"{""id"": ""1747870075916"", ""last_triggered"": ""2025-07-11T20:21:50.501829+00:00"", ""mode"": ""single"", ""current"": 0, ""friendly_name"": ""auto-banheiro""}"
2025-07-11T17:21:55.511677,automation.auto_banheiro,on,on,"{""id"": ""1747870075916"", ""last_triggered"": ""2025-07-11T20:21:55.501103+00:00"", ""mode"": ""single"", ""current"": 1, ""friendly_name"": ""auto-banheiro""}"
2025-07-11T17:21:55.515754,automation.auto_banheiro,on,on,"{""id"": ""1747870075916"", ""last_triggered"": ""2025-07-11T20:21:55.501103+00:00"", ""mode"": ""single"", ""current"": 0, ""friendly_name"": ""auto-banheiro""}"
2025-07-11T17:22:00.505317,automation.auto_banheiro,on,on,"{""id"": ""1747870075916"", ""last_triggered"": ""2025-07-11T20:22:00.500543+00:00"", ""mode"": ""single"", ""current"": 1, ""friendly_name"": ""auto-banheiro""}"
2025-07-11T17:22:00.507037,automation.auto_banheiro,on,on,"{""id"": ""1747870075916"", ""last_triggered"": ""2025-07-11T20:22:00.500543+00:00"", ""mode"": ""single"", ""current"": 0, ""friendly_name"": ""auto-banheiro""}"
2025-07-11T17:22:05.511806,automation.auto_banheiro,on,on,"{""id"": ""1747870075916"", ""last_triggered"": ""2025-07-11T20:22:05.501331+00:00"", ""mode"": ""single"", ""current"": 1, ""friendly_name"": ""auto-banheiro""}"
2025-07-11T17:22:05.515231,automation.auto_banheiro,on,on,"{""id"": ""1747870075916"", ""last_triggered"": ""2025-07-11T20:22:05.501331+00:00"", ""mode"": ""single"", ""current"": 0, ""friendly_name"": ""auto-banheiro""}"
2025-07-11T17:22:07.618136,sensor.arris_tg1692a_router_download_speed,0.00214025625075291,0.00243702929888408,"{""state_class"": ""measurement"", ""unit_of_measurement"": ""Mbit/s"", ""device_class"": ""data_rate"", ""friendly_name"": ""ARRIS TG1692A Router Download speed""}"
2025-07-11T17:22:07.622005,sensor.arris_tg1692a_router_upload_speed,0.00181172451627402,0.00133197957631316,"{""state_class"": ""measurement"", ""unit_of_measurement"": ""Mbit/s"", ""device_class"": ""data_rate"", ""friendly_name"": ""ARRIS TG1692A Router Upload speed""}"
2025-07-11T17:22:10.116132,automation.aut_status_bruno,on,on,"{""id"": ""1751855857509"", ""last_triggered"": ""2025-07-11T20:22:10.108502+00:00"", ""mode"": ""single"", ""current"": 1, ""friendly_name"": ""aut-status-bruno""}"
2025-07-11T17:22:10.118718,automation.aut_status_bruno,on,on,"{""id"": ""1751855857509"", ""last_triggered"": ""2025-07-11T20:22:10.108502+00:00"", ""mode"": ""single"", ""current"": 0, ""friendly_name"": ""aut-status-bruno""}"
2025-07-11T17:22:10.258750,automation.aut_lampada_quarto,on,on,"{""id"": ""1746067262247"", ""last_triggered"": ""2025-07-11T20:22:10.254616+00:00"", ""mode"": ""single"", ""current"": 1, ""friendly_name"": ""aut-quarto""}"
2025-07-11T17:22:10.260356,automation.aut_lampada_quarto,on,on,"{""id"": ""1746067262247"", ""last_triggered"": ""2025-07-11T20:22:10.254616+00:00"", ""mode"": ""single"", ""current"": 0, ""friendly_name"": ""aut-quarto""}"
2025-07-11T17:22:10.504766,automation.auto_banheiro,on,on,"{""id"": ""1747870075916"", ""last_triggered"": ""2025-07-11T20:22:10.500048+00:00"", ""mode"": ""single"", ""current"": 1, ""friendly_name"": ""auto-banheiro""}"
2025-07-11T17:22:10.506397,automation.auto_banheiro,on,on,"{""id"": ""1747870075916"", ""last_triggered"": ""2025-07-11T20:22:10.500048+00:00"", ""mode"": ""single"", ""current"": 0, ""friendly_name"": ""auto-banheiro""}"
2025-07-11T17:22:15.505587,automation.auto_banheiro,on,on,"{""id"": ""1747870075916"", ""last_triggered"": ""2025-07-11T20:22:15.500755+00:00"", ""mode"": ""single"", ""current"": 1, ""friendly_name"": ""auto-banheiro""}"
2025-07-11T17:22:15.507243,automation.auto_banheiro,on,on,"{""id"": ""1747870075916"", ""last_triggered"": ""2025-07-11T20:22:15.500755+00:00"", ""mode"": ""single"", ""current"": 0, ""friendly_name"": ""auto-banheiro""}"
2025-07-11T17:22:20.505067,automation.auto_banheiro,on,on,"{""id"": ""1747870075916"", ""last_triggered"": ""2025-07-11T20:22:20.500144+00:00"", ""mode"": ""single"", ""current"": 1, ""friendly_name"": ""auto-banheiro""}"
2025-07-11T17:22:20.508740,automation.auto_banheiro,on,on,"{""id"": ""1747870075916"", ""last_triggered"": ""2025-07-11T20:22:20.500144+00:00"", ""mode"": ""single"", ""current"": 0, ""friendly_name"": ""auto-banheiro""}"
2025-07-11T17:22:25.505343,automation.auto_banheiro,on,on,"{""id"": ""1747870075916"", ""last_triggered"": ""2025-07-11T20:22:25.500423+00:00"", ""mode"": ""single"", ""current"": 1, ""friendly_name"": ""auto-banheiro""}"
2025-07-11T17:22:25.507050,automation.auto_banheiro,on,on,"{""id"": ""1747870075916"", ""last_triggered"": ""2025-07-11T20:22:25.500423+00:00"", ""mode"": ""single"", ""current"": 0, ""friendly_name"": ""auto-banheiro""}"
2025-07-11T17:22:30.526539,automation.auto_banheiro,on,on,"{""id"": ""1747870075916"", ""last_triggered"": ""2025-07-11T20:22:30.503117+00:00"", ""mode"": ""single"", ""current"": 1, ""friendly_name"": ""auto-banheiro""}"
2025-07-11T17:22:30.533879,automation.auto_banheiro,on,on,"{""id"": ""1747870075916"", ""last_triggered"": ""2025-07-11T20:22:30.503117+00:00"", ""mode"": ""single"", ""current"": 0, ""friendly_name"": ""auto-banheiro""}"
2025-07-11T17:22:35.504681,automation.auto_banheiro,on,on,"{""id"": ""1747870075916"", ""last_triggered"": ""2025-07-11T20:22:35.499928+00:00"", ""mode"": ""single"", ""current"": 1, ""friendly_name"": ""auto-banheiro""}"
2025-07-11T17:22:35.506583,automation.auto_banheiro,on,on,"{""id"": ""1747870075916"", ""last_triggered"": ""2025-07-11T20:22:35.499928+00:00"", ""mode"": ""single"", ""current"": 0, ""friendly_name"": ""auto-banheiro""}"
2025-07-11T17:22:37.621698,sensor.arris_tg1692a_router_download_speed,0.00243702929888408,0.00204045865254665,"{""state_class"": ""measurement"", ""unit_of_measurement"": ""Mbit/s"", ""device_class"": ""data_rate"", ""friendly_name"": ""ARRIS TG1692A Router Download speed""}"
2025-07-11T17:22:37.626015,sensor.arris_tg1692a_router_upload_speed,0.00133197957631316,0.00223058502725467,"{""state_class"": ""measurement"", ""unit_of_measurement"": ""Mbit/s"", ""device_class"": ""data_rate"", ""friendly_name"": ""ARRIS TG1692A Router Upload speed""}"
2025-07-11T17:22:40.505178,automation.auto_banheiro,on,on,"{""id"": ""1747870075916"", ""last_triggered"": ""2025-07-11T20:22:40.500373+00:00"", ""mode"": ""single"", ""current"": 1, ""friendly_name"": ""auto-banheiro""}"
2025-07-11T17:22:40.506827,automation.auto_banheiro,on,on,"{""id"": ""1747870075916"", ""last_triggered"": ""2025-07-11T20:22:40.500373+00:00"", ""mode"": ""single"", ""current"": 0, ""friendly_name"": ""auto-banheiro""}"
2025-07-11T17:22:45.505637,automation.auto_banheiro,on,on,"{""id"": ""1747870075916"", ""last_triggered"": ""2025-07-11T20:22:45.500754+00:00"", ""mode"": ""single"", ""current"": 1, ""friendly_name"": ""auto-banheiro""}"
2025-07-11T17:22:45.508134,automation.auto_banheiro,on,on,"{""id"": ""1747870075916"", ""last_triggered"": ""2025-07-11T20:22:45.500754+00:00"", ""mode"": ""single"", ""current"": 0, ""friendly_name"": ""auto-banheiro""}"
2025-07-11T17:22:50.506802,automation.auto_banheiro,on,on,"{""id"": ""1747870075916"", ""last_triggered"": ""2025-07-11T20:22:50.500895+00:00"", ""mode"": ""single"", ""current"": 1, ""friendly_name"": ""auto-banheiro""}"
2025-07-11T17:22:50.511147,automation.auto_banheiro,on,on,"{""id"": ""1747870075916"", ""last_triggered"": ""2025-07-11T20:22:50.500895+00:00"", ""mode"": ""single"", ""current"": 0, ""friendly_name"": ""auto-banheiro""}"
2025-07-11T17:22:55.505484,automation.auto_banheiro,on,on,"{""id"": ""1747870075916"", ""last_triggered"": ""2025-07-11T20:22:55.500639+00:00"", ""mode"": ""single"", ""current"": 1, ""friendly_name"": ""auto-banheiro""}"
2025-07-11T17:22:55.512480,automation.auto_banheiro,on,on,"{""id"": ""1747870075916"", ""last_triggered"": ""2025-07-11T20:22:55.500639+00:00"", ""mode"": ""single"", ""current"": 0, ""friendly_name"": ""auto-banheiro""}"
2025-07-11T17:23:00.505914,automation.auto_banheiro,on,on,"{""id"": ""1747870075916"", ""last_triggered"": ""2025-07-11T20:23:00.500260+00:00"", ""mode"": ""single"", ""current"": 1, ""friendly_name"": ""auto-banheiro""}"
2025-07-11T17:23:00.507736,automation.auto_banheiro,on,on,"{""id"": ""1747870075916"", ""last_triggered"": ""2025-07-11T20:23:00.500260+00:00"", ""mode"": ""single"", ""current"": 0, ""friendly_name"": ""auto-banheiro""}"
2025-07-11T17:23:05.510670,automation.auto_banheiro,on,on,"{""id"": ""1747870075916"", ""last_triggered"": ""2025-07-11T20:23:05.501157+00:00"", ""mode"": ""single"", ""current"": 1, ""friendly_name"": ""auto-banheiro""}"
2025-07-11T17:23:05.516964,automation.auto_banheiro,on,on,"{""id"": ""1747870075916"", ""last_triggered"": ""2025-07-11T20:23:05.501157+00:00"", ""mode"": ""single"", ""current"": 0, ""friendly_name"": ""auto-banheiro""}"
2025-07-11T17:23:07.635232,sensor.arris_tg1692a_router_download_speed,0.00204045865254665,0.00129578784280859,"{""state_class"": ""measurement"", ""unit_of_measurement"": ""Mbit/s"", ""device_class"": ""data_rate"", ""friendly_name"": ""ARRIS TG1692A Router Download speed""}"
2025-07-11T17:23:07.638241,sensor.arris_tg1692a_router_upload_speed,0.00223058502725467,0.00099310844342852,"{""state_class"": ""measurement"", ""unit_of_measurement"": ""Mbit/s"", ""device_class"": ""data_rate"", ""friendly_name"": ""ARRIS TG1692A Router Upload speed""}"
2025-07-11T17:23:10.123607,automation.aut_status_bruno,on,on,"{""id"": ""1751855857509"", ""last_triggered"": ""2025-07-11T20:23:10.108234+00:00"", ""mode"": ""single"", ""current"": 1, ""friendly_name"": ""aut-status-bruno""}"
2025-07-11T17:23:10.128449,automation.aut_status_bruno,on,on,"{""id"": ""1751855857509"", ""last_triggered"": ""2025-07-11T20:23:10.108234+00:00"", ""mode"": ""single"", ""current"": 0, ""friendly_name"": ""aut-status-bruno""}"
2025-07-11T17:23:10.271668,automation.aut_lampada_quarto,on,on,"{""id"": ""1746067262247"", ""last_triggered"": ""2025-07-11T20:23:10.258689+00:00"", ""mode"": ""single"", ""current"": 1, ""friendly_name"": ""aut-quarto""}"
2025-07-11T17:23:10.275157,automation.aut_lampada_quarto,on,on,"{""id"": ""1746067262247"", ""last_triggered"": ""2025-07-11T20:23:10.258689+00:00"", ""mode"": ""single"", ""current"": 0, ""friendly_name"": ""aut-quarto""}"
2025-07-11T17:23:10.522407,automation.auto_banheiro,on,on,"{""id"": ""1747870075916"", ""last_triggered"": ""2025-07-11T20:23:10.502493+00:00"", ""mode"": ""single"", ""current"": 1, ""friendly_name"": ""auto-banheiro""}"
2025-07-11T17:23:10.525804,automation.auto_banheiro,on,on,"{""id"": ""1747870075916"", ""last_triggered"": ""2025-07-11T20:23:10.502493+00:00"", ""mode"": ""single"", ""current"": 0, ""friendly_name"": ""auto-banheiro""}"
2025-07-11T17:23:15.513830,automation.auto_banheiro,on,on,"{""id"": ""1747870075916"", ""last_triggered"": ""2025-07-11T20:23:15.501098+00:00"", ""mode"": ""single"", ""current"": 1, ""friendly_name"": ""auto-banheiro""}"
2025-07-11T17:23:15.516899,automation.auto_banheiro,on,on,"{""id"": ""1747870075916"", ""last_triggered"": ""2025-07-11T20:23:15.501098+00:00"", ""mode"": ""single"", ""current"": 0, ""friendly_name"": ""auto-banheiro""}"
2025-07-11T17:23:20.505956,automation.auto_banheiro,on,on,"{""id"": ""1747870075916"", ""last_triggered"": ""2025-07-11T20:23:20.500473+00:00"", ""mode"": ""single"", ""current"": 1, ""friendly_name"": ""auto-banheiro""}"
2025-07-11T17:23:20.507552,automation.auto_banheiro,on,on,"{""id"": ""1747870075916"", ""last_triggered"": ""2025-07-11T20:23:20.500473+00:00"", ""mode"": ""single"", ""current"": 0, ""friendly_name"": ""auto-banheiro""}"
2025-07-11T17:23:25.505421,automation.auto_banheiro,on,on,"{""id"": ""1747870075916"", ""last_triggered"": ""2025-07-11T20:23:25.500426+00:00"", ""mode"": ""single"", ""current"": 1, ""friendly_name"": ""auto-banheiro""}"
2025-07-11T17:23:25.507040,automation.auto_banheiro,on,on,"{""id"": ""1747870075916"", ""last_triggered"": ""2025-07-11T20:23:25.500426+00:00"", ""mode"": ""single"", ""current"": 0, ""friendly_name"": ""auto-banheiro""}"
2025-07-11T17:23:30.516893,automation.auto_banheiro,on,on,"{""id"": ""1747870075916"", ""last_triggered"": ""2025-07-11T20:23:30.502300+00:00"", ""mode"": ""single"", ""current"": 1, ""friendly_name"": ""auto-banheiro""}"
2025-07-11T17:23:30.520877,automation.auto_banheiro,on,on,"{""id"": ""1747870075916"", ""last_triggered"": ""2025-07-11T20:23:30.502300+00:00"", ""mode"": ""single"", ""current"": 0, ""friendly_name"": ""auto-banheiro""}"
2025-07-11T17:23:35.504870,automation.auto_banheiro,on,on,"{""id"": ""1747870075916"", ""last_triggered"": ""2025-07-11T20:23:35.500053+00:00"", ""mode"": ""single"", ""current"": 1, ""friendly_name"": ""auto-banheiro""}"
2025-07-11T17:23:35.506523,automation.auto_banheiro,on,on,"{""id"": ""1747870075916"", ""last_triggered"": ""2025-07-11T20:23:35.500053+00:00"", ""mode"": ""single"", ""current"": 0, ""friendly_name"": ""auto-banheiro""}"
2025-07-11T17:23:37.613188,sensor.arris_tg1692a_router_download_speed,0.00129578784280859,0.00192853513329946,"{""state_class"": ""measurement"", ""unit_of_measurement"": ""Mbit/s"", ""device_class"": ""data_rate"", ""friendly_name"": ""ARRIS TG1692A Router Download speed""}"
2025-07-11T17:23:37.614860,sensor.arris_tg1692a_router_upload_speed,0.00099310844342852,0.00131493456060559,"{""state_class"": ""measurement"", ""unit_of_measurement"": ""Mbit/s"", ""device_class"": ""data_rate"", ""friendly_name"": ""ARRIS TG1692A Router Upload speed""}"
2025-07-11T17:23:40.504903,automation.auto_banheiro,on,on,"{""id"": ""1747870075916"", ""last_triggered"": ""2025-07-11T20:23:40.500101+00:00"", ""mode"": ""single"", ""current"": 1, ""friendly_name"": ""auto-banheiro""}"
2025-07-11T17:23:40.506855,automation.auto_banheiro,on,on,"{""id"": ""1747870075916"", ""last_triggered"": ""2025-07-11T20:23:40.500101+00:00"", ""mode"": ""single"", ""current"": 0, ""friendly_name"": ""auto-banheiro""}"
2025-07-11T17:23:45.515254,automation.auto_banheiro,on,on,"{""id"": ""1747870075916"", ""last_triggered"": ""2025-07-11T20:23:45.501614+00:00"", ""mode"": ""single"", ""current"": 1, ""friendly_name"": ""auto-banheiro""}"
2025-07-11T17:23:45.519712,automation.auto_banheiro,on,on,"{""id"": ""1747870075916"", ""last_triggered"": ""2025-07-11T20:23:45.501614+00:00"", ""mode"": ""single"", ""current"": 0, ""friendly_name"": ""auto-banheiro""}"
2025-07-11T17:23:48.225815,sun.sun,above_horizon,below_horizon,"{""next_dawn"": ""2025-07-12T08:34:18.375179+00:00"", ""next_dusk"": ""2025-07-11T20:45:05.377064+00:00"", ""next_midnight"": ""2025-07-12T02:39:47+00:00"", ""next_noon"": ""2025-07-12T14:39:42+00:00"", ""next_rising"": ""2025-07-12T08:57:34.507646+00:00"", ""next_setting"": ""2025-07-12T20:22:04.562792+00:00"", ""elevation"": -0.97, ""azimuth"": 292.29, ""rising"": false, ""friendly_name"": ""Sun""}"
2025-07-11T17:23:50.511739,automation.auto_banheiro,on,on,"{""id"": ""1747870075916"", ""last_triggered"": ""2025-07-11T20:23:50.501194+00:00"", ""mode"": ""single"", ""current"": 1, ""friendly_name"": ""auto-banheiro""}"
2025-07-11T17:23:50.515154,automation.auto_banheiro,on,on,"{""id"": ""1747870075916"", ""last_triggered"": ""2025-07-11T20:23:50.501194+00:00"", ""mode"": ""single"", ""current"": 0, ""friendly_name"": ""auto-banheiro""}"
2025-07-11T17:23:55.509839,automation.auto_banheiro,on,on,"{""id"": ""1747870075916"", ""last_triggered"": ""2025-07-11T20:23:55.500249+00:00"", ""mode"": ""single"", ""current"": 1, ""friendly_name"": ""auto-banheiro""}"
2025-07-11T17:23:55.512752,automation.auto_banheiro,on,on,"{""id"": ""1747870075916"", ""last_triggered"": ""2025-07-11T20:23:55.500249+00:00"", ""mode"": ""single"", ""current"": 0, ""friendly_name"": ""auto-banheiro""}"
2025-07-11T17:24:00.505438,automation.auto_banheiro,on,on,"{""id"": ""1747870075916"", ""last_triggered"": ""2025-07-11T20:24:00.500213+00:00"", ""mode"": ""single"", ""current"": 1, ""friendly_name"": ""auto-banheiro""}"
2025-07-11T17:24:00.507381,automation.auto_banheiro,on,on,"{""id"": ""1747870075916"", ""last_triggered"": ""2025-07-11T20:24:00.500213+00:00"", ""mode"": ""single"", ""current"": 0, ""friendly_name"": ""auto-banheiro""}"
2025-07-11T17:24:05.518062,automation.auto_banheiro,on,on,"{""id"": ""1747870075916"", ""last_triggered"": ""2025-07-11T20:24:05.500856+00:00"", ""mode"": ""single"", ""current"": 1, ""friendly_name"": ""auto-banheiro""}"
2025-07-11T17:24:05.522410,automation.auto_banheiro,on,on,"{""id"": ""1747870075916"", ""last_triggered"": ""2025-07-11T20:24:05.500856+00:00"", ""mode"": ""single"", ""current"": 0, ""friendly_name"": ""auto-banheiro""}"
2025-07-11T17:24:07.621417,sensor.arris_tg1692a_router_download_speed,0.00192853513329946,0.00135490257704483,"{""state_class"": ""measurement"", ""unit_of_measurement"": ""Mbit/s"", ""device_class"": ""data_rate"", ""friendly_name"": ""ARRIS TG1692A Router Download speed""}"
2025-07-11T17:24:07.625782,sensor.arris_tg1692a_router_upload_speed,0.00131493456060559,0.00101597693732352,"{""state_class"": ""measurement"", ""unit_of_measurement"": ""Mbit/s"", ""device_class"": ""data_rate"", ""friendly_name"": ""ARRIS TG1692A Router Upload speed""}"
2025-07-11T17:24:10.114563,automation.aut_status_bruno,on,on,"{""id"": ""1751855857509"", ""last_triggered"": ""2025-07-11T20:24:10.108099+00:00"", ""mode"": ""single"", ""current"": 1, ""friendly_name"": ""aut-status-bruno""}"
2025-07-11T17:24:10.117558,automation.aut_status_bruno,on,on,"{""id"": ""1751855857509"", ""last_triggered"": ""2025-07-11T20:24:10.108099+00:00"", ""mode"": ""single"", ""current"": 0, ""friendly_name"": ""aut-status-bruno""}"
2025-07-11T17:24:10.259441,automation.aut_lampada_quarto,on,on,"{""id"": ""1746067262247"", ""last_triggered"": ""2025-07-11T20:24:10.254807+00:00"", ""mode"": ""single"", ""current"": 1, ""friendly_name"": ""aut-quarto""}"
2025-07-11T17:24:10.261339,automation.aut_lampada_quarto,on,on,"{""id"": ""1746067262247"", ""last_triggered"": ""2025-07-11T20:24:10.254807+00:00"", ""mode"": ""single"", ""current"": 0, ""friendly_name"": ""aut-quarto""}"
2025-07-11T17:24:10.505762,automation.auto_banheiro,on,on,"{""id"": ""1747870075916"", ""last_triggered"": ""2025-07-11T20:24:10.500569+00:00"", ""mode"": ""single"", ""current"": 1, ""friendly_name"": ""auto-banheiro""}"
2025-07-11T17:24:10.507704,automation.auto_banheiro,on,on,"{""id"": ""1747870075916"", ""last_triggered"": ""2025-07-11T20:24:10.500569+00:00"", ""mode"": ""single"", ""current"": 0, ""friendly_name"": ""auto-banheiro""}"
2025-07-11T17:24:15.511492,automation.auto_banheiro,on,on,"{""id"": ""1747870075916"", ""last_triggered"": ""2025-07-11T20:24:15.500544+00:00"", ""mode"": ""single"", ""current"": 1, ""friendly_name"": ""auto-banheiro""}"
2025-07-11T17:24:15.516113,automation.auto_banheiro,on,on,"{""id"": ""1747870075916"", ""last_triggered"": ""2025-07-11T20:24:15.500544+00:00"", ""mode"": ""single"", ""current"": 0, ""friendly_name"": ""auto-banheiro""}"
2025-07-11T17:24:20.505771,automation.auto_banheiro,on,on,"{""id"": ""1747870075916"", ""last_triggered"": ""2025-07-11T20:24:20.500005+00:00"", ""mode"": ""single"", ""current"": 1, ""friendly_name"": ""auto-banheiro""}"
2025-07-11T17:24:20.507479,automation.auto_banheiro,on,on,"{""id"": ""1747870075916"", ""last_triggered"": ""2025-07-11T20:24:20.500005+00:00"", ""mode"": ""single"", ""current"": 0, ""friendly_name"": ""auto-banheiro""}"
2025-07-11T17:24:24.974818,camera.192_168_0_33,idle,idle,"{""access_token"": ""8d155f11e42bbc57601d8210d78916578ebf448e07b45031b5c4d5c3c41c7a7f"", ""entity_picture"": ""/api/camera_proxy/camera.192_168_0_33?token=8d155f11e42bbc57601d8210d78916578ebf448e07b45031b5c4d5c3c41c7a7f"", ""friendly_name"": ""192_168_0_14"", ""supported_features"": 2}"
2025-07-11T17:24:24.978891,camera.admin_mainstream,idle,idle,"{""access_token"": ""bc13c049fc72f730b0469f81b53d4f282494a8cbf0d1e145d5c38de466fa42f"", ""entity_picture"": ""/api/camera_proxy/camera.admin_mainstream?token=bc13c049fc72f730b0469f81b53d4f282494a8cbf0d1e145d5c38de466fa42f"", ""friendly_name"": ""admin MainStream"", ""supported_features"": 2}"
2025-07-11T17:24:24.980618,camera.admin_substream,idle,idle,"{""access_token"": ""e7ed9346c6be8724ca39e96c15cf37bb4afdced51155fbae9883917401fbb749"", ""entity_picture"": ""/api/camera_proxy/camera.admin_substream?token=e7ed9346c6be8724ca39e96c15cf37bb4afdced51155fbae9883917401fbb749"", ""friendly_name"": ""admin SubStream"", ""supported_features"": 2}"
2025-07-11T17:24:25.505696,automation.auto_banheiro,on,on,"{""id"": ""1747870075916"", ""last_triggered"": ""2025-07-11T20:24:25.500829+00:00"", ""mode"": ""single"", ""current"": 1, ""friendly_name"": ""auto-banheiro""}"
2025-07-11T17:24:25.507573,automation.auto_banheiro,on,on,"{""id"": ""1747870075916"", ""last_triggered"": ""2025-07-11T20:24:25.500829+00:00"", ""mode"": ""single"", ""current"": 0, ""friendly_name"": ""auto-banheiro""}"
2025-07-11T17:24:30.515012,automation.auto_banheiro,on,on,"{""id"": ""1747870075916"", ""last_triggered"": ""2025-07-11T20:24:30.501515+00:00"", ""mode"": ""single"", ""current"": 1, ""friendly_name"": ""auto-banheiro""}"
2025-07-11T17:24:30.519044,automation.auto_banheiro,on,on,"{""id"": ""1747870075916"", ""last_triggered"": ""2025-07-11T20:24:30.501515+00:00"", ""mode"": ""single"", ""current"": 0, ""friendly_name"": ""auto-banheiro""}"
2025-07-11T17:24:35.505188,automation.auto_banheiro,on,on,"{""id"": ""1747870075916"", ""last_triggered"": ""2025-07-11T20:24:35.500326+00:00"", ""mode"": ""single"", ""current"": 1, ""friendly_name"": ""auto-banheiro""}"
2025-07-11T17:24:35.506978,automation.auto_banheiro,on,on,"{""id"": ""1747870075916"", ""last_triggered"": ""2025-07-11T20:24:35.500326+00:00"", ""mode"": ""single"", ""current"": 0, ""friendly_name"": ""auto-banheiro""}"
2025-07-11T17:24:37.625334,sensor.arris_tg1692a_router_download_speed,0.00135490257704483,0.00201577647094981,"{""state_class"": ""measurement"", ""unit_of_measurement"": ""Mbit/s"", ""device_class"": ""data_rate"", ""friendly_name"": ""ARRIS TG1692A Router Download speed""}"
2025-07-11T17:24:37.627078,sensor.arris_tg1692a_router_upload_speed,0.00101597693732352,0.00127602730698437,"{""state_class"": ""measurement"", ""unit_of_measurement"": ""Mbit/s"", ""device_class"": ""data_rate"", ""friendly_name"": ""ARRIS TG1692A Router Upload speed""}"
2025-07-11T17:24:40.514358,automation.auto_banheiro,on,on,"{""id"": ""1747870075916"", ""last_triggered"": ""2025-07-11T20:24:40.501727+00:00"", ""mode"": ""single"", ""current"": 1, ""friendly_name"": ""auto-banheiro""}"
2025-07-11T17:24:40.515954,automation.auto_banheiro,on,on,"{""id"": ""1747870075916"", ""last_triggered"": ""2025-07-11T20:24:40.501727+00:00"", ""mode"": ""single"", ""current"": 0, ""friendly_name"": ""auto-banheiro""}"
2025-07-11T17:24:45.504756,automation.auto_banheiro,on,on,"{""id"": ""1747870075916"", ""last_triggered"": ""2025-07-11T20:24:45.499917+00:00"", ""mode"": ""single"", ""current"": 1, ""friendly_name"": ""auto-banheiro""}"
2025-07-11T17:24:45.506348,automation.auto_banheiro,on,on,"{""id"": ""1747870075916"", ""last_triggered"": ""2025-07-11T20:24:45.499917+00:00"", ""mode"": ""single"", ""current"": 0, ""friendly_name"": ""auto-banheiro""}"
2025-07-11T17:24:50.513941,automation.auto_banheiro,on,on,"{""id"": ""1747870075916"", ""last_triggered"": ""2025-07-11T20:24:50.501249+00:00"", ""mode"": ""single"", ""current"": 1, ""friendly_name"": ""auto-banheiro""}"
2025-07-11T17:24:50.517424,automation.auto_banheiro,on,on,"{""id"": ""1747870075916"", ""last_triggered"": ""2025-07-11T20:24:50.501249+00:00"", ""mode"": ""single"", ""current"": 0, ""friendly_name"": ""auto-banheiro""}"
2025-07-11T17:24:55.505110,automation.auto_banheiro,on,on,"{""id"": ""1747870075916"", ""last_triggered"": ""2025-07-11T20:24:55.500366+00:00"", ""mode"": ""single"", ""current"": 1, ""friendly_name"": ""auto-banheiro""}"
2025-07-11T17:24:55.506689,automation.auto_banheiro,on,on,"{""id"": ""1747870075916"", ""last_triggered"": ""2025-07-11T20:24:55.500366+00:00"", ""mode"": ""single"", ""current"": 0, ""friendly_name"": ""auto-banheiro""}"
2025-07-11T17:25:00.506945,automation.auto_banheiro,on,on,"{""id"": ""1747870075916"", ""last_triggered"": ""2025-07-11T20:25:00.500421+00:00"", ""mode"": ""single"", ""current"": 1, ""friendly_name"": ""auto-banheiro""}"
2025-07-11T17:25:00.511741,automation.auto_banheiro,on,on,"{""id"": ""1747870075916"", ""last_triggered"": ""2025-07-11T20:25:00.500421+00:00"", ""mode"": ""single"", ""current"": 0, ""friendly_name"": ""auto-banheiro""}"
2025-07-11T17:25:05.509434,automation.auto_banheiro,on,on,"{""id"": ""1747870075916"", ""last_triggered"": ""2025-07-11T20:25:05.501062+00:00"", ""mode"": ""single"", ""current"": 1, ""friendly_name"": ""auto-banheiro""}"
2025-07-11T17:25:05.512240,automation.auto_banheiro,on,on,"{""id"": ""1747870075916"", ""last_triggered"": ""2025-07-11T20:25:05.501062+00:00"", ""mode"": ""single"", ""current"": 0, ""friendly_name"": ""auto-banheiro""}"
2025-07-11T17:25:07.626489,sensor.arris_tg1692a_router_download_speed,0.00201577647094981,0.00144418314474146,"{""state_class"": ""measurement"", ""unit_of_measurement"": ""Mbit/s"", ""device_class"": ""data_rate"", ""friendly_name"": ""ARRIS TG1692A Router Download speed""}"
2025-07-11T17:25:07.629876,sensor.arris_tg1692a_router_upload_speed,0.00127602730698437,0.0010860705222548,"{""state_class"": ""measurement"", ""unit_of_measurement"": ""Mbit/s"", ""device_class"": ""data_rate"", ""friendly_name"": ""ARRIS TG1692A Router Upload speed""}"
2025-07-11T17:25:10.124811,automation.aut_status_bruno,on,on,"{""id"": ""1751855857509"", ""last_triggered"": ""2025-07-11T20:25:10.108513+00:00"", ""mode"": ""single"", ""current"": 1, ""friendly_name"": ""aut-status-bruno""}"
2025-07-11T17:25:10.130441,automation.aut_status_bruno,on,on,"{""id"": ""1751855857509"", ""last_triggered"": ""2025-07-11T20:25:10.108513+00:00"", ""mode"": ""single"", ""current"": 0, ""friendly_name"": ""aut-status-bruno""}"
2025-07-11T17:25:10.263454,automation.aut_lampada_quarto,on,on,"{""id"": ""1746067262247"", ""last_triggered"": ""2025-07-11T20:25:10.254999+00:00"", ""mode"": ""single"", ""current"": 1, ""friendly_name"": ""aut-quarto""}"
2025-07-11T17:25:10.266482,automation.aut_lampada_quarto,on,on,"{""id"": ""1746067262247"", ""last_triggered"": ""2025-07-11T20:25:10.254999+00:00"", ""mode"": ""single"", ""current"": 0, ""friendly_name"": ""aut-quarto""}"
2025-07-11T17:25:10.506921,automation.auto_banheiro,on,on,"{""id"": ""1747870075916"", ""last_triggered"": ""2025-07-11T20:25:10.501138+00:00"", ""mode"": ""single"", ""current"": 1, ""friendly_name"": ""auto-banheiro""}"
2025-07-11T17:25:10.508961,automation.auto_banheiro,on,on,"{""id"": ""1747870075916"", ""last_triggered"": ""2025-07-11T20:25:10.501138+00:00"", ""mode"": ""single"", ""current"": 0, ""friendly_name"": ""auto-banheiro""}"
2025-07-11T17:25:15.513000,automation.auto_banheiro,on,on,"{""id"": ""1747870075916"", ""last_triggered"": ""2025-07-11T20:25:15.500989+00:00"", ""mode"": ""single"", ""current"": 1, ""friendly_name"": ""auto-banheiro""}"
2025-07-11T17:25:15.516659,automation.auto_banheiro,on,on,"{""id"": ""1747870075916"", ""last_triggered"": ""2025-07-11T20:25:15.500989+00:00"", ""mode"": ""single"", ""current"": 0, ""friendly_name"": ""auto-banheiro""}"
2025-07-11T17:25:20.505086,automation.auto_banheiro,on,on,"{""id"": ""1747870075916"", ""last_triggered"": ""2025-07-11T20:25:20.500169+00:00"", ""mode"": ""single"", ""current"": 1, ""friendly_name"": ""auto-banheiro""}"
2025-07-11T17:25:20.506686,automation.auto_banheiro,on,on,"{""id"": ""1747870075916"", ""last_triggered"": ""2025-07-11T20:25:20.500169+00:00"", ""mode"": ""single"", ""current"": 0, ""friendly_name"": ""auto-banheiro""}"
2025-07-11T17:25:25.504876,automation.auto_banheiro,on,on,"{""id"": ""1747870075916"", ""last_triggered"": ""2025-07-11T20:25:25.500090+00:00"", ""mode"": ""single"", ""current"": 1, ""friendly_name"": ""auto-banheiro""}"
2025-07-11T17:25:25.506585,automation.auto_banheiro,on,on,"{""id"": ""1747870075916"", ""last_triggered"": ""2025-07-11T20:25:25.500090+00:00"", ""mode"": ""single"", ""current"": 0, ""friendly_name"": ""auto-banheiro""}"
2025-07-11T17:25:30.506781,automation.auto_banheiro,on,on,"{""id"": ""1747870075916"", ""last_triggered"": ""2025-07-11T20:25:30.500131+00:00"", ""mode"": ""single"", ""current"": 1, ""friendly_name"": ""auto-banheiro""}"
2025-07-11T17:25:30.508405,automation.auto_banheiro,on,on,"{""id"": ""1747870075916"", ""last_triggered"": ""2025-07-11T20:25:30.500131+00:00"", ""mode"": ""single"", ""current"": 0, ""friendly_name"": ""auto-banheiro""}"
2025-07-11T17:25:35.507455,automation.auto_banheiro,on,on,"{""id"": ""1747870075916"", ""last_triggered"": ""2025-07-11T20:25:35.499965+00:00"", ""mode"": ""single"", ""current"": 1, ""friendly_name"": ""auto-banheiro""}"
2025-07-11T17:25:35.509352,automation.auto_banheiro,on,on,"{""id"": ""1747870075916"", ""last_triggered"": ""2025-07-11T20:25:35.499965+00:00"", ""mode"": ""single"", ""current"": 0, ""friendly_name"": ""auto-banheiro""}"
2025-07-11T17:25:37.628163,sensor.arris_tg1692a_router_download_speed,0.00144418314474146,0.00199556597933357,"{""state_class"": ""measurement"", ""unit_of_measurement"": ""Mbit/s"", ""device_class"": ""data_rate"", ""friendly_name"": ""ARRIS TG1692A Router Download speed""}"
2025-07-11T17:25:37.634670,sensor.arris_tg1692a_router_upload_speed,0.0010860705222548,0.00127152994647367,"{""state_class"": ""measurement"", ""unit_of_measurement"": ""Mbit/s"", ""device_class"": ""data_rate"", ""friendly_name"": ""ARRIS TG1692A Router Upload speed""}"
2025-07-11T17:25:40.507081,automation.auto_banheiro,on,on,"{""id"": ""1747870075916"", ""last_triggered"": ""2025-07-11T20:25:40.500804+00:00"", ""mode"": ""single"", ""current"": 1, ""friendly_name"": ""auto-banheiro""}"
2025-07-11T17:25:40.511069,automation.auto_banheiro,on,on,"{""id"": ""1747870075916"", ""last_triggered"": ""2025-07-11T20:25:40.500804+00:00"", ""mode"": ""single"", ""current"": 0, ""friendly_name"": ""auto-banheiro""}"
2025-07-11T17:25:45.513453,automation.auto_banheiro,on,on,"{""id"": ""1747870075916"", ""last_triggered"": ""2025-07-11T20:25:45.500784+00:00"", ""mode"": ""single"", ""current"": 1, ""friendly_name"": ""auto-banheiro""}"
2025-07-11T17:25:45.515097,automation.auto_banheiro,on,on,"{""id"": ""1747870075916"", ""last_triggered"": ""2025-07-11T20:25:45.500784+00:00"", ""mode"": ""single"", ""current"": 0, ""friendly_name"": ""auto-banheiro""}"
2025-07-11T17:25:48.222093,sun.sun,below_horizon,below_horizon,"{""next_dawn"": ""2025-07-12T08:34:18.375179+00:00"", ""next_dusk"": ""2025-07-11T20:45:05.377064+00:00"", ""next_midnight"": ""2025-07-12T02:39:47+00:00"", ""next_noon"": ""2025-07-12T14:39:42+00:00"", ""next_rising"": ""2025-07-12T08:57:34.507646+00:00"", ""next_setting"": ""2025-07-12T20:22:04.562792+00:00"", ""elevation"": -1.49, ""azimuth"": 292.18, ""rising"": false, ""friendly_name"": ""Sun""}"
2025-07-11T17:25:50.507118,automation.auto_banheiro,on,on,"{""id"": ""1747870075916"", ""last_triggered"": ""2025-07-11T20:25:50.501346+00:00"", ""mode"": ""single"", ""current"": 1, ""friendly_name"": ""auto-banheiro""}"
2025-07-11T17:25:50.511423,automation.auto_banheiro,on,on,"{""id"": ""1747870075916"", ""last_triggered"": ""2025-07-11T20:25:50.501346+00:00"", ""mode"": ""single"", ""current"": 0, ""friendly_name"": ""auto-banheiro""}"
2025-07-11T17:25:55.513873,automation.auto_banheiro,on,on,"{""id"": ""1747870075916"", ""last_triggered"": ""2025-07-11T20:25:55.501812+00:00"", ""mode"": ""single"", ""current"": 1, ""friendly_name"": ""auto-banheiro""}"
2025-07-11T17:25:55.517403,automation.auto_banheiro,on,on,"{""id"": ""1747870075916"", ""last_triggered"": ""2025-07-11T20:25:55.501812+00:00"", ""mode"": ""single"", ""current"": 0, ""friendly_name"": ""auto-banheiro""}"
2025-07-11T17:26:00.506141,automation.auto_banheiro,on,on,"{""id"": ""1747870075916"", ""last_triggered"": ""2025-07-11T20:26:00.500684+00:00"", ""mode"": ""single"", ""current"": 1, ""friendly_name"": ""auto-banheiro""}"
2025-07-11T17:26:00.507761,automation.auto_banheiro,on,on,"{""id"": ""1747870075916"", ""last_triggered"": ""2025-07-11T20:26:00.500684+00:00"", ""mode"": ""single"", ""current"": 0, ""friendly_name"": ""auto-banheiro""}"
2025-07-11T17:26:05.519107,automation.auto_banheiro,on,on,"{""id"": ""1747870075916"", ""last_triggered"": ""2025-07-11T20:26:05.500555+00:00"", ""mode"": ""single"", ""current"": 1, ""friendly_name"": ""auto-banheiro""}"
2025-07-11T17:26:05.522576,automation.auto_banheiro,on,on,"{""id"": ""1747870075916"", ""last_triggered"": ""2025-07-11T20:26:05.500555+00:00"", ""mode"": ""single"", ""current"": 0, ""friendly_name"": ""auto-banheiro""}"
2025-07-11T17:26:07.613975,sensor.arris_tg1692a_router_download_speed,0.00199556597933357,0.001509083015066,"{""state_class"": ""measurement"", ""unit_of_measurement"": ""Mbit/s"", ""device_class"": ""data_rate"", ""friendly_name"": ""ARRIS TG1692A Router Download speed""}"
2025-07-11T17:26:07.615953,sensor.arris_tg1692a_router_upload_speed,0.00127152994647367,0.00132881439548928,"{""state_class"": ""measurement"", ""unit_of_measurement"": ""Mbit/s"", ""device_class"": ""data_rate"", ""friendly_name"": ""ARRIS TG1692A Router Upload speed""}"
2025-07-11T17:26:10.118759,automation.aut_status_bruno,on,on,"{""id"": ""1751855857509"", ""last_triggered"": ""2025-07-11T20:26:10.108530+00:00"", ""mode"": ""single"", ""current"": 1, ""friendly_name"": ""aut-status-bruno""}"
2025-07-11T17:26:10.124406,automation.aut_status_bruno,on,on,"{""id"": ""1751855857509"", ""last_triggered"": ""2025-07-11T20:26:10.108530+00:00"", ""mode"": ""single"", ""current"": 0, ""friendly_name"": ""aut-status-bruno""}"
2025-07-11T17:26:10.259111,automation.aut_lampada_quarto,on,on,"{""id"": ""1746067262247"", ""last_triggered"": ""2025-07-11T20:26:10.254597+00:00"", ""mode"": ""single"", ""current"": 1, ""friendly_name"": ""aut-quarto""}"
2025-07-11T17:26:10.260728,automation.aut_lampada_quarto,on,on,"{""id"": ""1746067262247"", ""last_triggered"": ""2025-07-11T20:26:10.254597+00:00"", ""mode"": ""single"", ""current"": 0, ""friendly_name"": ""aut-quarto""}"
2025-07-11T17:26:10.505818,automation.auto_banheiro,on,on,"{""id"": ""1747870075916"", ""last_triggered"": ""2025-07-11T20:26:10.500367+00:00"", ""mode"": ""single"", ""current"": 1, ""friendly_name"": ""auto-banheiro""}"
2025-07-11T17:26:10.507439,automation.auto_banheiro,on,on,"{""id"": ""1747870075916"", ""last_triggered"": ""2025-07-11T20:26:10.500367+00:00"", ""mode"": ""single"", ""current"": 0, ""friendly_name"": ""auto-banheiro""}"
2025-07-11T17:26:15.505467,automation.auto_banheiro,on,on,"{""id"": ""1747870075916"", ""last_triggered"": ""2025-07-11T20:26:15.500626+00:00"", ""mode"": ""single"", ""current"": 1, ""friendly_name"": ""auto-banheiro""}"
2025-07-11T17:26:15.507069,automation.auto_banheiro,on,on,"{""id"": ""1747870075916"", ""last_triggered"": ""2025-07-11T20:26:15.500626+00:00"", ""mode"": ""single"", ""current"": 0, ""friendly_name"": ""auto-banheiro""}"
2025-07-11T17:26:20.505029,automation.auto_banheiro,on,on,"{""id"": ""1747870075916"", ""last_triggered"": ""2025-07-11T20:26:20.500272+00:00"", ""mode"": ""single"", ""current"": 1, ""friendly_name"": ""auto-banheiro""}"
2025-07-11T17:26:20.506691,automation.auto_banheiro,on,on,"{""id"": ""1747870075916"", ""last_triggered"": ""2025-07-11T20:26:20.500272+00:00"", ""mode"": ""single"", ""current"": 0, ""friendly_name"": ""auto-banheiro""}"
2025-07-11T17:26:25.505475,automation.auto_banheiro,on,on,"{""id"": ""1747870075916"", ""last_triggered"": ""2025-07-11T20:26:25.500010+00:00"", ""mode"": ""single"", ""current"": 1, ""friendly_name"": ""auto-banheiro""}"
2025-07-11T17:26:25.507003,automation.auto_banheiro,on,on,"{""id"": ""1747870075916"", ""last_triggered"": ""2025-07-11T20:26:25.500010+00:00"", ""mode"": ""single"", ""current"": 0, ""friendly_name"": ""auto-banheiro""}"
2025-07-11T17:26:30.505484,automation.auto_banheiro,on,on,"{""id"": ""1747870075916"", ""last_triggered"": ""2025-07-11T20:26:30.500625+00:00"", ""mode"": ""single"", ""current"": 1, ""friendly_name"": ""auto-banheiro""}"
2025-07-11T17:26:30.507133,automation.auto_banheiro,on,on,"{""id"": ""1747870075916"", ""last_triggered"": ""2025-07-11T20:26:30.500625+00:00"", ""mode"": ""single"", ""current"": 0, ""friendly_name"": ""auto-banheiro""}"
2025-07-11T17:26:35.518378,automation.auto_banheiro,on,on,"{""id"": ""1747870075916"", ""last_triggered"": ""2025-07-11T20:26:35.501149+00:00"", ""mode"": ""single"", ""current"": 1, ""friendly_name"": ""auto-banheiro""}"
2025-07-11T17:26:35.521549,automation.auto_banheiro,on,on,"{""id"": ""1747870075916"", ""last_triggered"": ""2025-07-11T20:26:35.501149+00:00"", ""mode"": ""single"", ""current"": 0, ""friendly_name"": ""auto-banheiro""}"
2025-07-11T17:26:37.613657,sensor.arris_tg1692a_router_download_speed,0.001509083015066,0.00194530227334037,"{""state_class"": ""measurement"", ""unit_of_measurement"": ""Mbit/s"", ""device_class"": ""data_rate"", ""friendly_name"": ""ARRIS TG1692A Router Download speed""}"
2025-07-11T17:26:37.615267,sensor.arris_tg1692a_router_upload_speed,0.00132881439548928,0.00134931178932176,"{""state_class"": ""measurement"", ""unit_of_measurement"": ""Mbit/s"", ""device_class"": ""data_rate"", ""friendly_name"": ""ARRIS TG1692A Router Upload speed""}"
2025-07-11T17:26:40.506574,automation.auto_banheiro,on,on,"{""id"": ""1747870075916"", ""last_triggered"": ""2025-07-11T20:26:40.500693+00:00"", ""mode"": ""single"", ""current"": 1, ""friendly_name"": ""auto-banheiro""}"
2025-07-11T17:26:40.508451,automation.auto_banheiro,on,on,"{""id"": ""1747870075916"", ""last_triggered"": ""2025-07-11T20:26:40.500693+00:00"", ""mode"": ""single"", ""current"": 0, ""friendly_name"": ""auto-banheiro""}"
2025-07-11T17:26:45.504945,automation.auto_banheiro,on,on,"{""id"": ""1747870075916"", ""last_triggered"": ""2025-07-11T20:26:45.500130+00:00"", ""mode"": ""single"", ""current"": 1, ""friendly_name"": ""auto-banheiro""}"
2025-07-11T17:26:45.506641,automation.auto_banheiro,on,on,"{""id"": ""1747870075916"", ""last_triggered"": ""2025-07-11T20:26:45.500130+00:00"", ""mode"": ""single"", ""current"": 0, ""friendly_name"": ""auto-banheiro""}"
2025-07-11T17:26:50.505069,automation.auto_banheiro,on,on,"{""id"": ""1747870075916"", ""last_triggered"": ""2025-07-11T20:26:50.500194+00:00"", ""mode"": ""single"", ""current"": 1, ""friendly_name"": ""auto-banheiro""}"
2025-07-11T17:26:50.507632,automation.auto_banheiro,on,on,"{""id"": ""1747870075916"", ""last_triggered"": ""2025-07-11T20:26:50.500194+00:00"", ""mode"": ""single"", ""current"": 0, ""friendly_name"": ""auto-banheiro""}"
2025-07-11T17:26:55.509263,automation.auto_banheiro,on,on,"{""id"": ""1747870075916"", ""last_triggered"": ""2025-07-11T20:26:55.500579+00:00"", ""mode"": ""single"", ""current"": 1, ""friendly_name"": ""auto-banheiro""}"
2025-07-11T17:26:55.511133,automation.auto_banheiro,on,on,"{""id"": ""1747870075916"", ""last_triggered"": ""2025-07-11T20:26:55.500579+00:00"", ""mode"": ""single"", ""current"": 0, ""friendly_name"": ""auto-banheiro""}"
2025-07-11T17:27:00.507664,automation.auto_banheiro,on,on,"{""id"": ""1747870075916"", ""last_triggered"": ""2025-07-11T20:27:00.500370+00:00"", ""mode"": ""single"", ""current"": 1, ""friendly_name"": ""auto-banheiro""}"
2025-07-11T17:27:00.510863,automation.auto_banheiro,on,on,"{""id"": ""1747870075916"", ""last_triggered"": ""2025-07-11T20:27:00.500370+00:00"", ""mode"": ""single"", ""current"": 0, ""friendly_name"": ""auto-banheiro""}"
2025-07-11T17:27:05.530733,automation.auto_banheiro,on,on,"{""id"": ""1747870075916"", ""last_triggered"": ""2025-07-11T20:27:05.501351+00:00"", ""mode"": ""single"", ""current"": 1, ""friendly_name"": ""auto-banheiro""}"
2025-07-11T17:27:05.534910,automation.auto_banheiro,on,on,"{""id"": ""1747870075916"", ""last_triggered"": ""2025-07-11T20:27:05.501351+00:00"", ""mode"": ""single"", ""current"": 0, ""friendly_name"": ""auto-banheiro""}"
2025-07-11T17:27:07.613891,sensor.arris_tg1692a_router_download_speed,0.00194530227334037,0.00281653173729868,"{""state_class"": ""measurement"", ""unit_of_measurement"": ""Mbit/s"", ""device_class"": ""data_rate"", ""friendly_name"": ""ARRIS TG1692A Router Download speed""}"
2025-07-11T17:27:07.615587,sensor.arris_tg1692a_router_upload_speed,0.00134931178932176,0.00144693251340491,"{""state_class"": ""measurement"", ""unit_of_measurement"": ""Mbit/s"", ""device_class"": ""data_rate"", ""friendly_name"": ""ARRIS TG1692A Router Upload speed""}"
2025-07-11T17:27:10.116355,automation.aut_status_bruno,on,on,"{""id"": ""1751855857509"", ""last_triggered"": ""2025-07-11T20:27:10.107995+00:00"", ""mode"": ""single"", ""current"": 1, ""friendly_name"": ""aut-status-bruno""}"
2025-07-11T17:27:10.118672,automation.aut_status_bruno,on,on,"{""id"": ""1751855857509"", ""last_triggered"": ""2025-07-11T20:27:10.107995+00:00"", ""mode"": ""single"", ""current"": 0, ""friendly_name"": ""aut-status-bruno""}"
2025-07-11T17:27:10.259161,automation.aut_lampada_quarto,on,on,"{""id"": ""1746067262247"", ""last_triggered"": ""2025-07-11T20:27:10.255081+00:00"", ""mode"": ""single"", ""current"": 1, ""friendly_name"": ""aut-quarto""}"
2025-07-11T17:27:10.260763,automation.aut_lampada_quarto,on,on,"{""id"": ""1746067262247"", ""last_triggered"": ""2025-07-11T20:27:10.255081+00:00"", ""mode"": ""single"", ""current"": 0, ""friendly_name"": ""aut-quarto""}"
2025-07-11T17:27:10.505369,automation.auto_banheiro,on,on,"{""id"": ""1747870075916"", ""last_triggered"": ""2025-07-11T20:27:10.500604+00:00"", ""mode"": ""single"", ""current"": 1, ""friendly_name"": ""auto-banheiro""}"
2025-07-11T17:27:10.506914,automation.auto_banheiro,on,on,"{""id"": ""1747870075916"", ""last_triggered"": ""2025-07-11T20:27:10.500604+00:00"", ""mode"": ""single"", ""current"": 0, ""friendly_name"": ""auto-banheiro""}"
2025-07-11T17:27:15.505608,automation.auto_banheiro,on,on,"{""id"": ""1747870075916"", ""last_triggered"": ""2025-07-11T20:27:15.500766+00:00"", ""mode"": ""single"", ""current"": 1, ""friendly_name"": ""auto-banheiro""}"
2025-07-11T17:27:15.507272,automation.auto_banheiro,on,on,"{""id"": ""1747870075916"", ""last_triggered"": ""2025-07-11T20:27:15.500766+00:00"", ""mode"": ""single"", ""current"": 0, ""friendly_name"": ""auto-banheiro""}"
2025-07-11T17:27:20.511892,automation.auto_banheiro,on,on,"{""id"": ""1747870075916"", ""last_triggered"": ""2025-07-11T20:27:20.501435+00:00"", ""mode"": ""single"", ""current"": 1, ""friendly_name"": ""auto-banheiro""}"
2025-07-11T17:27:20.516050,automation.auto_banheiro,on,on,"{""id"": ""1747870075916"", ""last_triggered"": ""2025-07-11T20:27:20.501435+00:00"", ""mode"": ""single"", ""current"": 0, ""friendly_name"": ""auto-banheiro""}"
2025-07-11T17:27:25.504967,automation.auto_banheiro,on,on,"{""id"": ""1747870075916"", ""last_triggered"": ""2025-07-11T20:27:25.500158+00:00"", ""mode"": ""single"", ""current"": 1, ""friendly_name"": ""auto-banheiro""}"
2025-07-11T17:27:25.506613,automation.auto_banheiro,on,on,"{""id"": ""1747870075916"", ""last_triggered"": ""2025-07-11T20:27:25.500158+00:00"", ""mode"": ""single"", ""current"": 0, ""friendly_name"": ""auto-banheiro""}"
2025-07-11T17:27:30.504772,automation.auto_banheiro,on,on,"{""id"": ""1747870075916"", ""last_triggered"": ""2025-07-11T20:27:30.499967+00:00"", ""mode"": ""single"", ""current"": 1, ""friendly_name"": ""auto-banheiro""}"
2025-07-11T17:27:30.506307,automation.auto_banheiro,on,on,"{""id"": ""1747870075916"", ""last_triggered"": ""2025-07-11T20:27:30.499967+00:00"", ""mode"": ""single"", ""current"": 0, ""friendly_name"": ""auto-banheiro""}"
2025-07-11T17:27:35.505779,automation.auto_banheiro,on,on,"{""id"": ""1747870075916"", ""last_triggered"": ""2025-07-11T20:27:35.500574+00:00"", ""mode"": ""single"", ""current"": 1, ""friendly_name"": ""auto-banheiro""}"
2025-07-11T17:27:35.507765,automation.auto_banheiro,on,on,"{""id"": ""1747870075916"", ""last_triggered"": ""2025-07-11T20:27:35.500574+00:00"", ""mode"": ""single"", ""current"": 0, ""friendly_name"": ""auto-banheiro""}"
2025-07-11T17:27:37.616668,sensor.arris_tg1692a_router_download_speed,0.00281653173729868,0.00217498894055058,"{""state_class"": ""measurement"", ""unit_of_measurement"": ""Mbit/s"", ""device_class"": ""data_rate"", ""friendly_name"": ""ARRIS TG1692A Router Download speed""}"
2025-07-11T17:27:37.618534,sensor.arris_tg1692a_router_upload_speed,0.00144693251340491,0.00145177045026451,"{""state_class"": ""measurement"", ""unit_of_measurement"": ""Mbit/s"", ""device_class"": ""data_rate"", ""friendly_name"": ""ARRIS TG1692A Router Upload speed""}"
2025-07-11T17:27:40.505474,automation.auto_banheiro,on,on,"{""id"": ""1747870075916"", ""last_triggered"": ""2025-07-11T20:27:40.500648+00:00"", ""mode"": ""single"", ""current"": 1, ""friendly_name"": ""auto-banheiro""}"
2025-07-11T17:27:40.507025,automation.auto_banheiro,on,on,"{""id"": ""1747870075916"", ""last_triggered"": ""2025-07-11T20:27:40.500648+00:00"", ""mode"": ""single"", ""current"": 0, ""friendly_name"": ""auto-banheiro""}"
2025-07-11T17:27:45.520426,automation.auto_banheiro,on,on,"{""id"": ""1747870075916"", ""last_triggered"": ""2025-07-11T20:27:45.500828+00:00"", ""mode"": ""single"", ""current"": 1, ""friendly_name"": ""auto-banheiro""}"
2025-07-11T17:27:45.522007,automation.auto_banheiro,on,on,"{""id"": ""1747870075916"", ""last_triggered"": ""2025-07-11T20:27:45.500828+00:00"", ""mode"": ""single"", ""current"": 0, ""friendly_name"": ""auto-banheiro""}"
2025-07-11T17:27:48.222800,sun.sun,below_horizon,below_horizon,"{""next_dawn"": ""2025-07-12T08:34:18.375179+00:00"", ""next_dusk"": ""2025-07-11T20:45:05.377064+00:00"", ""next_midnight"": ""2025-07-12T02:39:47+00:00"", ""next_noon"": ""2025-07-12T14:39:42+00:00"", ""next_rising"": ""2025-07-12T08:57:34.507646+00:00"", ""next_setting"": ""2025-07-12T20:22:04.562792+00:00"", ""elevation"": -1.99, ""azimuth"": 292.07, ""rising"": false, ""friendly_name"": ""Sun""}"
2025-07-11T17:27:50.505370,automation.auto_banheiro,on,on,"{""id"": ""1747870075916"", ""last_triggered"": ""2025-07-11T20:27:50.500590+00:00"", ""mode"": ""single"", ""current"": 1, ""friendly_name"": ""auto-banheiro""}"
2025-07-11T17:27:50.507196,automation.auto_banheiro,on,on,"{""id"": ""1747870075916"", ""last_triggered"": ""2025-07-11T20:27:50.500590+00:00"", ""mode"": ""single"", ""current"": 0, ""friendly_name"": ""auto-banheiro""}"
2025-07-11T17:27:55.505141,automation.auto_banheiro,on,on,"{""id"": ""1747870075916"", ""last_triggered"": ""2025-07-11T20:27:55.500187+00:00"", ""mode"": ""single"", ""current"": 1, ""friendly_name"": ""auto-banheiro""}"
2025-07-11T17:27:55.507450,automation.auto_banheiro,on,on,"{""id"": ""1747870075916"", ""last_triggered"": ""2025-07-11T20:27:55.500187+00:00"", ""mode"": ""single"", ""current"": 0, ""friendly_name"": ""auto-banheiro""}"
2025-07-11T17:28:00.507183,automation.auto_banheiro,on,on,"{""id"": ""1747870075916"", ""last_triggered"": ""2025-07-11T20:28:00.500836+00:00"", ""mode"": ""single"", ""current"": 1, ""friendly_name"": ""auto-banheiro""}"
2025-07-11T17:28:00.508923,automation.auto_banheiro,on,on,"{""id"": ""1747870075916"", ""last_triggered"": ""2025-07-11T20:28:00.500836+00:00"", ""mode"": ""single"", ""current"": 0, ""friendly_name"": ""auto-banheiro""}"
2025-07-11T17:28:05.515585,automation.auto_banheiro,on,on,"{""id"": ""1747870075916"", ""last_triggered"": ""2025-07-11T20:28:05.500783+00:00"", ""mode"": ""single"", ""current"": 1, ""friendly_name"": ""auto-banheiro""}"
2025-07-11T17:28:05.519167,automation.auto_banheiro,on,on,"{""id"": ""1747870075916"", ""last_triggered"": ""2025-07-11T20:28:05.500783+00:00"", ""mode"": ""single"", ""current"": 0, ""friendly_name"": ""auto-banheiro""}"
2025-07-11T17:28:07.629240,sensor.arris_tg1692a_router_download_speed,0.00217498894055058,0.00127197778278806,"{""state_class"": ""measurement"", ""unit_of_measurement"": ""Mbit/s"", ""device_class"": ""data_rate"", ""friendly_name"": ""ARRIS TG1692A Router Download speed""}"
2025-07-11T17:28:07.633443,sensor.arris_tg1692a_router_upload_speed,0.00145177045026451,0.00100478244979988,"{""state_class"": ""measurement"", ""unit_of_measurement"": ""Mbit/s"", ""device_class"": ""data_rate"", ""friendly_name"": ""ARRIS TG1692A Router Upload speed""}"
2025-07-11T17:28:10.124687,automation.aut_status_bruno,on,on,"{""id"": ""1751855857509"", ""last_triggered"": ""2025-07-11T20:28:10.107938+00:00"", ""mode"": ""single"", ""current"": 1, ""friendly_name"": ""aut-status-bruno""}"
2025-07-11T17:28:10.126711,automation.aut_status_bruno,on,on,"{""id"": ""1751855857509"", ""last_triggered"": ""2025-07-11T20:28:10.107938+00:00"", ""mode"": ""single"", ""current"": 0, ""friendly_name"": ""aut-status-bruno""}"
2025-07-11T17:28:10.258745,automation.aut_lampada_quarto,on,on,"{""id"": ""1746067262247"", ""last_triggered"": ""2025-07-11T20:28:10.254656+00:00"", ""mode"": ""single"", ""current"": 1, ""friendly_name"": ""aut-quarto""}"
2025-07-11T17:28:10.260389,automation.aut_lampada_quarto,on,on,"{""id"": ""1746067262247"", ""last_triggered"": ""2025-07-11T20:28:10.254656+00:00"", ""mode"": ""single"", ""current"": 0, ""friendly_name"": ""aut-quarto""}"
2025-07-11T17:28:10.505524,automation.auto_banheiro,on,on,"{""id"": ""1747870075916"", ""last_triggered"": ""2025-07-11T20:28:10.500791+00:00"", ""mode"": ""single"", ""current"": 1, ""friendly_name"": ""auto-banheiro""}"
2025-07-11T17:28:10.507130,automation.auto_banheiro,on,on,"{""id"": ""1747870075916"", ""last_triggered"": ""2025-07-11T20:28:10.500791+00:00"", ""mode"": ""single"", ""current"": 0, ""friendly_name"": ""auto-banheiro""}"
2025-07-11T17:28:15.515640,automation.auto_banheiro,on,on,"{""id"": ""1747870075916"", ""last_triggered"": ""2025-07-11T20:28:15.500973+00:00"", ""mode"": ""single"", ""current"": 1, ""friendly_name"": ""auto-banheiro""}"
2025-07-11T17:28:15.517872,automation.auto_banheiro,on,on,"{""id"": ""1747870075916"", ""last_triggered"": ""2025-07-11T20:28:15.500973+00:00"", ""mode"": ""single"", ""current"": 0, ""friendly_name"": ""auto-banheiro""}"
2025-07-11T17:28:20.505190,automation.auto_banheiro,on,on,"{""id"": ""1747870075916"", ""last_triggered"": ""2025-07-11T20:28:20.500303+00:00"", ""mode"": ""single"", ""current"": 1, ""friendly_name"": ""auto-banheiro""}"
2025-07-11T17:28:20.506893,automation.auto_banheiro,on,on,"{""id"": ""1747870075916"", ""last_triggered"": ""2025-07-11T20:28:20.500303+00:00"", ""mode"": ""single"", ""current"": 0, ""friendly_name"": ""auto-banheiro""}"
2025-07-11T17:28:25.506720,automation.auto_banheiro,on,on,"{""id"": ""1747870075916"", ""last_triggered"": ""2025-07-11T20:28:25.500818+00:00"", ""mode"": ""single"", ""current"": 1, ""friendly_name"": ""auto-banheiro""}"
2025-07-11T17:28:25.511126,automation.auto_banheiro,on,on,"{""id"": ""1747870075916"", ""last_triggered"": ""2025-07-11T20:28:25.500818+00:00"", ""mode"": ""single"", ""current"": 0, ""friendly_name"": ""auto-banheiro""}"
2025-07-11T17:28:30.504868,automation.auto_banheiro,on,on,"{""id"": ""1747870075916"", ""last_triggered"": ""2025-07-11T20:28:30.499992+00:00"", ""mode"": ""single"", ""current"": 1, ""friendly_name"": ""auto-banheiro""}"
2025-07-11T17:28:30.506872,automation.auto_banheiro,on,on,"{""id"": ""1747870075916"", ""last_triggered"": ""2025-07-11T20:28:30.499992+00:00"", ""mode"": ""single"", ""current"": 0, ""friendly_name"": ""auto-banheiro""}"
2025-07-11T17:28:35.505909,automation.auto_banheiro,on,on,"{""id"": ""1747870075916"", ""last_triggered"": ""2025-07-11T20:28:35.500070+00:00"", ""mode"": ""single"", ""current"": 1, ""friendly_name"": ""auto-banheiro""}"
2025-07-11T17:28:35.507633,automation.auto_banheiro,on,on,"{""id"": ""1747870075916"", ""last_triggered"": ""2025-07-11T20:28:35.500070+00:00"", ""mode"": ""single"", ""current"": 0, ""friendly_name"": ""auto-banheiro""}"
2025-07-11T17:28:37.614977,sensor.arris_tg1692a_router_download_speed,0.00127197778278806,0.00212001420409517,"{""state_class"": ""measurement"", ""unit_of_measurement"": ""Mbit/s"", ""device_class"": ""data_rate"", ""friendly_name"": ""ARRIS TG1692A Router Download speed""}"
2025-07-11T17:28:37.616744,sensor.arris_tg1692a_router_upload_speed,0.00100478244979988,0.00129280866181803,"{""state_class"": ""measurement"", ""unit_of_measurement"": ""Mbit/s"", ""device_class"": ""data_rate"", ""friendly_name"": ""ARRIS TG1692A Router Upload speed""}"
2025-07-11T17:28:40.504978,automation.auto_banheiro,on,on,"{""id"": ""1747870075916"", ""last_triggered"": ""2025-07-11T20:28:40.500135+00:00"", ""mode"": ""single"", ""current"": 1, ""friendly_name"": ""auto-banheiro""}"
2025-07-11T17:28:40.506644,automation.auto_banheiro,on,on,"{""id"": ""1747870075916"", ""last_triggered"": ""2025-07-11T20:28:40.500135+00:00"", ""mode"": ""single"", ""current"": 0, ""friendly_name"": ""auto-banheiro""}"
2025-07-11T17:28:45.514503,automation.auto_banheiro,on,on,"{""id"": ""1747870075916"", ""last_triggered"": ""2025-07-11T20:28:45.500886+00:00"", ""mode"": ""single"", ""current"": 1, ""friendly_name"": ""auto-banheiro""}"
2025-07-11T17:28:45.519796,automation.auto_banheiro,on,on,"{""id"": ""1747870075916"", ""last_triggered"": ""2025-07-11T20:28:45.500886+00:00"", ""mode"": ""single"", ""current"": 0, ""friendly_name"": ""auto-banheiro""}"
2025-07-11T17:28:50.506145,automation.auto_banheiro,on,on,"{""id"": ""1747870075916"", ""last_triggered"": ""2025-07-11T20:28:50.500317+00:00"", ""mode"": ""single"", ""current"": 1, ""friendly_name"": ""auto-banheiro""}"
2025-07-11T17:28:50.507762,automation.auto_banheiro,on,on,"{""id"": ""1747870075916"", ""last_triggered"": ""2025-07-11T20:28:50.500317+00:00"", ""mode"": ""single"", ""current"": 0, ""friendly_name"": ""auto-banheiro""}"
2025-07-11T17:28:55.538113,automation.auto_banheiro,on,on,"{""id"": ""1747870075916"", ""last_triggered"": ""2025-07-11T20:28:55.501916+00:00"", ""mode"": ""single"", ""current"": 1, ""friendly_name"": ""auto-banheiro""}"
2025-07-11T17:28:55.545166,automation.auto_banheiro,on,on,"{""id"": ""1747870075916"", ""last_triggered"": ""2025-07-11T20:28:55.501916+00:00"", ""mode"": ""single"", ""current"": 0, ""friendly_name"": ""auto-banheiro""}"
2025-07-11T17:29:00.505129,automation.auto_banheiro,on,on,"{""id"": ""1747870075916"", ""last_triggered"": ""2025-07-11T20:29:00.500350+00:00"", ""mode"": ""single"", ""current"": 1, ""friendly_name"": ""auto-banheiro""}"
2025-07-11T17:29:00.506716,automation.auto_banheiro,on,on,"{""id"": ""1747870075916"", ""last_triggered"": ""2025-07-11T20:29:00.500350+00:00"", ""mode"": ""single"", ""current"": 0, ""friendly_name"": ""auto-banheiro""}"
2025-07-11T17:29:05.506105,automation.auto_banheiro,on,on,"{""id"": ""1747870075916"", ""last_triggered"": ""2025-07-11T20:29:05.500269+00:00"", ""mode"": ""single"", ""current"": 1, ""friendly_name"": ""auto-banheiro""}"
2025-07-11T17:29:05.507807,automation.auto_banheiro,on,on,"{""id"": ""1747870075916"", ""last_triggered"": ""2025-07-11T20:29:05.500269+00:00"", ""mode"": ""single"", ""current"": 0, ""friendly_name"": ""auto-banheiro""}"
2025-07-11T17:29:07.621622,sensor.arris_tg1692a_router_download_speed,0.00212001420409517,0.00177411458685587,"{""state_class"": ""measurement"", ""unit_of_measurement"": ""Mbit/s"", ""device_class"": ""data_rate"", ""friendly_name"": ""ARRIS TG1692A Router Download speed""}"
2025-07-11T17:29:07.625082,sensor.arris_tg1692a_router_upload_speed,0.00129280866181803,0.00123865357822719,"{""state_class"": ""measurement"", ""unit_of_measurement"": ""Mbit/s"", ""device_class"": ""data_rate"", ""friendly_name"": ""ARRIS TG1692A Router Upload speed""}"
2025-07-11T17:29:10.114431,automation.aut_status_bruno,on,on,"{""id"": ""1751855857509"", ""last_triggered"": ""2025-07-11T20:29:10.108061+00:00"", ""mode"": ""single"", ""current"": 1, ""friendly_name"": ""aut-status-bruno""}"
2025-07-11T17:29:10.116740,automation.aut_status_bruno,on,on,"{""id"": ""1751855857509"", ""last_triggered"": ""2025-07-11T20:29:10.108061+00:00"", ""mode"": ""single"", ""current"": 0, ""friendly_name"": ""aut-status-bruno""}"
2025-07-11T17:29:10.259189,automation.aut_lampada_quarto,on,on,"{""id"": ""1746067262247"", ""last_triggered"": ""2025-07-11T20:29:10.255095+00:00"", ""mode"": ""single"", ""current"": 1, ""friendly_name"": ""aut-quarto""}"
2025-07-11T17:29:10.260791,automation.aut_lampada_quarto,on,on,"{""id"": ""1746067262247"", ""last_triggered"": ""2025-07-11T20:29:10.255095+00:00"", ""mode"": ""single"", ""current"": 0, ""friendly_name"": ""aut-quarto""}"
2025-07-11T17:29:10.505244,automation.auto_banheiro,on,on,"{""id"": ""1747870075916"", ""last_triggered"": ""2025-07-11T20:29:10.500500+00:00"", ""mode"": ""single"", ""current"": 1, ""friendly_name"": ""auto-banheiro""}"
2025-07-11T17:29:10.506874,automation.auto_banheiro,on,on,"{""id"": ""1747870075916"", ""last_triggered"": ""2025-07-11T20:29:10.500500+00:00"", ""mode"": ""single"", ""current"": 0, ""friendly_name"": ""auto-banheiro""}"
2025-07-11T17:29:15.504712,automation.auto_banheiro,on,on,"{""id"": ""1747870075916"", ""last_triggered"": ""2025-07-11T20:29:15.499947+00:00"", ""mode"": ""single"", ""current"": 1, ""friendly_name"": ""auto-banheiro""}"
2025-07-11T17:29:15.506335,automation.auto_banheiro,on,on,"{""id"": ""1747870075916"", ""last_triggered"": ""2025-07-11T20:29:15.499947+00:00"", ""mode"": ""single"", ""current"": 0, ""friendly_name"": ""auto-banheiro""}"
2025-07-11T17:29:20.505242,automation.auto_banheiro,on,on,"{""id"": ""1747870075916"", ""last_triggered"": ""2025-07-11T20:29:20.499869+00:00"", ""mode"": ""single"", ""current"": 1, ""friendly_name"": ""auto-banheiro""}"
2025-07-11T17:29:20.506886,automation.auto_banheiro,on,on,"{""id"": ""1747870075916"", ""last_triggered"": ""2025-07-11T20:29:20.499869+00:00"", ""mode"": ""single"", ""current"": 0, ""friendly_name"": ""auto-banheiro""}"
2025-07-11T17:29:24.976790,camera.192_168_0_33,idle,idle,"{""access_token"": ""9c657f06d671692f21e091547adec743a821681b6d335013bda1eac1d2880844"", ""entity_picture"": ""/api/camera_proxy/camera.192_168_0_33?token=9c657f06d671692f21e091547adec743a821681b6d335013bda1eac1d2880844"", ""friendly_name"": ""192_168_0_14"", ""supported_features"": 2}"
2025-07-11T17:29:24.978800,camera.admin_mainstream,idle,idle,"{""access_token"": ""56bef06feb3dd47ccb2902617227f60c6a10eab56b27e31f09d646fb7adaff7f"", ""entity_picture"": ""/api/camera_proxy/camera.admin_mainstream?token=56bef06feb3dd47ccb2902617227f60c6a10eab56b27e31f09d646fb7adaff7f"", ""friendly_name"": ""admin MainStream"", ""supported_features"": 2}"
2025-07-11T17:29:24.980822,camera.admin_substream,idle,idle,"{""access_token"": ""bc7f3e921ea62895044f371144e32f78b65ccc75598424f9ab97db6fc5ed7f86"", ""entity_picture"": ""/api/camera_proxy/camera.admin_substream?token=bc7f3e921ea62895044f371144e32f78b65ccc75598424f9ab97db6fc5ed7f86"", ""friendly_name"": ""admin SubStream"", ""supported_features"": 2}"
2025-07-11T17:29:25.506096,automation.auto_banheiro,on,on,"{""id"": ""1747870075916"", ""last_triggered"": ""2025-07-11T20:29:25.500465+00:00"", ""mode"": ""single"", ""current"": 1, ""friendly_name"": ""auto-banheiro""}"
2025-07-11T17:29:25.509188,automation.auto_banheiro,on,on,"{""id"": ""1747870075916"", ""last_triggered"": ""2025-07-11T20:29:25.500465+00:00"", ""mode"": ""single"", ""current"": 0, ""friendly_name"": ""auto-banheiro""}"
2025-07-11T17:29:30.505995,automation.auto_banheiro,on,on,"{""id"": ""1747870075916"", ""last_triggered"": ""2025-07-11T20:29:30.500400+00:00"", ""mode"": ""single"", ""current"": 1, ""friendly_name"": ""auto-banheiro""}"
2025-07-11T17:29:30.508043,automation.auto_banheiro,on,on,"{""id"": ""1747870075916"", ""last_triggered"": ""2025-07-11T20:29:30.500400+00:00"", ""mode"": ""single"", ""current"": 0, ""friendly_name"": ""auto-banheiro""}"
2025-07-11T17:29:35.506106,automation.auto_banheiro,on,on,"{""id"": ""1747870075916"", ""last_triggered"": ""2025-07-11T20:29:35.500518+00:00"", ""mode"": ""single"", ""current"": 1, ""friendly_name"": ""auto-banheiro""}"
2025-07-11T17:29:35.507804,automation.auto_banheiro,on,on,"{""id"": ""1747870075916"", ""last_triggered"": ""2025-07-11T20:29:35.500518+00:00"", ""mode"": ""single"", ""current"": 0, ""friendly_name"": ""auto-banheiro""}"
2025-07-11T17:29:37.616763,sensor.arris_tg1692a_router_download_speed,0.00177411458685587,0.00222027858216172,"{""state_class"": ""measurement"", ""unit_of_measurement"": ""Mbit/s"", ""device_class"": ""data_rate"", ""friendly_name"": ""ARRIS TG1692A Router Download speed""}"
2025-07-11T17:29:37.618415,sensor.arris_tg1692a_router_upload_speed,0.00123865357822719,0.00184747658145765,"{""state_class"": ""measurement"", ""unit_of_measurement"": ""Mbit/s"", ""device_class"": ""data_rate"", ""friendly_name"": ""ARRIS TG1692A Router Upload speed""}"
2025-07-11T17:29:40.516746,automation.auto_banheiro,on,on,"{""id"": ""1747870075916"", ""last_triggered"": ""2025-07-11T20:29:40.501605+00:00"", ""mode"": ""single"", ""current"": 1, ""friendly_name"": ""auto-banheiro""}"
2025-07-11T17:29:40.520407,automation.auto_banheiro,on,on,"{""id"": ""1747870075916"", ""last_triggered"": ""2025-07-11T20:29:40.501605+00:00"", ""mode"": ""single"", ""current"": 0, ""friendly_name"": ""auto-banheiro""}"
2025-07-11T17:29:43.787723,sensor.tauntaum_energy,210.948,210.954,"{""state_class"": ""total_increasing"", ""unit_of_measurement"": ""kWh"", ""device_class"": ""energy"", ""friendly_name"": ""Tauntaum Energy""}"
2025-07-11T17:29:43.789544,sensor.tauntaum_power,65,1,"{""state_class"": ""measurement"", ""power_consumption_start"": ""2025-07-11T20:15:12Z"", ""power_consumption_end"": ""2025-07-11T20:29:43Z"", ""unit_of_measurement"": ""W"", ""device_class"": ""power"", ""friendly_name"": ""Tauntaum Power""}"
2025-07-11T17:29:43.791442,sensor.tauntaum_energy_difference,0.014,0.006,"{""state_class"": ""total"", ""unit_of_measurement"": ""kWh"", ""device_class"": ""energy"", ""friendly_name"": ""Tauntaum Energy difference""}"
2025-07-11T17:29:43.793245,sensor.tauntaum_power_energy,0.0133182652794653,0.0157377097239097,"{""state_class"": ""total"", ""unit_of_measurement"": ""kWh"", ""device_class"": ""energy"", ""friendly_name"": ""Tauntaum Power energy""}"
2025-07-11T17:29:45.506030,automation.auto_banheiro,on,on,"{""id"": ""1747870075916"", ""last_triggered"": ""2025-07-11T20:29:45.500476+00:00"", ""mode"": ""single"", ""current"": 1, ""friendly_name"": ""auto-banheiro""}"
2025-07-11T17:29:45.507784,automation.auto_banheiro,on,on,"{""id"": ""1747870075916"", ""last_triggered"": ""2025-07-11T20:29:45.500476+00:00"", ""mode"": ""single"", ""current"": 0, ""friendly_name"": ""auto-banheiro""}"
2025-07-11T17:29:48.223997,sun.sun,below_horizon,below_horizon,"{""next_dawn"": ""2025-07-12T08:34:18.375179+00:00"", ""next_dusk"": ""2025-07-11T20:45:05.377064+00:00"", ""next_midnight"": ""2025-07-12T02:39:47+00:00"", ""next_noon"": ""2025-07-12T14:39:42+00:00"", ""next_rising"": ""2025-07-12T08:57:34.507646+00:00"", ""next_setting"": ""2025-07-12T20:22:04.562792+00:00"", ""elevation"": -2.46, ""azimuth"": 291.97, ""rising"": false, ""friendly_name"": ""Sun""}"
2025-07-11T17:29:50.505517,automation.auto_banheiro,on,on,"{""id"": ""1747870075916"", ""last_triggered"": ""2025-07-11T20:29:50.500855+00:00"", ""mode"": ""single"", ""current"": 1, ""friendly_name"": ""auto-banheiro""}"
2025-07-11T17:29:50.507418,automation.auto_banheiro,on,on,"{""id"": ""1747870075916"", ""last_triggered"": ""2025-07-11T20:29:50.500855+00:00"", ""mode"": ""single"", ""current"": 0, ""friendly_name"": ""auto-banheiro""}"
2025-07-11T17:29:55.504749,automation.auto_banheiro,on,on,"{""id"": ""1747870075916"", ""last_triggered"": ""2025-07-11T20:29:55.499925+00:00"", ""mode"": ""single"", ""current"": 1, ""friendly_name"": ""auto-banheiro""}"
2025-07-11T17:29:55.506502,automation.auto_banheiro,on,on,"{""id"": ""1747870075916"", ""last_triggered"": ""2025-07-11T20:29:55.499925+00:00"", ""mode"": ""single"", ""current"": 0, ""friendly_name"": ""auto-banheiro""}"
2025-07-11T17:30:00.505302,automation.auto_banheiro,on,on,"{""id"": ""1747870075916"", ""last_triggered"": ""2025-07-11T20:30:00.500513+00:00"", ""mode"": ""single"", ""current"": 1, ""friendly_name"": ""auto-banheiro""}"
2025-07-11T17:30:00.506842,automation.auto_banheiro,on,on,"{""id"": ""1747870075916"", ""last_triggered"": ""2025-07-11T20:30:00.500513+00:00"", ""mode"": ""single"", ""current"": 0, ""friendly_name"": ""auto-banheiro""}"
2025-07-11T17:30:05.505250,automation.auto_banheiro,on,on,"{""id"": ""1747870075916"", ""last_triggered"": ""2025-07-11T20:30:05.500399+00:00"", ""mode"": ""single"", ""current"": 1, ""friendly_name"": ""auto-banheiro""}"
2025-07-11T17:30:05.506921,automation.auto_banheiro,on,on,"{""id"": ""1747870075916"", ""last_triggered"": ""2025-07-11T20:30:05.500399+00:00"", ""mode"": ""single"", ""current"": 0, ""friendly_name"": ""auto-banheiro""}"
2025-07-11T17:30:07.624324,sensor.arris_tg1692a_router_download_speed,0.00222027858216172,0.00150637911154299,"{""state_class"": ""measurement"", ""unit_of_measurement"": ""Mbit/s"", ""device_class"": ""data_rate"", ""friendly_name"": ""ARRIS TG1692A Router Download speed""}"
2025-07-11T17:30:07.628492,sensor.arris_tg1692a_router_upload_speed,0.00184747658145765,0.00110771797297744,"{""state_class"": ""measurement"", ""unit_of_measurement"": ""Mbit/s"", ""device_class"": ""data_rate"", ""friendly_name"": ""ARRIS TG1692A Router Upload speed""}"
2025-07-11T17:30:10.114981,automation.aut_status_bruno,on,on,"{""id"": ""1751855857509"", ""last_triggered"": ""2025-07-11T20:30:10.108477+00:00"", ""mode"": ""single"", ""current"": 1, ""friendly_name"": ""aut-status-bruno""}"
2025-07-11T17:30:10.117385,automation.aut_status_bruno,on,on,"{""id"": ""1751855857509"", ""last_triggered"": ""2025-07-11T20:30:10.108477+00:00"", ""mode"": ""single"", ""current"": 0, ""friendly_name"": ""aut-status-bruno""}"
2025-07-11T17:30:10.259927,automation.aut_lampada_quarto,on,on,"{""id"": ""1746067262247"", ""last_triggered"": ""2025-07-11T20:30:10.255405+00:00"", ""mode"": ""single"", ""current"": 1, ""friendly_name"": ""aut-quarto""}"
2025-07-11T17:30:10.261401,automation.aut_lampada_quarto,on,on,"{""id"": ""1746067262247"", ""last_triggered"": ""2025-07-11T20:30:10.255405+00:00"", ""mode"": ""single"", ""current"": 0, ""friendly_name"": ""aut-quarto""}"
2025-07-11T17:30:10.504856,automation.auto_banheiro,on,on,"{""id"": ""1747870075916"", ""last_triggered"": ""2025-07-11T20:30:10.500026+00:00"", ""mode"": ""single"", ""current"": 1, ""friendly_name"": ""auto-banheiro""}"
2025-07-11T17:30:10.506489,automation.auto_banheiro,on,on,"{""id"": ""1747870075916"", ""last_triggered"": ""2025-07-11T20:30:10.500026+00:00"", ""mode"": ""single"", ""current"": 0, ""friendly_name"": ""auto-banheiro""}"
2025-07-11T17:30:12.413896,sensor.th_sensor_humidity,70.0,69.0,"{""state_class"": ""measurement"", ""unit_of_measurement"": ""%"", ""device_class"": ""humidity"", ""friendly_name"": ""th-sensor Humidity""}"
2025-07-11T17:30:15.505625,automation.auto_banheiro,on,on,"{""id"": ""1747870075916"", ""last_triggered"": ""2025-07-11T20:30:15.500746+00:00"", ""mode"": ""single"", ""current"": 1, ""friendly_name"": ""auto-banheiro""}"
2025-07-11T17:30:15.507227,automation.auto_banheiro,on,on,"{""id"": ""1747870075916"", ""last_triggered"": ""2025-07-11T20:30:15.500746+00:00"", ""mode"": ""single"", ""current"": 0, ""friendly_name"": ""auto-banheiro""}"
2025-07-11T17:30:20.515923,automation.auto_banheiro,on,on,"{""id"": ""1747870075916"", ""last_triggered"": ""2025-07-11T20:30:20.500988+00:00"", ""mode"": ""single"", ""current"": 1, ""friendly_name"": ""auto-banheiro""}"
2025-07-11T17:30:20.519353,automation.auto_banheiro,on,on,"{""id"": ""1747870075916"", ""last_triggered"": ""2025-07-11T20:30:20.500988+00:00"", ""mode"": ""single"", ""current"": 0, ""friendly_name"": ""auto-banheiro""}"
2025-07-11T17:30:25.505031,automation.auto_banheiro,on,on,"{""id"": ""1747870075916"", ""last_triggered"": ""2025-07-11T20:30:25.500203+00:00"", ""mode"": ""single"", ""current"": 1, ""friendly_name"": ""auto-banheiro""}"
2025-07-11T17:30:25.506661,automation.auto_banheiro,on,on,"{""id"": ""1747870075916"", ""last_triggered"": ""2025-07-11T20:30:25.500203+00:00"", ""mode"": ""single"", ""current"": 0, ""friendly_name"": ""auto-banheiro""}"
2025-07-11T17:30:30.506292,automation.auto_banheiro,on,on,"{""id"": ""1747870075916"", ""last_triggered"": ""2025-07-11T20:30:30.501461+00:00"", ""mode"": ""single"", ""current"": 1, ""friendly_name"": ""auto-banheiro""}"
2025-07-11T17:30:30.508596,automation.auto_banheiro,on,on,"{""id"": ""1747870075916"", ""last_triggered"": ""2025-07-11T20:30:30.501461+00:00"", ""mode"": ""single"", ""current"": 0, ""friendly_name"": ""auto-banheiro""}"
2025-07-11T17:30:35.505792,automation.auto_banheiro,on,on,"{""id"": ""1747870075916"", ""last_triggered"": ""2025-07-11T20:30:35.500815+00:00"", ""mode"": ""single"", ""current"": 1, ""friendly_name"": ""auto-banheiro""}"
2025-07-11T17:30:35.516557,automation.auto_banheiro,on,on,"{""id"": ""1747870075916"", ""last_triggered"": ""2025-07-11T20:30:35.500815+00:00"", ""mode"": ""single"", ""current"": 0, ""friendly_name"": ""auto-banheiro""}"
2025-07-11T17:30:37.614915,sensor.arris_tg1692a_router_download_speed,0.00150637911154299,0.00246459141553769,"{""state_class"": ""measurement"", ""unit_of_measurement"": ""Mbit/s"", ""device_class"": ""data_rate"", ""friendly_name"": ""ARRIS TG1692A Router Download speed""}"
2025-07-11T17:30:37.616603,sensor.arris_tg1692a_router_upload_speed,0.00110771797297744,0.00181950954644164,"{""state_class"": ""measurement"", ""unit_of_measurement"": ""Mbit/s"", ""device_class"": ""data_rate"", ""friendly_name"": ""ARRIS TG1692A Router Upload speed""}"
2025-07-11T17:30:40.505370,automation.auto_banheiro,on,on,"{""id"": ""1747870075916"", ""last_triggered"": ""2025-07-11T20:30:40.500603+00:00"", ""mode"": ""single"", ""current"": 1, ""friendly_name"": ""auto-banheiro""}"
2025-07-11T17:30:40.507072,automation.auto_banheiro,on,on,"{""id"": ""1747870075916"", ""last_triggered"": ""2025-07-11T20:30:40.500603+00:00"", ""mode"": ""single"", ""current"": 0, ""friendly_name"": ""auto-banheiro""}"
2025-07-11T17:30:45.509533,automation.auto_banheiro,on,on,"{""id"": ""1747870075916"", ""last_triggered"": ""2025-07-11T20:30:45.500227+00:00"", ""mode"": ""single"", ""current"": 1, ""friendly_name"": ""auto-banheiro""}"
2025-07-11T17:30:45.513914,automation.auto_banheiro,on,on,"{""id"": ""1747870075916"", ""last_triggered"": ""2025-07-11T20:30:45.500227+00:00"", ""mode"": ""single"", ""current"": 0, ""friendly_name"": ""auto-banheiro""}"
2025-07-11T17:30:50.508841,automation.auto_banheiro,on,on,"{""id"": ""1747870075916"", ""last_triggered"": ""2025-07-11T20:30:50.500858+00:00"", ""mode"": ""single"", ""current"": 1, ""friendly_name"": ""auto-banheiro""}"
2025-07-11T17:30:50.510602,automation.auto_banheiro,on,on,"{""id"": ""1747870075916"", ""last_triggered"": ""2025-07-11T20:30:50.500858+00:00"", ""mode"": ""single"", ""current"": 0, ""friendly_name"": ""auto-banheiro""}"
2025-07-11T17:30:55.507481,automation.auto_banheiro,on,on,"{""id"": ""1747870075916"", ""last_triggered"": ""2025-07-11T20:30:55.501526+00:00"", ""mode"": ""single"", ""current"": 1, ""friendly_name"": ""auto-banheiro""}"
2025-07-11T17:30:55.509087,automation.auto_banheiro,on,on,"{""id"": ""1747870075916"", ""last_triggered"": ""2025-07-11T20:30:55.501526+00:00"", ""mode"": ""single"", ""current"": 0, ""friendly_name"": ""auto-banheiro""}"
2025-07-11T17:31:00.504989,automation.auto_banheiro,on,on,"{""id"": ""1747870075916"", ""last_triggered"": ""2025-07-11T20:31:00.500236+00:00"", ""mode"": ""single"", ""current"": 1, ""friendly_name"": ""auto-banheiro""}"
2025-07-11T17:31:00.506635,automation.auto_banheiro,on,on,"{""id"": ""1747870075916"", ""last_triggered"": ""2025-07-11T20:31:00.500236+00:00"", ""mode"": ""single"", ""current"": 0, ""friendly_name"": ""auto-banheiro""}"
2025-07-11T17:31:05.506902,automation.auto_banheiro,on,on,"{""id"": ""1747870075916"", ""last_triggered"": ""2025-07-11T20:31:05.500690+00:00"", ""mode"": ""single"", ""current"": 1, ""friendly_name"": ""auto-banheiro""}"
2025-07-11T17:31:05.523588,automation.auto_banheiro,on,on,"{""id"": ""1747870075916"", ""last_triggered"": ""2025-07-11T20:31:05.500690+00:00"", ""mode"": ""single"", ""current"": 0, ""friendly_name"": ""auto-banheiro""}"
2025-07-11T17:31:07.645503,sensor.arris_tg1692a_router_download_speed,0.00246459141553769,0.0359245025709002,"{""state_class"": ""measurement"", ""unit_of_measurement"": ""Mbit/s"", ""device_class"": ""data_rate"", ""friendly_name"": ""ARRIS TG1692A Router Download speed""}"
2025-07-11T17:31:07.647147,sensor.arris_tg1692a_router_upload_speed,0.00181950954644164,0.0371479772717174,"{""state_class"": ""measurement"", ""unit_of_measurement"": ""Mbit/s"", ""device_class"": ""data_rate"", ""friendly_name"": ""ARRIS TG1692A Router Upload speed""}"
2025-07-11T17:31:10.114935,automation.aut_status_bruno,on,on,"{""id"": ""1751855857509"", ""last_triggered"": ""2025-07-11T20:31:10.108421+00:00"", ""mode"": ""single"", ""current"": 1, ""friendly_name"": ""aut-status-bruno""}"
2025-07-11T17:31:10.117307,automation.aut_status_bruno,on,on,"{""id"": ""1751855857509"", ""last_triggered"": ""2025-07-11T20:31:10.108421+00:00"", ""mode"": ""single"", ""current"": 0, ""friendly_name"": ""aut-status-bruno""}"
2025-07-11T17:31:10.258244,automation.aut_lampada_quarto,on,on,"{""id"": ""1746067262247"", ""last_triggered"": ""2025-07-11T20:31:10.254276+00:00"", ""mode"": ""single"", ""current"": 1, ""friendly_name"": ""aut-quarto""}"
2025-07-11T17:31:10.259884,automation.aut_lampada_quarto,on,on,"{""id"": ""1746067262247"", ""last_triggered"": ""2025-07-11T20:31:10.254276+00:00"", ""mode"": ""single"", ""current"": 0, ""friendly_name"": ""aut-quarto""}"
2025-07-11T17:31:10.505449,automation.auto_banheiro,on,on,"{""id"": ""1747870075916"", ""last_triggered"": ""2025-07-11T20:31:10.500723+00:00"", ""mode"": ""single"", ""current"": 1, ""friendly_name"": ""auto-banheiro""}"
2025-07-11T17:31:10.507360,automation.auto_banheiro,on,on,"{""id"": ""1747870075916"", ""last_triggered"": ""2025-07-11T20:31:10.500723+00:00"", ""mode"": ""single"", ""current"": 0, ""friendly_name"": ""auto-banheiro""}"
2025-07-11T17:31:15.505161,automation.auto_banheiro,on,on,"{""id"": ""1747870075916"", ""last_triggered"": ""2025-07-11T20:31:15.500294+00:00"", ""mode"": ""single"", ""current"": 1, ""friendly_name"": ""auto-banheiro""}"
2025-07-11T17:31:15.506929,automation.auto_banheiro,on,on,"{""id"": ""1747870075916"", ""last_triggered"": ""2025-07-11T20:31:15.500294+00:00"", ""mode"": ""single"", ""current"": 0, ""friendly_name"": ""auto-banheiro""}"
2025-07-11T17:31:20.509817,automation.auto_banheiro,on,on,"{""id"": ""1747870075916"", ""last_triggered"": ""2025-07-11T20:31:20.500542+00:00"", ""mode"": ""single"", ""current"": 1, ""friendly_name"": ""auto-banheiro""}"
2025-07-11T17:31:20.512937,automation.auto_banheiro,on,on,"{""id"": ""1747870075916"", ""last_triggered"": ""2025-07-11T20:31:20.500542+00:00"", ""mode"": ""single"", ""current"": 0, ""friendly_name"": ""auto-banheiro""}"
2025-07-11T17:31:25.504865,automation.auto_banheiro,on,on,"{""id"": ""1747870075916"", ""last_triggered"": ""2025-07-11T20:31:25.500059+00:00"", ""mode"": ""single"", ""current"": 1, ""friendly_name"": ""auto-banheiro""}"
2025-07-11T17:31:25.506453,automation.auto_banheiro,on,on,"{""id"": ""1747870075916"", ""last_triggered"": ""2025-07-11T20:31:25.500059+00:00"", ""mode"": ""single"", ""current"": 0, ""friendly_name"": ""auto-banheiro""}"
2025-07-11T17:31:30.505651,automation.auto_banheiro,on,on,"{""id"": ""1747870075916"", ""last_triggered"": ""2025-07-11T20:31:30.500899+00:00"", ""mode"": ""single"", ""current"": 1, ""friendly_name"": ""auto-banheiro""}"
2025-07-11T17:31:30.508933,automation.auto_banheiro,on,on,"{""id"": ""1747870075916"", ""last_triggered"": ""2025-07-11T20:31:30.500899+00:00"", ""mode"": ""single"", ""current"": 0, ""friendly_name"": ""auto-banheiro""}"
2025-07-11T17:31:35.507912,automation.auto_banheiro,on,on,"{""id"": ""1747870075916"", ""last_triggered"": ""2025-07-11T20:31:35.500330+00:00"", ""mode"": ""single"", ""current"": 1, ""friendly_name"": ""auto-banheiro""}"
2025-07-11T17:31:35.509407,automation.auto_banheiro,on,on,"{""id"": ""1747870075916"", ""last_triggered"": ""2025-07-11T20:31:35.500330+00:00"", ""mode"": ""single"", ""current"": 0, ""friendly_name"": ""auto-banheiro""}"
2025-07-11T17:31:37.622272,sensor.arris_tg1692a_router_download_speed,0.0359245025709002,0.101603371668117,"{""state_class"": ""measurement"", ""unit_of_measurement"": ""Mbit/s"", ""device_class"": ""data_rate"", ""friendly_name"": ""ARRIS TG1692A Router Download speed""}"
2025-07-11T17:31:37.624435,sensor.arris_tg1692a_router_upload_speed,0.0371479772717174,0.0817057324977918,"{""state_class"": ""measurement"", ""unit_of_measurement"": ""Mbit/s"", ""device_class"": ""data_rate"", ""friendly_name"": ""ARRIS TG1692A Router Upload speed""}"
2025-07-11T17:31:40.506290,automation.auto_banheiro,on,on,"{""id"": ""1747870075916"", ""last_triggered"": ""2025-07-11T20:31:40.500775+00:00"", ""mode"": ""single"", ""current"": 1, ""friendly_name"": ""auto-banheiro""}"
2025-07-11T17:31:40.518488,automation.auto_banheiro,on,on,"{""id"": ""1747870075916"", ""last_triggered"": ""2025-07-11T20:31:40.500775+00:00"", ""mode"": ""single"", ""current"": 0, ""friendly_name"": ""auto-banheiro""}"
2025-07-11T17:31:45.522897,automation.auto_banheiro,on,on,"{""id"": ""1747870075916"", ""last_triggered"": ""2025-07-11T20:31:45.500132+00:00"", ""mode"": ""single"", ""current"": 1, ""friendly_name"": ""auto-banheiro""}"
2025-07-11T17:31:45.524503,automation.auto_banheiro,on,on,"{""id"": ""1747870075916"", ""last_triggered"": ""2025-07-11T20:31:45.500132+00:00"", ""mode"": ""single"", ""current"": 0, ""friendly_name"": ""auto-banheiro""}"
2025-07-11T17:31:48.224729,sun.sun,below_horizon,below_horizon,"{""next_dawn"": ""2025-07-12T08:34:18.375179+00:00"", ""next_dusk"": ""2025-07-11T20:45:05.377064+00:00"", ""next_midnight"": ""2025-07-12T02:39:47+00:00"", ""next_noon"": ""2025-07-12T14:39:42+00:00"", ""next_rising"": ""2025-07-12T08:57:34.507646+00:00"", ""next_setting"": ""2025-07-12T20:22:04.562792+00:00"", ""elevation"": -2.94, ""azimuth"": 291.86, ""rising"": false, ""friendly_name"": ""Sun""}"
2025-07-11T17:31:50.511257,automation.auto_banheiro,on,on,"{""id"": ""1747870075916"", ""last_triggered"": ""2025-07-11T20:31:50.500675+00:00"", ""mode"": ""single"", ""current"": 1, ""friendly_name"": ""auto-banheiro""}"
2025-07-11T17:31:50.514917,automation.auto_banheiro,on,on,"{""id"": ""1747870075916"", ""last_triggered"": ""2025-07-11T20:31:50.500675+00:00"", ""mode"": ""single"", ""current"": 0, ""friendly_name"": ""auto-banheiro""}"
2025-07-11T17:31:55.504722,automation.auto_banheiro,on,on,"{""id"": ""1747870075916"", ""last_triggered"": ""2025-07-11T20:31:55.499885+00:00"", ""mode"": ""single"", ""current"": 1, ""friendly_name"": ""auto-banheiro""}"
2025-07-11T17:31:55.506420,automation.auto_banheiro,on,on,"{""id"": ""1747870075916"", ""last_triggered"": ""2025-07-11T20:31:55.499885+00:00"", ""mode"": ""single"", ""current"": 0, ""friendly_name"": ""auto-banheiro""}"
2025-07-11T17:32:00.505255,automation.auto_banheiro,on,on,"{""id"": ""1747870075916"", ""last_triggered"": ""2025-07-11T20:32:00.500395+00:00"", ""mode"": ""single"", ""current"": 1, ""friendly_name"": ""auto-banheiro""}"
2025-07-11T17:32:00.506805,automation.auto_banheiro,on,on,"{""id"": ""1747870075916"", ""last_triggered"": ""2025-07-11T20:32:00.500395+00:00"", ""mode"": ""single"", ""current"": 0, ""friendly_name"": ""auto-banheiro""}"
2025-07-11T17:32:05.508450,automation.auto_banheiro,on,on,"{""id"": ""1747870075916"", ""last_triggered"": ""2025-07-11T20:32:05.500262+00:00"", ""mode"": ""single"", ""current"": 1, ""friendly_name"": ""auto-banheiro""}"
2025-07-11T17:32:05.510087,automation.auto_banheiro,on,on,"{""id"": ""1747870075916"", ""last_triggered"": ""2025-07-11T20:32:05.500262+00:00"", ""mode"": ""single"", ""current"": 0, ""friendly_name"": ""auto-banheiro""}"
2025-07-11T17:32:07.638784,sensor.arris_tg1692a_router_download_speed,0.101603371668117,0.0178388355409765,"{""state_class"": ""measurement"", ""unit_of_measurement"": ""Mbit/s"", ""device_class"": ""data_rate"", ""friendly_name"": ""ARRIS TG1692A Router Download speed""}"
2025-07-11T17:32:07.640779,sensor.arris_tg1692a_router_upload_speed,0.0817057324977918,0.0192780491655321,"{""state_class"": ""measurement"", ""unit_of_measurement"": ""Mbit/s"", ""device_class"": ""data_rate"", ""friendly_name"": ""ARRIS TG1692A Router Upload speed""}"
2025-07-11T17:32:10.114665,automation.aut_status_bruno,on,on,"{""id"": ""1751855857509"", ""last_triggered"": ""2025-07-11T20:32:10.108091+00:00"", ""mode"": ""single"", ""current"": 1, ""friendly_name"": ""aut-status-bruno""}"
2025-07-11T17:32:10.118071,automation.aut_status_bruno,on,on,"{""id"": ""1751855857509"", ""last_triggered"": ""2025-07-11T20:32:10.108091+00:00"", ""mode"": ""single"", ""current"": 0, ""friendly_name"": ""aut-status-bruno""}"
2025-07-11T17:32:10.259885,automation.aut_lampada_quarto,on,on,"{""id"": ""1746067262247"", ""last_triggered"": ""2025-07-11T20:32:10.255923+00:00"", ""mode"": ""single"", ""current"": 1, ""friendly_name"": ""aut-quarto""}"
2025-07-11T17:32:10.261406,automation.aut_lampada_quarto,on,on,"{""id"": ""1746067262247"", ""last_triggered"": ""2025-07-11T20:32:10.255923+00:00"", ""mode"": ""single"", ""current"": 0, ""friendly_name"": ""aut-quarto""}"
2025-07-11T17:32:10.505546,automation.auto_banheiro,on,on,"{""id"": ""1747870075916"", ""last_triggered"": ""2025-07-11T20:32:10.499887+00:00"", ""mode"": ""single"", ""current"": 1, ""friendly_name"": ""auto-banheiro""}"
2025-07-11T17:32:10.507054,automation.auto_banheiro,on,on,"{""id"": ""1747870075916"", ""last_triggered"": ""2025-07-11T20:32:10.499887+00:00"", ""mode"": ""single"", ""current"": 0, ""friendly_name"": ""auto-banheiro""}"
2025-07-11T17:32:12.657528,binary_sensor.presenca_sala_motion,off,on,"{""device_class"": ""motion"", ""friendly_name"": ""Presen\u00e7a sala Motion""}"
2025-07-11T17:32:12.661793,automation.aut_sala,on,on,"{""id"": ""1746116908353"", ""last_triggered"": ""2025-07-11T20:32:12.653150+00:00"", ""mode"": ""single"", ""current"": 1, ""friendly_name"": ""aut-sala""}"
2025-07-11T17:32:13.323871,automation.aut_sala,on,on,"{""id"": ""1746116908353"", ""last_triggered"": ""2025-07-11T20:32:12.653150+00:00"", ""mode"": ""single"", ""current"": 0, ""friendly_name"": ""aut-sala""}"
2025-07-11T17:32:13.929236,switch.interruptor_sala_switch_1,off,on,"{""device_class"": ""outlet"", ""friendly_name"": ""Interruptor sala Switch 1""}"
2025-07-11T17:32:15.511090,automation.auto_banheiro,on,on,"{""id"": ""1747870075916"", ""last_triggered"": ""2025-07-11T20:32:15.500716+00:00"", ""mode"": ""single"", ""current"": 1, ""friendly_name"": ""auto-banheiro""}"
2025-07-11T17:32:15.515121,automation.auto_banheiro,on,on,"{""id"": ""1747870075916"", ""last_triggered"": ""2025-07-11T20:32:15.500716+00:00"", ""mode"": ""single"", ""current"": 0, ""friendly_name"": ""auto-banheiro""}"
2025-07-11T17:32:20.505494,automation.auto_banheiro,on,on,"{""id"": ""1747870075916"", ""last_triggered"": ""2025-07-11T20:32:20.500731+00:00"", ""mode"": ""single"", ""current"": 1, ""friendly_name"": ""auto-banheiro""}"
2025-07-11T17:32:20.507256,automation.auto_banheiro,on,on,"{""id"": ""1747870075916"", ""last_triggered"": ""2025-07-11T20:32:20.500731+00:00"", ""mode"": ""single"", ""current"": 0, ""friendly_name"": ""auto-banheiro""}"
2025-07-11T17:32:25.505179,automation.auto_banheiro,on,on,"{""id"": ""1747870075916"", ""last_triggered"": ""2025-07-11T20:32:25.500353+00:00"", ""mode"": ""single"", ""current"": 1, ""friendly_name"": ""auto-banheiro""}"
2025-07-11T17:32:25.506698,automation.auto_banheiro,on,on,"{""id"": ""1747870075916"", ""last_triggered"": ""2025-07-11T20:32:25.500353+00:00"", ""mode"": ""single"", ""current"": 0, ""friendly_name"": ""auto-banheiro""}"
2025-07-11T17:32:26.401199,binary_sensor.human_presence_sensor_occupancy,off,on,"{""device_class"": ""occupancy"", ""friendly_name"": ""Presen\u00e7a Quarto  Occupancy""}"
2025-07-11T17:32:26.407751,automation.aut_lampada_quarto,on,on,"{""id"": ""1746067262247"", ""last_triggered"": ""2025-07-11T20:32:26.381413+00:00"", ""mode"": ""single"", ""current"": 1, ""friendly_name"": ""aut-quarto""}"
2025-07-11T17:32:26.644919,automation.aut_lampada_quarto,on,on,"{""id"": ""1746067262247"", ""last_triggered"": ""2025-07-11T20:32:26.381413+00:00"", ""mode"": ""single"", ""current"": 0, ""friendly_name"": ""aut-quarto""}"
2025-07-11T17:32:27.127117,light.lampada_quarto,off,on,"{""min_color_temp_kelvin"": 2000, ""max_color_temp_kelvin"": 6500, ""min_mireds"": 153, ""max_mireds"": 500, ""supported_color_modes"": [""color_temp"", ""hs""], ""color_mode"": ""color_temp"", ""brightness"": 255, ""color_temp_kelvin"": 2000, ""color_temp"": 500, ""hs_color"": [30.601, 94.547], ""rgb_color"": [255, 137, 14], ""xy_color"": [0.598, 0.383], ""friendly_name"": ""L\u00e2mpada quarto "", ""supported_features"": 0}"
2025-07-11T17:32:30.505447,automation.auto_banheiro,on,on,"{""id"": ""1747870075916"", ""last_triggered"": ""2025-07-11T20:32:30.500729+00:00"", ""mode"": ""single"", ""current"": 1, ""friendly_name"": ""auto-banheiro""}"
2025-07-11T17:32:30.507028,automation.auto_banheiro,on,on,"{""id"": ""1747870075916"", ""last_triggered"": ""2025-07-11T20:32:30.500729+00:00"", ""mode"": ""single"", ""current"": 0, ""friendly_name"": ""auto-banheiro""}"
2025-07-11T17:32:35.505234,automation.auto_banheiro,on,on,"{""id"": ""1747870075916"", ""last_triggered"": ""2025-07-11T20:32:35.500357+00:00"", ""mode"": ""single"", ""current"": 1, ""friendly_name"": ""auto-banheiro""}"
2025-07-11T17:32:35.506823,automation.auto_banheiro,on,on,"{""id"": ""1747870075916"", ""last_triggered"": ""2025-07-11T20:32:35.500357+00:00"", ""mode"": ""single"", ""current"": 0, ""friendly_name"": ""auto-banheiro""}"
2025-07-11T17:32:37.619496,sensor.arris_tg1692a_router_download_speed,0.0178388355409765,0.00791781203376363,"{""state_class"": ""measurement"", ""unit_of_measurement"": ""Mbit/s"", ""device_class"": ""data_rate"", ""friendly_name"": ""ARRIS TG1692A Router Download speed""}"
2025-07-11T17:32:37.621219,sensor.arris_tg1692a_router_upload_speed,0.0192780491655321,0.00358450860022399,"{""state_class"": ""measurement"", ""unit_of_measurement"": ""Mbit/s"", ""device_class"": ""data_rate"", ""friendly_name"": ""ARRIS TG1692A Router Upload speed""}"
2025-07-11T17:32:40.504789,automation.auto_banheiro,on,on,"{""id"": ""1747870075916"", ""last_triggered"": ""2025-07-11T20:32:40.499999+00:00"", ""mode"": ""single"", ""current"": 1, ""friendly_name"": ""auto-banheiro""}"
2025-07-11T17:32:40.506384,automation.auto_banheiro,on,on,"{""id"": ""1747870075916"", ""last_triggered"": ""2025-07-11T20:32:40.499999+00:00"", ""mode"": ""single"", ""current"": 0, ""friendly_name"": ""auto-banheiro""}"
2025-07-11T17:32:42.820528,binary_sensor.presenca_cozinha_motion,off,on,"{""device_class"": ""motion"", ""friendly_name"": ""Presen\u00e7a cozinha  Motion""}"
2025-07-11T17:32:42.822657,automation.automation_kitchen,on,on,"{""id"": ""1745695079735"", ""last_triggered"": ""2025-07-11T20:32:42.813125+00:00"", ""mode"": ""single"", ""current"": 1, ""friendly_name"": ""automation-kitchen""}"
2025-07-11T17:32:43.061014,automation.automation_kitchen,on,on,"{""id"": ""1745695079735"", ""last_triggered"": ""2025-07-11T20:32:42.813125+00:00"", ""mode"": ""single"", ""current"": 0, ""friendly_name"": ""automation-kitchen""}"
2025-07-11T17:32:43.785061,light.lampada_cozinha,off,on,"{""min_color_temp_kelvin"": 2000, ""max_color_temp_kelvin"": 6500, ""min_mireds"": 153, ""max_mireds"": 500, ""supported_color_modes"": [""color_temp"", ""hs""], ""color_mode"": ""color_temp"", ""brightness"": 255, ""color_temp_kelvin"": 6535, ""color_temp"": 153, ""hs_color"": [54.768, 1.6], ""rgb_color"": [255, 255, 251], ""xy_color"": [0.325, 0.333], ""friendly_name"": ""L\u00e2mpada cozinha "", ""supported_features"": 0}"
2025-07-11T17:32:45.504974,automation.auto_banheiro,on,on,"{""id"": ""1747870075916"", ""last_triggered"": ""2025-07-11T20:32:45.500043+00:00"", ""mode"": ""single"", ""current"": 1, ""friendly_name"": ""auto-banheiro""}"
2025-07-11T17:32:45.506574,automation.auto_banheiro,on,on,"{""id"": ""1747870075916"", ""last_triggered"": ""2025-07-11T20:32:45.500043+00:00"", ""mode"": ""single"", ""current"": 0, ""friendly_name"": ""auto-banheiro""}"
2025-07-11T17:32:50.504831,automation.auto_banheiro,on,on,"{""id"": ""1747870075916"", ""last_triggered"": ""2025-07-11T20:32:50.500011+00:00"", ""mode"": ""single"", ""current"": 1, ""friendly_name"": ""auto-banheiro""}"
2025-07-11T17:32:50.506423,automation.auto_banheiro,on,on,"{""id"": ""1747870075916"", ""last_triggered"": ""2025-07-11T20:32:50.500011+00:00"", ""mode"": ""single"", ""current"": 0, ""friendly_name"": ""auto-banheiro""}"
2025-07-11T17:32:55.513459,automation.auto_banheiro,on,on,"{""id"": ""1747870075916"", ""last_triggered"": ""2025-07-11T20:32:55.501114+00:00"", ""mode"": ""single"", ""current"": 1, ""friendly_name"": ""auto-banheiro""}"
2025-07-11T17:32:55.517642,automation.auto_banheiro,on,on,"{""id"": ""1747870075916"", ""last_triggered"": ""2025-07-11T20:32:55.501114+00:00"", ""mode"": ""single"", ""current"": 0, ""friendly_name"": ""auto-banheiro""}"
2025-07-11T17:33:00.510574,automation.auto_banheiro,on,on,"{""id"": ""1747870075916"", ""last_triggered"": ""2025-07-11T20:33:00.500798+00:00"", ""mode"": ""single"", ""current"": 1, ""friendly_name"": ""auto-banheiro""}"
2025-07-11T17:33:00.513714,automation.auto_banheiro,on,on,"{""id"": ""1747870075916"", ""last_triggered"": ""2025-07-11T20:33:00.500798+00:00"", ""mode"": ""single"", ""current"": 0, ""friendly_name"": ""auto-banheiro""}"
2025-07-11T17:33:05.505374,automation.auto_banheiro,on,on,"{""id"": ""1747870075916"", ""last_triggered"": ""2025-07-11T20:33:05.500599+00:00"", ""mode"": ""single"", ""current"": 1, ""friendly_name"": ""auto-banheiro""}"
2025-07-11T17:33:05.506989,automation.auto_banheiro,on,on,"{""id"": ""1747870075916"", ""last_triggered"": ""2025-07-11T20:33:05.500599+00:00"", ""mode"": ""single"", ""current"": 0, ""friendly_name"": ""auto-banheiro""}"
2025-07-11T17:33:07.625949,sensor.arris_tg1692a_router_download_speed,0.00791781203376363,0.00529166401253477,"{""state_class"": ""measurement"", ""unit_of_measurement"": ""Mbit/s"", ""device_class"": ""data_rate"", ""friendly_name"": ""ARRIS TG1692A Router Download speed""}"
2025-07-11T17:33:07.629875,sensor.arris_tg1692a_router_upload_speed,0.00358450860022399,0.00191624156390218,"{""state_class"": ""measurement"", ""unit_of_measurement"": ""Mbit/s"", ""device_class"": ""data_rate"", ""friendly_name"": ""ARRIS TG1692A Router Upload speed""}"
2025-07-11T17:33:10.114410,automation.aut_status_bruno,on,on,"{""id"": ""1751855857509"", ""last_triggered"": ""2025-07-11T20:33:10.107502+00:00"", ""mode"": ""single"", ""current"": 1, ""friendly_name"": ""aut-status-bruno""}"
2025-07-11T17:33:10.116673,automation.aut_status_bruno,on,on,"{""id"": ""1751855857509"", ""last_triggered"": ""2025-07-11T20:33:10.107502+00:00"", ""mode"": ""single"", ""current"": 0, ""friendly_name"": ""aut-status-bruno""}"
2025-07-11T17:33:10.259259,automation.aut_lampada_quarto,on,on,"{""id"": ""1746067262247"", ""last_triggered"": ""2025-07-11T20:33:10.254755+00:00"", ""mode"": ""single"", ""current"": 1, ""friendly_name"": ""aut-quarto""}"
2025-07-11T17:33:10.260874,automation.aut_lampada_quarto,on,on,"{""id"": ""1746067262247"", ""last_triggered"": ""2025-07-11T20:33:10.254755+00:00"", ""mode"": ""single"", ""current"": 0, ""friendly_name"": ""aut-quarto""}"
2025-07-11T17:33:10.506753,automation.auto_banheiro,on,on,"{""id"": ""1747870075916"", ""last_triggered"": ""2025-07-11T20:33:10.501267+00:00"", ""mode"": ""single"", ""current"": 1, ""friendly_name"": ""auto-banheiro""}"
2025-07-11T17:33:10.508698,automation.auto_banheiro,on,on,"{""id"": ""1747870075916"", ""last_triggered"": ""2025-07-11T20:33:10.501267+00:00"", ""mode"": ""single"", ""current"": 0, ""friendly_name"": ""auto-banheiro""}"
2025-07-11T17:33:15.510234,automation.auto_banheiro,on,on,"{""id"": ""1747870075916"", ""last_triggered"": ""2025-07-11T20:33:15.500716+00:00"", ""mode"": ""single"", ""current"": 1, ""friendly_name"": ""auto-banheiro""}"
2025-07-11T17:33:15.513139,automation.auto_banheiro,on,on,"{""id"": ""1747870075916"", ""last_triggered"": ""2025-07-11T20:33:15.500716+00:00"", ""mode"": ""single"", ""current"": 0, ""friendly_name"": ""auto-banheiro""}"
2025-07-11T17:33:20.504724,automation.auto_banheiro,on,on,"{""id"": ""1747870075916"", ""last_triggered"": ""2025-07-11T20:33:20.499888+00:00"", ""mode"": ""single"", ""current"": 1, ""friendly_name"": ""auto-banheiro""}"
2025-07-11T17:33:20.506443,automation.auto_banheiro,on,on,"{""id"": ""1747870075916"", ""last_triggered"": ""2025-07-11T20:33:20.499888+00:00"", ""mode"": ""single"", ""current"": 0, ""friendly_name"": ""auto-banheiro""}"
2025-07-11T17:33:23.123063,binary_sensor.tauntaum_door,off,on,"{""device_class"": ""door"", ""friendly_name"": ""Tauntaum Door""}"
2025-07-11T17:33:23.159518,binary_sensor.tauntaum_cooler_door,off,on,"{""device_class"": ""door"", ""friendly_name"": ""Tauntaum Fridge door""}"
2025-07-11T17:33:25.504991,automation.auto_banheiro,on,on,"{""id"": ""1747870075916"", ""last_triggered"": ""2025-07-11T20:33:25.500189+00:00"", ""mode"": ""single"", ""current"": 1, ""friendly_name"": ""auto-banheiro""}"
2025-07-11T17:33:25.508524,automation.auto_banheiro,on,on,"{""id"": ""1747870075916"", ""last_triggered"": ""2025-07-11T20:33:25.500189+00:00"", ""mode"": ""single"", ""current"": 0, ""friendly_name"": ""auto-banheiro""}"
2025-07-11T17:33:27.474832,binary_sensor.tauntaum_cooler_door,on,off,"{""device_class"": ""door"", ""friendly_name"": ""Tauntaum Fridge door""}"
2025-07-11T17:33:27.493776,binary_sensor.tauntaum_door,on,off,"{""device_class"": ""door"", ""friendly_name"": ""Tauntaum Door""}"
2025-07-11T17:33:30.508225,automation.auto_banheiro,on,on,"{""id"": ""1747870075916"", ""last_triggered"": ""2025-07-11T20:33:30.500753+00:00"", ""mode"": ""single"", ""current"": 1, ""friendly_name"": ""auto-banheiro""}"
2025-07-11T17:33:30.510013,automation.auto_banheiro,on,on,"{""id"": ""1747870075916"", ""last_triggered"": ""2025-07-11T20:33:30.500753+00:00"", ""mode"": ""single"", ""current"": 0, ""friendly_name"": ""auto-banheiro""}"
2025-07-11T17:33:35.514498,automation.auto_banheiro,on,on,"{""id"": ""1747870075916"", ""last_triggered"": ""2025-07-11T20:33:35.501247+00:00"", ""mode"": ""single"", ""current"": 1, ""friendly_name"": ""auto-banheiro""}"
2025-07-11T17:33:35.518593,automation.auto_banheiro,on,on,"{""id"": ""1747870075916"", ""last_triggered"": ""2025-07-11T20:33:35.501247+00:00"", ""mode"": ""single"", ""current"": 0, ""friendly_name"": ""auto-banheiro""}"
2025-07-11T17:33:37.649402,sensor.arris_tg1692a_router_download_speed,0.00529166401253477,0.00569557499634843,"{""state_class"": ""measurement"", ""unit_of_measurement"": ""Mbit/s"", ""device_class"": ""data_rate"", ""friendly_name"": ""ARRIS TG1692A Router Download speed""}"
2025-07-11T17:33:37.651454,sensor.arris_tg1692a_router_upload_speed,0.00191624156390218,0.00353296845014375,"{""state_class"": ""measurement"", ""unit_of_measurement"": ""Mbit/s"", ""device_class"": ""data_rate"", ""friendly_name"": ""ARRIS TG1692A Router Upload speed""}"
2025-07-11T17:33:40.507641,automation.auto_banheiro,on,on,"{""id"": ""1747870075916"", ""last_triggered"": ""2025-07-11T20:33:40.500606+00:00"", ""mode"": ""single"", ""current"": 1, ""friendly_name"": ""auto-banheiro""}"
2025-07-11T17:33:40.511095,automation.auto_banheiro,on,on,"{""id"": ""1747870075916"", ""last_triggered"": ""2025-07-11T20:33:40.500606+00:00"", ""mode"": ""single"", ""current"": 0, ""friendly_name"": ""auto-banheiro""}"
2025-07-11T17:33:45.511617,automation.auto_banheiro,on,on,"{""id"": ""1747870075916"", ""last_triggered"": ""2025-07-11T20:33:45.501104+00:00"", ""mode"": ""single"", ""current"": 1, ""friendly_name"": ""auto-banheiro""}"
2025-07-11T17:33:45.515118,automation.auto_banheiro,on,on,"{""id"": ""1747870075916"", ""last_triggered"": ""2025-07-11T20:33:45.501104+00:00"", ""mode"": ""single"", ""current"": 0, ""friendly_name"": ""auto-banheiro""}"
2025-07-11T17:33:48.225452,sun.sun,below_horizon,below_horizon,"{""next_dawn"": ""2025-07-12T08:34:18.375179+00:00"", ""next_dusk"": ""2025-07-11T20:45:05.377064+00:00"", ""next_midnight"": ""2025-07-12T02:39:47+00:00"", ""next_noon"": ""2025-07-12T14:39:42+00:00"", ""next_rising"": ""2025-07-12T08:57:34.507646+00:00"", ""next_setting"": ""2025-07-12T20:22:04.562792+00:00"", ""elevation"": -3.4, ""azimuth"": 291.76, ""rising"": false, ""friendly_name"": ""Sun""}"
2025-07-11T17:33:50.506114,automation.auto_banheiro,on,on,"{""id"": ""1747870075916"", ""last_triggered"": ""2025-07-11T20:33:50.501389+00:00"", ""mode"": ""single"", ""current"": 1, ""friendly_name"": ""auto-banheiro""}"
2025-07-11T17:33:50.507833,automation.auto_banheiro,on,on,"{""id"": ""1747870075916"", ""last_triggered"": ""2025-07-11T20:33:50.501389+00:00"", ""mode"": ""single"", ""current"": 0, ""friendly_name"": ""auto-banheiro""}"
2025-07-11T17:33:55.505643,automation.auto_banheiro,on,on,"{""id"": ""1747870075916"", ""last_triggered"": ""2025-07-11T20:33:55.500799+00:00"", ""mode"": ""single"", ""current"": 1, ""friendly_name"": ""auto-banheiro""}"
2025-07-11T17:33:55.507395,automation.auto_banheiro,on,on,"{""id"": ""1747870075916"", ""last_triggered"": ""2025-07-11T20:33:55.500799+00:00"", ""mode"": ""single"", ""current"": 0, ""friendly_name"": ""auto-banheiro""}"
2025-07-11T17:34:00.505228,automation.auto_banheiro,on,on,"{""id"": ""1747870075916"", ""last_triggered"": ""2025-07-11T20:34:00.500336+00:00"", ""mode"": ""single"", ""current"": 1, ""friendly_name"": ""auto-banheiro""}"
2025-07-11T17:34:00.507217,automation.auto_banheiro,on,on,"{""id"": ""1747870075916"", ""last_triggered"": ""2025-07-11T20:34:00.500336+00:00"", ""mode"": ""single"", ""current"": 0, ""friendly_name"": ""auto-banheiro""}"
2025-07-11T17:34:05.512546,automation.auto_banheiro,on,on,"{""id"": ""1747870075916"", ""last_triggered"": ""2025-07-11T20:34:05.502145+00:00"", ""mode"": ""single"", ""current"": 1, ""friendly_name"": ""auto-banheiro""}"
2025-07-11T17:34:05.516014,automation.auto_banheiro,on,on,"{""id"": ""1747870075916"", ""last_triggered"": ""2025-07-11T20:34:05.502145+00:00"", ""mode"": ""single"", ""current"": 0, ""friendly_name"": ""auto-banheiro""}"
2025-07-11T17:34:07.617546,sensor.arris_tg1692a_router_download_speed,0.00569557499634843,0.0264866197348598,"{""state_class"": ""measurement"", ""unit_of_measurement"": ""Mbit/s"", ""device_class"": ""data_rate"", ""friendly_name"": ""ARRIS TG1692A Router Download speed""}"
2025-07-11T17:34:07.619272,sensor.arris_tg1692a_router_upload_speed,0.00353296845014375,0.0235425063864959,"{""state_class"": ""measurement"", ""unit_of_measurement"": ""Mbit/s"", ""device_class"": ""data_rate"", ""friendly_name"": ""ARRIS TG1692A Router Upload speed""}"
2025-07-11T17:34:10.114351,automation.aut_status_bruno,on,on,"{""id"": ""1751855857509"", ""last_triggered"": ""2025-07-11T20:34:10.107995+00:00"", ""mode"": ""single"", ""current"": 1, ""friendly_name"": ""aut-status-bruno""}"
2025-07-11T17:34:10.116686,automation.aut_status_bruno,on,on,"{""id"": ""1751855857509"", ""last_triggered"": ""2025-07-11T20:34:10.107995+00:00"", ""mode"": ""single"", ""current"": 0, ""friendly_name"": ""aut-status-bruno""}"
2025-07-11T17:34:10.259069,automation.aut_lampada_quarto,on,on,"{""id"": ""1746067262247"", ""last_triggered"": ""2025-07-11T20:34:10.254785+00:00"", ""mode"": ""single"", ""current"": 1, ""friendly_name"": ""aut-quarto""}"
2025-07-11T17:34:10.260653,automation.aut_lampada_quarto,on,on,"{""id"": ""1746067262247"", ""last_triggered"": ""2025-07-11T20:34:10.254785+00:00"", ""mode"": ""single"", ""current"": 0, ""friendly_name"": ""aut-quarto""}"
2025-07-11T17:34:10.506309,automation.auto_banheiro,on,on,"{""id"": ""1747870075916"", ""last_triggered"": ""2025-07-11T20:34:10.501571+00:00"", ""mode"": ""single"", ""current"": 1, ""friendly_name"": ""auto-banheiro""}"
2025-07-11T17:34:10.508055,automation.auto_banheiro,on,on,"{""id"": ""1747870075916"", ""last_triggered"": ""2025-07-11T20:34:10.501571+00:00"", ""mode"": ""single"", ""current"": 0, ""friendly_name"": ""auto-banheiro""}"
2025-07-11T17:34:15.512981,automation.auto_banheiro,on,on,"{""id"": ""1747870075916"", ""last_triggered"": ""2025-07-11T20:34:15.501252+00:00"", ""mode"": ""single"", ""current"": 1, ""friendly_name"": ""auto-banheiro""}"
2025-07-11T17:34:15.516682,automation.auto_banheiro,on,on,"{""id"": ""1747870075916"", ""last_triggered"": ""2025-07-11T20:34:15.501252+00:00"", ""mode"": ""single"", ""current"": 0, ""friendly_name"": ""auto-banheiro""}"
2025-07-11T17:34:20.505595,automation.auto_banheiro,on,on,"{""id"": ""1747870075916"", ""last_triggered"": ""2025-07-11T20:34:20.500806+00:00"", ""mode"": ""single"", ""current"": 1, ""friendly_name"": ""auto-banheiro""}"
2025-07-11T17:34:20.507272,automation.auto_banheiro,on,on,"{""id"": ""1747870075916"", ""last_triggered"": ""2025-07-11T20:34:20.500806+00:00"", ""mode"": ""single"", ""current"": 0, ""friendly_name"": ""auto-banheiro""}"
2025-07-11T17:34:24.976843,camera.192_168_0_33,idle,idle,"{""access_token"": ""b703f71af974c20f1bd6b514ea5cbe99af10bb330953cf48ce4cb163ec9eac8d"", ""entity_picture"": ""/api/camera_proxy/camera.192_168_0_33?token=b703f71af974c20f1bd6b514ea5cbe99af10bb330953cf48ce4cb163ec9eac8d"", ""friendly_name"": ""192_168_0_14"", ""supported_features"": 2}"
2025-07-11T17:34:24.978612,camera.admin_mainstream,idle,idle,"{""access_token"": ""669011c36083c6b025b7dd4374f9124a2219d3d479052a28426aaaf8899ac2c4"", ""entity_picture"": ""/api/camera_proxy/camera.admin_mainstream?token=669011c36083c6b025b7dd4374f9124a2219d3d479052a28426aaaf8899ac2c4"", ""friendly_name"": ""admin MainStream"", ""supported_features"": 2}"
2025-07-11T17:34:24.980520,camera.admin_substream,idle,idle,"{""access_token"": ""51b684b502df3eea098c0adc5092f35b6323d3f074c27bb60df9ff2bce507668"", ""entity_picture"": ""/api/camera_proxy/camera.admin_substream?token=51b684b502df3eea098c0adc5092f35b6323d3f074c27bb60df9ff2bce507668"", ""friendly_name"": ""admin SubStream"", ""supported_features"": 2}"
2025-07-11T17:34:25.520157,automation.auto_banheiro,on,on,"{""id"": ""1747870075916"", ""last_triggered"": ""2025-07-11T20:34:25.500533+00:00"", ""mode"": ""single"", ""current"": 1, ""friendly_name"": ""auto-banheiro""}"
2025-07-11T17:34:25.522096,automation.auto_banheiro,on,on,"{""id"": ""1747870075916"", ""last_triggered"": ""2025-07-11T20:34:25.500533+00:00"", ""mode"": ""single"", ""current"": 0, ""friendly_name"": ""auto-banheiro""}"
2025-07-11T17:34:30.516216,automation.auto_banheiro,on,on,"{""id"": ""1747870075916"", ""last_triggered"": ""2025-07-11T20:34:30.501059+00:00"", ""mode"": ""single"", ""current"": 1, ""friendly_name"": ""auto-banheiro""}"
2025-07-11T17:34:30.519593,automation.auto_banheiro,on,on,"{""id"": ""1747870075916"", ""last_triggered"": ""2025-07-11T20:34:30.501059+00:00"", ""mode"": ""single"", ""current"": 0, ""friendly_name"": ""auto-banheiro""}"
2025-07-11T17:34:35.505179,automation.auto_banheiro,on,on,"{""id"": ""1747870075916"", ""last_triggered"": ""2025-07-11T20:34:35.500290+00:00"", ""mode"": ""single"", ""current"": 1, ""friendly_name"": ""auto-banheiro""}"
2025-07-11T17:34:35.506833,automation.auto_banheiro,on,on,"{""id"": ""1747870075916"", ""last_triggered"": ""2025-07-11T20:34:35.500290+00:00"", ""mode"": ""single"", ""current"": 0, ""friendly_name"": ""auto-banheiro""}"
2025-07-11T17:34:37.614379,sensor.arris_tg1692a_router_download_speed,0.0264866197348598,0.0297075035953055,"{""state_class"": ""measurement"", ""unit_of_measurement"": ""Mbit/s"", ""device_class"": ""data_rate"", ""friendly_name"": ""ARRIS TG1692A Router Download speed""}"
2025-07-11T17:34:37.616204,sensor.arris_tg1692a_router_upload_speed,0.0235425063864959,0.0094545935511432,"{""state_class"": ""measurement"", ""unit_of_measurement"": ""Mbit/s"", ""device_class"": ""data_rate"", ""friendly_name"": ""ARRIS TG1692A Router Upload speed""}"
2025-07-11T17:34:40.506240,automation.auto_banheiro,on,on,"{""id"": ""1747870075916"", ""last_triggered"": ""2025-07-11T20:34:40.500667+00:00"", ""mode"": ""single"", ""current"": 1, ""friendly_name"": ""auto-banheiro""}"
2025-07-11T17:34:40.508056,automation.auto_banheiro,on,on,"{""id"": ""1747870075916"", ""last_triggered"": ""2025-07-11T20:34:40.500667+00:00"", ""mode"": ""single"", ""current"": 0, ""friendly_name"": ""auto-banheiro""}"
2025-07-11T17:34:41.972404,binary_sensor.presenca_cozinha_motion,on,off,"{""device_class"": ""motion"", ""friendly_name"": ""Presen\u00e7a cozinha  Motion""}"
2025-07-11T17:34:41.979986,automation.automation_kitchen,on,on,"{""id"": ""1745695079735"", ""last_triggered"": ""2025-07-11T20:34:41.960518+00:00"", ""mode"": ""single"", ""current"": 1, ""friendly_name"": ""automation-kitchen""}"
2025-07-11T17:34:42.674289,automation.automation_kitchen,on,on,"{""id"": ""1745695079735"", ""last_triggered"": ""2025-07-11T20:34:41.960518+00:00"", ""mode"": ""single"", ""current"": 0, ""friendly_name"": ""automation-kitchen""}"
2025-07-11T17:34:43.230133,light.lampada_cozinha,on,off,"{""min_color_temp_kelvin"": 2000, ""max_color_temp_kelvin"": 6500, ""min_mireds"": 153, ""max_mireds"": 500, ""supported_color_modes"": [""color_temp"", ""hs""], ""color_mode"": null, ""brightness"": null, ""color_temp_kelvin"": null, ""color_temp"": null, ""hs_color"": null, ""rgb_color"": null, ""xy_color"": null, ""friendly_name"": ""L\u00e2mpada cozinha "", ""supported_features"": 0}"
2025-07-11T17:34:45.505227,automation.auto_banheiro,on,on,"{""id"": ""1747870075916"", ""last_triggered"": ""2025-07-11T20:34:45.500317+00:00"", ""mode"": ""single"", ""current"": 1, ""friendly_name"": ""auto-banheiro""}"
2025-07-11T17:34:45.506852,automation.auto_banheiro,on,on,"{""id"": ""1747870075916"", ""last_triggered"": ""2025-07-11T20:34:45.500317+00:00"", ""mode"": ""single"", ""current"": 0, ""friendly_name"": ""auto-banheiro""}"
2025-07-11T17:34:50.504993,automation.auto_banheiro,on,on,"{""id"": ""1747870075916"", ""last_triggered"": ""2025-07-11T20:34:50.500179+00:00"", ""mode"": ""single"", ""current"": 1, ""friendly_name"": ""auto-banheiro""}"
2025-07-11T17:34:50.506678,automation.auto_banheiro,on,on,"{""id"": ""1747870075916"", ""last_triggered"": ""2025-07-11T20:34:50.500179+00:00"", ""mode"": ""single"", ""current"": 0, ""friendly_name"": ""auto-banheiro""}"
2025-07-11T17:34:55.507155,automation.auto_banheiro,on,on,"{""id"": ""1747870075916"", ""last_triggered"": ""2025-07-11T20:34:55.500196+00:00"", ""mode"": ""single"", ""current"": 1, ""friendly_name"": ""auto-banheiro""}"
2025-07-11T17:34:55.508787,automation.auto_banheiro,on,on,"{""id"": ""1747870075916"", ""last_triggered"": ""2025-07-11T20:34:55.500196+00:00"", ""mode"": ""single"", ""current"": 0, ""friendly_name"": ""auto-banheiro""}"
2025-07-11T17:35:00.519640,automation.auto_banheiro,on,on,"{""id"": ""1747870075916"", ""last_triggered"": ""2025-07-11T20:35:00.501592+00:00"", ""mode"": ""single"", ""current"": 1, ""friendly_name"": ""auto-banheiro""}"
2025-07-11T17:35:00.522827,automation.auto_banheiro,on,on,"{""id"": ""1747870075916"", ""last_triggered"": ""2025-07-11T20:35:00.501592+00:00"", ""mode"": ""single"", ""current"": 0, ""friendly_name"": ""auto-banheiro""}"
2025-07-11T17:35:05.507956,automation.auto_banheiro,on,on,"{""id"": ""1747870075916"", ""last_triggered"": ""2025-07-11T20:35:05.500563+00:00"", ""mode"": ""single"", ""current"": 1, ""friendly_name"": ""auto-banheiro""}"
2025-07-11T17:35:05.510689,automation.auto_banheiro,on,on,"{""id"": ""1747870075916"", ""last_triggered"": ""2025-07-11T20:35:05.500563+00:00"", ""mode"": ""single"", ""current"": 0, ""friendly_name"": ""auto-banheiro""}"
2025-07-11T17:35:07.616491,sensor.arris_tg1692a_router_download_speed,0.0297075035953055,0.00381021068061015,"{""state_class"": ""measurement"", ""unit_of_measurement"": ""Mbit/s"", ""device_class"": ""data_rate"", ""friendly_name"": ""ARRIS TG1692A Router Download speed""}"
2025-07-11T17:35:07.618095,sensor.arris_tg1692a_router_upload_speed,0.0094545935511432,0.00219471121930442,"{""state_class"": ""measurement"", ""unit_of_measurement"": ""Mbit/s"", ""device_class"": ""data_rate"", ""friendly_name"": ""ARRIS TG1692A Router Upload speed""}"
2025-07-11T17:35:10.116328,automation.aut_status_bruno,on,on,"{""id"": ""1751855857509"", ""last_triggered"": ""2025-07-11T20:35:10.108124+00:00"", ""mode"": ""single"", ""current"": 1, ""friendly_name"": ""aut-status-bruno""}"
2025-07-11T17:35:10.118338,automation.aut_status_bruno,on,on,"{""id"": ""1751855857509"", ""last_triggered"": ""2025-07-11T20:35:10.108124+00:00"", ""mode"": ""single"", ""current"": 0, ""friendly_name"": ""aut-status-bruno""}"
2025-07-11T17:35:10.258898,automation.aut_lampada_quarto,on,on,"{""id"": ""1746067262247"", ""last_triggered"": ""2025-07-11T20:35:10.254861+00:00"", ""mode"": ""single"", ""current"": 1, ""friendly_name"": ""aut-quarto""}"
2025-07-11T17:35:10.260546,automation.aut_lampada_quarto,on,on,"{""id"": ""1746067262247"", ""last_triggered"": ""2025-07-11T20:35:10.254861+00:00"", ""mode"": ""single"", ""current"": 0, ""friendly_name"": ""aut-quarto""}"
2025-07-11T17:35:10.505421,automation.auto_banheiro,on,on,"{""id"": ""1747870075916"", ""last_triggered"": ""2025-07-11T20:35:10.500447+00:00"", ""mode"": ""single"", ""current"": 1, ""friendly_name"": ""auto-banheiro""}"
2025-07-11T17:35:10.508759,automation.auto_banheiro,on,on,"{""id"": ""1747870075916"", ""last_triggered"": ""2025-07-11T20:35:10.500447+00:00"", ""mode"": ""single"", ""current"": 0, ""friendly_name"": ""auto-banheiro""}"
2025-07-11T17:35:15.505311,automation.auto_banheiro,on,on,"{""id"": ""1747870075916"", ""last_triggered"": ""2025-07-11T20:35:15.500105+00:00"", ""mode"": ""single"", ""current"": 1, ""friendly_name"": ""auto-banheiro""}"
2025-07-11T17:35:15.507265,automation.auto_banheiro,on,on,"{""id"": ""1747870075916"", ""last_triggered"": ""2025-07-11T20:35:15.500105+00:00"", ""mode"": ""single"", ""current"": 0, ""friendly_name"": ""auto-banheiro""}"
2025-07-11T17:35:20.507077,automation.auto_banheiro,on,on,"{""id"": ""1747870075916"", ""last_triggered"": ""2025-07-11T20:35:20.500508+00:00"", ""mode"": ""single"", ""current"": 1, ""friendly_name"": ""auto-banheiro""}"
2025-07-11T17:35:20.508848,automation.auto_banheiro,on,on,"{""id"": ""1747870075916"", ""last_triggered"": ""2025-07-11T20:35:20.500508+00:00"", ""mode"": ""single"", ""current"": 0, ""friendly_name"": ""auto-banheiro""}"
2025-07-11T17:35:24.506183,binary_sensor.human_presence_sensor_occupancy,on,off,"{""device_class"": ""occupancy"", ""friendly_name"": ""Presen\u00e7a Quarto  Occupancy""}"
2025-07-11T17:35:24.512101,automation.aut_lampada_quarto,on,on,"{""id"": ""1746067262247"", ""last_triggered"": ""2025-07-11T20:35:24.500893+00:00"", ""mode"": ""single"", ""current"": 1, ""friendly_name"": ""aut-quarto""}"
2025-07-11T17:35:24.514815,scene.automation_bedroom_fan_0,2025-07-11T12:07:24.454960+00:00,2025-07-11T20:35:24.504122+00:00,"{""friendly_name"": ""automation-bedroom-fan-0""}"
2025-07-11T17:35:25.505503,automation.auto_banheiro,on,on,"{""id"": ""1747870075916"", ""last_triggered"": ""2025-07-11T20:35:25.500614+00:00"", ""mode"": ""single"", ""current"": 1, ""friendly_name"": ""auto-banheiro""}"
2025-07-11T17:35:25.507403,automation.auto_banheiro,on,on,"{""id"": ""1747870075916"", ""last_triggered"": ""2025-07-11T20:35:25.500614+00:00"", ""mode"": ""single"", ""current"": 0, ""friendly_name"": ""auto-banheiro""}"
2025-07-11T17:35:27.698964,automation.aut_lampada_quarto,on,on,"{""id"": ""1746067262247"", ""last_triggered"": ""2025-07-11T20:35:24.500893+00:00"", ""mode"": ""single"", ""current"": 0, ""friendly_name"": ""aut-quarto""}"
2025-07-11T17:35:28.247261,light.lampada_quarto,on,off,"{""min_color_temp_kelvin"": 2000, ""max_color_temp_kelvin"": 6500, ""min_mireds"": 153, ""max_mireds"": 500, ""supported_color_modes"": [""color_temp"", ""hs""], ""color_mode"": null, ""brightness"": null, ""color_temp_kelvin"": null, ""color_temp"": null, ""hs_color"": null, ""rgb_color"": null, ""xy_color"": null, ""friendly_name"": ""L\u00e2mpada quarto "", ""supported_features"": 0}"
2025-07-11T17:35:30.506019,automation.auto_banheiro,on,on,"{""id"": ""1747870075916"", ""last_triggered"": ""2025-07-11T20:35:30.499876+00:00"", ""mode"": ""single"", ""current"": 1, ""friendly_name"": ""auto-banheiro""}"
2025-07-11T17:35:30.507768,automation.auto_banheiro,on,on,"{""id"": ""1747870075916"", ""last_triggered"": ""2025-07-11T20:35:30.499876+00:00"", ""mode"": ""single"", ""current"": 0, ""friendly_name"": ""auto-banheiro""}"
2025-07-11T17:35:35.506796,automation.auto_banheiro,on,on,"{""id"": ""1747870075916"", ""last_triggered"": ""2025-07-11T20:35:35.499982+00:00"", ""mode"": ""single"", ""current"": 1, ""friendly_name"": ""auto-banheiro""}"
2025-07-11T17:35:35.508732,automation.auto_banheiro,on,on,"{""id"": ""1747870075916"", ""last_triggered"": ""2025-07-11T20:35:35.499982+00:00"", ""mode"": ""single"", ""current"": 0, ""friendly_name"": ""auto-banheiro""}"
2025-07-11T17:35:37.619002,sensor.arris_tg1692a_router_download_speed,0.00381021068061015,0.0127476368762143,"{""state_class"": ""measurement"", ""unit_of_measurement"": ""Mbit/s"", ""device_class"": ""data_rate"", ""friendly_name"": ""ARRIS TG1692A Router Download speed""}"
2025-07-11T17:35:37.620761,sensor.arris_tg1692a_router_upload_speed,0.00219471121930442,0.0102103227418913,"{""state_class"": ""measurement"", ""unit_of_measurement"": ""Mbit/s"", ""device_class"": ""data_rate"", ""friendly_name"": ""ARRIS TG1692A Router Upload speed""}"
2025-07-11T17:35:40.515050,automation.auto_banheiro,on,on,"{""id"": ""1747870075916"", ""last_triggered"": ""2025-07-11T20:35:40.500306+00:00"", ""mode"": ""single"", ""current"": 1, ""friendly_name"": ""auto-banheiro""}"
2025-07-11T17:35:40.517747,automation.auto_banheiro,on,on,"{""id"": ""1747870075916"", ""last_triggered"": ""2025-07-11T20:35:40.500306+00:00"", ""mode"": ""single"", ""current"": 0, ""friendly_name"": ""auto-banheiro""}"
2025-07-11T17:35:45.505739,automation.auto_banheiro,on,on,"{""id"": ""1747870075916"", ""last_triggered"": ""2025-07-11T20:35:45.500740+00:00"", ""mode"": ""single"", ""current"": 1, ""friendly_name"": ""auto-banheiro""}"
2025-07-11T17:35:45.507850,automation.auto_banheiro,on,on,"{""id"": ""1747870075916"", ""last_triggered"": ""2025-07-11T20:35:45.500740+00:00"", ""mode"": ""single"", ""current"": 0, ""friendly_name"": ""auto-banheiro""}"
2025-07-11T17:35:48.226247,sun.sun,below_horizon,below_horizon,"{""next_dawn"": ""2025-07-12T08:34:18.375179+00:00"", ""next_dusk"": ""2025-07-11T20:45:05.377064+00:00"", ""next_midnight"": ""2025-07-12T02:39:47+00:00"", ""next_noon"": ""2025-07-12T14:39:42+00:00"", ""next_rising"": ""2025-07-12T08:57:34.507646+00:00"", ""next_setting"": ""2025-07-12T20:22:04.562792+00:00"", ""elevation"": -3.87, ""azimuth"": 291.66, ""rising"": false, ""friendly_name"": ""Sun""}"
2025-07-11T17:35:50.505023,automation.auto_banheiro,on,on,"{""id"": ""1747870075916"", ""last_triggered"": ""2025-07-11T20:35:50.500010+00:00"", ""mode"": ""single"", ""current"": 1, ""friendly_name"": ""auto-banheiro""}"
2025-07-11T17:35:50.506595,automation.auto_banheiro,on,on,"{""id"": ""1747870075916"", ""last_triggered"": ""2025-07-11T20:35:50.500010+00:00"", ""mode"": ""single"", ""current"": 0, ""friendly_name"": ""auto-banheiro""}"
2025-07-11T17:35:55.505662,automation.auto_banheiro,on,on,"{""id"": ""1747870075916"", ""last_triggered"": ""2025-07-11T20:35:55.500021+00:00"", ""mode"": ""single"", ""current"": 1, ""friendly_name"": ""auto-banheiro""}"
2025-07-11T17:35:55.507217,automation.auto_banheiro,on,on,"{""id"": ""1747870075916"", ""last_triggered"": ""2025-07-11T20:35:55.500021+00:00"", ""mode"": ""single"", ""current"": 0, ""friendly_name"": ""auto-banheiro""}"
2025-07-11T17:36:00.505120,automation.auto_banheiro,on,on,"{""id"": ""1747870075916"", ""last_triggered"": ""2025-07-11T20:36:00.500320+00:00"", ""mode"": ""single"", ""current"": 1, ""friendly_name"": ""auto-banheiro""}"
2025-07-11T17:36:00.506702,automation.auto_banheiro,on,on,"{""id"": ""1747870075916"", ""last_triggered"": ""2025-07-11T20:36:00.500320+00:00"", ""mode"": ""single"", ""current"": 0, ""friendly_name"": ""auto-banheiro""}"
2025-07-11T17:36:05.511216,automation.auto_banheiro,on,on,"{""id"": ""1747870075916"", ""last_triggered"": ""2025-07-11T20:36:05.500571+00:00"", ""mode"": ""single"", ""current"": 1, ""friendly_name"": ""auto-banheiro""}"
2025-07-11T17:36:05.514699,automation.auto_banheiro,on,on,"{""id"": ""1747870075916"", ""last_triggered"": ""2025-07-11T20:36:05.500571+00:00"", ""mode"": ""single"", ""current"": 0, ""friendly_name"": ""auto-banheiro""}"
2025-07-11T17:36:07.613930,sensor.arris_tg1692a_router_download_speed,0.0127476368762143,0.00831552653845774,"{""state_class"": ""measurement"", ""unit_of_measurement"": ""Mbit/s"", ""device_class"": ""data_rate"", ""friendly_name"": ""ARRIS TG1692A Router Download speed""}"
2025-07-11T17:36:07.617307,sensor.arris_tg1692a_router_upload_speed,0.0102103227418913,0.013797966012022,"{""state_class"": ""measurement"", ""unit_of_measurement"": ""Mbit/s"", ""device_class"": ""data_rate"", ""friendly_name"": ""ARRIS TG1692A Router Upload speed""}"
2025-07-11T17:36:10.115701,automation.aut_status_bruno,on,on,"{""id"": ""1751855857509"", ""last_triggered"": ""2025-07-11T20:36:10.108730+00:00"", ""mode"": ""single"", ""current"": 1, ""friendly_name"": ""aut-status-bruno""}"
2025-07-11T17:36:10.117963,automation.aut_status_bruno,on,on,"{""id"": ""1751855857509"", ""last_triggered"": ""2025-07-11T20:36:10.108730+00:00"", ""mode"": ""single"", ""current"": 0, ""friendly_name"": ""aut-status-bruno""}"
2025-07-11T17:36:10.258575,automation.aut_lampada_quarto,on,on,"{""id"": ""1746067262247"", ""last_triggered"": ""2025-07-11T20:36:10.254510+00:00"", ""mode"": ""single"", ""current"": 1, ""friendly_name"": ""aut-quarto""}"
2025-07-11T17:36:10.260153,automation.aut_lampada_quarto,on,on,"{""id"": ""1746067262247"", ""last_triggered"": ""2025-07-11T20:36:10.254510+00:00"", ""mode"": ""single"", ""current"": 0, ""friendly_name"": ""aut-quarto""}"
2025-07-11T17:36:10.505001,automation.auto_banheiro,on,on,"{""id"": ""1747870075916"", ""last_triggered"": ""2025-07-11T20:36:10.500175+00:00"", ""mode"": ""single"", ""current"": 1, ""friendly_name"": ""auto-banheiro""}"
2025-07-11T17:36:10.506556,automation.auto_banheiro,on,on,"{""id"": ""1747870075916"", ""last_triggered"": ""2025-07-11T20:36:10.500175+00:00"", ""mode"": ""single"", ""current"": 0, ""friendly_name"": ""auto-banheiro""}"
2025-07-11T17:36:15.515189,automation.auto_banheiro,on,on,"{""id"": ""1747870075916"", ""last_triggered"": ""2025-07-11T20:36:15.502080+00:00"", ""mode"": ""single"", ""current"": 1, ""friendly_name"": ""auto-banheiro""}"
2025-07-11T17:36:15.519384,automation.auto_banheiro,on,on,"{""id"": ""1747870075916"", ""last_triggered"": ""2025-07-11T20:36:15.502080+00:00"", ""mode"": ""single"", ""current"": 0, ""friendly_name"": ""auto-banheiro""}"
2025-07-11T17:36:20.505195,automation.auto_banheiro,on,on,"{""id"": ""1747870075916"", ""last_triggered"": ""2025-07-11T20:36:20.500269+00:00"", ""mode"": ""single"", ""current"": 1, ""friendly_name"": ""auto-banheiro""}"
2025-07-11T17:36:20.507766,automation.auto_banheiro,on,on,"{""id"": ""1747870075916"", ""last_triggered"": ""2025-07-11T20:36:20.500269+00:00"", ""mode"": ""single"", ""current"": 0, ""friendly_name"": ""auto-banheiro""}"
2025-07-11T17:36:25.511646,automation.auto_banheiro,on,on,"{""id"": ""1747870075916"", ""last_triggered"": ""2025-07-11T20:36:25.501882+00:00"", ""mode"": ""single"", ""current"": 1, ""friendly_name"": ""auto-banheiro""}"
2025-07-11T17:36:25.514395,automation.auto_banheiro,on,on,"{""id"": ""1747870075916"", ""last_triggered"": ""2025-07-11T20:36:25.501882+00:00"", ""mode"": ""single"", ""current"": 0, ""friendly_name"": ""auto-banheiro""}"
2025-07-11T17:36:30.505291,automation.auto_banheiro,on,on,"{""id"": ""1747870075916"", ""last_triggered"": ""2025-07-11T20:36:30.500544+00:00"", ""mode"": ""single"", ""current"": 1, ""friendly_name"": ""auto-banheiro""}"
2025-07-11T17:36:30.506919,automation.auto_banheiro,on,on,"{""id"": ""1747870075916"", ""last_triggered"": ""2025-07-11T20:36:30.500544+00:00"", ""mode"": ""single"", ""current"": 0, ""friendly_name"": ""auto-banheiro""}"
2025-07-11T17:36:35.504747,automation.auto_banheiro,on,on,"{""id"": ""1747870075916"", ""last_triggered"": ""2025-07-11T20:36:35.499918+00:00"", ""mode"": ""single"", ""current"": 1, ""friendly_name"": ""auto-banheiro""}"
2025-07-11T17:36:35.506415,automation.auto_banheiro,on,on,"{""id"": ""1747870075916"", ""last_triggered"": ""2025-07-11T20:36:35.499918+00:00"", ""mode"": ""single"", ""current"": 0, ""friendly_name"": ""auto-banheiro""}"
2025-07-11T17:36:37.620239,sensor.arris_tg1692a_router_download_speed,0.00831552653845774,0.00521705918888183,"{""state_class"": ""measurement"", ""unit_of_measurement"": ""Mbit/s"", ""device_class"": ""data_rate"", ""friendly_name"": ""ARRIS TG1692A Router Download speed""}"
2025-07-11T17:36:37.623695,sensor.arris_tg1692a_router_upload_speed,0.013797966012022,0.0037914612322389,"{""state_class"": ""measurement"", ""unit_of_measurement"": ""Mbit/s"", ""device_class"": ""data_rate"", ""friendly_name"": ""ARRIS TG1692A Router Upload speed""}"
2025-07-11T17:36:40.505421,automation.auto_banheiro,on,on,"{""id"": ""1747870075916"", ""last_triggered"": ""2025-07-11T20:36:40.500638+00:00"", ""mode"": ""single"", ""current"": 1, ""friendly_name"": ""auto-banheiro""}"
2025-07-11T17:36:40.507327,automation.auto_banheiro,on,on,"{""id"": ""1747870075916"", ""last_triggered"": ""2025-07-11T20:36:40.500638+00:00"", ""mode"": ""single"", ""current"": 0, ""friendly_name"": ""auto-banheiro""}"
2025-07-11T17:36:45.504936,automation.auto_banheiro,on,on,"{""id"": ""1747870075916"", ""last_triggered"": ""2025-07-11T20:36:45.500119+00:00"", ""mode"": ""single"", ""current"": 1, ""friendly_name"": ""auto-banheiro""}"
2025-07-11T17:36:45.513927,automation.auto_banheiro,on,on,"{""id"": ""1747870075916"", ""last_triggered"": ""2025-07-11T20:36:45.500119+00:00"", ""mode"": ""single"", ""current"": 0, ""friendly_name"": ""auto-banheiro""}"
2025-07-11T17:36:50.513010,automation.auto_banheiro,on,on,"{""id"": ""1747870075916"", ""last_triggered"": ""2025-07-11T20:36:50.501264+00:00"", ""mode"": ""single"", ""current"": 1, ""friendly_name"": ""auto-banheiro""}"
2025-07-11T17:36:50.516467,automation.auto_banheiro,on,on,"{""id"": ""1747870075916"", ""last_triggered"": ""2025-07-11T20:36:50.501264+00:00"", ""mode"": ""single"", ""current"": 0, ""friendly_name"": ""auto-banheiro""}"
2025-07-11T17:36:55.506553,automation.auto_banheiro,on,on,"{""id"": ""1747870075916"", ""last_triggered"": ""2025-07-11T20:36:55.501675+00:00"", ""mode"": ""single"", ""current"": 1, ""friendly_name"": ""auto-banheiro""}"
2025-07-11T17:36:55.508250,automation.auto_banheiro,on,on,"{""id"": ""1747870075916"", ""last_triggered"": ""2025-07-11T20:36:55.501675+00:00"", ""mode"": ""single"", ""current"": 0, ""friendly_name"": ""auto-banheiro""}"
2025-07-11T17:37:00.505982,automation.auto_banheiro,on,on,"{""id"": ""1747870075916"", ""last_triggered"": ""2025-07-11T20:37:00.500213+00:00"", ""mode"": ""single"", ""current"": 1, ""friendly_name"": ""auto-banheiro""}"
2025-07-11T17:37:00.507600,automation.auto_banheiro,on,on,"{""id"": ""1747870075916"", ""last_triggered"": ""2025-07-11T20:37:00.500213+00:00"", ""mode"": ""single"", ""current"": 0, ""friendly_name"": ""auto-banheiro""}"
2025-07-11T17:37:05.510742,automation.auto_banheiro,on,on,"{""id"": ""1747870075916"", ""last_triggered"": ""2025-07-11T20:37:05.500361+00:00"", ""mode"": ""single"", ""current"": 1, ""friendly_name"": ""auto-banheiro""}"
2025-07-11T17:37:05.512698,automation.auto_banheiro,on,on,"{""id"": ""1747870075916"", ""last_triggered"": ""2025-07-11T20:37:05.500361+00:00"", ""mode"": ""single"", ""current"": 0, ""friendly_name"": ""auto-banheiro""}"
2025-07-11T17:37:07.612620,sensor.arris_tg1692a_router_download_speed,0.00521705918888183,0.00420462789056501,"{""state_class"": ""measurement"", ""unit_of_measurement"": ""Mbit/s"", ""device_class"": ""data_rate"", ""friendly_name"": ""ARRIS TG1692A Router Download speed""}"
2025-07-11T17:37:07.614303,sensor.arris_tg1692a_router_upload_speed,0.0037914612322389,0.0046176776497282,"{""state_class"": ""measurement"", ""unit_of_measurement"": ""Mbit/s"", ""device_class"": ""data_rate"", ""friendly_name"": ""ARRIS TG1692A Router Upload speed""}"
2025-07-11T17:37:10.125027,automation.aut_status_bruno,on,on,"{""id"": ""1751855857509"", ""last_triggered"": ""2025-07-11T20:37:10.109165+00:00"", ""mode"": ""single"", ""current"": 1, ""friendly_name"": ""aut-status-bruno""}"
2025-07-11T17:37:10.131497,automation.aut_status_bruno,on,on,"{""id"": ""1751855857509"", ""last_triggered"": ""2025-07-11T20:37:10.109165+00:00"", ""mode"": ""single"", ""current"": 0, ""friendly_name"": ""aut-status-bruno""}"
2025-07-11T17:37:10.262854,automation.aut_lampada_quarto,on,on,"{""id"": ""1746067262247"", ""last_triggered"": ""2025-07-11T20:37:10.254935+00:00"", ""mode"": ""single"", ""current"": 1, ""friendly_name"": ""aut-quarto""}"
2025-07-11T17:37:10.265964,automation.aut_lampada_quarto,on,on,"{""id"": ""1746067262247"", ""last_triggered"": ""2025-07-11T20:37:10.254935+00:00"", ""mode"": ""single"", ""current"": 0, ""friendly_name"": ""aut-quarto""}"
2025-07-11T17:37:10.504932,automation.auto_banheiro,on,on,"{""id"": ""1747870075916"", ""last_triggered"": ""2025-07-11T20:37:10.500165+00:00"", ""mode"": ""single"", ""current"": 1, ""friendly_name"": ""auto-banheiro""}"
2025-07-11T17:37:10.506486,automation.auto_banheiro,on,on,"{""id"": ""1747870075916"", ""last_triggered"": ""2025-07-11T20:37:10.500165+00:00"", ""mode"": ""single"", ""current"": 0, ""friendly_name"": ""auto-banheiro""}"
2025-07-11T17:37:15.511611,automation.auto_banheiro,on,on,"{""id"": ""1747870075916"", ""last_triggered"": ""2025-07-11T20:37:15.500680+00:00"", ""mode"": ""single"", ""current"": 1, ""friendly_name"": ""auto-banheiro""}"
2025-07-11T17:37:15.515051,automation.auto_banheiro,on,on,"{""id"": ""1747870075916"", ""last_triggered"": ""2025-07-11T20:37:15.500680+00:00"", ""mode"": ""single"", ""current"": 0, ""friendly_name"": ""auto-banheiro""}"
2025-07-11T17:37:20.505263,automation.auto_banheiro,on,on,"{""id"": ""1747870075916"", ""last_triggered"": ""2025-07-11T20:37:20.500509+00:00"", ""mode"": ""single"", ""current"": 1, ""friendly_name"": ""auto-banheiro""}"
2025-07-11T17:37:20.506923,automation.auto_banheiro,on,on,"{""id"": ""1747870075916"", ""last_triggered"": ""2025-07-11T20:37:20.500509+00:00"", ""mode"": ""single"", ""current"": 0, ""friendly_name"": ""auto-banheiro""}"
2025-07-11T17:37:25.507380,automation.auto_banheiro,on,on,"{""id"": ""1747870075916"", ""last_triggered"": ""2025-07-11T20:37:25.500800+00:00"", ""mode"": ""single"", ""current"": 1, ""friendly_name"": ""auto-banheiro""}"
2025-07-11T17:37:25.508934,automation.auto_banheiro,on,on,"{""id"": ""1747870075916"", ""last_triggered"": ""2025-07-11T20:37:25.500800+00:00"", ""mode"": ""single"", ""current"": 0, ""friendly_name"": ""auto-banheiro""}"
2025-07-11T17:37:30.505107,automation.auto_banheiro,on,on,"{""id"": ""1747870075916"", ""last_triggered"": ""2025-07-11T20:37:30.500293+00:00"", ""mode"": ""single"", ""current"": 1, ""friendly_name"": ""auto-banheiro""}"
2025-07-11T17:37:30.506723,automation.auto_banheiro,on,on,"{""id"": ""1747870075916"", ""last_triggered"": ""2025-07-11T20:37:30.500293+00:00"", ""mode"": ""single"", ""current"": 0, ""friendly_name"": ""auto-banheiro""}"
2025-07-11T17:37:35.505514,automation.auto_banheiro,on,on,"{""id"": ""1747870075916"", ""last_triggered"": ""2025-07-11T20:37:35.500533+00:00"", ""mode"": ""single"", ""current"": 1, ""friendly_name"": ""auto-banheiro""}"
2025-07-11T17:37:35.507603,automation.auto_banheiro,on,on,"{""id"": ""1747870075916"", ""last_triggered"": ""2025-07-11T20:37:35.500533+00:00"", ""mode"": ""single"", ""current"": 0, ""friendly_name"": ""auto-banheiro""}"
2025-07-11T17:37:37.616346,sensor.arris_tg1692a_router_download_speed,0.00420462789056501,0.00202664221185064,"{""state_class"": ""measurement"", ""unit_of_measurement"": ""Mbit/s"", ""device_class"": ""data_rate"", ""friendly_name"": ""ARRIS TG1692A Router Download speed""}"
2025-07-11T17:37:37.618050,sensor.arris_tg1692a_router_upload_speed,0.0046176776497282,0.00767510738703753,"{""state_class"": ""measurement"", ""unit_of_measurement"": ""Mbit/s"", ""device_class"": ""data_rate"", ""friendly_name"": ""ARRIS TG1692A Router Upload speed""}"
2025-07-11T17:37:40.505170,automation.auto_banheiro,on,on,"{""id"": ""1747870075916"", ""last_triggered"": ""2025-07-11T20:37:40.500315+00:00"", ""mode"": ""single"", ""current"": 1, ""friendly_name"": ""auto-banheiro""}"
2025-07-11T17:37:40.510795,automation.auto_banheiro,on,on,"{""id"": ""1747870075916"", ""last_triggered"": ""2025-07-11T20:37:40.500315+00:00"", ""mode"": ""single"", ""current"": 0, ""friendly_name"": ""auto-banheiro""}"
2025-07-11T17:37:45.527079,automation.auto_banheiro,on,on,"{""id"": ""1747870075916"", ""last_triggered"": ""2025-07-11T20:37:45.502150+00:00"", ""mode"": ""single"", ""current"": 1, ""friendly_name"": ""auto-banheiro""}"
2025-07-11T17:37:45.532034,automation.auto_banheiro,on,on,"{""id"": ""1747870075916"", ""last_triggered"": ""2025-07-11T20:37:45.502150+00:00"", ""mode"": ""single"", ""current"": 0, ""friendly_name"": ""auto-banheiro""}"
2025-07-11T17:37:48.226915,sun.sun,below_horizon,below_horizon,"{""next_dawn"": ""2025-07-12T08:34:18.375179+00:00"", ""next_dusk"": ""2025-07-11T20:45:05.377064+00:00"", ""next_midnight"": ""2025-07-12T02:39:47+00:00"", ""next_noon"": ""2025-07-12T14:39:42+00:00"", ""next_rising"": ""2025-07-12T08:57:34.507646+00:00"", ""next_setting"": ""2025-07-12T20:22:04.562792+00:00"", ""elevation"": -4.33, ""azimuth"": 291.56, ""rising"": false, ""friendly_name"": ""Sun""}"
2025-07-11T17:37:50.505131,automation.auto_banheiro,on,on,"{""id"": ""1747870075916"", ""last_triggered"": ""2025-07-11T20:37:50.500423+00:00"", ""mode"": ""single"", ""current"": 1, ""friendly_name"": ""auto-banheiro""}"
2025-07-11T17:37:50.506737,automation.auto_banheiro,on,on,"{""id"": ""1747870075916"", ""last_triggered"": ""2025-07-11T20:37:50.500423+00:00"", ""mode"": ""single"", ""current"": 0, ""friendly_name"": ""auto-banheiro""}"
2025-07-11T17:37:55.510818,automation.auto_banheiro,on,on,"{""id"": ""1747870075916"", ""last_triggered"": ""2025-07-11T20:37:55.500401+00:00"", ""mode"": ""single"", ""current"": 1, ""friendly_name"": ""auto-banheiro""}"
2025-07-11T17:37:55.512427,automation.auto_banheiro,on,on,"{""id"": ""1747870075916"", ""last_triggered"": ""2025-07-11T20:37:55.500401+00:00"", ""mode"": ""single"", ""current"": 0, ""friendly_name"": ""auto-banheiro""}"
2025-07-11T17:38:00.506178,automation.auto_banheiro,on,on,"{""id"": ""1747870075916"", ""last_triggered"": ""2025-07-11T20:38:00.500183+00:00"", ""mode"": ""single"", ""current"": 1, ""friendly_name"": ""auto-banheiro""}"
2025-07-11T17:38:00.508136,automation.auto_banheiro,on,on,"{""id"": ""1747870075916"", ""last_triggered"": ""2025-07-11T20:38:00.500183+00:00"", ""mode"": ""single"", ""current"": 0, ""friendly_name"": ""auto-banheiro""}"
2025-07-11T17:38:05.505357,automation.auto_banheiro,on,on,"{""id"": ""1747870075916"", ""last_triggered"": ""2025-07-11T20:38:05.500544+00:00"", ""mode"": ""single"", ""current"": 1, ""friendly_name"": ""auto-banheiro""}"
2025-07-11T17:38:05.507077,automation.auto_banheiro,on,on,"{""id"": ""1747870075916"", ""last_triggered"": ""2025-07-11T20:38:05.500544+00:00"", ""mode"": ""single"", ""current"": 0, ""friendly_name"": ""auto-banheiro""}"
2025-07-11T17:38:07.628802,sensor.arris_tg1692a_router_download_speed,0.00202664221185064,0.00170940962998315,"{""state_class"": ""measurement"", ""unit_of_measurement"": ""Mbit/s"", ""device_class"": ""data_rate"", ""friendly_name"": ""ARRIS TG1692A Router Download speed""}"
2025-07-11T17:38:07.630727,sensor.arris_tg1692a_router_upload_speed,0.00767510738703753,0.00283025965725604,"{""state_class"": ""measurement"", ""unit_of_measurement"": ""Mbit/s"", ""device_class"": ""data_rate"", ""friendly_name"": ""ARRIS TG1692A Router Upload speed""}"
2025-07-11T17:38:10.122455,automation.aut_status_bruno,on,on,"{""id"": ""1751855857509"", ""last_triggered"": ""2025-07-11T20:38:10.108651+00:00"", ""mode"": ""single"", ""current"": 1, ""friendly_name"": ""aut-status-bruno""}"
2025-07-11T17:38:10.126628,automation.aut_status_bruno,on,on,"{""id"": ""1751855857509"", ""last_triggered"": ""2025-07-11T20:38:10.108651+00:00"", ""mode"": ""single"", ""current"": 0, ""friendly_name"": ""aut-status-bruno""}"
2025-07-11T17:38:10.262647,automation.aut_lampada_quarto,on,on,"{""id"": ""1746067262247"", ""last_triggered"": ""2025-07-11T20:38:10.255555+00:00"", ""mode"": ""single"", ""current"": 1, ""friendly_name"": ""aut-quarto""}"
2025-07-11T17:38:10.265461,automation.aut_lampada_quarto,on,on,"{""id"": ""1746067262247"", ""last_triggered"": ""2025-07-11T20:38:10.255555+00:00"", ""mode"": ""single"", ""current"": 0, ""friendly_name"": ""aut-quarto""}"
2025-07-11T17:38:10.522603,automation.auto_banheiro,on,on,"{""id"": ""1747870075916"", ""last_triggered"": ""2025-07-11T20:38:10.501922+00:00"", ""mode"": ""single"", ""current"": 1, ""friendly_name"": ""auto-banheiro""}"
2025-07-11T17:38:10.525849,automation.auto_banheiro,on,on,"{""id"": ""1747870075916"", ""last_triggered"": ""2025-07-11T20:38:10.501922+00:00"", ""mode"": ""single"", ""current"": 0, ""friendly_name"": ""auto-banheiro""}"
2025-07-11T17:38:15.514250,automation.auto_banheiro,on,on,"{""id"": ""1747870075916"", ""last_triggered"": ""2025-07-11T20:38:15.501464+00:00"", ""mode"": ""single"", ""current"": 1, ""friendly_name"": ""auto-banheiro""}"
2025-07-11T17:38:15.518680,automation.auto_banheiro,on,on,"{""id"": ""1747870075916"", ""last_triggered"": ""2025-07-11T20:38:15.501464+00:00"", ""mode"": ""single"", ""current"": 0, ""friendly_name"": ""auto-banheiro""}"
2025-07-11T17:38:20.504977,automation.auto_banheiro,on,on,"{""id"": ""1747870075916"", ""last_triggered"": ""2025-07-11T20:38:20.500014+00:00"", ""mode"": ""single"", ""current"": 1, ""friendly_name"": ""auto-banheiro""}"
2025-07-11T17:38:20.506590,automation.auto_banheiro,on,on,"{""id"": ""1747870075916"", ""last_triggered"": ""2025-07-11T20:38:20.500014+00:00"", ""mode"": ""single"", ""current"": 0, ""friendly_name"": ""auto-banheiro""}"
2025-07-11T17:38:25.514480,automation.auto_banheiro,on,on,"{""id"": ""1747870075916"", ""last_triggered"": ""2025-07-11T20:38:25.501129+00:00"", ""mode"": ""single"", ""current"": 1, ""friendly_name"": ""auto-banheiro""}"
2025-07-11T17:38:25.518844,automation.auto_banheiro,on,on,"{""id"": ""1747870075916"", ""last_triggered"": ""2025-07-11T20:38:25.501129+00:00"", ""mode"": ""single"", ""current"": 0, ""friendly_name"": ""auto-banheiro""}"
2025-07-11T17:38:30.508017,automation.auto_banheiro,on,on,"{""id"": ""1747870075916"", ""last_triggered"": ""2025-07-11T20:38:30.500506+00:00"", ""mode"": ""single"", ""current"": 1, ""friendly_name"": ""auto-banheiro""}"
2025-07-11T17:38:30.509637,automation.auto_banheiro,on,on,"{""id"": ""1747870075916"", ""last_triggered"": ""2025-07-11T20:38:30.500506+00:00"", ""mode"": ""single"", ""current"": 0, ""friendly_name"": ""auto-banheiro""}"
2025-07-11T17:38:35.505298,automation.auto_banheiro,on,on,"{""id"": ""1747870075916"", ""last_triggered"": ""2025-07-11T20:38:35.500448+00:00"", ""mode"": ""single"", ""current"": 1, ""friendly_name"": ""auto-banheiro""}"
2025-07-11T17:38:35.506951,automation.auto_banheiro,on,on,"{""id"": ""1747870075916"", ""last_triggered"": ""2025-07-11T20:38:35.500448+00:00"", ""mode"": ""single"", ""current"": 0, ""friendly_name"": ""auto-banheiro""}"
2025-07-11T17:38:37.613528,sensor.arris_tg1692a_router_download_speed,0.00170940962998315,0.00919474974483009,"{""state_class"": ""measurement"", ""unit_of_measurement"": ""Mbit/s"", ""device_class"": ""data_rate"", ""friendly_name"": ""ARRIS TG1692A Router Download speed""}"
2025-07-11T17:38:37.615208,sensor.arris_tg1692a_router_upload_speed,0.00283025965725604,0.00637960595386779,"{""state_class"": ""measurement"", ""unit_of_measurement"": ""Mbit/s"", ""device_class"": ""data_rate"", ""friendly_name"": ""ARRIS TG1692A Router Upload speed""}"
2025-07-11T17:38:40.505245,automation.auto_banheiro,on,on,"{""id"": ""1747870075916"", ""last_triggered"": ""2025-07-11T20:38:40.500411+00:00"", ""mode"": ""single"", ""current"": 1, ""friendly_name"": ""auto-banheiro""}"
2025-07-11T17:38:40.506893,automation.auto_banheiro,on,on,"{""id"": ""1747870075916"", ""last_triggered"": ""2025-07-11T20:38:40.500411+00:00"", ""mode"": ""single"", ""current"": 0, ""friendly_name"": ""auto-banheiro""}"
2025-07-11T17:38:45.509536,automation.auto_banheiro,on,on,"{""id"": ""1747870075916"", ""last_triggered"": ""2025-07-11T20:38:45.501077+00:00"", ""mode"": ""single"", ""current"": 1, ""friendly_name"": ""auto-banheiro""}"
2025-07-11T17:38:45.512431,automation.auto_banheiro,on,on,"{""id"": ""1747870075916"", ""last_triggered"": ""2025-07-11T20:38:45.501077+00:00"", ""mode"": ""single"", ""current"": 0, ""friendly_name"": ""auto-banheiro""}"
2025-07-11T17:38:50.505103,automation.auto_banheiro,on,on,"{""id"": ""1747870075916"", ""last_triggered"": ""2025-07-11T20:38:50.500174+00:00"", ""mode"": ""single"", ""current"": 1, ""friendly_name"": ""auto-banheiro""}"
2025-07-11T17:38:50.513091,automation.auto_banheiro,on,on,"{""id"": ""1747870075916"", ""last_triggered"": ""2025-07-11T20:38:50.500174+00:00"", ""mode"": ""single"", ""current"": 0, ""friendly_name"": ""auto-banheiro""}"
2025-07-11T17:38:55.505108,automation.auto_banheiro,on,on,"{""id"": ""1747870075916"", ""last_triggered"": ""2025-07-11T20:38:55.500085+00:00"", ""mode"": ""single"", ""current"": 1, ""friendly_name"": ""auto-banheiro""}"
2025-07-11T17:38:55.506817,automation.auto_banheiro,on,on,"{""id"": ""1747870075916"", ""last_triggered"": ""2025-07-11T20:38:55.500085+00:00"", ""mode"": ""single"", ""current"": 0, ""friendly_name"": ""auto-banheiro""}"
2025-07-11T17:39:00.507117,automation.auto_banheiro,on,on,"{""id"": ""1747870075916"", ""last_triggered"": ""2025-07-11T20:39:00.500462+00:00"", ""mode"": ""single"", ""current"": 1, ""friendly_name"": ""auto-banheiro""}"
2025-07-11T17:39:00.508927,automation.auto_banheiro,on,on,"{""id"": ""1747870075916"", ""last_triggered"": ""2025-07-11T20:39:00.500462+00:00"", ""mode"": ""single"", ""current"": 0, ""friendly_name"": ""auto-banheiro""}"
2025-07-11T17:39:05.505139,automation.auto_banheiro,on,on,"{""id"": ""1747870075916"", ""last_triggered"": ""2025-07-11T20:39:05.500192+00:00"", ""mode"": ""single"", ""current"": 1, ""friendly_name"": ""auto-banheiro""}"
2025-07-11T17:39:05.518101,automation.auto_banheiro,on,on,"{""id"": ""1747870075916"", ""last_triggered"": ""2025-07-11T20:39:05.500192+00:00"", ""mode"": ""single"", ""current"": 0, ""friendly_name"": ""auto-banheiro""}"
2025-07-11T17:39:07.617220,sensor.arris_tg1692a_router_download_speed,0.00919474974483009,0.0230624440854535,"{""state_class"": ""measurement"", ""unit_of_measurement"": ""Mbit/s"", ""device_class"": ""data_rate"", ""friendly_name"": ""ARRIS TG1692A Router Download speed""}"
2025-07-11T17:39:07.618862,sensor.arris_tg1692a_router_upload_speed,0.00637960595386779,0.0166560762790585,"{""state_class"": ""measurement"", ""unit_of_measurement"": ""Mbit/s"", ""device_class"": ""data_rate"", ""friendly_name"": ""ARRIS TG1692A Router Upload speed""}"
2025-07-11T17:39:10.114444,automation.aut_status_bruno,on,on,"{""id"": ""1751855857509"", ""last_triggered"": ""2025-07-11T20:39:10.108057+00:00"", ""mode"": ""single"", ""current"": 1, ""friendly_name"": ""aut-status-bruno""}"
2025-07-11T17:39:10.116725,automation.aut_status_bruno,on,on,"{""id"": ""1751855857509"", ""last_triggered"": ""2025-07-11T20:39:10.108057+00:00"", ""mode"": ""single"", ""current"": 0, ""friendly_name"": ""aut-status-bruno""}"
2025-07-11T17:39:10.265090,automation.aut_lampada_quarto,on,on,"{""id"": ""1746067262247"", ""last_triggered"": ""2025-07-11T20:39:10.255585+00:00"", ""mode"": ""single"", ""current"": 1, ""friendly_name"": ""aut-quarto""}"
2025-07-11T17:39:10.268547,automation.aut_lampada_quarto,on,on,"{""id"": ""1746067262247"", ""last_triggered"": ""2025-07-11T20:39:10.255585+00:00"", ""mode"": ""single"", ""current"": 0, ""friendly_name"": ""aut-quarto""}"
2025-07-11T17:39:10.507051,automation.auto_banheiro,on,on,"{""id"": ""1747870075916"", ""last_triggered"": ""2025-07-11T20:39:10.500511+00:00"", ""mode"": ""single"", ""current"": 1, ""friendly_name"": ""auto-banheiro""}"
2025-07-11T17:39:10.509189,automation.auto_banheiro,on,on,"{""id"": ""1747870075916"", ""last_triggered"": ""2025-07-11T20:39:10.500511+00:00"", ""mode"": ""single"", ""current"": 0, ""friendly_name"": ""auto-banheiro""}"
2025-07-11T17:39:15.511518,automation.auto_banheiro,on,on,"{""id"": ""1747870075916"", ""last_triggered"": ""2025-07-11T20:39:15.501128+00:00"", ""mode"": ""single"", ""current"": 1, ""friendly_name"": ""auto-banheiro""}"
2025-07-11T17:39:15.515070,automation.auto_banheiro,on,on,"{""id"": ""1747870075916"", ""last_triggered"": ""2025-07-11T20:39:15.501128+00:00"", ""mode"": ""single"", ""current"": 0, ""friendly_name"": ""auto-banheiro""}"
2025-07-11T17:39:20.509733,automation.auto_banheiro,on,on,"{""id"": ""1747870075916"", ""last_triggered"": ""2025-07-11T20:39:20.499950+00:00"", ""mode"": ""single"", ""current"": 1, ""friendly_name"": ""auto-banheiro""}"
2025-07-11T17:39:20.511399,automation.auto_banheiro,on,on,"{""id"": ""1747870075916"", ""last_triggered"": ""2025-07-11T20:39:20.499950+00:00"", ""mode"": ""single"", ""current"": 0, ""friendly_name"": ""auto-banheiro""}"
2025-07-11T17:39:24.976717,camera.192_168_0_33,idle,idle,"{""access_token"": ""7e70fe9b7b6a9736170870a9b5771ad7c99df1571d0ca099653b792c69ee4053"", ""entity_picture"": ""/api/camera_proxy/camera.192_168_0_33?token=7e70fe9b7b6a9736170870a9b5771ad7c99df1571d0ca099653b792c69ee4053"", ""friendly_name"": ""192_168_0_14"", ""supported_features"": 2}"
2025-07-11T17:39:24.978550,camera.admin_mainstream,idle,idle,"{""access_token"": ""d992eb4a9f3e37978ef49ea376ac61398396c1524e2854aca0bdaec62d7e9f97"", ""entity_picture"": ""/api/camera_proxy/camera.admin_mainstream?token=d992eb4a9f3e37978ef49ea376ac61398396c1524e2854aca0bdaec62d7e9f97"", ""friendly_name"": ""admin MainStream"", ""supported_features"": 2}"
2025-07-11T17:39:24.980208,camera.admin_substream,idle,idle,"{""access_token"": ""e48762a626f53e1ab4772b719817a95e8bb80a886ea7bff3f802199fad1d91b4"", ""entity_picture"": ""/api/camera_proxy/camera.admin_substream?token=e48762a626f53e1ab4772b719817a95e8bb80a886ea7bff3f802199fad1d91b4"", ""friendly_name"": ""admin SubStream"", ""supported_features"": 2}"
2025-07-11T17:39:25.508866,automation.auto_banheiro,on,on,"{""id"": ""1747870075916"", ""last_triggered"": ""2025-07-11T20:39:25.501923+00:00"", ""mode"": ""single"", ""current"": 1, ""friendly_name"": ""auto-banheiro""}"
2025-07-11T17:39:25.510504,automation.auto_banheiro,on,on,"{""id"": ""1747870075916"", ""last_triggered"": ""2025-07-11T20:39:25.501923+00:00"", ""mode"": ""single"", ""current"": 0, ""friendly_name"": ""auto-banheiro""}"
2025-07-11T17:39:30.506833,automation.auto_banheiro,on,on,"{""id"": ""1747870075916"", ""last_triggered"": ""2025-07-11T20:39:30.501045+00:00"", ""mode"": ""single"", ""current"": 1, ""friendly_name"": ""auto-banheiro""}"
2025-07-11T17:39:30.508453,automation.auto_banheiro,on,on,"{""id"": ""1747870075916"", ""last_triggered"": ""2025-07-11T20:39:30.501045+00:00"", ""mode"": ""single"", ""current"": 0, ""friendly_name"": ""auto-banheiro""}"
2025-07-11T17:39:35.505406,automation.auto_banheiro,on,on,"{""id"": ""1747870075916"", ""last_triggered"": ""2025-07-11T20:39:35.500573+00:00"", ""mode"": ""single"", ""current"": 1, ""friendly_name"": ""auto-banheiro""}"
2025-07-11T17:39:35.507072,automation.auto_banheiro,on,on,"{""id"": ""1747870075916"", ""last_triggered"": ""2025-07-11T20:39:35.500573+00:00"", ""mode"": ""single"", ""current"": 0, ""friendly_name"": ""auto-banheiro""}"
2025-07-11T17:39:37.621251,sensor.arris_tg1692a_router_download_speed,0.0230624440854535,0.00528362431455164,"{""state_class"": ""measurement"", ""unit_of_measurement"": ""Mbit/s"", ""device_class"": ""data_rate"", ""friendly_name"": ""ARRIS TG1692A Router Download speed""}"
2025-07-11T17:39:37.623008,sensor.arris_tg1692a_router_upload_speed,0.0166560762790585,0.00455590599647294,"{""state_class"": ""measurement"", ""unit_of_measurement"": ""Mbit/s"", ""device_class"": ""data_rate"", ""friendly_name"": ""ARRIS TG1692A Router Upload speed""}"
2025-07-11T17:39:40.508634,automation.auto_banheiro,on,on,"{""id"": ""1747870075916"", ""last_triggered"": ""2025-07-11T20:39:40.501004+00:00"", ""mode"": ""single"", ""current"": 1, ""friendly_name"": ""auto-banheiro""}"
2025-07-11T17:39:40.511092,automation.auto_banheiro,on,on,"{""id"": ""1747870075916"", ""last_triggered"": ""2025-07-11T20:39:40.501004+00:00"", ""mode"": ""single"", ""current"": 0, ""friendly_name"": ""auto-banheiro""}"
2025-07-11T17:39:45.512040,automation.auto_banheiro,on,on,"{""id"": ""1747870075916"", ""last_triggered"": ""2025-07-11T20:39:45.500289+00:00"", ""mode"": ""single"", ""current"": 1, ""friendly_name"": ""auto-banheiro""}"
2025-07-11T17:39:45.513557,automation.auto_banheiro,on,on,"{""id"": ""1747870075916"", ""last_triggered"": ""2025-07-11T20:39:45.500289+00:00"", ""mode"": ""single"", ""current"": 0, ""friendly_name"": ""auto-banheiro""}"
2025-07-11T17:39:48.227677,sun.sun,below_horizon,below_horizon,"{""next_dawn"": ""2025-07-12T08:34:18.375179+00:00"", ""next_dusk"": ""2025-07-11T20:45:05.377064+00:00"", ""next_midnight"": ""2025-07-12T02:39:47+00:00"", ""next_noon"": ""2025-07-12T14:39:42+00:00"", ""next_rising"": ""2025-07-12T08:57:34.507646+00:00"", ""next_setting"": ""2025-07-12T20:22:04.562792+00:00"", ""elevation"": -4.79, ""azimuth"": 291.46, ""rising"": false, ""friendly_name"": ""Sun""}"
2025-07-11T17:39:50.505467,automation.auto_banheiro,on,on,"{""id"": ""1747870075916"", ""last_triggered"": ""2025-07-11T20:39:50.500628+00:00"", ""mode"": ""single"", ""current"": 1, ""friendly_name"": ""auto-banheiro""}"
2025-07-11T17:39:50.507251,automation.auto_banheiro,on,on,"{""id"": ""1747870075916"", ""last_triggered"": ""2025-07-11T20:39:50.500628+00:00"", ""mode"": ""single"", ""current"": 0, ""friendly_name"": ""auto-banheiro""}"
2025-07-11T17:39:55.514500,automation.auto_banheiro,on,on,"{""id"": ""1747870075916"", ""last_triggered"": ""2025-07-11T20:39:55.501599+00:00"", ""mode"": ""single"", ""current"": 1, ""friendly_name"": ""auto-banheiro""}"
2025-07-11T17:39:55.518021,automation.auto_banheiro,on,on,"{""id"": ""1747870075916"", ""last_triggered"": ""2025-07-11T20:39:55.501599+00:00"", ""mode"": ""single"", ""current"": 0, ""friendly_name"": ""auto-banheiro""}"
2025-07-11T17:40:00.505292,automation.auto_banheiro,on,on,"{""id"": ""1747870075916"", ""last_triggered"": ""2025-07-11T20:40:00.500569+00:00"", ""mode"": ""single"", ""current"": 1, ""friendly_name"": ""auto-banheiro""}"
2025-07-11T17:40:00.506960,automation.auto_banheiro,on,on,"{""id"": ""1747870075916"", ""last_triggered"": ""2025-07-11T20:40:00.500569+00:00"", ""mode"": ""single"", ""current"": 0, ""friendly_name"": ""auto-banheiro""}"
2025-07-11T17:40:05.511282,automation.auto_banheiro,on,on,"{""id"": ""1747870075916"", ""last_triggered"": ""2025-07-11T20:40:05.500204+00:00"", ""mode"": ""single"", ""current"": 1, ""friendly_name"": ""auto-banheiro""}"
2025-07-11T17:40:05.513194,automation.auto_banheiro,on,on,"{""id"": ""1747870075916"", ""last_triggered"": ""2025-07-11T20:40:05.500204+00:00"", ""mode"": ""single"", ""current"": 0, ""friendly_name"": ""auto-banheiro""}"
2025-07-11T17:40:07.619050,sensor.arris_tg1692a_router_download_speed,0.00528362431455164,0.00314799213001968,"{""state_class"": ""measurement"", ""unit_of_measurement"": ""Mbit/s"", ""device_class"": ""data_rate"", ""friendly_name"": ""ARRIS TG1692A Router Download speed""}"
2025-07-11T17:40:07.621085,sensor.arris_tg1692a_router_upload_speed,0.00455590599647294,0.00152532952000953,"{""state_class"": ""measurement"", ""unit_of_measurement"": ""Mbit/s"", ""device_class"": ""data_rate"", ""friendly_name"": ""ARRIS TG1692A Router Upload speed""}"
2025-07-11T17:40:10.115393,automation.aut_status_bruno,on,on,"{""id"": ""1751855857509"", ""last_triggered"": ""2025-07-11T20:40:10.107888+00:00"", ""mode"": ""single"", ""current"": 1, ""friendly_name"": ""aut-status-bruno""}"
2025-07-11T17:40:10.117830,automation.aut_status_bruno,on,on,"{""id"": ""1751855857509"", ""last_triggered"": ""2025-07-11T20:40:10.107888+00:00"", ""mode"": ""single"", ""current"": 0, ""friendly_name"": ""aut-status-bruno""}"
2025-07-11T17:40:10.267278,automation.aut_lampada_quarto,on,on,"{""id"": ""1746067262247"", ""last_triggered"": ""2025-07-11T20:40:10.256134+00:00"", ""mode"": ""single"", ""current"": 1, ""friendly_name"": ""aut-quarto""}"
2025-07-11T17:40:10.272053,automation.aut_lampada_quarto,on,on,"{""id"": ""1746067262247"", ""last_triggered"": ""2025-07-11T20:40:10.256134+00:00"", ""mode"": ""single"", ""current"": 0, ""friendly_name"": ""aut-quarto""}"
2025-07-11T17:40:10.506433,automation.auto_banheiro,on,on,"{""id"": ""1747870075916"", ""last_triggered"": ""2025-07-11T20:40:10.501515+00:00"", ""mode"": ""single"", ""current"": 1, ""friendly_name"": ""auto-banheiro""}"
2025-07-11T17:40:10.508937,automation.auto_banheiro,on,on,"{""id"": ""1747870075916"", ""last_triggered"": ""2025-07-11T20:40:10.501515+00:00"", ""mode"": ""single"", ""current"": 0, ""friendly_name"": ""auto-banheiro""}"
2025-07-11T17:40:15.509218,automation.auto_banheiro,on,on,"{""id"": ""1747870075916"", ""last_triggered"": ""2025-07-11T20:40:15.501032+00:00"", ""mode"": ""single"", ""current"": 1, ""friendly_name"": ""auto-banheiro""}"
2025-07-11T17:40:15.511514,automation.auto_banheiro,on,on,"{""id"": ""1747870075916"", ""last_triggered"": ""2025-07-11T20:40:15.501032+00:00"", ""mode"": ""single"", ""current"": 0, ""friendly_name"": ""auto-banheiro""}"
2025-07-11T17:40:20.506422,automation.auto_banheiro,on,on,"{""id"": ""1747870075916"", ""last_triggered"": ""2025-07-11T20:40:20.500433+00:00"", ""mode"": ""single"", ""current"": 1, ""friendly_name"": ""auto-banheiro""}"
2025-07-11T17:40:20.508136,automation.auto_banheiro,on,on,"{""id"": ""1747870075916"", ""last_triggered"": ""2025-07-11T20:40:20.500433+00:00"", ""mode"": ""single"", ""current"": 0, ""friendly_name"": ""auto-banheiro""}"
2025-07-11T17:40:24.898899,binary_sensor.presenca_sala_motion,on,off,"{""device_class"": ""motion"", ""friendly_name"": ""Presen\u00e7a sala Motion""}"
2025-07-11T17:40:24.901623,automation.aut_sala,on,on,"{""id"": ""1746116908353"", ""last_triggered"": ""2025-07-11T20:40:24.893342+00:00"", ""mode"": ""single"", ""current"": 1, ""friendly_name"": ""aut-sala""}"
2025-07-11T17:40:25.510265,automation.auto_banheiro,on,on,"{""id"": ""1747870075916"", ""last_triggered"": ""2025-07-11T20:40:25.500168+00:00"", ""mode"": ""single"", ""current"": 1, ""friendly_name"": ""auto-banheiro""}"
2025-07-11T17:40:25.518343,automation.auto_banheiro,on,on,"{""id"": ""1747870075916"", ""last_triggered"": ""2025-07-11T20:40:25.500168+00:00"", ""mode"": ""single"", ""current"": 0, ""friendly_name"": ""auto-banheiro""}"
2025-07-11T17:40:25.590140,automation.aut_sala,on,on,"{""id"": ""1746116908353"", ""last_triggered"": ""2025-07-11T20:40:24.893342+00:00"", ""mode"": ""single"", ""current"": 0, ""friendly_name"": ""aut-sala""}"
2025-07-11T17:40:26.187480,switch.interruptor_sala_switch_1,on,off,"{""device_class"": ""outlet"", ""friendly_name"": ""Interruptor sala Switch 1""}"
2025-07-11T17:40:30.504810,automation.auto_banheiro,on,on,"{""id"": ""1747870075916"", ""last_triggered"": ""2025-07-11T20:40:30.500002+00:00"", ""mode"": ""single"", ""current"": 1, ""friendly_name"": ""auto-banheiro""}"
2025-07-11T17:40:30.506449,automation.auto_banheiro,on,on,"{""id"": ""1747870075916"", ""last_triggered"": ""2025-07-11T20:40:30.500002+00:00"", ""mode"": ""single"", ""current"": 0, ""friendly_name"": ""auto-banheiro""}"
2025-07-11T17:40:35.505351,automation.auto_banheiro,on,on,"{""id"": ""1747870075916"", ""last_triggered"": ""2025-07-11T20:40:35.500524+00:00"", ""mode"": ""single"", ""current"": 1, ""friendly_name"": ""auto-banheiro""}"
2025-07-11T17:40:35.507017,automation.auto_banheiro,on,on,"{""id"": ""1747870075916"", ""last_triggered"": ""2025-07-11T20:40:35.500524+00:00"", ""mode"": ""single"", ""current"": 0, ""friendly_name"": ""auto-banheiro""}"
2025-07-11T17:40:37.659942,sensor.arris_tg1692a_router_download_speed,0.00314799213001968,0.00596699200875475,"{""state_class"": ""measurement"", ""unit_of_measurement"": ""Mbit/s"", ""device_class"": ""data_rate"", ""friendly_name"": ""ARRIS TG1692A Router Download speed""}"
2025-07-11T17:40:37.661623,sensor.arris_tg1692a_router_upload_speed,0.00152532952000953,0.00246029085952679,"{""state_class"": ""measurement"", ""unit_of_measurement"": ""Mbit/s"", ""device_class"": ""data_rate"", ""friendly_name"": ""ARRIS TG1692A Router Upload speed""}"
2025-07-11T17:40:40.511497,automation.auto_banheiro,on,on,"{""id"": ""1747870075916"", ""last_triggered"": ""2025-07-11T20:40:40.500955+00:00"", ""mode"": ""single"", ""current"": 1, ""friendly_name"": ""auto-banheiro""}"
2025-07-11T17:40:40.515079,automation.auto_banheiro,on,on,"{""id"": ""1747870075916"", ""last_triggered"": ""2025-07-11T20:40:40.500955+00:00"", ""mode"": ""single"", ""current"": 0, ""friendly_name"": ""auto-banheiro""}"
2025-07-11T17:40:42.229823,binary_sensor.presenca_sala_motion,off,on,"{""device_class"": ""motion"", ""friendly_name"": ""Presen\u00e7a sala Motion""}"
2025-07-11T17:40:42.236322,automation.aut_sala,on,on,"{""id"": ""1746116908353"", ""last_triggered"": ""2025-07-11T20:40:42.223192+00:00"", ""mode"": ""single"", ""current"": 1, ""friendly_name"": ""aut-sala""}"
2025-07-11T17:40:42.483771,automation.aut_sala,on,on,"{""id"": ""1746116908353"", ""last_triggered"": ""2025-07-11T20:40:42.223192+00:00"", ""mode"": ""single"", ""current"": 0, ""friendly_name"": ""aut-sala""}"
2025-07-11T17:40:43.026505,switch.interruptor_sala_switch_1,off,on,"{""device_class"": ""outlet"", ""friendly_name"": ""Interruptor sala Switch 1""}"
2025-07-11T17:40:45.514450,automation.auto_banheiro,on,on,"{""id"": ""1747870075916"", ""last_triggered"": ""2025-07-11T20:40:45.501724+00:00"", ""mode"": ""single"", ""current"": 1, ""friendly_name"": ""auto-banheiro""}"
2025-07-11T17:40:45.517755,automation.auto_banheiro,on,on,"{""id"": ""1747870075916"", ""last_triggered"": ""2025-07-11T20:40:45.501724+00:00"", ""mode"": ""single"", ""current"": 0, ""friendly_name"": ""auto-banheiro""}"
2025-07-11T17:40:50.506018,automation.auto_banheiro,on,on,"{""id"": ""1747870075916"", ""last_triggered"": ""2025-07-11T20:40:50.500798+00:00"", ""mode"": ""single"", ""current"": 1, ""friendly_name"": ""auto-banheiro""}"
2025-07-11T17:40:50.507990,automation.auto_banheiro,on,on,"{""id"": ""1747870075916"", ""last_triggered"": ""2025-07-11T20:40:50.500798+00:00"", ""mode"": ""single"", ""current"": 0, ""friendly_name"": ""auto-banheiro""}"
2025-07-11T17:40:53.903966,sensor.tauntaum_power,1,1,"{""state_class"": ""measurement"", ""power_consumption_start"": ""2025-07-11T20:29:43Z"", ""power_consumption_end"": ""2025-07-11T20:40:53Z"", ""unit_of_measurement"": ""W"", ""device_class"": ""power"", ""friendly_name"": ""Tauntaum Power""}"
2025-07-11T17:40:53.906635,sensor.tauntaum_energy_difference,0.006,0.0,"{""state_class"": ""total"", ""unit_of_measurement"": ""kWh"", ""device_class"": ""energy"", ""friendly_name"": ""Tauntaum Energy difference""}"
2025-07-11T17:40:53.908213,sensor.tauntaum_power_energy,0.0157377097239097,0.000186315277748638,"{""state_class"": ""total"", ""unit_of_measurement"": ""kWh"", ""device_class"": ""energy"", ""friendly_name"": ""Tauntaum Power energy""}"
2025-07-11T17:40:53.909656,sensor.tauntaum_energy_saved,0.001,0.0,"{""state_class"": ""total_increasing"", ""unit_of_measurement"": ""kWh"", ""device_class"": ""energy"", ""friendly_name"": ""Tauntaum Energy saved""}"
2025-07-11T17:40:55.504896,automation.auto_banheiro,on,on,"{""id"": ""1747870075916"", ""last_triggered"": ""2025-07-11T20:40:55.500075+00:00"", ""mode"": ""single"", ""current"": 1, ""friendly_name"": ""auto-banheiro""}"
2025-07-11T17:40:55.506631,automation.auto_banheiro,on,on,"{""id"": ""1747870075916"", ""last_triggered"": ""2025-07-11T20:40:55.500075+00:00"", ""mode"": ""single"", ""current"": 0, ""friendly_name"": ""auto-banheiro""}"
2025-07-11T17:40:55.568218,binary_sensor.human_presence_sensor_occupancy,off,on,"{""device_class"": ""occupancy"", ""friendly_name"": ""Presen\u00e7a Quarto  Occupancy""}"
2025-07-11T17:40:55.571654,automation.aut_lampada_quarto,on,on,"{""id"": ""1746067262247"", ""last_triggered"": ""2025-07-11T20:40:55.554686+00:00"", ""mode"": ""single"", ""current"": 1, ""friendly_name"": ""aut-quarto""}"
2025-07-11T17:40:55.804484,automation.aut_lampada_quarto,on,on,"{""id"": ""1746067262247"", ""last_triggered"": ""2025-07-11T20:40:55.554686+00:00"", ""mode"": ""single"", ""current"": 0, ""friendly_name"": ""aut-quarto""}"
2025-07-11T17:40:56.310516,light.lampada_quarto,off,on,"{""min_color_temp_kelvin"": 2000, ""max_color_temp_kelvin"": 6500, ""min_mireds"": 153, ""max_mireds"": 500, ""supported_color_modes"": [""color_temp"", ""hs""], ""color_mode"": ""color_temp"", ""brightness"": 255, ""color_temp_kelvin"": 2000, ""color_temp"": 500, ""hs_color"": [30.601, 94.547], ""rgb_color"": [255, 137, 14], ""xy_color"": [0.598, 0.383], ""friendly_name"": ""L\u00e2mpada quarto "", ""supported_features"": 0}"
2025-07-11T17:41:00.505043,automation.auto_banheiro,on,on,"{""id"": ""1747870075916"", ""last_triggered"": ""2025-07-11T20:41:00.500240+00:00"", ""mode"": ""single"", ""current"": 1, ""friendly_name"": ""auto-banheiro""}"
2025-07-11T17:41:00.506686,automation.auto_banheiro,on,on,"{""id"": ""1747870075916"", ""last_triggered"": ""2025-07-11T20:41:00.500240+00:00"", ""mode"": ""single"", ""current"": 0, ""friendly_name"": ""auto-banheiro""}"
2025-07-11T17:41:05.524332,automation.auto_banheiro,on,on,"{""id"": ""1747870075916"", ""last_triggered"": ""2025-07-11T20:41:05.501581+00:00"", ""mode"": ""single"", ""current"": 1, ""friendly_name"": ""auto-banheiro""}"
2025-07-11T17:41:05.528481,automation.auto_banheiro,on,on,"{""id"": ""1747870075916"", ""last_triggered"": ""2025-07-11T20:41:05.501581+00:00"", ""mode"": ""single"", ""current"": 0, ""friendly_name"": ""auto-banheiro""}"
2025-07-11T17:41:07.615004,sensor.arris_tg1692a_router_download_speed,0.00596699200875475,0.00359306475036547,"{""state_class"": ""measurement"", ""unit_of_measurement"": ""Mbit/s"", ""device_class"": ""data_rate"", ""friendly_name"": ""ARRIS TG1692A Router Download speed""}"
2025-07-11T17:41:07.616709,sensor.arris_tg1692a_router_upload_speed,0.00246029085952679,0.00318133163662313,"{""state_class"": ""measurement"", ""unit_of_measurement"": ""Mbit/s"", ""device_class"": ""data_rate"", ""friendly_name"": ""ARRIS TG1692A Router Upload speed""}"
2025-07-11T17:41:10.116473,automation.aut_status_bruno,on,on,"{""id"": ""1751855857509"", ""last_triggered"": ""2025-07-11T20:41:10.109191+00:00"", ""mode"": ""single"", ""current"": 1, ""friendly_name"": ""aut-status-bruno""}"
2025-07-11T17:41:10.118555,automation.aut_status_bruno,on,on,"{""id"": ""1751855857509"", ""last_triggered"": ""2025-07-11T20:41:10.109191+00:00"", ""mode"": ""single"", ""current"": 0, ""friendly_name"": ""aut-status-bruno""}"
2025-07-11T17:41:10.260059,automation.aut_lampada_quarto,on,on,"{""id"": ""1746067262247"", ""last_triggered"": ""2025-07-11T20:41:10.256039+00:00"", ""mode"": ""single"", ""current"": 1, ""friendly_name"": ""aut-quarto""}"
2025-07-11T17:41:10.261572,automation.aut_lampada_quarto,on,on,"{""id"": ""1746067262247"", ""last_triggered"": ""2025-07-11T20:41:10.256039+00:00"", ""mode"": ""single"", ""current"": 0, ""friendly_name"": ""aut-quarto""}"
2025-07-11T17:41:10.505188,automation.auto_banheiro,on,on,"{""id"": ""1747870075916"", ""last_triggered"": ""2025-07-11T20:41:10.500409+00:00"", ""mode"": ""single"", ""current"": 1, ""friendly_name"": ""auto-banheiro""}"
2025-07-11T17:41:10.506716,automation.auto_banheiro,on,on,"{""id"": ""1747870075916"", ""last_triggered"": ""2025-07-11T20:41:10.500409+00:00"", ""mode"": ""single"", ""current"": 0, ""friendly_name"": ""auto-banheiro""}"
2025-07-11T17:41:15.504697,automation.auto_banheiro,on,on,"{""id"": ""1747870075916"", ""last_triggered"": ""2025-07-11T20:41:15.499897+00:00"", ""mode"": ""single"", ""current"": 1, ""friendly_name"": ""auto-banheiro""}"
2025-07-11T17:41:15.506288,automation.auto_banheiro,on,on,"{""id"": ""1747870075916"", ""last_triggered"": ""2025-07-11T20:41:15.499897+00:00"", ""mode"": ""single"", ""current"": 0, ""friendly_name"": ""auto-banheiro""}"
2025-07-11T17:41:20.505110,automation.auto_banheiro,on,on,"{""id"": ""1747870075916"", ""last_triggered"": ""2025-07-11T20:41:20.500306+00:00"", ""mode"": ""single"", ""current"": 1, ""friendly_name"": ""auto-banheiro""}"
2025-07-11T17:41:20.506725,automation.auto_banheiro,on,on,"{""id"": ""1747870075916"", ""last_triggered"": ""2025-07-11T20:41:20.500306+00:00"", ""mode"": ""single"", ""current"": 0, ""friendly_name"": ""auto-banheiro""}"
2025-07-11T17:41:25.505136,automation.auto_banheiro,on,on,"{""id"": ""1747870075916"", ""last_triggered"": ""2025-07-11T20:41:25.500073+00:00"", ""mode"": ""single"", ""current"": 1, ""friendly_name"": ""auto-banheiro""}"
2025-07-11T17:41:25.517138,automation.auto_banheiro,on,on,"{""id"": ""1747870075916"", ""last_triggered"": ""2025-07-11T20:41:25.500073+00:00"", ""mode"": ""single"", ""current"": 0, ""friendly_name"": ""auto-banheiro""}"
2025-07-11T17:41:30.505376,automation.auto_banheiro,on,on,"{""id"": ""1747870075916"", ""last_triggered"": ""2025-07-11T20:41:30.500549+00:00"", ""mode"": ""single"", ""current"": 1, ""friendly_name"": ""auto-banheiro""}"
2025-07-11T17:41:30.508116,automation.auto_banheiro,on,on,"{""id"": ""1747870075916"", ""last_triggered"": ""2025-07-11T20:41:30.500549+00:00"", ""mode"": ""single"", ""current"": 0, ""friendly_name"": ""auto-banheiro""}"
2025-07-11T17:41:35.524866,automation.auto_banheiro,on,on,"{""id"": ""1747870075916"", ""last_triggered"": ""2025-07-11T20:41:35.501487+00:00"", ""mode"": ""single"", ""current"": 1, ""friendly_name"": ""auto-banheiro""}"
2025-07-11T17:41:35.529013,automation.auto_banheiro,on,on,"{""id"": ""1747870075916"", ""last_triggered"": ""2025-07-11T20:41:35.501487+00:00"", ""mode"": ""single"", ""current"": 0, ""friendly_name"": ""auto-banheiro""}"
2025-07-11T17:41:37.704969,sensor.arris_tg1692a_router_download_speed,0.00359306475036547,0.013179142451078,"{""state_class"": ""measurement"", ""unit_of_measurement"": ""Mbit/s"", ""device_class"": ""data_rate"", ""friendly_name"": ""ARRIS TG1692A Router Download speed""}"
2025-07-11T17:41:37.706616,sensor.arris_tg1692a_router_upload_speed,0.00318133163662313,0.00892422769753905,"{""state_class"": ""measurement"", ""unit_of_measurement"": ""Mbit/s"", ""device_class"": ""data_rate"", ""friendly_name"": ""ARRIS TG1692A Router Upload speed""}"
2025-07-11T17:41:40.511746,automation.auto_banheiro,on,on,"{""id"": ""1747870075916"", ""last_triggered"": ""2025-07-11T20:41:40.500510+00:00"", ""mode"": ""single"", ""current"": 1, ""friendly_name"": ""auto-banheiro""}"
2025-07-11T17:41:40.515062,automation.auto_banheiro,on,on,"{""id"": ""1747870075916"", ""last_triggered"": ""2025-07-11T20:41:40.500510+00:00"", ""mode"": ""single"", ""current"": 0, ""friendly_name"": ""auto-banheiro""}"
2025-07-11T17:41:45.505532,automation.auto_banheiro,on,on,"{""id"": ""1747870075916"", ""last_triggered"": ""2025-07-11T20:41:45.500706+00:00"", ""mode"": ""single"", ""current"": 1, ""friendly_name"": ""auto-banheiro""}"
2025-07-11T17:41:45.507220,automation.auto_banheiro,on,on,"{""id"": ""1747870075916"", ""last_triggered"": ""2025-07-11T20:41:45.500706+00:00"", ""mode"": ""single"", ""current"": 0, ""friendly_name"": ""auto-banheiro""}"
2025-07-11T17:41:48.231782,sun.sun,below_horizon,below_horizon,"{""next_dawn"": ""2025-07-12T08:34:18.375179+00:00"", ""next_dusk"": ""2025-07-11T20:45:05.377064+00:00"", ""next_midnight"": ""2025-07-12T02:39:47+00:00"", ""next_noon"": ""2025-07-12T14:39:42+00:00"", ""next_rising"": ""2025-07-12T08:57:34.507646+00:00"", ""next_setting"": ""2025-07-12T20:22:04.562792+00:00"", ""elevation"": -5.25, ""azimuth"": 291.37, ""rising"": false, ""friendly_name"": ""Sun""}"
2025-07-11T17:41:50.505717,automation.auto_banheiro,on,on,"{""id"": ""1747870075916"", ""last_triggered"": ""2025-07-11T20:41:50.500281+00:00"", ""mode"": ""single"", ""current"": 1, ""friendly_name"": ""auto-banheiro""}"
2025-07-11T17:41:50.507545,automation.auto_banheiro,on,on,"{""id"": ""1747870075916"", ""last_triggered"": ""2025-07-11T20:41:50.500281+00:00"", ""mode"": ""single"", ""current"": 0, ""friendly_name"": ""auto-banheiro""}"
2025-07-11T17:41:55.505147,automation.auto_banheiro,on,on,"{""id"": ""1747870075916"", ""last_triggered"": ""2025-07-11T20:41:55.500358+00:00"", ""mode"": ""single"", ""current"": 1, ""friendly_name"": ""auto-banheiro""}"
2025-07-11T17:41:55.506809,automation.auto_banheiro,on,on,"{""id"": ""1747870075916"", ""last_triggered"": ""2025-07-11T20:41:55.500358+00:00"", ""mode"": ""single"", ""current"": 0, ""friendly_name"": ""auto-banheiro""}"
2025-07-11T17:42:00.505591,automation.auto_banheiro,on,on,"{""id"": ""1747870075916"", ""last_triggered"": ""2025-07-11T20:42:00.499905+00:00"", ""mode"": ""single"", ""current"": 1, ""friendly_name"": ""auto-banheiro""}"
2025-07-11T17:42:00.507585,automation.auto_banheiro,on,on,"{""id"": ""1747870075916"", ""last_triggered"": ""2025-07-11T20:42:00.499905+00:00"", ""mode"": ""single"", ""current"": 0, ""friendly_name"": ""auto-banheiro""}"
2025-07-11T17:42:05.510582,automation.auto_banheiro,on,on,"{""id"": ""1747870075916"", ""last_triggered"": ""2025-07-11T20:42:05.500400+00:00"", ""mode"": ""single"", ""current"": 1, ""friendly_name"": ""auto-banheiro""}"
2025-07-11T17:42:05.513844,automation.auto_banheiro,on,on,"{""id"": ""1747870075916"", ""last_triggered"": ""2025-07-11T20:42:05.500400+00:00"", ""mode"": ""single"", ""current"": 0, ""friendly_name"": ""auto-banheiro""}"
2025-07-11T17:42:07.619262,sensor.arris_tg1692a_router_download_speed,0.013179142451078,0.00764114307809745,"{""state_class"": ""measurement"", ""unit_of_measurement"": ""Mbit/s"", ""device_class"": ""data_rate"", ""friendly_name"": ""ARRIS TG1692A Router Download speed""}"
2025-07-11T17:42:07.621641,sensor.arris_tg1692a_router_upload_speed,0.00892422769753905,0.00775447754477545,"{""state_class"": ""measurement"", ""unit_of_measurement"": ""Mbit/s"", ""device_class"": ""data_rate"", ""friendly_name"": ""ARRIS TG1692A Router Upload speed""}"
2025-07-11T17:42:10.114905,automation.aut_status_bruno,on,on,"{""id"": ""1751855857509"", ""last_triggered"": ""2025-07-11T20:42:10.108437+00:00"", ""mode"": ""single"", ""current"": 1, ""friendly_name"": ""aut-status-bruno""}"
2025-07-11T17:42:10.117182,automation.aut_status_bruno,on,on,"{""id"": ""1751855857509"", ""last_triggered"": ""2025-07-11T20:42:10.108437+00:00"", ""mode"": ""single"", ""current"": 0, ""friendly_name"": ""aut-status-bruno""}"
2025-07-11T17:42:10.258527,automation.aut_lampada_quarto,on,on,"{""id"": ""1746067262247"", ""last_triggered"": ""2025-07-11T20:42:10.254450+00:00"", ""mode"": ""single"", ""current"": 1, ""friendly_name"": ""aut-quarto""}"
2025-07-11T17:42:10.260070,automation.aut_lampada_quarto,on,on,"{""id"": ""1746067262247"", ""last_triggered"": ""2025-07-11T20:42:10.254450+00:00"", ""mode"": ""single"", ""current"": 0, ""friendly_name"": ""aut-quarto""}"
2025-07-11T17:42:10.504888,automation.auto_banheiro,on,on,"{""id"": ""1747870075916"", ""last_triggered"": ""2025-07-11T20:42:10.500064+00:00"", ""mode"": ""single"", ""current"": 1, ""friendly_name"": ""auto-banheiro""}"
2025-07-11T17:42:10.506477,automation.auto_banheiro,on,on,"{""id"": ""1747870075916"", ""last_triggered"": ""2025-07-11T20:42:10.500064+00:00"", ""mode"": ""single"", ""current"": 0, ""friendly_name"": ""auto-banheiro""}"
2025-07-11T17:42:15.505518,automation.auto_banheiro,on,on,"{""id"": ""1747870075916"", ""last_triggered"": ""2025-07-11T20:42:15.500718+00:00"", ""mode"": ""single"", ""current"": 1, ""friendly_name"": ""auto-banheiro""}"
2025-07-11T17:42:15.507458,automation.auto_banheiro,on,on,"{""id"": ""1747870075916"", ""last_triggered"": ""2025-07-11T20:42:15.500718+00:00"", ""mode"": ""single"", ""current"": 0, ""friendly_name"": ""auto-banheiro""}"
2025-07-11T17:42:18.969405,binary_sensor.human_presence_sensor_occupancy,on,off,"{""device_class"": ""occupancy"", ""friendly_name"": ""Presen\u00e7a Quarto  Occupancy""}"
2025-07-11T17:42:18.978721,automation.aut_lampada_quarto,on,on,"{""id"": ""1746067262247"", ""last_triggered"": ""2025-07-11T20:42:18.953332+00:00"", ""mode"": ""single"", ""current"": 1, ""friendly_name"": ""aut-quarto""}"
2025-07-11T17:42:18.982897,scene.automation_bedroom_fan_0,2025-07-11T20:35:24.504122+00:00,2025-07-11T20:42:18.965525+00:00,"{""friendly_name"": ""automation-bedroom-fan-0""}"
2025-07-11T17:42:20.511861,automation.auto_banheiro,on,on,"{""id"": ""1747870075916"", ""last_triggered"": ""2025-07-11T20:42:20.500776+00:00"", ""mode"": ""single"", ""current"": 1, ""friendly_name"": ""auto-banheiro""}"
2025-07-11T17:42:20.515944,automation.auto_banheiro,on,on,"{""id"": ""1747870075916"", ""last_triggered"": ""2025-07-11T20:42:20.500776+00:00"", ""mode"": ""single"", ""current"": 0, ""friendly_name"": ""auto-banheiro""}"
2025-07-11T17:42:22.130666,automation.aut_lampada_quarto,on,on,"{""id"": ""1746067262247"", ""last_triggered"": ""2025-07-11T20:42:18.953332+00:00"", ""mode"": ""single"", ""current"": 0, ""friendly_name"": ""aut-quarto""}"
2025-07-11T17:42:22.647148,light.lampada_quarto,on,off,"{""min_color_temp_kelvin"": 2000, ""max_color_temp_kelvin"": 6500, ""min_mireds"": 153, ""max_mireds"": 500, ""supported_color_modes"": [""color_temp"", ""hs""], ""color_mode"": null, ""brightness"": null, ""color_temp_kelvin"": null, ""color_temp"": null, ""hs_color"": null, ""rgb_color"": null, ""xy_color"": null, ""friendly_name"": ""L\u00e2mpada quarto "", ""supported_features"": 0}"
2025-07-11T17:42:25.504827,automation.auto_banheiro,on,on,"{""id"": ""1747870075916"", ""last_triggered"": ""2025-07-11T20:42:25.499977+00:00"", ""mode"": ""single"", ""current"": 1, ""friendly_name"": ""auto-banheiro""}"
2025-07-11T17:42:25.506509,automation.auto_banheiro,on,on,"{""id"": ""1747870075916"", ""last_triggered"": ""2025-07-11T20:42:25.499977+00:00"", ""mode"": ""single"", ""current"": 0, ""friendly_name"": ""auto-banheiro""}"
2025-07-11T17:42:30.512474,automation.auto_banheiro,on,on,"{""id"": ""1747870075916"", ""last_triggered"": ""2025-07-11T20:42:30.500780+00:00"", ""mode"": ""single"", ""current"": 1, ""friendly_name"": ""auto-banheiro""}"
2025-07-11T17:42:30.514139,automation.auto_banheiro,on,on,"{""id"": ""1747870075916"", ""last_triggered"": ""2025-07-11T20:42:30.500780+00:00"", ""mode"": ""single"", ""current"": 0, ""friendly_name"": ""auto-banheiro""}"
2025-07-11T17:42:35.505463,automation.auto_banheiro,on,on,"{""id"": ""1747870075916"", ""last_triggered"": ""2025-07-11T20:42:35.500265+00:00"", ""mode"": ""single"", ""current"": 1, ""friendly_name"": ""auto-banheiro""}"
2025-07-11T17:42:35.507083,automation.auto_banheiro,on,on,"{""id"": ""1747870075916"", ""last_triggered"": ""2025-07-11T20:42:35.500265+00:00"", ""mode"": ""single"", ""current"": 0, ""friendly_name"": ""auto-banheiro""}"
2025-07-11T17:42:37.614033,sensor.arris_tg1692a_router_download_speed,0.00764114307809745,0.00722398145844759,"{""state_class"": ""measurement"", ""unit_of_measurement"": ""Mbit/s"", ""device_class"": ""data_rate"", ""friendly_name"": ""ARRIS TG1692A Router Download speed""}"
2025-07-11T17:42:37.615777,sensor.arris_tg1692a_router_upload_speed,0.00775447754477545,0.00557518569035673,"{""state_class"": ""measurement"", ""unit_of_measurement"": ""Mbit/s"", ""device_class"": ""data_rate"", ""friendly_name"": ""ARRIS TG1692A Router Upload speed""}"
2025-07-11T17:42:40.506658,automation.auto_banheiro,on,on,"{""id"": ""1747870075916"", ""last_triggered"": ""2025-07-11T20:42:40.499918+00:00"", ""mode"": ""single"", ""current"": 1, ""friendly_name"": ""auto-banheiro""}"
2025-07-11T17:42:40.508388,automation.auto_banheiro,on,on,"{""id"": ""1747870075916"", ""last_triggered"": ""2025-07-11T20:42:40.499918+00:00"", ""mode"": ""single"", ""current"": 0, ""friendly_name"": ""auto-banheiro""}"
2025-07-11T17:42:45.514256,automation.auto_banheiro,on,on,"{""id"": ""1747870075916"", ""last_triggered"": ""2025-07-11T20:42:45.500972+00:00"", ""mode"": ""single"", ""current"": 1, ""friendly_name"": ""auto-banheiro""}"
2025-07-11T17:42:45.523095,automation.auto_banheiro,on,on,"{""id"": ""1747870075916"", ""last_triggered"": ""2025-07-11T20:42:45.500972+00:00"", ""mode"": ""single"", ""current"": 0, ""friendly_name"": ""auto-banheiro""}"
2025-07-11T17:42:50.505355,automation.auto_banheiro,on,on,"{""id"": ""1747870075916"", ""last_triggered"": ""2025-07-11T20:42:50.500501+00:00"", ""mode"": ""single"", ""current"": 1, ""friendly_name"": ""auto-banheiro""}"
2025-07-11T17:42:50.507044,automation.auto_banheiro,on,on,"{""id"": ""1747870075916"", ""last_triggered"": ""2025-07-11T20:42:50.500501+00:00"", ""mode"": ""single"", ""current"": 0, ""friendly_name"": ""auto-banheiro""}"
2025-07-11T17:42:55.505588,automation.auto_banheiro,on,on,"{""id"": ""1747870075916"", ""last_triggered"": ""2025-07-11T20:42:55.500783+00:00"", ""mode"": ""single"", ""current"": 1, ""friendly_name"": ""auto-banheiro""}"
2025-07-11T17:42:55.507251,automation.auto_banheiro,on,on,"{""id"": ""1747870075916"", ""last_triggered"": ""2025-07-11T20:42:55.500783+00:00"", ""mode"": ""single"", ""current"": 0, ""friendly_name"": ""auto-banheiro""}"
2025-07-11T17:43:00.505320,automation.auto_banheiro,on,on,"{""id"": ""1747870075916"", ""last_triggered"": ""2025-07-11T20:43:00.500449+00:00"", ""mode"": ""single"", ""current"": 1, ""friendly_name"": ""auto-banheiro""}"
2025-07-11T17:43:00.506989,automation.auto_banheiro,on,on,"{""id"": ""1747870075916"", ""last_triggered"": ""2025-07-11T20:43:00.500449+00:00"", ""mode"": ""single"", ""current"": 0, ""friendly_name"": ""auto-banheiro""}"
2025-07-11T17:43:05.511765,automation.auto_banheiro,on,on,"{""id"": ""1747870075916"", ""last_triggered"": ""2025-07-11T20:43:05.500533+00:00"", ""mode"": ""single"", ""current"": 1, ""friendly_name"": ""auto-banheiro""}"
2025-07-11T17:43:05.513360,automation.auto_banheiro,on,on,"{""id"": ""1747870075916"", ""last_triggered"": ""2025-07-11T20:43:05.500533+00:00"", ""mode"": ""single"", ""current"": 0, ""friendly_name"": ""auto-banheiro""}"
2025-07-11T17:43:07.642051,sensor.arris_tg1692a_router_download_speed,0.00722398145844759,0.114296807335066,"{""state_class"": ""measurement"", ""unit_of_measurement"": ""Mbit/s"", ""device_class"": ""data_rate"", ""friendly_name"": ""ARRIS TG1692A Router Download speed""}"
2025-07-11T17:43:07.646335,sensor.arris_tg1692a_router_upload_speed,0.00557518569035673,0.0301277620626245,"{""state_class"": ""measurement"", ""unit_of_measurement"": ""Mbit/s"", ""device_class"": ""data_rate"", ""friendly_name"": ""ARRIS TG1692A Router Upload speed""}"
2025-07-11T17:43:10.115202,automation.aut_status_bruno,on,on,"{""id"": ""1751855857509"", ""last_triggered"": ""2025-07-11T20:43:10.107952+00:00"", ""mode"": ""single"", ""current"": 1, ""friendly_name"": ""aut-status-bruno""}"
2025-07-11T17:43:10.117852,automation.aut_status_bruno,on,on,"{""id"": ""1751855857509"", ""last_triggered"": ""2025-07-11T20:43:10.107952+00:00"", ""mode"": ""single"", ""current"": 0, ""friendly_name"": ""aut-status-bruno""}"
2025-07-11T17:43:10.259976,automation.aut_lampada_quarto,on,on,"{""id"": ""1746067262247"", ""last_triggered"": ""2025-07-11T20:43:10.255440+00:00"", ""mode"": ""single"", ""current"": 1, ""friendly_name"": ""aut-quarto""}"
2025-07-11T17:43:10.261968,automation.aut_lampada_quarto,on,on,"{""id"": ""1746067262247"", ""last_triggered"": ""2025-07-11T20:43:10.255440+00:00"", ""mode"": ""single"", ""current"": 0, ""friendly_name"": ""aut-quarto""}"
2025-07-11T17:43:10.505733,automation.auto_banheiro,on,on,"{""id"": ""1747870075916"", ""last_triggered"": ""2025-07-11T20:43:10.501014+00:00"", ""mode"": ""single"", ""current"": 1, ""friendly_name"": ""auto-banheiro""}"
2025-07-11T17:43:10.507409,automation.auto_banheiro,on,on,"{""id"": ""1747870075916"", ""last_triggered"": ""2025-07-11T20:43:10.501014+00:00"", ""mode"": ""single"", ""current"": 0, ""friendly_name"": ""auto-banheiro""}"
2025-07-11T17:43:15.504753,automation.auto_banheiro,on,on,"{""id"": ""1747870075916"", ""last_triggered"": ""2025-07-11T20:43:15.499864+00:00"", ""mode"": ""single"", ""current"": 1, ""friendly_name"": ""auto-banheiro""}"
2025-07-11T17:43:15.506432,automation.auto_banheiro,on,on,"{""id"": ""1747870075916"", ""last_triggered"": ""2025-07-11T20:43:15.499864+00:00"", ""mode"": ""single"", ""current"": 0, ""friendly_name"": ""auto-banheiro""}"
2025-07-11T17:43:20.505460,automation.auto_banheiro,on,on,"{""id"": ""1747870075916"", ""last_triggered"": ""2025-07-11T20:43:20.500628+00:00"", ""mode"": ""single"", ""current"": 1, ""friendly_name"": ""auto-banheiro""}"
2025-07-11T17:43:20.507081,automation.auto_banheiro,on,on,"{""id"": ""1747870075916"", ""last_triggered"": ""2025-07-11T20:43:20.500628+00:00"", ""mode"": ""single"", ""current"": 0, ""friendly_name"": ""auto-banheiro""}"
2025-07-11T17:43:25.510342,automation.auto_banheiro,on,on,"{""id"": ""1747870075916"", ""last_triggered"": ""2025-07-11T20:43:25.500388+00:00"", ""mode"": ""single"", ""current"": 1, ""friendly_name"": ""auto-banheiro""}"
2025-07-11T17:43:25.513155,automation.auto_banheiro,on,on,"{""id"": ""1747870075916"", ""last_triggered"": ""2025-07-11T20:43:25.500388+00:00"", ""mode"": ""single"", ""current"": 0, ""friendly_name"": ""auto-banheiro""}"
2025-07-11T17:43:30.505402,automation.auto_banheiro,on,on,"{""id"": ""1747870075916"", ""last_triggered"": ""2025-07-11T20:43:30.499940+00:00"", ""mode"": ""single"", ""current"": 1, ""friendly_name"": ""auto-banheiro""}"
2025-07-11T17:43:30.507094,automation.auto_banheiro,on,on,"{""id"": ""1747870075916"", ""last_triggered"": ""2025-07-11T20:43:30.499940+00:00"", ""mode"": ""single"", ""current"": 0, ""friendly_name"": ""auto-banheiro""}"
2025-07-11T17:43:35.505369,automation.auto_banheiro,on,on,"{""id"": ""1747870075916"", ""last_triggered"": ""2025-07-11T20:43:35.500476+00:00"", ""mode"": ""single"", ""current"": 1, ""friendly_name"": ""auto-banheiro""}"
2025-07-11T17:43:35.507221,automation.auto_banheiro,on,on,"{""id"": ""1747870075916"", ""last_triggered"": ""2025-07-11T20:43:35.500476+00:00"", ""mode"": ""single"", ""current"": 0, ""friendly_name"": ""auto-banheiro""}"
2025-07-11T17:43:37.633552,sensor.arris_tg1692a_router_download_speed,0.114296807335066,0.023204263937502,"{""state_class"": ""measurement"", ""unit_of_measurement"": ""Mbit/s"", ""device_class"": ""data_rate"", ""friendly_name"": ""ARRIS TG1692A Router Download speed""}"
2025-07-11T17:43:37.635369,sensor.arris_tg1692a_router_upload_speed,0.0301277620626245,0.0450538302309179,"{""state_class"": ""measurement"", ""unit_of_measurement"": ""Mbit/s"", ""device_class"": ""data_rate"", ""friendly_name"": ""ARRIS TG1692A Router Upload speed""}"
2025-07-11T17:43:40.506003,automation.auto_banheiro,on,on,"{""id"": ""1747870075916"", ""last_triggered"": ""2025-07-11T20:43:40.500064+00:00"", ""mode"": ""single"", ""current"": 1, ""friendly_name"": ""auto-banheiro""}"
2025-07-11T17:43:40.507860,automation.auto_banheiro,on,on,"{""id"": ""1747870075916"", ""last_triggered"": ""2025-07-11T20:43:40.500064+00:00"", ""mode"": ""single"", ""current"": 0, ""friendly_name"": ""auto-banheiro""}"
2025-07-11T17:43:45.509816,automation.auto_banheiro,on,on,"{""id"": ""1747870075916"", ""last_triggered"": ""2025-07-11T20:43:45.500569+00:00"", ""mode"": ""single"", ""current"": 1, ""friendly_name"": ""auto-banheiro""}"
2025-07-11T17:43:45.512397,automation.auto_banheiro,on,on,"{""id"": ""1747870075916"", ""last_triggered"": ""2025-07-11T20:43:45.500569+00:00"", ""mode"": ""single"", ""current"": 0, ""friendly_name"": ""auto-banheiro""}"
2025-07-11T17:43:48.228520,sun.sun,below_horizon,below_horizon,"{""next_dawn"": ""2025-07-12T08:34:18.375179+00:00"", ""next_dusk"": ""2025-07-11T20:45:05.377064+00:00"", ""next_midnight"": ""2025-07-12T02:39:47+00:00"", ""next_noon"": ""2025-07-12T14:39:42+00:00"", ""next_rising"": ""2025-07-12T08:57:34.507646+00:00"", ""next_setting"": ""2025-07-12T20:22:04.562792+00:00"", ""elevation"": -5.7, ""azimuth"": 291.27, ""rising"": false, ""friendly_name"": ""Sun""}"
2025-07-11T17:43:50.504845,automation.auto_banheiro,on,on,"{""id"": ""1747870075916"", ""last_triggered"": ""2025-07-11T20:43:50.500033+00:00"", ""mode"": ""single"", ""current"": 1, ""friendly_name"": ""auto-banheiro""}"
2025-07-11T17:43:50.506517,automation.auto_banheiro,on,on,"{""id"": ""1747870075916"", ""last_triggered"": ""2025-07-11T20:43:50.500033+00:00"", ""mode"": ""single"", ""current"": 0, ""friendly_name"": ""auto-banheiro""}"
2025-07-11T17:43:55.505625,automation.auto_banheiro,on,on,"{""id"": ""1747870075916"", ""last_triggered"": ""2025-07-11T20:43:55.500809+00:00"", ""mode"": ""single"", ""current"": 1, ""friendly_name"": ""auto-banheiro""}"
2025-07-11T17:43:55.507271,automation.auto_banheiro,on,on,"{""id"": ""1747870075916"", ""last_triggered"": ""2025-07-11T20:43:55.500809+00:00"", ""mode"": ""single"", ""current"": 0, ""friendly_name"": ""auto-banheiro""}"
2025-07-11T17:44:00.521912,automation.auto_banheiro,on,on,"{""id"": ""1747870075916"", ""last_triggered"": ""2025-07-11T20:44:00.501340+00:00"", ""mode"": ""single"", ""current"": 1, ""friendly_name"": ""auto-banheiro""}"
2025-07-11T17:44:00.526052,automation.auto_banheiro,on,on,"{""id"": ""1747870075916"", ""last_triggered"": ""2025-07-11T20:44:00.501340+00:00"", ""mode"": ""single"", ""current"": 0, ""friendly_name"": ""auto-banheiro""}"
2025-07-11T17:44:05.504983,automation.auto_banheiro,on,on,"{""id"": ""1747870075916"", ""last_triggered"": ""2025-07-11T20:44:05.500234+00:00"", ""mode"": ""single"", ""current"": 1, ""friendly_name"": ""auto-banheiro""}"
2025-07-11T17:44:05.506534,automation.auto_banheiro,on,on,"{""id"": ""1747870075916"", ""last_triggered"": ""2025-07-11T20:44:05.500234+00:00"", ""mode"": ""single"", ""current"": 0, ""friendly_name"": ""auto-banheiro""}"
2025-07-11T17:44:07.621775,sensor.arris_tg1692a_router_download_speed,0.023204263937502,0.0139375149811586,"{""state_class"": ""measurement"", ""unit_of_measurement"": ""Mbit/s"", ""device_class"": ""data_rate"", ""friendly_name"": ""ARRIS TG1692A Router Download speed""}"
2025-07-11T17:44:07.624484,sensor.arris_tg1692a_router_upload_speed,0.0450538302309179,0.0461367852322767,"{""state_class"": ""measurement"", ""unit_of_measurement"": ""Mbit/s"", ""device_class"": ""data_rate"", ""friendly_name"": ""ARRIS TG1692A Router Upload speed""}"
2025-07-11T17:44:10.114556,automation.aut_status_bruno,on,on,"{""id"": ""1751855857509"", ""last_triggered"": ""2025-07-11T20:44:10.108166+00:00"", ""mode"": ""single"", ""current"": 1, ""friendly_name"": ""aut-status-bruno""}"
2025-07-11T17:44:10.117016,automation.aut_status_bruno,on,on,"{""id"": ""1751855857509"", ""last_triggered"": ""2025-07-11T20:44:10.108166+00:00"", ""mode"": ""single"", ""current"": 0, ""friendly_name"": ""aut-status-bruno""}"
2025-07-11T17:44:10.259174,automation.aut_lampada_quarto,on,on,"{""id"": ""1746067262247"", ""last_triggered"": ""2025-07-11T20:44:10.255159+00:00"", ""mode"": ""single"", ""current"": 1, ""friendly_name"": ""aut-quarto""}"
2025-07-11T17:44:10.260819,automation.aut_lampada_quarto,on,on,"{""id"": ""1746067262247"", ""last_triggered"": ""2025-07-11T20:44:10.255159+00:00"", ""mode"": ""single"", ""current"": 0, ""friendly_name"": ""aut-quarto""}"
2025-07-11T17:44:10.504984,automation.auto_banheiro,on,on,"{""id"": ""1747870075916"", ""last_triggered"": ""2025-07-11T20:44:10.500228+00:00"", ""mode"": ""single"", ""current"": 1, ""friendly_name"": ""auto-banheiro""}"
2025-07-11T17:44:10.506533,automation.auto_banheiro,on,on,"{""id"": ""1747870075916"", ""last_triggered"": ""2025-07-11T20:44:10.500228+00:00"", ""mode"": ""single"", ""current"": 0, ""friendly_name"": ""auto-banheiro""}"
2025-07-11T17:44:12.573410,sensor.new_darth_vader_distance,39,1486,"{""unit_of_measurement"": ""m"", ""icon"": ""mdi:hiking"", ""friendly_name"": ""New Darth Vader Distance""}"
2025-07-11T17:44:12.574946,sensor.new_darth_vader_floors_ascended,0,6,"{""unit_of_measurement"": ""floors"", ""icon"": ""mdi:stairs-up"", ""friendly_name"": ""New Darth Vader Floors Ascended""}"
2025-07-11T17:44:12.576464,sensor.new_darth_vader_floors_descended,0,6,"{""unit_of_measurement"": ""floors"", ""icon"": ""mdi:stairs-down"", ""friendly_name"": ""New Darth Vader Floors Descended""}"
2025-07-11T17:44:12.577861,sensor.new_darth_vader_steps,65,2634,"{""unit_of_measurement"": ""steps"", ""icon"": ""mdi:walk"", ""friendly_name"": ""New Darth Vader Steps""}"
2025-07-11T17:44:12.579257,sensor.new_darth_vader_average_active_pace,2,1,"{""unit_of_measurement"": ""m/s"", ""icon"": ""mdi:speedometer"", ""friendly_name"": ""New Darth Vader Average Active Pace""}"
2025-07-11T17:44:12.580710,sensor.new_darth_vader_battery_level,80,70,"{""unit_of_measurement"": ""%"", ""device_class"": ""battery"", ""icon"": ""mdi:battery-70"", ""friendly_name"": ""New Darth Vader Battery Level""}"
2025-07-11T17:44:12.582044,sensor.new_darth_vader_battery_state,Not Charging,Not Charging,"{""Low Power Mode"": false, ""icon"": ""mdi:battery-70"", ""friendly_name"": ""New Darth Vader Battery State""}"
2025-07-11T17:44:12.583608,sensor.new_darth_vader_storage,0.80,0.56,"{""Available"": ""1,89 GB"", ""Available (Important)"": ""14,23 GB"", ""Available (Opportunistic)"": ""704,3 MB"", ""Total"": ""126,78 GB"", ""unit_of_measurement"": ""% available"", ""icon"": ""mdi:database"", ""friendly_name"": ""New Darth Vader Storage""}"
2025-07-11T17:44:12.598443,sensor.new_darth_vader_storage,0.56,0.56,"{""Available"": ""1,89 GB"", ""Available (Important)"": ""14,23 GB"", ""Available (Opportunistic)"": ""704,4 MB"", ""Total"": ""126,78 GB"", ""unit_of_measurement"": ""% available"", ""icon"": ""mdi:database"", ""friendly_name"": ""New Darth Vader Storage""}"
2025-07-11T17:44:12.600043,sensor.new_darth_vader_last_update_trigger,Background Fetch,Signaled,"{""icon"": ""mdi:cellphone-wireless"", ""friendly_name"": ""New Darth Vader Last Update Trigger""}"
2025-07-11T17:44:12.685803,sensor.new_darth_vader_storage,0.56,0.56,"{""Available"": ""1,89 GB"", ""Available (Important)"": ""14,23 GB"", ""Available (Opportunistic)"": ""704,5 MB"", ""Total"": ""126,78 GB"", ""unit_of_measurement"": ""% available"", ""icon"": ""mdi:database"", ""friendly_name"": ""New Darth Vader Storage""}"
2025-07-11T17:44:12.687372,sensor.new_darth_vader_last_update_trigger,Signaled,Launch,"{""icon"": ""mdi:cellphone-wireless"", ""friendly_name"": ""New Darth Vader Last Update Trigger""}"
2025-07-11T17:44:15.512620,automation.auto_banheiro,on,on,"{""id"": ""1747870075916"", ""last_triggered"": ""2025-07-11T20:44:15.500705+00:00"", ""mode"": ""single"", ""current"": 1, ""friendly_name"": ""auto-banheiro""}"
2025-07-11T17:44:15.518019,automation.auto_banheiro,on,on,"{""id"": ""1747870075916"", ""last_triggered"": ""2025-07-11T20:44:15.500705+00:00"", ""mode"": ""single"", ""current"": 0, ""friendly_name"": ""auto-banheiro""}"
2025-07-11T17:44:20.505741,automation.auto_banheiro,on,on,"{""id"": ""1747870075916"", ""last_triggered"": ""2025-07-11T20:44:20.500850+00:00"", ""mode"": ""single"", ""current"": 1, ""friendly_name"": ""auto-banheiro""}"
2025-07-11T17:44:20.507540,automation.auto_banheiro,on,on,"{""id"": ""1747870075916"", ""last_triggered"": ""2025-07-11T20:44:20.500850+00:00"", ""mode"": ""single"", ""current"": 0, ""friendly_name"": ""auto-banheiro""}"
2025-07-11T17:44:24.978414,camera.192_168_0_33,idle,idle,"{""access_token"": ""1561048b6ae64d24c6056e0ab9964fd78f91bda5fa103629cdd4b4deba5e73b8"", ""entity_picture"": ""/api/camera_proxy/camera.192_168_0_33?token=1561048b6ae64d24c6056e0ab9964fd78f91bda5fa103629cdd4b4deba5e73b8"", ""friendly_name"": ""192_168_0_14"", ""supported_features"": 2}"
2025-07-11T17:44:24.980535,camera.admin_mainstream,idle,idle,"{""access_token"": ""5419483f336c381390be80d47e1d10a1256a08e6ab719bca508dff42868135d"", ""entity_picture"": ""/api/camera_proxy/camera.admin_mainstream?token=5419483f336c381390be80d47e1d10a1256a08e6ab719bca508dff42868135d"", ""friendly_name"": ""admin MainStream"", ""supported_features"": 2}"
2025-07-11T17:44:24.982526,camera.admin_substream,idle,idle,"{""access_token"": ""e669e06998a66374bae04d7263e0776b54113738441f8e8b47830da73bfcf6d3"", ""entity_picture"": ""/api/camera_proxy/camera.admin_substream?token=e669e06998a66374bae04d7263e0776b54113738441f8e8b47830da73bfcf6d3"", ""friendly_name"": ""admin SubStream"", ""supported_features"": 2}"
2025-07-11T17:44:25.505121,automation.auto_banheiro,on,on,"{""id"": ""1747870075916"", ""last_triggered"": ""2025-07-11T20:44:25.500223+00:00"", ""mode"": ""single"", ""current"": 1, ""friendly_name"": ""auto-banheiro""}"
2025-07-11T17:44:25.506707,automation.auto_banheiro,on,on,"{""id"": ""1747870075916"", ""last_triggered"": ""2025-07-11T20:44:25.500223+00:00"", ""mode"": ""single"", ""current"": 0, ""friendly_name"": ""auto-banheiro""}"
2025-07-11T17:44:30.511962,automation.auto_banheiro,on,on,"{""id"": ""1747870075916"", ""last_triggered"": ""2025-07-11T20:44:30.501415+00:00"", ""mode"": ""single"", ""current"": 1, ""friendly_name"": ""auto-banheiro""}"
2025-07-11T17:44:30.515478,automation.auto_banheiro,on,on,"{""id"": ""1747870075916"", ""last_triggered"": ""2025-07-11T20:44:30.501415+00:00"", ""mode"": ""single"", ""current"": 0, ""friendly_name"": ""auto-banheiro""}"
2025-07-11T17:44:35.505696,automation.auto_banheiro,on,on,"{""id"": ""1747870075916"", ""last_triggered"": ""2025-07-11T20:44:35.500866+00:00"", ""mode"": ""single"", ""current"": 1, ""friendly_name"": ""auto-banheiro""}"
2025-07-11T17:44:35.507790,automation.auto_banheiro,on,on,"{""id"": ""1747870075916"", ""last_triggered"": ""2025-07-11T20:44:35.500866+00:00"", ""mode"": ""single"", ""current"": 0, ""friendly_name"": ""auto-banheiro""}"
2025-07-11T17:44:37.620149,sensor.arris_tg1692a_router_download_speed,0.0139375149811586,0.0156960919168433,"{""state_class"": ""measurement"", ""unit_of_measurement"": ""Mbit/s"", ""device_class"": ""data_rate"", ""friendly_name"": ""ARRIS TG1692A Router Download speed""}"
2025-07-11T17:44:37.622178,sensor.arris_tg1692a_router_upload_speed,0.0461367852322767,0.0141499757969361,"{""state_class"": ""measurement"", ""unit_of_measurement"": ""Mbit/s"", ""device_class"": ""data_rate"", ""friendly_name"": ""ARRIS TG1692A Router Upload speed""}"
2025-07-11T17:44:40.505012,automation.auto_banheiro,on,on,"{""id"": ""1747870075916"", ""last_triggered"": ""2025-07-11T20:44:40.499946+00:00"", ""mode"": ""single"", ""current"": 1, ""friendly_name"": ""auto-banheiro""}"
2025-07-11T17:44:40.506704,automation.auto_banheiro,on,on,"{""id"": ""1747870075916"", ""last_triggered"": ""2025-07-11T20:44:40.499946+00:00"", ""mode"": ""single"", ""current"": 0, ""friendly_name"": ""auto-banheiro""}"
2025-07-11T17:44:45.506967,automation.auto_banheiro,on,on,"{""id"": ""1747870075916"", ""last_triggered"": ""2025-07-11T20:44:45.500917+00:00"", ""mode"": ""single"", ""current"": 1, ""friendly_name"": ""auto-banheiro""}"
2025-07-11T17:44:45.508610,automation.auto_banheiro,on,on,"{""id"": ""1747870075916"", ""last_triggered"": ""2025-07-11T20:44:45.500917+00:00"", ""mode"": ""single"", ""current"": 0, ""friendly_name"": ""auto-banheiro""}"
2025-07-11T17:44:50.516886,automation.auto_banheiro,on,on,"{""id"": ""1747870075916"", ""last_triggered"": ""2025-07-11T20:44:50.501002+00:00"", ""mode"": ""single"", ""current"": 1, ""friendly_name"": ""auto-banheiro""}"
2025-07-11T17:44:50.520940,automation.auto_banheiro,on,on,"{""id"": ""1747870075916"", ""last_triggered"": ""2025-07-11T20:44:50.501002+00:00"", ""mode"": ""single"", ""current"": 0, ""friendly_name"": ""auto-banheiro""}"
2025-07-11T17:44:55.504812,automation.auto_banheiro,on,on,"{""id"": ""1747870075916"", ""last_triggered"": ""2025-07-11T20:44:55.499970+00:00"", ""mode"": ""single"", ""current"": 1, ""friendly_name"": ""auto-banheiro""}"
2025-07-11T17:44:55.506357,automation.auto_banheiro,on,on,"{""id"": ""1747870075916"", ""last_triggered"": ""2025-07-11T20:44:55.499970+00:00"", ""mode"": ""single"", ""current"": 0, ""friendly_name"": ""auto-banheiro""}"
2025-07-11T17:45:00.505822,automation.auto_banheiro,on,on,"{""id"": ""1747870075916"", ""last_triggered"": ""2025-07-11T20:45:00.500182+00:00"", ""mode"": ""single"", ""current"": 1, ""friendly_name"": ""auto-banheiro""}"
2025-07-11T17:45:00.507660,automation.auto_banheiro,on,on,"{""id"": ""1747870075916"", ""last_triggered"": ""2025-07-11T20:45:00.500182+00:00"", ""mode"": ""single"", ""current"": 0, ""friendly_name"": ""auto-banheiro""}"
2025-07-11T17:45:05.384257,sun.sun,below_horizon,below_horizon,"{""next_dawn"": ""2025-07-12T08:34:18.375179+00:00"", ""next_dusk"": ""2025-07-12T20:45:20.313231+00:00"", ""next_midnight"": ""2025-07-12T02:39:47+00:00"", ""next_noon"": ""2025-07-12T14:39:42+00:00"", ""next_rising"": ""2025-07-12T08:57:34.507646+00:00"", ""next_setting"": ""2025-07-12T20:22:04.562792+00:00"", ""elevation"": -6.0, ""azimuth"": 291.21, ""rising"": false, ""friendly_name"": ""Sun""}"
2025-07-11T17:45:05.386111,sensor.sun_next_dusk,2025-07-11T20:45:05+00:00,2025-07-12T20:45:20+00:00,"{""device_class"": ""timestamp"", ""friendly_name"": ""Sun Next dusk""}"
2025-07-11T17:45:05.506355,automation.auto_banheiro,on,on,"{""id"": ""1747870075916"", ""last_triggered"": ""2025-07-11T20:45:05.500688+00:00"", ""mode"": ""single"", ""current"": 1, ""friendly_name"": ""auto-banheiro""}"
2025-07-11T17:45:05.508269,automation.auto_banheiro,on,on,"{""id"": ""1747870075916"", ""last_triggered"": ""2025-07-11T20:45:05.500688+00:00"", ""mode"": ""single"", ""current"": 0, ""friendly_name"": ""auto-banheiro""}"
2025-07-11T17:45:07.616693,sensor.arris_tg1692a_router_download_speed,0.0156960919168433,0.0436356363563636,"{""state_class"": ""measurement"", ""unit_of_measurement"": ""Mbit/s"", ""device_class"": ""data_rate"", ""friendly_name"": ""ARRIS TG1692A Router Download speed""}"
2025-07-11T17:45:07.618229,sensor.arris_tg1692a_router_upload_speed,0.0141499757969361,0.0317784511178445,"{""state_class"": ""measurement"", ""unit_of_measurement"": ""Mbit/s"", ""device_class"": ""data_rate"", ""friendly_name"": ""ARRIS TG1692A Router Upload speed""}"
2025-07-11T17:45:10.126060,automation.aut_status_bruno,on,on,"{""id"": ""1751855857509"", ""last_triggered"": ""2025-07-11T20:45:10.110357+00:00"", ""mode"": ""single"", ""current"": 1, ""friendly_name"": ""aut-status-bruno""}"
2025-07-11T17:45:10.130508,automation.aut_status_bruno,on,on,"{""id"": ""1751855857509"", ""last_triggered"": ""2025-07-11T20:45:10.110357+00:00"", ""mode"": ""single"", ""current"": 0, ""friendly_name"": ""aut-status-bruno""}"
2025-07-11T17:45:10.264341,automation.aut_lampada_quarto,on,on,"{""id"": ""1746067262247"", ""last_triggered"": ""2025-07-11T20:45:10.255667+00:00"", ""mode"": ""single"", ""current"": 1, ""friendly_name"": ""aut-quarto""}"
2025-07-11T17:45:10.267261,automation.aut_lampada_quarto,on,on,"{""id"": ""1746067262247"", ""last_triggered"": ""2025-07-11T20:45:10.255667+00:00"", ""mode"": ""single"", ""current"": 0, ""friendly_name"": ""aut-quarto""}"
2025-07-11T17:45:10.508046,automation.auto_banheiro,on,on,"{""id"": ""1747870075916"", ""last_triggered"": ""2025-07-11T20:45:10.500778+00:00"", ""mode"": ""single"", ""current"": 1, ""friendly_name"": ""auto-banheiro""}"
2025-07-11T17:45:10.509801,automation.auto_banheiro,on,on,"{""id"": ""1747870075916"", ""last_triggered"": ""2025-07-11T20:45:10.500778+00:00"", ""mode"": ""single"", ""current"": 0, ""friendly_name"": ""auto-banheiro""}"
2025-07-11T17:45:15.505494,automation.auto_banheiro,on,on,"{""id"": ""1747870075916"", ""last_triggered"": ""2025-07-11T20:45:15.500746+00:00"", ""mode"": ""single"", ""current"": 1, ""friendly_name"": ""auto-banheiro""}"
2025-07-11T17:45:15.507266,automation.auto_banheiro,on,on,"{""id"": ""1747870075916"", ""last_triggered"": ""2025-07-11T20:45:15.500746+00:00"", ""mode"": ""single"", ""current"": 0, ""friendly_name"": ""auto-banheiro""}"
2025-07-11T17:45:20.507283,automation.auto_banheiro,on,on,"{""id"": ""1747870075916"", ""last_triggered"": ""2025-07-11T20:45:20.500321+00:00"", ""mode"": ""single"", ""current"": 1, ""friendly_name"": ""auto-banheiro""}"
2025-07-11T17:45:20.509767,automation.auto_banheiro,on,on,"{""id"": ""1747870075916"", ""last_triggered"": ""2025-07-11T20:45:20.500321+00:00"", ""mode"": ""single"", ""current"": 0, ""friendly_name"": ""auto-banheiro""}"
2025-07-11T17:45:25.514451,automation.auto_banheiro,on,on,"{""id"": ""1747870075916"", ""last_triggered"": ""2025-07-11T20:45:25.500891+00:00"", ""mode"": ""single"", ""current"": 1, ""friendly_name"": ""auto-banheiro""}"
2025-07-11T17:45:25.518511,automation.auto_banheiro,on,on,"{""id"": ""1747870075916"", ""last_triggered"": ""2025-07-11T20:45:25.500891+00:00"", ""mode"": ""single"", ""current"": 0, ""friendly_name"": ""auto-banheiro""}"
2025-07-11T17:45:30.504936,automation.auto_banheiro,on,on,"{""id"": ""1747870075916"", ""last_triggered"": ""2025-07-11T20:45:30.500131+00:00"", ""mode"": ""single"", ""current"": 1, ""friendly_name"": ""auto-banheiro""}"
2025-07-11T17:45:30.506602,automation.auto_banheiro,on,on,"{""id"": ""1747870075916"", ""last_triggered"": ""2025-07-11T20:45:30.500131+00:00"", ""mode"": ""single"", ""current"": 0, ""friendly_name"": ""auto-banheiro""}"
2025-07-11T17:45:35.505595,automation.auto_banheiro,on,on,"{""id"": ""1747870075916"", ""last_triggered"": ""2025-07-11T20:45:35.500788+00:00"", ""mode"": ""single"", ""current"": 1, ""friendly_name"": ""auto-banheiro""}"
2025-07-11T17:45:35.507219,automation.auto_banheiro,on,on,"{""id"": ""1747870075916"", ""last_triggered"": ""2025-07-11T20:45:35.500788+00:00"", ""mode"": ""single"", ""current"": 0, ""friendly_name"": ""auto-banheiro""}"
2025-07-11T17:45:37.618172,sensor.arris_tg1692a_router_download_speed,0.0436356363563636,0.240321428390477,"{""state_class"": ""measurement"", ""unit_of_measurement"": ""Mbit/s"", ""device_class"": ""data_rate"", ""friendly_name"": ""ARRIS TG1692A Router Download speed""}"
2025-07-11T17:45:37.619841,sensor.arris_tg1692a_router_upload_speed,0.0317784511178445,0.0768960411049461,"{""state_class"": ""measurement"", ""unit_of_measurement"": ""Mbit/s"", ""device_class"": ""data_rate"", ""friendly_name"": ""ARRIS TG1692A Router Upload speed""}"
2025-07-11T17:45:40.505216,automation.auto_banheiro,on,on,"{""id"": ""1747870075916"", ""last_triggered"": ""2025-07-11T20:45:40.500398+00:00"", ""mode"": ""single"", ""current"": 1, ""friendly_name"": ""auto-banheiro""}"
2025-07-11T17:45:40.507027,automation.auto_banheiro,on,on,"{""id"": ""1747870075916"", ""last_triggered"": ""2025-07-11T20:45:40.500398+00:00"", ""mode"": ""single"", ""current"": 0, ""friendly_name"": ""auto-banheiro""}"
2025-07-11T17:45:45.523941,automation.auto_banheiro,on,on,"{""id"": ""1747870075916"", ""last_triggered"": ""2025-07-11T20:45:45.501207+00:00"", ""mode"": ""single"", ""current"": 1, ""friendly_name"": ""auto-banheiro""}"
2025-07-11T17:45:45.527109,automation.auto_banheiro,on,on,"{""id"": ""1747870075916"", ""last_triggered"": ""2025-07-11T20:45:45.501207+00:00"", ""mode"": ""single"", ""current"": 0, ""friendly_name"": ""auto-banheiro""}"
2025-07-11T17:45:50.504942,automation.auto_banheiro,on,on,"{""id"": ""1747870075916"", ""last_triggered"": ""2025-07-11T20:45:50.499975+00:00"", ""mode"": ""single"", ""current"": 1, ""friendly_name"": ""auto-banheiro""}"
2025-07-11T17:45:50.506520,automation.auto_banheiro,on,on,"{""id"": ""1747870075916"", ""last_triggered"": ""2025-07-11T20:45:50.499975+00:00"", ""mode"": ""single"", ""current"": 0, ""friendly_name"": ""auto-banheiro""}"
2025-07-11T17:45:55.520172,automation.auto_banheiro,on,on,"{""id"": ""1747870075916"", ""last_triggered"": ""2025-07-11T20:45:55.502823+00:00"", ""mode"": ""single"", ""current"": 1, ""friendly_name"": ""auto-banheiro""}"
2025-07-11T17:45:55.524732,automation.auto_banheiro,on,on,"{""id"": ""1747870075916"", ""last_triggered"": ""2025-07-11T20:45:55.502823+00:00"", ""mode"": ""single"", ""current"": 0, ""friendly_name"": ""auto-banheiro""}"
2025-07-11T17:46:00.505355,automation.auto_banheiro,on,on,"{""id"": ""1747870075916"", ""last_triggered"": ""2025-07-11T20:46:00.500625+00:00"", ""mode"": ""single"", ""current"": 1, ""friendly_name"": ""auto-banheiro""}"
2025-07-11T17:46:00.506910,automation.auto_banheiro,on,on,"{""id"": ""1747870075916"", ""last_triggered"": ""2025-07-11T20:46:00.500625+00:00"", ""mode"": ""single"", ""current"": 0, ""friendly_name"": ""auto-banheiro""}"
2025-07-11T17:46:05.505585,automation.auto_banheiro,on,on,"{""id"": ""1747870075916"", ""last_triggered"": ""2025-07-11T20:46:05.500709+00:00"", ""mode"": ""single"", ""current"": 1, ""friendly_name"": ""auto-banheiro""}"
2025-07-11T17:46:05.507320,automation.auto_banheiro,on,on,"{""id"": ""1747870075916"", ""last_triggered"": ""2025-07-11T20:46:05.500709+00:00"", ""mode"": ""single"", ""current"": 0, ""friendly_name"": ""auto-banheiro""}"
2025-07-11T17:46:07.616716,sensor.arris_tg1692a_router_download_speed,0.240321428390477,0.0246154223593153,"{""state_class"": ""measurement"", ""unit_of_measurement"": ""Mbit/s"", ""device_class"": ""data_rate"", ""friendly_name"": ""ARRIS TG1692A Router Download speed""}"
2025-07-11T17:46:07.618995,sensor.arris_tg1692a_router_upload_speed,0.0768960411049461,0.0235591461509536,"{""state_class"": ""measurement"", ""unit_of_measurement"": ""Mbit/s"", ""device_class"": ""data_rate"", ""friendly_name"": ""ARRIS TG1692A Router Upload speed""}"
2025-07-11T17:46:10.116962,automation.aut_status_bruno,on,on,"{""id"": ""1751855857509"", ""last_triggered"": ""2025-07-11T20:46:10.109045+00:00"", ""mode"": ""single"", ""current"": 1, ""friendly_name"": ""aut-status-bruno""}"
2025-07-11T17:46:10.119273,automation.aut_status_bruno,on,on,"{""id"": ""1751855857509"", ""last_triggered"": ""2025-07-11T20:46:10.109045+00:00"", ""mode"": ""single"", ""current"": 0, ""friendly_name"": ""aut-status-bruno""}"
2025-07-11T17:46:10.258978,automation.aut_lampada_quarto,on,on,"{""id"": ""1746067262247"", ""last_triggered"": ""2025-07-11T20:46:10.254827+00:00"", ""mode"": ""single"", ""current"": 1, ""friendly_name"": ""aut-quarto""}"
2025-07-11T17:46:10.260579,automation.aut_lampada_quarto,on,on,"{""id"": ""1746067262247"", ""last_triggered"": ""2025-07-11T20:46:10.254827+00:00"", ""mode"": ""single"", ""current"": 0, ""friendly_name"": ""aut-quarto""}"
2025-07-11T17:46:10.504829,automation.auto_banheiro,on,on,"{""id"": ""1747870075916"", ""last_triggered"": ""2025-07-11T20:46:10.500084+00:00"", ""mode"": ""single"", ""current"": 1, ""friendly_name"": ""auto-banheiro""}"
2025-07-11T17:46:10.506556,automation.auto_banheiro,on,on,"{""id"": ""1747870075916"", ""last_triggered"": ""2025-07-11T20:46:10.500084+00:00"", ""mode"": ""single"", ""current"": 0, ""friendly_name"": ""auto-banheiro""}"
2025-07-11T17:46:15.512570,automation.auto_banheiro,on,on,"{""id"": ""1747870075916"", ""last_triggered"": ""2025-07-11T20:46:15.500752+00:00"", ""mode"": ""single"", ""current"": 1, ""friendly_name"": ""auto-banheiro""}"
2025-07-11T17:46:15.517061,automation.auto_banheiro,on,on,"{""id"": ""1747870075916"", ""last_triggered"": ""2025-07-11T20:46:15.500752+00:00"", ""mode"": ""single"", ""current"": 0, ""friendly_name"": ""auto-banheiro""}"
2025-07-11T17:46:20.516125,automation.auto_banheiro,on,on,"{""id"": ""1747870075916"", ""last_triggered"": ""2025-07-11T20:46:20.502345+00:00"", ""mode"": ""single"", ""current"": 1, ""friendly_name"": ""auto-banheiro""}"
2025-07-11T17:46:20.520260,automation.auto_banheiro,on,on,"{""id"": ""1747870075916"", ""last_triggered"": ""2025-07-11T20:46:20.502345+00:00"", ""mode"": ""single"", ""current"": 0, ""friendly_name"": ""auto-banheiro""}"
2025-07-11T17:46:25.510454,automation.auto_banheiro,on,on,"{""id"": ""1747870075916"", ""last_triggered"": ""2025-07-11T20:46:25.500037+00:00"", ""mode"": ""single"", ""current"": 1, ""friendly_name"": ""auto-banheiro""}"
2025-07-11T17:46:25.512067,automation.auto_banheiro,on,on,"{""id"": ""1747870075916"", ""last_triggered"": ""2025-07-11T20:46:25.500037+00:00"", ""mode"": ""single"", ""current"": 0, ""friendly_name"": ""auto-banheiro""}"
2025-07-11T17:46:30.505078,automation.auto_banheiro,on,on,"{""id"": ""1747870075916"", ""last_triggered"": ""2025-07-11T20:46:30.500277+00:00"", ""mode"": ""single"", ""current"": 1, ""friendly_name"": ""auto-banheiro""}"
2025-07-11T17:46:30.506753,automation.auto_banheiro,on,on,"{""id"": ""1747870075916"", ""last_triggered"": ""2025-07-11T20:46:30.500277+00:00"", ""mode"": ""single"", ""current"": 0, ""friendly_name"": ""auto-banheiro""}"
2025-07-11T17:46:35.514971,automation.auto_banheiro,on,on,"{""id"": ""1747870075916"", ""last_triggered"": ""2025-07-11T20:46:35.501491+00:00"", ""mode"": ""single"", ""current"": 1, ""friendly_name"": ""auto-banheiro""}"
2025-07-11T17:46:35.518880,automation.auto_banheiro,on,on,"{""id"": ""1747870075916"", ""last_triggered"": ""2025-07-11T20:46:35.501491+00:00"", ""mode"": ""single"", ""current"": 0, ""friendly_name"": ""auto-banheiro""}"
2025-07-11T17:46:37.615563,sensor.arris_tg1692a_router_download_speed,0.0246154223593153,0.0442531300961531,"{""state_class"": ""measurement"", ""unit_of_measurement"": ""Mbit/s"", ""device_class"": ""data_rate"", ""friendly_name"": ""ARRIS TG1692A Router Download speed""}"
2025-07-11T17:46:37.617505,sensor.arris_tg1692a_router_upload_speed,0.0235591461509536,0.0370064530425827,"{""state_class"": ""measurement"", ""unit_of_measurement"": ""Mbit/s"", ""device_class"": ""data_rate"", ""friendly_name"": ""ARRIS TG1692A Router Upload speed""}"
2025-07-11T17:46:40.505626,automation.auto_banheiro,on,on,"{""id"": ""1747870075916"", ""last_triggered"": ""2025-07-11T20:46:40.500428+00:00"", ""mode"": ""single"", ""current"": 1, ""friendly_name"": ""auto-banheiro""}"
2025-07-11T17:46:40.508074,automation.auto_banheiro,on,on,"{""id"": ""1747870075916"", ""last_triggered"": ""2025-07-11T20:46:40.500428+00:00"", ""mode"": ""single"", ""current"": 0, ""friendly_name"": ""auto-banheiro""}"
2025-07-11T17:46:45.505494,automation.auto_banheiro,on,on,"{""id"": ""1747870075916"", ""last_triggered"": ""2025-07-11T20:46:45.500605+00:00"", ""mode"": ""single"", ""current"": 1, ""friendly_name"": ""auto-banheiro""}"
2025-07-11T17:46:45.507150,automation.auto_banheiro,on,on,"{""id"": ""1747870075916"", ""last_triggered"": ""2025-07-11T20:46:45.500605+00:00"", ""mode"": ""single"", ""current"": 0, ""friendly_name"": ""auto-banheiro""}"
2025-07-11T17:46:50.504935,automation.auto_banheiro,on,on,"{""id"": ""1747870075916"", ""last_triggered"": ""2025-07-11T20:46:50.500102+00:00"", ""mode"": ""single"", ""current"": 1, ""friendly_name"": ""auto-banheiro""}"
2025-07-11T17:46:50.506549,automation.auto_banheiro,on,on,"{""id"": ""1747870075916"", ""last_triggered"": ""2025-07-11T20:46:50.500102+00:00"", ""mode"": ""single"", ""current"": 0, ""friendly_name"": ""auto-banheiro""}"
2025-07-11T17:46:55.506039,automation.auto_banheiro,on,on,"{""id"": ""1747870075916"", ""last_triggered"": ""2025-07-11T20:46:55.500070+00:00"", ""mode"": ""single"", ""current"": 1, ""friendly_name"": ""auto-banheiro""}"
2025-07-11T17:46:55.507677,automation.auto_banheiro,on,on,"{""id"": ""1747870075916"", ""last_triggered"": ""2025-07-11T20:46:55.500070+00:00"", ""mode"": ""single"", ""current"": 0, ""friendly_name"": ""auto-banheiro""}"
2025-07-11T17:47:00.505988,automation.auto_banheiro,on,on,"{""id"": ""1747870075916"", ""last_triggered"": ""2025-07-11T20:47:00.500857+00:00"", ""mode"": ""single"", ""current"": 1, ""friendly_name"": ""auto-banheiro""}"
2025-07-11T17:47:00.507966,automation.auto_banheiro,on,on,"{""id"": ""1747870075916"", ""last_triggered"": ""2025-07-11T20:47:00.500857+00:00"", ""mode"": ""single"", ""current"": 0, ""friendly_name"": ""auto-banheiro""}"
2025-07-11T17:47:05.505342,automation.auto_banheiro,on,on,"{""id"": ""1747870075916"", ""last_triggered"": ""2025-07-11T20:47:05.500334+00:00"", ""mode"": ""single"", ""current"": 1, ""friendly_name"": ""auto-banheiro""}"
2025-07-11T17:47:05.517340,automation.auto_banheiro,on,on,"{""id"": ""1747870075916"", ""last_triggered"": ""2025-07-11T20:47:05.500334+00:00"", ""mode"": ""single"", ""current"": 0, ""friendly_name"": ""auto-banheiro""}"
2025-07-11T17:47:07.658593,sensor.arris_tg1692a_router_download_speed,0.0442531300961531,0.156197841318942,"{""state_class"": ""measurement"", ""unit_of_measurement"": ""Mbit/s"", ""device_class"": ""data_rate"", ""friendly_name"": ""ARRIS TG1692A Router Download speed""}"
2025-07-11T17:47:07.660341,sensor.arris_tg1692a_router_upload_speed,0.0370064530425827,0.126214174761165,"{""state_class"": ""measurement"", ""unit_of_measurement"": ""Mbit/s"", ""device_class"": ""data_rate"", ""friendly_name"": ""ARRIS TG1692A Router Upload speed""}"
2025-07-11T17:47:10.127197,automation.aut_status_bruno,on,on,"{""id"": ""1751855857509"", ""last_triggered"": ""2025-07-11T20:47:10.108236+00:00"", ""mode"": ""single"", ""current"": 1, ""friendly_name"": ""aut-status-bruno""}"
2025-07-11T17:47:10.130873,automation.aut_status_bruno,on,on,"{""id"": ""1751855857509"", ""last_triggered"": ""2025-07-11T20:47:10.108236+00:00"", ""mode"": ""single"", ""current"": 0, ""friendly_name"": ""aut-status-bruno""}"
2025-07-11T17:47:10.262700,automation.aut_lampada_quarto,on,on,"{""id"": ""1746067262247"", ""last_triggered"": ""2025-07-11T20:47:10.255418+00:00"", ""mode"": ""single"", ""current"": 1, ""friendly_name"": ""aut-quarto""}"
2025-07-11T17:47:10.312338,automation.aut_lampada_quarto,on,on,"{""id"": ""1746067262247"", ""last_triggered"": ""2025-07-11T20:47:10.255418+00:00"", ""mode"": ""single"", ""current"": 0, ""friendly_name"": ""aut-quarto""}"
2025-07-11T17:47:10.513938,automation.auto_banheiro,on,on,"{""id"": ""1747870075916"", ""last_triggered"": ""2025-07-11T20:47:10.500927+00:00"", ""mode"": ""single"", ""current"": 1, ""friendly_name"": ""auto-banheiro""}"
2025-07-11T17:47:10.517404,automation.auto_banheiro,on,on,"{""id"": ""1747870075916"", ""last_triggered"": ""2025-07-11T20:47:10.500927+00:00"", ""mode"": ""single"", ""current"": 0, ""friendly_name"": ""auto-banheiro""}"
2025-07-11T17:47:15.505531,automation.auto_banheiro,on,on,"{""id"": ""1747870075916"", ""last_triggered"": ""2025-07-11T20:47:15.500756+00:00"", ""mode"": ""single"", ""current"": 1, ""friendly_name"": ""auto-banheiro""}"
2025-07-11T17:47:15.507212,automation.auto_banheiro,on,on,"{""id"": ""1747870075916"", ""last_triggered"": ""2025-07-11T20:47:15.500756+00:00"", ""mode"": ""single"", ""current"": 0, ""friendly_name"": ""auto-banheiro""}"
2025-07-11T17:47:20.506372,automation.auto_banheiro,on,on,"{""id"": ""1747870075916"", ""last_triggered"": ""2025-07-11T20:47:20.500449+00:00"", ""mode"": ""single"", ""current"": 1, ""friendly_name"": ""auto-banheiro""}"
2025-07-11T17:47:20.508584,automation.auto_banheiro,on,on,"{""id"": ""1747870075916"", ""last_triggered"": ""2025-07-11T20:47:20.500449+00:00"", ""mode"": ""single"", ""current"": 0, ""friendly_name"": ""auto-banheiro""}"
2025-07-11T17:47:25.505395,automation.auto_banheiro,on,on,"{""id"": ""1747870075916"", ""last_triggered"": ""2025-07-11T20:47:25.500507+00:00"", ""mode"": ""single"", ""current"": 1, ""friendly_name"": ""auto-banheiro""}"
2025-07-11T17:47:25.507924,automation.auto_banheiro,on,on,"{""id"": ""1747870075916"", ""last_triggered"": ""2025-07-11T20:47:25.500507+00:00"", ""mode"": ""single"", ""current"": 0, ""friendly_name"": ""auto-banheiro""}"
2025-07-11T17:47:30.515352,automation.auto_banheiro,on,on,"{""id"": ""1747870075916"", ""last_triggered"": ""2025-07-11T20:47:30.501249+00:00"", ""mode"": ""single"", ""current"": 1, ""friendly_name"": ""auto-banheiro""}"
2025-07-11T17:47:30.520330,automation.auto_banheiro,on,on,"{""id"": ""1747870075916"", ""last_triggered"": ""2025-07-11T20:47:30.501249+00:00"", ""mode"": ""single"", ""current"": 0, ""friendly_name"": ""auto-banheiro""}"
2025-07-11T17:47:35.506898,automation.auto_banheiro,on,on,"{""id"": ""1747870075916"", ""last_triggered"": ""2025-07-11T20:47:35.501151+00:00"", ""mode"": ""single"", ""current"": 1, ""friendly_name"": ""auto-banheiro""}"
2025-07-11T17:47:35.508725,automation.auto_banheiro,on,on,"{""id"": ""1747870075916"", ""last_triggered"": ""2025-07-11T20:47:35.501151+00:00"", ""mode"": ""single"", ""current"": 0, ""friendly_name"": ""auto-banheiro""}"
2025-07-11T17:47:37.670129,sensor.arris_tg1692a_router_download_speed,0.156197841318942,0.0277424188343917,"{""state_class"": ""measurement"", ""unit_of_measurement"": ""Mbit/s"", ""device_class"": ""data_rate"", ""friendly_name"": ""ARRIS TG1692A Router Download speed""}"
2025-07-11T17:47:37.672153,sensor.arris_tg1692a_router_upload_speed,0.126214174761165,0.0592954702937987,"{""state_class"": ""measurement"", ""unit_of_measurement"": ""Mbit/s"", ""device_class"": ""data_rate"", ""friendly_name"": ""ARRIS TG1692A Router Upload speed""}"
2025-07-11T17:47:40.505297,automation.auto_banheiro,on,on,"{""id"": ""1747870075916"", ""last_triggered"": ""2025-07-11T20:47:40.500505+00:00"", ""mode"": ""single"", ""current"": 1, ""friendly_name"": ""auto-banheiro""}"
2025-07-11T17:47:40.506891,automation.auto_banheiro,on,on,"{""id"": ""1747870075916"", ""last_triggered"": ""2025-07-11T20:47:40.500505+00:00"", ""mode"": ""single"", ""current"": 0, ""friendly_name"": ""auto-banheiro""}"
2025-07-11T17:47:45.504928,automation.auto_banheiro,on,on,"{""id"": ""1747870075916"", ""last_triggered"": ""2025-07-11T20:47:45.500062+00:00"", ""mode"": ""single"", ""current"": 1, ""friendly_name"": ""auto-banheiro""}"
2025-07-11T17:47:45.506590,automation.auto_banheiro,on,on,"{""id"": ""1747870075916"", ""last_triggered"": ""2025-07-11T20:47:45.500062+00:00"", ""mode"": ""single"", ""current"": 0, ""friendly_name"": ""auto-banheiro""}"
2025-07-11T17:47:50.505992,automation.auto_banheiro,on,on,"{""id"": ""1747870075916"", ""last_triggered"": ""2025-07-11T20:47:50.500508+00:00"", ""mode"": ""single"", ""current"": 1, ""friendly_name"": ""auto-banheiro""}"
2025-07-11T17:47:50.507762,automation.auto_banheiro,on,on,"{""id"": ""1747870075916"", ""last_triggered"": ""2025-07-11T20:47:50.500508+00:00"", ""mode"": ""single"", ""current"": 0, ""friendly_name"": ""auto-banheiro""}"
2025-07-11T17:47:55.513848,automation.auto_banheiro,on,on,"{""id"": ""1747870075916"", ""last_triggered"": ""2025-07-11T20:47:55.499900+00:00"", ""mode"": ""single"", ""current"": 1, ""friendly_name"": ""auto-banheiro""}"
2025-07-11T17:47:55.516178,automation.auto_banheiro,on,on,"{""id"": ""1747870075916"", ""last_triggered"": ""2025-07-11T20:47:55.499900+00:00"", ""mode"": ""single"", ""current"": 0, ""friendly_name"": ""auto-banheiro""}"
2025-07-11T17:48:00.505292,automation.auto_banheiro,on,on,"{""id"": ""1747870075916"", ""last_triggered"": ""2025-07-11T20:48:00.500128+00:00"", ""mode"": ""single"", ""current"": 1, ""friendly_name"": ""auto-banheiro""}"
2025-07-11T17:48:00.507256,automation.auto_banheiro,on,on,"{""id"": ""1747870075916"", ""last_triggered"": ""2025-07-11T20:48:00.500128+00:00"", ""mode"": ""single"", ""current"": 0, ""friendly_name"": ""auto-banheiro""}"
2025-07-11T17:48:05.521282,automation.auto_banheiro,on,on,"{""id"": ""1747870075916"", ""last_triggered"": ""2025-07-11T20:48:05.501555+00:00"", ""mode"": ""single"", ""current"": 1, ""friendly_name"": ""auto-banheiro""}"
2025-07-11T17:48:05.524178,automation.auto_banheiro,on,on,"{""id"": ""1747870075916"", ""last_triggered"": ""2025-07-11T20:48:05.501555+00:00"", ""mode"": ""single"", ""current"": 0, ""friendly_name"": ""auto-banheiro""}"
2025-07-11T17:48:07.669536,sensor.arris_tg1692a_router_download_speed,0.0277424188343917,0.0183090636151561,"{""state_class"": ""measurement"", ""unit_of_measurement"": ""Mbit/s"", ""device_class"": ""data_rate"", ""friendly_name"": ""ARRIS TG1692A Router Download speed""}"
2025-07-11T17:48:07.673252,sensor.arris_tg1692a_router_upload_speed,0.0592954702937987,0.015383464102756,"{""state_class"": ""measurement"", ""unit_of_measurement"": ""Mbit/s"", ""device_class"": ""data_rate"", ""friendly_name"": ""ARRIS TG1692A Router Upload speed""}"
2025-07-11T17:48:10.115822,automation.aut_status_bruno,on,on,"{""id"": ""1751855857509"", ""last_triggered"": ""2025-07-11T20:48:10.108461+00:00"", ""mode"": ""single"", ""current"": 1, ""friendly_name"": ""aut-status-bruno""}"
2025-07-11T17:48:10.118490,automation.aut_status_bruno,on,on,"{""id"": ""1751855857509"", ""last_triggered"": ""2025-07-11T20:48:10.108461+00:00"", ""mode"": ""single"", ""current"": 0, ""friendly_name"": ""aut-status-bruno""}"
2025-07-11T17:48:10.259772,automation.aut_lampada_quarto,on,on,"{""id"": ""1746067262247"", ""last_triggered"": ""2025-07-11T20:48:10.255240+00:00"", ""mode"": ""single"", ""current"": 1, ""friendly_name"": ""aut-quarto""}"
2025-07-11T17:48:10.261562,automation.aut_lampada_quarto,on,on,"{""id"": ""1746067262247"", ""last_triggered"": ""2025-07-11T20:48:10.255240+00:00"", ""mode"": ""single"", ""current"": 0, ""friendly_name"": ""aut-quarto""}"
2025-07-11T17:48:10.504795,automation.auto_banheiro,on,on,"{""id"": ""1747870075916"", ""last_triggered"": ""2025-07-11T20:48:10.499969+00:00"", ""mode"": ""single"", ""current"": 1, ""friendly_name"": ""auto-banheiro""}"
2025-07-11T17:48:10.506480,automation.auto_banheiro,on,on,"{""id"": ""1747870075916"", ""last_triggered"": ""2025-07-11T20:48:10.499969+00:00"", ""mode"": ""single"", ""current"": 0, ""friendly_name"": ""auto-banheiro""}"
2025-07-11T17:48:15.505605,automation.auto_banheiro,on,on,"{""id"": ""1747870075916"", ""last_triggered"": ""2025-07-11T20:48:15.500766+00:00"", ""mode"": ""single"", ""current"": 1, ""friendly_name"": ""auto-banheiro""}"
2025-07-11T17:48:15.507336,automation.auto_banheiro,on,on,"{""id"": ""1747870075916"", ""last_triggered"": ""2025-07-11T20:48:15.500766+00:00"", ""mode"": ""single"", ""current"": 0, ""friendly_name"": ""auto-banheiro""}"
2025-07-11T17:48:20.511943,automation.auto_banheiro,on,on,"{""id"": ""1747870075916"", ""last_triggered"": ""2025-07-11T20:48:20.501137+00:00"", ""mode"": ""single"", ""current"": 1, ""friendly_name"": ""auto-banheiro""}"
2025-07-11T17:48:20.517601,automation.auto_banheiro,on,on,"{""id"": ""1747870075916"", ""last_triggered"": ""2025-07-11T20:48:20.501137+00:00"", ""mode"": ""single"", ""current"": 0, ""friendly_name"": ""auto-banheiro""}"
2025-07-11T17:48:25.504664,automation.auto_banheiro,on,on,"{""id"": ""1747870075916"", ""last_triggered"": ""2025-07-11T20:48:25.499964+00:00"", ""mode"": ""single"", ""current"": 1, ""friendly_name"": ""auto-banheiro""}"
2025-07-11T17:48:25.506400,automation.auto_banheiro,on,on,"{""id"": ""1747870075916"", ""last_triggered"": ""2025-07-11T20:48:25.499964+00:00"", ""mode"": ""single"", ""current"": 0, ""friendly_name"": ""auto-banheiro""}"
2025-07-11T17:48:30.505682,automation.auto_banheiro,on,on,"{""id"": ""1747870075916"", ""last_triggered"": ""2025-07-11T20:48:30.500618+00:00"", ""mode"": ""single"", ""current"": 1, ""friendly_name"": ""auto-banheiro""}"
2025-07-11T17:48:30.507727,automation.auto_banheiro,on,on,"{""id"": ""1747870075916"", ""last_triggered"": ""2025-07-11T20:48:30.500618+00:00"", ""mode"": ""single"", ""current"": 0, ""friendly_name"": ""auto-banheiro""}"
2025-07-11T17:48:35.506437,automation.auto_banheiro,on,on,"{""id"": ""1747870075916"", ""last_triggered"": ""2025-07-11T20:48:35.500626+00:00"", ""mode"": ""single"", ""current"": 1, ""friendly_name"": ""auto-banheiro""}"
2025-07-11T17:48:35.515087,automation.auto_banheiro,on,on,"{""id"": ""1747870075916"", ""last_triggered"": ""2025-07-11T20:48:35.500626+00:00"", ""mode"": ""single"", ""current"": 0, ""friendly_name"": ""auto-banheiro""}"
2025-07-11T17:48:37.621653,sensor.arris_tg1692a_router_download_speed,0.0183090636151561,0.0101736016956003,"{""state_class"": ""measurement"", ""unit_of_measurement"": ""Mbit/s"", ""device_class"": ""data_rate"", ""friendly_name"": ""ARRIS TG1692A Router Download speed""}"
2025-07-11T17:48:37.626048,sensor.arris_tg1692a_router_upload_speed,0.015383464102756,0.0105288017548003,"{""state_class"": ""measurement"", ""unit_of_measurement"": ""Mbit/s"", ""device_class"": ""data_rate"", ""friendly_name"": ""ARRIS TG1692A Router Upload speed""}"
2025-07-11T17:48:40.513359,automation.auto_banheiro,on,on,"{""id"": ""1747870075916"", ""last_triggered"": ""2025-07-11T20:48:40.500238+00:00"", ""mode"": ""single"", ""current"": 1, ""friendly_name"": ""auto-banheiro""}"
2025-07-11T17:48:40.515775,automation.auto_banheiro,on,on,"{""id"": ""1747870075916"", ""last_triggered"": ""2025-07-11T20:48:40.500238+00:00"", ""mode"": ""single"", ""current"": 0, ""friendly_name"": ""auto-banheiro""}"
2025-07-11T17:48:45.504707,automation.auto_banheiro,on,on,"{""id"": ""1747870075916"", ""last_triggered"": ""2025-07-11T20:48:45.499915+00:00"", ""mode"": ""single"", ""current"": 1, ""friendly_name"": ""auto-banheiro""}"
2025-07-11T17:48:45.506418,automation.auto_banheiro,on,on,"{""id"": ""1747870075916"", ""last_triggered"": ""2025-07-11T20:48:45.499915+00:00"", ""mode"": ""single"", ""current"": 0, ""friendly_name"": ""auto-banheiro""}"
2025-07-11T17:48:50.505065,automation.auto_banheiro,on,on,"{""id"": ""1747870075916"", ""last_triggered"": ""2025-07-11T20:48:50.500267+00:00"", ""mode"": ""single"", ""current"": 1, ""friendly_name"": ""auto-banheiro""}"
2025-07-11T17:48:50.506713,automation.auto_banheiro,on,on,"{""id"": ""1747870075916"", ""last_triggered"": ""2025-07-11T20:48:50.500267+00:00"", ""mode"": ""single"", ""current"": 0, ""friendly_name"": ""auto-banheiro""}"
2025-07-11T17:48:55.505256,automation.auto_banheiro,on,on,"{""id"": ""1747870075916"", ""last_triggered"": ""2025-07-11T20:48:55.500426+00:00"", ""mode"": ""single"", ""current"": 1, ""friendly_name"": ""auto-banheiro""}"
2025-07-11T17:48:55.506917,automation.auto_banheiro,on,on,"{""id"": ""1747870075916"", ""last_triggered"": ""2025-07-11T20:48:55.500426+00:00"", ""mode"": ""single"", ""current"": 0, ""friendly_name"": ""auto-banheiro""}"
2025-07-11T17:49:00.507194,automation.auto_banheiro,on,on,"{""id"": ""1747870075916"", ""last_triggered"": ""2025-07-11T20:49:00.500963+00:00"", ""mode"": ""single"", ""current"": 1, ""friendly_name"": ""auto-banheiro""}"
2025-07-11T17:49:00.509163,automation.auto_banheiro,on,on,"{""id"": ""1747870075916"", ""last_triggered"": ""2025-07-11T20:49:00.500963+00:00"", ""mode"": ""single"", ""current"": 0, ""friendly_name"": ""auto-banheiro""}"
2025-07-11T17:49:05.387046,sun.sun,below_horizon,below_horizon,"{""next_dawn"": ""2025-07-12T08:34:18.375179+00:00"", ""next_dusk"": ""2025-07-12T20:45:20.313231+00:00"", ""next_midnight"": ""2025-07-12T02:39:47+00:00"", ""next_noon"": ""2025-07-12T14:39:42+00:00"", ""next_rising"": ""2025-07-12T08:57:34.507646+00:00"", ""next_setting"": ""2025-07-12T20:22:04.562792+00:00"", ""elevation"": -6.91, ""azimuth"": 291.02, ""rising"": false, ""friendly_name"": ""Sun""}"
2025-07-11T17:49:05.511063,automation.auto_banheiro,on,on,"{""id"": ""1747870075916"", ""last_triggered"": ""2025-07-11T20:49:05.500720+00:00"", ""mode"": ""single"", ""current"": 1, ""friendly_name"": ""auto-banheiro""}"
2025-07-11T17:49:05.514567,automation.auto_banheiro,on,on,"{""id"": ""1747870075916"", ""last_triggered"": ""2025-07-11T20:49:05.500720+00:00"", ""mode"": ""single"", ""current"": 0, ""friendly_name"": ""auto-banheiro""}"
2025-07-11T17:49:07.628558,sensor.arris_tg1692a_router_download_speed,0.0101736016956003,0.00530421945911348,"{""state_class"": ""measurement"", ""unit_of_measurement"": ""Mbit/s"", ""device_class"": ""data_rate"", ""friendly_name"": ""ARRIS TG1692A Router Download speed""}"
2025-07-11T17:49:07.634582,sensor.arris_tg1692a_router_upload_speed,0.0105288017548003,0.00787139661123683,"{""state_class"": ""measurement"", ""unit_of_measurement"": ""Mbit/s"", ""device_class"": ""data_rate"", ""friendly_name"": ""ARRIS TG1692A Router Upload speed""}"
2025-07-11T17:49:10.115216,automation.aut_status_bruno,on,on,"{""id"": ""1751855857509"", ""last_triggered"": ""2025-07-11T20:49:10.108019+00:00"", ""mode"": ""single"", ""current"": 1, ""friendly_name"": ""aut-status-bruno""}"
2025-07-11T17:49:10.117340,automation.aut_status_bruno,on,on,"{""id"": ""1751855857509"", ""last_triggered"": ""2025-07-11T20:49:10.108019+00:00"", ""mode"": ""single"", ""current"": 0, ""friendly_name"": ""aut-status-bruno""}"
2025-07-11T17:49:10.258722,automation.aut_lampada_quarto,on,on,"{""id"": ""1746067262247"", ""last_triggered"": ""2025-07-11T20:49:10.254325+00:00"", ""mode"": ""single"", ""current"": 1, ""friendly_name"": ""aut-quarto""}"
2025-07-11T17:49:10.260373,automation.aut_lampada_quarto,on,on,"{""id"": ""1746067262247"", ""last_triggered"": ""2025-07-11T20:49:10.254325+00:00"", ""mode"": ""single"", ""current"": 0, ""friendly_name"": ""aut-quarto""}"
2025-07-11T17:49:10.505472,automation.auto_banheiro,on,on,"{""id"": ""1747870075916"", ""last_triggered"": ""2025-07-11T20:49:10.500729+00:00"", ""mode"": ""single"", ""current"": 1, ""friendly_name"": ""auto-banheiro""}"
2025-07-11T17:49:10.507099,automation.auto_banheiro,on,on,"{""id"": ""1747870075916"", ""last_triggered"": ""2025-07-11T20:49:10.500729+00:00"", ""mode"": ""single"", ""current"": 0, ""friendly_name"": ""auto-banheiro""}"
2025-07-11T17:49:15.515040,automation.auto_banheiro,on,on,"{""id"": ""1747870075916"", ""last_triggered"": ""2025-07-11T20:49:15.501374+00:00"", ""mode"": ""single"", ""current"": 1, ""friendly_name"": ""auto-banheiro""}"
2025-07-11T17:49:15.516651,automation.auto_banheiro,on,on,"{""id"": ""1747870075916"", ""last_triggered"": ""2025-07-11T20:49:15.501374+00:00"", ""mode"": ""single"", ""current"": 0, ""friendly_name"": ""auto-banheiro""}"
2025-07-11T17:49:20.505550,automation.auto_banheiro,on,on,"{""id"": ""1747870075916"", ""last_triggered"": ""2025-07-11T20:49:20.500110+00:00"", ""mode"": ""single"", ""current"": 1, ""friendly_name"": ""auto-banheiro""}"
2025-07-11T17:49:20.507149,automation.auto_banheiro,on,on,"{""id"": ""1747870075916"", ""last_triggered"": ""2025-07-11T20:49:20.500110+00:00"", ""mode"": ""single"", ""current"": 0, ""friendly_name"": ""auto-banheiro""}"
2025-07-11T17:49:24.979001,camera.192_168_0_33,idle,idle,"{""access_token"": ""c789089b2a4aa08990b9fe19efd355ca81638e5f0e0817415daca8d692d060b8"", ""entity_picture"": ""/api/camera_proxy/camera.192_168_0_33?token=c789089b2a4aa08990b9fe19efd355ca81638e5f0e0817415daca8d692d060b8"", ""friendly_name"": ""192_168_0_14"", ""supported_features"": 2}"
2025-07-11T17:49:24.980847,camera.admin_mainstream,idle,idle,"{""access_token"": ""1f28ccbec0de15b726a297939d241b270a0dbf3f1350cfc7564cfffcf44ee9a5"", ""entity_picture"": ""/api/camera_proxy/camera.admin_mainstream?token=1f28ccbec0de15b726a297939d241b270a0dbf3f1350cfc7564cfffcf44ee9a5"", ""friendly_name"": ""admin MainStream"", ""supported_features"": 2}"
2025-07-11T17:49:24.984531,camera.admin_substream,idle,idle,"{""access_token"": ""47df6d87a5cd07ef08f93ea387e93ab5d5f8470968fe440a85235f3e59409cd"", ""entity_picture"": ""/api/camera_proxy/camera.admin_substream?token=47df6d87a5cd07ef08f93ea387e93ab5d5f8470968fe440a85235f3e59409cd"", ""friendly_name"": ""admin SubStream"", ""supported_features"": 2}"
2025-07-11T17:49:25.515660,automation.auto_banheiro,on,on,"{""id"": ""1747870075916"", ""last_triggered"": ""2025-07-11T20:49:25.501379+00:00"", ""mode"": ""single"", ""current"": 1, ""friendly_name"": ""auto-banheiro""}"
2025-07-11T17:49:25.519717,automation.auto_banheiro,on,on,"{""id"": ""1747870075916"", ""last_triggered"": ""2025-07-11T20:49:25.501379+00:00"", ""mode"": ""single"", ""current"": 0, ""friendly_name"": ""auto-banheiro""}"
2025-07-11T17:49:30.504820,automation.auto_banheiro,on,on,"{""id"": ""1747870075916"", ""last_triggered"": ""2025-07-11T20:49:30.499924+00:00"", ""mode"": ""single"", ""current"": 1, ""friendly_name"": ""auto-banheiro""}"
2025-07-11T17:49:30.506488,automation.auto_banheiro,on,on,"{""id"": ""1747870075916"", ""last_triggered"": ""2025-07-11T20:49:30.499924+00:00"", ""mode"": ""single"", ""current"": 0, ""friendly_name"": ""auto-banheiro""}"
2025-07-11T17:49:35.504996,automation.auto_banheiro,on,on,"{""id"": ""1747870075916"", ""last_triggered"": ""2025-07-11T20:49:35.499999+00:00"", ""mode"": ""single"", ""current"": 1, ""friendly_name"": ""auto-banheiro""}"
2025-07-11T17:49:35.506753,automation.auto_banheiro,on,on,"{""id"": ""1747870075916"", ""last_triggered"": ""2025-07-11T20:49:35.499999+00:00"", ""mode"": ""single"", ""current"": 0, ""friendly_name"": ""auto-banheiro""}"
2025-07-11T17:49:37.616004,sensor.arris_tg1692a_router_download_speed,0.00530421945911348,0.00891688946612431,"{""state_class"": ""measurement"", ""unit_of_measurement"": ""Mbit/s"", ""device_class"": ""data_rate"", ""friendly_name"": ""ARRIS TG1692A Router Download speed""}"
2025-07-11T17:49:37.617735,sensor.arris_tg1692a_router_upload_speed,0.00787139661123683,0.00559818950183467,"{""state_class"": ""measurement"", ""unit_of_measurement"": ""Mbit/s"", ""device_class"": ""data_rate"", ""friendly_name"": ""ARRIS TG1692A Router Upload speed""}"
2025-07-11T17:49:40.505005,automation.auto_banheiro,on,on,"{""id"": ""1747870075916"", ""last_triggered"": ""2025-07-11T20:49:40.500259+00:00"", ""mode"": ""single"", ""current"": 1, ""friendly_name"": ""auto-banheiro""}"
2025-07-11T17:49:40.506539,automation.auto_banheiro,on,on,"{""id"": ""1747870075916"", ""last_triggered"": ""2025-07-11T20:49:40.500259+00:00"", ""mode"": ""single"", ""current"": 0, ""friendly_name"": ""auto-banheiro""}"
2025-07-11T17:49:45.506542,automation.auto_banheiro,on,on,"{""id"": ""1747870075916"", ""last_triggered"": ""2025-07-11T20:49:45.500359+00:00"", ""mode"": ""single"", ""current"": 1, ""friendly_name"": ""auto-banheiro""}"
2025-07-11T17:49:45.508421,automation.auto_banheiro,on,on,"{""id"": ""1747870075916"", ""last_triggered"": ""2025-07-11T20:49:45.500359+00:00"", ""mode"": ""single"", ""current"": 0, ""friendly_name"": ""auto-banheiro""}"
2025-07-11T17:49:50.506535,automation.auto_banheiro,on,on,"{""id"": ""1747870075916"", ""last_triggered"": ""2025-07-11T20:49:50.500612+00:00"", ""mode"": ""single"", ""current"": 1, ""friendly_name"": ""auto-banheiro""}"
2025-07-11T17:49:50.508193,automation.auto_banheiro,on,on,"{""id"": ""1747870075916"", ""last_triggered"": ""2025-07-11T20:49:50.500612+00:00"", ""mode"": ""single"", ""current"": 0, ""friendly_name"": ""auto-banheiro""}"
2025-07-11T17:49:55.515051,automation.auto_banheiro,on,on,"{""id"": ""1747870075916"", ""last_triggered"": ""2025-07-11T20:49:55.500926+00:00"", ""mode"": ""single"", ""current"": 1, ""friendly_name"": ""auto-banheiro""}"
2025-07-11T17:49:55.517707,automation.auto_banheiro,on,on,"{""id"": ""1747870075916"", ""last_triggered"": ""2025-07-11T20:49:55.500926+00:00"", ""mode"": ""single"", ""current"": 0, ""friendly_name"": ""auto-banheiro""}"
2025-07-11T17:50:00.507593,automation.auto_banheiro,on,on,"{""id"": ""1747870075916"", ""last_triggered"": ""2025-07-11T20:50:00.500197+00:00"", ""mode"": ""single"", ""current"": 1, ""friendly_name"": ""auto-banheiro""}"
2025-07-11T17:50:00.512101,automation.auto_banheiro,on,on,"{""id"": ""1747870075916"", ""last_triggered"": ""2025-07-11T20:50:00.500197+00:00"", ""mode"": ""single"", ""current"": 0, ""friendly_name"": ""auto-banheiro""}"
2025-07-11T17:50:05.505682,automation.auto_banheiro,on,on,"{""id"": ""1747870075916"", ""last_triggered"": ""2025-07-11T20:50:05.500695+00:00"", ""mode"": ""single"", ""current"": 1, ""friendly_name"": ""auto-banheiro""}"
2025-07-11T17:50:05.507505,automation.auto_banheiro,on,on,"{""id"": ""1747870075916"", ""last_triggered"": ""2025-07-11T20:50:05.500695+00:00"", ""mode"": ""single"", ""current"": 0, ""friendly_name"": ""auto-banheiro""}"
2025-07-11T17:50:07.618352,sensor.arris_tg1692a_router_download_speed,0.00891688946612431,0.00251974895577686,"{""state_class"": ""measurement"", ""unit_of_measurement"": ""Mbit/s"", ""device_class"": ""data_rate"", ""friendly_name"": ""ARRIS TG1692A Router Download speed""}"
2025-07-11T17:50:07.621350,sensor.arris_tg1692a_router_upload_speed,0.00559818950183467,0.00169574384694518,"{""state_class"": ""measurement"", ""unit_of_measurement"": ""Mbit/s"", ""device_class"": ""data_rate"", ""friendly_name"": ""ARRIS TG1692A Router Upload speed""}"
2025-07-11T17:50:10.119221,automation.aut_status_bruno,on,on,"{""id"": ""1751855857509"", ""last_triggered"": ""2025-07-11T20:50:10.108170+00:00"", ""mode"": ""single"", ""current"": 1, ""friendly_name"": ""aut-status-bruno""}"
2025-07-11T17:50:10.121726,automation.aut_status_bruno,on,on,"{""id"": ""1751855857509"", ""last_triggered"": ""2025-07-11T20:50:10.108170+00:00"", ""mode"": ""single"", ""current"": 0, ""friendly_name"": ""aut-status-bruno""}"
2025-07-11T17:50:10.258589,automation.aut_lampada_quarto,on,on,"{""id"": ""1746067262247"", ""last_triggered"": ""2025-07-11T20:50:10.254569+00:00"", ""mode"": ""single"", ""current"": 1, ""friendly_name"": ""aut-quarto""}"
2025-07-11T17:50:10.260177,automation.aut_lampada_quarto,on,on,"{""id"": ""1746067262247"", ""last_triggered"": ""2025-07-11T20:50:10.254569+00:00"", ""mode"": ""single"", ""current"": 0, ""friendly_name"": ""aut-quarto""}"
2025-07-11T17:50:10.505290,automation.auto_banheiro,on,on,"{""id"": ""1747870075916"", ""last_triggered"": ""2025-07-11T20:50:10.500573+00:00"", ""mode"": ""single"", ""current"": 1, ""friendly_name"": ""auto-banheiro""}"
2025-07-11T17:50:10.506873,automation.auto_banheiro,on,on,"{""id"": ""1747870075916"", ""last_triggered"": ""2025-07-11T20:50:10.500573+00:00"", ""mode"": ""single"", ""current"": 0, ""friendly_name"": ""auto-banheiro""}"
2025-07-11T17:50:15.504921,automation.auto_banheiro,on,on,"{""id"": ""1747870075916"", ""last_triggered"": ""2025-07-11T20:50:15.500124+00:00"", ""mode"": ""single"", ""current"": 1, ""friendly_name"": ""auto-banheiro""}"
2025-07-11T17:50:15.506503,automation.auto_banheiro,on,on,"{""id"": ""1747870075916"", ""last_triggered"": ""2025-07-11T20:50:15.500124+00:00"", ""mode"": ""single"", ""current"": 0, ""friendly_name"": ""auto-banheiro""}"
2025-07-11T17:50:20.505119,automation.auto_banheiro,on,on,"{""id"": ""1747870075916"", ""last_triggered"": ""2025-07-11T20:50:20.499942+00:00"", ""mode"": ""single"", ""current"": 1, ""friendly_name"": ""auto-banheiro""}"
2025-07-11T17:50:20.507412,automation.auto_banheiro,on,on,"{""id"": ""1747870075916"", ""last_triggered"": ""2025-07-11T20:50:20.499942+00:00"", ""mode"": ""single"", ""current"": 0, ""friendly_name"": ""auto-banheiro""}"
2025-07-11T17:50:25.508500,automation.auto_banheiro,on,on,"{""id"": ""1747870075916"", ""last_triggered"": ""2025-07-11T20:50:25.500603+00:00"", ""mode"": ""single"", ""current"": 1, ""friendly_name"": ""auto-banheiro""}"
2025-07-11T17:50:25.510991,automation.auto_banheiro,on,on,"{""id"": ""1747870075916"", ""last_triggered"": ""2025-07-11T20:50:25.500603+00:00"", ""mode"": ""single"", ""current"": 0, ""friendly_name"": ""auto-banheiro""}"
2025-07-11T17:50:30.518294,automation.auto_banheiro,on,on,"{""id"": ""1747870075916"", ""last_triggered"": ""2025-07-11T20:50:30.501434+00:00"", ""mode"": ""single"", ""current"": 1, ""friendly_name"": ""auto-banheiro""}"
2025-07-11T17:50:30.520204,automation.auto_banheiro,on,on,"{""id"": ""1747870075916"", ""last_triggered"": ""2025-07-11T20:50:30.501434+00:00"", ""mode"": ""single"", ""current"": 0, ""friendly_name"": ""auto-banheiro""}"
2025-07-11T17:50:35.504659,automation.auto_banheiro,on,on,"{""id"": ""1747870075916"", ""last_triggered"": ""2025-07-11T20:50:35.499854+00:00"", ""mode"": ""single"", ""current"": 1, ""friendly_name"": ""auto-banheiro""}"
2025-07-11T17:50:35.506284,automation.auto_banheiro,on,on,"{""id"": ""1747870075916"", ""last_triggered"": ""2025-07-11T20:50:35.499854+00:00"", ""mode"": ""single"", ""current"": 0, ""friendly_name"": ""auto-banheiro""}"
2025-07-11T17:50:37.614773,sensor.arris_tg1692a_router_download_speed,0.00251974895577686,0.00564366307331452,"{""state_class"": ""measurement"", ""unit_of_measurement"": ""Mbit/s"", ""device_class"": ""data_rate"", ""friendly_name"": ""ARRIS TG1692A Router Download speed""}"
2025-07-11T17:50:37.616811,sensor.arris_tg1692a_router_upload_speed,0.00169574384694518,0.00478718087196861,"{""state_class"": ""measurement"", ""unit_of_measurement"": ""Mbit/s"", ""device_class"": ""data_rate"", ""friendly_name"": ""ARRIS TG1692A Router Upload speed""}"
2025-07-11T17:50:40.507285,automation.auto_banheiro,on,on,"{""id"": ""1747870075916"", ""last_triggered"": ""2025-07-11T20:50:40.501835+00:00"", ""mode"": ""single"", ""current"": 1, ""friendly_name"": ""auto-banheiro""}"
2025-07-11T17:50:40.508986,automation.auto_banheiro,on,on,"{""id"": ""1747870075916"", ""last_triggered"": ""2025-07-11T20:50:40.501835+00:00"", ""mode"": ""single"", ""current"": 0, ""friendly_name"": ""auto-banheiro""}"
2025-07-11T17:50:45.505091,automation.auto_banheiro,on,on,"{""id"": ""1747870075916"", ""last_triggered"": ""2025-07-11T20:50:45.500273+00:00"", ""mode"": ""single"", ""current"": 1, ""friendly_name"": ""auto-banheiro""}"
2025-07-11T17:50:45.506666,automation.auto_banheiro,on,on,"{""id"": ""1747870075916"", ""last_triggered"": ""2025-07-11T20:50:45.500273+00:00"", ""mode"": ""single"", ""current"": 0, ""friendly_name"": ""auto-banheiro""}"
2025-07-11T17:50:50.514097,automation.auto_banheiro,on,on,"{""id"": ""1747870075916"", ""last_triggered"": ""2025-07-11T20:50:50.500807+00:00"", ""mode"": ""single"", ""current"": 1, ""friendly_name"": ""auto-banheiro""}"
2025-07-11T17:50:50.518073,automation.auto_banheiro,on,on,"{""id"": ""1747870075916"", ""last_triggered"": ""2025-07-11T20:50:50.500807+00:00"", ""mode"": ""single"", ""current"": 0, ""friendly_name"": ""auto-banheiro""}"
2025-07-11T17:50:55.511379,automation.auto_banheiro,on,on,"{""id"": ""1747870075916"", ""last_triggered"": ""2025-07-11T20:50:55.500351+00:00"", ""mode"": ""single"", ""current"": 1, ""friendly_name"": ""auto-banheiro""}"
2025-07-11T17:50:55.512987,automation.auto_banheiro,on,on,"{""id"": ""1747870075916"", ""last_triggered"": ""2025-07-11T20:50:55.500351+00:00"", ""mode"": ""single"", ""current"": 0, ""friendly_name"": ""auto-banheiro""}"
2025-07-11T17:51:00.505256,automation.auto_banheiro,on,on,"{""id"": ""1747870075916"", ""last_triggered"": ""2025-07-11T20:51:00.500329+00:00"", ""mode"": ""single"", ""current"": 1, ""friendly_name"": ""auto-banheiro""}"
2025-07-11T17:51:00.507336,automation.auto_banheiro,on,on,"{""id"": ""1747870075916"", ""last_triggered"": ""2025-07-11T20:51:00.500329+00:00"", ""mode"": ""single"", ""current"": 0, ""friendly_name"": ""auto-banheiro""}"
2025-07-11T17:51:05.519085,automation.auto_banheiro,on,on,"{""id"": ""1747870075916"", ""last_triggered"": ""2025-07-11T20:51:05.502007+00:00"", ""mode"": ""single"", ""current"": 1, ""friendly_name"": ""auto-banheiro""}"
2025-07-11T17:51:05.523367,automation.auto_banheiro,on,on,"{""id"": ""1747870075916"", ""last_triggered"": ""2025-07-11T20:51:05.502007+00:00"", ""mode"": ""single"", ""current"": 0, ""friendly_name"": ""auto-banheiro""}"
2025-07-11T17:51:07.612706,sensor.arris_tg1692a_router_download_speed,0.00564366307331452,0.00474257610765946,"{""state_class"": ""measurement"", ""unit_of_measurement"": ""Mbit/s"", ""device_class"": ""data_rate"", ""friendly_name"": ""ARRIS TG1692A Router Download speed""}"
2025-07-11T17:51:07.614384,sensor.arris_tg1692a_router_upload_speed,0.00478718087196861,0.00374147226667017,"{""state_class"": ""measurement"", ""unit_of_measurement"": ""Mbit/s"", ""device_class"": ""data_rate"", ""friendly_name"": ""ARRIS TG1692A Router Upload speed""}"
2025-07-11T17:51:10.115930,automation.aut_status_bruno,on,on,"{""id"": ""1751855857509"", ""last_triggered"": ""2025-07-11T20:51:10.108247+00:00"", ""mode"": ""single"", ""current"": 1, ""friendly_name"": ""aut-status-bruno""}"
2025-07-11T17:51:10.118044,automation.aut_status_bruno,on,on,"{""id"": ""1751855857509"", ""last_triggered"": ""2025-07-11T20:51:10.108247+00:00"", ""mode"": ""single"", ""current"": 0, ""friendly_name"": ""aut-status-bruno""}"
2025-07-11T17:51:10.259133,automation.aut_lampada_quarto,on,on,"{""id"": ""1746067262247"", ""last_triggered"": ""2025-07-11T20:51:10.255124+00:00"", ""mode"": ""single"", ""current"": 1, ""friendly_name"": ""aut-quarto""}"
2025-07-11T17:51:10.260727,automation.aut_lampada_quarto,on,on,"{""id"": ""1746067262247"", ""last_triggered"": ""2025-07-11T20:51:10.255124+00:00"", ""mode"": ""single"", ""current"": 0, ""friendly_name"": ""aut-quarto""}"
2025-07-11T17:51:10.504692,automation.auto_banheiro,on,on,"{""id"": ""1747870075916"", ""last_triggered"": ""2025-07-11T20:51:10.499905+00:00"", ""mode"": ""single"", ""current"": 1, ""friendly_name"": ""auto-banheiro""}"
2025-07-11T17:51:10.506284,automation.auto_banheiro,on,on,"{""id"": ""1747870075916"", ""last_triggered"": ""2025-07-11T20:51:10.499905+00:00"", ""mode"": ""single"", ""current"": 0, ""friendly_name"": ""auto-banheiro""}"
2025-07-11T17:51:15.507274,automation.auto_banheiro,on,on,"{""id"": ""1747870075916"", ""last_triggered"": ""2025-07-11T20:51:15.500997+00:00"", ""mode"": ""single"", ""current"": 1, ""friendly_name"": ""auto-banheiro""}"
2025-07-11T17:51:15.509350,automation.auto_banheiro,on,on,"{""id"": ""1747870075916"", ""last_triggered"": ""2025-07-11T20:51:15.500997+00:00"", ""mode"": ""single"", ""current"": 0, ""friendly_name"": ""auto-banheiro""}"
2025-07-11T17:51:20.509440,automation.auto_banheiro,on,on,"{""id"": ""1747870075916"", ""last_triggered"": ""2025-07-11T20:51:20.501423+00:00"", ""mode"": ""single"", ""current"": 1, ""friendly_name"": ""auto-banheiro""}"
2025-07-11T17:51:20.513145,automation.auto_banheiro,on,on,"{""id"": ""1747870075916"", ""last_triggered"": ""2025-07-11T20:51:20.501423+00:00"", ""mode"": ""single"", ""current"": 0, ""friendly_name"": ""auto-banheiro""}"
2025-07-11T17:51:25.505682,automation.auto_banheiro,on,on,"{""id"": ""1747870075916"", ""last_triggered"": ""2025-07-11T20:51:25.500834+00:00"", ""mode"": ""single"", ""current"": 1, ""friendly_name"": ""auto-banheiro""}"
2025-07-11T17:51:25.507387,automation.auto_banheiro,on,on,"{""id"": ""1747870075916"", ""last_triggered"": ""2025-07-11T20:51:25.500834+00:00"", ""mode"": ""single"", ""current"": 0, ""friendly_name"": ""auto-banheiro""}"
2025-07-11T17:51:30.507026,automation.auto_banheiro,on,on,"{""id"": ""1747870075916"", ""last_triggered"": ""2025-07-11T20:51:30.501079+00:00"", ""mode"": ""single"", ""current"": 1, ""friendly_name"": ""auto-banheiro""}"
2025-07-11T17:51:30.508728,automation.auto_banheiro,on,on,"{""id"": ""1747870075916"", ""last_triggered"": ""2025-07-11T20:51:30.501079+00:00"", ""mode"": ""single"", ""current"": 0, ""friendly_name"": ""auto-banheiro""}"
2025-07-11T17:51:35.505170,automation.auto_banheiro,on,on,"{""id"": ""1747870075916"", ""last_triggered"": ""2025-07-11T20:51:35.500305+00:00"", ""mode"": ""single"", ""current"": 1, ""friendly_name"": ""auto-banheiro""}"
2025-07-11T17:51:35.507272,automation.auto_banheiro,on,on,"{""id"": ""1747870075916"", ""last_triggered"": ""2025-07-11T20:51:35.500305+00:00"", ""mode"": ""single"", ""current"": 0, ""friendly_name"": ""auto-banheiro""}"
2025-07-11T17:51:37.614496,sensor.arris_tg1692a_router_download_speed,0.00474257610765946,0.00558835235473611,"{""state_class"": ""measurement"", ""unit_of_measurement"": ""Mbit/s"", ""device_class"": ""data_rate"", ""friendly_name"": ""ARRIS TG1692A Router Download speed""}"
2025-07-11T17:51:37.616239,sensor.arris_tg1692a_router_upload_speed,0.00374147226667017,0.00208376528440103,"{""state_class"": ""measurement"", ""unit_of_measurement"": ""Mbit/s"", ""device_class"": ""data_rate"", ""friendly_name"": ""ARRIS TG1692A Router Upload speed""}"
2025-07-11T17:51:40.514617,automation.auto_banheiro,on,on,"{""id"": ""1747870075916"", ""last_triggered"": ""2025-07-11T20:51:40.501119+00:00"", ""mode"": ""single"", ""current"": 1, ""friendly_name"": ""auto-banheiro""}"
2025-07-11T17:51:40.518677,automation.auto_banheiro,on,on,"{""id"": ""1747870075916"", ""last_triggered"": ""2025-07-11T20:51:40.501119+00:00"", ""mode"": ""single"", ""current"": 0, ""friendly_name"": ""auto-banheiro""}"
2025-07-11T17:51:45.506793,automation.auto_banheiro,on,on,"{""id"": ""1747870075916"", ""last_triggered"": ""2025-07-11T20:51:45.501318+00:00"", ""mode"": ""single"", ""current"": 1, ""friendly_name"": ""auto-banheiro""}"
2025-07-11T17:51:45.508436,automation.auto_banheiro,on,on,"{""id"": ""1747870075916"", ""last_triggered"": ""2025-07-11T20:51:45.501318+00:00"", ""mode"": ""single"", ""current"": 0, ""friendly_name"": ""auto-banheiro""}"
2025-07-11T17:51:50.505232,automation.auto_banheiro,on,on,"{""id"": ""1747870075916"", ""last_triggered"": ""2025-07-11T20:51:50.499975+00:00"", ""mode"": ""single"", ""current"": 1, ""friendly_name"": ""auto-banheiro""}"
2025-07-11T17:51:50.507116,automation.auto_banheiro,on,on,"{""id"": ""1747870075916"", ""last_triggered"": ""2025-07-11T20:51:50.499975+00:00"", ""mode"": ""single"", ""current"": 0, ""friendly_name"": ""auto-banheiro""}"
2025-07-11T17:51:55.505027,automation.auto_banheiro,on,on,"{""id"": ""1747870075916"", ""last_triggered"": ""2025-07-11T20:51:55.500207+00:00"", ""mode"": ""single"", ""current"": 1, ""friendly_name"": ""auto-banheiro""}"
2025-07-11T17:51:55.507010,automation.auto_banheiro,on,on,"{""id"": ""1747870075916"", ""last_triggered"": ""2025-07-11T20:51:55.500207+00:00"", ""mode"": ""single"", ""current"": 0, ""friendly_name"": ""auto-banheiro""}"
2025-07-11T17:52:00.507646,automation.auto_banheiro,on,on,"{""id"": ""1747870075916"", ""last_triggered"": ""2025-07-11T20:52:00.500669+00:00"", ""mode"": ""single"", ""current"": 1, ""friendly_name"": ""auto-banheiro""}"
2025-07-11T17:52:00.509454,automation.auto_banheiro,on,on,"{""id"": ""1747870075916"", ""last_triggered"": ""2025-07-11T20:52:00.500669+00:00"", ""mode"": ""single"", ""current"": 0, ""friendly_name"": ""auto-banheiro""}"
2025-07-11T17:52:05.505717,automation.auto_banheiro,on,on,"{""id"": ""1747870075916"", ""last_triggered"": ""2025-07-11T20:52:05.500701+00:00"", ""mode"": ""single"", ""current"": 1, ""friendly_name"": ""auto-banheiro""}"
2025-07-11T17:52:05.517682,automation.auto_banheiro,on,on,"{""id"": ""1747870075916"", ""last_triggered"": ""2025-07-11T20:52:05.500701+00:00"", ""mode"": ""single"", ""current"": 0, ""friendly_name"": ""auto-banheiro""}"
2025-07-11T17:52:07.619540,sensor.arris_tg1692a_router_download_speed,0.00558835235473611,0.00591757692145001,"{""state_class"": ""measurement"", ""unit_of_measurement"": ""Mbit/s"", ""device_class"": ""data_rate"", ""friendly_name"": ""ARRIS TG1692A Router Download speed""}"
2025-07-11T17:52:07.623104,sensor.arris_tg1692a_router_upload_speed,0.00208376528440103,0.00210292513192532,"{""state_class"": ""measurement"", ""unit_of_measurement"": ""Mbit/s"", ""device_class"": ""data_rate"", ""friendly_name"": ""ARRIS TG1692A Router Upload speed""}"
2025-07-11T17:52:10.114821,automation.aut_status_bruno,on,on,"{""id"": ""1751855857509"", ""last_triggered"": ""2025-07-11T20:52:10.108438+00:00"", ""mode"": ""single"", ""current"": 1, ""friendly_name"": ""aut-status-bruno""}"
2025-07-11T17:52:10.117188,automation.aut_status_bruno,on,on,"{""id"": ""1751855857509"", ""last_triggered"": ""2025-07-11T20:52:10.108438+00:00"", ""mode"": ""single"", ""current"": 0, ""friendly_name"": ""aut-status-bruno""}"
2025-07-11T17:52:10.259231,automation.aut_lampada_quarto,on,on,"{""id"": ""1746067262247"", ""last_triggered"": ""2025-07-11T20:52:10.255268+00:00"", ""mode"": ""single"", ""current"": 1, ""friendly_name"": ""aut-quarto""}"
2025-07-11T17:52:10.260801,automation.aut_lampada_quarto,on,on,"{""id"": ""1746067262247"", ""last_triggered"": ""2025-07-11T20:52:10.255268+00:00"", ""mode"": ""single"", ""current"": 0, ""friendly_name"": ""aut-quarto""}"
2025-07-11T17:52:10.505550,automation.auto_banheiro,on,on,"{""id"": ""1747870075916"", ""last_triggered"": ""2025-07-11T20:52:10.500813+00:00"", ""mode"": ""single"", ""current"": 1, ""friendly_name"": ""auto-banheiro""}"
2025-07-11T17:52:10.507188,automation.auto_banheiro,on,on,"{""id"": ""1747870075916"", ""last_triggered"": ""2025-07-11T20:52:10.500813+00:00"", ""mode"": ""single"", ""current"": 0, ""friendly_name"": ""auto-banheiro""}"
2025-07-11T17:52:15.505202,automation.auto_banheiro,on,on,"{""id"": ""1747870075916"", ""last_triggered"": ""2025-07-11T20:52:15.500403+00:00"", ""mode"": ""single"", ""current"": 1, ""friendly_name"": ""auto-banheiro""}"
2025-07-11T17:52:15.507973,automation.auto_banheiro,on,on,"{""id"": ""1747870075916"", ""last_triggered"": ""2025-07-11T20:52:15.500403+00:00"", ""mode"": ""single"", ""current"": 0, ""friendly_name"": ""auto-banheiro""}"
2025-07-11T17:52:20.536170,automation.auto_banheiro,on,on,"{""id"": ""1747870075916"", ""last_triggered"": ""2025-07-11T20:52:20.501618+00:00"", ""mode"": ""single"", ""current"": 1, ""friendly_name"": ""auto-banheiro""}"
2025-07-11T17:52:20.540063,automation.auto_banheiro,on,on,"{""id"": ""1747870075916"", ""last_triggered"": ""2025-07-11T20:52:20.501618+00:00"", ""mode"": ""single"", ""current"": 0, ""friendly_name"": ""auto-banheiro""}"
2025-07-11T17:52:25.505002,automation.auto_banheiro,on,on,"{""id"": ""1747870075916"", ""last_triggered"": ""2025-07-11T20:52:25.500157+00:00"", ""mode"": ""single"", ""current"": 1, ""friendly_name"": ""auto-banheiro""}"
2025-07-11T17:52:25.506608,automation.auto_banheiro,on,on,"{""id"": ""1747870075916"", ""last_triggered"": ""2025-07-11T20:52:25.500157+00:00"", ""mode"": ""single"", ""current"": 0, ""friendly_name"": ""auto-banheiro""}"
2025-07-11T17:52:30.508106,automation.auto_banheiro,on,on,"{""id"": ""1747870075916"", ""last_triggered"": ""2025-07-11T20:52:30.501744+00:00"", ""mode"": ""single"", ""current"": 1, ""friendly_name"": ""auto-banheiro""}"
2025-07-11T17:52:30.509764,automation.auto_banheiro,on,on,"{""id"": ""1747870075916"", ""last_triggered"": ""2025-07-11T20:52:30.501744+00:00"", ""mode"": ""single"", ""current"": 0, ""friendly_name"": ""auto-banheiro""}"
2025-07-11T17:52:35.506763,automation.auto_banheiro,on,on,"{""id"": ""1747870075916"", ""last_triggered"": ""2025-07-11T20:52:35.500277+00:00"", ""mode"": ""single"", ""current"": 1, ""friendly_name"": ""auto-banheiro""}"
2025-07-11T17:52:35.509036,automation.auto_banheiro,on,on,"{""id"": ""1747870075916"", ""last_triggered"": ""2025-07-11T20:52:35.500277+00:00"", ""mode"": ""single"", ""current"": 0, ""friendly_name"": ""auto-banheiro""}"
2025-07-11T17:52:37.614486,sensor.arris_tg1692a_router_download_speed,0.00591757692145001,0.00372661362453274,"{""state_class"": ""measurement"", ""unit_of_measurement"": ""Mbit/s"", ""device_class"": ""data_rate"", ""friendly_name"": ""ARRIS TG1692A Router Download speed""}"
2025-07-11T17:52:37.616191,sensor.arris_tg1692a_router_upload_speed,0.00210292513192532,0.00424180629162378,"{""state_class"": ""measurement"", ""unit_of_measurement"": ""Mbit/s"", ""device_class"": ""data_rate"", ""friendly_name"": ""ARRIS TG1692A Router Upload speed""}"
2025-07-11T17:52:38.753381,binary_sensor.human_presence_sensor_occupancy,off,on,"{""device_class"": ""occupancy"", ""friendly_name"": ""Presen\u00e7a Quarto  Occupancy""}"
2025-07-11T17:52:38.756986,automation.aut_lampada_quarto,on,on,"{""id"": ""1746067262247"", ""last_triggered"": ""2025-07-11T20:52:38.744391+00:00"", ""mode"": ""single"", ""current"": 1, ""friendly_name"": ""aut-quarto""}"
2025-07-11T17:52:39.410139,automation.aut_lampada_quarto,on,on,"{""id"": ""1746067262247"", ""last_triggered"": ""2025-07-11T20:52:38.744391+00:00"", ""mode"": ""single"", ""current"": 0, ""friendly_name"": ""aut-quarto""}"
2025-07-11T17:52:40.085698,light.lampada_quarto,off,on,"{""min_color_temp_kelvin"": 2000, ""max_color_temp_kelvin"": 6500, ""min_mireds"": 153, ""max_mireds"": 500, ""supported_color_modes"": [""color_temp"", ""hs""], ""color_mode"": ""color_temp"", ""brightness"": 255, ""color_temp_kelvin"": 2000, ""color_temp"": 500, ""hs_color"": [30.601, 94.547], ""rgb_color"": [255, 137, 14], ""xy_color"": [0.598, 0.383], ""friendly_name"": ""L\u00e2mpada quarto "", ""supported_features"": 0}"
2025-07-11T17:52:40.505508,automation.auto_banheiro,on,on,"{""id"": ""1747870075916"", ""last_triggered"": ""2025-07-11T20:52:40.500346+00:00"", ""mode"": ""single"", ""current"": 1, ""friendly_name"": ""auto-banheiro""}"
2025-07-11T17:52:40.507948,automation.auto_banheiro,on,on,"{""id"": ""1747870075916"", ""last_triggered"": ""2025-07-11T20:52:40.500346+00:00"", ""mode"": ""single"", ""current"": 0, ""friendly_name"": ""auto-banheiro""}"
2025-07-11T17:52:45.506183,automation.auto_banheiro,on,on,"{""id"": ""1747870075916"", ""last_triggered"": ""2025-07-11T20:52:45.500413+00:00"", ""mode"": ""single"", ""current"": 1, ""friendly_name"": ""auto-banheiro""}"
2025-07-11T17:52:45.508182,automation.auto_banheiro,on,on,"{""id"": ""1747870075916"", ""last_triggered"": ""2025-07-11T20:52:45.500413+00:00"", ""mode"": ""single"", ""current"": 0, ""friendly_name"": ""auto-banheiro""}"
2025-07-11T17:52:50.505968,automation.auto_banheiro,on,on,"{""id"": ""1747870075916"", ""last_triggered"": ""2025-07-11T20:52:50.500093+00:00"", ""mode"": ""single"", ""current"": 1, ""friendly_name"": ""auto-banheiro""}"
2025-07-11T17:52:50.507742,automation.auto_banheiro,on,on,"{""id"": ""1747870075916"", ""last_triggered"": ""2025-07-11T20:52:50.500093+00:00"", ""mode"": ""single"", ""current"": 0, ""friendly_name"": ""auto-banheiro""}"
2025-07-11T17:52:55.521320,automation.auto_banheiro,on,on,"{""id"": ""1747870075916"", ""last_triggered"": ""2025-07-11T20:52:55.501325+00:00"", ""mode"": ""single"", ""current"": 1, ""friendly_name"": ""auto-banheiro""}"
2025-07-11T17:52:55.524896,automation.auto_banheiro,on,on,"{""id"": ""1747870075916"", ""last_triggered"": ""2025-07-11T20:52:55.501325+00:00"", ""mode"": ""single"", ""current"": 0, ""friendly_name"": ""auto-banheiro""}"
2025-07-11T17:53:00.065421,binary_sensor.presenca_sala_motion,on,off,"{""device_class"": ""motion"", ""friendly_name"": ""Presen\u00e7a sala Motion""}"
2025-07-11T17:53:00.067643,automation.aut_sala,on,on,"{""id"": ""1746116908353"", ""last_triggered"": ""2025-07-11T20:53:00.056264+00:00"", ""mode"": ""single"", ""current"": 1, ""friendly_name"": ""aut-sala""}"
2025-07-11T17:53:00.297713,automation.aut_sala,on,on,"{""id"": ""1746116908353"", ""last_triggered"": ""2025-07-11T20:53:00.056264+00:00"", ""mode"": ""single"", ""current"": 0, ""friendly_name"": ""aut-sala""}"
2025-07-11T17:53:00.505558,automation.auto_banheiro,on,on,"{""id"": ""1747870075916"", ""last_triggered"": ""2025-07-11T20:53:00.500823+00:00"", ""mode"": ""single"", ""current"": 1, ""friendly_name"": ""auto-banheiro""}"
2025-07-11T17:53:00.507255,automation.auto_banheiro,on,on,"{""id"": ""1747870075916"", ""last_triggered"": ""2025-07-11T20:53:00.500823+00:00"", ""mode"": ""single"", ""current"": 0, ""friendly_name"": ""auto-banheiro""}"
2025-07-11T17:53:00.908387,switch.interruptor_sala_switch_1,on,off,"{""device_class"": ""outlet"", ""friendly_name"": ""Interruptor sala Switch 1""}"
2025-07-11T17:53:05.384531,sun.sun,below_horizon,below_horizon,"{""next_dawn"": ""2025-07-12T08:34:18.375179+00:00"", ""next_dusk"": ""2025-07-12T20:45:20.313231+00:00"", ""next_midnight"": ""2025-07-12T02:39:47+00:00"", ""next_noon"": ""2025-07-12T14:39:42+00:00"", ""next_rising"": ""2025-07-12T08:57:34.507646+00:00"", ""next_setting"": ""2025-07-12T20:22:04.562792+00:00"", ""elevation"": -7.83, ""azimuth"": 290.84, ""rising"": false, ""friendly_name"": ""Sun""}"
2025-07-11T17:53:05.505489,automation.auto_banheiro,on,on,"{""id"": ""1747870075916"", ""last_triggered"": ""2025-07-11T20:53:05.500075+00:00"", ""mode"": ""single"", ""current"": 1, ""friendly_name"": ""auto-banheiro""}"
2025-07-11T17:53:05.507070,automation.auto_banheiro,on,on,"{""id"": ""1747870075916"", ""last_triggered"": ""2025-07-11T20:53:05.500075+00:00"", ""mode"": ""single"", ""current"": 0, ""friendly_name"": ""auto-banheiro""}"
2025-07-11T17:53:07.588670,sensor.new_darth_vader_distance,1486,1490,"{""unit_of_measurement"": ""m"", ""icon"": ""mdi:hiking"", ""friendly_name"": ""New Darth Vader Distance""}"
2025-07-11T17:53:07.592517,sensor.new_darth_vader_steps,2634,2643,"{""unit_of_measurement"": ""steps"", ""icon"": ""mdi:walk"", ""friendly_name"": ""New Darth Vader Steps""}"
2025-07-11T17:53:07.596343,sensor.new_darth_vader_storage,0.56,0.69,"{""Available"": ""1,81 GB"", ""Available (Important)"": ""14,18 GB"", ""Available (Opportunistic)"": ""870,7 MB"", ""Total"": ""126,78 GB"", ""unit_of_measurement"": ""% available"", ""icon"": ""mdi:database"", ""friendly_name"": ""New Darth Vader Storage""}"
2025-07-11T17:53:07.599054,sensor.new_darth_vader_last_update_trigger,Launch,Background Fetch,"{""icon"": ""mdi:cellphone-wireless"", ""friendly_name"": ""New Darth Vader Last Update Trigger""}"
2025-07-11T17:53:07.625854,sensor.arris_tg1692a_router_download_speed,0.00372661362453274,0.00536902822315215,"{""state_class"": ""measurement"", ""unit_of_measurement"": ""Mbit/s"", ""device_class"": ""data_rate"", ""friendly_name"": ""ARRIS TG1692A Router Download speed""}"
2025-07-11T17:53:07.629212,sensor.arris_tg1692a_router_upload_speed,0.00424180629162378,0.00344064581084478,"{""state_class"": ""measurement"", ""unit_of_measurement"": ""Mbit/s"", ""device_class"": ""data_rate"", ""friendly_name"": ""ARRIS TG1692A Router Upload speed""}"
2025-07-11T17:53:10.128953,automation.aut_status_bruno,on,on,"{""id"": ""1751855857509"", ""last_triggered"": ""2025-07-11T20:53:10.109033+00:00"", ""mode"": ""single"", ""current"": 1, ""friendly_name"": ""aut-status-bruno""}"
2025-07-11T17:53:10.132899,automation.aut_status_bruno,on,on,"{""id"": ""1751855857509"", ""last_triggered"": ""2025-07-11T20:53:10.109033+00:00"", ""mode"": ""single"", ""current"": 0, ""friendly_name"": ""aut-status-bruno""}"
2025-07-11T17:53:10.217073,binary_sensor.presenca_sala_motion,off,on,"{""device_class"": ""motion"", ""friendly_name"": ""Presen\u00e7a sala Motion""}"
2025-07-11T17:53:10.223407,automation.aut_sala,on,on,"{""id"": ""1746116908353"", ""last_triggered"": ""2025-07-11T20:53:10.210230+00:00"", ""mode"": ""single"", ""current"": 1, ""friendly_name"": ""aut-sala""}"
2025-07-11T17:53:10.261197,automation.aut_lampada_quarto,on,on,"{""id"": ""1746067262247"", ""last_triggered"": ""2025-07-11T20:53:10.255077+00:00"", ""mode"": ""single"", ""current"": 1, ""friendly_name"": ""aut-quarto""}"
2025-07-11T17:53:10.263487,automation.aut_lampada_quarto,on,on,"{""id"": ""1746067262247"", ""last_triggered"": ""2025-07-11T20:53:10.255077+00:00"", ""mode"": ""single"", ""current"": 0, ""friendly_name"": ""aut-quarto""}"
2025-07-11T17:53:10.464461,automation.aut_sala,on,on,"{""id"": ""1746116908353"", ""last_triggered"": ""2025-07-11T20:53:10.210230+00:00"", ""mode"": ""single"", ""current"": 0, ""friendly_name"": ""aut-sala""}"
2025-07-11T17:53:10.511346,automation.auto_banheiro,on,on,"{""id"": ""1747870075916"", ""last_triggered"": ""2025-07-11T20:53:10.501080+00:00"", ""mode"": ""single"", ""current"": 1, ""friendly_name"": ""auto-banheiro""}"
2025-07-11T17:53:10.514557,automation.auto_banheiro,on,on,"{""id"": ""1747870075916"", ""last_triggered"": ""2025-07-11T20:53:10.501080+00:00"", ""mode"": ""single"", ""current"": 0, ""friendly_name"": ""auto-banheiro""}"
2025-07-11T17:53:11.166312,sensor.tauntaum_power,1,1,"{""state_class"": ""measurement"", ""power_consumption_start"": ""2025-07-11T20:40:53Z"", ""power_consumption_end"": ""2025-07-11T20:53:10Z"", ""unit_of_measurement"": ""W"", ""device_class"": ""power"", ""friendly_name"": ""Tauntaum Power""}"
2025-07-11T17:53:11.171860,sensor.tauntaum_power_energy,0.000186315277748638,0.000204997777806388,"{""state_class"": ""total"", ""unit_of_measurement"": ""kWh"", ""device_class"": ""energy"", ""friendly_name"": ""Tauntaum Power energy""}"
2025-07-11T17:53:11.196811,switch.interruptor_sala_switch_1,off,on,"{""device_class"": ""outlet"", ""friendly_name"": ""Interruptor sala Switch 1""}"
2025-07-11T17:53:15.505313,automation.auto_banheiro,on,on,"{""id"": ""1747870075916"", ""last_triggered"": ""2025-07-11T20:53:15.500646+00:00"", ""mode"": ""single"", ""current"": 1, ""friendly_name"": ""auto-banheiro""}"
2025-07-11T17:53:15.506980,automation.auto_banheiro,on,on,"{""id"": ""1747870075916"", ""last_triggered"": ""2025-07-11T20:53:15.500646+00:00"", ""mode"": ""single"", ""current"": 0, ""friendly_name"": ""auto-banheiro""}"
2025-07-11T17:53:20.505086,automation.auto_banheiro,on,on,"{""id"": ""1747870075916"", ""last_triggered"": ""2025-07-11T20:53:20.500110+00:00"", ""mode"": ""single"", ""current"": 1, ""friendly_name"": ""auto-banheiro""}"
2025-07-11T17:53:20.506734,automation.auto_banheiro,on,on,"{""id"": ""1747870075916"", ""last_triggered"": ""2025-07-11T20:53:20.500110+00:00"", ""mode"": ""single"", ""current"": 0, ""friendly_name"": ""auto-banheiro""}"
2025-07-11T17:53:25.505952,automation.auto_banheiro,on,on,"{""id"": ""1747870075916"", ""last_triggered"": ""2025-07-11T20:53:25.500424+00:00"", ""mode"": ""single"", ""current"": 1, ""friendly_name"": ""auto-banheiro""}"
2025-07-11T17:53:25.508927,automation.auto_banheiro,on,on,"{""id"": ""1747870075916"", ""last_triggered"": ""2025-07-11T20:53:25.500424+00:00"", ""mode"": ""single"", ""current"": 0, ""friendly_name"": ""auto-banheiro""}"
2025-07-11T17:53:30.504813,automation.auto_banheiro,on,on,"{""id"": ""1747870075916"", ""last_triggered"": ""2025-07-11T20:53:30.500017+00:00"", ""mode"": ""single"", ""current"": 1, ""friendly_name"": ""auto-banheiro""}"
2025-07-11T17:53:30.506513,automation.auto_banheiro,on,on,"{""id"": ""1747870075916"", ""last_triggered"": ""2025-07-11T20:53:30.500017+00:00"", ""mode"": ""single"", ""current"": 0, ""friendly_name"": ""auto-banheiro""}"
2025-07-11T17:53:35.505405,automation.auto_banheiro,on,on,"{""id"": ""1747870075916"", ""last_triggered"": ""2025-07-11T20:53:35.500641+00:00"", ""mode"": ""single"", ""current"": 1, ""friendly_name"": ""auto-banheiro""}"
2025-07-11T17:53:35.507075,automation.auto_banheiro,on,on,"{""id"": ""1747870075916"", ""last_triggered"": ""2025-07-11T20:53:35.500641+00:00"", ""mode"": ""single"", ""current"": 0, ""friendly_name"": ""auto-banheiro""}"
2025-07-11T17:53:37.640987,sensor.arris_tg1692a_router_download_speed,0.00536902822315215,0.00373360043319475,"{""state_class"": ""measurement"", ""unit_of_measurement"": ""Mbit/s"", ""device_class"": ""data_rate"", ""friendly_name"": ""ARRIS TG1692A Router Download speed""}"
2025-07-11T17:53:37.642692,sensor.arris_tg1692a_router_upload_speed,0.00344064581084478,0.00254891055581422,"{""state_class"": ""measurement"", ""unit_of_measurement"": ""Mbit/s"", ""device_class"": ""data_rate"", ""friendly_name"": ""ARRIS TG1692A Router Upload speed""}"
2025-07-11T17:53:40.512848,automation.auto_banheiro,on,on,"{""id"": ""1747870075916"", ""last_triggered"": ""2025-07-11T20:53:40.500866+00:00"", ""mode"": ""single"", ""current"": 1, ""friendly_name"": ""auto-banheiro""}"
2025-07-11T17:53:40.516272,automation.auto_banheiro,on,on,"{""id"": ""1747870075916"", ""last_triggered"": ""2025-07-11T20:53:40.500866+00:00"", ""mode"": ""single"", ""current"": 0, ""friendly_name"": ""auto-banheiro""}"
2025-07-11T17:53:40.905758,binary_sensor.presenca_banheiro_motion,off,on,"{""device_class"": ""motion"", ""friendly_name"": ""Presen\u00e7a banheiro Motion""}"
2025-07-11T17:53:40.912181,automation.auto_banheiro,on,on,"{""id"": ""1747870075916"", ""last_triggered"": ""2025-07-11T20:53:40.873999+00:00"", ""mode"": ""single"", ""current"": 1, ""friendly_name"": ""auto-banheiro""}"
2025-07-11T17:53:41.672173,switch.interruptor_banheiro_switch_1,off,on,"{""device_class"": ""outlet"", ""friendly_name"": ""Interruptor banheiro Switch 1""}"
2025-07-11T17:53:41.725563,automation.auto_banheiro,on,on,"{""id"": ""1747870075916"", ""last_triggered"": ""2025-07-11T20:53:40.873999+00:00"", ""mode"": ""single"", ""current"": 0, ""friendly_name"": ""auto-banheiro""}"
2025-07-11T17:53:42.263667,switch.interruptor_banheiro_switch_2,off,on,"{""device_class"": ""outlet"", ""friendly_name"": ""Interruptor banheiro Switch 2""}"
2025-07-11T17:53:45.504923,automation.auto_banheiro,on,on,"{""id"": ""1747870075916"", ""last_triggered"": ""2025-07-11T20:53:45.500020+00:00"", ""mode"": ""single"", ""current"": 1, ""friendly_name"": ""auto-banheiro""}"
2025-07-11T17:53:45.506509,automation.auto_banheiro,on,on,"{""id"": ""1747870075916"", ""last_triggered"": ""2025-07-11T20:53:45.500020+00:00"", ""mode"": ""single"", ""current"": 0, ""friendly_name"": ""auto-banheiro""}"
2025-07-11T17:53:50.505492,automation.auto_banheiro,on,on,"{""id"": ""1747870075916"", ""last_triggered"": ""2025-07-11T20:53:50.500598+00:00"", ""mode"": ""single"", ""current"": 1, ""friendly_name"": ""auto-banheiro""}"
2025-07-11T17:53:50.508838,automation.auto_banheiro,on,on,"{""id"": ""1747870075916"", ""last_triggered"": ""2025-07-11T20:53:50.500598+00:00"", ""mode"": ""single"", ""current"": 0, ""friendly_name"": ""auto-banheiro""}"
2025-07-11T17:53:55.508533,automation.auto_banheiro,on,on,"{""id"": ""1747870075916"", ""last_triggered"": ""2025-07-11T20:53:55.500751+00:00"", ""mode"": ""single"", ""current"": 1, ""friendly_name"": ""auto-banheiro""}"
2025-07-11T17:53:55.510471,automation.auto_banheiro,on,on,"{""id"": ""1747870075916"", ""last_triggered"": ""2025-07-11T20:53:55.500751+00:00"", ""mode"": ""single"", ""current"": 0, ""friendly_name"": ""auto-banheiro""}"
2025-07-11T17:53:55.703844,binary_sensor.presenca_sala_motion,on,off,"{""device_class"": ""motion"", ""friendly_name"": ""Presen\u00e7a sala Motion""}"
2025-07-11T17:53:55.709128,automation.aut_sala,on,on,"{""id"": ""1746116908353"", ""last_triggered"": ""2025-07-11T20:53:55.697670+00:00"", ""mode"": ""single"", ""current"": 1, ""friendly_name"": ""aut-sala""}"
2025-07-11T17:53:55.946412,automation.aut_sala,on,on,"{""id"": ""1746116908353"", ""last_triggered"": ""2025-07-11T20:53:55.697670+00:00"", ""mode"": ""single"", ""current"": 0, ""friendly_name"": ""aut-sala""}"
2025-07-11T17:53:56.526145,switch.interruptor_sala_switch_1,on,off,"{""device_class"": ""outlet"", ""friendly_name"": ""Interruptor sala Switch 1""}"
2025-07-11T17:54:00.506067,automation.auto_banheiro,on,on,"{""id"": ""1747870075916"", ""last_triggered"": ""2025-07-11T20:54:00.500001+00:00"", ""mode"": ""single"", ""current"": 1, ""friendly_name"": ""auto-banheiro""}"
2025-07-11T17:54:00.510991,automation.auto_banheiro,on,on,"{""id"": ""1747870075916"", ""last_triggered"": ""2025-07-11T20:54:00.500001+00:00"", ""mode"": ""single"", ""current"": 0, ""friendly_name"": ""auto-banheiro""}"
2025-07-11T17:54:05.505350,automation.auto_banheiro,on,on,"{""id"": ""1747870075916"", ""last_triggered"": ""2025-07-11T20:54:05.500570+00:00"", ""mode"": ""single"", ""current"": 1, ""friendly_name"": ""auto-banheiro""}"
2025-07-11T17:54:05.514057,automation.auto_banheiro,on,on,"{""id"": ""1747870075916"", ""last_triggered"": ""2025-07-11T20:54:05.500570+00:00"", ""mode"": ""single"", ""current"": 0, ""friendly_name"": ""auto-banheiro""}"
2025-07-11T17:54:07.617612,sensor.arris_tg1692a_router_download_speed,0.00373360043319475,0.0064229620225637,"{""state_class"": ""measurement"", ""unit_of_measurement"": ""Mbit/s"", ""device_class"": ""data_rate"", ""friendly_name"": ""ARRIS TG1692A Router Download speed""}"
2025-07-11T17:54:07.619238,sensor.arris_tg1692a_router_upload_speed,0.00254891055581422,0.0031981476183927,"{""state_class"": ""measurement"", ""unit_of_measurement"": ""Mbit/s"", ""device_class"": ""data_rate"", ""friendly_name"": ""ARRIS TG1692A Router Upload speed""}"
2025-07-11T17:54:10.116840,automation.aut_status_bruno,on,on,"{""id"": ""1751855857509"", ""last_triggered"": ""2025-07-11T20:54:10.109019+00:00"", ""mode"": ""single"", ""current"": 1, ""friendly_name"": ""aut-status-bruno""}"
2025-07-11T17:54:10.118916,automation.aut_status_bruno,on,on,"{""id"": ""1751855857509"", ""last_triggered"": ""2025-07-11T20:54:10.109019+00:00"", ""mode"": ""single"", ""current"": 0, ""friendly_name"": ""aut-status-bruno""}"
2025-07-11T17:54:10.260455,automation.aut_lampada_quarto,on,on,"{""id"": ""1746067262247"", ""last_triggered"": ""2025-07-11T20:54:10.256206+00:00"", ""mode"": ""single"", ""current"": 1, ""friendly_name"": ""aut-quarto""}"
2025-07-11T17:54:10.261876,automation.aut_lampada_quarto,on,on,"{""id"": ""1746067262247"", ""last_triggered"": ""2025-07-11T20:54:10.256206+00:00"", ""mode"": ""single"", ""current"": 0, ""friendly_name"": ""aut-quarto""}"
2025-07-11T17:54:10.517424,automation.auto_banheiro,on,on,"{""id"": ""1747870075916"", ""last_triggered"": ""2025-07-11T20:54:10.502103+00:00"", ""mode"": ""single"", ""current"": 1, ""friendly_name"": ""auto-banheiro""}"
2025-07-11T17:54:10.519946,automation.auto_banheiro,on,on,"{""id"": ""1747870075916"", ""last_triggered"": ""2025-07-11T20:54:10.502103+00:00"", ""mode"": ""single"", ""current"": 0, ""friendly_name"": ""auto-banheiro""}"
2025-07-11T17:54:15.505310,automation.auto_banheiro,on,on,"{""id"": ""1747870075916"", ""last_triggered"": ""2025-07-11T20:54:15.500553+00:00"", ""mode"": ""single"", ""current"": 1, ""friendly_name"": ""auto-banheiro""}"
2025-07-11T17:54:15.506851,automation.auto_banheiro,on,on,"{""id"": ""1747870075916"", ""last_triggered"": ""2025-07-11T20:54:15.500553+00:00"", ""mode"": ""single"", ""current"": 0, ""friendly_name"": ""auto-banheiro""}"
2025-07-11T17:54:20.504810,automation.auto_banheiro,on,on,"{""id"": ""1747870075916"", ""last_triggered"": ""2025-07-11T20:54:20.499963+00:00"", ""mode"": ""single"", ""current"": 1, ""friendly_name"": ""auto-banheiro""}"
2025-07-11T17:54:20.506614,automation.auto_banheiro,on,on,"{""id"": ""1747870075916"", ""last_triggered"": ""2025-07-11T20:54:20.499963+00:00"", ""mode"": ""single"", ""current"": 0, ""friendly_name"": ""auto-banheiro""}"
2025-07-11T17:54:24.983734,camera.192_168_0_33,idle,idle,"{""access_token"": ""e163be8b8984627be990203b687c3905be37aafe64d44a3980a8f985b71ff49d"", ""entity_picture"": ""/api/camera_proxy/camera.192_168_0_33?token=e163be8b8984627be990203b687c3905be37aafe64d44a3980a8f985b71ff49d"", ""friendly_name"": ""192_168_0_14"", ""supported_features"": 2}"
2025-07-11T17:54:24.988364,camera.admin_mainstream,idle,idle,"{""access_token"": ""d654b40a5eab08ad971a28903082436b9cbeaaaf448d582e71c367fe9d60fed7"", ""entity_picture"": ""/api/camera_proxy/camera.admin_mainstream?token=d654b40a5eab08ad971a28903082436b9cbeaaaf448d582e71c367fe9d60fed7"", ""friendly_name"": ""admin MainStream"", ""supported_features"": 2}"
2025-07-11T17:54:24.993828,camera.admin_substream,idle,idle,"{""access_token"": ""613e1961208dac73dbbd2b3f96fa054091e9020597659313fc1074d3e568eedd"", ""entity_picture"": ""/api/camera_proxy/camera.admin_substream?token=613e1961208dac73dbbd2b3f96fa054091e9020597659313fc1074d3e568eedd"", ""friendly_name"": ""admin SubStream"", ""supported_features"": 2}"
2025-07-11T17:54:25.505901,automation.auto_banheiro,on,on,"{""id"": ""1747870075916"", ""last_triggered"": ""2025-07-11T20:54:25.501176+00:00"", ""mode"": ""single"", ""current"": 1, ""friendly_name"": ""auto-banheiro""}"
2025-07-11T17:54:25.507567,automation.auto_banheiro,on,on,"{""id"": ""1747870075916"", ""last_triggered"": ""2025-07-11T20:54:25.501176+00:00"", ""mode"": ""single"", ""current"": 0, ""friendly_name"": ""auto-banheiro""}"
2025-07-11T17:54:30.511590,automation.auto_banheiro,on,on,"{""id"": ""1747870075916"", ""last_triggered"": ""2025-07-11T20:54:30.501031+00:00"", ""mode"": ""single"", ""current"": 1, ""friendly_name"": ""auto-banheiro""}"
2025-07-11T17:54:30.515100,automation.auto_banheiro,on,on,"{""id"": ""1747870075916"", ""last_triggered"": ""2025-07-11T20:54:30.501031+00:00"", ""mode"": ""single"", ""current"": 0, ""friendly_name"": ""auto-banheiro""}"
2025-07-11T17:54:35.506118,automation.auto_banheiro,on,on,"{""id"": ""1747870075916"", ""last_triggered"": ""2025-07-11T20:54:35.501359+00:00"", ""mode"": ""single"", ""current"": 1, ""friendly_name"": ""auto-banheiro""}"
2025-07-11T17:54:35.507862,automation.auto_banheiro,on,on,"{""id"": ""1747870075916"", ""last_triggered"": ""2025-07-11T20:54:35.501359+00:00"", ""mode"": ""single"", ""current"": 0, ""friendly_name"": ""auto-banheiro""}"
2025-07-11T17:54:37.644397,sensor.arris_tg1692a_router_download_speed,0.0064229620225637,0.00278368090734291,"{""state_class"": ""measurement"", ""unit_of_measurement"": ""Mbit/s"", ""device_class"": ""data_rate"", ""friendly_name"": ""ARRIS TG1692A Router Download speed""}"
2025-07-11T17:54:37.648599,sensor.arris_tg1692a_router_upload_speed,0.0031981476183927,0.00309914163283258,"{""state_class"": ""measurement"", ""unit_of_measurement"": ""Mbit/s"", ""device_class"": ""data_rate"", ""friendly_name"": ""ARRIS TG1692A Router Upload speed""}"
2025-07-11T17:54:40.505131,automation.auto_banheiro,on,on,"{""id"": ""1747870075916"", ""last_triggered"": ""2025-07-11T20:54:40.500101+00:00"", ""mode"": ""single"", ""current"": 1, ""friendly_name"": ""auto-banheiro""}"
2025-07-11T17:54:40.506667,automation.auto_banheiro,on,on,"{""id"": ""1747870075916"", ""last_triggered"": ""2025-07-11T20:54:40.500101+00:00"", ""mode"": ""single"", ""current"": 0, ""friendly_name"": ""auto-banheiro""}"
2025-07-11T17:54:45.504858,automation.auto_banheiro,on,on,"{""id"": ""1747870075916"", ""last_triggered"": ""2025-07-11T20:54:45.500047+00:00"", ""mode"": ""single"", ""current"": 1, ""friendly_name"": ""auto-banheiro""}"
2025-07-11T17:54:45.506463,automation.auto_banheiro,on,on,"{""id"": ""1747870075916"", ""last_triggered"": ""2025-07-11T20:54:45.500047+00:00"", ""mode"": ""single"", ""current"": 0, ""friendly_name"": ""auto-banheiro""}"
2025-07-11T17:54:50.505149,automation.auto_banheiro,on,on,"{""id"": ""1747870075916"", ""last_triggered"": ""2025-07-11T20:54:50.500046+00:00"", ""mode"": ""single"", ""current"": 1, ""friendly_name"": ""auto-banheiro""}"
2025-07-11T17:54:50.506979,automation.auto_banheiro,on,on,"{""id"": ""1747870075916"", ""last_triggered"": ""2025-07-11T20:54:50.500046+00:00"", ""mode"": ""single"", ""current"": 0, ""friendly_name"": ""auto-banheiro""}"
2025-07-11T17:54:55.511649,automation.auto_banheiro,on,on,"{""id"": ""1747870075916"", ""last_triggered"": ""2025-07-11T20:54:55.501019+00:00"", ""mode"": ""single"", ""current"": 1, ""friendly_name"": ""auto-banheiro""}"
2025-07-11T17:54:55.515009,automation.auto_banheiro,on,on,"{""id"": ""1747870075916"", ""last_triggered"": ""2025-07-11T20:54:55.501019+00:00"", ""mode"": ""single"", ""current"": 0, ""friendly_name"": ""auto-banheiro""}"
2025-07-11T17:55:00.505024,automation.auto_banheiro,on,on,"{""id"": ""1747870075916"", ""last_triggered"": ""2025-07-11T20:55:00.500055+00:00"", ""mode"": ""single"", ""current"": 1, ""friendly_name"": ""auto-banheiro""}"
2025-07-11T17:55:00.506682,automation.auto_banheiro,on,on,"{""id"": ""1747870075916"", ""last_triggered"": ""2025-07-11T20:55:00.500055+00:00"", ""mode"": ""single"", ""current"": 0, ""friendly_name"": ""auto-banheiro""}"
2025-07-11T17:55:05.514097,automation.auto_banheiro,on,on,"{""id"": ""1747870075916"", ""last_triggered"": ""2025-07-11T20:55:05.502256+00:00"", ""mode"": ""single"", ""current"": 1, ""friendly_name"": ""auto-banheiro""}"
2025-07-11T17:55:05.517685,automation.auto_banheiro,on,on,"{""id"": ""1747870075916"", ""last_triggered"": ""2025-07-11T20:55:05.502256+00:00"", ""mode"": ""single"", ""current"": 0, ""friendly_name"": ""auto-banheiro""}"
2025-07-11T17:55:07.617970,sensor.arris_tg1692a_router_download_speed,0.00278368090734291,0.00561405885461479,"{""state_class"": ""measurement"", ""unit_of_measurement"": ""Mbit/s"", ""device_class"": ""data_rate"", ""friendly_name"": ""ARRIS TG1692A Router Download speed""}"
2025-07-11T17:55:07.619607,sensor.arris_tg1692a_router_upload_speed,0.00309914163283258,0.00627301474620481,"{""state_class"": ""measurement"", ""unit_of_measurement"": ""Mbit/s"", ""device_class"": ""data_rate"", ""friendly_name"": ""ARRIS TG1692A Router Upload speed""}"
2025-07-11T17:55:10.114878,automation.aut_status_bruno,on,on,"{""id"": ""1751855857509"", ""last_triggered"": ""2025-07-11T20:55:10.108336+00:00"", ""mode"": ""single"", ""current"": 1, ""friendly_name"": ""aut-status-bruno""}"
2025-07-11T17:55:10.117283,automation.aut_status_bruno,on,on,"{""id"": ""1751855857509"", ""last_triggered"": ""2025-07-11T20:55:10.108336+00:00"", ""mode"": ""single"", ""current"": 0, ""friendly_name"": ""aut-status-bruno""}"
2025-07-11T17:55:10.258953,automation.aut_lampada_quarto,on,on,"{""id"": ""1746067262247"", ""last_triggered"": ""2025-07-11T20:55:10.255043+00:00"", ""mode"": ""single"", ""current"": 1, ""friendly_name"": ""aut-quarto""}"
2025-07-11T17:55:10.260620,automation.aut_lampada_quarto,on,on,"{""id"": ""1746067262247"", ""last_triggered"": ""2025-07-11T20:55:10.255043+00:00"", ""mode"": ""single"", ""current"": 0, ""friendly_name"": ""aut-quarto""}"
2025-07-11T17:55:10.504751,automation.auto_banheiro,on,on,"{""id"": ""1747870075916"", ""last_triggered"": ""2025-07-11T20:55:10.499988+00:00"", ""mode"": ""single"", ""current"": 1, ""friendly_name"": ""auto-banheiro""}"
2025-07-11T17:55:10.506366,automation.auto_banheiro,on,on,"{""id"": ""1747870075916"", ""last_triggered"": ""2025-07-11T20:55:10.499988+00:00"", ""mode"": ""single"", ""current"": 0, ""friendly_name"": ""auto-banheiro""}"
2025-07-11T17:55:15.506846,automation.auto_banheiro,on,on,"{""id"": ""1747870075916"", ""last_triggered"": ""2025-07-11T20:55:15.500798+00:00"", ""mode"": ""single"", ""current"": 1, ""friendly_name"": ""auto-banheiro""}"
2025-07-11T17:55:15.508766,automation.auto_banheiro,on,on,"{""id"": ""1747870075916"", ""last_triggered"": ""2025-07-11T20:55:15.500798+00:00"", ""mode"": ""single"", ""current"": 0, ""friendly_name"": ""auto-banheiro""}"
2025-07-11T17:55:20.510132,automation.auto_banheiro,on,on,"{""id"": ""1747870075916"", ""last_triggered"": ""2025-07-11T20:55:20.500979+00:00"", ""mode"": ""single"", ""current"": 1, ""friendly_name"": ""auto-banheiro""}"
2025-07-11T17:55:20.512689,automation.auto_banheiro,on,on,"{""id"": ""1747870075916"", ""last_triggered"": ""2025-07-11T20:55:20.500979+00:00"", ""mode"": ""single"", ""current"": 0, ""friendly_name"": ""auto-banheiro""}"
2025-07-11T17:55:25.504891,automation.auto_banheiro,on,on,"{""id"": ""1747870075916"", ""last_triggered"": ""2025-07-11T20:55:25.499993+00:00"", ""mode"": ""single"", ""current"": 1, ""friendly_name"": ""auto-banheiro""}"
2025-07-11T17:55:25.506526,automation.auto_banheiro,on,on,"{""id"": ""1747870075916"", ""last_triggered"": ""2025-07-11T20:55:25.499993+00:00"", ""mode"": ""single"", ""current"": 0, ""friendly_name"": ""auto-banheiro""}"
2025-07-11T17:55:30.513331,automation.auto_banheiro,on,on,"{""id"": ""1747870075916"", ""last_triggered"": ""2025-07-11T20:55:30.500260+00:00"", ""mode"": ""single"", ""current"": 1, ""friendly_name"": ""auto-banheiro""}"
2025-07-11T17:55:30.514827,automation.auto_banheiro,on,on,"{""id"": ""1747870075916"", ""last_triggered"": ""2025-07-11T20:55:30.500260+00:00"", ""mode"": ""single"", ""current"": 0, ""friendly_name"": ""auto-banheiro""}"
2025-07-11T17:55:35.506255,automation.auto_banheiro,on,on,"{""id"": ""1747870075916"", ""last_triggered"": ""2025-07-11T20:55:35.500440+00:00"", ""mode"": ""single"", ""current"": 1, ""friendly_name"": ""auto-banheiro""}"
2025-07-11T17:55:35.508644,automation.auto_banheiro,on,on,"{""id"": ""1747870075916"", ""last_triggered"": ""2025-07-11T20:55:35.500440+00:00"", ""mode"": ""single"", ""current"": 0, ""friendly_name"": ""auto-banheiro""}"
2025-07-11T17:55:37.615216,sensor.arris_tg1692a_router_download_speed,0.00561405885461479,0.0759962008032926,"{""state_class"": ""measurement"", ""unit_of_measurement"": ""Mbit/s"", ""device_class"": ""data_rate"", ""friendly_name"": ""ARRIS TG1692A Router Download speed""}"
2025-07-11T17:55:37.616985,sensor.arris_tg1692a_router_upload_speed,0.00627301474620481,0.0474602255344712,"{""state_class"": ""measurement"", ""unit_of_measurement"": ""Mbit/s"", ""device_class"": ""data_rate"", ""friendly_name"": ""ARRIS TG1692A Router Upload speed""}"
2025-07-11T17:55:40.510198,automation.auto_banheiro,on,on,"{""id"": ""1747870075916"", ""last_triggered"": ""2025-07-11T20:55:40.501026+00:00"", ""mode"": ""single"", ""current"": 1, ""friendly_name"": ""auto-banheiro""}"
2025-07-11T17:55:40.513289,automation.auto_banheiro,on,on,"{""id"": ""1747870075916"", ""last_triggered"": ""2025-07-11T20:55:40.501026+00:00"", ""mode"": ""single"", ""current"": 0, ""friendly_name"": ""auto-banheiro""}"
2025-07-11T17:55:45.505005,automation.auto_banheiro,on,on,"{""id"": ""1747870075916"", ""last_triggered"": ""2025-07-11T20:55:45.500058+00:00"", ""mode"": ""single"", ""current"": 1, ""friendly_name"": ""auto-banheiro""}"
2025-07-11T17:55:45.506691,automation.auto_banheiro,on,on,"{""id"": ""1747870075916"", ""last_triggered"": ""2025-07-11T20:55:45.500058+00:00"", ""mode"": ""single"", ""current"": 0, ""friendly_name"": ""auto-banheiro""}"
2025-07-11T17:55:50.505152,automation.auto_banheiro,on,on,"{""id"": ""1747870075916"", ""last_triggered"": ""2025-07-11T20:55:50.500430+00:00"", ""mode"": ""single"", ""current"": 1, ""friendly_name"": ""auto-banheiro""}"
2025-07-11T17:55:50.506855,automation.auto_banheiro,on,on,"{""id"": ""1747870075916"", ""last_triggered"": ""2025-07-11T20:55:50.500430+00:00"", ""mode"": ""single"", ""current"": 0, ""friendly_name"": ""auto-banheiro""}"
2025-07-11T17:55:55.022393,binary_sensor.human_presence_sensor_occupancy,on,off,"{""device_class"": ""occupancy"", ""friendly_name"": ""Presen\u00e7a Quarto  Occupancy""}"
2025-07-11T17:55:55.033916,automation.aut_lampada_quarto,on,on,"{""id"": ""1746067262247"", ""last_triggered"": ""2025-07-11T20:55:55.009530+00:00"", ""mode"": ""single"", ""current"": 1, ""friendly_name"": ""aut-quarto""}"
2025-07-11T17:55:55.039222,scene.automation_bedroom_fan_0,2025-07-11T20:42:18.965525+00:00,2025-07-11T20:55:55.018211+00:00,"{""friendly_name"": ""automation-bedroom-fan-0""}"
2025-07-11T17:55:55.514077,automation.auto_banheiro,on,on,"{""id"": ""1747870075916"", ""last_triggered"": ""2025-07-11T20:55:55.500899+00:00"", ""mode"": ""single"", ""current"": 1, ""friendly_name"": ""auto-banheiro""}"
2025-07-11T17:55:55.518404,automation.auto_banheiro,on,on,"{""id"": ""1747870075916"", ""last_triggered"": ""2025-07-11T20:55:55.500899+00:00"", ""mode"": ""single"", ""current"": 0, ""friendly_name"": ""auto-banheiro""}"
2025-07-11T17:55:55.700270,automation.aut_lampada_quarto,on,on,"{""id"": ""1746067262247"", ""last_triggered"": ""2025-07-11T20:55:55.009530+00:00"", ""mode"": ""single"", ""current"": 0, ""friendly_name"": ""aut-quarto""}"
2025-07-11T17:55:56.295115,light.lampada_quarto,on,off,"{""min_color_temp_kelvin"": 2000, ""max_color_temp_kelvin"": 6500, ""min_mireds"": 153, ""max_mireds"": 500, ""supported_color_modes"": [""color_temp"", ""hs""], ""color_mode"": null, ""brightness"": null, ""color_temp_kelvin"": null, ""color_temp"": null, ""hs_color"": null, ""rgb_color"": null, ""xy_color"": null, ""friendly_name"": ""L\u00e2mpada quarto "", ""supported_features"": 0}"
2025-07-11T17:56:00.505644,automation.auto_banheiro,on,on,"{""id"": ""1747870075916"", ""last_triggered"": ""2025-07-11T20:56:00.500788+00:00"", ""mode"": ""single"", ""current"": 1, ""friendly_name"": ""auto-banheiro""}"
2025-07-11T17:56:00.507266,automation.auto_banheiro,on,on,"{""id"": ""1747870075916"", ""last_triggered"": ""2025-07-11T20:56:00.500788+00:00"", ""mode"": ""single"", ""current"": 0, ""friendly_name"": ""auto-banheiro""}"
2025-07-11T17:56:05.504958,automation.auto_banheiro,on,on,"{""id"": ""1747870075916"", ""last_triggered"": ""2025-07-11T20:56:05.500024+00:00"", ""mode"": ""single"", ""current"": 1, ""friendly_name"": ""auto-banheiro""}"
2025-07-11T17:56:05.506569,automation.auto_banheiro,on,on,"{""id"": ""1747870075916"", ""last_triggered"": ""2025-07-11T20:56:05.500024+00:00"", ""mode"": ""single"", ""current"": 0, ""friendly_name"": ""auto-banheiro""}"
2025-07-11T17:56:07.618467,sensor.arris_tg1692a_router_download_speed,0.0759962008032926,0.0173289570956917,"{""state_class"": ""measurement"", ""unit_of_measurement"": ""Mbit/s"", ""device_class"": ""data_rate"", ""friendly_name"": ""ARRIS TG1692A Router Download speed""}"
2025-07-11T17:56:07.620340,sensor.arris_tg1692a_router_upload_speed,0.0474602255344712,0.014727453611471,"{""state_class"": ""measurement"", ""unit_of_measurement"": ""Mbit/s"", ""device_class"": ""data_rate"", ""friendly_name"": ""ARRIS TG1692A Router Upload speed""}"
2025-07-11T17:56:10.121371,automation.aut_status_bruno,on,on,"{""id"": ""1751855857509"", ""last_triggered"": ""2025-07-11T20:56:10.108933+00:00"", ""mode"": ""single"", ""current"": 1, ""friendly_name"": ""aut-status-bruno""}"
2025-07-11T17:56:10.123230,automation.aut_status_bruno,on,on,"{""id"": ""1751855857509"", ""last_triggered"": ""2025-07-11T20:56:10.108933+00:00"", ""mode"": ""single"", ""current"": 0, ""friendly_name"": ""aut-status-bruno""}"
2025-07-11T17:56:10.263084,automation.aut_lampada_quarto,on,on,"{""id"": ""1746067262247"", ""last_triggered"": ""2025-07-11T20:56:10.256383+00:00"", ""mode"": ""single"", ""current"": 1, ""friendly_name"": ""aut-quarto""}"
2025-07-11T17:56:10.264711,automation.aut_lampada_quarto,on,on,"{""id"": ""1746067262247"", ""last_triggered"": ""2025-07-11T20:56:10.256383+00:00"", ""mode"": ""single"", ""current"": 0, ""friendly_name"": ""aut-quarto""}"
2025-07-11T17:56:10.505688,automation.auto_banheiro,on,on,"{""id"": ""1747870075916"", ""last_triggered"": ""2025-07-11T20:56:10.500837+00:00"", ""mode"": ""single"", ""current"": 1, ""friendly_name"": ""auto-banheiro""}"
2025-07-11T17:56:10.507708,automation.auto_banheiro,on,on,"{""id"": ""1747870075916"", ""last_triggered"": ""2025-07-11T20:56:10.500837+00:00"", ""mode"": ""single"", ""current"": 0, ""friendly_name"": ""auto-banheiro""}"
2025-07-11T17:56:15.505248,automation.auto_banheiro,on,on,"{""id"": ""1747870075916"", ""last_triggered"": ""2025-07-11T20:56:15.500467+00:00"", ""mode"": ""single"", ""current"": 1, ""friendly_name"": ""auto-banheiro""}"
2025-07-11T17:56:15.506935,automation.auto_banheiro,on,on,"{""id"": ""1747870075916"", ""last_triggered"": ""2025-07-11T20:56:15.500467+00:00"", ""mode"": ""single"", ""current"": 0, ""friendly_name"": ""auto-banheiro""}"
2025-07-11T17:56:20.507127,automation.auto_banheiro,on,on,"{""id"": ""1747870075916"", ""last_triggered"": ""2025-07-11T20:56:20.499924+00:00"", ""mode"": ""single"", ""current"": 1, ""friendly_name"": ""auto-banheiro""}"
2025-07-11T17:56:20.508809,automation.auto_banheiro,on,on,"{""id"": ""1747870075916"", ""last_triggered"": ""2025-07-11T20:56:20.499924+00:00"", ""mode"": ""single"", ""current"": 0, ""friendly_name"": ""auto-banheiro""}"
2025-07-11T17:56:25.506474,automation.auto_banheiro,on,on,"{""id"": ""1747870075916"", ""last_triggered"": ""2025-07-11T20:56:25.501648+00:00"", ""mode"": ""single"", ""current"": 1, ""friendly_name"": ""auto-banheiro""}"
2025-07-11T17:56:25.508450,automation.auto_banheiro,on,on,"{""id"": ""1747870075916"", ""last_triggered"": ""2025-07-11T20:56:25.501648+00:00"", ""mode"": ""single"", ""current"": 0, ""friendly_name"": ""auto-banheiro""}"
2025-07-11T17:56:30.505591,automation.auto_banheiro,on,on,"{""id"": ""1747870075916"", ""last_triggered"": ""2025-07-11T20:56:30.500795+00:00"", ""mode"": ""single"", ""current"": 1, ""friendly_name"": ""auto-banheiro""}"
2025-07-11T17:56:30.509667,automation.auto_banheiro,on,on,"{""id"": ""1747870075916"", ""last_triggered"": ""2025-07-11T20:56:30.500795+00:00"", ""mode"": ""single"", ""current"": 0, ""friendly_name"": ""auto-banheiro""}"
2025-07-11T17:56:35.505061,automation.auto_banheiro,on,on,"{""id"": ""1747870075916"", ""last_triggered"": ""2025-07-11T20:56:35.500068+00:00"", ""mode"": ""single"", ""current"": 1, ""friendly_name"": ""auto-banheiro""}"
2025-07-11T17:56:35.507419,automation.auto_banheiro,on,on,"{""id"": ""1747870075916"", ""last_triggered"": ""2025-07-11T20:56:35.500068+00:00"", ""mode"": ""single"", ""current"": 0, ""friendly_name"": ""auto-banheiro""}"
2025-07-11T17:56:37.616640,sensor.arris_tg1692a_router_download_speed,0.0173289570956917,0.00780471622385018,"{""state_class"": ""measurement"", ""unit_of_measurement"": ""Mbit/s"", ""device_class"": ""data_rate"", ""friendly_name"": ""ARRIS TG1692A Router Download speed""}"
2025-07-11T17:56:37.618365,sensor.arris_tg1692a_router_upload_speed,0.014727453611471,0.00286860055420632,"{""state_class"": ""measurement"", ""unit_of_measurement"": ""Mbit/s"", ""device_class"": ""data_rate"", ""friendly_name"": ""ARRIS TG1692A Router Upload speed""}"
2025-07-11T17:56:40.522307,automation.auto_banheiro,on,on,"{""id"": ""1747870075916"", ""last_triggered"": ""2025-07-11T20:56:40.501668+00:00"", ""mode"": ""single"", ""current"": 1, ""friendly_name"": ""auto-banheiro""}"
2025-07-11T17:56:40.527212,automation.auto_banheiro,on,on,"{""id"": ""1747870075916"", ""last_triggered"": ""2025-07-11T20:56:40.501668+00:00"", ""mode"": ""single"", ""current"": 0, ""friendly_name"": ""auto-banheiro""}"
2025-07-11T17:56:45.506062,automation.auto_banheiro,on,on,"{""id"": ""1747870075916"", ""last_triggered"": ""2025-07-11T20:56:45.501109+00:00"", ""mode"": ""single"", ""current"": 1, ""friendly_name"": ""auto-banheiro""}"
2025-07-11T17:56:45.507795,automation.auto_banheiro,on,on,"{""id"": ""1747870075916"", ""last_triggered"": ""2025-07-11T20:56:45.501109+00:00"", ""mode"": ""single"", ""current"": 0, ""friendly_name"": ""auto-banheiro""}"
2025-07-11T17:56:50.505584,automation.auto_banheiro,on,on,"{""id"": ""1747870075916"", ""last_triggered"": ""2025-07-11T20:56:50.500721+00:00"", ""mode"": ""single"", ""current"": 1, ""friendly_name"": ""auto-banheiro""}"
2025-07-11T17:56:50.507364,automation.auto_banheiro,on,on,"{""id"": ""1747870075916"", ""last_triggered"": ""2025-07-11T20:56:50.500721+00:00"", ""mode"": ""single"", ""current"": 0, ""friendly_name"": ""auto-banheiro""}"
2025-07-11T17:56:55.512377,automation.auto_banheiro,on,on,"{""id"": ""1747870075916"", ""last_triggered"": ""2025-07-11T20:56:55.500355+00:00"", ""mode"": ""single"", ""current"": 1, ""friendly_name"": ""auto-banheiro""}"
2025-07-11T17:56:55.514002,automation.auto_banheiro,on,on,"{""id"": ""1747870075916"", ""last_triggered"": ""2025-07-11T20:56:55.500355+00:00"", ""mode"": ""single"", ""current"": 0, ""friendly_name"": ""auto-banheiro""}"
2025-07-11T17:57:00.509600,automation.auto_banheiro,on,on,"{""id"": ""1747870075916"", ""last_triggered"": ""2025-07-11T20:57:00.501740+00:00"", ""mode"": ""single"", ""current"": 1, ""friendly_name"": ""auto-banheiro""}"
2025-07-11T17:57:00.511166,automation.auto_banheiro,on,on,"{""id"": ""1747870075916"", ""last_triggered"": ""2025-07-11T20:57:00.501740+00:00"", ""mode"": ""single"", ""current"": 0, ""friendly_name"": ""auto-banheiro""}"
2025-07-11T17:57:05.388677,sun.sun,below_horizon,below_horizon,"{""next_dawn"": ""2025-07-12T08:34:18.375179+00:00"", ""next_dusk"": ""2025-07-12T20:45:20.313231+00:00"", ""next_midnight"": ""2025-07-12T02:39:47+00:00"", ""next_noon"": ""2025-07-12T14:39:42+00:00"", ""next_rising"": ""2025-07-12T08:57:34.507646+00:00"", ""next_setting"": ""2025-07-12T20:22:04.562792+00:00"", ""elevation"": -8.75, ""azimuth"": 290.67, ""rising"": false, ""friendly_name"": ""Sun""}"
2025-07-11T17:57:05.515427,automation.auto_banheiro,on,on,"{""id"": ""1747870075916"", ""last_triggered"": ""2025-07-11T20:57:05.500883+00:00"", ""mode"": ""single"", ""current"": 1, ""friendly_name"": ""auto-banheiro""}"
2025-07-11T17:57:05.519038,automation.auto_banheiro,on,on,"{""id"": ""1747870075916"", ""last_triggered"": ""2025-07-11T20:57:05.500883+00:00"", ""mode"": ""single"", ""current"": 0, ""friendly_name"": ""auto-banheiro""}"
2025-07-11T17:57:07.616733,sensor.arris_tg1692a_router_download_speed,0.00780471622385018,0.00412323614703689,"{""state_class"": ""measurement"", ""unit_of_measurement"": ""Mbit/s"", ""device_class"": ""data_rate"", ""friendly_name"": ""ARRIS TG1692A Router Download speed""}"
2025-07-11T17:57:07.618406,sensor.arris_tg1692a_router_upload_speed,0.00286860055420632,0.00154961358494576,"{""state_class"": ""measurement"", ""unit_of_measurement"": ""Mbit/s"", ""device_class"": ""data_rate"", ""friendly_name"": ""ARRIS TG1692A Router Upload speed""}"
2025-07-11T17:57:10.117381,automation.aut_status_bruno,on,on,"{""id"": ""1751855857509"", ""last_triggered"": ""2025-07-11T20:57:10.108631+00:00"", ""mode"": ""single"", ""current"": 1, ""friendly_name"": ""aut-status-bruno""}"
2025-07-11T17:57:10.119716,automation.aut_status_bruno,on,on,"{""id"": ""1751855857509"", ""last_triggered"": ""2025-07-11T20:57:10.108631+00:00"", ""mode"": ""single"", ""current"": 0, ""friendly_name"": ""aut-status-bruno""}"
2025-07-11T17:57:10.258790,automation.aut_lampada_quarto,on,on,"{""id"": ""1746067262247"", ""last_triggered"": ""2025-07-11T20:57:10.254766+00:00"", ""mode"": ""single"", ""current"": 1, ""friendly_name"": ""aut-quarto""}"
2025-07-11T17:57:10.260432,automation.aut_lampada_quarto,on,on,"{""id"": ""1746067262247"", ""last_triggered"": ""2025-07-11T20:57:10.254766+00:00"", ""mode"": ""single"", ""current"": 0, ""friendly_name"": ""aut-quarto""}"
2025-07-11T17:57:10.504803,automation.auto_banheiro,on,on,"{""id"": ""1747870075916"", ""last_triggered"": ""2025-07-11T20:57:10.499982+00:00"", ""mode"": ""single"", ""current"": 1, ""friendly_name"": ""auto-banheiro""}"
2025-07-11T17:57:10.506500,automation.auto_banheiro,on,on,"{""id"": ""1747870075916"", ""last_triggered"": ""2025-07-11T20:57:10.499982+00:00"", ""mode"": ""single"", ""current"": 0, ""friendly_name"": ""auto-banheiro""}"
2025-07-11T17:57:15.504783,automation.auto_banheiro,on,on,"{""id"": ""1747870075916"", ""last_triggered"": ""2025-07-11T20:57:15.499821+00:00"", ""mode"": ""single"", ""current"": 1, ""friendly_name"": ""auto-banheiro""}"
2025-07-11T17:57:15.506717,automation.auto_banheiro,on,on,"{""id"": ""1747870075916"", ""last_triggered"": ""2025-07-11T20:57:15.499821+00:00"", ""mode"": ""single"", ""current"": 0, ""friendly_name"": ""auto-banheiro""}"
2025-07-11T17:57:20.505463,automation.auto_banheiro,on,on,"{""id"": ""1747870075916"", ""last_triggered"": ""2025-07-11T20:57:20.500578+00:00"", ""mode"": ""single"", ""current"": 1, ""friendly_name"": ""auto-banheiro""}"
2025-07-11T17:57:20.508347,automation.auto_banheiro,on,on,"{""id"": ""1747870075916"", ""last_triggered"": ""2025-07-11T20:57:20.500578+00:00"", ""mode"": ""single"", ""current"": 0, ""friendly_name"": ""auto-banheiro""}"
2025-07-11T17:57:25.514751,automation.auto_banheiro,on,on,"{""id"": ""1747870075916"", ""last_triggered"": ""2025-07-11T20:57:25.500740+00:00"", ""mode"": ""single"", ""current"": 1, ""friendly_name"": ""auto-banheiro""}"
2025-07-11T17:57:25.518069,automation.auto_banheiro,on,on,"{""id"": ""1747870075916"", ""last_triggered"": ""2025-07-11T20:57:25.500740+00:00"", ""mode"": ""single"", ""current"": 0, ""friendly_name"": ""auto-banheiro""}"
2025-07-11T17:57:30.505412,automation.auto_banheiro,on,on,"{""id"": ""1747870075916"", ""last_triggered"": ""2025-07-11T20:57:30.500518+00:00"", ""mode"": ""single"", ""current"": 1, ""friendly_name"": ""auto-banheiro""}"
2025-07-11T17:57:30.507107,automation.auto_banheiro,on,on,"{""id"": ""1747870075916"", ""last_triggered"": ""2025-07-11T20:57:30.500518+00:00"", ""mode"": ""single"", ""current"": 0, ""friendly_name"": ""auto-banheiro""}"
2025-07-11T17:57:35.509818,automation.auto_banheiro,on,on,"{""id"": ""1747870075916"", ""last_triggered"": ""2025-07-11T20:57:35.499987+00:00"", ""mode"": ""single"", ""current"": 1, ""friendly_name"": ""auto-banheiro""}"
2025-07-11T17:57:35.512335,automation.auto_banheiro,on,on,"{""id"": ""1747870075916"", ""last_triggered"": ""2025-07-11T20:57:35.499987+00:00"", ""mode"": ""single"", ""current"": 0, ""friendly_name"": ""auto-banheiro""}"
2025-07-11T17:57:37.620271,sensor.arris_tg1692a_router_download_speed,0.00412323614703689,0.00436561571621658,"{""state_class"": ""measurement"", ""unit_of_measurement"": ""Mbit/s"", ""device_class"": ""data_rate"", ""friendly_name"": ""ARRIS TG1692A Router Download speed""}"
2025-07-11T17:57:37.621890,sensor.arris_tg1692a_router_upload_speed,0.00154961358494576,0.00389068067311709,"{""state_class"": ""measurement"", ""unit_of_measurement"": ""Mbit/s"", ""device_class"": ""data_rate"", ""friendly_name"": ""ARRIS TG1692A Router Upload speed""}"
2025-07-11T17:57:40.505048,automation.auto_banheiro,on,on,"{""id"": ""1747870075916"", ""last_triggered"": ""2025-07-11T20:57:40.500256+00:00"", ""mode"": ""single"", ""current"": 1, ""friendly_name"": ""auto-banheiro""}"
2025-07-11T17:57:40.506752,automation.auto_banheiro,on,on,"{""id"": ""1747870075916"", ""last_triggered"": ""2025-07-11T20:57:40.500256+00:00"", ""mode"": ""single"", ""current"": 0, ""friendly_name"": ""auto-banheiro""}"
2025-07-11T17:57:45.505014,automation.auto_banheiro,on,on,"{""id"": ""1747870075916"", ""last_triggered"": ""2025-07-11T20:57:45.500168+00:00"", ""mode"": ""single"", ""current"": 1, ""friendly_name"": ""auto-banheiro""}"
2025-07-11T17:57:45.506575,automation.auto_banheiro,on,on,"{""id"": ""1747870075916"", ""last_triggered"": ""2025-07-11T20:57:45.500168+00:00"", ""mode"": ""single"", ""current"": 0, ""friendly_name"": ""auto-banheiro""}"
2025-07-11T17:57:50.504872,automation.auto_banheiro,on,on,"{""id"": ""1747870075916"", ""last_triggered"": ""2025-07-11T20:57:50.500001+00:00"", ""mode"": ""single"", ""current"": 1, ""friendly_name"": ""auto-banheiro""}"
2025-07-11T17:57:50.506498,automation.auto_banheiro,on,on,"{""id"": ""1747870075916"", ""last_triggered"": ""2025-07-11T20:57:50.500001+00:00"", ""mode"": ""single"", ""current"": 0, ""friendly_name"": ""auto-banheiro""}"
2025-07-11T17:57:55.505951,automation.auto_banheiro,on,on,"{""id"": ""1747870075916"", ""last_triggered"": ""2025-07-11T20:57:55.501161+00:00"", ""mode"": ""single"", ""current"": 1, ""friendly_name"": ""auto-banheiro""}"
2025-07-11T17:57:55.508805,automation.auto_banheiro,on,on,"{""id"": ""1747870075916"", ""last_triggered"": ""2025-07-11T20:57:55.501161+00:00"", ""mode"": ""single"", ""current"": 0, ""friendly_name"": ""auto-banheiro""}"
2025-07-11T17:58:00.507803,automation.auto_banheiro,on,on,"{""id"": ""1747870075916"", ""last_triggered"": ""2025-07-11T20:58:00.500364+00:00"", ""mode"": ""single"", ""current"": 1, ""friendly_name"": ""auto-banheiro""}"
2025-07-11T17:58:00.509304,automation.auto_banheiro,on,on,"{""id"": ""1747870075916"", ""last_triggered"": ""2025-07-11T20:58:00.500364+00:00"", ""mode"": ""single"", ""current"": 0, ""friendly_name"": ""auto-banheiro""}"
2025-07-11T17:58:05.518919,automation.auto_banheiro,on,on,"{""id"": ""1747870075916"", ""last_triggered"": ""2025-07-11T20:58:05.500890+00:00"", ""mode"": ""single"", ""current"": 1, ""friendly_name"": ""auto-banheiro""}"
2025-07-11T17:58:05.522266,automation.auto_banheiro,on,on,"{""id"": ""1747870075916"", ""last_triggered"": ""2025-07-11T20:58:05.500890+00:00"", ""mode"": ""single"", ""current"": 0, ""friendly_name"": ""auto-banheiro""}"
2025-07-11T17:58:07.618505,sensor.arris_tg1692a_router_download_speed,0.00436561571621658,0.00204158829489378,"{""state_class"": ""measurement"", ""unit_of_measurement"": ""Mbit/s"", ""device_class"": ""data_rate"", ""friendly_name"": ""ARRIS TG1692A Router Download speed""}"
2025-07-11T17:58:07.621035,sensor.arris_tg1692a_router_upload_speed,0.00389068067311709,0.00121785968427114,"{""state_class"": ""measurement"", ""unit_of_measurement"": ""Mbit/s"", ""device_class"": ""data_rate"", ""friendly_name"": ""ARRIS TG1692A Router Upload speed""}"
2025-07-11T17:58:10.116088,automation.aut_status_bruno,on,on,"{""id"": ""1751855857509"", ""last_triggered"": ""2025-07-11T20:58:10.108025+00:00"", ""mode"": ""single"", ""current"": 1, ""friendly_name"": ""aut-status-bruno""}"
2025-07-11T17:58:10.118221,automation.aut_status_bruno,on,on,"{""id"": ""1751855857509"", ""last_triggered"": ""2025-07-11T20:58:10.108025+00:00"", ""mode"": ""single"", ""current"": 0, ""friendly_name"": ""aut-status-bruno""}"
2025-07-11T17:58:10.259078,automation.aut_lampada_quarto,on,on,"{""id"": ""1746067262247"", ""last_triggered"": ""2025-07-11T20:58:10.255064+00:00"", ""mode"": ""single"", ""current"": 1, ""friendly_name"": ""aut-quarto""}"
2025-07-11T17:58:10.260706,automation.aut_lampada_quarto,on,on,"{""id"": ""1746067262247"", ""last_triggered"": ""2025-07-11T20:58:10.255064+00:00"", ""mode"": ""single"", ""current"": 0, ""friendly_name"": ""aut-quarto""}"
2025-07-11T17:58:10.506100,automation.auto_banheiro,on,on,"{""id"": ""1747870075916"", ""last_triggered"": ""2025-07-11T20:58:10.500928+00:00"", ""mode"": ""single"", ""current"": 1, ""friendly_name"": ""auto-banheiro""}"
2025-07-11T17:58:10.507870,automation.auto_banheiro,on,on,"{""id"": ""1747870075916"", ""last_triggered"": ""2025-07-11T20:58:10.500928+00:00"", ""mode"": ""single"", ""current"": 0, ""friendly_name"": ""auto-banheiro""}"
2025-07-11T17:58:15.520216,automation.auto_banheiro,on,on,"{""id"": ""1747870075916"", ""last_triggered"": ""2025-07-11T20:58:15.500736+00:00"", ""mode"": ""single"", ""current"": 1, ""friendly_name"": ""auto-banheiro""}"
2025-07-11T17:58:15.523703,automation.auto_banheiro,on,on,"{""id"": ""1747870075916"", ""last_triggered"": ""2025-07-11T20:58:15.500736+00:00"", ""mode"": ""single"", ""current"": 0, ""friendly_name"": ""auto-banheiro""}"
2025-07-11T17:58:20.504754,automation.auto_banheiro,on,on,"{""id"": ""1747870075916"", ""last_triggered"": ""2025-07-11T20:58:20.499852+00:00"", ""mode"": ""single"", ""current"": 1, ""friendly_name"": ""auto-banheiro""}"
2025-07-11T17:58:20.506445,automation.auto_banheiro,on,on,"{""id"": ""1747870075916"", ""last_triggered"": ""2025-07-11T20:58:20.499852+00:00"", ""mode"": ""single"", ""current"": 0, ""friendly_name"": ""auto-banheiro""}"
2025-07-11T17:58:25.513626,automation.auto_banheiro,on,on,"{""id"": ""1747870075916"", ""last_triggered"": ""2025-07-11T20:58:25.501343+00:00"", ""mode"": ""single"", ""current"": 1, ""friendly_name"": ""auto-banheiro""}"
2025-07-11T17:58:25.517607,automation.auto_banheiro,on,on,"{""id"": ""1747870075916"", ""last_triggered"": ""2025-07-11T20:58:25.501343+00:00"", ""mode"": ""single"", ""current"": 0, ""friendly_name"": ""auto-banheiro""}"
2025-07-11T17:58:30.506204,automation.auto_banheiro,on,on,"{""id"": ""1747870075916"", ""last_triggered"": ""2025-07-11T20:58:30.500189+00:00"", ""mode"": ""single"", ""current"": 1, ""friendly_name"": ""auto-banheiro""}"
2025-07-11T17:58:30.507884,automation.auto_banheiro,on,on,"{""id"": ""1747870075916"", ""last_triggered"": ""2025-07-11T20:58:30.500189+00:00"", ""mode"": ""single"", ""current"": 0, ""friendly_name"": ""auto-banheiro""}"
2025-07-11T17:58:35.505348,automation.auto_banheiro,on,on,"{""id"": ""1747870075916"", ""last_triggered"": ""2025-07-11T20:58:35.500239+00:00"", ""mode"": ""single"", ""current"": 1, ""friendly_name"": ""auto-banheiro""}"
2025-07-11T17:58:35.507352,automation.auto_banheiro,on,on,"{""id"": ""1747870075916"", ""last_triggered"": ""2025-07-11T20:58:35.500239+00:00"", ""mode"": ""single"", ""current"": 0, ""friendly_name"": ""auto-banheiro""}"
2025-07-11T17:58:37.626935,sensor.arris_tg1692a_router_download_speed,0.00204158829489378,0.00248474367914327,"{""state_class"": ""measurement"", ""unit_of_measurement"": ""Mbit/s"", ""device_class"": ""data_rate"", ""friendly_name"": ""ARRIS TG1692A Router Download speed""}"
2025-07-11T17:58:37.631189,sensor.arris_tg1692a_router_upload_speed,0.00121785968427114,0.00143970070011746,"{""state_class"": ""measurement"", ""unit_of_measurement"": ""Mbit/s"", ""device_class"": ""data_rate"", ""friendly_name"": ""ARRIS TG1692A Router Upload speed""}"
2025-07-11T17:58:40.508863,automation.auto_banheiro,on,on,"{""id"": ""1747870075916"", ""last_triggered"": ""2025-07-11T20:58:40.500275+00:00"", ""mode"": ""single"", ""current"": 1, ""friendly_name"": ""auto-banheiro""}"
2025-07-11T17:58:40.511493,automation.auto_banheiro,on,on,"{""id"": ""1747870075916"", ""last_triggered"": ""2025-07-11T20:58:40.500275+00:00"", ""mode"": ""single"", ""current"": 0, ""friendly_name"": ""auto-banheiro""}"
2025-07-11T17:58:45.506666,automation.auto_banheiro,on,on,"{""id"": ""1747870075916"", ""last_triggered"": ""2025-07-11T20:58:45.500225+00:00"", ""mode"": ""single"", ""current"": 1, ""friendly_name"": ""auto-banheiro""}"
2025-07-11T17:58:45.508295,automation.auto_banheiro,on,on,"{""id"": ""1747870075916"", ""last_triggered"": ""2025-07-11T20:58:45.500225+00:00"", ""mode"": ""single"", ""current"": 0, ""friendly_name"": ""auto-banheiro""}"
2025-07-11T17:58:50.506006,automation.auto_banheiro,on,on,"{""id"": ""1747870075916"", ""last_triggered"": ""2025-07-11T20:58:50.500446+00:00"", ""mode"": ""single"", ""current"": 1, ""friendly_name"": ""auto-banheiro""}"
2025-07-11T17:58:50.507566,automation.auto_banheiro,on,on,"{""id"": ""1747870075916"", ""last_triggered"": ""2025-07-11T20:58:50.500446+00:00"", ""mode"": ""single"", ""current"": 0, ""friendly_name"": ""auto-banheiro""}"
2025-07-11T17:58:55.511836,automation.auto_banheiro,on,on,"{""id"": ""1747870075916"", ""last_triggered"": ""2025-07-11T20:58:55.501166+00:00"", ""mode"": ""single"", ""current"": 1, ""friendly_name"": ""auto-banheiro""}"
2025-07-11T17:58:55.516612,automation.auto_banheiro,on,on,"{""id"": ""1747870075916"", ""last_triggered"": ""2025-07-11T20:58:55.501166+00:00"", ""mode"": ""single"", ""current"": 0, ""friendly_name"": ""auto-banheiro""}"
2025-07-11T17:59:00.506193,automation.auto_banheiro,on,on,"{""id"": ""1747870075916"", ""last_triggered"": ""2025-07-11T20:59:00.500878+00:00"", ""mode"": ""single"", ""current"": 1, ""friendly_name"": ""auto-banheiro""}"
2025-07-11T17:59:00.508222,automation.auto_banheiro,on,on,"{""id"": ""1747870075916"", ""last_triggered"": ""2025-07-11T20:59:00.500878+00:00"", ""mode"": ""single"", ""current"": 0, ""friendly_name"": ""auto-banheiro""}"
2025-07-11T17:59:05.510307,automation.auto_banheiro,on,on,"{""id"": ""1747870075916"", ""last_triggered"": ""2025-07-11T20:59:05.500652+00:00"", ""mode"": ""single"", ""current"": 1, ""friendly_name"": ""auto-banheiro""}"
2025-07-11T17:59:05.516915,automation.auto_banheiro,on,on,"{""id"": ""1747870075916"", ""last_triggered"": ""2025-07-11T20:59:05.500652+00:00"", ""mode"": ""single"", ""current"": 0, ""friendly_name"": ""auto-banheiro""}"
2025-07-11T17:59:07.622056,sensor.arris_tg1692a_router_download_speed,0.00248474367914327,0.00264029034127006,"{""state_class"": ""measurement"", ""unit_of_measurement"": ""Mbit/s"", ""device_class"": ""data_rate"", ""friendly_name"": ""ARRIS TG1692A Router Download speed""}"
2025-07-11T17:59:07.624164,sensor.arris_tg1692a_router_upload_speed,0.00143970070011746,0.00164188138886979,"{""state_class"": ""measurement"", ""unit_of_measurement"": ""Mbit/s"", ""device_class"": ""data_rate"", ""friendly_name"": ""ARRIS TG1692A Router Upload speed""}"
2025-07-11T17:59:10.115365,automation.aut_status_bruno,on,on,"{""id"": ""1751855857509"", ""last_triggered"": ""2025-07-11T20:59:10.108201+00:00"", ""mode"": ""single"", ""current"": 1, ""friendly_name"": ""aut-status-bruno""}"
2025-07-11T17:59:10.117991,automation.aut_status_bruno,on,on,"{""id"": ""1751855857509"", ""last_triggered"": ""2025-07-11T20:59:10.108201+00:00"", ""mode"": ""single"", ""current"": 0, ""friendly_name"": ""aut-status-bruno""}"
2025-07-11T17:59:10.259089,automation.aut_lampada_quarto,on,on,"{""id"": ""1746067262247"", ""last_triggered"": ""2025-07-11T20:59:10.254585+00:00"", ""mode"": ""single"", ""current"": 1, ""friendly_name"": ""aut-quarto""}"
2025-07-11T17:59:10.261205,automation.aut_lampada_quarto,on,on,"{""id"": ""1746067262247"", ""last_triggered"": ""2025-07-11T20:59:10.254585+00:00"", ""mode"": ""single"", ""current"": 0, ""friendly_name"": ""aut-quarto""}"
2025-07-11T17:59:10.505681,automation.auto_banheiro,on,on,"{""id"": ""1747870075916"", ""last_triggered"": ""2025-07-11T20:59:10.500430+00:00"", ""mode"": ""single"", ""current"": 1, ""friendly_name"": ""auto-banheiro""}"
2025-07-11T17:59:10.507662,automation.auto_banheiro,on,on,"{""id"": ""1747870075916"", ""last_triggered"": ""2025-07-11T20:59:10.500430+00:00"", ""mode"": ""single"", ""current"": 0, ""friendly_name"": ""auto-banheiro""}"
2025-07-11T17:59:15.508948,automation.auto_banheiro,on,on,"{""id"": ""1747870075916"", ""last_triggered"": ""2025-07-11T20:59:15.500810+00:00"", ""mode"": ""single"", ""current"": 1, ""friendly_name"": ""auto-banheiro""}"
2025-07-11T17:59:15.510816,automation.auto_banheiro,on,on,"{""id"": ""1747870075916"", ""last_triggered"": ""2025-07-11T20:59:15.500810+00:00"", ""mode"": ""single"", ""current"": 0, ""friendly_name"": ""auto-banheiro""}"
2025-07-11T17:59:20.505353,automation.auto_banheiro,on,on,"{""id"": ""1747870075916"", ""last_triggered"": ""2025-07-11T20:59:20.500567+00:00"", ""mode"": ""single"", ""current"": 1, ""friendly_name"": ""auto-banheiro""}"
2025-07-11T17:59:20.507831,automation.auto_banheiro,on,on,"{""id"": ""1747870075916"", ""last_triggered"": ""2025-07-11T20:59:20.500567+00:00"", ""mode"": ""single"", ""current"": 0, ""friendly_name"": ""auto-banheiro""}"
2025-07-11T17:59:24.980863,camera.192_168_0_33,idle,idle,"{""access_token"": ""d9a9a1a9d8df618b7fb7c8c1137aaa532895c7710f2d237131bb8b530199645a"", ""entity_picture"": ""/api/camera_proxy/camera.192_168_0_33?token=d9a9a1a9d8df618b7fb7c8c1137aaa532895c7710f2d237131bb8b530199645a"", ""friendly_name"": ""192_168_0_14"", ""supported_features"": 2}"
2025-07-11T17:59:24.982454,camera.admin_mainstream,idle,idle,"{""access_token"": ""260bd6d9a5617b01602480f04343666005b43afba6a72722649ba4dfa99014b2"", ""entity_picture"": ""/api/camera_proxy/camera.admin_mainstream?token=260bd6d9a5617b01602480f04343666005b43afba6a72722649ba4dfa99014b2"", ""friendly_name"": ""admin MainStream"", ""supported_features"": 2}"
2025-07-11T17:59:24.984478,camera.admin_substream,idle,idle,"{""access_token"": ""3034a9eaf40bfd028bbebe6dcc980f6d950552ea71850b47d1a5563a446819a2"", ""entity_picture"": ""/api/camera_proxy/camera.admin_substream?token=3034a9eaf40bfd028bbebe6dcc980f6d950552ea71850b47d1a5563a446819a2"", ""friendly_name"": ""admin SubStream"", ""supported_features"": 2}"
2025-07-11T17:59:25.511275,automation.auto_banheiro,on,on,"{""id"": ""1747870075916"", ""last_triggered"": ""2025-07-11T20:59:25.500653+00:00"", ""mode"": ""single"", ""current"": 1, ""friendly_name"": ""auto-banheiro""}"
2025-07-11T17:59:25.513514,automation.auto_banheiro,on,on,"{""id"": ""1747870075916"", ""last_triggered"": ""2025-07-11T20:59:25.500653+00:00"", ""mode"": ""single"", ""current"": 0, ""friendly_name"": ""auto-banheiro""}"
2025-07-11T17:59:30.505208,automation.auto_banheiro,on,on,"{""id"": ""1747870075916"", ""last_triggered"": ""2025-07-11T20:59:30.500368+00:00"", ""mode"": ""single"", ""current"": 1, ""friendly_name"": ""auto-banheiro""}"
2025-07-11T17:59:30.506870,automation.auto_banheiro,on,on,"{""id"": ""1747870075916"", ""last_triggered"": ""2025-07-11T20:59:30.500368+00:00"", ""mode"": ""single"", ""current"": 0, ""friendly_name"": ""auto-banheiro""}"
2025-07-11T17:59:35.507064,automation.auto_banheiro,on,on,"{""id"": ""1747870075916"", ""last_triggered"": ""2025-07-11T20:59:35.501511+00:00"", ""mode"": ""single"", ""current"": 1, ""friendly_name"": ""auto-banheiro""}"
2025-07-11T17:59:35.508857,automation.auto_banheiro,on,on,"{""id"": ""1747870075916"", ""last_triggered"": ""2025-07-11T20:59:35.501511+00:00"", ""mode"": ""single"", ""current"": 0, ""friendly_name"": ""auto-banheiro""}"
2025-07-11T17:59:37.614752,sensor.arris_tg1692a_router_download_speed,0.00264029034127006,0.0098084164084905,"{""state_class"": ""measurement"", ""unit_of_measurement"": ""Mbit/s"", ""device_class"": ""data_rate"", ""friendly_name"": ""ARRIS TG1692A Router Download speed""}"
2025-07-11T17:59:37.616529,sensor.arris_tg1692a_router_upload_speed,0.00164188138886979,0.00401179458006392,"{""state_class"": ""measurement"", ""unit_of_measurement"": ""Mbit/s"", ""device_class"": ""data_rate"", ""friendly_name"": ""ARRIS TG1692A Router Upload speed""}"
2025-07-11T17:59:40.506213,automation.auto_banheiro,on,on,"{""id"": ""1747870075916"", ""last_triggered"": ""2025-07-11T20:59:40.501273+00:00"", ""mode"": ""single"", ""current"": 1, ""friendly_name"": ""auto-banheiro""}"
2025-07-11T17:59:40.507982,automation.auto_banheiro,on,on,"{""id"": ""1747870075916"", ""last_triggered"": ""2025-07-11T20:59:40.501273+00:00"", ""mode"": ""single"", ""current"": 0, ""friendly_name"": ""auto-banheiro""}"
2025-07-11T17:59:45.504825,automation.auto_banheiro,on,on,"{""id"": ""1747870075916"", ""last_triggered"": ""2025-07-11T20:59:45.499967+00:00"", ""mode"": ""single"", ""current"": 1, ""friendly_name"": ""auto-banheiro""}"
2025-07-11T17:59:45.506577,automation.auto_banheiro,on,on,"{""id"": ""1747870075916"", ""last_triggered"": ""2025-07-11T20:59:45.499967+00:00"", ""mode"": ""single"", ""current"": 0, ""friendly_name"": ""auto-banheiro""}"
2025-07-11T17:59:50.517265,automation.auto_banheiro,on,on,"{""id"": ""1747870075916"", ""last_triggered"": ""2025-07-11T20:59:50.500679+00:00"", ""mode"": ""single"", ""current"": 1, ""friendly_name"": ""auto-banheiro""}"
2025-07-11T17:59:50.518846,automation.auto_banheiro,on,on,"{""id"": ""1747870075916"", ""last_triggered"": ""2025-07-11T20:59:50.500679+00:00"", ""mode"": ""single"", ""current"": 0, ""friendly_name"": ""auto-banheiro""}"
2025-07-11T17:59:55.510768,automation.auto_banheiro,on,on,"{""id"": ""1747870075916"", ""last_triggered"": ""2025-07-11T20:59:55.501046+00:00"", ""mode"": ""single"", ""current"": 1, ""friendly_name"": ""auto-banheiro""}"
2025-07-11T17:59:55.513508,automation.auto_banheiro,on,on,"{""id"": ""1747870075916"", ""last_triggered"": ""2025-07-11T20:59:55.501046+00:00"", ""mode"": ""single"", ""current"": 0, ""friendly_name"": ""auto-banheiro""}"
