timestamp,entity_id,old_state,new_state,attributes
2025-07-13T03:00:10.398831,automation.aut_status_bruno,on,on,"{""id"": ""1751855857509"", ""last_triggered"": ""2025-07-13T06:00:10.391791+00:00"", ""mode"": ""single"", ""current"": 1, ""friendly_name"": ""aut-status-bruno""}"
2025-07-13T03:00:10.401888,automation.aut_status_bruno,on,on,"{""id"": ""1751855857509"", ""last_triggered"": ""2025-07-13T06:00:10.391791+00:00"", ""mode"": ""single"", ""current"": 0, ""friendly_name"": ""aut-status-bruno""}"
2025-07-13T03:00:13.752174,sensor.arris_tg1692a_router_download_speed,0.00139758732854155,0.00429634013408296,"{""state_class"": ""measurement"", ""unit_of_measurement"": ""Mbit/s"", ""device_class"": ""data_rate"", ""friendly_name"": ""ARRIS TG1692A Router Download speed""}"
2025-07-13T03:00:13.754136,sensor.arris_tg1692a_router_upload_speed,0.000913591716768435,0.00229203919387022,"{""state_class"": ""measurement"", ""unit_of_measurement"": ""Mbit/s"", ""device_class"": ""data_rate"", ""friendly_name"": ""ARRIS TG1692A Router Upload speed""}"
2025-07-13T03:00:40.681575,media_player.dlna_b13_box,unavailable,unknown,"{""friendly_name"": ""DLNA-B13 Box"", ""supported_features"": 512575}"
2025-07-13T03:00:43.411670,media_player.dlna_b13_box,unknown,unavailable,"{""friendly_name"": ""DLNA-B13 Box"", ""supported_features"": 512575}"
2025-07-13T03:00:43.763500,sensor.arris_tg1692a_router_download_speed,0.00429634013408296,0.00349819465597369,"{""state_class"": ""measurement"", ""unit_of_measurement"": ""Mbit/s"", ""device_class"": ""data_rate"", ""friendly_name"": ""ARRIS TG1692A Router Download speed""}"
2025-07-13T03:00:43.765445,sensor.arris_tg1692a_router_upload_speed,0.00229203919387022,0.00261477984575639,"{""state_class"": ""measurement"", ""unit_of_measurement"": ""Mbit/s"", ""device_class"": ""data_rate"", ""friendly_name"": ""ARRIS TG1692A Router Upload speed""}"
2025-07-13T03:00:47.529826,camera.192_168_0_33,idle,idle,"{""access_token"": ""e6cc2deac24ad0511d793820d153c7507c564c28c11d9da9ae175c6fa18788e0"", ""entity_picture"": ""/api/camera_proxy/camera.192_168_0_33?token=e6cc2deac24ad0511d793820d153c7507c564c28c11d9da9ae175c6fa18788e0"", ""friendly_name"": ""192_168_0_14"", ""supported_features"": 2}"
2025-07-13T03:00:47.533369,camera.admin_mainstream,idle,idle,"{""access_token"": ""915908ce547f47d34dc8b60ddb789cc415de2d35187d2918f2a1899ae73220ce"", ""entity_picture"": ""/api/camera_proxy/camera.admin_mainstream?token=915908ce547f47d34dc8b60ddb789cc415de2d35187d2918f2a1899ae73220ce"", ""friendly_name"": ""admin MainStream"", ""supported_features"": 2}"
2025-07-13T03:00:47.536901,camera.admin_substream,idle,idle,"{""access_token"": ""84e284a3f4dd7f1728b494fa8e1fb0aaa28b574e347a359d96fb0d4b2dff8c46"", ""entity_picture"": ""/api/camera_proxy/camera.admin_substream?token=84e284a3f4dd7f1728b494fa8e1fb0aaa28b574e347a359d96fb0d4b2dff8c46"", ""friendly_name"": ""admin SubStream"", ""supported_features"": 2}"
2025-07-13T03:01:10.411906,automation.aut_status_bruno,on,on,"{""id"": ""1751855857509"", ""last_triggered"": ""2025-07-13T06:01:10.391058+00:00"", ""mode"": ""single"", ""current"": 1, ""friendly_name"": ""aut-status-bruno""}"
2025-07-13T03:01:10.417178,automation.aut_status_bruno,on,on,"{""id"": ""1751855857509"", ""last_triggered"": ""2025-07-13T06:01:10.391058+00:00"", ""mode"": ""single"", ""current"": 0, ""friendly_name"": ""aut-status-bruno""}"
2025-07-13T03:01:13.759565,sensor.arris_tg1692a_router_download_speed,0.00349819465597369,0.00444372573587707,"{""state_class"": ""measurement"", ""unit_of_measurement"": ""Mbit/s"", ""device_class"": ""data_rate"", ""friendly_name"": ""ARRIS TG1692A Router Download speed""}"
2025-07-13T03:01:13.761348,sensor.arris_tg1692a_router_upload_speed,0.00261477984575639,0.00363621199115908,"{""state_class"": ""measurement"", ""unit_of_measurement"": ""Mbit/s"", ""device_class"": ""data_rate"", ""friendly_name"": ""ARRIS TG1692A Router Upload speed""}"
2025-07-13T03:01:29.445611,weather.home,rainy,rainy,"{""temperature"": 23.1, ""temperature_unit"": ""\u00b0C"", ""pressure_unit"": ""hPa"", ""wind_bearing"": 178, ""wind_speed"": 11.2, ""wind_speed_unit"": ""km/h"", ""visibility_unit"": ""km"", ""precipitation_unit"": ""mm"", ""friendly_name"": ""Home"", ""supported_features"": 3}"
2025-07-13T03:01:43.764167,sensor.arris_tg1692a_router_download_speed,0.00444372573587707,0.006272931798633,"{""state_class"": ""measurement"", ""unit_of_measurement"": ""Mbit/s"", ""device_class"": ""data_rate"", ""friendly_name"": ""ARRIS TG1692A Router Download speed""}"
2025-07-13T03:01:43.770438,sensor.arris_tg1692a_router_upload_speed,0.00363621199115908,0.00314526571012057,"{""state_class"": ""measurement"", ""unit_of_measurement"": ""Mbit/s"", ""device_class"": ""data_rate"", ""friendly_name"": ""ARRIS TG1692A Router Upload speed""}"
2025-07-13T03:02:10.409664,automation.aut_status_bruno,on,on,"{""id"": ""1751855857509"", ""last_triggered"": ""2025-07-13T06:02:10.391598+00:00"", ""mode"": ""single"", ""current"": 1, ""friendly_name"": ""aut-status-bruno""}"
2025-07-13T03:02:10.415613,automation.aut_status_bruno,on,on,"{""id"": ""1751855857509"", ""last_triggered"": ""2025-07-13T06:02:10.391598+00:00"", ""mode"": ""single"", ""current"": 0, ""friendly_name"": ""aut-status-bruno""}"
2025-07-13T03:02:13.758115,sensor.arris_tg1692a_router_download_speed,0.006272931798633,0.00243604279315173,"{""state_class"": ""measurement"", ""unit_of_measurement"": ""Mbit/s"", ""device_class"": ""data_rate"", ""friendly_name"": ""ARRIS TG1692A Router Download speed""}"
2025-07-13T03:02:13.759843,sensor.arris_tg1692a_router_upload_speed,0.00314526571012057,0.0022755066397333,"{""state_class"": ""measurement"", ""unit_of_measurement"": ""Mbit/s"", ""device_class"": ""data_rate"", ""friendly_name"": ""ARRIS TG1692A Router Upload speed""}"
2025-07-13T03:02:43.793725,sensor.arris_tg1692a_router_download_speed,0.00243604279315173,0.00317405662696485,"{""state_class"": ""measurement"", ""unit_of_measurement"": ""Mbit/s"", ""device_class"": ""data_rate"", ""friendly_name"": ""ARRIS TG1692A Router Download speed""}"
2025-07-13T03:02:43.799804,sensor.arris_tg1692a_router_upload_speed,0.0022755066397333,0.00242154147941425,"{""state_class"": ""measurement"", ""unit_of_measurement"": ""Mbit/s"", ""device_class"": ""data_rate"", ""friendly_name"": ""ARRIS TG1692A Router Upload speed""}"
2025-07-13T03:02:58.569806,media_player.lg_webos_tv_oled42c2psa_2,off,on,"{""source_list"": [""Amazon Alexa"", ""Amazon Music"", ""Apple TV"", ""Apps"", ""Clarovideo"", ""Compartilhamento de Ambiente para Ambiente"", ""C\u00e2mera"", ""Disney+"", ""Esportes"", ""Globoplay"", ""HDMI 1"", ""HDMI 2"", ""HDMI 3"", ""HDMI 4"", ""Hub Inicial"", ""Kanto"", ""LG Channels"", ""LG Gaming Portal"", ""Live TV"", ""Mercado Play"", ""Navegador Web"", ""Netflix"", ""Prime Video"", ""Reprodutor de M\u00eddia"", ""Sempre Pronto"", ""Twitch"", ""YouTube""], ""volume_level"": 0.08, ""is_volume_muted"": false, ""source"": ""Sempre Pronto"", ""sound_output"": ""tv_external_speaker"", ""assumed_state"": true, ""device_class"": ""tv"", ""entity_picture"": ""/api/media_player_proxy/media_player.lg_webos_tv_oled42c2psa_2?token=cc22fcf6aa8b4595ea29e69ea6e59bf15b2acdc163cfd5f8619701ca5754d6e9&cache=08f1badf3b923109"", ""friendly_name"": ""LG webOS TV OLED42C2PSA"", ""supported_features"": 24381}"
2025-07-13T03:02:58.572245,automation.aut_sala,on,on,"{""id"": ""1746116908353"", ""last_triggered"": ""2025-07-13T06:02:58.565641+00:00"", ""mode"": ""single"", ""current"": 1, ""friendly_name"": ""aut-sala""}"
2025-07-13T03:02:58.573983,automation.aut_sala,on,on,"{""id"": ""1746116908353"", ""last_triggered"": ""2025-07-13T06:02:58.565641+00:00"", ""mode"": ""single"", ""current"": 0, ""friendly_name"": ""aut-sala""}"
2025-07-13T03:03:09.113800,media_player.lg_webos_tv_oled42c2psa_2,on,on,"{""source_list"": [""Amazon Alexa"", ""Amazon Music"", ""Apple TV"", ""Apps"", ""Clarovideo"", ""Compartilhamento de Ambiente para Ambiente"", ""C\u00e2mera"", ""Disney+"", ""Esportes"", ""Globoplay"", ""HDMI 1"", ""HDMI 2"", ""HDMI 3"", ""HDMI 4"", ""Hub Inicial"", ""Kanto"", ""LG Channels"", ""LG Gaming Portal"", ""Live TV"", ""Mercado Play"", ""Navegador Web"", ""Netflix"", ""Prime Video"", ""Reprodutor de M\u00eddia"", ""Sempre Pronto"", ""Twitch"", ""YouTube""], ""volume_level"": 0.08, ""is_volume_muted"": false, ""source"": ""Sempre Pronto"", ""sound_output"": ""tv_external_speaker"", ""assumed_state"": true, ""device_class"": ""tv"", ""friendly_name"": ""LG webOS TV OLED42C2PSA"", ""supported_features"": 24381}"
2025-07-13T03:03:09.120981,media_player.lg_webos_tv_oled42c2psa_2,on,off,"{""source_list"": [""Amazon Alexa"", ""Amazon Music"", ""Apple TV"", ""Apps"", ""Clarovideo"", ""Compartilhamento de Ambiente para Ambiente"", ""C\u00e2mera"", ""Disney+"", ""Esportes"", ""Globoplay"", ""HDMI 1"", ""HDMI 2"", ""HDMI 3"", ""HDMI 4"", ""Hub Inicial"", ""Kanto"", ""LG Channels"", ""LG Gaming Portal"", ""Live TV"", ""Mercado Play"", ""Navegador Web"", ""Netflix"", ""Prime Video"", ""Reprodutor de M\u00eddia"", ""Sempre Pronto"", ""Twitch"", ""YouTube""], ""sound_output"": ""tv_external_speaker"", ""assumed_state"": true, ""device_class"": ""tv"", ""friendly_name"": ""LG webOS TV OLED42C2PSA"", ""supported_features"": 24381}"
2025-07-13T03:03:09.128701,automation.aut_sala,on,on,"{""id"": ""1746116908353"", ""last_triggered"": ""2025-07-13T06:03:09.108991+00:00"", ""mode"": ""single"", ""current"": 1, ""friendly_name"": ""aut-sala""}"
2025-07-13T03:03:09.133940,automation.aut_sala,on,on,"{""id"": ""1746116908353"", ""last_triggered"": ""2025-07-13T06:03:09.108991+00:00"", ""mode"": ""single"", ""current"": 0, ""friendly_name"": ""aut-sala""}"
2025-07-13T03:03:10.401211,automation.aut_status_bruno,on,on,"{""id"": ""1751855857509"", ""last_triggered"": ""2025-07-13T06:03:10.390709+00:00"", ""mode"": ""single"", ""current"": 1, ""friendly_name"": ""aut-status-bruno""}"
2025-07-13T03:03:10.403994,automation.aut_status_bruno,on,on,"{""id"": ""1751855857509"", ""last_triggered"": ""2025-07-13T06:03:10.390709+00:00"", ""mode"": ""single"", ""current"": 0, ""friendly_name"": ""aut-status-bruno""}"
2025-07-13T03:03:13.772952,sensor.arris_tg1692a_router_download_speed,0.00317405662696485,0.0395760454202096,"{""state_class"": ""measurement"", ""unit_of_measurement"": ""Mbit/s"", ""device_class"": ""data_rate"", ""friendly_name"": ""ARRIS TG1692A Router Download speed""}"
2025-07-13T03:03:13.775404,sensor.arris_tg1692a_router_upload_speed,0.00242154147941425,0.0128374273983766,"{""state_class"": ""measurement"", ""unit_of_measurement"": ""Mbit/s"", ""device_class"": ""data_rate"", ""friendly_name"": ""ARRIS TG1692A Router Upload speed""}"
2025-07-13T03:03:43.765341,sensor.arris_tg1692a_router_download_speed,0.0395760454202096,0.00801860857968585,"{""state_class"": ""measurement"", ""unit_of_measurement"": ""Mbit/s"", ""device_class"": ""data_rate"", ""friendly_name"": ""ARRIS TG1692A Router Download speed""}"
2025-07-13T03:03:43.767108,sensor.arris_tg1692a_router_upload_speed,0.0128374273983766,0.00842365884181691,"{""state_class"": ""measurement"", ""unit_of_measurement"": ""Mbit/s"", ""device_class"": ""data_rate"", ""friendly_name"": ""ARRIS TG1692A Router Upload speed""}"
2025-07-13T03:04:10.398301,automation.aut_status_bruno,on,on,"{""id"": ""1751855857509"", ""last_triggered"": ""2025-07-13T06:04:10.390440+00:00"", ""mode"": ""single"", ""current"": 1, ""friendly_name"": ""aut-status-bruno""}"
2025-07-13T03:04:10.400922,automation.aut_status_bruno,on,on,"{""id"": ""1751855857509"", ""last_triggered"": ""2025-07-13T06:04:10.390440+00:00"", ""mode"": ""single"", ""current"": 0, ""friendly_name"": ""aut-status-bruno""}"
2025-07-13T03:04:13.781371,sensor.arris_tg1692a_router_download_speed,0.00801860857968585,0.0411731120879015,"{""state_class"": ""measurement"", ""unit_of_measurement"": ""Mbit/s"", ""device_class"": ""data_rate"", ""friendly_name"": ""ARRIS TG1692A Router Download speed""}"
2025-07-13T03:04:13.784363,sensor.arris_tg1692a_router_upload_speed,0.00842365884181691,0.0333825521217369,"{""state_class"": ""measurement"", ""unit_of_measurement"": ""Mbit/s"", ""device_class"": ""data_rate"", ""friendly_name"": ""ARRIS TG1692A Router Upload speed""}"
2025-07-13T03:04:32.659709,sensor.tomada_mesa_de_trabalho_current,0.142,0.159,"{""state_class"": ""measurement"", ""unit_of_measurement"": ""A"", ""device_class"": ""current"", ""friendly_name"": ""Tomada mesa de trabalho Current""}"
2025-07-13T03:04:32.664322,sensor.tomada_mesa_de_trabalho_power,12.9,15.4,"{""state_class"": ""measurement"", ""unit_of_measurement"": ""W"", ""device_class"": ""power"", ""friendly_name"": ""Tomada mesa de trabalho Power""}"
2025-07-13T03:04:32.667947,sensor.tomada_mesa_de_trabalho_voltage,132.5,132.0,"{""state_class"": ""measurement"", ""unit_of_measurement"": ""V"", ""device_class"": ""voltage"", ""friendly_name"": ""Tomada mesa de trabalho Voltage""}"
2025-07-13T03:04:43.778480,sensor.arris_tg1692a_router_download_speed,0.0411731120879015,0.0311921959643558,"{""state_class"": ""measurement"", ""unit_of_measurement"": ""Mbit/s"", ""device_class"": ""data_rate"", ""friendly_name"": ""ARRIS TG1692A Router Download speed""}"
2025-07-13T03:04:43.781051,sensor.arris_tg1692a_router_upload_speed,0.0333825521217369,0.0368156498845269,"{""state_class"": ""measurement"", ""unit_of_measurement"": ""Mbit/s"", ""device_class"": ""data_rate"", ""friendly_name"": ""ARRIS TG1692A Router Upload speed""}"
2025-07-13T03:05:10.398179,automation.aut_status_bruno,on,on,"{""id"": ""1751855857509"", ""last_triggered"": ""2025-07-13T06:05:10.390886+00:00"", ""mode"": ""single"", ""current"": 1, ""friendly_name"": ""aut-status-bruno""}"
2025-07-13T03:05:10.400792,automation.aut_status_bruno,on,on,"{""id"": ""1751855857509"", ""last_triggered"": ""2025-07-13T06:05:10.390886+00:00"", ""mode"": ""single"", ""current"": 0, ""friendly_name"": ""aut-status-bruno""}"
2025-07-13T03:05:13.759289,sensor.arris_tg1692a_router_download_speed,0.0311921959643558,0.0210364419703498,"{""state_class"": ""measurement"", ""unit_of_measurement"": ""Mbit/s"", ""device_class"": ""data_rate"", ""friendly_name"": ""ARRIS TG1692A Router Download speed""}"
2025-07-13T03:05:13.761210,sensor.arris_tg1692a_router_upload_speed,0.0368156498845269,0.0213300444170368,"{""state_class"": ""measurement"", ""unit_of_measurement"": ""Mbit/s"", ""device_class"": ""data_rate"", ""friendly_name"": ""ARRIS TG1692A Router Upload speed""}"
2025-07-13T03:05:43.780173,sensor.arris_tg1692a_router_download_speed,0.0210364419703498,0.00619624869754544,"{""state_class"": ""measurement"", ""unit_of_measurement"": ""Mbit/s"", ""device_class"": ""data_rate"", ""friendly_name"": ""ARRIS TG1692A Router Download speed""}"
2025-07-13T03:05:43.781870,sensor.arris_tg1692a_router_upload_speed,0.0213300444170368,0.00237172645532661,"{""state_class"": ""measurement"", ""unit_of_measurement"": ""Mbit/s"", ""device_class"": ""data_rate"", ""friendly_name"": ""ARRIS TG1692A Router Upload speed""}"
2025-07-13T03:05:47.528456,camera.192_168_0_33,idle,idle,"{""access_token"": ""c56fe5b1efade42ee14ef975fabba778e44e8532dd28c4b226b0ddbeaaaeaf0"", ""entity_picture"": ""/api/camera_proxy/camera.192_168_0_33?token=c56fe5b1efade42ee14ef975fabba778e44e8532dd28c4b226b0ddbeaaaeaf0"", ""friendly_name"": ""192_168_0_14"", ""supported_features"": 2}"
2025-07-13T03:05:47.530167,camera.admin_mainstream,idle,idle,"{""access_token"": ""7d06e3cd3e5f79b2abec958e44e4f8ce04a35a420f83bb12e7348994eaeffbb3"", ""entity_picture"": ""/api/camera_proxy/camera.admin_mainstream?token=7d06e3cd3e5f79b2abec958e44e4f8ce04a35a420f83bb12e7348994eaeffbb3"", ""friendly_name"": ""admin MainStream"", ""supported_features"": 2}"
2025-07-13T03:05:47.533062,camera.admin_substream,idle,idle,"{""access_token"": ""2ac05105204785bae024d88f2798f42c7f3fd88c5feba8029b1bcb16d25c9572"", ""entity_picture"": ""/api/camera_proxy/camera.admin_substream?token=2ac05105204785bae024d88f2798f42c7f3fd88c5feba8029b1bcb16d25c9572"", ""friendly_name"": ""admin SubStream"", ""supported_features"": 2}"
2025-07-13T03:06:10.397266,automation.aut_status_bruno,on,on,"{""id"": ""1751855857509"", ""last_triggered"": ""2025-07-13T06:06:10.390604+00:00"", ""mode"": ""single"", ""current"": 1, ""friendly_name"": ""aut-status-bruno""}"
2025-07-13T03:06:10.400234,automation.aut_status_bruno,on,on,"{""id"": ""1751855857509"", ""last_triggered"": ""2025-07-13T06:06:10.390604+00:00"", ""mode"": ""single"", ""current"": 0, ""friendly_name"": ""aut-status-bruno""}"
2025-07-13T03:06:13.756734,sensor.arris_tg1692a_router_download_speed,0.00619624869754544,0.00906245497889354,"{""state_class"": ""measurement"", ""unit_of_measurement"": ""Mbit/s"", ""device_class"": ""data_rate"", ""friendly_name"": ""ARRIS TG1692A Router Download speed""}"
2025-07-13T03:06:13.758454,sensor.arris_tg1692a_router_upload_speed,0.00237172645532661,0.00367095560379733,"{""state_class"": ""measurement"", ""unit_of_measurement"": ""Mbit/s"", ""device_class"": ""data_rate"", ""friendly_name"": ""ARRIS TG1692A Router Upload speed""}"
2025-07-13T03:06:43.776215,sensor.arris_tg1692a_router_download_speed,0.00906245497889354,0.00515620015168471,"{""state_class"": ""measurement"", ""unit_of_measurement"": ""Mbit/s"", ""device_class"": ""data_rate"", ""friendly_name"": ""ARRIS TG1692A Router Download speed""}"
2025-07-13T03:06:43.780249,sensor.arris_tg1692a_router_upload_speed,0.00367095560379733,0.0026298327418243,"{""state_class"": ""measurement"", ""unit_of_measurement"": ""Mbit/s"", ""device_class"": ""data_rate"", ""friendly_name"": ""ARRIS TG1692A Router Upload speed""}"
2025-07-13T03:07:10.418067,automation.aut_status_bruno,on,on,"{""id"": ""1751855857509"", ""last_triggered"": ""2025-07-13T06:07:10.392025+00:00"", ""mode"": ""single"", ""current"": 1, ""friendly_name"": ""aut-status-bruno""}"
2025-07-13T03:07:10.423688,automation.aut_status_bruno,on,on,"{""id"": ""1751855857509"", ""last_triggered"": ""2025-07-13T06:07:10.392025+00:00"", ""mode"": ""single"", ""current"": 0, ""friendly_name"": ""aut-status-bruno""}"
2025-07-13T03:07:13.766173,sensor.arris_tg1692a_router_download_speed,0.00515620015168471,0.00900386929175964,"{""state_class"": ""measurement"", ""unit_of_measurement"": ""Mbit/s"", ""device_class"": ""data_rate"", ""friendly_name"": ""ARRIS TG1692A Router Download speed""}"
2025-07-13T03:07:13.767944,sensor.arris_tg1692a_router_upload_speed,0.0026298327418243,0.00351818645794885,"{""state_class"": ""measurement"", ""unit_of_measurement"": ""Mbit/s"", ""device_class"": ""data_rate"", ""friendly_name"": ""ARRIS TG1692A Router Upload speed""}"
2025-07-13T03:07:43.765512,sensor.arris_tg1692a_router_download_speed,0.00900386929175964,0.00271467037671618,"{""state_class"": ""measurement"", ""unit_of_measurement"": ""Mbit/s"", ""device_class"": ""data_rate"", ""friendly_name"": ""ARRIS TG1692A Router Download speed""}"
2025-07-13T03:07:43.767412,sensor.arris_tg1692a_router_upload_speed,0.00351818645794885,0.00270933703609395,"{""state_class"": ""measurement"", ""unit_of_measurement"": ""Mbit/s"", ""device_class"": ""data_rate"", ""friendly_name"": ""ARRIS TG1692A Router Upload speed""}"
2025-07-13T03:08:10.400441,automation.aut_status_bruno,on,on,"{""id"": ""1751855857509"", ""last_triggered"": ""2025-07-13T06:08:10.391252+00:00"", ""mode"": ""single"", ""current"": 1, ""friendly_name"": ""aut-status-bruno""}"
2025-07-13T03:08:10.402783,automation.aut_status_bruno,on,on,"{""id"": ""1751855857509"", ""last_triggered"": ""2025-07-13T06:08:10.391252+00:00"", ""mode"": ""single"", ""current"": 0, ""friendly_name"": ""aut-status-bruno""}"
2025-07-13T03:08:13.761806,sensor.arris_tg1692a_router_download_speed,0.00271467037671618,0.003431607393342,"{""state_class"": ""measurement"", ""unit_of_measurement"": ""Mbit/s"", ""device_class"": ""data_rate"", ""friendly_name"": ""ARRIS TG1692A Router Download speed""}"
2025-07-13T03:08:13.765941,sensor.arris_tg1692a_router_upload_speed,0.00270933703609395,0.00282336304924276,"{""state_class"": ""measurement"", ""unit_of_measurement"": ""Mbit/s"", ""device_class"": ""data_rate"", ""friendly_name"": ""ARRIS TG1692A Router Upload speed""}"
2025-07-13T03:08:43.756524,sensor.arris_tg1692a_router_download_speed,0.003431607393342,0.00493635124281796,"{""state_class"": ""measurement"", ""unit_of_measurement"": ""Mbit/s"", ""device_class"": ""data_rate"", ""friendly_name"": ""ARRIS TG1692A Router Download speed""}"
2025-07-13T03:08:43.758305,sensor.arris_tg1692a_router_upload_speed,0.00282336304924276,0.00837454348384502,"{""state_class"": ""measurement"", ""unit_of_measurement"": ""Mbit/s"", ""device_class"": ""data_rate"", ""friendly_name"": ""ARRIS TG1692A Router Upload speed""}"
2025-07-13T03:08:52.436410,sensor.tauntaum_energy,212.098,212.11,"{""state_class"": ""total_increasing"", ""unit_of_measurement"": ""kWh"", ""device_class"": ""energy"", ""friendly_name"": ""Tauntaum Energy""}"
2025-07-13T03:08:52.438853,sensor.tauntaum_power,61,58,"{""state_class"": ""measurement"", ""power_consumption_start"": ""2025-07-13T05:55:28Z"", ""power_consumption_end"": ""2025-07-13T06:08:52Z"", ""unit_of_measurement"": ""W"", ""device_class"": ""power"", ""friendly_name"": ""Tauntaum Power""}"
2025-07-13T03:08:52.440828,sensor.tauntaum_energy_difference,0.013,0.012,"{""state_class"": ""total"", ""unit_of_measurement"": ""kWh"", ""device_class"": ""energy"", ""friendly_name"": ""Tauntaum Energy difference""}"
2025-07-13T03:08:52.442680,sensor.tauntaum_power_energy,0.0120077380558517,0.0136281455541982,"{""state_class"": ""total"", ""unit_of_measurement"": ""kWh"", ""device_class"": ""energy"", ""friendly_name"": ""Tauntaum Power energy""}"
2025-07-13T03:09:10.432206,automation.aut_status_bruno,on,on,"{""id"": ""1751855857509"", ""last_triggered"": ""2025-07-13T06:09:10.390183+00:00"", ""mode"": ""single"", ""current"": 1, ""friendly_name"": ""aut-status-bruno""}"
2025-07-13T03:09:10.434535,automation.aut_status_bruno,on,on,"{""id"": ""1751855857509"", ""last_triggered"": ""2025-07-13T06:09:10.390183+00:00"", ""mode"": ""single"", ""current"": 0, ""friendly_name"": ""aut-status-bruno""}"
2025-07-13T03:09:13.828501,sensor.arris_tg1692a_router_download_speed,0.00493635124281796,0.00939586487544159,"{""state_class"": ""measurement"", ""unit_of_measurement"": ""Mbit/s"", ""device_class"": ""data_rate"", ""friendly_name"": ""ARRIS TG1692A Router Download speed""}"
2025-07-13T03:09:13.830162,sensor.arris_tg1692a_router_upload_speed,0.00837454348384502,0.00598275042517262,"{""state_class"": ""measurement"", ""unit_of_measurement"": ""Mbit/s"", ""device_class"": ""data_rate"", ""friendly_name"": ""ARRIS TG1692A Router Upload speed""}"
2025-07-13T03:09:43.761259,sensor.arris_tg1692a_router_download_speed,0.00939586487544159,0.00148420685313049,"{""state_class"": ""measurement"", ""unit_of_measurement"": ""Mbit/s"", ""device_class"": ""data_rate"", ""friendly_name"": ""ARRIS TG1692A Router Download speed""}"
2025-07-13T03:09:43.765984,sensor.arris_tg1692a_router_upload_speed,0.00598275042517262,0.000919429613653236,"{""state_class"": ""measurement"", ""unit_of_measurement"": ""Mbit/s"", ""device_class"": ""data_rate"", ""friendly_name"": ""ARRIS TG1692A Router Upload speed""}"
2025-07-13T03:10:00.371262,automation.automacao_cortina,on,on,"{""id"": ""1747703519499"", ""last_triggered"": ""2025-07-13T06:10:00.353530+00:00"", ""mode"": ""single"", ""current"": 1, ""friendly_name"": ""automacao-cortina""}"
2025-07-13T03:10:00.379105,automation.automacao_cortina,on,on,"{""id"": ""1747703519499"", ""last_triggered"": ""2025-07-13T06:10:00.353530+00:00"", ""mode"": ""single"", ""current"": 0, ""friendly_name"": ""automacao-cortina""}"
2025-07-13T03:10:10.401630,automation.aut_status_bruno,on,on,"{""id"": ""1751855857509"", ""last_triggered"": ""2025-07-13T06:10:10.390651+00:00"", ""mode"": ""single"", ""current"": 1, ""friendly_name"": ""aut-status-bruno""}"
2025-07-13T03:10:10.406052,automation.aut_status_bruno,on,on,"{""id"": ""1751855857509"", ""last_triggered"": ""2025-07-13T06:10:10.390651+00:00"", ""mode"": ""single"", ""current"": 0, ""friendly_name"": ""aut-status-bruno""}"
2025-07-13T03:10:13.762760,sensor.arris_tg1692a_router_download_speed,0.00148420685313049,0.00226404965815584,"{""state_class"": ""measurement"", ""unit_of_measurement"": ""Mbit/s"", ""device_class"": ""data_rate"", ""friendly_name"": ""ARRIS TG1692A Router Download speed""}"
2025-07-13T03:10:13.767522,sensor.arris_tg1692a_router_upload_speed,0.000919429613653236,0.0016373692462988,"{""state_class"": ""measurement"", ""unit_of_measurement"": ""Mbit/s"", ""device_class"": ""data_rate"", ""friendly_name"": ""ARRIS TG1692A Router Upload speed""}"
2025-07-13T03:10:40.638930,media_player.dlna_b13_box,unavailable,unknown,"{""friendly_name"": ""DLNA-B13 Box"", ""supported_features"": 512575}"
2025-07-13T03:10:43.416195,media_player.dlna_b13_box,unknown,unavailable,"{""friendly_name"": ""DLNA-B13 Box"", ""supported_features"": 512575}"
2025-07-13T03:10:43.760571,sensor.arris_tg1692a_router_download_speed,0.00226404965815584,0.0036723445203705,"{""state_class"": ""measurement"", ""unit_of_measurement"": ""Mbit/s"", ""device_class"": ""data_rate"", ""friendly_name"": ""ARRIS TG1692A Router Download speed""}"
2025-07-13T03:10:43.764505,sensor.arris_tg1692a_router_upload_speed,0.0016373692462988,0.00233604952424991,"{""state_class"": ""measurement"", ""unit_of_measurement"": ""Mbit/s"", ""device_class"": ""data_rate"", ""friendly_name"": ""ARRIS TG1692A Router Upload speed""}"
2025-07-13T03:10:47.529298,camera.192_168_0_33,idle,idle,"{""access_token"": ""2a3e0cbbd433c9ab23daee7f40716c9a4e5c44d6c89d9a18f958f2686e693e23"", ""entity_picture"": ""/api/camera_proxy/camera.192_168_0_33?token=2a3e0cbbd433c9ab23daee7f40716c9a4e5c44d6c89d9a18f958f2686e693e23"", ""friendly_name"": ""192_168_0_14"", ""supported_features"": 2}"
2025-07-13T03:10:47.531066,camera.admin_mainstream,idle,idle,"{""access_token"": ""5b369547f685d8d92ab1f74fdbea1fe8935160cbbad5239cc294d5ffebccc6a3"", ""entity_picture"": ""/api/camera_proxy/camera.admin_mainstream?token=5b369547f685d8d92ab1f74fdbea1fe8935160cbbad5239cc294d5ffebccc6a3"", ""friendly_name"": ""admin MainStream"", ""supported_features"": 2}"
2025-07-13T03:10:47.532934,camera.admin_substream,idle,idle,"{""access_token"": ""2b3fc8868d5ddd43f0959a1d411556ea810c6b66b8caa087cac5f03ecce79ca"", ""entity_picture"": ""/api/camera_proxy/camera.admin_substream?token=2b3fc8868d5ddd43f0959a1d411556ea810c6b66b8caa087cac5f03ecce79ca"", ""friendly_name"": ""admin SubStream"", ""supported_features"": 2}"
2025-07-13T03:11:10.402362,automation.aut_status_bruno,on,on,"{""id"": ""1751855857509"", ""last_triggered"": ""2025-07-13T06:11:10.390750+00:00"", ""mode"": ""single"", ""current"": 1, ""friendly_name"": ""aut-status-bruno""}"
2025-07-13T03:11:10.446020,automation.aut_status_bruno,on,on,"{""id"": ""1751855857509"", ""last_triggered"": ""2025-07-13T06:11:10.390750+00:00"", ""mode"": ""single"", ""current"": 0, ""friendly_name"": ""aut-status-bruno""}"
2025-07-13T03:11:13.751493,sensor.arris_tg1692a_router_download_speed,0.0036723445203705,0.00272110068042517,"{""state_class"": ""measurement"", ""unit_of_measurement"": ""Mbit/s"", ""device_class"": ""data_rate"", ""friendly_name"": ""ARRIS TG1692A Router Download speed""}"
2025-07-13T03:11:13.753500,sensor.arris_tg1692a_router_upload_speed,0.00233604952424991,0.00169095447026421,"{""state_class"": ""measurement"", ""unit_of_measurement"": ""Mbit/s"", ""device_class"": ""data_rate"", ""friendly_name"": ""ARRIS TG1692A Router Upload speed""}"
2025-07-13T03:11:43.751034,sensor.arris_tg1692a_router_download_speed,0.00272110068042517,0.00609754715459133,"{""state_class"": ""measurement"", ""unit_of_measurement"": ""Mbit/s"", ""device_class"": ""data_rate"", ""friendly_name"": ""ARRIS TG1692A Router Download speed""}"
2025-07-13T03:11:43.753158,sensor.arris_tg1692a_router_upload_speed,0.00169095447026421,0.0039100994458048,"{""state_class"": ""measurement"", ""unit_of_measurement"": ""Mbit/s"", ""device_class"": ""data_rate"", ""friendly_name"": ""ARRIS TG1692A Router Upload speed""}"
2025-07-13T03:12:10.405226,automation.aut_status_bruno,on,on,"{""id"": ""1751855857509"", ""last_triggered"": ""2025-07-13T06:12:10.391601+00:00"", ""mode"": ""single"", ""current"": 1, ""friendly_name"": ""aut-status-bruno""}"
2025-07-13T03:12:10.409128,automation.aut_status_bruno,on,on,"{""id"": ""1751855857509"", ""last_triggered"": ""2025-07-13T06:12:10.391601+00:00"", ""mode"": ""single"", ""current"": 0, ""friendly_name"": ""aut-status-bruno""}"
2025-07-13T03:12:13.758103,sensor.arris_tg1692a_router_download_speed,0.00609754715459133,0.00363704836018992,"{""state_class"": ""measurement"", ""unit_of_measurement"": ""Mbit/s"", ""device_class"": ""data_rate"", ""friendly_name"": ""ARRIS TG1692A Router Download speed""}"
2025-07-13T03:12:13.760813,sensor.arris_tg1692a_router_upload_speed,0.0039100994458048,0.00201652318349998,"{""state_class"": ""measurement"", ""unit_of_measurement"": ""Mbit/s"", ""device_class"": ""data_rate"", ""friendly_name"": ""ARRIS TG1692A Router Upload speed""}"
2025-07-13T03:12:43.782678,sensor.arris_tg1692a_router_download_speed,0.00363704836018992,0.0033478062736103,"{""state_class"": ""measurement"", ""unit_of_measurement"": ""Mbit/s"", ""device_class"": ""data_rate"", ""friendly_name"": ""ARRIS TG1692A Router Download speed""}"
2025-07-13T03:12:43.787844,sensor.arris_tg1692a_router_upload_speed,0.00201652318349998,0.00223533731514736,"{""state_class"": ""measurement"", ""unit_of_measurement"": ""Mbit/s"", ""device_class"": ""data_rate"", ""friendly_name"": ""ARRIS TG1692A Router Upload speed""}"
2025-07-13T03:12:48.124469,media_player.lg_webos_tv_oled42c2psa_2,off,on,"{""source_list"": [""Amazon Alexa"", ""Amazon Music"", ""Apple TV"", ""Apps"", ""Clarovideo"", ""Compartilhamento de Ambiente para Ambiente"", ""C\u00e2mera"", ""Disney+"", ""Esportes"", ""Globoplay"", ""HDMI 1"", ""HDMI 2"", ""HDMI 3"", ""HDMI 4"", ""Hub Inicial"", ""Kanto"", ""LG Channels"", ""LG Gaming Portal"", ""Live TV"", ""Mercado Play"", ""Navegador Web"", ""Netflix"", ""Prime Video"", ""Reprodutor de M\u00eddia"", ""Sempre Pronto"", ""Twitch"", ""YouTube""], ""volume_level"": 0.08, ""is_volume_muted"": false, ""source"": ""Sempre Pronto"", ""sound_output"": ""tv_external_speaker"", ""assumed_state"": true, ""device_class"": ""tv"", ""entity_picture"": ""/api/media_player_proxy/media_player.lg_webos_tv_oled42c2psa_2?token=cc22fcf6aa8b4595ea29e69ea6e59bf15b2acdc163cfd5f8619701ca5754d6e9&cache=08f1badf3b923109"", ""friendly_name"": ""LG webOS TV OLED42C2PSA"", ""supported_features"": 24381}"
2025-07-13T03:12:48.127026,automation.aut_sala,on,on,"{""id"": ""1746116908353"", ""last_triggered"": ""2025-07-13T06:12:48.120457+00:00"", ""mode"": ""single"", ""current"": 1, ""friendly_name"": ""aut-sala""}"
2025-07-13T03:12:48.128621,automation.aut_sala,on,on,"{""id"": ""1746116908353"", ""last_triggered"": ""2025-07-13T06:12:48.120457+00:00"", ""mode"": ""single"", ""current"": 0, ""friendly_name"": ""aut-sala""}"
2025-07-13T03:12:58.731785,media_player.lg_webos_tv_oled42c2psa_2,on,on,"{""source_list"": [""Amazon Alexa"", ""Amazon Music"", ""Apple TV"", ""Apps"", ""Clarovideo"", ""Compartilhamento de Ambiente para Ambiente"", ""C\u00e2mera"", ""Disney+"", ""Esportes"", ""Globoplay"", ""HDMI 1"", ""HDMI 2"", ""HDMI 3"", ""HDMI 4"", ""Hub Inicial"", ""Kanto"", ""LG Channels"", ""LG Gaming Portal"", ""Live TV"", ""Mercado Play"", ""Navegador Web"", ""Netflix"", ""Prime Video"", ""Reprodutor de M\u00eddia"", ""Sempre Pronto"", ""Twitch"", ""YouTube""], ""volume_level"": 0.08, ""is_volume_muted"": false, ""source"": ""Sempre Pronto"", ""sound_output"": ""tv_external_speaker"", ""assumed_state"": true, ""device_class"": ""tv"", ""friendly_name"": ""LG webOS TV OLED42C2PSA"", ""supported_features"": 24381}"
2025-07-13T03:12:58.826911,media_player.lg_webos_tv_oled42c2psa_2,on,off,"{""source_list"": [""Amazon Alexa"", ""Amazon Music"", ""Apple TV"", ""Apps"", ""Clarovideo"", ""Compartilhamento de Ambiente para Ambiente"", ""C\u00e2mera"", ""Disney+"", ""Esportes"", ""Globoplay"", ""HDMI 1"", ""HDMI 2"", ""HDMI 3"", ""HDMI 4"", ""Hub Inicial"", ""Kanto"", ""LG Channels"", ""LG Gaming Portal"", ""Live TV"", ""Mercado Play"", ""Navegador Web"", ""Netflix"", ""Prime Video"", ""Reprodutor de M\u00eddia"", ""Sempre Pronto"", ""Twitch"", ""YouTube""], ""sound_output"": ""tv_external_speaker"", ""assumed_state"": true, ""device_class"": ""tv"", ""friendly_name"": ""LG webOS TV OLED42C2PSA"", ""supported_features"": 24381}"
2025-07-13T03:12:58.832048,automation.aut_sala,on,on,"{""id"": ""1746116908353"", ""last_triggered"": ""2025-07-13T06:12:58.819250+00:00"", ""mode"": ""single"", ""current"": 1, ""friendly_name"": ""aut-sala""}"
2025-07-13T03:12:58.835397,automation.aut_sala,on,on,"{""id"": ""1746116908353"", ""last_triggered"": ""2025-07-13T06:12:58.819250+00:00"", ""mode"": ""single"", ""current"": 0, ""friendly_name"": ""aut-sala""}"
2025-07-13T03:13:10.405588,automation.aut_status_bruno,on,on,"{""id"": ""1751855857509"", ""last_triggered"": ""2025-07-13T06:13:10.391375+00:00"", ""mode"": ""single"", ""current"": 1, ""friendly_name"": ""aut-status-bruno""}"
2025-07-13T03:13:10.408988,automation.aut_status_bruno,on,on,"{""id"": ""1751855857509"", ""last_triggered"": ""2025-07-13T06:13:10.391375+00:00"", ""mode"": ""single"", ""current"": 0, ""friendly_name"": ""aut-status-bruno""}"
2025-07-13T03:13:13.774003,sensor.arris_tg1692a_router_download_speed,0.0033478062736103,0.0407488141291713,"{""state_class"": ""measurement"", ""unit_of_measurement"": ""Mbit/s"", ""device_class"": ""data_rate"", ""friendly_name"": ""ARRIS TG1692A Router Download speed""}"
2025-07-13T03:13:13.775785,sensor.arris_tg1692a_router_upload_speed,0.00223533731514736,0.0107101644256652,"{""state_class"": ""measurement"", ""unit_of_measurement"": ""Mbit/s"", ""device_class"": ""data_rate"", ""friendly_name"": ""ARRIS TG1692A Router Upload speed""}"
2025-07-13T03:13:43.759813,sensor.arris_tg1692a_router_download_speed,0.0407488141291713,0.0118680613183168,"{""state_class"": ""measurement"", ""unit_of_measurement"": ""Mbit/s"", ""device_class"": ""data_rate"", ""friendly_name"": ""ARRIS TG1692A Router Download speed""}"
2025-07-13T03:13:43.761884,sensor.arris_tg1692a_router_upload_speed,0.0107101644256652,0.00878591206054565,"{""state_class"": ""measurement"", ""unit_of_measurement"": ""Mbit/s"", ""device_class"": ""data_rate"", ""friendly_name"": ""ARRIS TG1692A Router Upload speed""}"
2025-07-13T03:14:10.396737,automation.aut_status_bruno,on,on,"{""id"": ""1751855857509"", ""last_triggered"": ""2025-07-13T06:14:10.390029+00:00"", ""mode"": ""single"", ""current"": 1, ""friendly_name"": ""aut-status-bruno""}"
2025-07-13T03:14:10.399569,automation.aut_status_bruno,on,on,"{""id"": ""1751855857509"", ""last_triggered"": ""2025-07-13T06:14:10.390029+00:00"", ""mode"": ""single"", ""current"": 0, ""friendly_name"": ""aut-status-bruno""}"
2025-07-13T03:14:13.763784,sensor.arris_tg1692a_router_download_speed,0.0118680613183168,0.00290235220793364,"{""state_class"": ""measurement"", ""unit_of_measurement"": ""Mbit/s"", ""device_class"": ""data_rate"", ""friendly_name"": ""ARRIS TG1692A Router Download speed""}"
2025-07-13T03:14:13.768221,sensor.arris_tg1692a_router_upload_speed,0.00878591206054565,0.00303301672299129,"{""state_class"": ""measurement"", ""unit_of_measurement"": ""Mbit/s"", ""device_class"": ""data_rate"", ""friendly_name"": ""ARRIS TG1692A Router Upload speed""}"
2025-07-13T03:14:43.760847,sensor.arris_tg1692a_router_download_speed,0.00290235220793364,0.0116134831472659,"{""state_class"": ""measurement"", ""unit_of_measurement"": ""Mbit/s"", ""device_class"": ""data_rate"", ""friendly_name"": ""ARRIS TG1692A Router Download speed""}"
2025-07-13T03:14:43.763048,sensor.arris_tg1692a_router_upload_speed,0.00303301672299129,0.00488166297345236,"{""state_class"": ""measurement"", ""unit_of_measurement"": ""Mbit/s"", ""device_class"": ""data_rate"", ""friendly_name"": ""ARRIS TG1692A Router Upload speed""}"
2025-07-13T03:15:10.397621,automation.aut_status_bruno,on,on,"{""id"": ""1751855857509"", ""last_triggered"": ""2025-07-13T06:15:10.390924+00:00"", ""mode"": ""single"", ""current"": 1, ""friendly_name"": ""aut-status-bruno""}"
2025-07-13T03:15:10.400114,automation.aut_status_bruno,on,on,"{""id"": ""1751855857509"", ""last_triggered"": ""2025-07-13T06:15:10.390924+00:00"", ""mode"": ""single"", ""current"": 0, ""friendly_name"": ""aut-status-bruno""}"
2025-07-13T03:15:13.762601,sensor.arris_tg1692a_router_download_speed,0.0116134831472659,0.00412314928526379,"{""state_class"": ""measurement"", ""unit_of_measurement"": ""Mbit/s"", ""device_class"": ""data_rate"", ""friendly_name"": ""ARRIS TG1692A Router Download speed""}"
2025-07-13T03:15:13.764577,sensor.arris_tg1692a_router_upload_speed,0.00488166297345236,0.00187491027193699,"{""state_class"": ""measurement"", ""unit_of_measurement"": ""Mbit/s"", ""device_class"": ""data_rate"", ""friendly_name"": ""ARRIS TG1692A Router Upload speed""}"
2025-07-13T03:15:43.757301,sensor.arris_tg1692a_router_download_speed,0.00412314928526379,0.0028229659856399,"{""state_class"": ""measurement"", ""unit_of_measurement"": ""Mbit/s"", ""device_class"": ""data_rate"", ""friendly_name"": ""ARRIS TG1692A Router Download speed""}"
2025-07-13T03:15:43.759083,sensor.arris_tg1692a_router_upload_speed,0.00187491027193699,0.00168428614824311,"{""state_class"": ""measurement"", ""unit_of_measurement"": ""Mbit/s"", ""device_class"": ""data_rate"", ""friendly_name"": ""ARRIS TG1692A Router Upload speed""}"
2025-07-13T03:15:47.531155,camera.192_168_0_33,idle,idle,"{""access_token"": ""77087c66c0603685ed10dd81dbf42d440ffd949990841391d59e6f37ca0bac9b"", ""entity_picture"": ""/api/camera_proxy/camera.192_168_0_33?token=77087c66c0603685ed10dd81dbf42d440ffd949990841391d59e6f37ca0bac9b"", ""friendly_name"": ""192_168_0_14"", ""supported_features"": 2}"
2025-07-13T03:15:47.534535,camera.admin_mainstream,idle,idle,"{""access_token"": ""4c227273ec8cec8197775e4af8b07b7daaeb58832f8a793745ba959aa9f1c3b4"", ""entity_picture"": ""/api/camera_proxy/camera.admin_mainstream?token=4c227273ec8cec8197775e4af8b07b7daaeb58832f8a793745ba959aa9f1c3b4"", ""friendly_name"": ""admin MainStream"", ""supported_features"": 2}"
2025-07-13T03:15:47.537563,camera.admin_substream,idle,idle,"{""access_token"": ""25127c1ca5f9e27ec5a2aa6bb30d1e2501f52e0b4ee417e2a7ec54fc43b77448"", ""entity_picture"": ""/api/camera_proxy/camera.admin_substream?token=25127c1ca5f9e27ec5a2aa6bb30d1e2501f52e0b4ee417e2a7ec54fc43b77448"", ""friendly_name"": ""admin SubStream"", ""supported_features"": 2}"
2025-07-13T03:16:10.400665,automation.aut_status_bruno,on,on,"{""id"": ""1751855857509"", ""last_triggered"": ""2025-07-13T06:16:10.390905+00:00"", ""mode"": ""single"", ""current"": 1, ""friendly_name"": ""aut-status-bruno""}"
2025-07-13T03:16:10.403895,automation.aut_status_bruno,on,on,"{""id"": ""1751855857509"", ""last_triggered"": ""2025-07-13T06:16:10.390905+00:00"", ""mode"": ""single"", ""current"": 0, ""friendly_name"": ""aut-status-bruno""}"
2025-07-13T03:16:13.767478,sensor.arris_tg1692a_router_download_speed,0.0028229659856399,0.00211035835559512,"{""state_class"": ""measurement"", ""unit_of_measurement"": ""Mbit/s"", ""device_class"": ""data_rate"", ""friendly_name"": ""ARRIS TG1692A Router Download speed""}"
2025-07-13T03:16:13.771469,sensor.arris_tg1692a_router_upload_speed,0.00168428614824311,0.00156156918503475,"{""state_class"": ""measurement"", ""unit_of_measurement"": ""Mbit/s"", ""device_class"": ""data_rate"", ""friendly_name"": ""ARRIS TG1692A Router Upload speed""}"
2025-07-13T03:16:43.759597,sensor.arris_tg1692a_router_download_speed,0.00211035835559512,0.00521471116553528,"{""state_class"": ""measurement"", ""unit_of_measurement"": ""Mbit/s"", ""device_class"": ""data_rate"", ""friendly_name"": ""ARRIS TG1692A Router Download speed""}"
2025-07-13T03:16:43.761297,sensor.arris_tg1692a_router_upload_speed,0.00156156918503475,0.00342136252896025,"{""state_class"": ""measurement"", ""unit_of_measurement"": ""Mbit/s"", ""device_class"": ""data_rate"", ""friendly_name"": ""ARRIS TG1692A Router Upload speed""}"
2025-07-13T03:17:01.313623,cover.cortina_curtain,unavailable,open,"{""current_position"": 100, ""device_class"": ""curtain"", ""friendly_name"": ""Cortina  Curtain"", ""supported_features"": 15}"
2025-07-13T03:17:10.400196,automation.aut_status_bruno,on,on,"{""id"": ""1751855857509"", ""last_triggered"": ""2025-07-13T06:17:10.390943+00:00"", ""mode"": ""single"", ""current"": 1, ""friendly_name"": ""aut-status-bruno""}"
2025-07-13T03:17:10.402497,automation.aut_status_bruno,on,on,"{""id"": ""1751855857509"", ""last_triggered"": ""2025-07-13T06:17:10.390943+00:00"", ""mode"": ""single"", ""current"": 0, ""friendly_name"": ""aut-status-bruno""}"
2025-07-13T03:17:13.759714,sensor.arris_tg1692a_router_download_speed,0.00521471116553528,0.13326998559609,"{""state_class"": ""measurement"", ""unit_of_measurement"": ""Mbit/s"", ""device_class"": ""data_rate"", ""friendly_name"": ""ARRIS TG1692A Router Download speed""}"
2025-07-13T03:17:13.761358,sensor.arris_tg1692a_router_upload_speed,0.00342136252896025,0.0526856903881676,"{""state_class"": ""measurement"", ""unit_of_measurement"": ""Mbit/s"", ""device_class"": ""data_rate"", ""friendly_name"": ""ARRIS TG1692A Router Upload speed""}"
2025-07-13T03:17:43.756957,sensor.arris_tg1692a_router_download_speed,0.13326998559609,0.180022110062645,"{""state_class"": ""measurement"", ""unit_of_measurement"": ""Mbit/s"", ""device_class"": ""data_rate"", ""friendly_name"": ""ARRIS TG1692A Router Download speed""}"
2025-07-13T03:17:43.759091,sensor.arris_tg1692a_router_upload_speed,0.0526856903881676,0.127095293436665,"{""state_class"": ""measurement"", ""unit_of_measurement"": ""Mbit/s"", ""device_class"": ""data_rate"", ""friendly_name"": ""ARRIS TG1692A Router Upload speed""}"
2025-07-13T03:18:04.578616,sensor.th_sensor_temperature,26.1,26.0,"{""state_class"": ""measurement"", ""unit_of_measurement"": ""\u00b0C"", ""device_class"": ""temperature"", ""friendly_name"": ""th-sensor Temperature""}"
2025-07-13T03:18:04.580255,sensor.th_sensor_humidity,61.0,62.0,"{""state_class"": ""measurement"", ""unit_of_measurement"": ""%"", ""device_class"": ""humidity"", ""friendly_name"": ""th-sensor Humidity""}"
2025-07-13T03:18:10.399033,automation.aut_status_bruno,on,on,"{""id"": ""1751855857509"", ""last_triggered"": ""2025-07-13T06:18:10.390852+00:00"", ""mode"": ""single"", ""current"": 1, ""friendly_name"": ""aut-status-bruno""}"
2025-07-13T03:18:10.402132,automation.aut_status_bruno,on,on,"{""id"": ""1751855857509"", ""last_triggered"": ""2025-07-13T06:18:10.390852+00:00"", ""mode"": ""single"", ""current"": 0, ""friendly_name"": ""aut-status-bruno""}"
2025-07-13T03:18:13.787089,sensor.arris_tg1692a_router_download_speed,0.180022110062645,0.100804421803287,"{""state_class"": ""measurement"", ""unit_of_measurement"": ""Mbit/s"", ""device_class"": ""data_rate"", ""friendly_name"": ""ARRIS TG1692A Router Download speed""}"
2025-07-13T03:18:13.791494,sensor.arris_tg1692a_router_upload_speed,0.127095293436665,0.06743636674541,"{""state_class"": ""measurement"", ""unit_of_measurement"": ""Mbit/s"", ""device_class"": ""data_rate"", ""friendly_name"": ""ARRIS TG1692A Router Upload speed""}"
2025-07-13T03:18:43.757177,sensor.arris_tg1692a_router_download_speed,0.100804421803287,0.0218476761761714,"{""state_class"": ""measurement"", ""unit_of_measurement"": ""Mbit/s"", ""device_class"": ""data_rate"", ""friendly_name"": ""ARRIS TG1692A Router Download speed""}"
2025-07-13T03:18:43.758920,sensor.arris_tg1692a_router_upload_speed,0.06743636674541,0.0168654716446625,"{""state_class"": ""measurement"", ""unit_of_measurement"": ""Mbit/s"", ""device_class"": ""data_rate"", ""friendly_name"": ""ARRIS TG1692A Router Upload speed""}"
2025-07-13T03:19:10.399393,automation.aut_status_bruno,on,on,"{""id"": ""1751855857509"", ""last_triggered"": ""2025-07-13T06:19:10.390040+00:00"", ""mode"": ""single"", ""current"": 1, ""friendly_name"": ""aut-status-bruno""}"
2025-07-13T03:19:10.401773,automation.aut_status_bruno,on,on,"{""id"": ""1751855857509"", ""last_triggered"": ""2025-07-13T06:19:10.390040+00:00"", ""mode"": ""single"", ""current"": 0, ""friendly_name"": ""aut-status-bruno""}"
2025-07-13T03:19:13.755871,sensor.arris_tg1692a_router_download_speed,0.0218476761761714,0.00626904825431087,"{""state_class"": ""measurement"", ""unit_of_measurement"": ""Mbit/s"", ""device_class"": ""data_rate"", ""friendly_name"": ""ARRIS TG1692A Router Download speed""}"
2025-07-13T03:19:13.757598,sensor.arris_tg1692a_router_upload_speed,0.0168654716446625,0.00823152596842835,"{""state_class"": ""measurement"", ""unit_of_measurement"": ""Mbit/s"", ""device_class"": ""data_rate"", ""friendly_name"": ""ARRIS TG1692A Router Upload speed""}"
2025-07-13T03:19:43.759083,sensor.arris_tg1692a_router_download_speed,0.00626904825431087,0.00215439052068171,"{""state_class"": ""measurement"", ""unit_of_measurement"": ""Mbit/s"", ""device_class"": ""data_rate"", ""friendly_name"": ""ARRIS TG1692A Router Download speed""}"
2025-07-13T03:19:43.761097,sensor.arris_tg1692a_router_upload_speed,0.00823152596842835,0.0016306594917649,"{""state_class"": ""measurement"", ""unit_of_measurement"": ""Mbit/s"", ""device_class"": ""data_rate"", ""friendly_name"": ""ARRIS TG1692A Router Upload speed""}"
2025-07-13T03:19:54.016820,sun.sun,below_horizon,below_horizon,"{""next_dawn"": ""2025-07-13T08:34:17.857562+00:00"", ""next_dusk"": ""2025-07-13T20:45:35.099549+00:00"", ""next_midnight"": ""2025-07-14T02:40:01+00:00"", ""next_noon"": ""2025-07-13T14:39:50+00:00"", ""next_rising"": ""2025-07-13T08:57:32.537391+00:00"", ""next_setting"": ""2025-07-13T20:22:20.813048+00:00"", ""elevation"": -37.03, ""azimuth"": 72.38, ""rising"": true, ""friendly_name"": ""Sun""}"
2025-07-13T03:20:10.397668,automation.aut_status_bruno,on,on,"{""id"": ""1751855857509"", ""last_triggered"": ""2025-07-13T06:20:10.390295+00:00"", ""mode"": ""single"", ""current"": 1, ""friendly_name"": ""aut-status-bruno""}"
2025-07-13T03:20:10.400521,automation.aut_status_bruno,on,on,"{""id"": ""1751855857509"", ""last_triggered"": ""2025-07-13T06:20:10.390295+00:00"", ""mode"": ""single"", ""current"": 0, ""friendly_name"": ""aut-status-bruno""}"
2025-07-13T03:20:10.637517,cover.cortina_curtain,open,unavailable,"{""device_class"": ""curtain"", ""friendly_name"": ""Cortina  Curtain"", ""supported_features"": 15}"
2025-07-13T03:20:13.766314,sensor.arris_tg1692a_router_download_speed,0.00215439052068171,0.0433793330299546,"{""state_class"": ""measurement"", ""unit_of_measurement"": ""Mbit/s"", ""device_class"": ""data_rate"", ""friendly_name"": ""ARRIS TG1692A Router Download speed""}"
2025-07-13T03:20:13.768358,sensor.arris_tg1692a_router_upload_speed,0.0016306594917649,0.0322336988500098,"{""state_class"": ""measurement"", ""unit_of_measurement"": ""Mbit/s"", ""device_class"": ""data_rate"", ""friendly_name"": ""ARRIS TG1692A Router Upload speed""}"
2025-07-13T03:20:40.034931,sensor.tomada_mesa_de_trabalho_current,0.159,0.164,"{""state_class"": ""measurement"", ""unit_of_measurement"": ""A"", ""device_class"": ""current"", ""friendly_name"": ""Tomada mesa de trabalho Current""}"
2025-07-13T03:20:40.036749,sensor.tomada_mesa_de_trabalho_power,15.4,16.7,"{""state_class"": ""measurement"", ""unit_of_measurement"": ""W"", ""device_class"": ""power"", ""friendly_name"": ""Tomada mesa de trabalho Power""}"
2025-07-13T03:20:40.038342,sensor.tomada_mesa_de_trabalho_voltage,132.0,132.5,"{""state_class"": ""measurement"", ""unit_of_measurement"": ""V"", ""device_class"": ""voltage"", ""friendly_name"": ""Tomada mesa de trabalho Voltage""}"
2025-07-13T03:20:40.715967,media_player.dlna_b13_box,unavailable,unknown,"{""friendly_name"": ""DLNA-B13 Box"", ""supported_features"": 512575}"
2025-07-13T03:20:43.412466,media_player.dlna_b13_box,unknown,unavailable,"{""friendly_name"": ""DLNA-B13 Box"", ""supported_features"": 512575}"
2025-07-13T03:20:43.790180,sensor.arris_tg1692a_router_download_speed,0.0433793330299546,0.0380456751701016,"{""state_class"": ""measurement"", ""unit_of_measurement"": ""Mbit/s"", ""device_class"": ""data_rate"", ""friendly_name"": ""ARRIS TG1692A Router Download speed""}"
2025-07-13T03:20:43.793484,sensor.arris_tg1692a_router_upload_speed,0.0322336988500098,0.0442939103873177,"{""state_class"": ""measurement"", ""unit_of_measurement"": ""Mbit/s"", ""device_class"": ""data_rate"", ""friendly_name"": ""ARRIS TG1692A Router Upload speed""}"
2025-07-13T03:20:47.529600,camera.192_168_0_33,idle,idle,"{""access_token"": ""459b4a2c2683c091ce61f2e13563ca5e156752484c8b236e783c4a830e0334a"", ""entity_picture"": ""/api/camera_proxy/camera.192_168_0_33?token=459b4a2c2683c091ce61f2e13563ca5e156752484c8b236e783c4a830e0334a"", ""friendly_name"": ""192_168_0_14"", ""supported_features"": 2}"
2025-07-13T03:20:47.531563,camera.admin_mainstream,idle,idle,"{""access_token"": ""d9ee19b2ae2c9f8a1e7fbf7017f4d2a627bbb601645c6740fe75d1722e6ad9d8"", ""entity_picture"": ""/api/camera_proxy/camera.admin_mainstream?token=d9ee19b2ae2c9f8a1e7fbf7017f4d2a627bbb601645c6740fe75d1722e6ad9d8"", ""friendly_name"": ""admin MainStream"", ""supported_features"": 2}"
2025-07-13T03:20:47.533236,camera.admin_substream,idle,idle,"{""access_token"": ""961f86812002c62815e22805e84a73fc04632066a0e8d7f965b05c31b3292ead"", ""entity_picture"": ""/api/camera_proxy/camera.admin_substream?token=961f86812002c62815e22805e84a73fc04632066a0e8d7f965b05c31b3292ead"", ""friendly_name"": ""admin SubStream"", ""supported_features"": 2}"
2025-07-13T03:21:10.399949,automation.aut_status_bruno,on,on,"{""id"": ""1751855857509"", ""last_triggered"": ""2025-07-13T06:21:10.390058+00:00"", ""mode"": ""single"", ""current"": 1, ""friendly_name"": ""aut-status-bruno""}"
2025-07-13T03:21:10.402467,automation.aut_status_bruno,on,on,"{""id"": ""1751855857509"", ""last_triggered"": ""2025-07-13T06:21:10.390058+00:00"", ""mode"": ""single"", ""current"": 0, ""friendly_name"": ""aut-status-bruno""}"
2025-07-13T03:21:13.760966,sensor.arris_tg1692a_router_download_speed,0.0380456751701016,0.0297754785768581,"{""state_class"": ""measurement"", ""unit_of_measurement"": ""Mbit/s"", ""device_class"": ""data_rate"", ""friendly_name"": ""ARRIS TG1692A Router Download speed""}"
2025-07-13T03:21:13.765027,sensor.arris_tg1692a_router_upload_speed,0.0442939103873177,0.0335656134262454,"{""state_class"": ""measurement"", ""unit_of_measurement"": ""Mbit/s"", ""device_class"": ""data_rate"", ""friendly_name"": ""ARRIS TG1692A Router Upload speed""}"
2025-07-13T03:21:15.154683,sensor.tomada_mesa_de_trabalho_current,0.164,0.142,"{""state_class"": ""measurement"", ""unit_of_measurement"": ""A"", ""device_class"": ""current"", ""friendly_name"": ""Tomada mesa de trabalho Current""}"
2025-07-13T03:21:15.159205,sensor.tomada_mesa_de_trabalho_power,16.7,12.8,"{""state_class"": ""measurement"", ""unit_of_measurement"": ""W"", ""device_class"": ""power"", ""friendly_name"": ""Tomada mesa de trabalho Power""}"
2025-07-13T03:21:15.163414,sensor.tomada_mesa_de_trabalho_voltage,132.5,133.2,"{""state_class"": ""measurement"", ""unit_of_measurement"": ""V"", ""device_class"": ""voltage"", ""friendly_name"": ""Tomada mesa de trabalho Voltage""}"
2025-07-13T03:21:43.755641,sensor.arris_tg1692a_router_download_speed,0.0297754785768581,0.00709886022892224,"{""state_class"": ""measurement"", ""unit_of_measurement"": ""Mbit/s"", ""device_class"": ""data_rate"", ""friendly_name"": ""ARRIS TG1692A Router Download speed""}"
2025-07-13T03:21:43.757434,sensor.arris_tg1692a_router_upload_speed,0.0335656134262454,0.00904691334583723,"{""state_class"": ""measurement"", ""unit_of_measurement"": ""Mbit/s"", ""device_class"": ""data_rate"", ""friendly_name"": ""ARRIS TG1692A Router Upload speed""}"
2025-07-13T03:22:10.397411,automation.aut_status_bruno,on,on,"{""id"": ""1751855857509"", ""last_triggered"": ""2025-07-13T06:22:10.390268+00:00"", ""mode"": ""single"", ""current"": 1, ""friendly_name"": ""aut-status-bruno""}"
2025-07-13T03:22:10.399721,automation.aut_status_bruno,on,on,"{""id"": ""1751855857509"", ""last_triggered"": ""2025-07-13T06:22:10.390268+00:00"", ""mode"": ""single"", ""current"": 0, ""friendly_name"": ""aut-status-bruno""}"
2025-07-13T03:22:13.778771,sensor.arris_tg1692a_router_download_speed,0.00709886022892224,0.0121253223301186,"{""state_class"": ""measurement"", ""unit_of_measurement"": ""Mbit/s"", ""device_class"": ""data_rate"", ""friendly_name"": ""ARRIS TG1692A Router Download speed""}"
2025-07-13T03:22:13.781859,sensor.arris_tg1692a_router_upload_speed,0.00904691334583723,0.00932538644865032,"{""state_class"": ""measurement"", ""unit_of_measurement"": ""Mbit/s"", ""device_class"": ""data_rate"", ""friendly_name"": ""ARRIS TG1692A Router Upload speed""}"
2025-07-13T03:22:16.779770,sensor.tauntaum_energy,212.11,212.126,"{""state_class"": ""total_increasing"", ""unit_of_measurement"": ""kWh"", ""device_class"": ""energy"", ""friendly_name"": ""Tauntaum Energy""}"
2025-07-13T03:22:16.783176,sensor.tauntaum_power,58,73,"{""state_class"": ""measurement"", ""power_consumption_start"": ""2025-07-13T06:08:52Z"", ""power_consumption_end"": ""2025-07-13T06:22:16Z"", ""unit_of_measurement"": ""W"", ""device_class"": ""power"", ""friendly_name"": ""Tauntaum Power""}"
2025-07-13T03:22:16.787611,sensor.tauntaum_energy_difference,0.012,0.016,"{""state_class"": ""total"", ""unit_of_measurement"": ""kWh"", ""device_class"": ""energy"", ""friendly_name"": ""Tauntaum Energy difference""}"
2025-07-13T03:22:16.790909,sensor.tauntaum_power_energy,0.0136281455541982,0.012963161109421,"{""state_class"": ""total"", ""unit_of_measurement"": ""kWh"", ""device_class"": ""energy"", ""friendly_name"": ""Tauntaum Power energy""}"
2025-07-13T03:22:16.793933,sensor.tauntaum_energy_saved,0.001,0.002,"{""state_class"": ""total_increasing"", ""unit_of_measurement"": ""kWh"", ""device_class"": ""energy"", ""friendly_name"": ""Tauntaum Energy saved""}"
2025-07-13T03:22:43.757917,sensor.arris_tg1692a_router_download_speed,0.0121253223301186,0.0151115120012027,"{""state_class"": ""measurement"", ""unit_of_measurement"": ""Mbit/s"", ""device_class"": ""data_rate"", ""friendly_name"": ""ARRIS TG1692A Router Download speed""}"
2025-07-13T03:22:43.759808,sensor.arris_tg1692a_router_upload_speed,0.00932538644865032,0.01074616557183,"{""state_class"": ""measurement"", ""unit_of_measurement"": ""Mbit/s"", ""device_class"": ""data_rate"", ""friendly_name"": ""ARRIS TG1692A Router Upload speed""}"
2025-07-13T03:23:10.399958,automation.aut_status_bruno,on,on,"{""id"": ""1751855857509"", ""last_triggered"": ""2025-07-13T06:23:10.390889+00:00"", ""mode"": ""single"", ""current"": 1, ""friendly_name"": ""aut-status-bruno""}"
2025-07-13T03:23:10.402757,automation.aut_status_bruno,on,on,"{""id"": ""1751855857509"", ""last_triggered"": ""2025-07-13T06:23:10.390889+00:00"", ""mode"": ""single"", ""current"": 0, ""friendly_name"": ""aut-status-bruno""}"
2025-07-13T03:23:13.757660,sensor.arris_tg1692a_router_download_speed,0.0151115120012027,0.0741461459504831,"{""state_class"": ""measurement"", ""unit_of_measurement"": ""Mbit/s"", ""device_class"": ""data_rate"", ""friendly_name"": ""ARRIS TG1692A Router Download speed""}"
2025-07-13T03:23:13.759607,sensor.arris_tg1692a_router_upload_speed,0.01074616557183,0.037455874417127,"{""state_class"": ""measurement"", ""unit_of_measurement"": ""Mbit/s"", ""device_class"": ""data_rate"", ""friendly_name"": ""ARRIS TG1692A Router Upload speed""}"
2025-07-13T03:23:43.763351,sensor.arris_tg1692a_router_download_speed,0.0741461459504831,0.0161016165548895,"{""state_class"": ""measurement"", ""unit_of_measurement"": ""Mbit/s"", ""device_class"": ""data_rate"", ""friendly_name"": ""ARRIS TG1692A Router Download speed""}"
2025-07-13T03:23:43.766960,sensor.arris_tg1692a_router_upload_speed,0.037455874417127,0.0136533879173743,"{""state_class"": ""measurement"", ""unit_of_measurement"": ""Mbit/s"", ""device_class"": ""data_rate"", ""friendly_name"": ""ARRIS TG1692A Router Upload speed""}"
2025-07-13T03:24:10.407770,automation.aut_status_bruno,on,on,"{""id"": ""1751855857509"", ""last_triggered"": ""2025-07-13T06:24:10.390878+00:00"", ""mode"": ""single"", ""current"": 1, ""friendly_name"": ""aut-status-bruno""}"
2025-07-13T03:24:10.415723,automation.aut_status_bruno,on,on,"{""id"": ""1751855857509"", ""last_triggered"": ""2025-07-13T06:24:10.390878+00:00"", ""mode"": ""single"", ""current"": 0, ""friendly_name"": ""aut-status-bruno""}"
2025-07-13T03:24:13.762651,sensor.arris_tg1692a_router_download_speed,0.0161016165548895,0.00624265480562254,"{""state_class"": ""measurement"", ""unit_of_measurement"": ""Mbit/s"", ""device_class"": ""data_rate"", ""friendly_name"": ""ARRIS TG1692A Router Download speed""}"
2025-07-13T03:24:13.766247,sensor.arris_tg1692a_router_upload_speed,0.0136533879173743,0.0057069224901806,"{""state_class"": ""measurement"", ""unit_of_measurement"": ""Mbit/s"", ""device_class"": ""data_rate"", ""friendly_name"": ""ARRIS TG1692A Router Upload speed""}"
2025-07-13T03:24:43.769917,sensor.arris_tg1692a_router_download_speed,0.00624265480562254,0.00914993315618094,"{""state_class"": ""measurement"", ""unit_of_measurement"": ""Mbit/s"", ""device_class"": ""data_rate"", ""friendly_name"": ""ARRIS TG1692A Router Download speed""}"
2025-07-13T03:24:43.772896,sensor.arris_tg1692a_router_upload_speed,0.0057069224901806,0.00666804845448544,"{""state_class"": ""measurement"", ""unit_of_measurement"": ""Mbit/s"", ""device_class"": ""data_rate"", ""friendly_name"": ""ARRIS TG1692A Router Upload speed""}"
2025-07-13T03:25:10.402446,automation.aut_status_bruno,on,on,"{""id"": ""1751855857509"", ""last_triggered"": ""2025-07-13T06:25:10.390812+00:00"", ""mode"": ""single"", ""current"": 1, ""friendly_name"": ""aut-status-bruno""}"
2025-07-13T03:25:10.406593,automation.aut_status_bruno,on,on,"{""id"": ""1751855857509"", ""last_triggered"": ""2025-07-13T06:25:10.390812+00:00"", ""mode"": ""single"", ""current"": 0, ""friendly_name"": ""aut-status-bruno""}"
2025-07-13T03:25:13.756144,sensor.arris_tg1692a_router_download_speed,0.00914993315618094,0.00427228275893172,"{""state_class"": ""measurement"", ""unit_of_measurement"": ""Mbit/s"", ""device_class"": ""data_rate"", ""friendly_name"": ""ARRIS TG1692A Router Download speed""}"
2025-07-13T03:25:13.757883,sensor.arris_tg1692a_router_upload_speed,0.00666804845448544,0.00267094339388678,"{""state_class"": ""measurement"", ""unit_of_measurement"": ""Mbit/s"", ""device_class"": ""data_rate"", ""friendly_name"": ""ARRIS TG1692A Router Upload speed""}"
2025-07-13T03:25:43.755137,sensor.arris_tg1692a_router_download_speed,0.00427228275893172,0.00402406827502507,"{""state_class"": ""measurement"", ""unit_of_measurement"": ""Mbit/s"", ""device_class"": ""data_rate"", ""friendly_name"": ""ARRIS TG1692A Router Download speed""}"
2025-07-13T03:25:43.756948,sensor.arris_tg1692a_router_upload_speed,0.00267094339388678,0.00292884969281645,"{""state_class"": ""measurement"", ""unit_of_measurement"": ""Mbit/s"", ""device_class"": ""data_rate"", ""friendly_name"": ""ARRIS TG1692A Router Upload speed""}"
2025-07-13T03:25:47.530455,camera.192_168_0_33,idle,idle,"{""access_token"": ""21efa685fb13433c8ce9f7ac3011d997b157b16ef8b1e45956284a5a7c76da7f"", ""entity_picture"": ""/api/camera_proxy/camera.192_168_0_33?token=21efa685fb13433c8ce9f7ac3011d997b157b16ef8b1e45956284a5a7c76da7f"", ""friendly_name"": ""192_168_0_14"", ""supported_features"": 2}"
2025-07-13T03:25:47.532492,camera.admin_mainstream,idle,idle,"{""access_token"": ""2dfe81ac114255970df192d4633bb15560a8384d90ca8cb776b72880b92f59f3"", ""entity_picture"": ""/api/camera_proxy/camera.admin_mainstream?token=2dfe81ac114255970df192d4633bb15560a8384d90ca8cb776b72880b92f59f3"", ""friendly_name"": ""admin MainStream"", ""supported_features"": 2}"
2025-07-13T03:25:47.534188,camera.admin_substream,idle,idle,"{""access_token"": ""8d35890ba1c1db465ef1c78493b59bcdf574a2821a2e74441af5c368dfb5e7f7"", ""entity_picture"": ""/api/camera_proxy/camera.admin_substream?token=8d35890ba1c1db465ef1c78493b59bcdf574a2821a2e74441af5c368dfb5e7f7"", ""friendly_name"": ""admin SubStream"", ""supported_features"": 2}"
2025-07-13T03:26:10.400830,automation.aut_status_bruno,on,on,"{""id"": ""1751855857509"", ""last_triggered"": ""2025-07-13T06:26:10.390894+00:00"", ""mode"": ""single"", ""current"": 1, ""friendly_name"": ""aut-status-bruno""}"
2025-07-13T03:26:10.404821,automation.aut_status_bruno,on,on,"{""id"": ""1751855857509"", ""last_triggered"": ""2025-07-13T06:26:10.390894+00:00"", ""mode"": ""single"", ""current"": 0, ""friendly_name"": ""aut-status-bruno""}"
2025-07-13T03:26:13.753160,sensor.arris_tg1692a_router_download_speed,0.00402406827502507,0.00566279818121674,"{""state_class"": ""measurement"", ""unit_of_measurement"": ""Mbit/s"", ""device_class"": ""data_rate"", ""friendly_name"": ""ARRIS TG1692A Router Download speed""}"
2025-07-13T03:26:13.755168,sensor.arris_tg1692a_router_upload_speed,0.00292884969281645,0.00348551681233208,"{""state_class"": ""measurement"", ""unit_of_measurement"": ""Mbit/s"", ""device_class"": ""data_rate"", ""friendly_name"": ""ARRIS TG1692A Router Upload speed""}"
2025-07-13T03:26:43.758286,sensor.arris_tg1692a_router_download_speed,0.00566279818121674,0.00453547180686805,"{""state_class"": ""measurement"", ""unit_of_measurement"": ""Mbit/s"", ""device_class"": ""data_rate"", ""friendly_name"": ""ARRIS TG1692A Router Download speed""}"
2025-07-13T03:26:43.762355,sensor.arris_tg1692a_router_upload_speed,0.00348551681233208,0.0027114697396657,"{""state_class"": ""measurement"", ""unit_of_measurement"": ""Mbit/s"", ""device_class"": ""data_rate"", ""friendly_name"": ""ARRIS TG1692A Router Upload speed""}"
2025-07-13T03:27:10.400053,automation.aut_status_bruno,on,on,"{""id"": ""1751855857509"", ""last_triggered"": ""2025-07-13T06:27:10.390212+00:00"", ""mode"": ""single"", ""current"": 1, ""friendly_name"": ""aut-status-bruno""}"
2025-07-13T03:27:10.402176,automation.aut_status_bruno,on,on,"{""id"": ""1751855857509"", ""last_triggered"": ""2025-07-13T06:27:10.390212+00:00"", ""mode"": ""single"", ""current"": 0, ""friendly_name"": ""aut-status-bruno""}"
2025-07-13T03:27:13.771996,sensor.arris_tg1692a_router_download_speed,0.00453547180686805,0.018731712000128,"{""state_class"": ""measurement"", ""unit_of_measurement"": ""Mbit/s"", ""device_class"": ""data_rate"", ""friendly_name"": ""ARRIS TG1692A Router Download speed""}"
2025-07-13T03:27:13.774036,sensor.arris_tg1692a_router_upload_speed,0.0027114697396657,0.00536387994605186,"{""state_class"": ""measurement"", ""unit_of_measurement"": ""Mbit/s"", ""device_class"": ""data_rate"", ""friendly_name"": ""ARRIS TG1692A Router Upload speed""}"
2025-07-13T03:27:43.752049,sensor.arris_tg1692a_router_download_speed,0.018731712000128,0.00719395036719566,"{""state_class"": ""measurement"", ""unit_of_measurement"": ""Mbit/s"", ""device_class"": ""data_rate"", ""friendly_name"": ""ARRIS TG1692A Router Download speed""}"
2025-07-13T03:27:43.753819,sensor.arris_tg1692a_router_upload_speed,0.00536387994605186,0.00344524570925079,"{""state_class"": ""measurement"", ""unit_of_measurement"": ""Mbit/s"", ""device_class"": ""data_rate"", ""friendly_name"": ""ARRIS TG1692A Router Upload speed""}"
2025-07-13T03:28:10.402422,automation.aut_status_bruno,on,on,"{""id"": ""1751855857509"", ""last_triggered"": ""2025-07-13T06:28:10.390866+00:00"", ""mode"": ""single"", ""current"": 1, ""friendly_name"": ""aut-status-bruno""}"
2025-07-13T03:28:10.404891,automation.aut_status_bruno,on,on,"{""id"": ""1751855857509"", ""last_triggered"": ""2025-07-13T06:28:10.390866+00:00"", ""mode"": ""single"", ""current"": 0, ""friendly_name"": ""aut-status-bruno""}"
2025-07-13T03:28:13.752488,sensor.arris_tg1692a_router_download_speed,0.00719395036719566,0.00561187232070448,"{""state_class"": ""measurement"", ""unit_of_measurement"": ""Mbit/s"", ""device_class"": ""data_rate"", ""friendly_name"": ""ARRIS TG1692A Router Download speed""}"
2025-07-13T03:28:13.754272,sensor.arris_tg1692a_router_upload_speed,0.00344524570925079,0.00446704396712225,"{""state_class"": ""measurement"", ""unit_of_measurement"": ""Mbit/s"", ""device_class"": ""data_rate"", ""friendly_name"": ""ARRIS TG1692A Router Upload speed""}"
2025-07-13T03:28:43.751077,sensor.arris_tg1692a_router_download_speed,0.00561187232070448,0.00341730440015608,"{""state_class"": ""measurement"", ""unit_of_measurement"": ""Mbit/s"", ""device_class"": ""data_rate"", ""friendly_name"": ""ARRIS TG1692A Router Download speed""}"
2025-07-13T03:28:43.753438,sensor.arris_tg1692a_router_upload_speed,0.00446704396712225,0.00248957892156513,"{""state_class"": ""measurement"", ""unit_of_measurement"": ""Mbit/s"", ""device_class"": ""data_rate"", ""friendly_name"": ""ARRIS TG1692A Router Upload speed""}"
2025-07-13T03:29:10.398977,automation.aut_status_bruno,on,on,"{""id"": ""1751855857509"", ""last_triggered"": ""2025-07-13T06:29:10.390044+00:00"", ""mode"": ""single"", ""current"": 1, ""friendly_name"": ""aut-status-bruno""}"
2025-07-13T03:29:10.401434,automation.aut_status_bruno,on,on,"{""id"": ""1751855857509"", ""last_triggered"": ""2025-07-13T06:29:10.390044+00:00"", ""mode"": ""single"", ""current"": 0, ""friendly_name"": ""aut-status-bruno""}"
2025-07-13T03:29:13.764749,sensor.arris_tg1692a_router_download_speed,0.00341730440015608,0.00262691914796993,"{""state_class"": ""measurement"", ""unit_of_measurement"": ""Mbit/s"", ""device_class"": ""data_rate"", ""friendly_name"": ""ARRIS TG1692A Router Download speed""}"
2025-07-13T03:29:13.768529,sensor.arris_tg1692a_router_upload_speed,0.00248957892156513,0.00296158400744636,"{""state_class"": ""measurement"", ""unit_of_measurement"": ""Mbit/s"", ""device_class"": ""data_rate"", ""friendly_name"": ""ARRIS TG1692A Router Upload speed""}"
2025-07-13T03:29:43.754665,sensor.arris_tg1692a_router_download_speed,0.00262691914796993,0.00146665615563088,"{""state_class"": ""measurement"", ""unit_of_measurement"": ""Mbit/s"", ""device_class"": ""data_rate"", ""friendly_name"": ""ARRIS TG1692A Router Download speed""}"
2025-07-13T03:29:43.756541,sensor.arris_tg1692a_router_upload_speed,0.00296158400744636,0.0010077261112962,"{""state_class"": ""measurement"", ""unit_of_measurement"": ""Mbit/s"", ""device_class"": ""data_rate"", ""friendly_name"": ""ARRIS TG1692A Router Upload speed""}"
2025-07-13T03:30:10.399520,automation.aut_status_bruno,on,on,"{""id"": ""1751855857509"", ""last_triggered"": ""2025-07-13T06:30:10.390987+00:00"", ""mode"": ""single"", ""current"": 1, ""friendly_name"": ""aut-status-bruno""}"
2025-07-13T03:30:10.401733,automation.aut_status_bruno,on,on,"{""id"": ""1751855857509"", ""last_triggered"": ""2025-07-13T06:30:10.390987+00:00"", ""mode"": ""single"", ""current"": 0, ""friendly_name"": ""aut-status-bruno""}"
2025-07-13T03:30:13.757198,sensor.arris_tg1692a_router_download_speed,0.00146665615563088,0.0020031891160058,"{""state_class"": ""measurement"", ""unit_of_measurement"": ""Mbit/s"", ""device_class"": ""data_rate"", ""friendly_name"": ""ARRIS TG1692A Router Download speed""}"
2025-07-13T03:30:13.762588,sensor.arris_tg1692a_router_upload_speed,0.0010077261112962,0.00137572585855617,"{""state_class"": ""measurement"", ""unit_of_measurement"": ""Mbit/s"", ""device_class"": ""data_rate"", ""friendly_name"": ""ARRIS TG1692A Router Upload speed""}"
2025-07-13T03:30:40.679871,media_player.dlna_b13_box,unavailable,unknown,"{""friendly_name"": ""DLNA-B13 Box"", ""supported_features"": 512575}"
2025-07-13T03:30:43.415468,media_player.dlna_b13_box,unknown,unavailable,"{""friendly_name"": ""DLNA-B13 Box"", ""supported_features"": 512575}"
2025-07-13T03:30:43.779645,sensor.arris_tg1692a_router_download_speed,0.0020031891160058,0.00663764181714345,"{""state_class"": ""measurement"", ""unit_of_measurement"": ""Mbit/s"", ""device_class"": ""data_rate"", ""friendly_name"": ""ARRIS TG1692A Router Download speed""}"
2025-07-13T03:30:43.783620,sensor.arris_tg1692a_router_upload_speed,0.00137572585855617,0.00678697609128271,"{""state_class"": ""measurement"", ""unit_of_measurement"": ""Mbit/s"", ""device_class"": ""data_rate"", ""friendly_name"": ""ARRIS TG1692A Router Upload speed""}"
2025-07-13T03:30:47.530716,camera.192_168_0_33,idle,idle,"{""access_token"": ""cbd88a0f487cf92767c3474ab484949340b59fd0a5bfefa3cef011fae07d67d1"", ""entity_picture"": ""/api/camera_proxy/camera.192_168_0_33?token=cbd88a0f487cf92767c3474ab484949340b59fd0a5bfefa3cef011fae07d67d1"", ""friendly_name"": ""192_168_0_14"", ""supported_features"": 2}"
2025-07-13T03:30:47.532589,camera.admin_mainstream,idle,idle,"{""access_token"": ""d469df23fe85c2dd2966f91e2becde1a6454cc6cdde502c902c3cacbeda56f6f"", ""entity_picture"": ""/api/camera_proxy/camera.admin_mainstream?token=d469df23fe85c2dd2966f91e2becde1a6454cc6cdde502c902c3cacbeda56f6f"", ""friendly_name"": ""admin MainStream"", ""supported_features"": 2}"
2025-07-13T03:30:47.534264,camera.admin_substream,idle,idle,"{""access_token"": ""9b59ba3948b24626f1b5fdc4a01d63cf1bb0c28ec60ee1ac7ae10314d8d6a2ee"", ""entity_picture"": ""/api/camera_proxy/camera.admin_substream?token=9b59ba3948b24626f1b5fdc4a01d63cf1bb0c28ec60ee1ac7ae10314d8d6a2ee"", ""friendly_name"": ""admin SubStream"", ""supported_features"": 2}"
2025-07-13T03:31:10.401242,automation.aut_status_bruno,on,on,"{""id"": ""1751855857509"", ""last_triggered"": ""2025-07-13T06:31:10.390266+00:00"", ""mode"": ""single"", ""current"": 1, ""friendly_name"": ""aut-status-bruno""}"
2025-07-13T03:31:10.403847,automation.aut_status_bruno,on,on,"{""id"": ""1751855857509"", ""last_triggered"": ""2025-07-13T06:31:10.390266+00:00"", ""mode"": ""single"", ""current"": 0, ""friendly_name"": ""aut-status-bruno""}"
2025-07-13T03:31:13.763962,sensor.arris_tg1692a_router_download_speed,0.00663764181714345,0.0075312554802487,"{""state_class"": ""measurement"", ""unit_of_measurement"": ""Mbit/s"", ""device_class"": ""data_rate"", ""friendly_name"": ""ARRIS TG1692A Router Download speed""}"
2025-07-13T03:31:13.765850,sensor.arris_tg1692a_router_upload_speed,0.00678697609128271,0.0032741574529599,"{""state_class"": ""measurement"", ""unit_of_measurement"": ""Mbit/s"", ""device_class"": ""data_rate"", ""friendly_name"": ""ARRIS TG1692A Router Upload speed""}"
2025-07-13T03:31:30.422416,weather.home,rainy,rainy,"{""temperature"": 23.0, ""temperature_unit"": ""\u00b0C"", ""pressure_unit"": ""hPa"", ""wind_bearing"": 180, ""wind_speed"": 10.8, ""wind_speed_unit"": ""km/h"", ""visibility_unit"": ""km"", ""precipitation_unit"": ""mm"", ""friendly_name"": ""Home"", ""supported_features"": 3}"
2025-07-13T03:31:43.766291,sensor.arris_tg1692a_router_download_speed,0.0075312554802487,0.0042700577533111,"{""state_class"": ""measurement"", ""unit_of_measurement"": ""Mbit/s"", ""device_class"": ""data_rate"", ""friendly_name"": ""ARRIS TG1692A Router Download speed""}"
2025-07-13T03:31:43.768415,sensor.arris_tg1692a_router_upload_speed,0.0032741574529599,0.0026162203595663,"{""state_class"": ""measurement"", ""unit_of_measurement"": ""Mbit/s"", ""device_class"": ""data_rate"", ""friendly_name"": ""ARRIS TG1692A Router Upload speed""}"
2025-07-13T03:32:10.399176,automation.aut_status_bruno,on,on,"{""id"": ""1751855857509"", ""last_triggered"": ""2025-07-13T06:32:10.390231+00:00"", ""mode"": ""single"", ""current"": 1, ""friendly_name"": ""aut-status-bruno""}"
2025-07-13T03:32:10.403930,automation.aut_status_bruno,on,on,"{""id"": ""1751855857509"", ""last_triggered"": ""2025-07-13T06:32:10.390231+00:00"", ""mode"": ""single"", ""current"": 0, ""friendly_name"": ""aut-status-bruno""}"
2025-07-13T03:32:13.780327,sensor.arris_tg1692a_router_download_speed,0.0042700577533111,0.00216618792126895,"{""state_class"": ""measurement"", ""unit_of_measurement"": ""Mbit/s"", ""device_class"": ""data_rate"", ""friendly_name"": ""ARRIS TG1692A Router Download speed""}"
2025-07-13T03:32:13.782328,sensor.arris_tg1692a_router_upload_speed,0.0026162203595663,0.0017067096757505,"{""state_class"": ""measurement"", ""unit_of_measurement"": ""Mbit/s"", ""device_class"": ""data_rate"", ""friendly_name"": ""ARRIS TG1692A Router Upload speed""}"
2025-07-13T03:32:43.756027,sensor.arris_tg1692a_router_download_speed,0.00216618792126895,0.00383674973857842,"{""state_class"": ""measurement"", ""unit_of_measurement"": ""Mbit/s"", ""device_class"": ""data_rate"", ""friendly_name"": ""ARRIS TG1692A Router Download speed""}"
2025-07-13T03:32:43.757818,sensor.arris_tg1692a_router_upload_speed,0.0017067096757505,0.00269143140891521,"{""state_class"": ""measurement"", ""unit_of_measurement"": ""Mbit/s"", ""device_class"": ""data_rate"", ""friendly_name"": ""ARRIS TG1692A Router Upload speed""}"
2025-07-13T03:33:10.432096,automation.aut_status_bruno,on,on,"{""id"": ""1751855857509"", ""last_triggered"": ""2025-07-13T06:33:10.390829+00:00"", ""mode"": ""single"", ""current"": 1, ""friendly_name"": ""aut-status-bruno""}"
2025-07-13T03:33:10.434322,automation.aut_status_bruno,on,on,"{""id"": ""1751855857509"", ""last_triggered"": ""2025-07-13T06:33:10.390829+00:00"", ""mode"": ""single"", ""current"": 0, ""friendly_name"": ""aut-status-bruno""}"
2025-07-13T03:33:13.771902,sensor.arris_tg1692a_router_download_speed,0.00383674973857842,0.00352696154902573,"{""state_class"": ""measurement"", ""unit_of_measurement"": ""Mbit/s"", ""device_class"": ""data_rate"", ""friendly_name"": ""ARRIS TG1692A Router Download speed""}"
2025-07-13T03:33:13.776655,sensor.arris_tg1692a_router_upload_speed,0.00269143140891521,0.00183254799371728,"{""state_class"": ""measurement"", ""unit_of_measurement"": ""Mbit/s"", ""device_class"": ""data_rate"", ""friendly_name"": ""ARRIS TG1692A Router Upload speed""}"
2025-07-13T03:33:43.763266,sensor.arris_tg1692a_router_download_speed,0.00352696154902573,0.00418138741261054,"{""state_class"": ""measurement"", ""unit_of_measurement"": ""Mbit/s"", ""device_class"": ""data_rate"", ""friendly_name"": ""ARRIS TG1692A Router Download speed""}"
2025-07-13T03:33:43.765320,sensor.arris_tg1692a_router_upload_speed,0.00183254799371728,0.0046096596182644,"{""state_class"": ""measurement"", ""unit_of_measurement"": ""Mbit/s"", ""device_class"": ""data_rate"", ""friendly_name"": ""ARRIS TG1692A Router Upload speed""}"
2025-07-13T03:34:10.399880,automation.aut_status_bruno,on,on,"{""id"": ""1751855857509"", ""last_triggered"": ""2025-07-13T06:34:10.391231+00:00"", ""mode"": ""single"", ""current"": 1, ""friendly_name"": ""aut-status-bruno""}"
2025-07-13T03:34:10.403391,automation.aut_status_bruno,on,on,"{""id"": ""1751855857509"", ""last_triggered"": ""2025-07-13T06:34:10.391231+00:00"", ""mode"": ""single"", ""current"": 0, ""friendly_name"": ""aut-status-bruno""}"
2025-07-13T03:34:13.755547,sensor.arris_tg1692a_router_download_speed,0.00418138741261054,0.0114849694272588,"{""state_class"": ""measurement"", ""unit_of_measurement"": ""Mbit/s"", ""device_class"": ""data_rate"", ""friendly_name"": ""ARRIS TG1692A Router Download speed""}"
2025-07-13T03:34:13.757295,sensor.arris_tg1692a_router_upload_speed,0.0046096596182644,0.00583941722626748,"{""state_class"": ""measurement"", ""unit_of_measurement"": ""Mbit/s"", ""device_class"": ""data_rate"", ""friendly_name"": ""ARRIS TG1692A Router Upload speed""}"
2025-07-13T03:34:33.768564,sensor.tauntaum_energy,212.126,212.141,"{""state_class"": ""total_increasing"", ""unit_of_measurement"": ""kWh"", ""device_class"": ""energy"", ""friendly_name"": ""Tauntaum Energy""}"
2025-07-13T03:34:33.770896,sensor.tauntaum_power,73,69,"{""state_class"": ""measurement"", ""power_consumption_start"": ""2025-07-13T06:22:16Z"", ""power_consumption_end"": ""2025-07-13T06:34:33Z"", ""unit_of_measurement"": ""W"", ""device_class"": ""power"", ""friendly_name"": ""Tauntaum Power""}"
2025-07-13T03:34:33.772538,sensor.tauntaum_energy_difference,0.016,0.015,"{""state_class"": ""total"", ""unit_of_measurement"": ""kWh"", ""device_class"": ""energy"", ""friendly_name"": ""Tauntaum Energy difference""}"
2025-07-13T03:34:33.774049,sensor.tauntaum_power_energy,0.012963161109421,0.0149572336131997,"{""state_class"": ""total"", ""unit_of_measurement"": ""kWh"", ""device_class"": ""energy"", ""friendly_name"": ""Tauntaum Power energy""}"
2025-07-13T03:34:33.775581,sensor.tauntaum_energy_saved,0.002,0.001,"{""state_class"": ""total_increasing"", ""unit_of_measurement"": ""kWh"", ""device_class"": ""energy"", ""friendly_name"": ""Tauntaum Energy saved""}"
2025-07-13T03:34:43.764298,sensor.arris_tg1692a_router_download_speed,0.0114849694272588,0.00440244798668305,"{""state_class"": ""measurement"", ""unit_of_measurement"": ""Mbit/s"", ""device_class"": ""data_rate"", ""friendly_name"": ""ARRIS TG1692A Router Download speed""}"
2025-07-13T03:34:43.765993,sensor.arris_tg1692a_router_upload_speed,0.00583941722626748,0.00293603200274883,"{""state_class"": ""measurement"", ""unit_of_measurement"": ""Mbit/s"", ""device_class"": ""data_rate"", ""friendly_name"": ""ARRIS TG1692A Router Upload speed""}"
2025-07-13T03:34:49.943135,media_player.lg_webos_tv_oled42c2psa_2,off,on,"{""source_list"": [""Amazon Alexa"", ""Amazon Music"", ""Apple TV"", ""Apps"", ""Clarovideo"", ""Compartilhamento de Ambiente para Ambiente"", ""C\u00e2mera"", ""Disney+"", ""Esportes"", ""Globoplay"", ""HDMI 1"", ""HDMI 2"", ""HDMI 3"", ""HDMI 4"", ""Hub Inicial"", ""Kanto"", ""LG Channels"", ""LG Gaming Portal"", ""Live TV"", ""Mercado Play"", ""Navegador Web"", ""Netflix"", ""Prime Video"", ""Reprodutor de M\u00eddia"", ""Sempre Pronto"", ""Twitch"", ""YouTube""], ""volume_level"": 0.08, ""is_volume_muted"": false, ""source"": ""Sempre Pronto"", ""sound_output"": ""tv_external_speaker"", ""assumed_state"": true, ""device_class"": ""tv"", ""entity_picture"": ""/api/media_player_proxy/media_player.lg_webos_tv_oled42c2psa_2?token=cc22fcf6aa8b4595ea29e69ea6e59bf15b2acdc163cfd5f8619701ca5754d6e9&cache=08f1badf3b923109"", ""friendly_name"": ""LG webOS TV OLED42C2PSA"", ""supported_features"": 24381}"
2025-07-13T03:34:49.949470,automation.aut_sala,on,on,"{""id"": ""1746116908353"", ""last_triggered"": ""2025-07-13T06:34:49.934092+00:00"", ""mode"": ""single"", ""current"": 1, ""friendly_name"": ""aut-sala""}"
2025-07-13T03:34:49.953489,automation.aut_sala,on,on,"{""id"": ""1746116908353"", ""last_triggered"": ""2025-07-13T06:34:49.934092+00:00"", ""mode"": ""single"", ""current"": 0, ""friendly_name"": ""aut-sala""}"
2025-07-13T03:35:00.517664,media_player.lg_webos_tv_oled42c2psa_2,on,on,"{""source_list"": [""Amazon Alexa"", ""Amazon Music"", ""Apple TV"", ""Apps"", ""Clarovideo"", ""Compartilhamento de Ambiente para Ambiente"", ""C\u00e2mera"", ""Disney+"", ""Esportes"", ""Globoplay"", ""HDMI 1"", ""HDMI 2"", ""HDMI 3"", ""HDMI 4"", ""Hub Inicial"", ""Kanto"", ""LG Channels"", ""LG Gaming Portal"", ""Live TV"", ""Mercado Play"", ""Navegador Web"", ""Netflix"", ""Prime Video"", ""Reprodutor de M\u00eddia"", ""Sempre Pronto"", ""Twitch"", ""YouTube""], ""volume_level"": 0.08, ""is_volume_muted"": false, ""source"": ""Sempre Pronto"", ""sound_output"": ""tv_external_speaker"", ""assumed_state"": true, ""device_class"": ""tv"", ""friendly_name"": ""LG webOS TV OLED42C2PSA"", ""supported_features"": 24381}"
2025-07-13T03:35:00.631804,media_player.lg_webos_tv_oled42c2psa_2,on,off,"{""source_list"": [""Amazon Alexa"", ""Amazon Music"", ""Apple TV"", ""Apps"", ""Clarovideo"", ""Compartilhamento de Ambiente para Ambiente"", ""C\u00e2mera"", ""Disney+"", ""Esportes"", ""Globoplay"", ""HDMI 1"", ""HDMI 2"", ""HDMI 3"", ""HDMI 4"", ""Hub Inicial"", ""Kanto"", ""LG Channels"", ""LG Gaming Portal"", ""Live TV"", ""Mercado Play"", ""Navegador Web"", ""Netflix"", ""Prime Video"", ""Reprodutor de M\u00eddia"", ""Sempre Pronto"", ""Twitch"", ""YouTube""], ""sound_output"": ""tv_external_speaker"", ""assumed_state"": true, ""device_class"": ""tv"", ""friendly_name"": ""LG webOS TV OLED42C2PSA"", ""supported_features"": 24381}"
2025-07-13T03:35:00.634133,automation.aut_sala,on,on,"{""id"": ""1746116908353"", ""last_triggered"": ""2025-07-13T06:35:00.628406+00:00"", ""mode"": ""single"", ""current"": 1, ""friendly_name"": ""aut-sala""}"
2025-07-13T03:35:00.636196,automation.aut_sala,on,on,"{""id"": ""1746116908353"", ""last_triggered"": ""2025-07-13T06:35:00.628406+00:00"", ""mode"": ""single"", ""current"": 0, ""friendly_name"": ""aut-sala""}"
2025-07-13T03:35:10.396617,automation.aut_status_bruno,on,on,"{""id"": ""1751855857509"", ""last_triggered"": ""2025-07-13T06:35:10.390407+00:00"", ""mode"": ""single"", ""current"": 1, ""friendly_name"": ""aut-status-bruno""}"
2025-07-13T03:35:10.398708,automation.aut_status_bruno,on,on,"{""id"": ""1751855857509"", ""last_triggered"": ""2025-07-13T06:35:10.390407+00:00"", ""mode"": ""single"", ""current"": 0, ""friendly_name"": ""aut-status-bruno""}"
2025-07-13T03:35:13.759635,sensor.arris_tg1692a_router_download_speed,0.00440244798668305,0.0400424298505992,"{""state_class"": ""measurement"", ""unit_of_measurement"": ""Mbit/s"", ""device_class"": ""data_rate"", ""friendly_name"": ""ARRIS TG1692A Router Download speed""}"
2025-07-13T03:35:13.762418,sensor.arris_tg1692a_router_upload_speed,0.00293603200274883,0.0109848553912813,"{""state_class"": ""measurement"", ""unit_of_measurement"": ""Mbit/s"", ""device_class"": ""data_rate"", ""friendly_name"": ""ARRIS TG1692A Router Upload speed""}"
2025-07-13T03:35:43.756482,sensor.arris_tg1692a_router_download_speed,0.0400424298505992,0.0023245557265535,"{""state_class"": ""measurement"", ""unit_of_measurement"": ""Mbit/s"", ""device_class"": ""data_rate"", ""friendly_name"": ""ARRIS TG1692A Router Download speed""}"
2025-07-13T03:35:43.758319,sensor.arris_tg1692a_router_upload_speed,0.0109848553912813,0.00297629533831176,"{""state_class"": ""measurement"", ""unit_of_measurement"": ""Mbit/s"", ""device_class"": ""data_rate"", ""friendly_name"": ""ARRIS TG1692A Router Upload speed""}"
2025-07-13T03:35:47.532075,camera.192_168_0_33,idle,idle,"{""access_token"": ""3dbbd1d6058eee0e51d500ff95784444c102a9adc44897dfc54251fa8013e662"", ""entity_picture"": ""/api/camera_proxy/camera.192_168_0_33?token=3dbbd1d6058eee0e51d500ff95784444c102a9adc44897dfc54251fa8013e662"", ""friendly_name"": ""192_168_0_14"", ""supported_features"": 2}"
2025-07-13T03:35:47.533984,camera.admin_mainstream,idle,idle,"{""access_token"": ""2c63a5ba1a60d5e09173d822f784d129cabf955b81a56e2f95c26109193658d2"", ""entity_picture"": ""/api/camera_proxy/camera.admin_mainstream?token=2c63a5ba1a60d5e09173d822f784d129cabf955b81a56e2f95c26109193658d2"", ""friendly_name"": ""admin MainStream"", ""supported_features"": 2}"
2025-07-13T03:35:47.535745,camera.admin_substream,idle,idle,"{""access_token"": ""54aa3e633de0071803ec3304f103a94e4bbf3ba24820f8154229f045104f16ba"", ""entity_picture"": ""/api/camera_proxy/camera.admin_substream?token=54aa3e633de0071803ec3304f103a94e4bbf3ba24820f8154229f045104f16ba"", ""friendly_name"": ""admin SubStream"", ""supported_features"": 2}"
2025-07-13T03:36:10.398297,automation.aut_status_bruno,on,on,"{""id"": ""1751855857509"", ""last_triggered"": ""2025-07-13T06:36:10.390290+00:00"", ""mode"": ""single"", ""current"": 1, ""friendly_name"": ""aut-status-bruno""}"
2025-07-13T03:36:10.401943,automation.aut_status_bruno,on,on,"{""id"": ""1751855857509"", ""last_triggered"": ""2025-07-13T06:36:10.390290+00:00"", ""mode"": ""single"", ""current"": 0, ""friendly_name"": ""aut-status-bruno""}"
2025-07-13T03:36:13.759937,sensor.arris_tg1692a_router_download_speed,0.0023245557265535,0.0606502999645775,"{""state_class"": ""measurement"", ""unit_of_measurement"": ""Mbit/s"", ""device_class"": ""data_rate"", ""friendly_name"": ""ARRIS TG1692A Router Download speed""}"
2025-07-13T03:36:13.761716,sensor.arris_tg1692a_router_upload_speed,0.00297629533831176,0.0578455662497843,"{""state_class"": ""measurement"", ""unit_of_measurement"": ""Mbit/s"", ""device_class"": ""data_rate"", ""friendly_name"": ""ARRIS TG1692A Router Upload speed""}"
2025-07-13T03:36:22.555900,sensor.tomada_mesa_de_trabalho_current,0.142,0.307,"{""state_class"": ""measurement"", ""unit_of_measurement"": ""A"", ""device_class"": ""current"", ""friendly_name"": ""Tomada mesa de trabalho Current""}"
2025-07-13T03:36:22.557592,sensor.tomada_mesa_de_trabalho_power,12.8,35.6,"{""state_class"": ""measurement"", ""unit_of_measurement"": ""W"", ""device_class"": ""power"", ""friendly_name"": ""Tomada mesa de trabalho Power""}"
2025-07-13T03:36:22.559094,sensor.tomada_mesa_de_trabalho_voltage,133.2,132.9,"{""state_class"": ""measurement"", ""unit_of_measurement"": ""V"", ""device_class"": ""voltage"", ""friendly_name"": ""Tomada mesa de trabalho Voltage""}"
2025-07-13T03:36:32.566227,automation.aut_status_bruno,on,on,"{""id"": ""1751855857509"", ""last_triggered"": ""2025-07-13T06:36:32.555458+00:00"", ""mode"": ""single"", ""current"": 1, ""friendly_name"": ""aut-status-bruno""}"
2025-07-13T03:36:32.569353,automation.aut_status_bruno,on,on,"{""id"": ""1751855857509"", ""last_triggered"": ""2025-07-13T06:36:32.555458+00:00"", ""mode"": ""single"", ""current"": 0, ""friendly_name"": ""aut-status-bruno""}"
2025-07-13T03:36:43.757587,sensor.arris_tg1692a_router_download_speed,0.0606502999645775,0.0158298437795942,"{""state_class"": ""measurement"", ""unit_of_measurement"": ""Mbit/s"", ""device_class"": ""data_rate"", ""friendly_name"": ""ARRIS TG1692A Router Download speed""}"
2025-07-13T03:36:43.759262,sensor.arris_tg1692a_router_upload_speed,0.0578455662497843,0.0303615342342939,"{""state_class"": ""measurement"", ""unit_of_measurement"": ""Mbit/s"", ""device_class"": ""data_rate"", ""friendly_name"": ""ARRIS TG1692A Router Upload speed""}"
2025-07-13T03:36:57.618906,sensor.tomada_mesa_de_trabalho_current,0.307,0.142,"{""state_class"": ""measurement"", ""unit_of_measurement"": ""A"", ""device_class"": ""current"", ""friendly_name"": ""Tomada mesa de trabalho Current""}"
2025-07-13T03:36:57.620667,sensor.tomada_mesa_de_trabalho_power,35.6,12.5,"{""state_class"": ""measurement"", ""unit_of_measurement"": ""W"", ""device_class"": ""power"", ""friendly_name"": ""Tomada mesa de trabalho Power""}"
2025-07-13T03:36:57.622265,sensor.tomada_mesa_de_trabalho_voltage,132.9,132.5,"{""state_class"": ""measurement"", ""unit_of_measurement"": ""V"", ""device_class"": ""voltage"", ""friendly_name"": ""Tomada mesa de trabalho Voltage""}"
2025-07-13T03:37:10.397258,automation.aut_status_bruno,on,on,"{""id"": ""1751855857509"", ""last_triggered"": ""2025-07-13T06:37:10.390293+00:00"", ""mode"": ""single"", ""current"": 1, ""friendly_name"": ""aut-status-bruno""}"
2025-07-13T03:37:10.400110,automation.aut_status_bruno,on,on,"{""id"": ""1751855857509"", ""last_triggered"": ""2025-07-13T06:37:10.390293+00:00"", ""mode"": ""single"", ""current"": 0, ""friendly_name"": ""aut-status-bruno""}"
2025-07-13T03:37:13.769255,sensor.arris_tg1692a_router_download_speed,0.0158298437795942,0.0102126722256756,"{""state_class"": ""measurement"", ""unit_of_measurement"": ""Mbit/s"", ""device_class"": ""data_rate"", ""friendly_name"": ""ARRIS TG1692A Router Download speed""}"
2025-07-13T03:37:13.770915,sensor.arris_tg1692a_router_upload_speed,0.0303615342342939,0.00781023955259125,"{""state_class"": ""measurement"", ""unit_of_measurement"": ""Mbit/s"", ""device_class"": ""data_rate"", ""friendly_name"": ""ARRIS TG1692A Router Upload speed""}"
2025-07-13T03:37:43.779947,sensor.arris_tg1692a_router_download_speed,0.0102126722256756,0.00537137499520008,"{""state_class"": ""measurement"", ""unit_of_measurement"": ""Mbit/s"", ""device_class"": ""data_rate"", ""friendly_name"": ""ARRIS TG1692A Router Download speed""}"
2025-07-13T03:37:43.782581,sensor.arris_tg1692a_router_upload_speed,0.00781023955259125,0.00418446191851659,"{""state_class"": ""measurement"", ""unit_of_measurement"": ""Mbit/s"", ""device_class"": ""data_rate"", ""friendly_name"": ""ARRIS TG1692A Router Upload speed""}"
2025-07-13T03:38:10.397897,automation.aut_status_bruno,on,on,"{""id"": ""1751855857509"", ""last_triggered"": ""2025-07-13T06:38:10.390408+00:00"", ""mode"": ""single"", ""current"": 1, ""friendly_name"": ""aut-status-bruno""}"
2025-07-13T03:38:10.400318,automation.aut_status_bruno,on,on,"{""id"": ""1751855857509"", ""last_triggered"": ""2025-07-13T06:38:10.390408+00:00"", ""mode"": ""single"", ""current"": 0, ""friendly_name"": ""aut-status-bruno""}"
2025-07-13T03:38:13.753481,sensor.arris_tg1692a_router_download_speed,0.00537137499520008,0.00395366259965783,"{""state_class"": ""measurement"", ""unit_of_measurement"": ""Mbit/s"", ""device_class"": ""data_rate"", ""friendly_name"": ""ARRIS TG1692A Router Download speed""}"
2025-07-13T03:38:13.755649,sensor.arris_tg1692a_router_upload_speed,0.00418446191851659,0.00158402508039711,"{""state_class"": ""measurement"", ""unit_of_measurement"": ""Mbit/s"", ""device_class"": ""data_rate"", ""friendly_name"": ""ARRIS TG1692A Router Upload speed""}"
2025-07-13T03:38:43.766946,sensor.arris_tg1692a_router_download_speed,0.00395366259965783,0.00482929550385189,"{""state_class"": ""measurement"", ""unit_of_measurement"": ""Mbit/s"", ""device_class"": ""data_rate"", ""friendly_name"": ""ARRIS TG1692A Router Download speed""}"
2025-07-13T03:38:43.771877,sensor.arris_tg1692a_router_upload_speed,0.00158402508039711,0.00344317302847794,"{""state_class"": ""measurement"", ""unit_of_measurement"": ""Mbit/s"", ""device_class"": ""data_rate"", ""friendly_name"": ""ARRIS TG1692A Router Upload speed""}"
2025-07-13T03:38:54.406348,media_player.lg_webos_tv_oled42c2psa_2,off,on,"{""source_list"": [""Amazon Alexa"", ""Amazon Music"", ""Apple TV"", ""Apps"", ""Clarovideo"", ""Compartilhamento de Ambiente para Ambiente"", ""C\u00e2mera"", ""Disney+"", ""Esportes"", ""Globoplay"", ""HDMI 1"", ""HDMI 2"", ""HDMI 3"", ""HDMI 4"", ""Hub Inicial"", ""Kanto"", ""LG Channels"", ""LG Gaming Portal"", ""Live TV"", ""Mercado Play"", ""Navegador Web"", ""Netflix"", ""Prime Video"", ""Reprodutor de M\u00eddia"", ""Sempre Pronto"", ""Twitch"", ""YouTube""], ""volume_level"": 0.08, ""is_volume_muted"": false, ""source"": ""Sempre Pronto"", ""sound_output"": ""tv_external_speaker"", ""assumed_state"": true, ""device_class"": ""tv"", ""entity_picture"": ""/api/media_player_proxy/media_player.lg_webos_tv_oled42c2psa_2?token=cc22fcf6aa8b4595ea29e69ea6e59bf15b2acdc163cfd5f8619701ca5754d6e9&cache=08f1badf3b923109"", ""friendly_name"": ""LG webOS TV OLED42C2PSA"", ""supported_features"": 24381}"
2025-07-13T03:38:54.409150,automation.aut_sala,on,on,"{""id"": ""1746116908353"", ""last_triggered"": ""2025-07-13T06:38:54.402751+00:00"", ""mode"": ""single"", ""current"": 1, ""friendly_name"": ""aut-sala""}"
2025-07-13T03:38:54.411089,automation.aut_sala,on,on,"{""id"": ""1746116908353"", ""last_triggered"": ""2025-07-13T06:38:54.402751+00:00"", ""mode"": ""single"", ""current"": 0, ""friendly_name"": ""aut-sala""}"
2025-07-13T03:39:04.698659,media_player.lg_webos_tv_oled42c2psa_2,on,on,"{""source_list"": [""Amazon Alexa"", ""Amazon Music"", ""Apple TV"", ""Apps"", ""Clarovideo"", ""Compartilhamento de Ambiente para Ambiente"", ""C\u00e2mera"", ""Disney+"", ""Esportes"", ""Globoplay"", ""HDMI 1"", ""HDMI 2"", ""HDMI 3"", ""HDMI 4"", ""Hub Inicial"", ""Kanto"", ""LG Channels"", ""LG Gaming Portal"", ""Live TV"", ""Mercado Play"", ""Navegador Web"", ""Netflix"", ""Prime Video"", ""Reprodutor de M\u00eddia"", ""Sempre Pronto"", ""Twitch"", ""YouTube""], ""volume_level"": 0.08, ""is_volume_muted"": false, ""source"": ""Sempre Pronto"", ""sound_output"": ""tv_external_speaker"", ""assumed_state"": true, ""device_class"": ""tv"", ""friendly_name"": ""LG webOS TV OLED42C2PSA"", ""supported_features"": 24381}"
2025-07-13T03:39:04.782453,media_player.lg_webos_tv_oled42c2psa_2,on,off,"{""source_list"": [""Amazon Alexa"", ""Amazon Music"", ""Apple TV"", ""Apps"", ""Clarovideo"", ""Compartilhamento de Ambiente para Ambiente"", ""C\u00e2mera"", ""Disney+"", ""Esportes"", ""Globoplay"", ""HDMI 1"", ""HDMI 2"", ""HDMI 3"", ""HDMI 4"", ""Hub Inicial"", ""Kanto"", ""LG Channels"", ""LG Gaming Portal"", ""Live TV"", ""Mercado Play"", ""Navegador Web"", ""Netflix"", ""Prime Video"", ""Reprodutor de M\u00eddia"", ""Sempre Pronto"", ""Twitch"", ""YouTube""], ""sound_output"": ""tv_external_speaker"", ""assumed_state"": true, ""device_class"": ""tv"", ""friendly_name"": ""LG webOS TV OLED42C2PSA"", ""supported_features"": 24381}"
2025-07-13T03:39:04.784923,automation.aut_sala,on,on,"{""id"": ""1746116908353"", ""last_triggered"": ""2025-07-13T06:39:04.779029+00:00"", ""mode"": ""single"", ""current"": 1, ""friendly_name"": ""aut-sala""}"
2025-07-13T03:39:04.786544,automation.aut_sala,on,on,"{""id"": ""1746116908353"", ""last_triggered"": ""2025-07-13T06:39:04.779029+00:00"", ""mode"": ""single"", ""current"": 0, ""friendly_name"": ""aut-sala""}"
2025-07-13T03:39:10.397249,automation.aut_status_bruno,on,on,"{""id"": ""1751855857509"", ""last_triggered"": ""2025-07-13T06:39:10.390466+00:00"", ""mode"": ""single"", ""current"": 1, ""friendly_name"": ""aut-status-bruno""}"
2025-07-13T03:39:10.399550,automation.aut_status_bruno,on,on,"{""id"": ""1751855857509"", ""last_triggered"": ""2025-07-13T06:39:10.390466+00:00"", ""mode"": ""single"", ""current"": 0, ""friendly_name"": ""aut-status-bruno""}"
2025-07-13T03:39:13.754534,sensor.arris_tg1692a_router_download_speed,0.00482929550385189,0.0447666116243846,"{""state_class"": ""measurement"", ""unit_of_measurement"": ""Mbit/s"", ""device_class"": ""data_rate"", ""friendly_name"": ""ARRIS TG1692A Router Download speed""}"
2025-07-13T03:39:13.758453,sensor.arris_tg1692a_router_upload_speed,0.00344317302847794,0.0108560593159337,"{""state_class"": ""measurement"", ""unit_of_measurement"": ""Mbit/s"", ""device_class"": ""data_rate"", ""friendly_name"": ""ARRIS TG1692A Router Upload speed""}"
2025-07-13T03:39:43.755003,sensor.arris_tg1692a_router_download_speed,0.0447666116243846,0.00261074011548858,"{""state_class"": ""measurement"", ""unit_of_measurement"": ""Mbit/s"", ""device_class"": ""data_rate"", ""friendly_name"": ""ARRIS TG1692A Router Download speed""}"
2025-07-13T03:39:43.757650,sensor.arris_tg1692a_router_upload_speed,0.0108560593159337,0.00197872233472168,"{""state_class"": ""measurement"", ""unit_of_measurement"": ""Mbit/s"", ""device_class"": ""data_rate"", ""friendly_name"": ""ARRIS TG1692A Router Upload speed""}"
2025-07-13T03:39:54.014982,sun.sun,below_horizon,below_horizon,"{""next_dawn"": ""2025-07-13T08:34:17.857562+00:00"", ""next_dusk"": ""2025-07-13T20:45:35.099549+00:00"", ""next_midnight"": ""2025-07-14T02:40:01+00:00"", ""next_noon"": ""2025-07-13T14:39:50+00:00"", ""next_rising"": ""2025-07-13T08:57:32.537391+00:00"", ""next_setting"": ""2025-07-13T20:22:20.813048+00:00"", ""elevation"": -32.39, ""azimuth"": 72.28, ""rising"": true, ""friendly_name"": ""Sun""}"
2025-07-13T03:40:10.396909,automation.aut_status_bruno,on,on,"{""id"": ""1751855857509"", ""last_triggered"": ""2025-07-13T06:40:10.390266+00:00"", ""mode"": ""single"", ""current"": 1, ""friendly_name"": ""aut-status-bruno""}"
2025-07-13T03:40:10.399462,automation.aut_status_bruno,on,on,"{""id"": ""1751855857509"", ""last_triggered"": ""2025-07-13T06:40:10.390266+00:00"", ""mode"": ""single"", ""current"": 0, ""friendly_name"": ""aut-status-bruno""}"
2025-07-13T03:40:13.755070,sensor.arris_tg1692a_router_download_speed,0.00261074011548858,0.00213998273747258,"{""state_class"": ""measurement"", ""unit_of_measurement"": ""Mbit/s"", ""device_class"": ""data_rate"", ""friendly_name"": ""ARRIS TG1692A Router Download speed""}"
2025-07-13T03:40:13.757284,sensor.arris_tg1692a_router_upload_speed,0.00197872233472168,0.00109305784933335,"{""state_class"": ""measurement"", ""unit_of_measurement"": ""Mbit/s"", ""device_class"": ""data_rate"", ""friendly_name"": ""ARRIS TG1692A Router Upload speed""}"
2025-07-13T03:40:40.648693,media_player.dlna_b13_box,unavailable,unknown,"{""friendly_name"": ""DLNA-B13 Box"", ""supported_features"": 512575}"
2025-07-13T03:40:43.412325,media_player.dlna_b13_box,unknown,unavailable,"{""friendly_name"": ""DLNA-B13 Box"", ""supported_features"": 512575}"
2025-07-13T03:40:43.756432,sensor.arris_tg1692a_router_download_speed,0.00213998273747258,0.00444542129406398,"{""state_class"": ""measurement"", ""unit_of_measurement"": ""Mbit/s"", ""device_class"": ""data_rate"", ""friendly_name"": ""ARRIS TG1692A Router Download speed""}"
2025-07-13T03:40:43.758164,sensor.arris_tg1692a_router_upload_speed,0.00109305784933335,0.00278655464716985,"{""state_class"": ""measurement"", ""unit_of_measurement"": ""Mbit/s"", ""device_class"": ""data_rate"", ""friendly_name"": ""ARRIS TG1692A Router Upload speed""}"
2025-07-13T03:40:47.534305,camera.192_168_0_33,idle,idle,"{""access_token"": ""aa0387ae1baf3502258acc5dc0a54851e91a7e9fd79f6a170a0ef32bdd349e6a"", ""entity_picture"": ""/api/camera_proxy/camera.192_168_0_33?token=aa0387ae1baf3502258acc5dc0a54851e91a7e9fd79f6a170a0ef32bdd349e6a"", ""friendly_name"": ""192_168_0_14"", ""supported_features"": 2}"
2025-07-13T03:40:47.538625,camera.admin_mainstream,idle,idle,"{""access_token"": ""ea8ffc73f0955af250b6b1d4b0b6b4eac5f4d467a43c7531129a279396a2049e"", ""entity_picture"": ""/api/camera_proxy/camera.admin_mainstream?token=ea8ffc73f0955af250b6b1d4b0b6b4eac5f4d467a43c7531129a279396a2049e"", ""friendly_name"": ""admin MainStream"", ""supported_features"": 2}"
2025-07-13T03:40:47.542188,camera.admin_substream,idle,idle,"{""access_token"": ""9f265f1a7a3d8b48d4bc455747ca483146ec01c2fba99bba2a784ff35188bfa2"", ""entity_picture"": ""/api/camera_proxy/camera.admin_substream?token=9f265f1a7a3d8b48d4bc455747ca483146ec01c2fba99bba2a784ff35188bfa2"", ""friendly_name"": ""admin SubStream"", ""supported_features"": 2}"
2025-07-13T03:41:10.410734,automation.aut_status_bruno,on,on,"{""id"": ""1751855857509"", ""last_triggered"": ""2025-07-13T06:41:10.392034+00:00"", ""mode"": ""single"", ""current"": 1, ""friendly_name"": ""aut-status-bruno""}"
2025-07-13T03:41:10.416626,automation.aut_status_bruno,on,on,"{""id"": ""1751855857509"", ""last_triggered"": ""2025-07-13T06:41:10.392034+00:00"", ""mode"": ""single"", ""current"": 0, ""friendly_name"": ""aut-status-bruno""}"
2025-07-13T03:41:13.757829,sensor.arris_tg1692a_router_download_speed,0.00444542129406398,0.00437433630253777,"{""state_class"": ""measurement"", ""unit_of_measurement"": ""Mbit/s"", ""device_class"": ""data_rate"", ""friendly_name"": ""ARRIS TG1692A Router Download speed""}"
2025-07-13T03:41:13.761411,sensor.arris_tg1692a_router_upload_speed,0.00278655464716985,0.00165874363237121,"{""state_class"": ""measurement"", ""unit_of_measurement"": ""Mbit/s"", ""device_class"": ""data_rate"", ""friendly_name"": ""ARRIS TG1692A Router Upload speed""}"
2025-07-13T03:41:43.759566,sensor.arris_tg1692a_router_download_speed,0.00437433630253777,0.00845474986526126,"{""state_class"": ""measurement"", ""unit_of_measurement"": ""Mbit/s"", ""device_class"": ""data_rate"", ""friendly_name"": ""ARRIS TG1692A Router Download speed""}"
2025-07-13T03:41:43.762964,sensor.arris_tg1692a_router_upload_speed,0.00165874363237121,0.00654759125060319,"{""state_class"": ""measurement"", ""unit_of_measurement"": ""Mbit/s"", ""device_class"": ""data_rate"", ""friendly_name"": ""ARRIS TG1692A Router Upload speed""}"
2025-07-13T03:42:10.397035,automation.aut_status_bruno,on,on,"{""id"": ""1751855857509"", ""last_triggered"": ""2025-07-13T06:42:10.390352+00:00"", ""mode"": ""single"", ""current"": 1, ""friendly_name"": ""aut-status-bruno""}"
2025-07-13T03:42:10.399336,automation.aut_status_bruno,on,on,"{""id"": ""1751855857509"", ""last_triggered"": ""2025-07-13T06:42:10.390352+00:00"", ""mode"": ""single"", ""current"": 0, ""friendly_name"": ""aut-status-bruno""}"
2025-07-13T03:42:13.753977,sensor.arris_tg1692a_router_download_speed,0.00845474986526126,0.00143470444721711,"{""state_class"": ""measurement"", ""unit_of_measurement"": ""Mbit/s"", ""device_class"": ""data_rate"", ""friendly_name"": ""ARRIS TG1692A Router Download speed""}"
2025-07-13T03:42:13.755769,sensor.arris_tg1692a_router_upload_speed,0.00654759125060319,0.00107176155638765,"{""state_class"": ""measurement"", ""unit_of_measurement"": ""Mbit/s"", ""device_class"": ""data_rate"", ""friendly_name"": ""ARRIS TG1692A Router Upload speed""}"
2025-07-13T03:42:43.774873,sensor.arris_tg1692a_router_download_speed,0.00143470444721711,0.00461541682016501,"{""state_class"": ""measurement"", ""unit_of_measurement"": ""Mbit/s"", ""device_class"": ""data_rate"", ""friendly_name"": ""ARRIS TG1692A Router Download speed""}"
2025-07-13T03:42:43.778452,sensor.arris_tg1692a_router_upload_speed,0.00107176155638765,0.00303170059096695,"{""state_class"": ""measurement"", ""unit_of_measurement"": ""Mbit/s"", ""device_class"": ""data_rate"", ""friendly_name"": ""ARRIS TG1692A Router Upload speed""}"
2025-07-13T03:43:10.398188,automation.aut_status_bruno,on,on,"{""id"": ""1751855857509"", ""last_triggered"": ""2025-07-13T06:43:10.390975+00:00"", ""mode"": ""single"", ""current"": 1, ""friendly_name"": ""aut-status-bruno""}"
2025-07-13T03:43:10.401296,automation.aut_status_bruno,on,on,"{""id"": ""1751855857509"", ""last_triggered"": ""2025-07-13T06:43:10.390975+00:00"", ""mode"": ""single"", ""current"": 0, ""friendly_name"": ""aut-status-bruno""}"
2025-07-13T03:43:13.754549,sensor.arris_tg1692a_router_download_speed,0.00461541682016501,0.00917806174445173,"{""state_class"": ""measurement"", ""unit_of_measurement"": ""Mbit/s"", ""device_class"": ""data_rate"", ""friendly_name"": ""ARRIS TG1692A Router Download speed""}"
2025-07-13T03:43:13.757582,sensor.arris_tg1692a_router_upload_speed,0.00303170059096695,0.00562502279148889,"{""state_class"": ""measurement"", ""unit_of_measurement"": ""Mbit/s"", ""device_class"": ""data_rate"", ""friendly_name"": ""ARRIS TG1692A Router Upload speed""}"
2025-07-13T03:43:43.752604,sensor.arris_tg1692a_router_download_speed,0.00917806174445173,0.00323785738480883,"{""state_class"": ""measurement"", ""unit_of_measurement"": ""Mbit/s"", ""device_class"": ""data_rate"", ""friendly_name"": ""ARRIS TG1692A Router Download speed""}"
2025-07-13T03:43:43.754453,sensor.arris_tg1692a_router_upload_speed,0.00562502279148889,0.00360105634363848,"{""state_class"": ""measurement"", ""unit_of_measurement"": ""Mbit/s"", ""device_class"": ""data_rate"", ""friendly_name"": ""ARRIS TG1692A Router Upload speed""}"
2025-07-13T03:44:10.398432,automation.aut_status_bruno,on,on,"{""id"": ""1751855857509"", ""last_triggered"": ""2025-07-13T06:44:10.390890+00:00"", ""mode"": ""single"", ""current"": 1, ""friendly_name"": ""aut-status-bruno""}"
2025-07-13T03:44:10.401056,automation.aut_status_bruno,on,on,"{""id"": ""1751855857509"", ""last_triggered"": ""2025-07-13T06:44:10.390890+00:00"", ""mode"": ""single"", ""current"": 0, ""friendly_name"": ""aut-status-bruno""}"
2025-07-13T03:44:13.760249,sensor.arris_tg1692a_router_download_speed,0.00323785738480883,0.00350671014987253,"{""state_class"": ""measurement"", ""unit_of_measurement"": ""Mbit/s"", ""device_class"": ""data_rate"", ""friendly_name"": ""ARRIS TG1692A Router Download speed""}"
2025-07-13T03:44:13.762033,sensor.arris_tg1692a_router_upload_speed,0.00360105634363848,0.00225496129485339,"{""state_class"": ""measurement"", ""unit_of_measurement"": ""Mbit/s"", ""device_class"": ""data_rate"", ""friendly_name"": ""ARRIS TG1692A Router Upload speed""}"
2025-07-13T03:44:43.773390,sensor.arris_tg1692a_router_download_speed,0.00350671014987253,0.00412147855376528,"{""state_class"": ""measurement"", ""unit_of_measurement"": ""Mbit/s"", ""device_class"": ""data_rate"", ""friendly_name"": ""ARRIS TG1692A Router Download speed""}"
2025-07-13T03:44:43.777986,sensor.arris_tg1692a_router_upload_speed,0.00225496129485339,0.00288578163230123,"{""state_class"": ""measurement"", ""unit_of_measurement"": ""Mbit/s"", ""device_class"": ""data_rate"", ""friendly_name"": ""ARRIS TG1692A Router Upload speed""}"
2025-07-13T03:45:10.397330,automation.aut_status_bruno,on,on,"{""id"": ""1751855857509"", ""last_triggered"": ""2025-07-13T06:45:10.390509+00:00"", ""mode"": ""single"", ""current"": 1, ""friendly_name"": ""aut-status-bruno""}"
2025-07-13T03:45:10.399628,automation.aut_status_bruno,on,on,"{""id"": ""1751855857509"", ""last_triggered"": ""2025-07-13T06:45:10.390509+00:00"", ""mode"": ""single"", ""current"": 0, ""friendly_name"": ""aut-status-bruno""}"
2025-07-13T03:45:13.767489,sensor.arris_tg1692a_router_download_speed,0.00412147855376528,0.00283072733858929,"{""state_class"": ""measurement"", ""unit_of_measurement"": ""Mbit/s"", ""device_class"": ""data_rate"", ""friendly_name"": ""ARRIS TG1692A Router Download speed""}"
2025-07-13T03:45:13.769207,sensor.arris_tg1692a_router_upload_speed,0.00288578163230123,0.00123735985407954,"{""state_class"": ""measurement"", ""unit_of_measurement"": ""Mbit/s"", ""device_class"": ""data_rate"", ""friendly_name"": ""ARRIS TG1692A Router Upload speed""}"
2025-07-13T03:45:43.760654,sensor.arris_tg1692a_router_download_speed,0.00283072733858929,0.00308987408236446,"{""state_class"": ""measurement"", ""unit_of_measurement"": ""Mbit/s"", ""device_class"": ""data_rate"", ""friendly_name"": ""ARRIS TG1692A Router Download speed""}"
2025-07-13T03:45:43.762411,sensor.arris_tg1692a_router_upload_speed,0.00123735985407954,0.00294107372524361,"{""state_class"": ""measurement"", ""unit_of_measurement"": ""Mbit/s"", ""device_class"": ""data_rate"", ""friendly_name"": ""ARRIS TG1692A Router Upload speed""}"
2025-07-13T03:45:47.540006,camera.192_168_0_33,idle,idle,"{""access_token"": ""7b43c26d2132f7e80546704885b0fa1233a520495b9e5696a9557fc2c38f4492"", ""entity_picture"": ""/api/camera_proxy/camera.192_168_0_33?token=7b43c26d2132f7e80546704885b0fa1233a520495b9e5696a9557fc2c38f4492"", ""friendly_name"": ""192_168_0_14"", ""supported_features"": 2}"
2025-07-13T03:45:47.544072,camera.admin_mainstream,idle,idle,"{""access_token"": ""33945afe34176dfe455d82267d083e38dd78c41834c237091b8edcbd707fdbc8"", ""entity_picture"": ""/api/camera_proxy/camera.admin_mainstream?token=33945afe34176dfe455d82267d083e38dd78c41834c237091b8edcbd707fdbc8"", ""friendly_name"": ""admin MainStream"", ""supported_features"": 2}"
2025-07-13T03:45:47.547798,camera.admin_substream,idle,idle,"{""access_token"": ""a641ff1d921bc76200f9984cb80599117a07cbe02678a5e3d8a5f4f2a33eebe6"", ""entity_picture"": ""/api/camera_proxy/camera.admin_substream?token=a641ff1d921bc76200f9984cb80599117a07cbe02678a5e3d8a5f4f2a33eebe6"", ""friendly_name"": ""admin SubStream"", ""supported_features"": 2}"
2025-07-13T03:46:10.397960,automation.aut_status_bruno,on,on,"{""id"": ""1751855857509"", ""last_triggered"": ""2025-07-13T06:46:10.390074+00:00"", ""mode"": ""single"", ""current"": 1, ""friendly_name"": ""aut-status-bruno""}"
2025-07-13T03:46:10.400838,automation.aut_status_bruno,on,on,"{""id"": ""1751855857509"", ""last_triggered"": ""2025-07-13T06:46:10.390074+00:00"", ""mode"": ""single"", ""current"": 0, ""friendly_name"": ""aut-status-bruno""}"
2025-07-13T03:46:13.759225,sensor.arris_tg1692a_router_download_speed,0.00308987408236446,0.0015765169901072,"{""state_class"": ""measurement"", ""unit_of_measurement"": ""Mbit/s"", ""device_class"": ""data_rate"", ""friendly_name"": ""ARRIS TG1692A Router Download speed""}"
2025-07-13T03:46:13.761051,sensor.arris_tg1692a_router_upload_speed,0.00294107372524361,0.00117385449770837,"{""state_class"": ""measurement"", ""unit_of_measurement"": ""Mbit/s"", ""device_class"": ""data_rate"", ""friendly_name"": ""ARRIS TG1692A Router Upload speed""}"
2025-07-13T03:46:43.760442,sensor.arris_tg1692a_router_download_speed,0.0015765169901072,0.00591343878965842,"{""state_class"": ""measurement"", ""unit_of_measurement"": ""Mbit/s"", ""device_class"": ""data_rate"", ""friendly_name"": ""ARRIS TG1692A Router Download speed""}"
2025-07-13T03:46:43.764125,sensor.arris_tg1692a_router_upload_speed,0.00117385449770837,0.00588517161889387,"{""state_class"": ""measurement"", ""unit_of_measurement"": ""Mbit/s"", ""device_class"": ""data_rate"", ""friendly_name"": ""ARRIS TG1692A Router Upload speed""}"
2025-07-13T03:47:10.416483,automation.aut_status_bruno,on,on,"{""id"": ""1751855857509"", ""last_triggered"": ""2025-07-13T06:47:10.391522+00:00"", ""mode"": ""single"", ""current"": 1, ""friendly_name"": ""aut-status-bruno""}"
2025-07-13T03:47:10.422557,automation.aut_status_bruno,on,on,"{""id"": ""1751855857509"", ""last_triggered"": ""2025-07-13T06:47:10.391522+00:00"", ""mode"": ""single"", ""current"": 0, ""friendly_name"": ""aut-status-bruno""}"
2025-07-13T03:47:13.755028,sensor.arris_tg1692a_router_download_speed,0.00591343878965842,0.00780453229272903,"{""state_class"": ""measurement"", ""unit_of_measurement"": ""Mbit/s"", ""device_class"": ""data_rate"", ""friendly_name"": ""ARRIS TG1692A Router Download speed""}"
2025-07-13T03:47:13.758780,sensor.arris_tg1692a_router_upload_speed,0.00588517161889387,0.00424159943445341,"{""state_class"": ""measurement"", ""unit_of_measurement"": ""Mbit/s"", ""device_class"": ""data_rate"", ""friendly_name"": ""ARRIS TG1692A Router Upload speed""}"
2025-07-13T03:47:43.757025,sensor.arris_tg1692a_router_download_speed,0.00780453229272903,0.00683270912496864,"{""state_class"": ""measurement"", ""unit_of_measurement"": ""Mbit/s"", ""device_class"": ""data_rate"", ""friendly_name"": ""ARRIS TG1692A Router Download speed""}"
2025-07-13T03:47:43.758696,sensor.arris_tg1692a_router_upload_speed,0.00424159943445341,0.00931080949956699,"{""state_class"": ""measurement"", ""unit_of_measurement"": ""Mbit/s"", ""device_class"": ""data_rate"", ""friendly_name"": ""ARRIS TG1692A Router Upload speed""}"
2025-07-13T03:48:10.397998,automation.aut_status_bruno,on,on,"{""id"": ""1751855857509"", ""last_triggered"": ""2025-07-13T06:48:10.390294+00:00"", ""mode"": ""single"", ""current"": 1, ""friendly_name"": ""aut-status-bruno""}"
2025-07-13T03:48:10.401544,automation.aut_status_bruno,on,on,"{""id"": ""1751855857509"", ""last_triggered"": ""2025-07-13T06:48:10.390294+00:00"", ""mode"": ""single"", ""current"": 0, ""friendly_name"": ""aut-status-bruno""}"
2025-07-13T03:48:13.777489,sensor.arris_tg1692a_router_download_speed,0.00683270912496864,0.00249599184642663,"{""state_class"": ""measurement"", ""unit_of_measurement"": ""Mbit/s"", ""device_class"": ""data_rate"", ""friendly_name"": ""ARRIS TG1692A Router Download speed""}"
2025-07-13T03:48:13.779172,sensor.arris_tg1692a_router_upload_speed,0.00931080949956699,0.00146719520716232,"{""state_class"": ""measurement"", ""unit_of_measurement"": ""Mbit/s"", ""device_class"": ""data_rate"", ""friendly_name"": ""ARRIS TG1692A Router Upload speed""}"
2025-07-13T03:48:43.753935,sensor.arris_tg1692a_router_download_speed,0.00249599184642663,0.0049123745751615,"{""state_class"": ""measurement"", ""unit_of_measurement"": ""Mbit/s"", ""device_class"": ""data_rate"", ""friendly_name"": ""ARRIS TG1692A Router Download speed""}"
2025-07-13T03:48:43.755722,sensor.arris_tg1692a_router_upload_speed,0.00146719520716232,0.00323287101539997,"{""state_class"": ""measurement"", ""unit_of_measurement"": ""Mbit/s"", ""device_class"": ""data_rate"", ""friendly_name"": ""ARRIS TG1692A Router Upload speed""}"
2025-07-13T03:49:10.413033,automation.aut_status_bruno,on,on,"{""id"": ""1751855857509"", ""last_triggered"": ""2025-07-13T06:49:10.392153+00:00"", ""mode"": ""single"", ""current"": 1, ""friendly_name"": ""aut-status-bruno""}"
2025-07-13T03:49:10.418907,automation.aut_status_bruno,on,on,"{""id"": ""1751855857509"", ""last_triggered"": ""2025-07-13T06:49:10.392153+00:00"", ""mode"": ""single"", ""current"": 0, ""friendly_name"": ""aut-status-bruno""}"
2025-07-13T03:49:13.754350,sensor.arris_tg1692a_router_download_speed,0.0049123745751615,0.00581412325551969,"{""state_class"": ""measurement"", ""unit_of_measurement"": ""Mbit/s"", ""device_class"": ""data_rate"", ""friendly_name"": ""ARRIS TG1692A Router Download speed""}"
2025-07-13T03:49:13.756298,sensor.arris_tg1692a_router_upload_speed,0.00323287101539997,0.00489385818397915,"{""state_class"": ""measurement"", ""unit_of_measurement"": ""Mbit/s"", ""device_class"": ""data_rate"", ""friendly_name"": ""ARRIS TG1692A Router Upload speed""}"
2025-07-13T03:49:43.762670,sensor.arris_tg1692a_router_download_speed,0.00581412325551969,0.00224019684719826,"{""state_class"": ""measurement"", ""unit_of_measurement"": ""Mbit/s"", ""device_class"": ""data_rate"", ""friendly_name"": ""ARRIS TG1692A Router Download speed""}"
2025-07-13T03:49:43.766514,sensor.arris_tg1692a_router_upload_speed,0.00489385818397915,0.00153568547113615,"{""state_class"": ""measurement"", ""unit_of_measurement"": ""Mbit/s"", ""device_class"": ""data_rate"", ""friendly_name"": ""ARRIS TG1692A Router Upload speed""}"
2025-07-13T03:50:10.397517,automation.aut_status_bruno,on,on,"{""id"": ""1751855857509"", ""last_triggered"": ""2025-07-13T06:50:10.390527+00:00"", ""mode"": ""single"", ""current"": 1, ""friendly_name"": ""aut-status-bruno""}"
2025-07-13T03:50:10.399910,automation.aut_status_bruno,on,on,"{""id"": ""1751855857509"", ""last_triggered"": ""2025-07-13T06:50:10.390527+00:00"", ""mode"": ""single"", ""current"": 0, ""friendly_name"": ""aut-status-bruno""}"
2025-07-13T03:50:14.762226,sensor.arris_tg1692a_router_download_speed,0.00224019684719826,0.00847263218070878,"{""state_class"": ""measurement"", ""unit_of_measurement"": ""Mbit/s"", ""device_class"": ""data_rate"", ""friendly_name"": ""ARRIS TG1692A Router Download speed""}"
2025-07-13T03:50:14.764610,sensor.arris_tg1692a_router_upload_speed,0.00153568547113615,0.0049432576713395,"{""state_class"": ""measurement"", ""unit_of_measurement"": ""Mbit/s"", ""device_class"": ""data_rate"", ""friendly_name"": ""ARRIS TG1692A Router Upload speed""}"
2025-07-13T03:50:40.630572,media_player.dlna_b13_box,unavailable,unknown,"{""friendly_name"": ""DLNA-B13 Box"", ""supported_features"": 512575}"
2025-07-13T03:50:43.416533,media_player.dlna_b13_box,unknown,unavailable,"{""friendly_name"": ""DLNA-B13 Box"", ""supported_features"": 512575}"
2025-07-13T03:50:44.757799,sensor.arris_tg1692a_router_download_speed,0.00847263218070878,0.00219405729697277,"{""state_class"": ""measurement"", ""unit_of_measurement"": ""Mbit/s"", ""device_class"": ""data_rate"", ""friendly_name"": ""ARRIS TG1692A Router Download speed""}"
2025-07-13T03:50:44.759572,sensor.arris_tg1692a_router_upload_speed,0.0049432576713395,0.00155380133910527,"{""state_class"": ""measurement"", ""unit_of_measurement"": ""Mbit/s"", ""device_class"": ""data_rate"", ""friendly_name"": ""ARRIS TG1692A Router Upload speed""}"
2025-07-13T03:50:47.535074,camera.192_168_0_33,idle,idle,"{""access_token"": ""d25217605651e1b4d3947d33ac159f16c1dfed70ad2b3ee4828f6cfba621fe85"", ""entity_picture"": ""/api/camera_proxy/camera.192_168_0_33?token=d25217605651e1b4d3947d33ac159f16c1dfed70ad2b3ee4828f6cfba621fe85"", ""friendly_name"": ""192_168_0_14"", ""supported_features"": 2}"
2025-07-13T03:50:47.537043,camera.admin_mainstream,idle,idle,"{""access_token"": ""2fa8c78d6b585020039f2daad18d19cb79e733a27323cbb9d8a98544950f558"", ""entity_picture"": ""/api/camera_proxy/camera.admin_mainstream?token=2fa8c78d6b585020039f2daad18d19cb79e733a27323cbb9d8a98544950f558"", ""friendly_name"": ""admin MainStream"", ""supported_features"": 2}"
2025-07-13T03:50:47.539156,camera.admin_substream,idle,idle,"{""access_token"": ""f1fc0ddbbe73407ff203fcd4255df9cf0c921f7aeb7026429b8fd273c3a3d9e5"", ""entity_picture"": ""/api/camera_proxy/camera.admin_substream?token=f1fc0ddbbe73407ff203fcd4255df9cf0c921f7aeb7026429b8fd273c3a3d9e5"", ""friendly_name"": ""admin SubStream"", ""supported_features"": 2}"
2025-07-13T03:51:10.397643,automation.aut_status_bruno,on,on,"{""id"": ""1751855857509"", ""last_triggered"": ""2025-07-13T06:51:10.390578+00:00"", ""mode"": ""single"", ""current"": 1, ""friendly_name"": ""aut-status-bruno""}"
2025-07-13T03:51:10.399937,automation.aut_status_bruno,on,on,"{""id"": ""1751855857509"", ""last_triggered"": ""2025-07-13T06:51:10.390578+00:00"", ""mode"": ""single"", ""current"": 0, ""friendly_name"": ""aut-status-bruno""}"
2025-07-13T03:51:14.755819,sensor.arris_tg1692a_router_download_speed,0.00219405729697277,0.00121255782700144,"{""state_class"": ""measurement"", ""unit_of_measurement"": ""Mbit/s"", ""device_class"": ""data_rate"", ""friendly_name"": ""ARRIS TG1692A Router Download speed""}"
2025-07-13T03:51:14.757555,sensor.arris_tg1692a_router_upload_speed,0.00155380133910527,0.000860284044404364,"{""state_class"": ""measurement"", ""unit_of_measurement"": ""Mbit/s"", ""device_class"": ""data_rate"", ""friendly_name"": ""ARRIS TG1692A Router Upload speed""}"
2025-07-13T03:51:18.656309,sensor.tauntaum_energy,212.141,212.16,"{""state_class"": ""total_increasing"", ""unit_of_measurement"": ""kWh"", ""device_class"": ""energy"", ""friendly_name"": ""Tauntaum Energy""}"
2025-07-13T03:51:18.658764,sensor.tauntaum_power,69,69,"{""state_class"": ""measurement"", ""power_consumption_start"": ""2025-07-13T06:34:33Z"", ""power_consumption_end"": ""2025-07-13T06:51:18Z"", ""unit_of_measurement"": ""W"", ""device_class"": ""power"", ""friendly_name"": ""Tauntaum Power""}"
2025-07-13T03:51:18.660812,sensor.tauntaum_energy_difference,0.015,0.019,"{""state_class"": ""total"", ""unit_of_measurement"": ""kWh"", ""device_class"": ""energy"", ""friendly_name"": ""Tauntaum Energy difference""}"
2025-07-13T03:51:18.662651,sensor.tauntaum_power_energy,0.0149572336131997,0.0192716424999634,"{""state_class"": ""total"", ""unit_of_measurement"": ""kWh"", ""device_class"": ""energy"", ""friendly_name"": ""Tauntaum Power energy""}"
2025-07-13T03:51:18.664518,sensor.tauntaum_energy_saved,0.001,0.002,"{""state_class"": ""total_increasing"", ""unit_of_measurement"": ""kWh"", ""device_class"": ""energy"", ""friendly_name"": ""Tauntaum Energy saved""}"
2025-07-13T03:51:44.775260,sensor.arris_tg1692a_router_download_speed,0.00121255782700144,0.0117735042421655,"{""state_class"": ""measurement"", ""unit_of_measurement"": ""Mbit/s"", ""device_class"": ""data_rate"", ""friendly_name"": ""ARRIS TG1692A Router Download speed""}"
2025-07-13T03:51:44.777238,sensor.arris_tg1692a_router_upload_speed,0.000860284044404364,0.0108545783827625,"{""state_class"": ""measurement"", ""unit_of_measurement"": ""Mbit/s"", ""device_class"": ""data_rate"", ""friendly_name"": ""ARRIS TG1692A Router Upload speed""}"
2025-07-13T03:52:04.899981,sensor.tomada_mesa_de_trabalho_current,0.142,0.19,"{""state_class"": ""measurement"", ""unit_of_measurement"": ""A"", ""device_class"": ""current"", ""friendly_name"": ""Tomada mesa de trabalho Current""}"
2025-07-13T03:52:04.901615,sensor.tomada_mesa_de_trabalho_power,12.5,15.7,"{""state_class"": ""measurement"", ""unit_of_measurement"": ""W"", ""device_class"": ""power"", ""friendly_name"": ""Tomada mesa de trabalho Power""}"
2025-07-13T03:52:10.399804,automation.aut_status_bruno,on,on,"{""id"": ""1751855857509"", ""last_triggered"": ""2025-07-13T06:52:10.391285+00:00"", ""mode"": ""single"", ""current"": 1, ""friendly_name"": ""aut-status-bruno""}"
2025-07-13T03:52:10.402013,automation.aut_status_bruno,on,on,"{""id"": ""1751855857509"", ""last_triggered"": ""2025-07-13T06:52:10.391285+00:00"", ""mode"": ""single"", ""current"": 0, ""friendly_name"": ""aut-status-bruno""}"
2025-07-13T03:52:14.764401,sensor.arris_tg1692a_router_download_speed,0.0117735042421655,0.0677797537998629,"{""state_class"": ""measurement"", ""unit_of_measurement"": ""Mbit/s"", ""device_class"": ""data_rate"", ""friendly_name"": ""ARRIS TG1692A Router Download speed""}"
2025-07-13T03:52:14.766126,sensor.arris_tg1692a_router_upload_speed,0.0108545783827625,0.0857918841747431,"{""state_class"": ""measurement"", ""unit_of_measurement"": ""Mbit/s"", ""device_class"": ""data_rate"", ""friendly_name"": ""ARRIS TG1692A Router Upload speed""}"
2025-07-13T03:52:44.762715,sensor.arris_tg1692a_router_download_speed,0.0677797537998629,0.0173564112599075,"{""state_class"": ""measurement"", ""unit_of_measurement"": ""Mbit/s"", ""device_class"": ""data_rate"", ""friendly_name"": ""ARRIS TG1692A Router Download speed""}"
2025-07-13T03:52:44.766744,sensor.arris_tg1692a_router_upload_speed,0.0857918841747431,0.02558248673651,"{""state_class"": ""measurement"", ""unit_of_measurement"": ""Mbit/s"", ""device_class"": ""data_rate"", ""friendly_name"": ""ARRIS TG1692A Router Upload speed""}"
2025-07-13T03:53:10.407009,automation.aut_status_bruno,on,on,"{""id"": ""1751855857509"", ""last_triggered"": ""2025-07-13T06:53:10.391188+00:00"", ""mode"": ""single"", ""current"": 1, ""friendly_name"": ""aut-status-bruno""}"
2025-07-13T03:53:10.412089,automation.aut_status_bruno,on,on,"{""id"": ""1751855857509"", ""last_triggered"": ""2025-07-13T06:53:10.391188+00:00"", ""mode"": ""single"", ""current"": 0, ""friendly_name"": ""aut-status-bruno""}"
2025-07-13T03:53:14.763592,sensor.arris_tg1692a_router_download_speed,0.0173564112599075,0.0130921192574742,"{""state_class"": ""measurement"", ""unit_of_measurement"": ""Mbit/s"", ""device_class"": ""data_rate"", ""friendly_name"": ""ARRIS TG1692A Router Download speed""}"
2025-07-13T03:53:14.766212,sensor.arris_tg1692a_router_upload_speed,0.02558248673651,0.00987241783111979,"{""state_class"": ""measurement"", ""unit_of_measurement"": ""Mbit/s"", ""device_class"": ""data_rate"", ""friendly_name"": ""ARRIS TG1692A Router Upload speed""}"
2025-07-13T03:53:44.843276,sensor.arris_tg1692a_router_download_speed,0.0130921192574742,0.00533705422982616,"{""state_class"": ""measurement"", ""unit_of_measurement"": ""Mbit/s"", ""device_class"": ""data_rate"", ""friendly_name"": ""ARRIS TG1692A Router Download speed""}"
2025-07-13T03:53:44.845174,sensor.arris_tg1692a_router_upload_speed,0.00987241783111979,0.00236369736352935,"{""state_class"": ""measurement"", ""unit_of_measurement"": ""Mbit/s"", ""device_class"": ""data_rate"", ""friendly_name"": ""ARRIS TG1692A Router Upload speed""}"
2025-07-13T03:54:10.405744,automation.aut_status_bruno,on,on,"{""id"": ""1751855857509"", ""last_triggered"": ""2025-07-13T06:54:10.391972+00:00"", ""mode"": ""single"", ""current"": 1, ""friendly_name"": ""aut-status-bruno""}"
2025-07-13T03:54:10.410834,automation.aut_status_bruno,on,on,"{""id"": ""1751855857509"", ""last_triggered"": ""2025-07-13T06:54:10.391972+00:00"", ""mode"": ""single"", ""current"": 0, ""friendly_name"": ""aut-status-bruno""}"
2025-07-13T03:54:14.757811,sensor.arris_tg1692a_router_download_speed,0.00533705422982616,0.00568918329492421,"{""state_class"": ""measurement"", ""unit_of_measurement"": ""Mbit/s"", ""device_class"": ""data_rate"", ""friendly_name"": ""ARRIS TG1692A Router Download speed""}"
2025-07-13T03:54:14.760823,sensor.arris_tg1692a_router_upload_speed,0.00236369736352935,0.00409315057625348,"{""state_class"": ""measurement"", ""unit_of_measurement"": ""Mbit/s"", ""device_class"": ""data_rate"", ""friendly_name"": ""ARRIS TG1692A Router Upload speed""}"
2025-07-13T03:54:44.763479,sensor.arris_tg1692a_router_download_speed,0.00568918329492421,0.00244665769558845,"{""state_class"": ""measurement"", ""unit_of_measurement"": ""Mbit/s"", ""device_class"": ""data_rate"", ""friendly_name"": ""ARRIS TG1692A Router Download speed""}"
2025-07-13T03:54:44.766757,sensor.arris_tg1692a_router_upload_speed,0.00409315057625348,0.00169199379602275,"{""state_class"": ""measurement"", ""unit_of_measurement"": ""Mbit/s"", ""device_class"": ""data_rate"", ""friendly_name"": ""ARRIS TG1692A Router Upload speed""}"
2025-07-13T03:55:10.399234,automation.aut_status_bruno,on,on,"{""id"": ""1751855857509"", ""last_triggered"": ""2025-07-13T06:55:10.390645+00:00"", ""mode"": ""single"", ""current"": 1, ""friendly_name"": ""aut-status-bruno""}"
2025-07-13T03:55:10.402123,automation.aut_status_bruno,on,on,"{""id"": ""1751855857509"", ""last_triggered"": ""2025-07-13T06:55:10.390645+00:00"", ""mode"": ""single"", ""current"": 0, ""friendly_name"": ""aut-status-bruno""}"
2025-07-13T03:55:14.755644,sensor.arris_tg1692a_router_download_speed,0.00244665769558845,0.00247360593665425,"{""state_class"": ""measurement"", ""unit_of_measurement"": ""Mbit/s"", ""device_class"": ""data_rate"", ""friendly_name"": ""ARRIS TG1692A Router Download speed""}"
2025-07-13T03:55:14.758843,sensor.arris_tg1692a_router_upload_speed,0.00169199379602275,0.00113600272640654,"{""state_class"": ""measurement"", ""unit_of_measurement"": ""Mbit/s"", ""device_class"": ""data_rate"", ""friendly_name"": ""ARRIS TG1692A Router Upload speed""}"
2025-07-13T03:55:26.163136,weather.forecast_home,partlycloudy,partlycloudy,"{""temperature"": 24.3, ""dew_point"": 17.7, ""temperature_unit"": ""\u00b0C"", ""humidity"": 67, ""cloud_coverage"": 16.4, ""uv_index"": 0.0, ""pressure"": 1019.0, ""pressure_unit"": ""hPa"", ""wind_bearing"": 156.5, ""wind_speed"": 29.9, ""wind_speed_unit"": ""km/h"", ""visibility_unit"": ""km"", ""precipitation_unit"": ""mm"", ""attribution"": ""Weather forecast from met.no, delivered by the Norwegian Meteorological Institute."", ""friendly_name"": ""Forecast Home"", ""supported_features"": 3}"
2025-07-13T03:55:44.836041,sensor.arris_tg1692a_router_download_speed,0.00247360593665425,0.00708131610213082,"{""state_class"": ""measurement"", ""unit_of_measurement"": ""Mbit/s"", ""device_class"": ""data_rate"", ""friendly_name"": ""ARRIS TG1692A Router Download speed""}"
2025-07-13T03:55:44.839561,sensor.arris_tg1692a_router_upload_speed,0.00113600272640654,0.00595491884303081,"{""state_class"": ""measurement"", ""unit_of_measurement"": ""Mbit/s"", ""device_class"": ""data_rate"", ""friendly_name"": ""ARRIS TG1692A Router Upload speed""}"
2025-07-13T03:55:47.535765,camera.192_168_0_33,idle,idle,"{""access_token"": ""1276f56272ad7ae9f42a3d5ef3ec0f4c0d8504c8bb4df35949169ca8c9e48f2a"", ""entity_picture"": ""/api/camera_proxy/camera.192_168_0_33?token=1276f56272ad7ae9f42a3d5ef3ec0f4c0d8504c8bb4df35949169ca8c9e48f2a"", ""friendly_name"": ""192_168_0_14"", ""supported_features"": 2}"
2025-07-13T03:55:47.537521,camera.admin_mainstream,idle,idle,"{""access_token"": ""e00c64783d0281cdd89ed2d4e780705ee8878dfe46d65e216adbfc8d90426126"", ""entity_picture"": ""/api/camera_proxy/camera.admin_mainstream?token=e00c64783d0281cdd89ed2d4e780705ee8878dfe46d65e216adbfc8d90426126"", ""friendly_name"": ""admin MainStream"", ""supported_features"": 2}"
2025-07-13T03:55:47.539140,camera.admin_substream,idle,idle,"{""access_token"": ""f7c8d57251fc649d4aa2cc5419c49533aa0fb0bd186a19579010b2749e068e7c"", ""entity_picture"": ""/api/camera_proxy/camera.admin_substream?token=f7c8d57251fc649d4aa2cc5419c49533aa0fb0bd186a19579010b2749e068e7c"", ""friendly_name"": ""admin SubStream"", ""supported_features"": 2}"
2025-07-13T03:56:10.397271,automation.aut_status_bruno,on,on,"{""id"": ""1751855857509"", ""last_triggered"": ""2025-07-13T06:56:10.390556+00:00"", ""mode"": ""single"", ""current"": 1, ""friendly_name"": ""aut-status-bruno""}"
2025-07-13T03:56:10.399503,automation.aut_status_bruno,on,on,"{""id"": ""1751855857509"", ""last_triggered"": ""2025-07-13T06:56:10.390556+00:00"", ""mode"": ""single"", ""current"": 0, ""friendly_name"": ""aut-status-bruno""}"
2025-07-13T03:56:14.760849,sensor.arris_tg1692a_router_download_speed,0.00708131610213082,0.00833236196442226,"{""state_class"": ""measurement"", ""unit_of_measurement"": ""Mbit/s"", ""device_class"": ""data_rate"", ""friendly_name"": ""ARRIS TG1692A Router Download speed""}"
2025-07-13T03:56:14.762480,sensor.arris_tg1692a_router_upload_speed,0.00595491884303081,0.00271914407627016,"{""state_class"": ""measurement"", ""unit_of_measurement"": ""Mbit/s"", ""device_class"": ""data_rate"", ""friendly_name"": ""ARRIS TG1692A Router Upload speed""}"
2025-07-13T03:56:44.759271,sensor.arris_tg1692a_router_download_speed,0.00833236196442226,0.00847635284292057,"{""state_class"": ""measurement"", ""unit_of_measurement"": ""Mbit/s"", ""device_class"": ""data_rate"", ""friendly_name"": ""ARRIS TG1692A Router Download speed""}"
2025-07-13T03:56:44.761105,sensor.arris_tg1692a_router_upload_speed,0.00271914407627016,0.00304296427013675,"{""state_class"": ""measurement"", ""unit_of_measurement"": ""Mbit/s"", ""device_class"": ""data_rate"", ""friendly_name"": ""ARRIS TG1692A Router Upload speed""}"
2025-07-13T03:57:10.400908,automation.aut_status_bruno,on,on,"{""id"": ""1751855857509"", ""last_triggered"": ""2025-07-13T06:57:10.390707+00:00"", ""mode"": ""single"", ""current"": 1, ""friendly_name"": ""aut-status-bruno""}"
2025-07-13T03:57:10.404586,automation.aut_status_bruno,on,on,"{""id"": ""1751855857509"", ""last_triggered"": ""2025-07-13T06:57:10.390707+00:00"", ""mode"": ""single"", ""current"": 0, ""friendly_name"": ""aut-status-bruno""}"
2025-07-13T03:57:14.764737,sensor.arris_tg1692a_router_download_speed,0.00847635284292057,0.00208552471255788,"{""state_class"": ""measurement"", ""unit_of_measurement"": ""Mbit/s"", ""device_class"": ""data_rate"", ""friendly_name"": ""ARRIS TG1692A Router Download speed""}"
2025-07-13T03:57:14.767121,sensor.arris_tg1692a_router_upload_speed,0.00304296427013675,0.000763705763555269,"{""state_class"": ""measurement"", ""unit_of_measurement"": ""Mbit/s"", ""device_class"": ""data_rate"", ""friendly_name"": ""ARRIS TG1692A Router Upload speed""}"
2025-07-13T03:57:44.839166,sensor.arris_tg1692a_router_download_speed,0.00208552471255788,0.00458098568261967,"{""state_class"": ""measurement"", ""unit_of_measurement"": ""Mbit/s"", ""device_class"": ""data_rate"", ""friendly_name"": ""ARRIS TG1692A Router Download speed""}"
2025-07-13T03:57:44.840873,sensor.arris_tg1692a_router_upload_speed,0.000763705763555269,0.00268890899044441,"{""state_class"": ""measurement"", ""unit_of_measurement"": ""Mbit/s"", ""device_class"": ""data_rate"", ""friendly_name"": ""ARRIS TG1692A Router Upload speed""}"
2025-07-13T03:58:10.397817,automation.aut_status_bruno,on,on,"{""id"": ""1751855857509"", ""last_triggered"": ""2025-07-13T06:58:10.390206+00:00"", ""mode"": ""single"", ""current"": 1, ""friendly_name"": ""aut-status-bruno""}"
2025-07-13T03:58:10.400068,automation.aut_status_bruno,on,on,"{""id"": ""1751855857509"", ""last_triggered"": ""2025-07-13T06:58:10.390206+00:00"", ""mode"": ""single"", ""current"": 0, ""friendly_name"": ""aut-status-bruno""}"
2025-07-13T03:58:14.754960,sensor.arris_tg1692a_router_download_speed,0.00458098568261967,0.00330555713794244,"{""state_class"": ""measurement"", ""unit_of_measurement"": ""Mbit/s"", ""device_class"": ""data_rate"", ""friendly_name"": ""ARRIS TG1692A Router Download speed""}"
2025-07-13T03:58:14.757001,sensor.arris_tg1692a_router_upload_speed,0.00268890899044441,0.00220717138034443,"{""state_class"": ""measurement"", ""unit_of_measurement"": ""Mbit/s"", ""device_class"": ""data_rate"", ""friendly_name"": ""ARRIS TG1692A Router Upload speed""}"
2025-07-13T03:58:44.753683,sensor.arris_tg1692a_router_download_speed,0.00330555713794244,0.0064224886303431,"{""state_class"": ""measurement"", ""unit_of_measurement"": ""Mbit/s"", ""device_class"": ""data_rate"", ""friendly_name"": ""ARRIS TG1692A Router Download speed""}"
2025-07-13T03:58:44.755508,sensor.arris_tg1692a_router_upload_speed,0.00220717138034443,0.00387098675295052,"{""state_class"": ""measurement"", ""unit_of_measurement"": ""Mbit/s"", ""device_class"": ""data_rate"", ""friendly_name"": ""ARRIS TG1692A Router Upload speed""}"
2025-07-13T03:59:10.396869,automation.aut_status_bruno,on,on,"{""id"": ""1751855857509"", ""last_triggered"": ""2025-07-13T06:59:10.390282+00:00"", ""mode"": ""single"", ""current"": 1, ""friendly_name"": ""aut-status-bruno""}"
2025-07-13T03:59:10.399127,automation.aut_status_bruno,on,on,"{""id"": ""1751855857509"", ""last_triggered"": ""2025-07-13T06:59:10.390282+00:00"", ""mode"": ""single"", ""current"": 0, ""friendly_name"": ""aut-status-bruno""}"
2025-07-13T03:59:14.755872,sensor.arris_tg1692a_router_download_speed,0.0064224886303431,0.00466532695738649,"{""state_class"": ""measurement"", ""unit_of_measurement"": ""Mbit/s"", ""device_class"": ""data_rate"", ""friendly_name"": ""ARRIS TG1692A Router Download speed""}"
2025-07-13T03:59:14.758923,sensor.arris_tg1692a_router_upload_speed,0.00387098675295052,0.00271039629579173,"{""state_class"": ""measurement"", ""unit_of_measurement"": ""Mbit/s"", ""device_class"": ""data_rate"", ""friendly_name"": ""ARRIS TG1692A Router Upload speed""}"
2025-07-13T03:59:44.888304,sensor.arris_tg1692a_router_download_speed,0.00466532695738649,0.00259363535989541,"{""state_class"": ""measurement"", ""unit_of_measurement"": ""Mbit/s"", ""device_class"": ""data_rate"", ""friendly_name"": ""ARRIS TG1692A Router Download speed""}"
2025-07-13T03:59:44.889796,sensor.arris_tg1692a_router_upload_speed,0.00271039629579173,0.00214776261449698,"{""state_class"": ""measurement"", ""unit_of_measurement"": ""Mbit/s"", ""device_class"": ""data_rate"", ""friendly_name"": ""ARRIS TG1692A Router Upload speed""}"
2025-07-13T03:59:54.015961,sun.sun,below_horizon,below_horizon,"{""next_dawn"": ""2025-07-13T08:34:17.857562+00:00"", ""next_dusk"": ""2025-07-13T20:45:35.099549+00:00"", ""next_midnight"": ""2025-07-14T02:40:01+00:00"", ""next_noon"": ""2025-07-13T14:39:50+00:00"", ""next_rising"": ""2025-07-13T08:57:32.537391+00:00"", ""next_setting"": ""2025-07-13T20:22:20.813048+00:00"", ""elevation"": -27.75, ""azimuth"": 72.02, ""rising"": true, ""friendly_name"": ""Sun""}"
