timestamp,entity_id,old_state,new_state,attributes
2025-07-19T20:00:08.238373,sensor.upnp_igd_data_received,2892298339,2892459811,"{""state_class"": ""total_increasing"", ""unit_of_measurement"": ""B"", ""device_class"": ""data_size"", ""friendly_name"": ""UPNP IGD Data received""}"
2025-07-19T20:00:08.241148,sensor.upnp_igd_data_sent,981775164,981888045,"{""state_class"": ""total_increasing"", ""unit_of_measurement"": ""B"", ""device_class"": ""data_size"", ""friendly_name"": ""UPNP IGD Data sent""}"
2025-07-19T20:00:08.243224,sensor.upnp_igd_packets_received,7683160,7684736,"{""state_class"": ""total_increasing"", ""unit_of_measurement"": ""packets"", ""friendly_name"": ""UPNP IGD Packets received""}"
2025-07-19T20:00:08.245153,sensor.upnp_igd_packets_sent,3753684,3754337,"{""state_class"": ""total_increasing"", ""unit_of_measurement"": ""packets"", ""friendly_name"": ""UPNP IGD Packets sent""}"
2025-07-19T20:00:08.246580,sensor.upnp_igd_uptime,1752965904,1752965934,"{""unit_of_measurement"": ""s"", ""device_class"": ""duration"", ""friendly_name"": ""UPNP IGD Uptime""}"
2025-07-19T20:00:08.248120,sensor.upnp_igd_download_speed,6.62895633890569,5.25624824791725,"{""state_class"": ""measurement"", ""unit_of_measurement"": ""KiB/s"", ""device_class"": ""data_rate"", ""friendly_name"": ""UPNP IGD Download speed""}"
2025-07-19T20:00:08.249685,sensor.upnp_igd_upload_speed,4.36232651908727,3.67451049391317,"{""state_class"": ""measurement"", ""unit_of_measurement"": ""KiB/s"", ""device_class"": ""data_rate"", ""friendly_name"": ""UPNP IGD Upload speed""}"
2025-07-19T20:00:08.251082,sensor.upnp_igd_packet_download_speed,51.8339795302781,52.5333158222281,"{""state_class"": ""measurement"", ""unit_of_measurement"": ""packets/s"", ""friendly_name"": ""UPNP IGD Packet download speed""}"
2025-07-19T20:00:08.252583,sensor.upnp_igd_packet_upload_speed,22.2669442612385,21.7666594111135,"{""state_class"": ""measurement"", ""unit_of_measurement"": ""packets/s"", ""friendly_name"": ""UPNP IGD Packet upload speed""}"
2025-07-19T20:00:10.259845,automation.aut_status_bruno,on,on,"{""id"": ""1751855857509"", ""last_triggered"": ""2025-07-19T23:00:10.253341+00:00"", ""mode"": ""single"", ""current"": 1, ""friendly_name"": ""aut-status-bruno""}"
2025-07-19T20:00:10.262364,automation.aut_status_bruno,on,on,"{""id"": ""1751855857509"", ""last_triggered"": ""2025-07-19T23:00:10.253341+00:00"", ""mode"": ""single"", ""current"": 0, ""friendly_name"": ""aut-status-bruno""}"
2025-07-19T20:00:38.238109,sensor.upnp_igd_data_received,2892459811,2892609170,"{""state_class"": ""total_increasing"", ""unit_of_measurement"": ""B"", ""device_class"": ""data_size"", ""friendly_name"": ""UPNP IGD Data received""}"
2025-07-19T20:00:38.240616,sensor.upnp_igd_data_sent,981888045,981983954,"{""state_class"": ""total_increasing"", ""unit_of_measurement"": ""B"", ""device_class"": ""data_size"", ""friendly_name"": ""UPNP IGD Data sent""}"
2025-07-19T20:00:38.242190,sensor.upnp_igd_packets_received,7684736,7686080,"{""state_class"": ""total_increasing"", ""unit_of_measurement"": ""packets"", ""friendly_name"": ""UPNP IGD Packets received""}"
2025-07-19T20:00:38.243673,sensor.upnp_igd_packets_sent,3754337,3754802,"{""state_class"": ""total_increasing"", ""unit_of_measurement"": ""packets"", ""friendly_name"": ""UPNP IGD Packets sent""}"
2025-07-19T20:00:38.245001,sensor.upnp_igd_uptime,1752965934,1752965964,"{""unit_of_measurement"": ""s"", ""device_class"": ""duration"", ""friendly_name"": ""UPNP IGD Uptime""}"
2025-07-19T20:00:38.246380,sensor.upnp_igd_download_speed,5.25624824791725,4.86189994034391,"{""state_class"": ""measurement"", ""unit_of_measurement"": ""KiB/s"", ""device_class"": ""data_rate"", ""friendly_name"": ""UPNP IGD Download speed""}"
2025-07-19T20:00:38.247831,sensor.upnp_igd_upload_speed,3.67451049391317,3.12200778914189,"{""state_class"": ""measurement"", ""unit_of_measurement"": ""KiB/s"", ""device_class"": ""data_rate"", ""friendly_name"": ""UPNP IGD Upload speed""}"
2025-07-19T20:00:38.249217,sensor.upnp_igd_packet_download_speed,52.5333158222281,44.7995699241287,"{""state_class"": ""measurement"", ""unit_of_measurement"": ""packets/s"", ""friendly_name"": ""UPNP IGD Packet download speed""}"
2025-07-19T20:00:38.250639,sensor.upnp_igd_packet_upload_speed,21.7666594111135,15.4998512014285,"{""state_class"": ""measurement"", ""unit_of_measurement"": ""packets/s"", ""friendly_name"": ""UPNP IGD Packet upload speed""}"
2025-07-19T20:01:08.238003,sensor.upnp_igd_data_received,2892609170,2892773656,"{""state_class"": ""total_increasing"", ""unit_of_measurement"": ""B"", ""device_class"": ""data_size"", ""friendly_name"": ""UPNP IGD Data received""}"
2025-07-19T20:01:08.240704,sensor.upnp_igd_data_sent,981983954,982087670,"{""state_class"": ""total_increasing"", ""unit_of_measurement"": ""B"", ""device_class"": ""data_size"", ""friendly_name"": ""UPNP IGD Data sent""}"
2025-07-19T20:01:08.244280,sensor.upnp_igd_packets_received,7686080,7687586,"{""state_class"": ""total_increasing"", ""unit_of_measurement"": ""packets"", ""friendly_name"": ""UPNP IGD Packets received""}"
2025-07-19T20:01:08.245921,sensor.upnp_igd_packets_sent,3754802,3755385,"{""state_class"": ""total_increasing"", ""unit_of_measurement"": ""packets"", ""friendly_name"": ""UPNP IGD Packets sent""}"
2025-07-19T20:01:08.247354,sensor.upnp_igd_uptime,1752965964,1752965994,"{""unit_of_measurement"": ""s"", ""device_class"": ""duration"", ""friendly_name"": ""UPNP IGD Uptime""}"
2025-07-19T20:01:08.248877,sensor.upnp_igd_download_speed,4.86189994034391,5.35440053085049,"{""state_class"": ""measurement"", ""unit_of_measurement"": ""KiB/s"", ""device_class"": ""data_rate"", ""friendly_name"": ""UPNP IGD Download speed""}"
2025-07-19T20:01:08.250291,sensor.upnp_igd_upload_speed,3.12200778914189,3.37619618361252,"{""state_class"": ""measurement"", ""unit_of_measurement"": ""KiB/s"", ""device_class"": ""data_rate"", ""friendly_name"": ""UPNP IGD Upload speed""}"
2025-07-19T20:01:08.251789,sensor.upnp_igd_packet_download_speed,44.7995699241287,50.2003614426024,"{""state_class"": ""measurement"", ""unit_of_measurement"": ""packets/s"", ""friendly_name"": ""UPNP IGD Packet download speed""}"
2025-07-19T20:01:08.253274,sensor.upnp_igd_packet_upload_speed,15.4998512014285,19.4334732543408,"{""state_class"": ""measurement"", ""unit_of_measurement"": ""packets/s"", ""friendly_name"": ""UPNP IGD Packet upload speed""}"
2025-07-19T20:01:10.260073,automation.aut_status_bruno,on,on,"{""id"": ""1751855857509"", ""last_triggered"": ""2025-07-19T23:01:10.252737+00:00"", ""mode"": ""single"", ""current"": 1, ""friendly_name"": ""aut-status-bruno""}"
2025-07-19T20:01:10.262101,automation.aut_status_bruno,on,on,"{""id"": ""1751855857509"", ""last_triggered"": ""2025-07-19T23:01:10.252737+00:00"", ""mode"": ""single"", ""current"": 0, ""friendly_name"": ""aut-status-bruno""}"
2025-07-19T20:01:38.238140,sensor.upnp_igd_data_received,2892773656,2893065802,"{""state_class"": ""total_increasing"", ""unit_of_measurement"": ""B"", ""device_class"": ""data_size"", ""friendly_name"": ""UPNP IGD Data received""}"
2025-07-19T20:01:38.240719,sensor.upnp_igd_data_sent,982087670,982210500,"{""state_class"": ""total_increasing"", ""unit_of_measurement"": ""B"", ""device_class"": ""data_size"", ""friendly_name"": ""UPNP IGD Data sent""}"
2025-07-19T20:01:38.242216,sensor.upnp_igd_packets_received,7687586,7689209,"{""state_class"": ""total_increasing"", ""unit_of_measurement"": ""packets"", ""friendly_name"": ""UPNP IGD Packets received""}"
2025-07-19T20:01:38.243702,sensor.upnp_igd_packets_sent,3755385,3756055,"{""state_class"": ""total_increasing"", ""unit_of_measurement"": ""packets"", ""friendly_name"": ""UPNP IGD Packets sent""}"
2025-07-19T20:01:38.245077,sensor.upnp_igd_uptime,1752965994,1752966024,"{""unit_of_measurement"": ""s"", ""device_class"": ""duration"", ""friendly_name"": ""UPNP IGD Uptime""}"
2025-07-19T20:01:38.246485,sensor.upnp_igd_download_speed,5.35440053085049,9.50985664607211,"{""state_class"": ""measurement"", ""unit_of_measurement"": ""KiB/s"", ""device_class"": ""data_rate"", ""friendly_name"": ""UPNP IGD Download speed""}"
2025-07-19T20:01:38.247952,sensor.upnp_igd_upload_speed,3.37619618361252,3.99832854749693,"{""state_class"": ""measurement"", ""unit_of_measurement"": ""KiB/s"", ""device_class"": ""data_rate"", ""friendly_name"": ""UPNP IGD Upload speed""}"
2025-07-19T20:01:38.249374,sensor.upnp_igd_packet_download_speed,50.2003614426024,54.0994067098397,"{""state_class"": ""measurement"", ""unit_of_measurement"": ""packets/s"", ""friendly_name"": ""UPNP IGD Packet download speed""}"
2025-07-19T20:01:38.250691,sensor.upnp_igd_packet_upload_speed,19.4334732543408,22.3330884137971,"{""state_class"": ""measurement"", ""unit_of_measurement"": ""packets/s"", ""friendly_name"": ""UPNP IGD Packet upload speed""}"
2025-07-19T20:02:08.239092,sensor.upnp_igd_data_received,2893065802,2893587236,"{""state_class"": ""total_increasing"", ""unit_of_measurement"": ""B"", ""device_class"": ""data_size"", ""friendly_name"": ""UPNP IGD Data received""}"
2025-07-19T20:02:08.242746,sensor.upnp_igd_data_sent,982210500,982386810,"{""state_class"": ""total_increasing"", ""unit_of_measurement"": ""B"", ""device_class"": ""data_size"", ""friendly_name"": ""UPNP IGD Data sent""}"
2025-07-19T20:02:08.244317,sensor.upnp_igd_packets_received,7689209,7691223,"{""state_class"": ""total_increasing"", ""unit_of_measurement"": ""packets"", ""friendly_name"": ""UPNP IGD Packets received""}"
2025-07-19T20:02:08.245700,sensor.upnp_igd_packets_sent,3756055,3757050,"{""state_class"": ""total_increasing"", ""unit_of_measurement"": ""packets"", ""friendly_name"": ""UPNP IGD Packets sent""}"
2025-07-19T20:02:08.247041,sensor.upnp_igd_uptime,1752966024,1752966054,"{""unit_of_measurement"": ""s"", ""device_class"": ""duration"", ""friendly_name"": ""UPNP IGD Uptime""}"
2025-07-19T20:02:08.248527,sensor.upnp_igd_download_speed,9.50985664607211,16.9740928840384,"{""state_class"": ""measurement"", ""unit_of_measurement"": ""KiB/s"", ""device_class"": ""data_rate"", ""friendly_name"": ""UPNP IGD Download speed""}"
2025-07-19T20:02:08.250070,sensor.upnp_igd_upload_speed,3.99832854749693,5.73936934757765,"{""state_class"": ""measurement"", ""unit_of_measurement"": ""KiB/s"", ""device_class"": ""data_rate"", ""friendly_name"": ""UPNP IGD Upload speed""}"
2025-07-19T20:02:08.251736,sensor.upnp_igd_packet_download_speed,54.0994067098397,67.1346379831315,"{""state_class"": ""measurement"", ""unit_of_measurement"": ""packets/s"", ""friendly_name"": ""UPNP IGD Packet download speed""}"
2025-07-19T20:02:08.254359,sensor.upnp_igd_packet_upload_speed,22.3330884137971,33.1673112180813,"{""state_class"": ""measurement"", ""unit_of_measurement"": ""packets/s"", ""friendly_name"": ""UPNP IGD Packet upload speed""}"
2025-07-19T20:02:10.259959,automation.aut_status_bruno,on,on,"{""id"": ""1751855857509"", ""last_triggered"": ""2025-07-19T23:02:10.252749+00:00"", ""mode"": ""single"", ""current"": 1, ""friendly_name"": ""aut-status-bruno""}"
2025-07-19T20:02:10.262099,automation.aut_status_bruno,on,on,"{""id"": ""1751855857509"", ""last_triggered"": ""2025-07-19T23:02:10.252749+00:00"", ""mode"": ""single"", ""current"": 0, ""friendly_name"": ""aut-status-bruno""}"
2025-07-19T20:02:38.243503,sensor.upnp_igd_data_received,2893587236,2893874819,"{""state_class"": ""total_increasing"", ""unit_of_measurement"": ""B"", ""device_class"": ""data_size"", ""friendly_name"": ""UPNP IGD Data received""}"
2025-07-19T20:02:38.246093,sensor.upnp_igd_data_sent,982386810,982514442,"{""state_class"": ""total_increasing"", ""unit_of_measurement"": ""B"", ""device_class"": ""data_size"", ""friendly_name"": ""UPNP IGD Data sent""}"
2025-07-19T20:02:38.248888,sensor.upnp_igd_packets_received,7691223,7692930,"{""state_class"": ""total_increasing"", ""unit_of_measurement"": ""packets"", ""friendly_name"": ""UPNP IGD Packets received""}"
2025-07-19T20:02:38.250973,sensor.upnp_igd_packets_sent,3757050,3757844,"{""state_class"": ""total_increasing"", ""unit_of_measurement"": ""packets"", ""friendly_name"": ""UPNP IGD Packets sent""}"
2025-07-19T20:02:38.253228,sensor.upnp_igd_uptime,1752966054,1752966084,"{""unit_of_measurement"": ""s"", ""device_class"": ""duration"", ""friendly_name"": ""UPNP IGD Uptime""}"
2025-07-19T20:02:38.255117,sensor.upnp_igd_download_speed,16.9740928840384,9.36110469535895,"{""state_class"": ""measurement"", ""unit_of_measurement"": ""KiB/s"", ""device_class"": ""data_rate"", ""friendly_name"": ""UPNP IGD Download speed""}"
2025-07-19T20:02:38.256925,sensor.upnp_igd_upload_speed,5.73936934757765,4.15454499910653,"{""state_class"": ""measurement"", ""unit_of_measurement"": ""KiB/s"", ""device_class"": ""data_rate"", ""friendly_name"": ""UPNP IGD Upload speed""}"
2025-07-19T20:02:38.258608,sensor.upnp_igd_packet_download_speed,67.1346379831315,56.89804839694,"{""state_class"": ""measurement"", ""unit_of_measurement"": ""packets/s"", ""friendly_name"": ""UPNP IGD Packet download speed""}"
2025-07-19T20:02:38.260353,sensor.upnp_igd_packet_upload_speed,33.1673112180813,26.4657588911367,"{""state_class"": ""measurement"", ""unit_of_measurement"": ""packets/s"", ""friendly_name"": ""UPNP IGD Packet upload speed""}"
2025-07-19T20:02:51.228976,camera.192_168_0_33,idle,idle,"{""access_token"": ""bbbf8f3e944bd1e2411bee4d6882e743cc7ea3fabd11fc160c5504d40570c48c"", ""entity_picture"": ""/api/camera_proxy/camera.192_168_0_33?token=bbbf8f3e944bd1e2411bee4d6882e743cc7ea3fabd11fc160c5504d40570c48c"", ""friendly_name"": ""192_168_0_14"", ""supported_features"": 2}"
2025-07-19T20:02:51.230553,camera.admin_mainstream,idle,idle,"{""access_token"": ""a655ad3fc742cd6df8e6f79eb123978fd0f003ba6552e2014ccef0383339ba87"", ""entity_picture"": ""/api/camera_proxy/camera.admin_mainstream?token=a655ad3fc742cd6df8e6f79eb123978fd0f003ba6552e2014ccef0383339ba87"", ""friendly_name"": ""admin MainStream"", ""supported_features"": 2}"
2025-07-19T20:02:51.233556,camera.admin_substream,idle,idle,"{""access_token"": ""c2afd7d981baaae80955b8b556502be8f4b925e06903ef331867b65cce69d888"", ""entity_picture"": ""/api/camera_proxy/camera.admin_substream?token=c2afd7d981baaae80955b8b556502be8f4b925e06903ef331867b65cce69d888"", ""friendly_name"": ""admin SubStream"", ""supported_features"": 2}"
2025-07-19T20:03:08.246188,sensor.upnp_igd_data_received,2893874819,2894694218,"{""state_class"": ""total_increasing"", ""unit_of_measurement"": ""B"", ""device_class"": ""data_size"", ""friendly_name"": ""UPNP IGD Data received""}"
2025-07-19T20:03:08.248674,sensor.upnp_igd_data_sent,982514442,982657388,"{""state_class"": ""total_increasing"", ""unit_of_measurement"": ""B"", ""device_class"": ""data_size"", ""friendly_name"": ""UPNP IGD Data sent""}"
2025-07-19T20:03:08.250145,sensor.upnp_igd_packets_received,7692930,7695046,"{""state_class"": ""total_increasing"", ""unit_of_measurement"": ""packets"", ""friendly_name"": ""UPNP IGD Packets received""}"
2025-07-19T20:03:08.251598,sensor.upnp_igd_packets_sent,3757844,3758789,"{""state_class"": ""total_increasing"", ""unit_of_measurement"": ""packets"", ""friendly_name"": ""UPNP IGD Packets sent""}"
2025-07-19T20:03:08.252986,sensor.upnp_igd_uptime,1752966084,1752966114,"{""unit_of_measurement"": ""s"", ""device_class"": ""duration"", ""friendly_name"": ""UPNP IGD Uptime""}"
2025-07-19T20:03:08.254484,sensor.upnp_igd_download_speed,9.36110469535895,26.6734219348381,"{""state_class"": ""measurement"", ""unit_of_measurement"": ""KiB/s"", ""device_class"": ""data_rate"", ""friendly_name"": ""UPNP IGD Download speed""}"
2025-07-19T20:03:08.256074,sensor.upnp_igd_upload_speed,4.15454499910653,4.65323849784704,"{""state_class"": ""measurement"", ""unit_of_measurement"": ""KiB/s"", ""device_class"": ""data_rate"", ""friendly_name"": ""UPNP IGD Upload speed""}"
2025-07-19T20:03:08.257527,sensor.upnp_igd_packet_download_speed,56.89804839694,70.534066887629,"{""state_class"": ""measurement"", ""unit_of_measurement"": ""packets/s"", ""friendly_name"": ""UPNP IGD Packet download speed""}"
2025-07-19T20:03:08.259019,sensor.upnp_igd_packet_upload_speed,26.4657588911367,31.5003276034071,"{""state_class"": ""measurement"", ""unit_of_measurement"": ""packets/s"", ""friendly_name"": ""UPNP IGD Packet upload speed""}"
2025-07-19T20:03:10.263100,automation.aut_status_bruno,on,on,"{""id"": ""1751855857509"", ""last_triggered"": ""2025-07-19T23:03:10.252566+00:00"", ""mode"": ""single"", ""current"": 1, ""friendly_name"": ""aut-status-bruno""}"
2025-07-19T20:03:10.265306,automation.aut_status_bruno,on,on,"{""id"": ""1751855857509"", ""last_triggered"": ""2025-07-19T23:03:10.252566+00:00"", ""mode"": ""single"", ""current"": 0, ""friendly_name"": ""aut-status-bruno""}"
2025-07-19T20:03:13.197060,binary_sensor.presenca_sala_motion,off,on,"{""device_class"": ""motion"", ""friendly_name"": ""Presen\u00e7a sala Motion""}"
2025-07-19T20:03:13.203150,automation.aut_sala,on,on,"{""id"": ""1746116908353"", ""last_triggered"": ""2025-07-19T23:03:13.192606+00:00"", ""mode"": ""single"", ""current"": 1, ""friendly_name"": ""aut-sala""}"
2025-07-19T20:03:13.828169,automation.aut_sala,on,on,"{""id"": ""1746116908353"", ""last_triggered"": ""2025-07-19T23:03:13.192606+00:00"", ""mode"": ""single"", ""current"": 0, ""friendly_name"": ""aut-sala""}"
2025-07-19T20:03:14.351120,switch.interruptor_sala_switch_1,off,on,"{""device_class"": ""outlet"", ""friendly_name"": ""Interruptor sala Switch 1""}"
2025-07-19T20:03:34.798196,binary_sensor.presenca_cozinha_motion,off,on,"{""device_class"": ""motion"", ""friendly_name"": ""Presen\u00e7a cozinha  Motion""}"
2025-07-19T20:03:34.802468,automation.automation_kitchen,on,on,"{""id"": ""1745695079735"", ""last_triggered"": ""2025-07-19T23:03:34.794278+00:00"", ""mode"": ""single"", ""current"": 1, ""friendly_name"": ""automation-kitchen""}"
2025-07-19T20:03:35.013610,automation.automation_kitchen,on,on,"{""id"": ""1745695079735"", ""last_triggered"": ""2025-07-19T23:03:34.794278+00:00"", ""mode"": ""single"", ""current"": 0, ""friendly_name"": ""automation-kitchen""}"
2025-07-19T20:03:35.596399,light.lampada_cozinha,off,on,"{""min_color_temp_kelvin"": 2000, ""max_color_temp_kelvin"": 6500, ""min_mireds"": 153, ""max_mireds"": 500, ""supported_color_modes"": [""color_temp"", ""hs""], ""color_mode"": ""color_temp"", ""brightness"": 255, ""color_temp_kelvin"": 6535, ""color_temp"": 153, ""hs_color"": [54.768, 1.6], ""rgb_color"": [255, 255, 251], ""xy_color"": [0.325, 0.333], ""friendly_name"": ""L\u00e2mpada cozinha "", ""supported_features"": 0}"
2025-07-19T20:03:38.240892,sensor.upnp_igd_data_received,2894694218,2895089108,"{""state_class"": ""total_increasing"", ""unit_of_measurement"": ""B"", ""device_class"": ""data_size"", ""friendly_name"": ""UPNP IGD Data received""}"
2025-07-19T20:03:38.243729,sensor.upnp_igd_data_sent,982657388,982914579,"{""state_class"": ""total_increasing"", ""unit_of_measurement"": ""B"", ""device_class"": ""data_size"", ""friendly_name"": ""UPNP IGD Data sent""}"
2025-07-19T20:03:38.247209,sensor.upnp_igd_packets_received,7695046,7697051,"{""state_class"": ""total_increasing"", ""unit_of_measurement"": ""packets"", ""friendly_name"": ""UPNP IGD Packets received""}"
2025-07-19T20:03:38.248848,sensor.upnp_igd_packets_sent,3758789,3759946,"{""state_class"": ""total_increasing"", ""unit_of_measurement"": ""packets"", ""friendly_name"": ""UPNP IGD Packets sent""}"
2025-07-19T20:03:38.250183,sensor.upnp_igd_uptime,1752966114,1752966144,"{""unit_of_measurement"": ""s"", ""device_class"": ""duration"", ""friendly_name"": ""UPNP IGD Uptime""}"
2025-07-19T20:03:38.252285,sensor.upnp_igd_download_speed,26.6734219348381,12.8544600513499,"{""state_class"": ""measurement"", ""unit_of_measurement"": ""KiB/s"", ""device_class"": ""data_rate"", ""friendly_name"": ""UPNP IGD Download speed""}"
2025-07-19T20:03:38.254134,sensor.upnp_igd_upload_speed,4.65323849784704,8.3720819343785,"{""state_class"": ""measurement"", ""unit_of_measurement"": ""KiB/s"", ""device_class"": ""data_rate"", ""friendly_name"": ""UPNP IGD Upload speed""}"
2025-07-19T20:03:38.255715,sensor.upnp_igd_packet_download_speed,70.534066887629,66.8331662504177,"{""state_class"": ""measurement"", ""unit_of_measurement"": ""packets/s"", ""friendly_name"": ""UPNP IGD Packet download speed""}"
2025-07-19T20:03:38.257184,sensor.upnp_igd_packet_upload_speed,31.5003276034071,38.566570250241,"{""state_class"": ""measurement"", ""unit_of_measurement"": ""packets/s"", ""friendly_name"": ""UPNP IGD Packet upload speed""}"
2025-07-19T20:04:08.240144,sensor.upnp_igd_data_received,2895089108,2895434126,"{""state_class"": ""total_increasing"", ""unit_of_measurement"": ""B"", ""device_class"": ""data_size"", ""friendly_name"": ""UPNP IGD Data received""}"
2025-07-19T20:04:08.241739,sensor.upnp_igd_data_sent,982914579,983125609,"{""state_class"": ""total_increasing"", ""unit_of_measurement"": ""B"", ""device_class"": ""data_size"", ""friendly_name"": ""UPNP IGD Data sent""}"
2025-07-19T20:04:08.243180,sensor.upnp_igd_packets_received,7697051,7698947,"{""state_class"": ""total_increasing"", ""unit_of_measurement"": ""packets"", ""friendly_name"": ""UPNP IGD Packets received""}"
2025-07-19T20:04:08.244626,sensor.upnp_igd_packets_sent,3759946,3761029,"{""state_class"": ""total_increasing"", ""unit_of_measurement"": ""packets"", ""friendly_name"": ""UPNP IGD Packets sent""}"
2025-07-19T20:04:08.245942,sensor.upnp_igd_uptime,1752966144,1752966174,"{""unit_of_measurement"": ""s"", ""device_class"": ""duration"", ""friendly_name"": ""UPNP IGD Uptime""}"
2025-07-19T20:04:08.247302,sensor.upnp_igd_download_speed,12.8544600513499,11.2311853436228,"{""state_class"": ""measurement"", ""unit_of_measurement"": ""KiB/s"", ""device_class"": ""data_rate"", ""friendly_name"": ""UPNP IGD Download speed""}"
2025-07-19T20:04:08.248769,sensor.upnp_igd_upload_speed,8.3720819343785,6.86954606155252,"{""state_class"": ""measurement"", ""unit_of_measurement"": ""KiB/s"", ""device_class"": ""data_rate"", ""friendly_name"": ""UPNP IGD Upload speed""}"
2025-07-19T20:04:08.250143,sensor.upnp_igd_packet_download_speed,66.8331662504177,63.2007352352199,"{""state_class"": ""measurement"", ""unit_of_measurement"": ""packets/s"", ""friendly_name"": ""UPNP IGD Packet download speed""}"
2025-07-19T20:04:08.251587,sensor.upnp_igd_packet_upload_speed,38.566570250241,36.100419968219,"{""state_class"": ""measurement"", ""unit_of_measurement"": ""packets/s"", ""friendly_name"": ""UPNP IGD Packet upload speed""}"
2025-07-19T20:04:10.262380,automation.aut_status_bruno,on,on,"{""id"": ""1751855857509"", ""last_triggered"": ""2025-07-19T23:04:10.252801+00:00"", ""mode"": ""single"", ""current"": 1, ""friendly_name"": ""aut-status-bruno""}"
2025-07-19T20:04:10.264592,automation.aut_status_bruno,on,on,"{""id"": ""1751855857509"", ""last_triggered"": ""2025-07-19T23:04:10.252801+00:00"", ""mode"": ""single"", ""current"": 0, ""friendly_name"": ""aut-status-bruno""}"
2025-07-19T20:04:30.702305,binary_sensor.presenca_sala_motion,on,off,"{""device_class"": ""motion"", ""friendly_name"": ""Presen\u00e7a sala Motion""}"
2025-07-19T20:04:30.706957,automation.aut_sala,on,on,"{""id"": ""1746116908353"", ""last_triggered"": ""2025-07-19T23:04:30.696771+00:00"", ""mode"": ""single"", ""current"": 1, ""friendly_name"": ""aut-sala""}"
2025-07-19T20:04:30.927737,automation.aut_sala,on,on,"{""id"": ""1746116908353"", ""last_triggered"": ""2025-07-19T23:04:30.696771+00:00"", ""mode"": ""single"", ""current"": 0, ""friendly_name"": ""aut-sala""}"
2025-07-19T20:04:31.563493,switch.interruptor_sala_switch_1,on,off,"{""device_class"": ""outlet"", ""friendly_name"": ""Interruptor sala Switch 1""}"
2025-07-19T20:04:38.240029,sensor.upnp_igd_data_received,2895434126,2895695449,"{""state_class"": ""total_increasing"", ""unit_of_measurement"": ""B"", ""device_class"": ""data_size"", ""friendly_name"": ""UPNP IGD Data received""}"
2025-07-19T20:04:38.241686,sensor.upnp_igd_data_sent,983125609,983258904,"{""state_class"": ""total_increasing"", ""unit_of_measurement"": ""B"", ""device_class"": ""data_size"", ""friendly_name"": ""UPNP IGD Data sent""}"
2025-07-19T20:04:38.243375,sensor.upnp_igd_packets_received,7698947,7700616,"{""state_class"": ""total_increasing"", ""unit_of_measurement"": ""packets"", ""friendly_name"": ""UPNP IGD Packets received""}"
2025-07-19T20:04:38.244877,sensor.upnp_igd_packets_sent,3761029,3761840,"{""state_class"": ""total_increasing"", ""unit_of_measurement"": ""packets"", ""friendly_name"": ""UPNP IGD Packets sent""}"
2025-07-19T20:04:38.246183,sensor.upnp_igd_uptime,1752966174,1752966204,"{""unit_of_measurement"": ""s"", ""device_class"": ""duration"", ""friendly_name"": ""UPNP IGD Uptime""}"
2025-07-19T20:04:38.247567,sensor.upnp_igd_download_speed,11.2311853436228,8.50627349282595,"{""state_class"": ""measurement"", ""unit_of_measurement"": ""KiB/s"", ""device_class"": ""data_rate"", ""friendly_name"": ""UPNP IGD Download speed""}"
2025-07-19T20:04:38.248978,sensor.upnp_igd_upload_speed,6.86954606155252,4.33885928611808,"{""state_class"": ""measurement"", ""unit_of_measurement"": ""KiB/s"", ""device_class"": ""data_rate"", ""friendly_name"": ""UPNP IGD Upload speed""}"
2025-07-19T20:04:38.250353,sensor.upnp_igd_packet_download_speed,63.2007352352199,55.6311451749565,"{""state_class"": ""measurement"", ""unit_of_measurement"": ""packets/s"", ""friendly_name"": ""UPNP IGD Packet download speed""}"
2025-07-19T20:04:38.251843,sensor.upnp_igd_packet_upload_speed,36.100419968219,27.0322700640441,"{""state_class"": ""measurement"", ""unit_of_measurement"": ""packets/s"", ""friendly_name"": ""UPNP IGD Packet upload speed""}"
2025-07-19T20:05:08.266347,sensor.upnp_igd_data_received,2895695449,2896024676,"{""state_class"": ""total_increasing"", ""unit_of_measurement"": ""B"", ""device_class"": ""data_size"", ""friendly_name"": ""UPNP IGD Data received""}"
2025-07-19T20:05:08.273464,sensor.upnp_igd_data_sent,983258904,983428390,"{""state_class"": ""total_increasing"", ""unit_of_measurement"": ""B"", ""device_class"": ""data_size"", ""friendly_name"": ""UPNP IGD Data sent""}"
2025-07-19T20:05:08.278119,sensor.upnp_igd_packets_received,7700616,7702615,"{""state_class"": ""total_increasing"", ""unit_of_measurement"": ""packets"", ""friendly_name"": ""UPNP IGD Packets received""}"
2025-07-19T20:05:08.281925,sensor.upnp_igd_packets_sent,3761840,3762936,"{""state_class"": ""total_increasing"", ""unit_of_measurement"": ""packets"", ""friendly_name"": ""UPNP IGD Packets sent""}"
2025-07-19T20:05:08.285287,sensor.upnp_igd_uptime,1752966204,1752966234,"{""unit_of_measurement"": ""s"", ""device_class"": ""duration"", ""friendly_name"": ""UPNP IGD Uptime""}"
2025-07-19T20:05:08.288681,sensor.upnp_igd_download_speed,8.50627349282595,10.7172805253452,"{""state_class"": ""measurement"", ""unit_of_measurement"": ""KiB/s"", ""device_class"": ""data_rate"", ""friendly_name"": ""UPNP IGD Download speed""}"
2025-07-19T20:05:08.292083,sensor.upnp_igd_upload_speed,4.33885928611808,5.51725407429724,"{""state_class"": ""measurement"", ""unit_of_measurement"": ""KiB/s"", ""device_class"": ""data_rate"", ""friendly_name"": ""UPNP IGD Upload speed""}"
2025-07-19T20:05:08.293969,sensor.upnp_igd_packet_download_speed,55.6311451749565,66.6349236868453,"{""state_class"": ""measurement"", ""unit_of_measurement"": ""packets/s"", ""friendly_name"": ""UPNP IGD Packet download speed""}"
2025-07-19T20:05:08.295400,sensor.upnp_igd_packet_upload_speed,27.0322700640441,36.5342052830328,"{""state_class"": ""measurement"", ""unit_of_measurement"": ""packets/s"", ""friendly_name"": ""UPNP IGD Packet upload speed""}"
2025-07-19T20:05:10.260805,automation.aut_status_bruno,on,on,"{""id"": ""1751855857509"", ""last_triggered"": ""2025-07-19T23:05:10.252602+00:00"", ""mode"": ""single"", ""current"": 1, ""friendly_name"": ""aut-status-bruno""}"
2025-07-19T20:05:10.263018,automation.aut_status_bruno,on,on,"{""id"": ""1751855857509"", ""last_triggered"": ""2025-07-19T23:05:10.252602+00:00"", ""mode"": ""single"", ""current"": 0, ""friendly_name"": ""aut-status-bruno""}"
2025-07-19T20:05:38.238873,sensor.upnp_igd_data_received,2896024676,2896301601,"{""state_class"": ""total_increasing"", ""unit_of_measurement"": ""B"", ""device_class"": ""data_size"", ""friendly_name"": ""UPNP IGD Data received""}"
2025-07-19T20:05:38.240634,sensor.upnp_igd_data_sent,983428390,983544497,"{""state_class"": ""total_increasing"", ""unit_of_measurement"": ""B"", ""device_class"": ""data_size"", ""friendly_name"": ""UPNP IGD Data sent""}"
2025-07-19T20:05:38.242082,sensor.upnp_igd_packets_received,7702615,7704244,"{""state_class"": ""total_increasing"", ""unit_of_measurement"": ""packets"", ""friendly_name"": ""UPNP IGD Packets received""}"
2025-07-19T20:05:38.243519,sensor.upnp_igd_packets_sent,3762936,3763709,"{""state_class"": ""total_increasing"", ""unit_of_measurement"": ""packets"", ""friendly_name"": ""UPNP IGD Packets sent""}"
2025-07-19T20:05:38.244853,sensor.upnp_igd_uptime,1752966234,1752966264,"{""unit_of_measurement"": ""s"", ""device_class"": ""duration"", ""friendly_name"": ""UPNP IGD Uptime""}"
2025-07-19T20:05:38.246221,sensor.upnp_igd_download_speed,10.7172805253452,9.01479819008726,"{""state_class"": ""measurement"", ""unit_of_measurement"": ""KiB/s"", ""device_class"": ""data_rate"", ""friendly_name"": ""UPNP IGD Download speed""}"
2025-07-19T20:05:38.247682,sensor.upnp_igd_upload_speed,5.51725407429724,3.77965576764995,"{""state_class"": ""measurement"", ""unit_of_measurement"": ""KiB/s"", ""device_class"": ""data_rate"", ""friendly_name"": ""UPNP IGD Upload speed""}"
2025-07-19T20:05:38.249366,sensor.upnp_igd_packet_download_speed,66.6349236868453,54.3018824652588,"{""state_class"": ""measurement"", ""unit_of_measurement"": ""packets/s"", ""friendly_name"": ""UPNP IGD Packet download speed""}"
2025-07-19T20:05:38.251883,sensor.upnp_igd_packet_upload_speed,36.5342052830328,25.767559942078,"{""state_class"": ""measurement"", ""unit_of_measurement"": ""packets/s"", ""friendly_name"": ""UPNP IGD Packet upload speed""}"
2025-07-19T20:05:53.881726,binary_sensor.tauntaum_door,off,on,"{""device_class"": ""door"", ""friendly_name"": ""Tauntaum Door""}"
2025-07-19T20:05:53.916116,binary_sensor.tauntaum_cooler_door,off,on,"{""device_class"": ""door"", ""friendly_name"": ""Tauntaum Fridge door""}"
2025-07-19T20:06:00.617272,binary_sensor.tauntaum_cooler_door,on,off,"{""device_class"": ""door"", ""friendly_name"": ""Tauntaum Fridge door""}"
2025-07-19T20:06:00.639049,binary_sensor.tauntaum_door,on,off,"{""device_class"": ""door"", ""friendly_name"": ""Tauntaum Door""}"
2025-07-19T20:06:08.240863,sensor.upnp_igd_data_received,2896301601,2896646195,"{""state_class"": ""total_increasing"", ""unit_of_measurement"": ""B"", ""device_class"": ""data_size"", ""friendly_name"": ""UPNP IGD Data received""}"
2025-07-19T20:06:08.243527,sensor.upnp_igd_data_sent,983544497,983724903,"{""state_class"": ""total_increasing"", ""unit_of_measurement"": ""B"", ""device_class"": ""data_size"", ""friendly_name"": ""UPNP IGD Data sent""}"
2025-07-19T20:06:08.246212,sensor.upnp_igd_packets_received,7704244,7706115,"{""state_class"": ""total_increasing"", ""unit_of_measurement"": ""packets"", ""friendly_name"": ""UPNP IGD Packets received""}"
2025-07-19T20:06:08.247744,sensor.upnp_igd_packets_sent,3763709,3764699,"{""state_class"": ""total_increasing"", ""unit_of_measurement"": ""packets"", ""friendly_name"": ""UPNP IGD Packets sent""}"
2025-07-19T20:06:08.249095,sensor.upnp_igd_uptime,1752966264,1752966294,"{""unit_of_measurement"": ""s"", ""device_class"": ""duration"", ""friendly_name"": ""UPNP IGD Uptime""}"
2025-07-19T20:06:08.250658,sensor.upnp_igd_download_speed,9.01479819008726,11.2171127641609,"{""state_class"": ""measurement"", ""unit_of_measurement"": ""KiB/s"", ""device_class"": ""data_rate"", ""friendly_name"": ""UPNP IGD Download speed""}"
2025-07-19T20:06:08.252949,sensor.upnp_igd_upload_speed,3.77965576764995,5.87251793510974,"{""state_class"": ""measurement"", ""unit_of_measurement"": ""KiB/s"", ""device_class"": ""data_rate"", ""friendly_name"": ""UPNP IGD Upload speed""}"
2025-07-19T20:06:08.254778,sensor.upnp_igd_packet_download_speed,54.3018824652588,62.365889171915,"{""state_class"": ""measurement"", ""unit_of_measurement"": ""packets/s"", ""friendly_name"": ""UPNP IGD Packet download speed""}"
2025-07-19T20:06:08.256543,sensor.upnp_igd_packet_upload_speed,25.767559942078,32.9995886051287,"{""state_class"": ""measurement"", ""unit_of_measurement"": ""packets/s"", ""friendly_name"": ""UPNP IGD Packet upload speed""}"
2025-07-19T20:06:08.360750,binary_sensor.presenca_sala_motion,off,on,"{""device_class"": ""motion"", ""friendly_name"": ""Presen\u00e7a sala Motion""}"
2025-07-19T20:06:08.364583,automation.aut_sala,on,on,"{""id"": ""1746116908353"", ""last_triggered"": ""2025-07-19T23:06:08.356293+00:00"", ""mode"": ""single"", ""current"": 1, ""friendly_name"": ""aut-sala""}"
2025-07-19T20:06:08.957845,automation.aut_sala,on,on,"{""id"": ""1746116908353"", ""last_triggered"": ""2025-07-19T23:06:08.356293+00:00"", ""mode"": ""single"", ""current"": 0, ""friendly_name"": ""aut-sala""}"
2025-07-19T20:06:09.487942,switch.interruptor_sala_switch_1,off,on,"{""device_class"": ""outlet"", ""friendly_name"": ""Interruptor sala Switch 1""}"
2025-07-19T20:06:10.260232,automation.aut_status_bruno,on,on,"{""id"": ""1751855857509"", ""last_triggered"": ""2025-07-19T23:06:10.253051+00:00"", ""mode"": ""single"", ""current"": 1, ""friendly_name"": ""aut-status-bruno""}"
2025-07-19T20:06:10.262920,automation.aut_status_bruno,on,on,"{""id"": ""1751855857509"", ""last_triggered"": ""2025-07-19T23:06:10.253051+00:00"", ""mode"": ""single"", ""current"": 0, ""friendly_name"": ""aut-status-bruno""}"
2025-07-19T20:06:38.262246,sensor.upnp_igd_data_received,2896646195,2897057441,"{""state_class"": ""total_increasing"", ""unit_of_measurement"": ""B"", ""device_class"": ""data_size"", ""friendly_name"": ""UPNP IGD Data received""}"
2025-07-19T20:06:38.264977,sensor.upnp_igd_data_sent,983724903,983899161,"{""state_class"": ""total_increasing"", ""unit_of_measurement"": ""B"", ""device_class"": ""data_size"", ""friendly_name"": ""UPNP IGD Data sent""}"
2025-07-19T20:06:38.266460,sensor.upnp_igd_packets_received,7706115,7707972,"{""state_class"": ""total_increasing"", ""unit_of_measurement"": ""packets"", ""friendly_name"": ""UPNP IGD Packets received""}"
2025-07-19T20:06:38.267914,sensor.upnp_igd_packets_sent,3764699,3765629,"{""state_class"": ""total_increasing"", ""unit_of_measurement"": ""packets"", ""friendly_name"": ""UPNP IGD Packets sent""}"
2025-07-19T20:06:38.269293,sensor.upnp_igd_uptime,1752966294,1752966324,"{""unit_of_measurement"": ""s"", ""device_class"": ""duration"", ""friendly_name"": ""UPNP IGD Uptime""}"
2025-07-19T20:06:38.270698,sensor.upnp_igd_download_speed,11.2171127641609,13.3868966595343,"{""state_class"": ""measurement"", ""unit_of_measurement"": ""KiB/s"", ""device_class"": ""data_rate"", ""friendly_name"": ""UPNP IGD Download speed""}"
2025-07-19T20:06:38.272181,sensor.upnp_igd_upload_speed,5.87251793510974,5.67245356331037,"{""state_class"": ""measurement"", ""unit_of_measurement"": ""KiB/s"", ""device_class"": ""data_rate"", ""friendly_name"": ""UPNP IGD Upload speed""}"
2025-07-19T20:06:38.273554,sensor.upnp_igd_packet_download_speed,62.365889171915,61.8999195301046,"{""state_class"": ""measurement"", ""unit_of_measurement"": ""packets/s"", ""friendly_name"": ""UPNP IGD Packet download speed""}"
2025-07-19T20:06:38.274898,sensor.upnp_igd_packet_upload_speed,32.9995886051287,30.9999597000524,"{""state_class"": ""measurement"", ""unit_of_measurement"": ""packets/s"", ""friendly_name"": ""UPNP IGD Packet upload speed""}"
2025-07-19T20:07:02.722271,binary_sensor.presenca_sala_motion,on,off,"{""device_class"": ""motion"", ""friendly_name"": ""Presen\u00e7a sala Motion""}"
2025-07-19T20:07:02.727035,automation.aut_sala,on,on,"{""id"": ""1746116908353"", ""last_triggered"": ""2025-07-19T23:07:02.716740+00:00"", ""mode"": ""single"", ""current"": 1, ""friendly_name"": ""aut-sala""}"
2025-07-19T20:07:02.943870,automation.aut_sala,on,on,"{""id"": ""1746116908353"", ""last_triggered"": ""2025-07-19T23:07:02.716740+00:00"", ""mode"": ""single"", ""current"": 0, ""friendly_name"": ""aut-sala""}"
2025-07-19T20:07:03.489561,switch.interruptor_sala_switch_1,on,off,"{""device_class"": ""outlet"", ""friendly_name"": ""Interruptor sala Switch 1""}"
2025-07-19T20:07:08.240111,sensor.upnp_igd_data_received,2897057441,2897359443,"{""state_class"": ""total_increasing"", ""unit_of_measurement"": ""B"", ""device_class"": ""data_size"", ""friendly_name"": ""UPNP IGD Data received""}"
2025-07-19T20:07:08.241784,sensor.upnp_igd_data_sent,983899161,984072779,"{""state_class"": ""total_increasing"", ""unit_of_measurement"": ""B"", ""device_class"": ""data_size"", ""friendly_name"": ""UPNP IGD Data sent""}"
2025-07-19T20:07:08.243595,sensor.upnp_igd_packets_received,7707972,7709795,"{""state_class"": ""total_increasing"", ""unit_of_measurement"": ""packets"", ""friendly_name"": ""UPNP IGD Packets received""}"
2025-07-19T20:07:08.245026,sensor.upnp_igd_packets_sent,3765629,3766533,"{""state_class"": ""total_increasing"", ""unit_of_measurement"": ""packets"", ""friendly_name"": ""UPNP IGD Packets sent""}"
2025-07-19T20:07:08.246343,sensor.upnp_igd_uptime,1752966324,1752966354,"{""unit_of_measurement"": ""s"", ""device_class"": ""duration"", ""friendly_name"": ""UPNP IGD Uptime""}"
2025-07-19T20:07:08.247995,sensor.upnp_igd_download_speed,13.3868966595343,9.83078738928216,"{""state_class"": ""measurement"", ""unit_of_measurement"": ""KiB/s"", ""device_class"": ""data_rate"", ""friendly_name"": ""UPNP IGD Download speed""}"
2025-07-19T20:07:08.250191,sensor.upnp_igd_upload_speed,5.67245356331037,5.65162364803011,"{""state_class"": ""measurement"", ""unit_of_measurement"": ""KiB/s"", ""device_class"": ""data_rate"", ""friendly_name"": ""UPNP IGD Upload speed""}"
2025-07-19T20:07:08.251737,sensor.upnp_igd_packet_download_speed,61.8999195301046,60.7666241300298,"{""state_class"": ""measurement"", ""unit_of_measurement"": ""packets/s"", ""friendly_name"": ""UPNP IGD Packet download speed""}"
2025-07-19T20:07:08.253180,sensor.upnp_igd_packet_upload_speed,30.9999597000524,30.1333122400148,"{""state_class"": ""measurement"", ""unit_of_measurement"": ""packets/s"", ""friendly_name"": ""UPNP IGD Packet upload speed""}"
2025-07-19T20:07:10.260509,automation.aut_status_bruno,on,on,"{""id"": ""1751855857509"", ""last_triggered"": ""2025-07-19T23:07:10.253153+00:00"", ""mode"": ""single"", ""current"": 1, ""friendly_name"": ""aut-status-bruno""}"
2025-07-19T20:07:10.262811,automation.aut_status_bruno,on,on,"{""id"": ""1751855857509"", ""last_triggered"": ""2025-07-19T23:07:10.253153+00:00"", ""mode"": ""single"", ""current"": 0, ""friendly_name"": ""aut-status-bruno""}"
2025-07-19T20:07:38.245019,sensor.upnp_igd_data_received,2897359443,2897663491,"{""state_class"": ""total_increasing"", ""unit_of_measurement"": ""B"", ""device_class"": ""data_size"", ""friendly_name"": ""UPNP IGD Data received""}"
2025-07-19T20:07:38.247522,sensor.upnp_igd_data_sent,984072779,984243295,"{""state_class"": ""total_increasing"", ""unit_of_measurement"": ""B"", ""device_class"": ""data_size"", ""friendly_name"": ""UPNP IGD Data sent""}"
2025-07-19T20:07:38.249000,sensor.upnp_igd_packets_received,7709795,7711553,"{""state_class"": ""total_increasing"", ""unit_of_measurement"": ""packets"", ""friendly_name"": ""UPNP IGD Packets received""}"
2025-07-19T20:07:38.250331,sensor.upnp_igd_packets_sent,3766533,3767418,"{""state_class"": ""total_increasing"", ""unit_of_measurement"": ""packets"", ""friendly_name"": ""UPNP IGD Packets sent""}"
2025-07-19T20:07:38.251684,sensor.upnp_igd_uptime,1752966354,1752966384,"{""unit_of_measurement"": ""s"", ""device_class"": ""duration"", ""friendly_name"": ""UPNP IGD Uptime""}"
2025-07-19T20:07:38.253346,sensor.upnp_igd_download_speed,9.83078738928216,9.89719986877593,"{""state_class"": ""measurement"", ""unit_of_measurement"": ""KiB/s"", ""device_class"": ""data_rate"", ""friendly_name"": ""UPNP IGD Download speed""}"
2025-07-19T20:07:38.255816,sensor.upnp_igd_upload_speed,5.65162364803011,5.55054114095208,"{""state_class"": ""measurement"", ""unit_of_measurement"": ""KiB/s"", ""device_class"": ""data_rate"", ""friendly_name"": ""UPNP IGD Upload speed""}"
2025-07-19T20:07:38.257399,sensor.upnp_igd_packet_download_speed,60.7666241300298,58.5988397429731,"{""state_class"": ""measurement"", ""unit_of_measurement"": ""packets/s"", ""friendly_name"": ""UPNP IGD Packet download speed""}"
2025-07-19T20:07:38.258893,sensor.upnp_igd_packet_upload_speed,30.1333122400148,29.499415911565,"{""state_class"": ""measurement"", ""unit_of_measurement"": ""packets/s"", ""friendly_name"": ""UPNP IGD Packet upload speed""}"
2025-07-19T20:07:51.237409,camera.192_168_0_33,idle,idle,"{""access_token"": ""548e09050915ceb4b1892752063c06b833a3594bf1853855a1ba20d19cbd7ec5"", ""entity_picture"": ""/api/camera_proxy/camera.192_168_0_33?token=548e09050915ceb4b1892752063c06b833a3594bf1853855a1ba20d19cbd7ec5"", ""friendly_name"": ""192_168_0_14"", ""supported_features"": 2}"
2025-07-19T20:07:51.244884,camera.admin_mainstream,idle,idle,"{""access_token"": ""b06c7cbefb59914060e44e9dcb4a63331f0aa4adb366517323b8a005c4b38347"", ""entity_picture"": ""/api/camera_proxy/camera.admin_mainstream?token=b06c7cbefb59914060e44e9dcb4a63331f0aa4adb366517323b8a005c4b38347"", ""friendly_name"": ""admin MainStream"", ""supported_features"": 2}"
2025-07-19T20:07:51.252261,camera.admin_substream,idle,idle,"{""access_token"": ""90c9a89a96789369a70e3a26b8d35bf6d5c7c581f25b83000f8774477c05fb8e"", ""entity_picture"": ""/api/camera_proxy/camera.admin_substream?token=90c9a89a96789369a70e3a26b8d35bf6d5c7c581f25b83000f8774477c05fb8e"", ""friendly_name"": ""admin SubStream"", ""supported_features"": 2}"
2025-07-19T20:07:51.269088,binary_sensor.presenca_sala_motion,off,on,"{""device_class"": ""motion"", ""friendly_name"": ""Presen\u00e7a sala Motion""}"
2025-07-19T20:07:51.279959,automation.aut_sala,on,on,"{""id"": ""1746116908353"", ""last_triggered"": ""2025-07-19T23:07:51.251608+00:00"", ""mode"": ""single"", ""current"": 1, ""friendly_name"": ""aut-sala""}"
2025-07-19T20:07:51.490141,automation.aut_sala,on,on,"{""id"": ""1746116908353"", ""last_triggered"": ""2025-07-19T23:07:51.251608+00:00"", ""mode"": ""single"", ""current"": 0, ""friendly_name"": ""aut-sala""}"
2025-07-19T20:07:52.002785,switch.interruptor_sala_switch_1,off,on,"{""device_class"": ""outlet"", ""friendly_name"": ""Interruptor sala Switch 1""}"
2025-07-19T20:08:08.238697,sensor.upnp_igd_data_received,2897663491,2898522180,"{""state_class"": ""total_increasing"", ""unit_of_measurement"": ""B"", ""device_class"": ""data_size"", ""friendly_name"": ""UPNP IGD Data received""}"
2025-07-19T20:08:08.240654,sensor.upnp_igd_data_sent,984243295,984405484,"{""state_class"": ""total_increasing"", ""unit_of_measurement"": ""B"", ""device_class"": ""data_size"", ""friendly_name"": ""UPNP IGD Data sent""}"
2025-07-19T20:08:08.242117,sensor.upnp_igd_packets_received,7711553,7713697,"{""state_class"": ""total_increasing"", ""unit_of_measurement"": ""packets"", ""friendly_name"": ""UPNP IGD Packets received""}"
2025-07-19T20:08:08.243616,sensor.upnp_igd_packets_sent,3767418,3768365,"{""state_class"": ""total_increasing"", ""unit_of_measurement"": ""packets"", ""friendly_name"": ""UPNP IGD Packets sent""}"
2025-07-19T20:08:08.244954,sensor.upnp_igd_uptime,1752966384,1752966414,"{""unit_of_measurement"": ""s"", ""device_class"": ""duration"", ""friendly_name"": ""UPNP IGD Uptime""}"
2025-07-19T20:08:08.246348,sensor.upnp_igd_download_speed,9.89719986877593,27.9523115515975,"{""state_class"": ""measurement"", ""unit_of_measurement"": ""KiB/s"", ""device_class"": ""data_rate"", ""friendly_name"": ""UPNP IGD Download speed""}"
2025-07-19T20:08:08.247764,sensor.upnp_igd_upload_speed,5.55054114095208,5.27962680113761,"{""state_class"": ""measurement"", ""unit_of_measurement"": ""KiB/s"", ""device_class"": ""data_rate"", ""friendly_name"": ""UPNP IGD Upload speed""}"
2025-07-19T20:08:08.249249,sensor.upnp_igd_packet_download_speed,58.5988397429731,71.4671669368352,"{""state_class"": ""measurement"", ""unit_of_measurement"": ""packets/s"", ""friendly_name"": ""UPNP IGD Packet download speed""}"
2025-07-19T20:08:08.250609,sensor.upnp_igd_packet_upload_speed,29.499415911565,31.5668876348801,"{""state_class"": ""measurement"", ""unit_of_measurement"": ""packets/s"", ""friendly_name"": ""UPNP IGD Packet upload speed""}"
2025-07-19T20:08:10.264981,automation.aut_status_bruno,on,on,"{""id"": ""1751855857509"", ""last_triggered"": ""2025-07-19T23:08:10.252309+00:00"", ""mode"": ""single"", ""current"": 1, ""friendly_name"": ""aut-status-bruno""}"
2025-07-19T20:08:10.267538,automation.aut_status_bruno,on,on,"{""id"": ""1751855857509"", ""last_triggered"": ""2025-07-19T23:08:10.252309+00:00"", ""mode"": ""single"", ""current"": 0, ""friendly_name"": ""aut-status-bruno""}"
2025-07-19T20:08:30.997327,binary_sensor.presenca_sala_motion,on,off,"{""device_class"": ""motion"", ""friendly_name"": ""Presen\u00e7a sala Motion""}"
2025-07-19T20:08:31.001917,automation.aut_sala,on,on,"{""id"": ""1746116908353"", ""last_triggered"": ""2025-07-19T23:08:30.991736+00:00"", ""mode"": ""single"", ""current"": 1, ""friendly_name"": ""aut-sala""}"
2025-07-19T20:08:31.211672,automation.aut_sala,on,on,"{""id"": ""1746116908353"", ""last_triggered"": ""2025-07-19T23:08:30.991736+00:00"", ""mode"": ""single"", ""current"": 0, ""friendly_name"": ""aut-sala""}"
2025-07-19T20:08:31.757403,switch.interruptor_sala_switch_1,on,off,"{""device_class"": ""outlet"", ""friendly_name"": ""Interruptor sala Switch 1""}"
2025-07-19T20:08:38.245516,sensor.upnp_igd_data_received,2898522180,2898947461,"{""state_class"": ""total_increasing"", ""unit_of_measurement"": ""B"", ""device_class"": ""data_size"", ""friendly_name"": ""UPNP IGD Data received""}"
2025-07-19T20:08:38.248184,sensor.upnp_igd_data_sent,984405484,984580812,"{""state_class"": ""total_increasing"", ""unit_of_measurement"": ""B"", ""device_class"": ""data_size"", ""friendly_name"": ""UPNP IGD Data sent""}"
2025-07-19T20:08:38.249667,sensor.upnp_igd_packets_received,7713697,7715550,"{""state_class"": ""total_increasing"", ""unit_of_measurement"": ""packets"", ""friendly_name"": ""UPNP IGD Packets received""}"
2025-07-19T20:08:38.251052,sensor.upnp_igd_packets_sent,3768365,3769251,"{""state_class"": ""total_increasing"", ""unit_of_measurement"": ""packets"", ""friendly_name"": ""UPNP IGD Packets sent""}"
2025-07-19T20:08:38.252692,sensor.upnp_igd_uptime,1752966414,1752966444,"{""unit_of_measurement"": ""s"", ""device_class"": ""duration"", ""friendly_name"": ""UPNP IGD Uptime""}"
2025-07-19T20:08:38.254777,sensor.upnp_igd_download_speed,27.9523115515975,13.8439639080105,"{""state_class"": ""measurement"", ""unit_of_measurement"": ""KiB/s"", ""device_class"": ""data_rate"", ""friendly_name"": ""UPNP IGD Download speed""}"
2025-07-19T20:08:38.256599,sensor.upnp_igd_upload_speed,5.27962680113761,5.70736643316694,"{""state_class"": ""measurement"", ""unit_of_measurement"": ""KiB/s"", ""device_class"": ""data_rate"", ""friendly_name"": ""UPNP IGD Upload speed""}"
2025-07-19T20:08:38.258130,sensor.upnp_igd_packet_download_speed,71.4671669368352,61.7674758205999,"{""state_class"": ""measurement"", ""unit_of_measurement"": ""packets/s"", ""friendly_name"": ""UPNP IGD Packet download speed""}"
2025-07-19T20:08:38.259609,sensor.upnp_igd_packet_upload_speed,31.5668876348801,29.5337202250683,"{""state_class"": ""measurement"", ""unit_of_measurement"": ""packets/s"", ""friendly_name"": ""UPNP IGD Packet upload speed""}"
2025-07-19T20:09:07.852248,sensor.tomada_mesa_de_trabalho_current,0.197,0.159,"{""state_class"": ""measurement"", ""unit_of_measurement"": ""A"", ""device_class"": ""current"", ""friendly_name"": ""Tomada mesa de trabalho Current""}"
2025-07-19T20:09:07.853881,sensor.tomada_mesa_de_trabalho_power,17.5,14.6,"{""state_class"": ""measurement"", ""unit_of_measurement"": ""W"", ""device_class"": ""power"", ""friendly_name"": ""Tomada mesa de trabalho Power""}"
2025-07-19T20:09:07.855440,sensor.tomada_mesa_de_trabalho_voltage,132.5,131.6,"{""state_class"": ""measurement"", ""unit_of_measurement"": ""V"", ""device_class"": ""voltage"", ""friendly_name"": ""Tomada mesa de trabalho Voltage""}"
2025-07-19T20:09:08.241231,sensor.upnp_igd_data_received,2898947461,2899080267,"{""state_class"": ""total_increasing"", ""unit_of_measurement"": ""B"", ""device_class"": ""data_size"", ""friendly_name"": ""UPNP IGD Data received""}"
2025-07-19T20:09:08.246605,sensor.upnp_igd_data_sent,984580812,984625601,"{""state_class"": ""total_increasing"", ""unit_of_measurement"": ""B"", ""device_class"": ""data_size"", ""friendly_name"": ""UPNP IGD Data sent""}"
2025-07-19T20:09:08.248636,sensor.upnp_igd_packets_received,7715550,7716951,"{""state_class"": ""total_increasing"", ""unit_of_measurement"": ""packets"", ""friendly_name"": ""UPNP IGD Packets received""}"
2025-07-19T20:09:08.250414,sensor.upnp_igd_packets_sent,3769251,3769611,"{""state_class"": ""total_increasing"", ""unit_of_measurement"": ""packets"", ""friendly_name"": ""UPNP IGD Packets sent""}"
2025-07-19T20:09:08.252724,sensor.upnp_igd_uptime,1752966444,1752966474,"{""unit_of_measurement"": ""s"", ""device_class"": ""duration"", ""friendly_name"": ""UPNP IGD Uptime""}"
2025-07-19T20:09:08.254172,sensor.upnp_igd_download_speed,13.8439639080105,4.32315693999884,"{""state_class"": ""measurement"", ""unit_of_measurement"": ""KiB/s"", ""device_class"": ""data_rate"", ""friendly_name"": ""UPNP IGD Download speed""}"
2025-07-19T20:09:08.255616,sensor.upnp_igd_upload_speed,5.70736643316694,1.45799042351707,"{""state_class"": ""measurement"", ""unit_of_measurement"": ""KiB/s"", ""device_class"": ""data_rate"", ""friendly_name"": ""UPNP IGD Upload speed""}"
2025-07-19T20:09:08.257014,sensor.upnp_igd_packet_download_speed,61.7674758205999,46.7004856850511,"{""state_class"": ""measurement"", ""unit_of_measurement"": ""packets/s"", ""friendly_name"": ""UPNP IGD Packet download speed""}"
2025-07-19T20:09:08.258414,sensor.upnp_igd_packet_upload_speed,29.5337202250683,12.0001248012979,"{""state_class"": ""measurement"", ""unit_of_measurement"": ""packets/s"", ""friendly_name"": ""UPNP IGD Packet upload speed""}"
2025-07-19T20:09:10.265348,automation.aut_status_bruno,on,on,"{""id"": ""1751855857509"", ""last_triggered"": ""2025-07-19T23:09:10.253913+00:00"", ""mode"": ""single"", ""current"": 1, ""friendly_name"": ""aut-status-bruno""}"
2025-07-19T20:09:10.267573,automation.aut_status_bruno,on,on,"{""id"": ""1751855857509"", ""last_triggered"": ""2025-07-19T23:09:10.253913+00:00"", ""mode"": ""single"", ""current"": 0, ""friendly_name"": ""aut-status-bruno""}"
2025-07-19T20:09:38.245301,sensor.upnp_igd_data_received,2899080267,2899297259,"{""state_class"": ""total_increasing"", ""unit_of_measurement"": ""B"", ""device_class"": ""data_size"", ""friendly_name"": ""UPNP IGD Data received""}"
2025-07-19T20:09:38.248735,sensor.upnp_igd_data_sent,984625601,984802740,"{""state_class"": ""total_increasing"", ""unit_of_measurement"": ""B"", ""device_class"": ""data_size"", ""friendly_name"": ""UPNP IGD Data sent""}"
2025-07-19T20:09:38.250534,sensor.upnp_igd_packets_received,7716951,7718611,"{""state_class"": ""total_increasing"", ""unit_of_measurement"": ""packets"", ""friendly_name"": ""UPNP IGD Packets received""}"
2025-07-19T20:09:38.252468,sensor.upnp_igd_packets_sent,3769611,3770372,"{""state_class"": ""total_increasing"", ""unit_of_measurement"": ""packets"", ""friendly_name"": ""UPNP IGD Packets sent""}"
2025-07-19T20:09:38.254215,sensor.upnp_igd_uptime,1752966474,1752966504,"{""unit_of_measurement"": ""s"", ""device_class"": ""duration"", ""friendly_name"": ""UPNP IGD Uptime""}"
2025-07-19T20:09:38.256053,sensor.upnp_igd_download_speed,4.32315693999884,7.06346420400923,"{""state_class"": ""measurement"", ""unit_of_measurement"": ""KiB/s"", ""device_class"": ""data_rate"", ""friendly_name"": ""UPNP IGD Download speed""}"
2025-07-19T20:09:38.257879,sensor.upnp_igd_upload_speed,1.45799042351707,5.76618025380655,"{""state_class"": ""measurement"", ""unit_of_measurement"": ""KiB/s"", ""device_class"": ""data_rate"", ""friendly_name"": ""UPNP IGD Upload speed""}"
2025-07-19T20:09:38.259948,sensor.upnp_igd_packet_download_speed,46.7004856850511,55.3327265177659,"{""state_class"": ""measurement"", ""unit_of_measurement"": ""packets/s"", ""friendly_name"": ""UPNP IGD Packet download speed""}"
2025-07-19T20:09:38.261626,sensor.upnp_igd_packet_upload_speed,12.0001248012979,25.3663884819396,"{""state_class"": ""measurement"", ""unit_of_measurement"": ""packets/s"", ""friendly_name"": ""UPNP IGD Packet upload speed""}"
2025-07-19T20:09:55.939967,binary_sensor.tauntaum_door,off,on,"{""device_class"": ""door"", ""friendly_name"": ""Tauntaum Door""}"
2025-07-19T20:09:55.962764,binary_sensor.tauntaum_cooler_door,off,on,"{""device_class"": ""door"", ""friendly_name"": ""Tauntaum Fridge door""}"
2025-07-19T20:09:56.383862,binary_sensor.presenca_sala_motion,off,on,"{""device_class"": ""motion"", ""friendly_name"": ""Presen\u00e7a sala Motion""}"
2025-07-19T20:09:56.388052,automation.aut_sala,on,on,"{""id"": ""1746116908353"", ""last_triggered"": ""2025-07-19T23:09:56.379399+00:00"", ""mode"": ""single"", ""current"": 1, ""friendly_name"": ""aut-sala""}"
2025-07-19T20:09:57.029661,automation.aut_sala,on,on,"{""id"": ""1746116908353"", ""last_triggered"": ""2025-07-19T23:09:56.379399+00:00"", ""mode"": ""single"", ""current"": 0, ""friendly_name"": ""aut-sala""}"
2025-07-19T20:09:57.815282,switch.interruptor_sala_switch_1,off,on,"{""device_class"": ""outlet"", ""friendly_name"": ""Interruptor sala Switch 1""}"
2025-07-19T20:10:00.175853,automation.automacao_cortina,on,on,"{""id"": ""1747703519499"", ""last_triggered"": ""2025-07-19T23:10:00.161479+00:00"", ""mode"": ""single"", ""current"": 1, ""friendly_name"": ""automacao-cortina""}"
2025-07-19T20:10:00.397138,automation.automacao_cortina,on,on,"{""id"": ""1747703519499"", ""last_triggered"": ""2025-07-19T23:10:00.161479+00:00"", ""mode"": ""single"", ""current"": 0, ""friendly_name"": ""automacao-cortina""}"
2025-07-19T20:10:08.257573,sensor.upnp_igd_data_received,2899297259,2899431395,"{""state_class"": ""total_increasing"", ""unit_of_measurement"": ""B"", ""device_class"": ""data_size"", ""friendly_name"": ""UPNP IGD Data received""}"
2025-07-19T20:10:08.260331,sensor.upnp_igd_data_sent,984802740,984886303,"{""state_class"": ""total_increasing"", ""unit_of_measurement"": ""B"", ""device_class"": ""data_size"", ""friendly_name"": ""UPNP IGD Data sent""}"
2025-07-19T20:10:08.262062,sensor.upnp_igd_packets_received,7718611,7720039,"{""state_class"": ""total_increasing"", ""unit_of_measurement"": ""packets"", ""friendly_name"": ""UPNP IGD Packets received""}"
2025-07-19T20:10:08.263831,sensor.upnp_igd_packets_sent,3770372,3770856,"{""state_class"": ""total_increasing"", ""unit_of_measurement"": ""packets"", ""friendly_name"": ""UPNP IGD Packets sent""}"
2025-07-19T20:10:08.265462,sensor.upnp_igd_uptime,1752966504,1752966534,"{""unit_of_measurement"": ""s"", ""device_class"": ""duration"", ""friendly_name"": ""UPNP IGD Uptime""}"
2025-07-19T20:10:08.267206,sensor.upnp_igd_download_speed,7.06346420400923,4.36636316855007,"{""state_class"": ""measurement"", ""unit_of_measurement"": ""KiB/s"", ""device_class"": ""data_rate"", ""friendly_name"": ""UPNP IGD Download speed""}"
2025-07-19T20:10:08.268971,sensor.upnp_igd_upload_speed,5.76618025380655,2.72012290103738,"{""state_class"": ""measurement"", ""unit_of_measurement"": ""KiB/s"", ""device_class"": ""data_rate"", ""friendly_name"": ""UPNP IGD Upload speed""}"
2025-07-19T20:10:08.270689,sensor.upnp_igd_packet_download_speed,55.3327265177659,47.5995303513005,"{""state_class"": ""measurement"", ""unit_of_measurement"": ""packets/s"", ""friendly_name"": ""UPNP IGD Packet download speed""}"
2025-07-19T20:10:08.273148,sensor.upnp_igd_packet_upload_speed,25.3663884819396,16.1331741526817,"{""state_class"": ""measurement"", ""unit_of_measurement"": ""packets/s"", ""friendly_name"": ""UPNP IGD Packet upload speed""}"
2025-07-19T20:10:10.260999,automation.aut_status_bruno,on,on,"{""id"": ""1751855857509"", ""last_triggered"": ""2025-07-19T23:10:10.253895+00:00"", ""mode"": ""single"", ""current"": 1, ""friendly_name"": ""aut-status-bruno""}"
2025-07-19T20:10:10.263677,automation.aut_status_bruno,on,on,"{""id"": ""1751855857509"", ""last_triggered"": ""2025-07-19T23:10:10.253895+00:00"", ""mode"": ""single"", ""current"": 0, ""friendly_name"": ""aut-status-bruno""}"
2025-07-19T20:10:12.748549,binary_sensor.tauntaum_door,on,off,"{""device_class"": ""door"", ""friendly_name"": ""Tauntaum Door""}"
2025-07-19T20:10:12.772351,binary_sensor.tauntaum_cooler_door,on,off,"{""device_class"": ""door"", ""friendly_name"": ""Tauntaum Fridge door""}"
2025-07-19T20:10:20.838679,binary_sensor.presenca_sala_motion,on,off,"{""device_class"": ""motion"", ""friendly_name"": ""Presen\u00e7a sala Motion""}"
2025-07-19T20:10:20.843031,automation.aut_sala,on,on,"{""id"": ""1746116908353"", ""last_triggered"": ""2025-07-19T23:10:20.833069+00:00"", ""mode"": ""single"", ""current"": 1, ""friendly_name"": ""aut-sala""}"
2025-07-19T20:10:21.049890,automation.aut_sala,on,on,"{""id"": ""1746116908353"", ""last_triggered"": ""2025-07-19T23:10:20.833069+00:00"", ""mode"": ""single"", ""current"": 0, ""friendly_name"": ""aut-sala""}"
2025-07-19T20:10:21.684714,switch.interruptor_sala_switch_1,on,off,"{""device_class"": ""outlet"", ""friendly_name"": ""Interruptor sala Switch 1""}"
2025-07-19T20:10:28.263721,binary_sensor.tauntaum_door,off,on,"{""device_class"": ""door"", ""friendly_name"": ""Tauntaum Door""}"
2025-07-19T20:10:28.291793,binary_sensor.tauntaum_cooler_door,off,on,"{""device_class"": ""door"", ""friendly_name"": ""Tauntaum Fridge door""}"
2025-07-19T20:10:35.961475,binary_sensor.tauntaum_door,on,off,"{""device_class"": ""door"", ""friendly_name"": ""Tauntaum Door""}"
2025-07-19T20:10:35.974992,binary_sensor.tauntaum_cooler_door,on,off,"{""device_class"": ""door"", ""friendly_name"": ""Tauntaum Fridge door""}"
2025-07-19T20:10:38.247101,sensor.upnp_igd_data_received,2899431395,2899545422,"{""state_class"": ""total_increasing"", ""unit_of_measurement"": ""B"", ""device_class"": ""data_size"", ""friendly_name"": ""UPNP IGD Data received""}"
2025-07-19T20:10:38.249101,sensor.upnp_igd_data_sent,984886303,984972869,"{""state_class"": ""total_increasing"", ""unit_of_measurement"": ""B"", ""device_class"": ""data_size"", ""friendly_name"": ""UPNP IGD Data sent""}"
2025-07-19T20:10:38.250849,sensor.upnp_igd_packets_received,7720039,7721370,"{""state_class"": ""total_increasing"", ""unit_of_measurement"": ""packets"", ""friendly_name"": ""UPNP IGD Packets received""}"
2025-07-19T20:10:38.252890,sensor.upnp_igd_packets_sent,3770856,3771282,"{""state_class"": ""total_increasing"", ""unit_of_measurement"": ""packets"", ""friendly_name"": ""UPNP IGD Packets sent""}"
2025-07-19T20:10:38.254686,sensor.upnp_igd_uptime,1752966534,1752966564,"{""unit_of_measurement"": ""s"", ""device_class"": ""duration"", ""friendly_name"": ""UPNP IGD Uptime""}"
2025-07-19T20:10:38.256515,sensor.upnp_igd_download_speed,4.36636316855007,3.71182853155654,"{""state_class"": ""measurement"", ""unit_of_measurement"": ""KiB/s"", ""device_class"": ""data_rate"", ""friendly_name"": ""UPNP IGD Download speed""}"
2025-07-19T20:10:38.259936,sensor.upnp_igd_upload_speed,2.72012290103738,2.81791285101531,"{""state_class"": ""measurement"", ""unit_of_measurement"": ""KiB/s"", ""device_class"": ""data_rate"", ""friendly_name"": ""UPNP IGD Upload speed""}"
2025-07-19T20:10:38.261775,sensor.upnp_igd_packet_download_speed,47.5995303513005,44.3668115982512,"{""state_class"": ""measurement"", ""unit_of_measurement"": ""packets/s"", ""friendly_name"": ""UPNP IGD Packet download speed""}"
2025-07-19T20:10:38.263574,sensor.upnp_igd_packet_upload_speed,16.1331741526817,14.2000463868182,"{""state_class"": ""measurement"", ""unit_of_measurement"": ""packets/s"", ""friendly_name"": ""UPNP IGD Packet upload speed""}"
2025-07-19T20:10:58.120129,weather.forecast_home,clear-night,clear-night,"{""temperature"": 24.8, ""dew_point"": 20.2, ""temperature_unit"": ""\u00b0C"", ""humidity"": 76, ""cloud_coverage"": 6.2, ""uv_index"": 0.0, ""pressure"": 1018.2, ""pressure_unit"": ""hPa"", ""wind_bearing"": 137.2, ""wind_speed"": 20.5, ""wind_speed_unit"": ""km/h"", ""visibility_unit"": ""km"", ""precipitation_unit"": ""mm"", ""attribution"": ""Weather forecast from met.no, delivered by the Norwegian Meteorological Institute."", ""friendly_name"": ""Forecast Home"", ""supported_features"": 3}"
2025-07-19T20:11:08.240813,sensor.upnp_igd_data_received,2899545422,2899676595,"{""state_class"": ""total_increasing"", ""unit_of_measurement"": ""B"", ""device_class"": ""data_size"", ""friendly_name"": ""UPNP IGD Data received""}"
2025-07-19T20:11:08.242499,sensor.upnp_igd_data_sent,984972869,985047394,"{""state_class"": ""total_increasing"", ""unit_of_measurement"": ""B"", ""device_class"": ""data_size"", ""friendly_name"": ""UPNP IGD Data sent""}"
2025-07-19T20:11:08.249674,sensor.upnp_igd_packets_received,7721370,7722758,"{""state_class"": ""total_increasing"", ""unit_of_measurement"": ""packets"", ""friendly_name"": ""UPNP IGD Packets received""}"
2025-07-19T20:11:08.251830,sensor.upnp_igd_packets_sent,3771282,3771729,"{""state_class"": ""total_increasing"", ""unit_of_measurement"": ""packets"", ""friendly_name"": ""UPNP IGD Packets sent""}"
2025-07-19T20:11:08.253970,sensor.upnp_igd_uptime,1752966564,1752966594,"{""unit_of_measurement"": ""s"", ""device_class"": ""duration"", ""friendly_name"": ""UPNP IGD Uptime""}"
2025-07-19T20:11:08.257490,sensor.upnp_igd_download_speed,3.71182853155654,4.26981708130055,"{""state_class"": ""measurement"", ""unit_of_measurement"": ""KiB/s"", ""device_class"": ""data_rate"", ""friendly_name"": ""UPNP IGD Download speed""}"
2025-07-19T20:11:08.259918,sensor.upnp_igd_upload_speed,2.81791285101531,2.42586597839436,"{""state_class"": ""measurement"", ""unit_of_measurement"": ""KiB/s"", ""device_class"": ""data_rate"", ""friendly_name"": ""UPNP IGD Upload speed""}"
2025-07-19T20:11:08.262685,sensor.upnp_igd_packet_download_speed,44.3668115982512,46.2651784700925,"{""state_class"": ""measurement"", ""unit_of_measurement"": ""packets/s"", ""friendly_name"": ""UPNP IGD Packet download speed""}"
2025-07-19T20:11:08.265674,sensor.upnp_igd_packet_upload_speed,14.2000463868182,14.8995207320831,"{""state_class"": ""measurement"", ""unit_of_measurement"": ""packets/s"", ""friendly_name"": ""UPNP IGD Packet upload speed""}"
2025-07-19T20:11:08.502172,sensor.chewbacca_power,0,0,"{""state_class"": ""measurement"", ""power_consumption_start"": ""2025-07-19T22:09:42Z"", ""power_consumption_end"": ""2025-07-19T23:11:08Z"", ""unit_of_measurement"": ""W"", ""device_class"": ""power"", ""friendly_name"": ""Chewbacca Power""}"
2025-07-19T20:11:08.515351,sensor.chewbacca_completion_time,2025-07-19T22:48:42+00:00,2025-07-19T23:50:08+00:00,"{""device_class"": ""timestamp"", ""friendly_name"": ""Chewbacca Completion time""}"
2025-07-19T20:11:08.540898,sensor.tauntaum_power,2,28,"{""state_class"": ""measurement"", ""power_consumption_start"": ""2025-07-19T22:57:53Z"", ""power_consumption_end"": ""2025-07-19T23:11:08Z"", ""unit_of_measurement"": ""W"", ""device_class"": ""power"", ""friendly_name"": ""Tauntaum Power""}"
2025-07-19T20:11:08.542907,sensor.tauntaum_energy_difference,0.001,0.0,"{""state_class"": ""total"", ""unit_of_measurement"": ""kWh"", ""device_class"": ""energy"", ""friendly_name"": ""Tauntaum Energy difference""}"
2025-07-19T20:11:08.544428,sensor.tauntaum_power_energy,0.000186171666648653,0.000441862777736452,"{""state_class"": ""total"", ""unit_of_measurement"": ""kWh"", ""device_class"": ""energy"", ""friendly_name"": ""Tauntaum Power energy""}"
2025-07-19T20:11:10.260735,automation.aut_status_bruno,on,on,"{""id"": ""1751855857509"", ""last_triggered"": ""2025-07-19T23:11:10.252459+00:00"", ""mode"": ""single"", ""current"": 1, ""friendly_name"": ""aut-status-bruno""}"
2025-07-19T20:11:10.262546,automation.aut_status_bruno,on,on,"{""id"": ""1751855857509"", ""last_triggered"": ""2025-07-19T23:11:10.252459+00:00"", ""mode"": ""single"", ""current"": 0, ""friendly_name"": ""aut-status-bruno""}"
2025-07-19T20:11:19.355727,binary_sensor.presenca_sala_motion,off,on,"{""device_class"": ""motion"", ""friendly_name"": ""Presen\u00e7a sala Motion""}"
2025-07-19T20:11:19.360334,automation.aut_sala,on,on,"{""id"": ""1746116908353"", ""last_triggered"": ""2025-07-19T23:11:19.336202+00:00"", ""mode"": ""single"", ""current"": 1, ""friendly_name"": ""aut-sala""}"
2025-07-19T20:11:19.578602,automation.aut_sala,on,on,"{""id"": ""1746116908353"", ""last_triggered"": ""2025-07-19T23:11:19.336202+00:00"", ""mode"": ""single"", ""current"": 0, ""friendly_name"": ""aut-sala""}"
2025-07-19T20:11:20.115967,switch.interruptor_sala_switch_1,off,on,"{""device_class"": ""outlet"", ""friendly_name"": ""Interruptor sala Switch 1""}"
2025-07-19T20:11:38.249375,sensor.upnp_igd_data_received,2899676595,2899799407,"{""state_class"": ""total_increasing"", ""unit_of_measurement"": ""B"", ""device_class"": ""data_size"", ""friendly_name"": ""UPNP IGD Data received""}"
2025-07-19T20:11:38.253130,sensor.upnp_igd_data_sent,985047394,985111013,"{""state_class"": ""total_increasing"", ""unit_of_measurement"": ""B"", ""device_class"": ""data_size"", ""friendly_name"": ""UPNP IGD Data sent""}"
2025-07-19T20:11:38.254673,sensor.upnp_igd_packets_received,7722758,7724095,"{""state_class"": ""total_increasing"", ""unit_of_measurement"": ""packets"", ""friendly_name"": ""UPNP IGD Packets received""}"
2025-07-19T20:11:38.257224,sensor.upnp_igd_packets_sent,3771729,3772147,"{""state_class"": ""total_increasing"", ""unit_of_measurement"": ""packets"", ""friendly_name"": ""UPNP IGD Packets sent""}"
2025-07-19T20:11:38.259436,sensor.upnp_igd_uptime,1752966594,1752966624,"{""unit_of_measurement"": ""s"", ""device_class"": ""duration"", ""friendly_name"": ""UPNP IGD Uptime""}"
2025-07-19T20:11:38.261605,sensor.upnp_igd_download_speed,4.26981708130055,3.9979852914685,"{""state_class"": ""measurement"", ""unit_of_measurement"": ""KiB/s"", ""device_class"": ""data_rate"", ""friendly_name"": ""UPNP IGD Download speed""}"
2025-07-19T20:11:38.264573,sensor.upnp_igd_upload_speed,2.42586597839436,2.07103398900705,"{""state_class"": ""measurement"", ""unit_of_measurement"": ""KiB/s"", ""device_class"": ""data_rate"", ""friendly_name"": ""UPNP IGD Upload speed""}"
2025-07-19T20:11:38.267262,sensor.upnp_igd_packet_download_speed,46.2651784700925,44.5688832257924,"{""state_class"": ""measurement"", ""unit_of_measurement"": ""packets/s"", ""friendly_name"": ""UPNP IGD Packet download speed""}"
2025-07-19T20:11:38.269198,sensor.upnp_igd_packet_upload_speed,14.8995207320831,13.9340263189089,"{""state_class"": ""measurement"", ""unit_of_measurement"": ""packets/s"", ""friendly_name"": ""UPNP IGD Packet upload speed""}"
2025-07-19T20:11:53.526153,binary_sensor.presenca_sala_motion,on,off,"{""device_class"": ""motion"", ""friendly_name"": ""Presen\u00e7a sala Motion""}"
2025-07-19T20:11:53.529553,automation.aut_sala,on,on,"{""id"": ""1746116908353"", ""last_triggered"": ""2025-07-19T23:11:53.516112+00:00"", ""mode"": ""single"", ""current"": 1, ""friendly_name"": ""aut-sala""}"
2025-07-19T20:11:53.744090,automation.aut_sala,on,on,"{""id"": ""1746116908353"", ""last_triggered"": ""2025-07-19T23:11:53.516112+00:00"", ""mode"": ""single"", ""current"": 0, ""friendly_name"": ""aut-sala""}"
2025-07-19T20:11:54.310620,switch.interruptor_sala_switch_1,on,off,"{""device_class"": ""outlet"", ""friendly_name"": ""Interruptor sala Switch 1""}"
2025-07-19T20:12:08.244785,sensor.upnp_igd_data_received,2899799407,2899925871,"{""state_class"": ""total_increasing"", ""unit_of_measurement"": ""B"", ""device_class"": ""data_size"", ""friendly_name"": ""UPNP IGD Data received""}"
2025-07-19T20:12:08.246398,sensor.upnp_igd_data_sent,985111013,985165563,"{""state_class"": ""total_increasing"", ""unit_of_measurement"": ""B"", ""device_class"": ""data_size"", ""friendly_name"": ""UPNP IGD Data sent""}"
2025-07-19T20:12:08.248650,sensor.upnp_igd_packets_received,7724095,7725447,"{""state_class"": ""total_increasing"", ""unit_of_measurement"": ""packets"", ""friendly_name"": ""UPNP IGD Packets received""}"
2025-07-19T20:12:08.250282,sensor.upnp_igd_packets_sent,3772147,3772576,"{""state_class"": ""total_increasing"", ""unit_of_measurement"": ""packets"", ""friendly_name"": ""UPNP IGD Packets sent""}"
2025-07-19T20:12:08.251933,sensor.upnp_igd_uptime,1752966624,1752966654,"{""unit_of_measurement"": ""s"", ""device_class"": ""duration"", ""friendly_name"": ""UPNP IGD Uptime""}"
2025-07-19T20:12:08.253476,sensor.upnp_igd_download_speed,3.9979852914685,4.11658982365662,"{""state_class"": ""measurement"", ""unit_of_measurement"": ""KiB/s"", ""device_class"": ""data_rate"", ""friendly_name"": ""UPNP IGD Download speed""}"
2025-07-19T20:12:08.255064,sensor.upnp_igd_upload_speed,2.07103398900705,1.77568299975067,"{""state_class"": ""measurement"", ""unit_of_measurement"": ""KiB/s"", ""device_class"": ""data_rate"", ""friendly_name"": ""UPNP IGD Upload speed""}"
2025-07-19T20:12:08.256758,sensor.upnp_igd_packet_download_speed,44.5688832257924,45.0658254379252,"{""state_class"": ""measurement"", ""unit_of_measurement"": ""packets/s"", ""friendly_name"": ""UPNP IGD Packet download speed""}"
2025-07-19T20:12:08.258620,sensor.upnp_igd_packet_upload_speed,13.9340263189089,14.2997330716493,"{""state_class"": ""measurement"", ""unit_of_measurement"": ""packets/s"", ""friendly_name"": ""UPNP IGD Packet upload speed""}"
2025-07-19T20:12:10.259733,automation.aut_status_bruno,on,on,"{""id"": ""1751855857509"", ""last_triggered"": ""2025-07-19T23:12:10.253149+00:00"", ""mode"": ""single"", ""current"": 1, ""friendly_name"": ""aut-status-bruno""}"
2025-07-19T20:12:10.262819,automation.aut_status_bruno,on,on,"{""id"": ""1751855857509"", ""last_triggered"": ""2025-07-19T23:12:10.253149+00:00"", ""mode"": ""single"", ""current"": 0, ""friendly_name"": ""aut-status-bruno""}"
2025-07-19T20:12:29.611564,binary_sensor.tauntaum_door,off,on,"{""device_class"": ""door"", ""friendly_name"": ""Tauntaum Door""}"
2025-07-19T20:12:29.641123,binary_sensor.tauntaum_cooler_door,off,on,"{""device_class"": ""door"", ""friendly_name"": ""Tauntaum Fridge door""}"
2025-07-19T20:12:38.241040,sensor.upnp_igd_data_received,2899925871,2900142577,"{""state_class"": ""total_increasing"", ""unit_of_measurement"": ""B"", ""device_class"": ""data_size"", ""friendly_name"": ""UPNP IGD Data received""}"
2025-07-19T20:12:38.243872,sensor.upnp_igd_data_sent,985165563,985259109,"{""state_class"": ""total_increasing"", ""unit_of_measurement"": ""B"", ""device_class"": ""data_size"", ""friendly_name"": ""UPNP IGD Data sent""}"
2025-07-19T20:12:38.246831,sensor.upnp_igd_packets_received,7725447,7726856,"{""state_class"": ""total_increasing"", ""unit_of_measurement"": ""packets"", ""friendly_name"": ""UPNP IGD Packets received""}"
2025-07-19T20:12:38.248703,sensor.upnp_igd_packets_sent,3772576,3772993,"{""state_class"": ""total_increasing"", ""unit_of_measurement"": ""packets"", ""friendly_name"": ""UPNP IGD Packets sent""}"
2025-07-19T20:12:38.251266,sensor.upnp_igd_uptime,1752966654,1752966684,"{""unit_of_measurement"": ""s"", ""device_class"": ""duration"", ""friendly_name"": ""UPNP IGD Uptime""}"
2025-07-19T20:12:38.252975,sensor.upnp_igd_download_speed,4.11658982365662,7.0542439981896,"{""state_class"": ""measurement"", ""unit_of_measurement"": ""KiB/s"", ""device_class"": ""data_rate"", ""friendly_name"": ""UPNP IGD Download speed""}"
2025-07-19T20:12:38.254601,sensor.upnp_igd_upload_speed,1.77568299975067,3.04512246571227,"{""state_class"": ""measurement"", ""unit_of_measurement"": ""KiB/s"", ""device_class"": ""data_rate"", ""friendly_name"": ""UPNP IGD Upload speed""}"
2025-07-19T20:12:38.256387,sensor.upnp_igd_packet_download_speed,45.0658254379252,46.9667480756967,"{""state_class"": ""measurement"", ""unit_of_measurement"": ""packets/s"", ""friendly_name"": ""UPNP IGD Packet download speed""}"
2025-07-19T20:12:38.258037,sensor.upnp_igd_packet_upload_speed,14.2997330716493,13.9000240933751,"{""state_class"": ""measurement"", ""unit_of_measurement"": ""packets/s"", ""friendly_name"": ""UPNP IGD Packet upload speed""}"
2025-07-19T20:12:39.365704,binary_sensor.tauntaum_cooler_door,on,off,"{""device_class"": ""door"", ""friendly_name"": ""Tauntaum Fridge door""}"
2025-07-19T20:12:39.378958,binary_sensor.tauntaum_door,on,off,"{""device_class"": ""door"", ""friendly_name"": ""Tauntaum Door""}"
2025-07-19T20:12:43.738531,binary_sensor.presenca_sala_motion,off,on,"{""device_class"": ""motion"", ""friendly_name"": ""Presen\u00e7a sala Motion""}"
2025-07-19T20:12:43.744248,automation.aut_sala,on,on,"{""id"": ""1746116908353"", ""last_triggered"": ""2025-07-19T23:12:43.733995+00:00"", ""mode"": ""single"", ""current"": 1, ""friendly_name"": ""aut-sala""}"
2025-07-19T20:12:43.958424,automation.aut_sala,on,on,"{""id"": ""1746116908353"", ""last_triggered"": ""2025-07-19T23:12:43.733995+00:00"", ""mode"": ""single"", ""current"": 0, ""friendly_name"": ""aut-sala""}"
2025-07-19T20:12:44.471898,switch.interruptor_sala_switch_1,off,on,"{""device_class"": ""outlet"", ""friendly_name"": ""Interruptor sala Switch 1""}"
2025-07-19T20:12:51.231042,camera.192_168_0_33,idle,idle,"{""access_token"": ""cbf32ec0390eedc1734c14da0bb69bf897f5b1d02634f56968122e5eeff37c9a"", ""entity_picture"": ""/api/camera_proxy/camera.192_168_0_33?token=cbf32ec0390eedc1734c14da0bb69bf897f5b1d02634f56968122e5eeff37c9a"", ""friendly_name"": ""192_168_0_14"", ""supported_features"": 2}"
2025-07-19T20:12:51.233010,camera.admin_mainstream,idle,idle,"{""access_token"": ""1a32ce97f7fcb514c75ce712b799c469b76e8d467176e96f4ec4e0993b36543"", ""entity_picture"": ""/api/camera_proxy/camera.admin_mainstream?token=1a32ce97f7fcb514c75ce712b799c469b76e8d467176e96f4ec4e0993b36543"", ""friendly_name"": ""admin MainStream"", ""supported_features"": 2}"
2025-07-19T20:12:51.234619,camera.admin_substream,idle,idle,"{""access_token"": ""f81ad350dbade01a7c2f4efad0072dbef7aa6370a64db611f6a8a798c2b7b435"", ""entity_picture"": ""/api/camera_proxy/camera.admin_substream?token=f81ad350dbade01a7c2f4efad0072dbef7aa6370a64db611f6a8a798c2b7b435"", ""friendly_name"": ""admin SubStream"", ""supported_features"": 2}"
2025-07-19T20:12:52.905302,binary_sensor.tauntaum_cooler_door,off,on,"{""device_class"": ""door"", ""friendly_name"": ""Tauntaum Fridge door""}"
2025-07-19T20:12:52.927574,binary_sensor.tauntaum_door,off,on,"{""device_class"": ""door"", ""friendly_name"": ""Tauntaum Door""}"
2025-07-19T20:12:57.576669,binary_sensor.tauntaum_door,on,off,"{""device_class"": ""door"", ""friendly_name"": ""Tauntaum Door""}"
2025-07-19T20:12:57.600278,binary_sensor.tauntaum_cooler_door,on,off,"{""device_class"": ""door"", ""friendly_name"": ""Tauntaum Fridge door""}"
2025-07-19T20:13:08.258865,sensor.upnp_igd_data_received,2900142577,2900819271,"{""state_class"": ""total_increasing"", ""unit_of_measurement"": ""B"", ""device_class"": ""data_size"", ""friendly_name"": ""UPNP IGD Data received""}"
2025-07-19T20:13:08.261018,sensor.upnp_igd_data_sent,985259109,985356532,"{""state_class"": ""total_increasing"", ""unit_of_measurement"": ""B"", ""device_class"": ""data_size"", ""friendly_name"": ""UPNP IGD Data sent""}"
2025-07-19T20:13:08.262752,sensor.upnp_igd_packets_received,7726856,7728652,"{""state_class"": ""total_increasing"", ""unit_of_measurement"": ""packets"", ""friendly_name"": ""UPNP IGD Packets received""}"
2025-07-19T20:13:08.264444,sensor.upnp_igd_packets_sent,3772993,3773580,"{""state_class"": ""total_increasing"", ""unit_of_measurement"": ""packets"", ""friendly_name"": ""UPNP IGD Packets sent""}"
2025-07-19T20:13:08.266043,sensor.upnp_igd_uptime,1752966684,1752966714,"{""unit_of_measurement"": ""s"", ""device_class"": ""duration"", ""friendly_name"": ""UPNP IGD Uptime""}"
2025-07-19T20:13:08.267746,sensor.upnp_igd_download_speed,7.0542439981896,22.028090249958,"{""state_class"": ""measurement"", ""unit_of_measurement"": ""KiB/s"", ""device_class"": ""data_rate"", ""friendly_name"": ""UPNP IGD Download speed""}"
2025-07-19T20:13:08.269420,sensor.upnp_igd_upload_speed,3.04512246571227,3.17136347658122,"{""state_class"": ""measurement"", ""unit_of_measurement"": ""KiB/s"", ""device_class"": ""data_rate"", ""friendly_name"": ""UPNP IGD Upload speed""}"
2025-07-19T20:13:08.271072,sensor.upnp_igd_packet_download_speed,46.9667480756967,59.867456917098,"{""state_class"": ""measurement"", ""unit_of_measurement"": ""packets/s"", ""friendly_name"": ""UPNP IGD Packet download speed""}"
2025-07-19T20:13:08.272866,sensor.upnp_igd_packet_upload_speed,13.9000240933751,19.566924950076,"{""state_class"": ""measurement"", ""unit_of_measurement"": ""packets/s"", ""friendly_name"": ""UPNP IGD Packet upload speed""}"
2025-07-19T20:13:10.258921,automation.aut_status_bruno,on,on,"{""id"": ""1751855857509"", ""last_triggered"": ""2025-07-19T23:13:10.252245+00:00"", ""mode"": ""single"", ""current"": 1, ""friendly_name"": ""aut-status-bruno""}"
2025-07-19T20:13:10.261313,automation.aut_status_bruno,on,on,"{""id"": ""1751855857509"", ""last_triggered"": ""2025-07-19T23:13:10.252245+00:00"", ""mode"": ""single"", ""current"": 0, ""friendly_name"": ""aut-status-bruno""}"
2025-07-19T20:13:25.128828,binary_sensor.tauntaum_cooler_door,off,on,"{""device_class"": ""door"", ""friendly_name"": ""Tauntaum Fridge door""}"
2025-07-19T20:13:25.142856,binary_sensor.tauntaum_door,off,on,"{""device_class"": ""door"", ""friendly_name"": ""Tauntaum Door""}"
2025-07-19T20:13:31.501952,binary_sensor.tauntaum_door,on,off,"{""device_class"": ""door"", ""friendly_name"": ""Tauntaum Door""}"
2025-07-19T20:13:31.517450,binary_sensor.tauntaum_cooler_door,on,off,"{""device_class"": ""door"", ""friendly_name"": ""Tauntaum Fridge door""}"
2025-07-19T20:13:31.677043,sensor.tauntaum_energy,217.454,217.456,"{""state_class"": ""total_increasing"", ""unit_of_measurement"": ""kWh"", ""device_class"": ""energy"", ""friendly_name"": ""Tauntaum Energy""}"
2025-07-19T20:13:31.678945,sensor.tauntaum_power,28,43,"{""state_class"": ""measurement"", ""power_consumption_start"": ""2025-07-19T23:11:08Z"", ""power_consumption_end"": ""2025-07-19T23:13:31Z"", ""unit_of_measurement"": ""W"", ""device_class"": ""power"", ""friendly_name"": ""Tauntaum Power""}"
2025-07-19T20:13:31.680673,sensor.tauntaum_energy_difference,0.0,0.002,"{""state_class"": ""total"", ""unit_of_measurement"": ""kWh"", ""device_class"": ""energy"", ""friendly_name"": ""Tauntaum Energy difference""}"
2025-07-19T20:13:31.682096,sensor.tauntaum_power_energy,0.000441862777736452,0.00111651555591159,"{""state_class"": ""total"", ""unit_of_measurement"": ""kWh"", ""device_class"": ""energy"", ""friendly_name"": ""Tauntaum Power energy""}"
2025-07-19T20:13:38.264917,sensor.upnp_igd_data_received,2900819271,2900936688,"{""state_class"": ""total_increasing"", ""unit_of_measurement"": ""B"", ""device_class"": ""data_size"", ""friendly_name"": ""UPNP IGD Data received""}"
2025-07-19T20:13:38.269357,sensor.upnp_igd_data_sent,985356532,985448377,"{""state_class"": ""total_increasing"", ""unit_of_measurement"": ""B"", ""device_class"": ""data_size"", ""friendly_name"": ""UPNP IGD Data sent""}"
2025-07-19T20:13:38.279745,sensor.upnp_igd_packets_received,7728652,7730019,"{""state_class"": ""total_increasing"", ""unit_of_measurement"": ""packets"", ""friendly_name"": ""UPNP IGD Packets received""}"
2025-07-19T20:13:38.286029,sensor.upnp_igd_packets_sent,3773580,3774009,"{""state_class"": ""total_increasing"", ""unit_of_measurement"": ""packets"", ""friendly_name"": ""UPNP IGD Packets sent""}"
2025-07-19T20:13:38.288002,sensor.upnp_igd_uptime,1752966714,1752966744,"{""unit_of_measurement"": ""s"", ""device_class"": ""duration"", ""friendly_name"": ""UPNP IGD Uptime""}"
2025-07-19T20:13:38.289872,sensor.upnp_igd_download_speed,22.028090249958,3.82210694244249,"{""state_class"": ""measurement"", ""unit_of_measurement"": ""KiB/s"", ""device_class"": ""data_rate"", ""friendly_name"": ""UPNP IGD Download speed""}"
2025-07-19T20:13:38.291693,sensor.upnp_igd_upload_speed,3.17136347658122,2.98969835823288,"{""state_class"": ""measurement"", ""unit_of_measurement"": ""KiB/s"", ""device_class"": ""data_rate"", ""friendly_name"": ""UPNP IGD Upload speed""}"
2025-07-19T20:13:38.293322,sensor.upnp_igd_packet_download_speed,59.867456917098,45.5659391305052,"{""state_class"": ""measurement"", ""unit_of_measurement"": ""packets/s"", ""friendly_name"": ""UPNP IGD Packet download speed""}"
2025-07-19T20:13:38.294991,sensor.upnp_igd_packet_upload_speed,19.566924950076,14.2997716803122,"{""state_class"": ""measurement"", ""unit_of_measurement"": ""packets/s"", ""friendly_name"": ""UPNP IGD Packet upload speed""}"
2025-07-19T20:13:41.702703,binary_sensor.human_presence_sensor_occupancy,off,on,"{""device_class"": ""occupancy"", ""friendly_name"": ""Presen\u00e7a Quarto  Occupancy""}"
2025-07-19T20:13:41.707465,automation.aut_lampada_quarto,on,on,"{""id"": ""1746067262247"", ""last_triggered"": ""2025-07-19T23:13:41.694407+00:00"", ""mode"": ""single"", ""current"": 1, ""friendly_name"": ""aut-quarto""}"
2025-07-19T20:13:41.943065,automation.aut_lampada_quarto,on,on,"{""id"": ""1746067262247"", ""last_triggered"": ""2025-07-19T23:13:41.694407+00:00"", ""mode"": ""single"", ""current"": 0, ""friendly_name"": ""aut-quarto""}"
2025-07-19T20:13:42.501445,light.lampada_quarto,off,on,"{""min_color_temp_kelvin"": 2000, ""max_color_temp_kelvin"": 6500, ""min_mireds"": 153, ""max_mireds"": 500, ""supported_color_modes"": [""color_temp"", ""hs""], ""color_mode"": ""color_temp"", ""brightness"": 255, ""color_temp_kelvin"": 2000, ""color_temp"": 500, ""hs_color"": [30.601, 94.547], ""rgb_color"": [255, 137, 14], ""xy_color"": [0.598, 0.383], ""friendly_name"": ""L\u00e2mpada quarto "", ""supported_features"": 0}"
2025-07-19T20:14:03.861638,binary_sensor.presenca_sala_motion,on,off,"{""device_class"": ""motion"", ""friendly_name"": ""Presen\u00e7a sala Motion""}"
2025-07-19T20:14:03.865208,automation.aut_sala,on,on,"{""id"": ""1746116908353"", ""last_triggered"": ""2025-07-19T23:14:03.851663+00:00"", ""mode"": ""single"", ""current"": 1, ""friendly_name"": ""aut-sala""}"
2025-07-19T20:14:04.081362,automation.aut_sala,on,on,"{""id"": ""1746116908353"", ""last_triggered"": ""2025-07-19T23:14:03.851663+00:00"", ""mode"": ""single"", ""current"": 0, ""friendly_name"": ""aut-sala""}"
2025-07-19T20:14:04.816588,switch.interruptor_sala_switch_1,on,off,"{""device_class"": ""outlet"", ""friendly_name"": ""Interruptor sala Switch 1""}"
2025-07-19T20:14:08.243454,sensor.upnp_igd_data_received,2900936688,2901324525,"{""state_class"": ""total_increasing"", ""unit_of_measurement"": ""B"", ""device_class"": ""data_size"", ""friendly_name"": ""UPNP IGD Data received""}"
2025-07-19T20:14:08.246350,sensor.upnp_igd_data_sent,985448377,985673293,"{""state_class"": ""total_increasing"", ""unit_of_measurement"": ""B"", ""device_class"": ""data_size"", ""friendly_name"": ""UPNP IGD Data sent""}"
2025-07-19T20:14:08.248461,sensor.upnp_igd_packets_received,7730019,7731867,"{""state_class"": ""total_increasing"", ""unit_of_measurement"": ""packets"", ""friendly_name"": ""UPNP IGD Packets received""}"
2025-07-19T20:14:08.250290,sensor.upnp_igd_packets_sent,3774009,3774952,"{""state_class"": ""total_increasing"", ""unit_of_measurement"": ""packets"", ""friendly_name"": ""UPNP IGD Packets sent""}"
2025-07-19T20:14:08.252137,sensor.upnp_igd_uptime,1752966744,1752966774,"{""unit_of_measurement"": ""s"", ""device_class"": ""duration"", ""friendly_name"": ""UPNP IGD Uptime""}"
2025-07-19T20:14:08.253911,sensor.upnp_igd_download_speed,3.82210694244249,12.6247197061383,"{""state_class"": ""measurement"", ""unit_of_measurement"": ""KiB/s"", ""device_class"": ""data_rate"", ""friendly_name"": ""UPNP IGD Download speed""}"
2025-07-19T20:14:08.255689,sensor.upnp_igd_upload_speed,2.98969835823288,7.32137845905829,"{""state_class"": ""measurement"", ""unit_of_measurement"": ""KiB/s"", ""device_class"": ""data_rate"", ""friendly_name"": ""UPNP IGD Upload speed""}"
2025-07-19T20:14:08.257438,sensor.upnp_igd_packet_download_speed,45.5659391305052,61.5991088662251,"{""state_class"": ""measurement"", ""unit_of_measurement"": ""packets/s"", ""friendly_name"": ""UPNP IGD Packet download speed""}"
2025-07-19T20:14:08.259078,sensor.upnp_igd_packet_upload_speed,14.2997716803122,31.4328786043562,"{""state_class"": ""measurement"", ""unit_of_measurement"": ""packets/s"", ""friendly_name"": ""UPNP IGD Packet upload speed""}"
2025-07-19T20:14:10.259777,automation.aut_status_bruno,on,on,"{""id"": ""1751855857509"", ""last_triggered"": ""2025-07-19T23:14:10.252528+00:00"", ""mode"": ""single"", ""current"": 1, ""friendly_name"": ""aut-status-bruno""}"
2025-07-19T20:14:10.263271,automation.aut_status_bruno,on,on,"{""id"": ""1751855857509"", ""last_triggered"": ""2025-07-19T23:14:10.252528+00:00"", ""mode"": ""single"", ""current"": 0, ""friendly_name"": ""aut-status-bruno""}"
2025-07-19T20:14:23.623176,binary_sensor.presenca_cozinha_motion,on,off,"{""device_class"": ""motion"", ""friendly_name"": ""Presen\u00e7a cozinha  Motion""}"
2025-07-19T20:14:23.625796,automation.automation_kitchen,on,on,"{""id"": ""1745695079735"", ""last_triggered"": ""2025-07-19T23:14:23.618155+00:00"", ""mode"": ""single"", ""current"": 1, ""friendly_name"": ""automation-kitchen""}"
2025-07-19T20:14:23.847284,automation.automation_kitchen,on,on,"{""id"": ""1745695079735"", ""last_triggered"": ""2025-07-19T23:14:23.618155+00:00"", ""mode"": ""single"", ""current"": 0, ""friendly_name"": ""automation-kitchen""}"
2025-07-19T20:14:24.527678,light.lampada_cozinha,on,off,"{""min_color_temp_kelvin"": 2000, ""max_color_temp_kelvin"": 6500, ""min_mireds"": 153, ""max_mireds"": 500, ""supported_color_modes"": [""color_temp"", ""hs""], ""color_mode"": null, ""brightness"": null, ""color_temp_kelvin"": null, ""color_temp"": null, ""hs_color"": null, ""rgb_color"": null, ""xy_color"": null, ""friendly_name"": ""L\u00e2mpada cozinha "", ""supported_features"": 0}"
2025-07-19T20:14:38.244538,sensor.upnp_igd_data_received,2901324525,2902153762,"{""state_class"": ""total_increasing"", ""unit_of_measurement"": ""B"", ""device_class"": ""data_size"", ""friendly_name"": ""UPNP IGD Data received""}"
2025-07-19T20:14:38.246367,sensor.upnp_igd_data_sent,985673293,985849201,"{""state_class"": ""total_increasing"", ""unit_of_measurement"": ""B"", ""device_class"": ""data_size"", ""friendly_name"": ""UPNP IGD Data sent""}"
2025-07-19T20:14:38.248293,sensor.upnp_igd_packets_received,7731867,7734053,"{""state_class"": ""total_increasing"", ""unit_of_measurement"": ""packets"", ""friendly_name"": ""UPNP IGD Packets received""}"
2025-07-19T20:14:38.249998,sensor.upnp_igd_packets_sent,3774952,3775871,"{""state_class"": ""total_increasing"", ""unit_of_measurement"": ""packets"", ""friendly_name"": ""UPNP IGD Packets sent""}"
2025-07-19T20:14:38.251745,sensor.upnp_igd_uptime,1752966774,1752966804,"{""unit_of_measurement"": ""s"", ""device_class"": ""duration"", ""friendly_name"": ""UPNP IGD Uptime""}"
2025-07-19T20:14:38.253474,sensor.upnp_igd_download_speed,12.6247197061383,26.9942035528035,"{""state_class"": ""measurement"", ""unit_of_measurement"": ""KiB/s"", ""device_class"": ""data_rate"", ""friendly_name"": ""UPNP IGD Download speed""}"
2025-07-19T20:14:38.255160,sensor.upnp_igd_upload_speed,7.32137845905829,5.72634404707768,"{""state_class"": ""measurement"", ""unit_of_measurement"": ""KiB/s"", ""device_class"": ""data_rate"", ""friendly_name"": ""UPNP IGD Upload speed""}"
2025-07-19T20:14:38.256882,sensor.upnp_igd_packet_download_speed,61.5991088662251,72.8688575903182,"{""state_class"": ""measurement"", ""unit_of_measurement"": ""packets/s"", ""friendly_name"": ""UPNP IGD Packet download speed""}"
2025-07-19T20:14:38.258538,sensor.upnp_igd_packet_upload_speed,31.4328786043562,30.6342544032491,"{""state_class"": ""measurement"", ""unit_of_measurement"": ""packets/s"", ""friendly_name"": ""UPNP IGD Packet upload speed""}"
2025-07-19T20:15:08.242822,sensor.upnp_igd_data_received,2902153762,2902260398,"{""state_class"": ""total_increasing"", ""unit_of_measurement"": ""B"", ""device_class"": ""data_size"", ""friendly_name"": ""UPNP IGD Data received""}"
2025-07-19T20:15:08.245947,sensor.upnp_igd_data_sent,985849201,985894098,"{""state_class"": ""total_increasing"", ""unit_of_measurement"": ""B"", ""device_class"": ""data_size"", ""friendly_name"": ""UPNP IGD Data sent""}"
2025-07-19T20:15:08.247919,sensor.upnp_igd_packets_received,7734053,7735371,"{""state_class"": ""total_increasing"", ""unit_of_measurement"": ""packets"", ""friendly_name"": ""UPNP IGD Packets received""}"
2025-07-19T20:15:08.249624,sensor.upnp_igd_packets_sent,3775871,3776285,"{""state_class"": ""total_increasing"", ""unit_of_measurement"": ""packets"", ""friendly_name"": ""UPNP IGD Packets sent""}"
2025-07-19T20:15:08.251277,sensor.upnp_igd_uptime,1752966804,1752966834,"{""unit_of_measurement"": ""s"", ""device_class"": ""duration"", ""friendly_name"": ""UPNP IGD Uptime""}"
2025-07-19T20:15:08.253016,sensor.upnp_igd_download_speed,26.9942035528035,3.47121551170892,"{""state_class"": ""measurement"", ""unit_of_measurement"": ""KiB/s"", ""device_class"": ""data_rate"", ""friendly_name"": ""UPNP IGD Download speed""}"
2025-07-19T20:15:08.254746,sensor.upnp_igd_upload_speed,5.72634404707768,1.46148732913083,"{""state_class"": ""measurement"", ""unit_of_measurement"": ""KiB/s"", ""device_class"": ""data_rate"", ""friendly_name"": ""UPNP IGD Upload speed""}"
2025-07-19T20:15:08.256486,sensor.upnp_igd_packet_download_speed,72.8688575903182,43.933226429149,"{""state_class"": ""measurement"", ""unit_of_measurement"": ""packets/s"", ""friendly_name"": ""UPNP IGD Packet download speed""}"
2025-07-19T20:15:08.258187,sensor.upnp_igd_packet_upload_speed,30.6342544032491,13.7999664200817,"{""state_class"": ""measurement"", ""unit_of_measurement"": ""packets/s"", ""friendly_name"": ""UPNP IGD Packet upload speed""}"
2025-07-19T20:15:10.260815,automation.aut_status_bruno,on,on,"{""id"": ""1751855857509"", ""last_triggered"": ""2025-07-19T23:15:10.253493+00:00"", ""mode"": ""single"", ""current"": 1, ""friendly_name"": ""aut-status-bruno""}"
2025-07-19T20:15:10.263652,automation.aut_status_bruno,on,on,"{""id"": ""1751855857509"", ""last_triggered"": ""2025-07-19T23:15:10.253493+00:00"", ""mode"": ""single"", ""current"": 0, ""friendly_name"": ""aut-status-bruno""}"
2025-07-19T20:15:22.129751,binary_sensor.presenca_sala_motion,off,on,"{""device_class"": ""motion"", ""friendly_name"": ""Presen\u00e7a sala Motion""}"
2025-07-19T20:15:22.132155,automation.aut_sala,on,on,"{""id"": ""1746116908353"", ""last_triggered"": ""2025-07-19T23:15:22.122141+00:00"", ""mode"": ""single"", ""current"": 1, ""friendly_name"": ""aut-sala""}"
2025-07-19T20:15:22.344478,automation.aut_sala,on,on,"{""id"": ""1746116908353"", ""last_triggered"": ""2025-07-19T23:15:22.122141+00:00"", ""mode"": ""single"", ""current"": 0, ""friendly_name"": ""aut-sala""}"
2025-07-19T20:15:22.894051,switch.interruptor_sala_switch_1,off,on,"{""device_class"": ""outlet"", ""friendly_name"": ""Interruptor sala Switch 1""}"
2025-07-19T20:15:27.054067,binary_sensor.presenca_cozinha_motion,off,on,"{""device_class"": ""motion"", ""friendly_name"": ""Presen\u00e7a cozinha  Motion""}"
2025-07-19T20:15:27.057584,automation.automation_kitchen,on,on,"{""id"": ""1745695079735"", ""last_triggered"": ""2025-07-19T23:15:27.050091+00:00"", ""mode"": ""single"", ""current"": 1, ""friendly_name"": ""automation-kitchen""}"
2025-07-19T20:15:27.272772,automation.automation_kitchen,on,on,"{""id"": ""1745695079735"", ""last_triggered"": ""2025-07-19T23:15:27.050091+00:00"", ""mode"": ""single"", ""current"": 0, ""friendly_name"": ""automation-kitchen""}"
2025-07-19T20:15:27.856569,light.lampada_cozinha,off,on,"{""min_color_temp_kelvin"": 2000, ""max_color_temp_kelvin"": 6500, ""min_mireds"": 153, ""max_mireds"": 500, ""supported_color_modes"": [""color_temp"", ""hs""], ""color_mode"": ""color_temp"", ""brightness"": 255, ""color_temp_kelvin"": 6535, ""color_temp"": 153, ""hs_color"": [54.768, 1.6], ""rgb_color"": [255, 255, 251], ""xy_color"": [0.325, 0.333], ""friendly_name"": ""L\u00e2mpada cozinha "", ""supported_features"": 0}"
2025-07-19T20:15:38.248005,sensor.upnp_igd_data_received,2902260398,2902564488,"{""state_class"": ""total_increasing"", ""unit_of_measurement"": ""B"", ""device_class"": ""data_size"", ""friendly_name"": ""UPNP IGD Data received""}"
2025-07-19T20:15:38.251435,sensor.upnp_igd_data_sent,985894098,986018096,"{""state_class"": ""total_increasing"", ""unit_of_measurement"": ""B"", ""device_class"": ""data_size"", ""friendly_name"": ""UPNP IGD Data sent""}"
2025-07-19T20:15:38.253063,sensor.upnp_igd_packets_received,7735371,7736936,"{""state_class"": ""total_increasing"", ""unit_of_measurement"": ""packets"", ""friendly_name"": ""UPNP IGD Packets received""}"
2025-07-19T20:15:38.256251,sensor.upnp_igd_packets_sent,3776285,3776910,"{""state_class"": ""total_increasing"", ""unit_of_measurement"": ""packets"", ""friendly_name"": ""UPNP IGD Packets sent""}"
2025-07-19T20:15:38.258355,sensor.upnp_igd_uptime,1752966834,1752966864,"{""unit_of_measurement"": ""s"", ""device_class"": ""duration"", ""friendly_name"": ""UPNP IGD Uptime""}"
2025-07-19T20:15:38.260705,sensor.upnp_igd_download_speed,3.47121551170892,9.89865446558936,"{""state_class"": ""measurement"", ""unit_of_measurement"": ""KiB/s"", ""device_class"": ""data_rate"", ""friendly_name"": ""UPNP IGD Download speed""}"
2025-07-19T20:15:38.262880,sensor.upnp_igd_upload_speed,1.46148732913083,4.03634896387303,"{""state_class"": ""measurement"", ""unit_of_measurement"": ""KiB/s"", ""device_class"": ""data_rate"", ""friendly_name"": ""UPNP IGD Upload speed""}"
2025-07-19T20:15:38.265084,sensor.upnp_igd_packet_download_speed,43.933226429149,52.1660945784961,"{""state_class"": ""measurement"", ""unit_of_measurement"": ""packets/s"", ""friendly_name"": ""UPNP IGD Packet download speed""}"
2025-07-19T20:15:38.267210,sensor.upnp_igd_packet_upload_speed,13.7999664200817,20.8331048636167,"{""state_class"": ""measurement"", ""unit_of_measurement"": ""packets/s"", ""friendly_name"": ""UPNP IGD Packet upload speed""}"
2025-07-19T20:15:51.064089,binary_sensor.presenca_sala_motion,on,off,"{""device_class"": ""motion"", ""friendly_name"": ""Presen\u00e7a sala Motion""}"
2025-07-19T20:15:51.068820,automation.aut_sala,on,on,"{""id"": ""1746116908353"", ""last_triggered"": ""2025-07-19T23:15:51.056607+00:00"", ""mode"": ""single"", ""current"": 1, ""friendly_name"": ""aut-sala""}"
2025-07-19T20:15:51.289419,automation.aut_sala,on,on,"{""id"": ""1746116908353"", ""last_triggered"": ""2025-07-19T23:15:51.056607+00:00"", ""mode"": ""single"", ""current"": 0, ""friendly_name"": ""aut-sala""}"
2025-07-19T20:15:51.827653,switch.interruptor_sala_switch_1,on,off,"{""device_class"": ""outlet"", ""friendly_name"": ""Interruptor sala Switch 1""}"
2025-07-19T20:16:02.777742,binary_sensor.tauntaum_cooler_door,off,on,"{""device_class"": ""door"", ""friendly_name"": ""Tauntaum Fridge door""}"
2025-07-19T20:16:02.793866,binary_sensor.tauntaum_door,off,on,"{""device_class"": ""door"", ""friendly_name"": ""Tauntaum Door""}"
2025-07-19T20:16:08.241955,sensor.upnp_igd_data_received,2902564488,2902678330,"{""state_class"": ""total_increasing"", ""unit_of_measurement"": ""B"", ""device_class"": ""data_size"", ""friendly_name"": ""UPNP IGD Data received""}"
2025-07-19T20:16:08.243687,sensor.upnp_igd_data_sent,986018096,986067815,"{""state_class"": ""total_increasing"", ""unit_of_measurement"": ""B"", ""device_class"": ""data_size"", ""friendly_name"": ""UPNP IGD Data sent""}"
2025-07-19T20:16:08.245174,sensor.upnp_igd_packets_received,7736936,7738307,"{""state_class"": ""total_increasing"", ""unit_of_measurement"": ""packets"", ""friendly_name"": ""UPNP IGD Packets received""}"
2025-07-19T20:16:08.246540,sensor.upnp_igd_packets_sent,3776910,3777342,"{""state_class"": ""total_increasing"", ""unit_of_measurement"": ""packets"", ""friendly_name"": ""UPNP IGD Packets sent""}"
2025-07-19T20:16:08.247915,sensor.upnp_igd_uptime,1752966864,1752966894,"{""unit_of_measurement"": ""s"", ""device_class"": ""duration"", ""friendly_name"": ""UPNP IGD Uptime""}"
2025-07-19T20:16:08.249315,sensor.upnp_igd_download_speed,9.89865446558936,3.70579254146348,"{""state_class"": ""measurement"", ""unit_of_measurement"": ""KiB/s"", ""device_class"": ""data_rate"", ""friendly_name"": ""UPNP IGD Download speed""}"
2025-07-19T20:16:08.250833,sensor.upnp_igd_upload_speed,4.03634896387303,1.6184562759704,"{""state_class"": ""measurement"", ""unit_of_measurement"": ""KiB/s"", ""device_class"": ""data_rate"", ""friendly_name"": ""UPNP IGD Upload speed""}"
2025-07-19T20:16:08.252330,sensor.upnp_igd_packet_download_speed,52.1660945784961,45.6999786733433,"{""state_class"": ""measurement"", ""unit_of_measurement"": ""packets/s"", ""friendly_name"": ""UPNP IGD Packet download speed""}"
2025-07-19T20:16:08.254083,sensor.upnp_igd_packet_upload_speed,20.8331048636167,14.3999932800031,"{""state_class"": ""measurement"", ""unit_of_measurement"": ""packets/s"", ""friendly_name"": ""UPNP IGD Packet upload speed""}"
2025-07-19T20:16:10.259876,automation.aut_status_bruno,on,on,"{""id"": ""1751855857509"", ""last_triggered"": ""2025-07-19T23:16:10.252574+00:00"", ""mode"": ""single"", ""current"": 1, ""friendly_name"": ""aut-status-bruno""}"
2025-07-19T20:16:10.261878,automation.aut_status_bruno,on,on,"{""id"": ""1751855857509"", ""last_triggered"": ""2025-07-19T23:16:10.252574+00:00"", ""mode"": ""single"", ""current"": 0, ""friendly_name"": ""aut-status-bruno""}"
2025-07-19T20:16:12.363632,binary_sensor.tauntaum_door,on,off,"{""device_class"": ""door"", ""friendly_name"": ""Tauntaum Door""}"
2025-07-19T20:16:12.391605,binary_sensor.tauntaum_cooler_door,on,off,"{""device_class"": ""door"", ""friendly_name"": ""Tauntaum Fridge door""}"
2025-07-19T20:16:26.032581,binary_sensor.human_presence_sensor_occupancy,on,off,"{""device_class"": ""occupancy"", ""friendly_name"": ""Presen\u00e7a Quarto  Occupancy""}"
2025-07-19T20:16:26.039814,automation.aut_lampada_quarto,on,on,"{""id"": ""1746067262247"", ""last_triggered"": ""2025-07-19T23:16:26.027306+00:00"", ""mode"": ""single"", ""current"": 1, ""friendly_name"": ""aut-quarto""}"
2025-07-19T20:16:26.042885,scene.automation_bedroom_fan_0,2025-07-19T21:42:36.666572+00:00,2025-07-19T23:16:26.030487+00:00,"{""friendly_name"": ""automation-bedroom-fan-0""}"
2025-07-19T20:16:26.667373,automation.aut_lampada_quarto,on,on,"{""id"": ""1746067262247"", ""last_triggered"": ""2025-07-19T23:16:26.027306+00:00"", ""mode"": ""single"", ""current"": 0, ""friendly_name"": ""aut-quarto""}"
2025-07-19T20:16:27.126764,light.lampada_quarto,on,off,"{""min_color_temp_kelvin"": 2000, ""max_color_temp_kelvin"": 6500, ""min_mireds"": 153, ""max_mireds"": 500, ""supported_color_modes"": [""color_temp"", ""hs""], ""color_mode"": null, ""brightness"": null, ""color_temp_kelvin"": null, ""color_temp"": null, ""hs_color"": null, ""rgb_color"": null, ""xy_color"": null, ""friendly_name"": ""L\u00e2mpada quarto "", ""supported_features"": 0}"
2025-07-19T20:16:38.239073,sensor.upnp_igd_data_received,2902678330,2902825271,"{""state_class"": ""total_increasing"", ""unit_of_measurement"": ""B"", ""device_class"": ""data_size"", ""friendly_name"": ""UPNP IGD Data received""}"
2025-07-19T20:16:38.242171,sensor.upnp_igd_data_sent,986067815,986175768,"{""state_class"": ""total_increasing"", ""unit_of_measurement"": ""B"", ""device_class"": ""data_size"", ""friendly_name"": ""UPNP IGD Data sent""}"
2025-07-19T20:16:38.243888,sensor.upnp_igd_packets_received,7738307,7739760,"{""state_class"": ""total_increasing"", ""unit_of_measurement"": ""packets"", ""friendly_name"": ""UPNP IGD Packets received""}"
2025-07-19T20:16:38.245175,sensor.upnp_igd_packets_sent,3777342,3777913,"{""state_class"": ""total_increasing"", ""unit_of_measurement"": ""packets"", ""friendly_name"": ""UPNP IGD Packets sent""}"
2025-07-19T20:16:38.246308,sensor.upnp_igd_uptime,1752966894,1752966924,"{""unit_of_measurement"": ""s"", ""device_class"": ""duration"", ""friendly_name"": ""UPNP IGD Uptime""}"
2025-07-19T20:16:38.248527,sensor.upnp_igd_download_speed,3.70579254146348,4.78324731631847,"{""state_class"": ""measurement"", ""unit_of_measurement"": ""KiB/s"", ""device_class"": ""data_rate"", ""friendly_name"": ""UPNP IGD Download speed""}"
2025-07-19T20:16:38.250729,sensor.upnp_igd_upload_speed,1.6184562759704,3.51410360306877,"{""state_class"": ""measurement"", ""unit_of_measurement"": ""KiB/s"", ""device_class"": ""data_rate"", ""friendly_name"": ""UPNP IGD Upload speed""}"
2025-07-19T20:16:38.252592,sensor.upnp_igd_packet_download_speed,45.6999786733433,48.4334511880646,"{""state_class"": ""measurement"", ""unit_of_measurement"": ""packets/s"", ""friendly_name"": ""UPNP IGD Packet download speed""}"
2025-07-19T20:16:38.254326,sensor.upnp_igd_packet_upload_speed,14.3999932800031,19.0333796478905,"{""state_class"": ""measurement"", ""unit_of_measurement"": ""packets/s"", ""friendly_name"": ""UPNP IGD Packet upload speed""}"
2025-07-19T20:17:08.238153,sensor.upnp_igd_data_received,2902825271,2902970602,"{""state_class"": ""total_increasing"", ""unit_of_measurement"": ""B"", ""device_class"": ""data_size"", ""friendly_name"": ""UPNP IGD Data received""}"
2025-07-19T20:17:08.241611,sensor.upnp_igd_data_sent,986175768,986241829,"{""state_class"": ""total_increasing"", ""unit_of_measurement"": ""B"", ""device_class"": ""data_size"", ""friendly_name"": ""UPNP IGD Data sent""}"
2025-07-19T20:17:08.243080,sensor.upnp_igd_packets_received,7739760,7741108,"{""state_class"": ""total_increasing"", ""unit_of_measurement"": ""packets"", ""friendly_name"": ""UPNP IGD Packets received""}"
2025-07-19T20:17:08.244538,sensor.upnp_igd_packets_sent,3777913,3778333,"{""state_class"": ""total_increasing"", ""unit_of_measurement"": ""packets"", ""friendly_name"": ""UPNP IGD Packets sent""}"
2025-07-19T20:17:08.245890,sensor.upnp_igd_uptime,1752966924,1752966954,"{""unit_of_measurement"": ""s"", ""device_class"": ""duration"", ""friendly_name"": ""UPNP IGD Uptime""}"
2025-07-19T20:17:08.247268,sensor.upnp_igd_download_speed,4.78324731631847,4.73081657281409,"{""state_class"": ""measurement"", ""unit_of_measurement"": ""KiB/s"", ""device_class"": ""data_rate"", ""friendly_name"": ""UPNP IGD Download speed""}"
2025-07-19T20:17:08.248796,sensor.upnp_igd_upload_speed,3.51410360306877,2.15041851784321,"{""state_class"": ""measurement"", ""unit_of_measurement"": ""KiB/s"", ""device_class"": ""data_rate"", ""friendly_name"": ""UPNP IGD Upload speed""}"
2025-07-19T20:17:08.250268,sensor.upnp_igd_packet_download_speed,48.4334511880646,44.9332359779887,"{""state_class"": ""measurement"", ""unit_of_measurement"": ""packets/s"", ""friendly_name"": ""UPNP IGD Packet download speed""}"
2025-07-19T20:17:08.251829,sensor.upnp_igd_packet_upload_speed,19.0333796478905,13.9999696667324,"{""state_class"": ""measurement"", ""unit_of_measurement"": ""packets/s"", ""friendly_name"": ""UPNP IGD Packet upload speed""}"
2025-07-19T20:17:10.263001,automation.aut_status_bruno,on,on,"{""id"": ""1751855857509"", ""last_triggered"": ""2025-07-19T23:17:10.252356+00:00"", ""mode"": ""single"", ""current"": 1, ""friendly_name"": ""aut-status-bruno""}"
2025-07-19T20:17:10.265245,automation.aut_status_bruno,on,on,"{""id"": ""1751855857509"", ""last_triggered"": ""2025-07-19T23:17:10.252356+00:00"", ""mode"": ""single"", ""current"": 0, ""friendly_name"": ""aut-status-bruno""}"
2025-07-19T20:17:38.242954,sensor.upnp_igd_data_received,2902970602,2903127566,"{""state_class"": ""total_increasing"", ""unit_of_measurement"": ""B"", ""device_class"": ""data_size"", ""friendly_name"": ""UPNP IGD Data received""}"
2025-07-19T20:17:38.246228,sensor.upnp_igd_data_sent,986241829,986332095,"{""state_class"": ""total_increasing"", ""unit_of_measurement"": ""B"", ""device_class"": ""data_size"", ""friendly_name"": ""UPNP IGD Data sent""}"
2025-07-19T20:17:38.248282,sensor.upnp_igd_packets_received,7741108,7742563,"{""state_class"": ""total_increasing"", ""unit_of_measurement"": ""packets"", ""friendly_name"": ""UPNP IGD Packets received""}"
2025-07-19T20:17:38.250166,sensor.upnp_igd_packets_sent,3778333,3778852,"{""state_class"": ""total_increasing"", ""unit_of_measurement"": ""packets"", ""friendly_name"": ""UPNP IGD Packets sent""}"
2025-07-19T20:17:38.253063,sensor.upnp_igd_uptime,1752966954,1752966984,"{""unit_of_measurement"": ""s"", ""device_class"": ""duration"", ""friendly_name"": ""UPNP IGD Uptime""}"
2025-07-19T20:17:38.256374,sensor.upnp_igd_download_speed,4.73081657281409,5.10948272660934,"{""state_class"": ""measurement"", ""unit_of_measurement"": ""KiB/s"", ""device_class"": ""data_rate"", ""friendly_name"": ""UPNP IGD Download speed""}"
2025-07-19T20:17:38.258904,sensor.upnp_igd_upload_speed,2.15041851784321,2.93833342549959,"{""state_class"": ""measurement"", ""unit_of_measurement"": ""KiB/s"", ""device_class"": ""data_rate"", ""friendly_name"": ""UPNP IGD Upload speed""}"
2025-07-19T20:17:38.260794,sensor.upnp_igd_packet_download_speed,44.9332359779887,48.499786600939,"{""state_class"": ""measurement"", ""unit_of_measurement"": ""packets/s"", ""friendly_name"": ""UPNP IGD Packet download speed""}"
2025-07-19T20:17:38.262302,sensor.upnp_igd_packet_upload_speed,13.9999696667324,17.2999238803349,"{""state_class"": ""measurement"", ""unit_of_measurement"": ""packets/s"", ""friendly_name"": ""UPNP IGD Packet upload speed""}"
2025-07-19T20:17:51.232345,camera.192_168_0_33,idle,idle,"{""access_token"": ""3fbbf9a082f13e13769b39fc5587b624549ee92bac7758563046961ba9c74c0c"", ""entity_picture"": ""/api/camera_proxy/camera.192_168_0_33?token=3fbbf9a082f13e13769b39fc5587b624549ee92bac7758563046961ba9c74c0c"", ""friendly_name"": ""192_168_0_14"", ""supported_features"": 2}"
2025-07-19T20:17:51.234087,camera.admin_mainstream,idle,idle,"{""access_token"": ""2c6b5370b0f58a2eedbd2a0946d58e72d77e4d438b6f88e89725f48ca04c3839"", ""entity_picture"": ""/api/camera_proxy/camera.admin_mainstream?token=2c6b5370b0f58a2eedbd2a0946d58e72d77e4d438b6f88e89725f48ca04c3839"", ""friendly_name"": ""admin MainStream"", ""supported_features"": 2}"
2025-07-19T20:17:51.235796,camera.admin_substream,idle,idle,"{""access_token"": ""cf3ed3131049629a5da692562fb8fe8163890e9d84794335b43f028901e86d6e"", ""entity_picture"": ""/api/camera_proxy/camera.admin_substream?token=cf3ed3131049629a5da692562fb8fe8163890e9d84794335b43f028901e86d6e"", ""friendly_name"": ""admin SubStream"", ""supported_features"": 2}"
2025-07-19T20:18:08.239277,sensor.upnp_igd_data_received,2903127566,2903748238,"{""state_class"": ""total_increasing"", ""unit_of_measurement"": ""B"", ""device_class"": ""data_size"", ""friendly_name"": ""UPNP IGD Data received""}"
2025-07-19T20:18:08.241778,sensor.upnp_igd_data_sent,986332095,986381996,"{""state_class"": ""total_increasing"", ""unit_of_measurement"": ""B"", ""device_class"": ""data_size"", ""friendly_name"": ""UPNP IGD Data sent""}"
2025-07-19T20:18:08.243285,sensor.upnp_igd_packets_received,7742563,7744207,"{""state_class"": ""total_increasing"", ""unit_of_measurement"": ""packets"", ""friendly_name"": ""UPNP IGD Packets received""}"
2025-07-19T20:18:08.244737,sensor.upnp_igd_packets_sent,3778852,3779308,"{""state_class"": ""total_increasing"", ""unit_of_measurement"": ""packets"", ""friendly_name"": ""UPNP IGD Packets sent""}"
2025-07-19T20:18:08.246113,sensor.upnp_igd_uptime,1752966984,1752967014,"{""unit_of_measurement"": ""s"", ""device_class"": ""duration"", ""friendly_name"": ""UPNP IGD Uptime""}"
2025-07-19T20:18:08.247699,sensor.upnp_igd_download_speed,5.10948272660934,20.2046751509913,"{""state_class"": ""measurement"", ""unit_of_measurement"": ""KiB/s"", ""device_class"": ""data_rate"", ""friendly_name"": ""UPNP IGD Download speed""}"
2025-07-19T20:18:08.249562,sensor.upnp_igd_upload_speed,2.93833342549959,1.62442239171352,"{""state_class"": ""measurement"", ""unit_of_measurement"": ""KiB/s"", ""device_class"": ""data_rate"", ""friendly_name"": ""UPNP IGD Upload speed""}"
2025-07-19T20:18:08.251131,sensor.upnp_igd_packet_download_speed,48.499786600939,54.8013791680424,"{""state_class"": ""measurement"", ""unit_of_measurement"": ""packets/s"", ""friendly_name"": ""UPNP IGD Packet download speed""}"
2025-07-19T20:18:08.252943,sensor.upnp_igd_packet_upload_speed,17.2999238803349,15.2003825429607,"{""state_class"": ""measurement"", ""unit_of_measurement"": ""packets/s"", ""friendly_name"": ""UPNP IGD Packet upload speed""}"
2025-07-19T20:18:10.260618,automation.aut_status_bruno,on,on,"{""id"": ""1751855857509"", ""last_triggered"": ""2025-07-19T23:18:10.253324+00:00"", ""mode"": ""single"", ""current"": 1, ""friendly_name"": ""aut-status-bruno""}"
2025-07-19T20:18:10.262657,automation.aut_status_bruno,on,on,"{""id"": ""1751855857509"", ""last_triggered"": ""2025-07-19T23:18:10.253324+00:00"", ""mode"": ""single"", ""current"": 0, ""friendly_name"": ""aut-status-bruno""}"
2025-07-19T20:18:38.238215,sensor.upnp_igd_data_received,2903748238,2903878972,"{""state_class"": ""total_increasing"", ""unit_of_measurement"": ""B"", ""device_class"": ""data_size"", ""friendly_name"": ""UPNP IGD Data received""}"
2025-07-19T20:18:38.240779,sensor.upnp_igd_data_sent,986381996,986459562,"{""state_class"": ""total_increasing"", ""unit_of_measurement"": ""B"", ""device_class"": ""data_size"", ""friendly_name"": ""UPNP IGD Data sent""}"
2025-07-19T20:18:38.242249,sensor.upnp_igd_packets_received,7744207,7745506,"{""state_class"": ""total_increasing"", ""unit_of_measurement"": ""packets"", ""friendly_name"": ""UPNP IGD Packets received""}"
2025-07-19T20:18:38.243685,sensor.upnp_igd_packets_sent,3779308,3779686,"{""state_class"": ""total_increasing"", ""unit_of_measurement"": ""packets"", ""friendly_name"": ""UPNP IGD Packets sent""}"
2025-07-19T20:18:38.245082,sensor.upnp_igd_uptime,1752967014,1752967044,"{""unit_of_measurement"": ""s"", ""device_class"": ""duration"", ""friendly_name"": ""UPNP IGD Uptime""}"
2025-07-19T20:18:38.246545,sensor.upnp_igd_download_speed,20.2046751509913,4.25558278086889,"{""state_class"": ""measurement"", ""unit_of_measurement"": ""KiB/s"", ""device_class"": ""data_rate"", ""friendly_name"": ""UPNP IGD Download speed""}"
2025-07-19T20:18:38.248001,sensor.upnp_igd_upload_speed,1.62442239171352,2.52488667049793,"{""state_class"": ""measurement"", ""unit_of_measurement"": ""KiB/s"", ""device_class"": ""data_rate"", ""friendly_name"": ""UPNP IGD Upload speed""}"
2025-07-19T20:18:38.249424,sensor.upnp_igd_packet_download_speed,54.8013791680424,43.299172985796,"{""state_class"": ""measurement"", ""unit_of_measurement"": ""packets/s"", ""friendly_name"": ""UPNP IGD Packet download speed""}"
2025-07-19T20:18:38.250877,sensor.upnp_igd_packet_upload_speed,15.2003825429607,12.5997593445965,"{""state_class"": ""measurement"", ""unit_of_measurement"": ""packets/s"", ""friendly_name"": ""UPNP IGD Packet upload speed""}"
2025-07-19T20:18:52.532135,sun.sun,below_horizon,below_horizon,"{""next_dawn"": ""2025-07-20T08:33:51.151304+00:00"", ""next_dusk"": ""2025-07-20T20:47:13.005418+00:00"", ""next_midnight"": ""2025-07-20T02:40:29+00:00"", ""next_noon"": ""2025-07-20T14:40:27+00:00"", ""next_rising"": ""2025-07-20T08:56:54.429420+00:00"", ""next_setting"": ""2025-07-20T20:24:10.176365+00:00"", ""elevation"": -41.34, ""azimuth"": 286.2, ""rising"": false, ""friendly_name"": ""Sun""}"
2025-07-19T20:19:08.238033,sensor.upnp_igd_data_received,2903878972,2903973199,"{""state_class"": ""total_increasing"", ""unit_of_measurement"": ""B"", ""device_class"": ""data_size"", ""friendly_name"": ""UPNP IGD Data received""}"
2025-07-19T20:19:08.240685,sensor.upnp_igd_data_sent,986459562,986504789,"{""state_class"": ""total_increasing"", ""unit_of_measurement"": ""B"", ""device_class"": ""data_size"", ""friendly_name"": ""UPNP IGD Data sent""}"
2025-07-19T20:19:08.242144,sensor.upnp_igd_packets_received,7745506,7746749,"{""state_class"": ""total_increasing"", ""unit_of_measurement"": ""packets"", ""friendly_name"": ""UPNP IGD Packets received""}"
2025-07-19T20:19:08.243552,sensor.upnp_igd_packets_sent,3779686,3780023,"{""state_class"": ""total_increasing"", ""unit_of_measurement"": ""packets"", ""friendly_name"": ""UPNP IGD Packets sent""}"
2025-07-19T20:19:08.244926,sensor.upnp_igd_uptime,1752967044,1752967074,"{""unit_of_measurement"": ""s"", ""device_class"": ""duration"", ""friendly_name"": ""UPNP IGD Uptime""}"
2025-07-19T20:19:08.246315,sensor.upnp_igd_download_speed,4.25558278086889,3.06729292672541,"{""state_class"": ""measurement"", ""unit_of_measurement"": ""KiB/s"", ""device_class"": ""data_rate"", ""friendly_name"": ""UPNP IGD Download speed""}"
2025-07-19T20:19:08.247789,sensor.upnp_igd_upload_speed,2.52488667049793,1.47223680258323,"{""state_class"": ""measurement"", ""unit_of_measurement"": ""KiB/s"", ""device_class"": ""data_rate"", ""friendly_name"": ""UPNP IGD Upload speed""}"
2025-07-19T20:19:08.249255,sensor.upnp_igd_packet_download_speed,43.299172985796,41.4334382980437,"{""state_class"": ""measurement"", ""unit_of_measurement"": ""packets/s"", ""friendly_name"": ""UPNP IGD Packet download speed""}"
2025-07-19T20:19:08.250646,sensor.upnp_igd_packet_upload_speed,12.5997593445965,11.2333617911832,"{""state_class"": ""measurement"", ""unit_of_measurement"": ""packets/s"", ""friendly_name"": ""UPNP IGD Packet upload speed""}"
2025-07-19T20:19:08.844176,binary_sensor.tauntaum_door,off,on,"{""device_class"": ""door"", ""friendly_name"": ""Tauntaum Door""}"
2025-07-19T20:19:08.884746,binary_sensor.tauntaum_cooler_door,off,on,"{""device_class"": ""door"", ""friendly_name"": ""Tauntaum Fridge door""}"
2025-07-19T20:19:10.263425,automation.aut_status_bruno,on,on,"{""id"": ""1751855857509"", ""last_triggered"": ""2025-07-19T23:19:10.252918+00:00"", ""mode"": ""single"", ""current"": 1, ""friendly_name"": ""aut-status-bruno""}"
2025-07-19T20:19:10.265802,automation.aut_status_bruno,on,on,"{""id"": ""1751855857509"", ""last_triggered"": ""2025-07-19T23:19:10.252918+00:00"", ""mode"": ""single"", ""current"": 0, ""friendly_name"": ""aut-status-bruno""}"
2025-07-19T20:19:22.649141,binary_sensor.tauntaum_door,on,off,"{""device_class"": ""door"", ""friendly_name"": ""Tauntaum Door""}"
2025-07-19T20:19:22.670651,binary_sensor.tauntaum_cooler_door,on,off,"{""device_class"": ""door"", ""friendly_name"": ""Tauntaum Fridge door""}"
2025-07-19T20:19:38.239200,sensor.upnp_igd_data_received,2903973199,2904071221,"{""state_class"": ""total_increasing"", ""unit_of_measurement"": ""B"", ""device_class"": ""data_size"", ""friendly_name"": ""UPNP IGD Data received""}"
2025-07-19T20:19:38.241929,sensor.upnp_igd_data_sent,986504789,986594421,"{""state_class"": ""total_increasing"", ""unit_of_measurement"": ""B"", ""device_class"": ""data_size"", ""friendly_name"": ""UPNP IGD Data sent""}"
2025-07-19T20:19:38.243904,sensor.upnp_igd_packets_received,7746749,7748045,"{""state_class"": ""total_increasing"", ""unit_of_measurement"": ""packets"", ""friendly_name"": ""UPNP IGD Packets received""}"
2025-07-19T20:19:38.245366,sensor.upnp_igd_packets_sent,3780023,3780427,"{""state_class"": ""total_increasing"", ""unit_of_measurement"": ""packets"", ""friendly_name"": ""UPNP IGD Packets sent""}"
2025-07-19T20:19:38.246662,sensor.upnp_igd_uptime,1752967074,1752967104,"{""unit_of_measurement"": ""s"", ""device_class"": ""duration"", ""friendly_name"": ""UPNP IGD Uptime""}"
2025-07-19T20:19:38.248130,sensor.upnp_igd_download_speed,3.06729292672541,3.19072086836627,"{""state_class"": ""measurement"", ""unit_of_measurement"": ""KiB/s"", ""device_class"": ""data_rate"", ""friendly_name"": ""UPNP IGD Download speed""}"
2025-07-19T20:19:38.249592,sensor.upnp_igd_upload_speed,1.47223680258323,2.91761740092434,"{""state_class"": ""measurement"", ""unit_of_measurement"": ""KiB/s"", ""device_class"": ""data_rate"", ""friendly_name"": ""UPNP IGD Upload speed""}"
2025-07-19T20:19:38.250985,sensor.upnp_igd_packet_download_speed,41.4334382980437,43.1986536419615,"{""state_class"": ""measurement"", ""unit_of_measurement"": ""packets/s"", ""friendly_name"": ""UPNP IGD Packet download speed""}"
2025-07-19T20:19:38.252411,sensor.upnp_igd_packet_upload_speed,11.2333617911832,13.4662469686361,"{""state_class"": ""measurement"", ""unit_of_measurement"": ""packets/s"", ""friendly_name"": ""UPNP IGD Packet upload speed""}"
2025-07-19T20:20:08.238809,sensor.upnp_igd_data_received,2904071221,2904589024,"{""state_class"": ""total_increasing"", ""unit_of_measurement"": ""B"", ""device_class"": ""data_size"", ""friendly_name"": ""UPNP IGD Data received""}"
2025-07-19T20:20:08.241689,sensor.upnp_igd_data_sent,986594421,986924328,"{""state_class"": ""total_increasing"", ""unit_of_measurement"": ""B"", ""device_class"": ""data_size"", ""friendly_name"": ""UPNP IGD Data sent""}"
2025-07-19T20:20:08.243353,sensor.upnp_igd_packets_received,7748045,7750040,"{""state_class"": ""total_increasing"", ""unit_of_measurement"": ""packets"", ""friendly_name"": ""UPNP IGD Packets received""}"
2025-07-19T20:20:08.244811,sensor.upnp_igd_packets_sent,3780427,3781750,"{""state_class"": ""total_increasing"", ""unit_of_measurement"": ""packets"", ""friendly_name"": ""UPNP IGD Packets sent""}"
2025-07-19T20:20:08.246489,sensor.upnp_igd_uptime,1752967104,1752967134,"{""unit_of_measurement"": ""s"", ""device_class"": ""duration"", ""friendly_name"": ""UPNP IGD Uptime""}"
2025-07-19T20:20:08.248243,sensor.upnp_igd_download_speed,3.19072086836627,16.8558788018705,"{""state_class"": ""measurement"", ""unit_of_measurement"": ""KiB/s"", ""device_class"": ""data_rate"", ""friendly_name"": ""UPNP IGD Download speed""}"
2025-07-19T20:20:08.249734,sensor.upnp_igd_upload_speed,2.91761740092434,10.7393591923737,"{""state_class"": ""measurement"", ""unit_of_measurement"": ""KiB/s"", ""device_class"": ""data_rate"", ""friendly_name"": ""UPNP IGD Upload speed""}"
2025-07-19T20:20:08.251147,sensor.upnp_igd_packet_download_speed,43.1986536419615,66.5012324895088,"{""state_class"": ""measurement"", ""unit_of_measurement"": ""packets/s"", ""friendly_name"": ""UPNP IGD Packet download speed""}"
2025-07-19T20:20:08.252587,sensor.upnp_igd_packet_upload_speed,13.4662469686361,44.1008173351479,"{""state_class"": ""measurement"", ""unit_of_measurement"": ""packets/s"", ""friendly_name"": ""UPNP IGD Packet upload speed""}"
2025-07-19T20:20:10.258954,automation.aut_status_bruno,on,on,"{""id"": ""1751855857509"", ""last_triggered"": ""2025-07-19T23:20:10.252363+00:00"", ""mode"": ""single"", ""current"": 1, ""friendly_name"": ""aut-status-bruno""}"
2025-07-19T20:20:10.261315,automation.aut_status_bruno,on,on,"{""id"": ""1751855857509"", ""last_triggered"": ""2025-07-19T23:20:10.252363+00:00"", ""mode"": ""single"", ""current"": 0, ""friendly_name"": ""aut-status-bruno""}"
2025-07-19T20:20:38.240584,sensor.upnp_igd_data_received,2904589024,2904734175,"{""state_class"": ""total_increasing"", ""unit_of_measurement"": ""B"", ""device_class"": ""data_size"", ""friendly_name"": ""UPNP IGD Data received""}"
2025-07-19T20:20:38.243734,sensor.upnp_igd_data_sent,986924328,986996074,"{""state_class"": ""total_increasing"", ""unit_of_measurement"": ""B"", ""device_class"": ""data_size"", ""friendly_name"": ""UPNP IGD Data sent""}"
2025-07-19T20:20:38.245172,sensor.upnp_igd_packets_received,7750040,7751420,"{""state_class"": ""total_increasing"", ""unit_of_measurement"": ""packets"", ""friendly_name"": ""UPNP IGD Packets received""}"
2025-07-19T20:20:38.252952,sensor.upnp_igd_packets_sent,3781750,3782215,"{""state_class"": ""total_increasing"", ""unit_of_measurement"": ""packets"", ""friendly_name"": ""UPNP IGD Packets sent""}"
2025-07-19T20:20:38.254436,sensor.upnp_igd_uptime,1752967134,1752967164,"{""unit_of_measurement"": ""s"", ""device_class"": ""duration"", ""friendly_name"": ""UPNP IGD Uptime""}"
2025-07-19T20:20:38.255966,sensor.upnp_igd_download_speed,16.8558788018705,4.72506620180028,"{""state_class"": ""measurement"", ""unit_of_measurement"": ""KiB/s"", ""device_class"": ""data_rate"", ""friendly_name"": ""UPNP IGD Download speed""}"
2025-07-19T20:20:38.257432,sensor.upnp_igd_upload_speed,10.7393591923737,2.33553058342253,"{""state_class"": ""measurement"", ""unit_of_measurement"": ""KiB/s"", ""device_class"": ""data_rate"", ""friendly_name"": ""UPNP IGD Upload speed""}"
2025-07-19T20:20:38.259964,sensor.upnp_igd_packet_download_speed,66.5012324895088,46.0009614200937,"{""state_class"": ""measurement"", ""unit_of_measurement"": ""packets/s"", ""friendly_name"": ""UPNP IGD Packet download speed""}"
2025-07-19T20:20:38.261710,sensor.upnp_igd_packet_upload_speed,44.1008173351479,15.5003239567707,"{""state_class"": ""measurement"", ""unit_of_measurement"": ""packets/s"", ""friendly_name"": ""UPNP IGD Packet upload speed""}"
2025-07-19T20:20:49.568908,binary_sensor.tauntaum_door,off,on,"{""device_class"": ""door"", ""friendly_name"": ""Tauntaum Door""}"
2025-07-19T20:20:49.598333,binary_sensor.tauntaum_cooler_door,off,on,"{""device_class"": ""door"", ""friendly_name"": ""Tauntaum Fridge door""}"
2025-07-19T20:20:52.342485,binary_sensor.presenca_sala_motion,off,on,"{""device_class"": ""motion"", ""friendly_name"": ""Presen\u00e7a sala Motion""}"
2025-07-19T20:20:52.346741,automation.aut_sala,on,on,"{""id"": ""1746116908353"", ""last_triggered"": ""2025-07-19T23:20:52.337948+00:00"", ""mode"": ""single"", ""current"": 1, ""friendly_name"": ""aut-sala""}"
2025-07-19T20:20:52.946846,automation.aut_sala,on,on,"{""id"": ""1746116908353"", ""last_triggered"": ""2025-07-19T23:20:52.337948+00:00"", ""mode"": ""single"", ""current"": 0, ""friendly_name"": ""aut-sala""}"
2025-07-19T20:20:53.560680,switch.interruptor_sala_switch_1,off,on,"{""device_class"": ""outlet"", ""friendly_name"": ""Interruptor sala Switch 1""}"
2025-07-19T20:20:55.310801,binary_sensor.tauntaum_cooler_door,on,off,"{""device_class"": ""door"", ""friendly_name"": ""Tauntaum Fridge door""}"
2025-07-19T20:20:55.331694,binary_sensor.tauntaum_door,on,off,"{""device_class"": ""door"", ""friendly_name"": ""Tauntaum Door""}"
2025-07-19T20:21:08.259504,sensor.upnp_igd_data_received,2904734175,2904831467,"{""state_class"": ""total_increasing"", ""unit_of_measurement"": ""B"", ""device_class"": ""data_size"", ""friendly_name"": ""UPNP IGD Data received""}"
2025-07-19T20:21:08.262292,sensor.upnp_igd_data_sent,986996074,987036951,"{""state_class"": ""total_increasing"", ""unit_of_measurement"": ""B"", ""device_class"": ""data_size"", ""friendly_name"": ""UPNP IGD Data sent""}"
2025-07-19T20:21:08.263814,sensor.upnp_igd_packets_received,7751420,7752711,"{""state_class"": ""total_increasing"", ""unit_of_measurement"": ""packets"", ""friendly_name"": ""UPNP IGD Packets received""}"
2025-07-19T20:21:08.265212,sensor.upnp_igd_packets_sent,3782215,3782608,"{""state_class"": ""total_increasing"", ""unit_of_measurement"": ""packets"", ""friendly_name"": ""UPNP IGD Packets sent""}"
2025-07-19T20:21:08.266553,sensor.upnp_igd_uptime,1752967164,1752967194,"{""unit_of_measurement"": ""s"", ""device_class"": ""duration"", ""friendly_name"": ""UPNP IGD Uptime""}"
2025-07-19T20:21:08.267998,sensor.upnp_igd_download_speed,4.72506620180028,3.16702899954094,"{""state_class"": ""measurement"", ""unit_of_measurement"": ""KiB/s"", ""device_class"": ""data_rate"", ""friendly_name"": ""UPNP IGD Download speed""}"
2025-07-19T20:21:08.269396,sensor.upnp_igd_upload_speed,2.33553058342253,1.33061962354803,"{""state_class"": ""measurement"", ""unit_of_measurement"": ""KiB/s"", ""device_class"": ""data_rate"", ""friendly_name"": ""UPNP IGD Upload speed""}"
2025-07-19T20:21:08.270802,sensor.upnp_igd_packet_download_speed,46.0009614200937,43.0329489056564,"{""state_class"": ""measurement"", ""unit_of_measurement"": ""packets/s"", ""friendly_name"": ""UPNP IGD Packet download speed""}"
2025-07-19T20:21:08.272241,sensor.upnp_igd_packet_upload_speed,15.5003239567707,13.0998829743788,"{""state_class"": ""measurement"", ""unit_of_measurement"": ""packets/s"", ""friendly_name"": ""UPNP IGD Packet upload speed""}"
2025-07-19T20:21:10.261090,automation.aut_status_bruno,on,on,"{""id"": ""1751855857509"", ""last_triggered"": ""2025-07-19T23:21:10.253102+00:00"", ""mode"": ""single"", ""current"": 1, ""friendly_name"": ""aut-status-bruno""}"
2025-07-19T20:21:10.263346,automation.aut_status_bruno,on,on,"{""id"": ""1751855857509"", ""last_triggered"": ""2025-07-19T23:21:10.253102+00:00"", ""mode"": ""single"", ""current"": 0, ""friendly_name"": ""aut-status-bruno""}"
2025-07-19T20:21:32.267709,binary_sensor.presenca_sala_motion,on,off,"{""device_class"": ""motion"", ""friendly_name"": ""Presen\u00e7a sala Motion""}"
2025-07-19T20:21:32.277475,automation.aut_sala,on,on,"{""id"": ""1746116908353"", ""last_triggered"": ""2025-07-19T23:21:32.261687+00:00"", ""mode"": ""single"", ""current"": 1, ""friendly_name"": ""aut-sala""}"
2025-07-19T20:21:32.513689,automation.aut_sala,on,on,"{""id"": ""1746116908353"", ""last_triggered"": ""2025-07-19T23:21:32.261687+00:00"", ""mode"": ""single"", ""current"": 0, ""friendly_name"": ""aut-sala""}"
2025-07-19T20:21:33.074417,switch.interruptor_sala_switch_1,on,off,"{""device_class"": ""outlet"", ""friendly_name"": ""Interruptor sala Switch 1""}"
2025-07-19T20:21:35.863181,binary_sensor.tauntaum_cooler_door,off,on,"{""device_class"": ""door"", ""friendly_name"": ""Tauntaum Fridge door""}"
2025-07-19T20:21:35.885054,binary_sensor.tauntaum_door,off,on,"{""device_class"": ""door"", ""friendly_name"": ""Tauntaum Door""}"
2025-07-19T20:21:38.206876,binary_sensor.tauntaum_door,on,off,"{""device_class"": ""door"", ""friendly_name"": ""Tauntaum Door""}"
2025-07-19T20:21:38.232560,binary_sensor.tauntaum_cooler_door,on,off,"{""device_class"": ""door"", ""friendly_name"": ""Tauntaum Fridge door""}"
2025-07-19T20:21:38.242849,sensor.upnp_igd_data_received,2904831467,2904979957,"{""state_class"": ""total_increasing"", ""unit_of_measurement"": ""B"", ""device_class"": ""data_size"", ""friendly_name"": ""UPNP IGD Data received""}"
2025-07-19T20:21:38.244489,sensor.upnp_igd_data_sent,987036951,987117972,"{""state_class"": ""total_increasing"", ""unit_of_measurement"": ""B"", ""device_class"": ""data_size"", ""friendly_name"": ""UPNP IGD Data sent""}"
2025-07-19T20:21:38.245878,sensor.upnp_igd_packets_received,7752711,7754104,"{""state_class"": ""total_increasing"", ""unit_of_measurement"": ""packets"", ""friendly_name"": ""UPNP IGD Packets received""}"
2025-07-19T20:21:38.247221,sensor.upnp_igd_packets_sent,3782608,3783048,"{""state_class"": ""total_increasing"", ""unit_of_measurement"": ""packets"", ""friendly_name"": ""UPNP IGD Packets sent""}"
2025-07-19T20:21:38.248605,sensor.upnp_igd_uptime,1752967194,1752967224,"{""unit_of_measurement"": ""s"", ""device_class"": ""duration"", ""friendly_name"": ""UPNP IGD Uptime""}"
2025-07-19T20:21:38.249983,sensor.upnp_igd_download_speed,3.16702899954094,4.8334672877465,"{""state_class"": ""measurement"", ""unit_of_measurement"": ""KiB/s"", ""device_class"": ""data_rate"", ""friendly_name"": ""UPNP IGD Download speed""}"
2025-07-19T20:21:38.251427,sensor.upnp_igd_upload_speed,1.33061962354803,2.63729781884645,"{""state_class"": ""measurement"", ""unit_of_measurement"": ""KiB/s"", ""device_class"": ""data_rate"", ""friendly_name"": ""UPNP IGD Upload speed""}"
2025-07-19T20:21:38.252911,sensor.upnp_igd_packet_download_speed,43.0329489056564,46.4314930984902,"{""state_class"": ""measurement"", ""unit_of_measurement"": ""packets/s"", ""friendly_name"": ""UPNP IGD Packet download speed""}"
2025-07-19T20:21:38.254448,sensor.upnp_igd_packet_upload_speed,13.0998829743788,14.6660854008153,"{""state_class"": ""measurement"", ""unit_of_measurement"": ""packets/s"", ""friendly_name"": ""UPNP IGD Packet upload speed""}"
2025-07-19T20:22:01.938242,binary_sensor.tauntaum_door,off,on,"{""device_class"": ""door"", ""friendly_name"": ""Tauntaum Door""}"
2025-07-19T20:22:01.955997,binary_sensor.tauntaum_cooler_door,off,on,"{""device_class"": ""door"", ""friendly_name"": ""Tauntaum Fridge door""}"
2025-07-19T20:22:08.261511,sensor.upnp_igd_data_received,2904979957,2905072574,"{""state_class"": ""total_increasing"", ""unit_of_measurement"": ""B"", ""device_class"": ""data_size"", ""friendly_name"": ""UPNP IGD Data received""}"
2025-07-19T20:22:08.268259,sensor.upnp_igd_data_sent,987117972,987156471,"{""state_class"": ""total_increasing"", ""unit_of_measurement"": ""B"", ""device_class"": ""data_size"", ""friendly_name"": ""UPNP IGD Data sent""}"
2025-07-19T20:22:08.271823,sensor.upnp_igd_packets_received,7754104,7755333,"{""state_class"": ""total_increasing"", ""unit_of_measurement"": ""packets"", ""friendly_name"": ""UPNP IGD Packets received""}"
2025-07-19T20:22:08.275042,sensor.upnp_igd_packets_sent,3783048,3783389,"{""state_class"": ""total_increasing"", ""unit_of_measurement"": ""packets"", ""friendly_name"": ""UPNP IGD Packets sent""}"
2025-07-19T20:22:08.278287,sensor.upnp_igd_uptime,1752967224,1752967254,"{""unit_of_measurement"": ""s"", ""device_class"": ""duration"", ""friendly_name"": ""UPNP IGD Uptime""}"
2025-07-19T20:22:08.281784,sensor.upnp_igd_download_speed,4.8334672877465,3.01495539441318,"{""state_class"": ""measurement"", ""unit_of_measurement"": ""KiB/s"", ""device_class"": ""data_rate"", ""friendly_name"": ""UPNP IGD Download speed""}"
2025-07-19T20:22:08.283617,sensor.upnp_igd_upload_speed,2.63729781884645,1.25325553332016,"{""state_class"": ""measurement"", ""unit_of_measurement"": ""KiB/s"", ""device_class"": ""data_rate"", ""friendly_name"": ""UPNP IGD Upload speed""}"
2025-07-19T20:22:08.285044,sensor.upnp_igd_packet_download_speed,46.4314930984902,40.9677413870824,"{""state_class"": ""measurement"", ""unit_of_measurement"": ""packets/s"", ""friendly_name"": ""UPNP IGD Packet download speed""}"
2025-07-19T20:22:08.286382,sensor.upnp_igd_packet_upload_speed,14.6660854008153,11.3669648600448,"{""state_class"": ""measurement"", ""unit_of_measurement"": ""packets/s"", ""friendly_name"": ""UPNP IGD Packet upload speed""}"
2025-07-19T20:22:10.260134,automation.aut_status_bruno,on,on,"{""id"": ""1751855857509"", ""last_triggered"": ""2025-07-19T23:22:10.252958+00:00"", ""mode"": ""single"", ""current"": 1, ""friendly_name"": ""aut-status-bruno""}"
2025-07-19T20:22:10.262277,automation.aut_status_bruno,on,on,"{""id"": ""1751855857509"", ""last_triggered"": ""2025-07-19T23:22:10.252958+00:00"", ""mode"": ""single"", ""current"": 0, ""friendly_name"": ""aut-status-bruno""}"
2025-07-19T20:22:13.938178,binary_sensor.presenca_sala_motion,off,on,"{""device_class"": ""motion"", ""friendly_name"": ""Presen\u00e7a sala Motion""}"
2025-07-19T20:22:13.942466,automation.aut_sala,on,on,"{""id"": ""1746116908353"", ""last_triggered"": ""2025-07-19T23:22:13.933556+00:00"", ""mode"": ""single"", ""current"": 1, ""friendly_name"": ""aut-sala""}"
2025-07-19T20:22:14.155619,automation.aut_sala,on,on,"{""id"": ""1746116908353"", ""last_triggered"": ""2025-07-19T23:22:13.933556+00:00"", ""mode"": ""single"", ""current"": 0, ""friendly_name"": ""aut-sala""}"
2025-07-19T20:22:14.836287,switch.interruptor_sala_switch_1,off,on,"{""device_class"": ""outlet"", ""friendly_name"": ""Interruptor sala Switch 1""}"
2025-07-19T20:22:33.013154,binary_sensor.tauntaum_door,on,off,"{""device_class"": ""door"", ""friendly_name"": ""Tauntaum Door""}"
2025-07-19T20:22:33.034544,binary_sensor.tauntaum_cooler_door,on,off,"{""device_class"": ""door"", ""friendly_name"": ""Tauntaum Fridge door""}"
2025-07-19T20:22:38.255225,sensor.upnp_igd_data_received,2905072574,2905181952,"{""state_class"": ""total_increasing"", ""unit_of_measurement"": ""B"", ""device_class"": ""data_size"", ""friendly_name"": ""UPNP IGD Data received""}"
2025-07-19T20:22:38.256839,sensor.upnp_igd_data_sent,987156471,987239036,"{""state_class"": ""total_increasing"", ""unit_of_measurement"": ""B"", ""device_class"": ""data_size"", ""friendly_name"": ""UPNP IGD Data sent""}"
2025-07-19T20:22:38.258286,sensor.upnp_igd_packets_received,7755333,7756672,"{""state_class"": ""total_increasing"", ""unit_of_measurement"": ""packets"", ""friendly_name"": ""UPNP IGD Packets received""}"
2025-07-19T20:22:38.259763,sensor.upnp_igd_packets_sent,3783389,3783806,"{""state_class"": ""total_increasing"", ""unit_of_measurement"": ""packets"", ""friendly_name"": ""UPNP IGD Packets sent""}"
2025-07-19T20:22:38.261122,sensor.upnp_igd_uptime,1752967254,1752967284,"{""unit_of_measurement"": ""s"", ""device_class"": ""duration"", ""friendly_name"": ""UPNP IGD Uptime""}"
2025-07-19T20:22:38.262633,sensor.upnp_igd_download_speed,3.01495539441318,3.5605636637976,"{""state_class"": ""measurement"", ""unit_of_measurement"": ""KiB/s"", ""device_class"": ""data_rate"", ""friendly_name"": ""UPNP IGD Download speed""}"
2025-07-19T20:22:38.264076,sensor.upnp_igd_upload_speed,1.25325553332016,2.68772457808196,"{""state_class"": ""measurement"", ""unit_of_measurement"": ""KiB/s"", ""device_class"": ""data_rate"", ""friendly_name"": ""UPNP IGD Upload speed""}"
2025-07-19T20:22:38.265487,sensor.upnp_igd_packet_download_speed,40.9677413870824,44.6343599236116,"{""state_class"": ""measurement"", ""unit_of_measurement"": ""packets/s"", ""friendly_name"": ""UPNP IGD Packet download speed""}"
2025-07-19T20:22:38.266857,sensor.upnp_igd_packet_upload_speed,11.3669648600448,13.9003197073533,"{""state_class"": ""measurement"", ""unit_of_measurement"": ""packets/s"", ""friendly_name"": ""UPNP IGD Packet upload speed""}"
2025-07-19T20:22:51.232677,camera.192_168_0_33,idle,idle,"{""access_token"": ""3be3bc2a7381524278b3f3a4869c19babbfb7684d0fa6830806d021963cd451e"", ""entity_picture"": ""/api/camera_proxy/camera.192_168_0_33?token=3be3bc2a7381524278b3f3a4869c19babbfb7684d0fa6830806d021963cd451e"", ""friendly_name"": ""192_168_0_14"", ""supported_features"": 2}"
2025-07-19T20:22:51.234482,camera.admin_mainstream,idle,idle,"{""access_token"": ""7d9d0ffda1acc2097c4d6eaf32c6a340c97f54e79f0a2244362a08564d37c064"", ""entity_picture"": ""/api/camera_proxy/camera.admin_mainstream?token=7d9d0ffda1acc2097c4d6eaf32c6a340c97f54e79f0a2244362a08564d37c064"", ""friendly_name"": ""admin MainStream"", ""supported_features"": 2}"
2025-07-19T20:22:51.236216,camera.admin_substream,idle,idle,"{""access_token"": ""949db8f8c5394caa45420ad7690fa9eaeb0e3690631ea8a031e9ebf99a7c9ad7"", ""entity_picture"": ""/api/camera_proxy/camera.admin_substream?token=949db8f8c5394caa45420ad7690fa9eaeb0e3690631ea8a031e9ebf99a7c9ad7"", ""friendly_name"": ""admin SubStream"", ""supported_features"": 2}"
2025-07-19T20:23:08.239123,sensor.upnp_igd_data_received,2905181952,2905816647,"{""state_class"": ""total_increasing"", ""unit_of_measurement"": ""B"", ""device_class"": ""data_size"", ""friendly_name"": ""UPNP IGD Data received""}"
2025-07-19T20:23:08.241096,sensor.upnp_igd_data_sent,987239036,987305188,"{""state_class"": ""total_increasing"", ""unit_of_measurement"": ""B"", ""device_class"": ""data_size"", ""friendly_name"": ""UPNP IGD Data sent""}"
2025-07-19T20:23:08.242624,sensor.upnp_igd_packets_received,7756672,7758324,"{""state_class"": ""total_increasing"", ""unit_of_measurement"": ""packets"", ""friendly_name"": ""UPNP IGD Packets received""}"
2025-07-19T20:23:08.244084,sensor.upnp_igd_packets_sent,3783806,3784280,"{""state_class"": ""total_increasing"", ""unit_of_measurement"": ""packets"", ""friendly_name"": ""UPNP IGD Packets sent""}"
2025-07-19T20:23:08.245420,sensor.upnp_igd_uptime,1752967284,1752967314,"{""unit_of_measurement"": ""s"", ""device_class"": ""duration"", ""friendly_name"": ""UPNP IGD Uptime""}"
2025-07-19T20:23:08.246813,sensor.upnp_igd_download_speed,3.5605636637976,20.6598009227123,"{""state_class"": ""measurement"", ""unit_of_measurement"": ""KiB/s"", ""device_class"": ""data_rate"", ""friendly_name"": ""UPNP IGD Download speed""}"
2025-07-19T20:23:08.248242,sensor.upnp_igd_upload_speed,2.68772457808196,2.15329749035248,"{""state_class"": ""measurement"", ""unit_of_measurement"": ""KiB/s"", ""device_class"": ""data_rate"", ""friendly_name"": ""UPNP IGD Upload speed""}"
2025-07-19T20:23:08.249633,sensor.upnp_igd_packet_download_speed,44.6343599236116,55.0644182029234,"{""state_class"": ""measurement"", ""unit_of_measurement"": ""packets/s"", ""friendly_name"": ""UPNP IGD Packet download speed""}"
2025-07-19T20:23:08.251007,sensor.upnp_igd_packet_upload_speed,13.9003197073533,15.7993548596766,"{""state_class"": ""measurement"", ""unit_of_measurement"": ""packets/s"", ""friendly_name"": ""UPNP IGD Packet upload speed""}"
2025-07-19T20:23:10.263592,automation.aut_status_bruno,on,on,"{""id"": ""1751855857509"", ""last_triggered"": ""2025-07-19T23:23:10.252483+00:00"", ""mode"": ""single"", ""current"": 1, ""friendly_name"": ""aut-status-bruno""}"
2025-07-19T20:23:10.265881,automation.aut_status_bruno,on,on,"{""id"": ""1751855857509"", ""last_triggered"": ""2025-07-19T23:23:10.252483+00:00"", ""mode"": ""single"", ""current"": 0, ""friendly_name"": ""aut-status-bruno""}"
2025-07-19T20:23:35.413506,binary_sensor.presenca_cozinha_motion,on,off,"{""device_class"": ""motion"", ""friendly_name"": ""Presen\u00e7a cozinha  Motion""}"
2025-07-19T20:23:35.416310,automation.automation_kitchen,on,on,"{""id"": ""1745695079735"", ""last_triggered"": ""2025-07-19T23:23:35.409895+00:00"", ""mode"": ""single"", ""current"": 1, ""friendly_name"": ""automation-kitchen""}"
2025-07-19T20:23:36.048106,automation.automation_kitchen,on,on,"{""id"": ""1745695079735"", ""last_triggered"": ""2025-07-19T23:23:35.409895+00:00"", ""mode"": ""single"", ""current"": 0, ""friendly_name"": ""automation-kitchen""}"
2025-07-19T20:23:36.741089,light.lampada_cozinha,on,off,"{""min_color_temp_kelvin"": 2000, ""max_color_temp_kelvin"": 6500, ""min_mireds"": 153, ""max_mireds"": 500, ""supported_color_modes"": [""color_temp"", ""hs""], ""color_mode"": null, ""brightness"": null, ""color_temp_kelvin"": null, ""color_temp"": null, ""hs_color"": null, ""rgb_color"": null, ""xy_color"": null, ""friendly_name"": ""L\u00e2mpada cozinha "", ""supported_features"": 0}"
2025-07-19T20:23:38.237742,sensor.upnp_igd_data_received,2905816647,2905956604,"{""state_class"": ""total_increasing"", ""unit_of_measurement"": ""B"", ""device_class"": ""data_size"", ""friendly_name"": ""UPNP IGD Data received""}"
2025-07-19T20:23:38.241327,sensor.upnp_igd_data_sent,987305188,987380229,"{""state_class"": ""total_increasing"", ""unit_of_measurement"": ""B"", ""device_class"": ""data_size"", ""friendly_name"": ""UPNP IGD Data sent""}"
2025-07-19T20:23:38.243228,sensor.upnp_igd_packets_received,7758324,7759721,"{""state_class"": ""total_increasing"", ""unit_of_measurement"": ""packets"", ""friendly_name"": ""UPNP IGD Packets received""}"
2025-07-19T20:23:38.244993,sensor.upnp_igd_packets_sent,3784280,3784728,"{""state_class"": ""total_increasing"", ""unit_of_measurement"": ""packets"", ""friendly_name"": ""UPNP IGD Packets sent""}"
2025-07-19T20:23:38.246604,sensor.upnp_igd_uptime,1752967314,1752967344,"{""unit_of_measurement"": ""s"", ""device_class"": ""duration"", ""friendly_name"": ""UPNP IGD Uptime""}"
2025-07-19T20:23:38.248382,sensor.upnp_igd_download_speed,20.6598009227123,4.55607978943998,"{""state_class"": ""measurement"", ""unit_of_measurement"": ""KiB/s"", ""device_class"": ""data_rate"", ""friendly_name"": ""UPNP IGD Download speed""}"
2025-07-19T20:23:38.250206,sensor.upnp_igd_upload_speed,2.15329749035248,2.44284161191913,"{""state_class"": ""measurement"", ""unit_of_measurement"": ""KiB/s"", ""device_class"": ""data_rate"", ""friendly_name"": ""UPNP IGD Upload speed""}"
2025-07-19T20:23:38.252019,sensor.upnp_igd_packet_download_speed,55.0644182029234,46.5685868447309,"{""state_class"": ""measurement"", ""unit_of_measurement"": ""packets/s"", ""friendly_name"": ""UPNP IGD Packet download speed""}"
2025-07-19T20:23:38.253699,sensor.upnp_igd_packet_upload_speed,15.7993548596766,14.933949109835,"{""state_class"": ""measurement"", ""unit_of_measurement"": ""packets/s"", ""friendly_name"": ""UPNP IGD Packet upload speed""}"
2025-07-19T20:24:08.275608,sensor.upnp_igd_data_received,2905956604,2906051470,"{""state_class"": ""total_increasing"", ""unit_of_measurement"": ""B"", ""device_class"": ""data_size"", ""friendly_name"": ""UPNP IGD Data received""}"
2025-07-19T20:24:08.278303,sensor.upnp_igd_data_sent,987380229,987419734,"{""state_class"": ""total_increasing"", ""unit_of_measurement"": ""B"", ""device_class"": ""data_size"", ""friendly_name"": ""UPNP IGD Data sent""}"
2025-07-19T20:24:08.279841,sensor.upnp_igd_packets_received,7759721,7760981,"{""state_class"": ""total_increasing"", ""unit_of_measurement"": ""packets"", ""friendly_name"": ""UPNP IGD Packets received""}"
2025-07-19T20:24:08.281254,sensor.upnp_igd_packets_sent,3784728,3785057,"{""state_class"": ""total_increasing"", ""unit_of_measurement"": ""packets"", ""friendly_name"": ""UPNP IGD Packets sent""}"
2025-07-19T20:24:08.282584,sensor.upnp_igd_uptime,1752967344,1752967374,"{""unit_of_measurement"": ""s"", ""device_class"": ""duration"", ""friendly_name"": ""UPNP IGD Uptime""}"
2025-07-19T20:24:08.284202,sensor.upnp_igd_download_speed,4.55607978943998,3.08805793910802,"{""state_class"": ""measurement"", ""unit_of_measurement"": ""KiB/s"", ""device_class"": ""data_rate"", ""friendly_name"": ""UPNP IGD Download speed""}"
2025-07-19T20:24:08.285623,sensor.upnp_igd_upload_speed,2.44284161191913,1.28595839272724,"{""state_class"": ""measurement"", ""unit_of_measurement"": ""KiB/s"", ""device_class"": ""data_rate"", ""friendly_name"": ""UPNP IGD Upload speed""}"
2025-07-19T20:24:08.287106,sensor.upnp_igd_packet_download_speed,46.5685868447309,41.9996192034526,"{""state_class"": ""measurement"", ""unit_of_measurement"": ""packets/s"", ""friendly_name"": ""UPNP IGD Packet download speed""}"
2025-07-19T20:24:08.288707,sensor.upnp_igd_packet_upload_speed,14.933949109835,10.9665672364571,"{""state_class"": ""measurement"", ""unit_of_measurement"": ""packets/s"", ""friendly_name"": ""UPNP IGD Packet upload speed""}"
2025-07-19T20:24:10.260854,automation.aut_status_bruno,on,on,"{""id"": ""1751855857509"", ""last_triggered"": ""2025-07-19T23:24:10.254203+00:00"", ""mode"": ""single"", ""current"": 1, ""friendly_name"": ""aut-status-bruno""}"
2025-07-19T20:24:10.263143,automation.aut_status_bruno,on,on,"{""id"": ""1751855857509"", ""last_triggered"": ""2025-07-19T23:24:10.254203+00:00"", ""mode"": ""single"", ""current"": 0, ""friendly_name"": ""aut-status-bruno""}"
2025-07-19T20:24:38.241617,sensor.upnp_igd_data_received,2906051470,2906185120,"{""state_class"": ""total_increasing"", ""unit_of_measurement"": ""B"", ""device_class"": ""data_size"", ""friendly_name"": ""UPNP IGD Data received""}"
2025-07-19T20:24:38.243265,sensor.upnp_igd_data_sent,987419734,987494497,"{""state_class"": ""total_increasing"", ""unit_of_measurement"": ""B"", ""device_class"": ""data_size"", ""friendly_name"": ""UPNP IGD Data sent""}"
2025-07-19T20:24:38.244982,sensor.upnp_igd_packets_received,7760981,7762306,"{""state_class"": ""total_increasing"", ""unit_of_measurement"": ""packets"", ""friendly_name"": ""UPNP IGD Packets received""}"
2025-07-19T20:24:38.246471,sensor.upnp_igd_packets_sent,3785057,3785456,"{""state_class"": ""total_increasing"", ""unit_of_measurement"": ""packets"", ""friendly_name"": ""UPNP IGD Packets sent""}"
2025-07-19T20:24:38.247892,sensor.upnp_igd_uptime,1752967374,1752967404,"{""unit_of_measurement"": ""s"", ""device_class"": ""duration"", ""friendly_name"": ""UPNP IGD Uptime""}"
2025-07-19T20:24:38.249350,sensor.upnp_igd_download_speed,3.08805793910802,4.35058912793203,"{""state_class"": ""measurement"", ""unit_of_measurement"": ""KiB/s"", ""device_class"": ""data_rate"", ""friendly_name"": ""UPNP IGD Download speed""}"
2025-07-19T20:24:38.250759,sensor.upnp_igd_upload_speed,1.28595839272724,2.43369319095834,"{""state_class"": ""measurement"", ""unit_of_measurement"": ""KiB/s"", ""device_class"": ""data_rate"", ""friendly_name"": ""UPNP IGD Upload speed""}"
2025-07-19T20:24:38.252257,sensor.upnp_igd_packet_download_speed,41.9996192034526,44.1666990555793,"{""state_class"": ""measurement"", ""unit_of_measurement"": ""packets/s"", ""friendly_name"": ""UPNP IGD Packet download speed""}"
2025-07-19T20:24:38.253739,sensor.upnp_igd_packet_upload_speed,10.9665672364571,13.3000097533405,"{""state_class"": ""measurement"", ""unit_of_measurement"": ""packets/s"", ""friendly_name"": ""UPNP IGD Packet upload speed""}"
2025-07-19T20:25:08.252900,sensor.upnp_igd_data_received,2906185120,2906267327,"{""state_class"": ""total_increasing"", ""unit_of_measurement"": ""B"", ""device_class"": ""data_size"", ""friendly_name"": ""UPNP IGD Data received""}"
2025-07-19T20:25:08.254664,sensor.upnp_igd_data_sent,987494497,987526656,"{""state_class"": ""total_increasing"", ""unit_of_measurement"": ""B"", ""device_class"": ""data_size"", ""friendly_name"": ""UPNP IGD Data sent""}"
2025-07-19T20:25:08.256182,sensor.upnp_igd_packets_received,7762306,7763506,"{""state_class"": ""total_increasing"", ""unit_of_measurement"": ""packets"", ""friendly_name"": ""UPNP IGD Packets received""}"
2025-07-19T20:25:08.257631,sensor.upnp_igd_packets_sent,3785456,3785766,"{""state_class"": ""total_increasing"", ""unit_of_measurement"": ""packets"", ""friendly_name"": ""UPNP IGD Packets sent""}"
2025-07-19T20:25:08.258953,sensor.upnp_igd_uptime,1752967404,1752967434,"{""unit_of_measurement"": ""s"", ""device_class"": ""duration"", ""friendly_name"": ""UPNP IGD Uptime""}"
2025-07-19T20:25:08.260425,sensor.upnp_igd_download_speed,4.35058912793203,2.6760121473971,"{""state_class"": ""measurement"", ""unit_of_measurement"": ""KiB/s"", ""device_class"": ""data_rate"", ""friendly_name"": ""UPNP IGD Download speed""}"
2025-07-19T20:25:08.261873,sensor.upnp_igd_upload_speed,2.43369319095834,1.04684363433945,"{""state_class"": ""measurement"", ""unit_of_measurement"": ""KiB/s"", ""device_class"": ""data_rate"", ""friendly_name"": ""UPNP IGD Upload speed""}"
2025-07-19T20:25:08.263247,sensor.upnp_igd_packet_download_speed,44.1666990555793,40.0000453333847,"{""state_class"": ""measurement"", ""unit_of_measurement"": ""packets/s"", ""friendly_name"": ""UPNP IGD Packet download speed""}"
2025-07-19T20:25:08.264668,sensor.upnp_igd_packet_upload_speed,13.3000097533405,10.3333450444577,"{""state_class"": ""measurement"", ""unit_of_measurement"": ""packets/s"", ""friendly_name"": ""UPNP IGD Packet upload speed""}"
2025-07-19T20:25:10.260767,automation.aut_status_bruno,on,on,"{""id"": ""1751855857509"", ""last_triggered"": ""2025-07-19T23:25:10.253183+00:00"", ""mode"": ""single"", ""current"": 1, ""friendly_name"": ""aut-status-bruno""}"
2025-07-19T20:25:10.262895,automation.aut_status_bruno,on,on,"{""id"": ""1751855857509"", ""last_triggered"": ""2025-07-19T23:25:10.253183+00:00"", ""mode"": ""single"", ""current"": 0, ""friendly_name"": ""aut-status-bruno""}"
2025-07-19T20:25:38.242619,sensor.upnp_igd_data_received,2906267327,2908886370,"{""state_class"": ""total_increasing"", ""unit_of_measurement"": ""B"", ""device_class"": ""data_size"", ""friendly_name"": ""UPNP IGD Data received""}"
2025-07-19T20:25:38.245981,sensor.upnp_igd_data_sent,987526656,988209184,"{""state_class"": ""total_increasing"", ""unit_of_measurement"": ""B"", ""device_class"": ""data_size"", ""friendly_name"": ""UPNP IGD Data sent""}"
2025-07-19T20:25:38.247848,sensor.upnp_igd_packets_received,7763506,7767516,"{""state_class"": ""total_increasing"", ""unit_of_measurement"": ""packets"", ""friendly_name"": ""UPNP IGD Packets received""}"
2025-07-19T20:25:38.249261,sensor.upnp_igd_packets_sent,3785766,3787689,"{""state_class"": ""total_increasing"", ""unit_of_measurement"": ""packets"", ""friendly_name"": ""UPNP IGD Packets sent""}"
2025-07-19T20:25:38.250545,sensor.upnp_igd_uptime,1752967434,1752967464,"{""unit_of_measurement"": ""s"", ""device_class"": ""duration"", ""friendly_name"": ""UPNP IGD Uptime""}"
2025-07-19T20:25:38.251920,sensor.upnp_igd_download_speed,2.6760121473971,85.2557976313497,"{""state_class"": ""measurement"", ""unit_of_measurement"": ""KiB/s"", ""device_class"": ""data_rate"", ""friendly_name"": ""UPNP IGD Download speed""}"
2025-07-19T20:25:38.253240,sensor.upnp_igd_upload_speed,1.04684363433945,22.2178364561902,"{""state_class"": ""measurement"", ""unit_of_measurement"": ""KiB/s"", ""device_class"": ""data_rate"", ""friendly_name"": ""UPNP IGD Upload speed""}"
2025-07-19T20:25:38.254513,sensor.upnp_igd_packet_download_speed,40.0000453333847,133.667437482223,"{""state_class"": ""measurement"", ""unit_of_measurement"": ""packets/s"", ""friendly_name"": ""UPNP IGD Packet download speed""}"
2025-07-19T20:25:38.255842,sensor.upnp_igd_packet_upload_speed,10.3333450444577,64.100369645465,"{""state_class"": ""measurement"", ""unit_of_measurement"": ""packets/s"", ""friendly_name"": ""UPNP IGD Packet upload speed""}"
2025-07-19T20:25:43.811641,sensor.tomada_mesa_de_trabalho_current,0.159,0.205,"{""state_class"": ""measurement"", ""unit_of_measurement"": ""A"", ""device_class"": ""current"", ""friendly_name"": ""Tomada mesa de trabalho Current""}"
2025-07-19T20:25:43.814815,sensor.tomada_mesa_de_trabalho_power,14.6,20.0,"{""state_class"": ""measurement"", ""unit_of_measurement"": ""W"", ""device_class"": ""power"", ""friendly_name"": ""Tomada mesa de trabalho Power""}"
2025-07-19T20:25:43.817728,sensor.tomada_mesa_de_trabalho_voltage,131.6,131.2,"{""state_class"": ""measurement"", ""unit_of_measurement"": ""V"", ""device_class"": ""voltage"", ""friendly_name"": ""Tomada mesa de trabalho Voltage""}"
2025-07-19T20:25:48.772937,sensor.tomada_mesa_de_trabalho_current,0.205,0.306,"{""state_class"": ""measurement"", ""unit_of_measurement"": ""A"", ""device_class"": ""current"", ""friendly_name"": ""Tomada mesa de trabalho Current""}"
2025-07-19T20:25:48.775916,sensor.tomada_mesa_de_trabalho_power,20.0,28.4,"{""state_class"": ""measurement"", ""unit_of_measurement"": ""W"", ""device_class"": ""power"", ""friendly_name"": ""Tomada mesa de trabalho Power""}"
2025-07-19T20:25:53.783899,sensor.tomada_mesa_de_trabalho_current,0.306,0.184,"{""state_class"": ""measurement"", ""unit_of_measurement"": ""A"", ""device_class"": ""current"", ""friendly_name"": ""Tomada mesa de trabalho Current""}"
2025-07-19T20:25:53.787966,sensor.tomada_mesa_de_trabalho_power,28.4,19.0,"{""state_class"": ""measurement"", ""unit_of_measurement"": ""W"", ""device_class"": ""power"", ""friendly_name"": ""Tomada mesa de trabalho Power""}"
2025-07-19T20:25:53.789617,sensor.tomada_mesa_de_trabalho_voltage,131.2,132.0,"{""state_class"": ""measurement"", ""unit_of_measurement"": ""V"", ""device_class"": ""voltage"", ""friendly_name"": ""Tomada mesa de trabalho Voltage""}"
2025-07-19T20:26:08.238436,sensor.upnp_igd_data_received,2908886370,2910114766,"{""state_class"": ""total_increasing"", ""unit_of_measurement"": ""B"", ""device_class"": ""data_size"", ""friendly_name"": ""UPNP IGD Data received""}"
2025-07-19T20:26:08.241212,sensor.upnp_igd_data_sent,988209184,988578349,"{""state_class"": ""total_increasing"", ""unit_of_measurement"": ""B"", ""device_class"": ""data_size"", ""friendly_name"": ""UPNP IGD Data sent""}"
2025-07-19T20:26:08.242702,sensor.upnp_igd_packets_received,7767516,7770296,"{""state_class"": ""total_increasing"", ""unit_of_measurement"": ""packets"", ""friendly_name"": ""UPNP IGD Packets received""}"
2025-07-19T20:26:08.244174,sensor.upnp_igd_packets_sent,3787689,3789215,"{""state_class"": ""total_increasing"", ""unit_of_measurement"": ""packets"", ""friendly_name"": ""UPNP IGD Packets sent""}"
2025-07-19T20:26:08.245499,sensor.upnp_igd_uptime,1752967464,1752967494,"{""unit_of_measurement"": ""s"", ""device_class"": ""duration"", ""friendly_name"": ""UPNP IGD Uptime""}"
2025-07-19T20:26:08.246864,sensor.upnp_igd_download_speed,85.2557976313497,39.9871781861004,"{""state_class"": ""measurement"", ""unit_of_measurement"": ""KiB/s"", ""device_class"": ""data_rate"", ""friendly_name"": ""UPNP IGD Download speed""}"
2025-07-19T20:26:08.248290,sensor.upnp_igd_upload_speed,22.2178364561902,12.017188785271,"{""state_class"": ""measurement"", ""unit_of_measurement"": ""KiB/s"", ""device_class"": ""data_rate"", ""friendly_name"": ""UPNP IGD Upload speed""}"
2025-07-19T20:26:08.249730,sensor.upnp_igd_packet_download_speed,133.667437482223,92.667429628504,"{""state_class"": ""measurement"", ""unit_of_measurement"": ""packets/s"", ""friendly_name"": ""UPNP IGD Packet download speed""}"
2025-07-19T20:26:08.251141,sensor.upnp_igd_packet_upload_speed,64.100369645465,50.8670854723371,"{""state_class"": ""measurement"", ""unit_of_measurement"": ""packets/s"", ""friendly_name"": ""UPNP IGD Packet upload speed""}"
2025-07-19T20:26:10.278987,automation.aut_status_bruno,on,on,"{""id"": ""1751855857509"", ""last_triggered"": ""2025-07-19T23:26:10.252889+00:00"", ""mode"": ""single"", ""current"": 1, ""friendly_name"": ""aut-status-bruno""}"
2025-07-19T20:26:10.281626,automation.aut_status_bruno,on,on,"{""id"": ""1751855857509"", ""last_triggered"": ""2025-07-19T23:26:10.252889+00:00"", ""mode"": ""single"", ""current"": 0, ""friendly_name"": ""aut-status-bruno""}"
2025-07-19T20:26:38.236937,sensor.upnp_igd_data_received,2910114766,2911014398,"{""state_class"": ""total_increasing"", ""unit_of_measurement"": ""B"", ""device_class"": ""data_size"", ""friendly_name"": ""UPNP IGD Data received""}"
2025-07-19T20:26:38.239859,sensor.upnp_igd_data_sent,988578349,988812174,"{""state_class"": ""total_increasing"", ""unit_of_measurement"": ""B"", ""device_class"": ""data_size"", ""friendly_name"": ""UPNP IGD Data sent""}"
2025-07-19T20:26:38.241378,sensor.upnp_igd_packets_received,7770296,7772395,"{""state_class"": ""total_increasing"", ""unit_of_measurement"": ""packets"", ""friendly_name"": ""UPNP IGD Packets received""}"
2025-07-19T20:26:38.242735,sensor.upnp_igd_packets_sent,3789215,3790074,"{""state_class"": ""total_increasing"", ""unit_of_measurement"": ""packets"", ""friendly_name"": ""UPNP IGD Packets sent""}"
2025-07-19T20:26:38.244130,sensor.upnp_igd_uptime,1752967494,1752967524,"{""unit_of_measurement"": ""s"", ""device_class"": ""duration"", ""friendly_name"": ""UPNP IGD Uptime""}"
2025-07-19T20:26:38.245579,sensor.upnp_igd_download_speed,39.9871781861004,29.2848392159775,"{""state_class"": ""measurement"", ""unit_of_measurement"": ""KiB/s"", ""device_class"": ""data_rate"", ""friendly_name"": ""UPNP IGD Download speed""}"
2025-07-19T20:26:38.246931,sensor.upnp_igd_upload_speed,12.017188785271,7.61147616989607,"{""state_class"": ""measurement"", ""unit_of_measurement"": ""KiB/s"", ""device_class"": ""data_rate"", ""friendly_name"": ""UPNP IGD Upload speed""}"
2025-07-19T20:26:38.248352,sensor.upnp_igd_packet_download_speed,92.667429628504,69.9665313980393,"{""state_class"": ""measurement"", ""unit_of_measurement"": ""packets/s"", ""friendly_name"": ""UPNP IGD Packet download speed""}"
2025-07-19T20:26:38.249749,sensor.upnp_igd_packet_upload_speed,50.8670854723371,28.6332779756626,"{""state_class"": ""measurement"", ""unit_of_measurement"": ""packets/s"", ""friendly_name"": ""UPNP IGD Packet upload speed""}"
2025-07-19T20:26:55.690207,sensor.tauntaum_energy,217.456,217.467,"{""state_class"": ""total_increasing"", ""unit_of_measurement"": ""kWh"", ""device_class"": ""energy"", ""friendly_name"": ""Tauntaum Energy""}"
2025-07-19T20:26:55.692393,sensor.tauntaum_power,43,53,"{""state_class"": ""measurement"", ""power_consumption_start"": ""2025-07-19T23:13:31Z"", ""power_consumption_end"": ""2025-07-19T23:26:55Z"", ""unit_of_measurement"": ""W"", ""device_class"": ""power"", ""friendly_name"": ""Tauntaum Power""}"
2025-07-19T20:26:55.694021,sensor.tauntaum_energy_difference,0.002,0.011,"{""state_class"": ""total"", ""unit_of_measurement"": ""kWh"", ""device_class"": ""energy"", ""friendly_name"": ""Tauntaum Energy difference""}"
2025-07-19T20:26:55.695564,sensor.tauntaum_power_energy,0.00111651555591159,0.00960996250079738,"{""state_class"": ""total"", ""unit_of_measurement"": ""kWh"", ""device_class"": ""energy"", ""friendly_name"": ""Tauntaum Power energy""}"
2025-07-19T20:26:55.697001,sensor.tauntaum_energy_saved,0.0,0.001,"{""state_class"": ""total_increasing"", ""unit_of_measurement"": ""kWh"", ""device_class"": ""energy"", ""friendly_name"": ""Tauntaum Energy saved""}"
2025-07-19T20:27:08.239466,sensor.upnp_igd_data_received,2911014398,2911112297,"{""state_class"": ""total_increasing"", ""unit_of_measurement"": ""B"", ""device_class"": ""data_size"", ""friendly_name"": ""UPNP IGD Data received""}"
2025-07-19T20:27:08.242018,sensor.upnp_igd_data_sent,988812174,988847290,"{""state_class"": ""total_increasing"", ""unit_of_measurement"": ""B"", ""device_class"": ""data_size"", ""friendly_name"": ""UPNP IGD Data sent""}"
2025-07-19T20:27:08.243659,sensor.upnp_igd_packets_received,7772395,7773768,"{""state_class"": ""total_increasing"", ""unit_of_measurement"": ""packets"", ""friendly_name"": ""UPNP IGD Packets received""}"
2025-07-19T20:27:08.245073,sensor.upnp_igd_packets_sent,3790074,3790426,"{""state_class"": ""total_increasing"", ""unit_of_measurement"": ""packets"", ""friendly_name"": ""UPNP IGD Packets sent""}"
2025-07-19T20:27:08.246396,sensor.upnp_igd_uptime,1752967524,1752967554,"{""unit_of_measurement"": ""s"", ""device_class"": ""duration"", ""friendly_name"": ""UPNP IGD Uptime""}"
2025-07-19T20:27:08.247884,sensor.upnp_igd_download_speed,29.2848392159775,3.18663944153968,"{""state_class"": ""measurement"", ""unit_of_measurement"": ""KiB/s"", ""device_class"": ""data_rate"", ""friendly_name"": ""UPNP IGD Download speed""}"
2025-07-19T20:27:08.249296,sensor.upnp_igd_upload_speed,7.61147616989607,1.14303548176291,"{""state_class"": ""measurement"", ""unit_of_measurement"": ""KiB/s"", ""device_class"": ""data_rate"", ""friendly_name"": ""UPNP IGD Upload speed""}"
2025-07-19T20:27:08.250698,sensor.upnp_igd_packet_download_speed,69.9665313980393,45.7641252322454,"{""state_class"": ""measurement"", ""unit_of_measurement"": ""packets/s"", ""friendly_name"": ""UPNP IGD Packet download speed""}"
2025-07-19T20:27:08.252169,sensor.upnp_igd_packet_upload_speed,28.6332779756626,11.7326817784052,"{""state_class"": ""measurement"", ""unit_of_measurement"": ""packets/s"", ""friendly_name"": ""UPNP IGD Packet upload speed""}"
2025-07-19T20:27:10.262099,automation.aut_status_bruno,on,on,"{""id"": ""1751855857509"", ""last_triggered"": ""2025-07-19T23:27:10.253065+00:00"", ""mode"": ""single"", ""current"": 1, ""friendly_name"": ""aut-status-bruno""}"
2025-07-19T20:27:10.264353,automation.aut_status_bruno,on,on,"{""id"": ""1751855857509"", ""last_triggered"": ""2025-07-19T23:27:10.253065+00:00"", ""mode"": ""single"", ""current"": 0, ""friendly_name"": ""aut-status-bruno""}"
2025-07-19T20:27:38.237370,sensor.upnp_igd_data_received,2911112297,2911278978,"{""state_class"": ""total_increasing"", ""unit_of_measurement"": ""B"", ""device_class"": ""data_size"", ""friendly_name"": ""UPNP IGD Data received""}"
2025-07-19T20:27:38.239767,sensor.upnp_igd_data_sent,988847290,988930027,"{""state_class"": ""total_increasing"", ""unit_of_measurement"": ""B"", ""device_class"": ""data_size"", ""friendly_name"": ""UPNP IGD Data sent""}"
2025-07-19T20:27:38.241750,sensor.upnp_igd_packets_received,7773768,7775220,"{""state_class"": ""total_increasing"", ""unit_of_measurement"": ""packets"", ""friendly_name"": ""UPNP IGD Packets received""}"
2025-07-19T20:27:38.243536,sensor.upnp_igd_packets_sent,3790426,3790874,"{""state_class"": ""total_increasing"", ""unit_of_measurement"": ""packets"", ""friendly_name"": ""UPNP IGD Packets sent""}"
2025-07-19T20:27:38.245291,sensor.upnp_igd_uptime,1752967554,1752967584,"{""unit_of_measurement"": ""s"", ""device_class"": ""duration"", ""friendly_name"": ""UPNP IGD Uptime""}"
2025-07-19T20:27:38.246968,sensor.upnp_igd_download_speed,3.18663944153968,5.42603952532759,"{""state_class"": ""measurement"", ""unit_of_measurement"": ""KiB/s"", ""device_class"": ""data_rate"", ""friendly_name"": ""UPNP IGD Download speed""}"
2025-07-19T20:27:38.248801,sensor.upnp_igd_upload_speed,1.14303548176291,2.69337376309855,"{""state_class"": ""measurement"", ""unit_of_measurement"": ""KiB/s"", ""device_class"": ""data_rate"", ""friendly_name"": ""UPNP IGD Upload speed""}"
2025-07-19T20:27:38.250520,sensor.upnp_igd_packet_download_speed,45.7641252322454,48.4020135237626,"{""state_class"": ""measurement"", ""unit_of_measurement"": ""packets/s"", ""friendly_name"": ""UPNP IGD Packet download speed""}"
2025-07-19T20:27:38.252267,sensor.upnp_igd_packet_upload_speed,11.7326817784052,14.9339545858441,"{""state_class"": ""measurement"", ""unit_of_measurement"": ""packets/s"", ""friendly_name"": ""UPNP IGD Packet upload speed""}"
2025-07-19T20:27:51.234063,camera.192_168_0_33,idle,idle,"{""access_token"": ""828e7dff62d746e0574fa33961644a83fe79f6c7545df0e182feb9142c5c94e6"", ""entity_picture"": ""/api/camera_proxy/camera.192_168_0_33?token=828e7dff62d746e0574fa33961644a83fe79f6c7545df0e182feb9142c5c94e6"", ""friendly_name"": ""192_168_0_14"", ""supported_features"": 2}"
2025-07-19T20:27:51.235876,camera.admin_mainstream,idle,idle,"{""access_token"": ""9bba231afc812c2c122f1d06afb680a47711df79b8c6550005135facf098a0a0"", ""entity_picture"": ""/api/camera_proxy/camera.admin_mainstream?token=9bba231afc812c2c122f1d06afb680a47711df79b8c6550005135facf098a0a0"", ""friendly_name"": ""admin MainStream"", ""supported_features"": 2}"
2025-07-19T20:27:51.237477,camera.admin_substream,idle,idle,"{""access_token"": ""452445931311292a19a4b39ddea2bdcc42c5e1ab9da296a28993e1ae8bafd8b3"", ""entity_picture"": ""/api/camera_proxy/camera.admin_substream?token=452445931311292a19a4b39ddea2bdcc42c5e1ab9da296a28993e1ae8bafd8b3"", ""friendly_name"": ""admin SubStream"", ""supported_features"": 2}"
2025-07-19T20:28:08.238995,sensor.upnp_igd_data_received,2911278978,2911910104,"{""state_class"": ""total_increasing"", ""unit_of_measurement"": ""B"", ""device_class"": ""data_size"", ""friendly_name"": ""UPNP IGD Data received""}"
2025-07-19T20:28:08.240658,sensor.upnp_igd_data_sent,988930027,988986252,"{""state_class"": ""total_increasing"", ""unit_of_measurement"": ""B"", ""device_class"": ""data_size"", ""friendly_name"": ""UPNP IGD Data sent""}"
2025-07-19T20:28:08.242498,sensor.upnp_igd_packets_received,7775220,7776948,"{""state_class"": ""total_increasing"", ""unit_of_measurement"": ""packets"", ""friendly_name"": ""UPNP IGD Packets received""}"
2025-07-19T20:28:08.244341,sensor.upnp_igd_packets_sent,3790874,3791330,"{""state_class"": ""total_increasing"", ""unit_of_measurement"": ""packets"", ""friendly_name"": ""UPNP IGD Packets sent""}"
2025-07-19T20:28:08.246017,sensor.upnp_igd_uptime,1752967584,1752967614,"{""unit_of_measurement"": ""s"", ""device_class"": ""duration"", ""friendly_name"": ""UPNP IGD Uptime""}"
2025-07-19T20:28:08.247777,sensor.upnp_igd_download_speed,5.42603952532759,20.5447784264654,"{""state_class"": ""measurement"", ""unit_of_measurement"": ""KiB/s"", ""device_class"": ""data_rate"", ""friendly_name"": ""UPNP IGD Download speed""}"
2025-07-19T20:28:08.249467,sensor.upnp_igd_upload_speed,2.69337376309855,1.83026870550099,"{""state_class"": ""measurement"", ""unit_of_measurement"": ""KiB/s"", ""device_class"": ""data_rate"", ""friendly_name"": ""UPNP IGD Upload speed""}"
2025-07-19T20:28:08.251140,sensor.upnp_igd_packet_download_speed,48.4020135237626,57.6008755333081,"{""state_class"": ""measurement"", ""unit_of_measurement"": ""packets/s"", ""friendly_name"": ""UPNP IGD Packet download speed""}"
2025-07-19T20:28:08.252887,sensor.upnp_igd_packet_upload_speed,14.9339545858441,15.2002310435119,"{""state_class"": ""measurement"", ""unit_of_measurement"": ""packets/s"", ""friendly_name"": ""UPNP IGD Packet upload speed""}"
2025-07-19T20:28:10.267396,automation.aut_status_bruno,on,on,"{""id"": ""1751855857509"", ""last_triggered"": ""2025-07-19T23:28:10.252744+00:00"", ""mode"": ""single"", ""current"": 1, ""friendly_name"": ""aut-status-bruno""}"
2025-07-19T20:28:10.269568,automation.aut_status_bruno,on,on,"{""id"": ""1751855857509"", ""last_triggered"": ""2025-07-19T23:28:10.252744+00:00"", ""mode"": ""single"", ""current"": 0, ""friendly_name"": ""aut-status-bruno""}"
2025-07-19T20:28:38.238891,sensor.upnp_igd_data_received,2911910104,2912018008,"{""state_class"": ""total_increasing"", ""unit_of_measurement"": ""B"", ""device_class"": ""data_size"", ""friendly_name"": ""UPNP IGD Data received""}"
2025-07-19T20:28:38.240732,sensor.upnp_igd_data_sent,988986252,989065829,"{""state_class"": ""total_increasing"", ""unit_of_measurement"": ""B"", ""device_class"": ""data_size"", ""friendly_name"": ""UPNP IGD Data sent""}"
2025-07-19T20:28:38.242304,sensor.upnp_igd_packets_received,7776948,7778237,"{""state_class"": ""total_increasing"", ""unit_of_measurement"": ""packets"", ""friendly_name"": ""UPNP IGD Packets received""}"
2025-07-19T20:28:38.243770,sensor.upnp_igd_packets_sent,3791330,3791735,"{""state_class"": ""total_increasing"", ""unit_of_measurement"": ""packets"", ""friendly_name"": ""UPNP IGD Packets sent""}"
2025-07-19T20:28:38.245101,sensor.upnp_igd_uptime,1752967614,1752967644,"{""unit_of_measurement"": ""s"", ""device_class"": ""duration"", ""friendly_name"": ""UPNP IGD Uptime""}"
2025-07-19T20:28:38.246502,sensor.upnp_igd_download_speed,20.5447784264654,3.5124665144859,"{""state_class"": ""measurement"", ""unit_of_measurement"": ""KiB/s"", ""device_class"": ""data_rate"", ""friendly_name"": ""UPNP IGD Download speed""}"
2025-07-19T20:28:38.247940,sensor.upnp_igd_upload_speed,1.83026870550099,2.59037244053273,"{""state_class"": ""measurement"", ""unit_of_measurement"": ""KiB/s"", ""device_class"": ""data_rate"", ""friendly_name"": ""UPNP IGD Upload speed""}"
2025-07-19T20:28:38.249304,sensor.upnp_igd_packet_download_speed,57.6008755333081,42.9662570550161,"{""state_class"": ""measurement"", ""unit_of_measurement"": ""packets/s"", ""friendly_name"": ""UPNP IGD Packet download speed""}"
2025-07-19T20:28:38.250714,sensor.upnp_igd_packet_upload_speed,15.2002310435119,13.4998713012269,"{""state_class"": ""measurement"", ""unit_of_measurement"": ""packets/s"", ""friendly_name"": ""UPNP IGD Packet upload speed""}"
2025-07-19T20:29:08.241893,sensor.upnp_igd_data_received,2912018008,2912140033,"{""state_class"": ""total_increasing"", ""unit_of_measurement"": ""B"", ""device_class"": ""data_size"", ""friendly_name"": ""UPNP IGD Data received""}"
2025-07-19T20:29:08.243635,sensor.upnp_igd_data_sent,989065829,989116788,"{""state_class"": ""total_increasing"", ""unit_of_measurement"": ""B"", ""device_class"": ""data_size"", ""friendly_name"": ""UPNP IGD Data sent""}"
2025-07-19T20:29:08.245102,sensor.upnp_igd_packets_received,7778237,7779526,"{""state_class"": ""total_increasing"", ""unit_of_measurement"": ""packets"", ""friendly_name"": ""UPNP IGD Packets received""}"
2025-07-19T20:29:08.246469,sensor.upnp_igd_packets_sent,3791735,3792100,"{""state_class"": ""total_increasing"", ""unit_of_measurement"": ""packets"", ""friendly_name"": ""UPNP IGD Packets sent""}"
2025-07-19T20:29:08.247829,sensor.upnp_igd_uptime,1752967644,1752967674,"{""unit_of_measurement"": ""s"", ""device_class"": ""duration"", ""friendly_name"": ""UPNP IGD Uptime""}"
2025-07-19T20:29:08.249289,sensor.upnp_igd_download_speed,3.5124665144859,3.97218028250888,"{""state_class"": ""measurement"", ""unit_of_measurement"": ""KiB/s"", ""device_class"": ""data_rate"", ""friendly_name"": ""UPNP IGD Download speed""}"
2025-07-19T20:29:08.250731,sensor.upnp_igd_upload_speed,2.59037244053273,1.65882675694628,"{""state_class"": ""measurement"", ""unit_of_measurement"": ""KiB/s"", ""device_class"": ""data_rate"", ""friendly_name"": ""UPNP IGD Upload speed""}"
2025-07-19T20:29:08.252155,sensor.upnp_igd_packet_download_speed,42.9662570550161,42.9667998637462,"{""state_class"": ""measurement"", ""unit_of_measurement"": ""packets/s"", ""friendly_name"": ""UPNP IGD Packet download speed""}"
2025-07-19T20:29:08.253713,sensor.upnp_igd_packet_upload_speed,13.4998713012269,12.1667043834503,"{""state_class"": ""measurement"", ""unit_of_measurement"": ""packets/s"", ""friendly_name"": ""UPNP IGD Packet upload speed""}"
2025-07-19T20:29:10.260174,automation.aut_status_bruno,on,on,"{""id"": ""1751855857509"", ""last_triggered"": ""2025-07-19T23:29:10.253059+00:00"", ""mode"": ""single"", ""current"": 1, ""friendly_name"": ""aut-status-bruno""}"
2025-07-19T20:29:10.264067,automation.aut_status_bruno,on,on,"{""id"": ""1751855857509"", ""last_triggered"": ""2025-07-19T23:29:10.253059+00:00"", ""mode"": ""single"", ""current"": 0, ""friendly_name"": ""aut-status-bruno""}"
2025-07-19T20:29:38.252671,sensor.upnp_igd_data_received,2912140033,2912280220,"{""state_class"": ""total_increasing"", ""unit_of_measurement"": ""B"", ""device_class"": ""data_size"", ""friendly_name"": ""UPNP IGD Data received""}"
2025-07-19T20:29:38.255606,sensor.upnp_igd_data_sent,989116788,989175587,"{""state_class"": ""total_increasing"", ""unit_of_measurement"": ""B"", ""device_class"": ""data_size"", ""friendly_name"": ""UPNP IGD Data sent""}"
2025-07-19T20:29:38.257009,sensor.upnp_igd_packets_received,7779526,7780906,"{""state_class"": ""total_increasing"", ""unit_of_measurement"": ""packets"", ""friendly_name"": ""UPNP IGD Packets received""}"
2025-07-19T20:29:38.258197,sensor.upnp_igd_packets_sent,3792100,3792504,"{""state_class"": ""total_increasing"", ""unit_of_measurement"": ""packets"", ""friendly_name"": ""UPNP IGD Packets sent""}"
2025-07-19T20:29:38.259433,sensor.upnp_igd_uptime,1752967674,1752967704,"{""unit_of_measurement"": ""s"", ""device_class"": ""duration"", ""friendly_name"": ""UPNP IGD Uptime""}"
2025-07-19T20:29:38.260998,sensor.upnp_igd_download_speed,3.97218028250888,4.56327364673788,"{""state_class"": ""measurement"", ""unit_of_measurement"": ""KiB/s"", ""device_class"": ""data_rate"", ""friendly_name"": ""UPNP IGD Download speed""}"
2025-07-19T20:29:38.262425,sensor.upnp_igd_upload_speed,1.65882675694628,1.91398579864424,"{""state_class"": ""measurement"", ""unit_of_measurement"": ""KiB/s"", ""device_class"": ""data_rate"", ""friendly_name"": ""UPNP IGD Upload speed""}"
2025-07-19T20:29:38.263912,sensor.upnp_igd_packet_download_speed,42.9667998637462,45.998938957808,"{""state_class"": ""measurement"", ""unit_of_measurement"": ""packets/s"", ""friendly_name"": ""UPNP IGD Packet download speed""}"
2025-07-19T20:29:38.265322,sensor.upnp_igd_packet_upload_speed,12.1667043834503,13.4663560427206,"{""state_class"": ""measurement"", ""unit_of_measurement"": ""packets/s"", ""friendly_name"": ""UPNP IGD Packet upload speed""}"
2025-07-19T20:30:08.240401,sensor.upnp_igd_data_received,2912280220,2912367087,"{""state_class"": ""total_increasing"", ""unit_of_measurement"": ""B"", ""device_class"": ""data_size"", ""friendly_name"": ""UPNP IGD Data received""}"
2025-07-19T20:30:08.242792,sensor.upnp_igd_data_sent,989175587,989203596,"{""state_class"": ""total_increasing"", ""unit_of_measurement"": ""B"", ""device_class"": ""data_size"", ""friendly_name"": ""UPNP IGD Data sent""}"
2025-07-19T20:30:08.244474,sensor.upnp_igd_packets_received,7780906,7782175,"{""state_class"": ""total_increasing"", ""unit_of_measurement"": ""packets"", ""friendly_name"": ""UPNP IGD Packets received""}"
2025-07-19T20:30:08.245924,sensor.upnp_igd_packets_sent,3792504,3792794,"{""state_class"": ""total_increasing"", ""unit_of_measurement"": ""packets"", ""friendly_name"": ""UPNP IGD Packets sent""}"
2025-07-19T20:30:08.247261,sensor.upnp_igd_uptime,1752967704,1752967734,"{""unit_of_measurement"": ""s"", ""device_class"": ""duration"", ""friendly_name"": ""UPNP IGD Uptime""}"
2025-07-19T20:30:08.248750,sensor.upnp_igd_download_speed,4.56327364673788,2.82768872129226,"{""state_class"": ""measurement"", ""unit_of_measurement"": ""KiB/s"", ""device_class"": ""data_rate"", ""friendly_name"": ""UPNP IGD Download speed""}"
2025-07-19T20:30:08.250160,sensor.upnp_igd_upload_speed,1.91398579864424,0.911747077655207,"{""state_class"": ""measurement"", ""unit_of_measurement"": ""KiB/s"", ""device_class"": ""data_rate"", ""friendly_name"": ""UPNP IGD Upload speed""}"
2025-07-19T20:30:08.251587,sensor.upnp_igd_packet_download_speed,45.998938957808,42.2998040109081,"{""state_class"": ""measurement"", ""unit_of_measurement"": ""packets/s"", ""friendly_name"": ""UPNP IGD Packet download speed""}"
2025-07-19T20:30:08.253054,sensor.upnp_igd_packet_upload_speed,13.4663560427206,9.6666218779853,"{""state_class"": ""measurement"", ""unit_of_measurement"": ""packets/s"", ""friendly_name"": ""UPNP IGD Packet upload speed""}"
2025-07-19T20:30:10.260994,automation.aut_status_bruno,on,on,"{""id"": ""1751855857509"", ""last_triggered"": ""2025-07-19T23:30:10.254264+00:00"", ""mode"": ""single"", ""current"": 1, ""friendly_name"": ""aut-status-bruno""}"
2025-07-19T20:30:10.263681,automation.aut_status_bruno,on,on,"{""id"": ""1751855857509"", ""last_triggered"": ""2025-07-19T23:30:10.254264+00:00"", ""mode"": ""single"", ""current"": 0, ""friendly_name"": ""aut-status-bruno""}"
2025-07-19T20:30:38.264622,sensor.upnp_igd_data_received,2912367087,2912490223,"{""state_class"": ""total_increasing"", ""unit_of_measurement"": ""B"", ""device_class"": ""data_size"", ""friendly_name"": ""UPNP IGD Data received""}"
2025-07-19T20:30:38.281382,sensor.upnp_igd_data_sent,989203596,989243631,"{""state_class"": ""total_increasing"", ""unit_of_measurement"": ""B"", ""device_class"": ""data_size"", ""friendly_name"": ""UPNP IGD Data sent""}"
2025-07-19T20:30:38.284890,sensor.upnp_igd_packets_received,7782175,7783516,"{""state_class"": ""total_increasing"", ""unit_of_measurement"": ""packets"", ""friendly_name"": ""UPNP IGD Packets received""}"
2025-07-19T20:30:38.288093,sensor.upnp_igd_packets_sent,3792794,3793157,"{""state_class"": ""total_increasing"", ""unit_of_measurement"": ""packets"", ""friendly_name"": ""UPNP IGD Packets sent""}"
2025-07-19T20:30:38.290991,sensor.upnp_igd_uptime,1752967734,1752967764,"{""unit_of_measurement"": ""s"", ""device_class"": ""duration"", ""friendly_name"": ""UPNP IGD Uptime""}"
2025-07-19T20:30:38.294186,sensor.upnp_igd_download_speed,2.82768872129226,4.00822337440543,"{""state_class"": ""measurement"", ""unit_of_measurement"": ""KiB/s"", ""device_class"": ""data_rate"", ""friendly_name"": ""UPNP IGD Download speed""}"
2025-07-19T20:30:38.299647,sensor.upnp_igd_upload_speed,0.911747077655207,1.30318690548923,"{""state_class"": ""measurement"", ""unit_of_measurement"": ""KiB/s"", ""device_class"": ""data_rate"", ""friendly_name"": ""UPNP IGD Upload speed""}"
2025-07-19T20:30:38.302613,sensor.upnp_igd_packet_download_speed,42.2998040109081,44.6987737636397,"{""state_class"": ""measurement"", ""unit_of_measurement"": ""packets/s"", ""friendly_name"": ""UPNP IGD Packet download speed""}"
2025-07-19T20:30:38.307094,sensor.upnp_igd_packet_upload_speed,9.6666218779853,12.0996680657727,"{""state_class"": ""measurement"", ""unit_of_measurement"": ""packets/s"", ""friendly_name"": ""UPNP IGD Packet upload speed""}"
2025-07-19T20:31:08.238787,sensor.upnp_igd_data_received,2912490223,2912874185,"{""state_class"": ""total_increasing"", ""unit_of_measurement"": ""B"", ""device_class"": ""data_size"", ""friendly_name"": ""UPNP IGD Data received""}"
2025-07-19T20:31:08.241958,sensor.upnp_igd_data_sent,989243631,989472442,"{""state_class"": ""total_increasing"", ""unit_of_measurement"": ""B"", ""device_class"": ""data_size"", ""friendly_name"": ""UPNP IGD Data sent""}"
2025-07-19T20:31:08.243505,sensor.upnp_igd_packets_received,7783516,7785447,"{""state_class"": ""total_increasing"", ""unit_of_measurement"": ""packets"", ""friendly_name"": ""UPNP IGD Packets received""}"
2025-07-19T20:31:08.244886,sensor.upnp_igd_packets_sent,3793157,3794199,"{""state_class"": ""total_increasing"", ""unit_of_measurement"": ""packets"", ""friendly_name"": ""UPNP IGD Packets sent""}"
2025-07-19T20:31:08.246175,sensor.upnp_igd_uptime,1752967764,1752967794,"{""unit_of_measurement"": ""s"", ""device_class"": ""duration"", ""friendly_name"": ""UPNP IGD Uptime""}"
2025-07-19T20:31:08.247672,sensor.upnp_igd_download_speed,4.00822337440543,12.4994438238736,"{""state_class"": ""measurement"", ""unit_of_measurement"": ""KiB/s"", ""device_class"": ""data_rate"", ""friendly_name"": ""UPNP IGD Download speed""}"
2025-07-19T20:31:08.249065,sensor.upnp_igd_upload_speed,1.30318690548923,7.4486804443782,"{""state_class"": ""measurement"", ""unit_of_measurement"": ""KiB/s"", ""device_class"": ""data_rate"", ""friendly_name"": ""UPNP IGD Upload speed""}"
2025-07-19T20:31:08.250407,sensor.upnp_igd_packet_download_speed,44.6987737636397,64.3701726954061,"{""state_class"": ""measurement"", ""unit_of_measurement"": ""packets/s"", ""friendly_name"": ""UPNP IGD Packet download speed""}"
2025-07-19T20:31:08.251842,sensor.upnp_igd_packet_upload_speed,12.0996680657727,34.7352252452684,"{""state_class"": ""measurement"", ""unit_of_measurement"": ""packets/s"", ""friendly_name"": ""UPNP IGD Packet upload speed""}"
2025-07-19T20:31:10.262948,automation.aut_status_bruno,on,on,"{""id"": ""1751855857509"", ""last_triggered"": ""2025-07-19T23:31:10.252282+00:00"", ""mode"": ""single"", ""current"": 1, ""friendly_name"": ""aut-status-bruno""}"
2025-07-19T20:31:10.265100,automation.aut_status_bruno,on,on,"{""id"": ""1751855857509"", ""last_triggered"": ""2025-07-19T23:31:10.252282+00:00"", ""mode"": ""single"", ""current"": 0, ""friendly_name"": ""aut-status-bruno""}"
2025-07-19T20:31:19.328424,binary_sensor.human_presence_sensor_occupancy,off,on,"{""device_class"": ""occupancy"", ""friendly_name"": ""Presen\u00e7a Quarto  Occupancy""}"
2025-07-19T20:31:19.331821,automation.aut_lampada_quarto,on,on,"{""id"": ""1746067262247"", ""last_triggered"": ""2025-07-19T23:31:19.317999+00:00"", ""mode"": ""single"", ""current"": 1, ""friendly_name"": ""aut-quarto""}"
2025-07-19T20:31:20.024207,automation.aut_lampada_quarto,on,on,"{""id"": ""1746067262247"", ""last_triggered"": ""2025-07-19T23:31:19.317999+00:00"", ""mode"": ""single"", ""current"": 0, ""friendly_name"": ""aut-quarto""}"
2025-07-19T20:31:20.541267,light.lampada_quarto,off,on,"{""min_color_temp_kelvin"": 2000, ""max_color_temp_kelvin"": 6500, ""min_mireds"": 153, ""max_mireds"": 500, ""supported_color_modes"": [""color_temp"", ""hs""], ""color_mode"": ""color_temp"", ""brightness"": 255, ""color_temp_kelvin"": 2000, ""color_temp"": 500, ""hs_color"": [30.601, 94.547], ""rgb_color"": [255, 137, 14], ""xy_color"": [0.598, 0.383], ""friendly_name"": ""L\u00e2mpada quarto "", ""supported_features"": 0}"
2025-07-19T20:31:38.242224,sensor.upnp_igd_data_received,2912874185,2912985339,"{""state_class"": ""total_increasing"", ""unit_of_measurement"": ""B"", ""device_class"": ""data_size"", ""friendly_name"": ""UPNP IGD Data received""}"
2025-07-19T20:31:38.244688,sensor.upnp_igd_data_sent,989472442,989550474,"{""state_class"": ""total_increasing"", ""unit_of_measurement"": ""B"", ""device_class"": ""data_size"", ""friendly_name"": ""UPNP IGD Data sent""}"
2025-07-19T20:31:38.246024,sensor.upnp_igd_packets_received,7785447,7786743,"{""state_class"": ""total_increasing"", ""unit_of_measurement"": ""packets"", ""friendly_name"": ""UPNP IGD Packets received""}"
2025-07-19T20:31:38.247185,sensor.upnp_igd_packets_sent,3794199,3794603,"{""state_class"": ""total_increasing"", ""unit_of_measurement"": ""packets"", ""friendly_name"": ""UPNP IGD Packets sent""}"
2025-07-19T20:31:38.248761,sensor.upnp_igd_uptime,1752967794,1752967824,"{""unit_of_measurement"": ""s"", ""device_class"": ""duration"", ""friendly_name"": ""UPNP IGD Uptime""}"
2025-07-19T20:31:38.250183,sensor.upnp_igd_download_speed,12.4994438238736,3.61830802040381,"{""state_class"": ""measurement"", ""unit_of_measurement"": ""KiB/s"", ""device_class"": ""data_rate"", ""friendly_name"": ""UPNP IGD Download speed""}"
2025-07-19T20:31:38.251682,sensor.upnp_igd_upload_speed,7.4486804443782,2.54011381909918,"{""state_class"": ""measurement"", ""unit_of_measurement"": ""KiB/s"", ""device_class"": ""data_rate"", ""friendly_name"": ""UPNP IGD Upload speed""}"
2025-07-19T20:31:38.253185,sensor.upnp_igd_packet_download_speed,64.3701726954061,43.2001641606238,"{""state_class"": ""measurement"", ""unit_of_measurement"": ""packets/s"", ""friendly_name"": ""UPNP IGD Packet download speed""}"
2025-07-19T20:31:38.254530,sensor.upnp_igd_packet_upload_speed,34.7352252452684,13.4667178401945,"{""state_class"": ""measurement"", ""unit_of_measurement"": ""packets/s"", ""friendly_name"": ""UPNP IGD Packet upload speed""}"
2025-07-19T20:31:43.938341,binary_sensor.presenca_sala_motion,on,off,"{""device_class"": ""motion"", ""friendly_name"": ""Presen\u00e7a sala Motion""}"
2025-07-19T20:31:43.943085,automation.aut_sala,on,on,"{""id"": ""1746116908353"", ""last_triggered"": ""2025-07-19T23:31:43.932358+00:00"", ""mode"": ""single"", ""current"": 1, ""friendly_name"": ""aut-sala""}"
2025-07-19T20:31:44.152451,automation.aut_sala,on,on,"{""id"": ""1746116908353"", ""last_triggered"": ""2025-07-19T23:31:43.932358+00:00"", ""mode"": ""single"", ""current"": 0, ""friendly_name"": ""aut-sala""}"
2025-07-19T20:31:44.654895,switch.interruptor_sala_switch_1,on,off,"{""device_class"": ""outlet"", ""friendly_name"": ""Interruptor sala Switch 1""}"
2025-07-19T20:32:08.257655,sensor.upnp_igd_data_received,2912985339,2913101109,"{""state_class"": ""total_increasing"", ""unit_of_measurement"": ""B"", ""device_class"": ""data_size"", ""friendly_name"": ""UPNP IGD Data received""}"
2025-07-19T20:32:08.259244,sensor.upnp_igd_data_sent,989550474,989600893,"{""state_class"": ""total_increasing"", ""unit_of_measurement"": ""B"", ""device_class"": ""data_size"", ""friendly_name"": ""UPNP IGD Data sent""}"
2025-07-19T20:32:08.260779,sensor.upnp_igd_packets_received,7786743,7788017,"{""state_class"": ""total_increasing"", ""unit_of_measurement"": ""packets"", ""friendly_name"": ""UPNP IGD Packets received""}"
2025-07-19T20:32:08.262002,sensor.upnp_igd_packets_sent,3794603,3794954,"{""state_class"": ""total_increasing"", ""unit_of_measurement"": ""packets"", ""friendly_name"": ""UPNP IGD Packets sent""}"
2025-07-19T20:32:08.263193,sensor.upnp_igd_uptime,1752967824,1752967854,"{""unit_of_measurement"": ""s"", ""device_class"": ""duration"", ""friendly_name"": ""UPNP IGD Uptime""}"
2025-07-19T20:32:08.264936,sensor.upnp_igd_download_speed,3.61830802040381,3.7684497989806,"{""state_class"": ""measurement"", ""unit_of_measurement"": ""KiB/s"", ""device_class"": ""data_rate"", ""friendly_name"": ""UPNP IGD Download speed""}"
2025-07-19T20:32:08.266668,sensor.upnp_igd_upload_speed,2.54011381909918,1.64119780957763,"{""state_class"": ""measurement"", ""unit_of_measurement"": ""KiB/s"", ""device_class"": ""data_rate"", ""friendly_name"": ""UPNP IGD Upload speed""}"
2025-07-19T20:32:08.268452,sensor.upnp_igd_packet_download_speed,43.2001641606238,42.4654847106756,"{""state_class"": ""measurement"", ""unit_of_measurement"": ""packets/s"", ""friendly_name"": ""UPNP IGD Packet download speed""}"
2025-07-19T20:32:08.270163,sensor.upnp_igd_packet_upload_speed,13.4667178401945,11.6996743590637,"{""state_class"": ""measurement"", ""unit_of_measurement"": ""packets/s"", ""friendly_name"": ""UPNP IGD Packet upload speed""}"
2025-07-19T20:32:10.260701,automation.aut_status_bruno,on,on,"{""id"": ""1751855857509"", ""last_triggered"": ""2025-07-19T23:32:10.253030+00:00"", ""mode"": ""single"", ""current"": 1, ""friendly_name"": ""aut-status-bruno""}"
2025-07-19T20:32:10.263377,automation.aut_status_bruno,on,on,"{""id"": ""1751855857509"", ""last_triggered"": ""2025-07-19T23:32:10.253030+00:00"", ""mode"": ""single"", ""current"": 0, ""friendly_name"": ""aut-status-bruno""}"
2025-07-19T20:32:38.243970,sensor.upnp_igd_data_received,2913101109,2915640770,"{""state_class"": ""total_increasing"", ""unit_of_measurement"": ""B"", ""device_class"": ""data_size"", ""friendly_name"": ""UPNP IGD Data received""}"
2025-07-19T20:32:38.246756,sensor.upnp_igd_data_sent,989600893,989697840,"{""state_class"": ""total_increasing"", ""unit_of_measurement"": ""B"", ""device_class"": ""data_size"", ""friendly_name"": ""UPNP IGD Data sent""}"
2025-07-19T20:32:38.248370,sensor.upnp_igd_packets_received,7788017,7791257,"{""state_class"": ""total_increasing"", ""unit_of_measurement"": ""packets"", ""friendly_name"": ""UPNP IGD Packets received""}"
2025-07-19T20:32:38.249881,sensor.upnp_igd_packets_sent,3794954,3795594,"{""state_class"": ""total_increasing"", ""unit_of_measurement"": ""packets"", ""friendly_name"": ""UPNP IGD Packets sent""}"
2025-07-19T20:32:38.251205,sensor.upnp_igd_uptime,1752967854,1752967884,"{""unit_of_measurement"": ""s"", ""device_class"": ""duration"", ""friendly_name"": ""UPNP IGD Uptime""}"
2025-07-19T20:32:38.252737,sensor.upnp_igd_download_speed,3.7684497989806,82.6713832732044,"{""state_class"": ""measurement"", ""unit_of_measurement"": ""KiB/s"", ""device_class"": ""data_rate"", ""friendly_name"": ""UPNP IGD Download speed""}"
2025-07-19T20:32:38.254302,sensor.upnp_igd_upload_speed,1.64119780957763,3.15583166185855,"{""state_class"": ""measurement"", ""unit_of_measurement"": ""KiB/s"", ""device_class"": ""data_rate"", ""friendly_name"": ""UPNP IGD Upload speed""}"
2025-07-19T20:32:38.255849,sensor.upnp_igd_packet_download_speed,42.4654847106756,108.000165600254,"{""state_class"": ""measurement"", ""unit_of_measurement"": ""packets/s"", ""friendly_name"": ""UPNP IGD Packet download speed""}"
2025-07-19T20:32:38.257284,sensor.upnp_igd_packet_upload_speed,11.6996743590637,21.3333660444946,"{""state_class"": ""measurement"", ""unit_of_measurement"": ""packets/s"", ""friendly_name"": ""UPNP IGD Packet upload speed""}"
2025-07-19T20:32:51.235076,camera.192_168_0_33,idle,idle,"{""access_token"": ""ab63b163726107dca03d9cb4f545f2dea91130406005085a9d1761a760617248"", ""entity_picture"": ""/api/camera_proxy/camera.192_168_0_33?token=ab63b163726107dca03d9cb4f545f2dea91130406005085a9d1761a760617248"", ""friendly_name"": ""192_168_0_14"", ""supported_features"": 2}"
2025-07-19T20:32:51.237376,camera.admin_mainstream,idle,idle,"{""access_token"": ""458bbec7540d253c2aefb6cadd414c8d02a92632728dceb7ec6d22359b4853a9"", ""entity_picture"": ""/api/camera_proxy/camera.admin_mainstream?token=458bbec7540d253c2aefb6cadd414c8d02a92632728dceb7ec6d22359b4853a9"", ""friendly_name"": ""admin MainStream"", ""supported_features"": 2}"
2025-07-19T20:32:51.239466,camera.admin_substream,idle,idle,"{""access_token"": ""a90eb135ecee04557e606d998d7f5b46ae0f8157c3502a7a2d52d3c85fb752b"", ""entity_picture"": ""/api/camera_proxy/camera.admin_substream?token=a90eb135ecee04557e606d998d7f5b46ae0f8157c3502a7a2d52d3c85fb752b"", ""friendly_name"": ""admin SubStream"", ""supported_features"": 2}"
2025-07-19T20:32:59.553447,binary_sensor.presenca_sala_motion,off,on,"{""device_class"": ""motion"", ""friendly_name"": ""Presen\u00e7a sala Motion""}"
2025-07-19T20:32:59.557443,automation.aut_sala,on,on,"{""id"": ""1746116908353"", ""last_triggered"": ""2025-07-19T23:32:59.547385+00:00"", ""mode"": ""single"", ""current"": 1, ""friendly_name"": ""aut-sala""}"
2025-07-19T20:32:59.781929,automation.aut_sala,on,on,"{""id"": ""1746116908353"", ""last_triggered"": ""2025-07-19T23:32:59.547385+00:00"", ""mode"": ""single"", ""current"": 0, ""friendly_name"": ""aut-sala""}"
2025-07-19T20:33:00.347103,switch.interruptor_sala_switch_1,off,on,"{""device_class"": ""outlet"", ""friendly_name"": ""Interruptor sala Switch 1""}"
2025-07-19T20:33:08.239263,sensor.upnp_igd_data_received,2915640770,2915912926,"{""state_class"": ""total_increasing"", ""unit_of_measurement"": ""B"", ""device_class"": ""data_size"", ""friendly_name"": ""UPNP IGD Data received""}"
2025-07-19T20:33:08.241157,sensor.upnp_igd_data_sent,989697840,989783808,"{""state_class"": ""total_increasing"", ""unit_of_measurement"": ""B"", ""device_class"": ""data_size"", ""friendly_name"": ""UPNP IGD Data sent""}"
2025-07-19T20:33:08.242980,sensor.upnp_igd_packets_received,7791257,7792807,"{""state_class"": ""total_increasing"", ""unit_of_measurement"": ""packets"", ""friendly_name"": ""UPNP IGD Packets received""}"
2025-07-19T20:33:08.244748,sensor.upnp_igd_packets_sent,3795594,3796146,"{""state_class"": ""total_increasing"", ""unit_of_measurement"": ""packets"", ""friendly_name"": ""UPNP IGD Packets sent""}"
2025-07-19T20:33:08.246151,sensor.upnp_igd_uptime,1752967884,1752967914,"{""unit_of_measurement"": ""s"", ""device_class"": ""duration"", ""friendly_name"": ""UPNP IGD Uptime""}"
2025-07-19T20:33:08.247621,sensor.upnp_igd_download_speed,82.6713832732044,8.85948163514238,"{""state_class"": ""measurement"", ""unit_of_measurement"": ""KiB/s"", ""device_class"": ""data_rate"", ""friendly_name"": ""UPNP IGD Download speed""}"
2025-07-19T20:33:08.249099,sensor.upnp_igd_upload_speed,3.15583166185855,2.79851231356252,"{""state_class"": ""measurement"", ""unit_of_measurement"": ""KiB/s"", ""device_class"": ""data_rate"", ""friendly_name"": ""UPNP IGD Upload speed""}"
2025-07-19T20:33:08.250595,sensor.upnp_igd_packet_download_speed,108.000165600254,51.6680479258145,"{""state_class"": ""measurement"", ""unit_of_measurement"": ""packets/s"", ""friendly_name"": ""UPNP IGD Packet download speed""}"
2025-07-19T20:33:08.252047,sensor.upnp_igd_packet_upload_speed,21.3333660444946,18.4004919064836,"{""state_class"": ""measurement"", ""unit_of_measurement"": ""packets/s"", ""friendly_name"": ""UPNP IGD Packet upload speed""}"
2025-07-19T20:33:10.259673,automation.aut_status_bruno,on,on,"{""id"": ""1751855857509"", ""last_triggered"": ""2025-07-19T23:33:10.253133+00:00"", ""mode"": ""single"", ""current"": 1, ""friendly_name"": ""aut-status-bruno""}"
2025-07-19T20:33:10.261899,automation.aut_status_bruno,on,on,"{""id"": ""1751855857509"", ""last_triggered"": ""2025-07-19T23:33:10.253133+00:00"", ""mode"": ""single"", ""current"": 0, ""friendly_name"": ""aut-status-bruno""}"
2025-07-19T20:33:38.237111,sensor.upnp_igd_data_received,2915912926,2916073135,"{""state_class"": ""total_increasing"", ""unit_of_measurement"": ""B"", ""device_class"": ""data_size"", ""friendly_name"": ""UPNP IGD Data received""}"
2025-07-19T20:33:38.239898,sensor.upnp_igd_data_sent,989783808,989879766,"{""state_class"": ""total_increasing"", ""unit_of_measurement"": ""B"", ""device_class"": ""data_size"", ""friendly_name"": ""UPNP IGD Data sent""}"
2025-07-19T20:33:38.241360,sensor.upnp_igd_packets_received,7792807,7794197,"{""state_class"": ""total_increasing"", ""unit_of_measurement"": ""packets"", ""friendly_name"": ""UPNP IGD Packets received""}"
2025-07-19T20:33:38.242833,sensor.upnp_igd_packets_sent,3796146,3796602,"{""state_class"": ""total_increasing"", ""unit_of_measurement"": ""packets"", ""friendly_name"": ""UPNP IGD Packets sent""}"
2025-07-19T20:33:38.244202,sensor.upnp_igd_uptime,1752967914,1752967944,"{""unit_of_measurement"": ""s"", ""device_class"": ""duration"", ""friendly_name"": ""UPNP IGD Uptime""}"
2025-07-19T20:33:38.245584,sensor.upnp_igd_download_speed,8.85948163514238,5.21512455012605,"{""state_class"": ""measurement"", ""unit_of_measurement"": ""KiB/s"", ""device_class"": ""data_rate"", ""friendly_name"": ""UPNP IGD Download speed""}"
2025-07-19T20:33:38.246986,sensor.upnp_igd_upload_speed,2.79851231356252,3.12362552404044,"{""state_class"": ""measurement"", ""unit_of_measurement"": ""KiB/s"", ""device_class"": ""data_rate"", ""friendly_name"": ""UPNP IGD Upload speed""}"
2025-07-19T20:33:38.248401,sensor.upnp_igd_packet_download_speed,51.6680479258145,46.3332252224745,"{""state_class"": ""measurement"", ""unit_of_measurement"": ""packets/s"", ""friendly_name"": ""UPNP IGD Packet download speed""}"
2025-07-19T20:33:38.249775,sensor.upnp_igd_packet_upload_speed,18.4004919064836,15.1999645334161,"{""state_class"": ""measurement"", ""unit_of_measurement"": ""packets/s"", ""friendly_name"": ""UPNP IGD Packet upload speed""}"
2025-07-19T20:33:43.072070,binary_sensor.presenca_banheiro_motion,off,on,"{""device_class"": ""motion"", ""friendly_name"": ""Presen\u00e7a banheiro Motion""}"
2025-07-19T20:33:43.078743,automation.auto_banheiro,on,on,"{""id"": ""1747870075916"", ""last_triggered"": ""2025-07-19T23:33:43.066028+00:00"", ""mode"": ""single"", ""current"": 1, ""friendly_name"": ""auto-banheiro""}"
2025-07-19T20:33:43.681047,automation.auto_banheiro,on,on,"{""id"": ""1747870075916"", ""last_triggered"": ""2025-07-19T23:33:43.066028+00:00"", ""mode"": ""single"", ""current"": 0, ""friendly_name"": ""auto-banheiro""}"
2025-07-19T20:33:43.841067,switch.interruptor_banheiro_switch_1,off,on,"{""device_class"": ""outlet"", ""friendly_name"": ""Interruptor banheiro Switch 1""}"
2025-07-19T20:33:44.119676,switch.interruptor_banheiro_switch_2,off,on,"{""device_class"": ""outlet"", ""friendly_name"": ""Interruptor banheiro Switch 2""}"
2025-07-19T20:34:00.686665,binary_sensor.presenca_sala_motion,on,off,"{""device_class"": ""motion"", ""friendly_name"": ""Presen\u00e7a sala Motion""}"
2025-07-19T20:34:00.691009,automation.aut_sala,on,on,"{""id"": ""1746116908353"", ""last_triggered"": ""2025-07-19T23:34:00.676667+00:00"", ""mode"": ""single"", ""current"": 1, ""friendly_name"": ""aut-sala""}"
2025-07-19T20:34:00.907834,automation.aut_sala,on,on,"{""id"": ""1746116908353"", ""last_triggered"": ""2025-07-19T23:34:00.676667+00:00"", ""mode"": ""single"", ""current"": 0, ""friendly_name"": ""aut-sala""}"
2025-07-19T20:34:01.496922,switch.interruptor_sala_switch_1,on,off,"{""device_class"": ""outlet"", ""friendly_name"": ""Interruptor sala Switch 1""}"
2025-07-19T20:34:08.240259,sensor.upnp_igd_data_received,2916073135,2916206612,"{""state_class"": ""total_increasing"", ""unit_of_measurement"": ""B"", ""device_class"": ""data_size"", ""friendly_name"": ""UPNP IGD Data received""}"
2025-07-19T20:34:08.242945,sensor.upnp_igd_data_sent,989879766,989954509,"{""state_class"": ""total_increasing"", ""unit_of_measurement"": ""B"", ""device_class"": ""data_size"", ""friendly_name"": ""UPNP IGD Data sent""}"
2025-07-19T20:34:08.244474,sensor.upnp_igd_packets_received,7794197,7795575,"{""state_class"": ""total_increasing"", ""unit_of_measurement"": ""packets"", ""friendly_name"": ""UPNP IGD Packets received""}"
2025-07-19T20:34:08.245930,sensor.upnp_igd_packets_sent,3796602,3797059,"{""state_class"": ""total_increasing"", ""unit_of_measurement"": ""packets"", ""friendly_name"": ""UPNP IGD Packets sent""}"
2025-07-19T20:34:08.247259,sensor.upnp_igd_uptime,1752967944,1752967974,"{""unit_of_measurement"": ""s"", ""device_class"": ""duration"", ""friendly_name"": ""UPNP IGD Uptime""}"
2025-07-19T20:34:08.248708,sensor.upnp_igd_download_speed,5.21512455012605,4.34487158486512,"{""state_class"": ""measurement"", ""unit_of_measurement"": ""KiB/s"", ""device_class"": ""data_rate"", ""friendly_name"": ""UPNP IGD Download speed""}"
2025-07-19T20:34:08.250108,sensor.upnp_igd_upload_speed,3.12362552404044,2.4329939754982,"{""state_class"": ""measurement"", ""unit_of_measurement"": ""KiB/s"", ""device_class"": ""data_rate"", ""friendly_name"": ""UPNP IGD Upload speed""}"
2025-07-19T20:34:08.251498,sensor.upnp_igd_packet_download_speed,46.3332252224745,45.932457554476,"{""state_class"": ""measurement"", ""unit_of_measurement"": ""packets/s"", ""friendly_name"": ""UPNP IGD Packet download speed""}"
2025-07-19T20:34:08.252893,sensor.upnp_igd_packet_upload_speed,15.1999645334161,15.2330428899822,"{""state_class"": ""measurement"", ""unit_of_measurement"": ""packets/s"", ""friendly_name"": ""UPNP IGD Packet upload speed""}"
2025-07-19T20:34:10.259973,automation.aut_status_bruno,on,on,"{""id"": ""1751855857509"", ""last_triggered"": ""2025-07-19T23:34:10.252581+00:00"", ""mode"": ""single"", ""current"": 1, ""friendly_name"": ""aut-status-bruno""}"
2025-07-19T20:34:10.262022,automation.aut_status_bruno,on,on,"{""id"": ""1751855857509"", ""last_triggered"": ""2025-07-19T23:34:10.252581+00:00"", ""mode"": ""single"", ""current"": 0, ""friendly_name"": ""aut-status-bruno""}"
2025-07-19T20:34:24.330075,binary_sensor.presenca_banheiro_motion,on,off,"{""device_class"": ""motion"", ""friendly_name"": ""Presen\u00e7a banheiro Motion""}"
2025-07-19T20:34:24.339630,automation.auto_banheiro,on,on,"{""id"": ""1747870075916"", ""last_triggered"": ""2025-07-19T23:34:24.290664+00:00"", ""mode"": ""single"", ""current"": 1, ""friendly_name"": ""auto-banheiro""}"
2025-07-19T20:34:24.557545,automation.auto_banheiro,on,on,"{""id"": ""1747870075916"", ""last_triggered"": ""2025-07-19T23:34:24.290664+00:00"", ""mode"": ""single"", ""current"": 0, ""friendly_name"": ""auto-banheiro""}"
2025-07-19T20:34:25.216135,switch.interruptor_banheiro_switch_2,on,off,"{""device_class"": ""outlet"", ""friendly_name"": ""Interruptor banheiro Switch 2""}"
2025-07-19T20:34:25.219996,switch.interruptor_banheiro_switch_1,on,off,"{""device_class"": ""outlet"", ""friendly_name"": ""Interruptor banheiro Switch 1""}"
2025-07-19T20:34:27.255166,binary_sensor.presenca_banheiro_motion,off,on,"{""device_class"": ""motion"", ""friendly_name"": ""Presen\u00e7a banheiro Motion""}"
2025-07-19T20:34:27.263232,automation.auto_banheiro,on,on,"{""id"": ""1747870075916"", ""last_triggered"": ""2025-07-19T23:34:27.249142+00:00"", ""mode"": ""single"", ""current"": 1, ""friendly_name"": ""auto-banheiro""}"
2025-07-19T20:34:27.531817,automation.auto_banheiro,on,on,"{""id"": ""1747870075916"", ""last_triggered"": ""2025-07-19T23:34:27.249142+00:00"", ""mode"": ""single"", ""current"": 0, ""friendly_name"": ""auto-banheiro""}"
2025-07-19T20:34:28.036885,switch.interruptor_banheiro_switch_1,off,on,"{""device_class"": ""outlet"", ""friendly_name"": ""Interruptor banheiro Switch 1""}"
2025-07-19T20:34:28.047099,switch.interruptor_banheiro_switch_2,off,on,"{""device_class"": ""outlet"", ""friendly_name"": ""Interruptor banheiro Switch 2""}"
2025-07-19T20:34:38.244568,sensor.upnp_igd_data_received,2916206612,2916387917,"{""state_class"": ""total_increasing"", ""unit_of_measurement"": ""B"", ""device_class"": ""data_size"", ""friendly_name"": ""UPNP IGD Data received""}"
2025-07-19T20:34:38.246172,sensor.upnp_igd_data_sent,989954509,990058248,"{""state_class"": ""total_increasing"", ""unit_of_measurement"": ""B"", ""device_class"": ""data_size"", ""friendly_name"": ""UPNP IGD Data sent""}"
2025-07-19T20:34:38.247676,sensor.upnp_igd_packets_received,7795575,7797089,"{""state_class"": ""total_increasing"", ""unit_of_measurement"": ""packets"", ""friendly_name"": ""UPNP IGD Packets received""}"
2025-07-19T20:34:38.249097,sensor.upnp_igd_packets_sent,3797059,3797651,"{""state_class"": ""total_increasing"", ""unit_of_measurement"": ""packets"", ""friendly_name"": ""UPNP IGD Packets sent""}"
2025-07-19T20:34:38.250552,sensor.upnp_igd_uptime,1752967974,1752968004,"{""unit_of_measurement"": ""s"", ""device_class"": ""duration"", ""friendly_name"": ""UPNP IGD Uptime""}"
2025-07-19T20:34:38.252851,sensor.upnp_igd_download_speed,4.34487158486512,5.90178484405803,"{""state_class"": ""measurement"", ""unit_of_measurement"": ""KiB/s"", ""device_class"": ""data_rate"", ""friendly_name"": ""UPNP IGD Download speed""}"
2025-07-19T20:34:38.254676,sensor.upnp_igd_upload_speed,2.4329939754982,3.37688016291738,"{""state_class"": ""measurement"", ""unit_of_measurement"": ""KiB/s"", ""device_class"": ""data_rate"", ""friendly_name"": ""UPNP IGD Upload speed""}"
2025-07-19T20:34:38.256271,sensor.upnp_igd_packet_download_speed,45.932457554476,50.4660627561157,"{""state_class"": ""measurement"", ""unit_of_measurement"": ""packets/s"", ""friendly_name"": ""UPNP IGD Packet download speed""}"
2025-07-19T20:34:38.257685,sensor.upnp_igd_packet_upload_speed,15.2330428899822,19.7330971939369,"{""state_class"": ""measurement"", ""unit_of_measurement"": ""packets/s"", ""friendly_name"": ""UPNP IGD Packet upload speed""}"
2025-07-19T20:35:02.287308,binary_sensor.human_presence_sensor_occupancy,on,off,"{""device_class"": ""occupancy"", ""friendly_name"": ""Presen\u00e7a Quarto  Occupancy""}"
2025-07-19T20:35:02.290494,automation.aut_lampada_quarto,on,on,"{""id"": ""1746067262247"", ""last_triggered"": ""2025-07-19T23:35:02.279664+00:00"", ""mode"": ""single"", ""current"": 1, ""friendly_name"": ""aut-quarto""}"
2025-07-19T20:35:02.295250,scene.automation_bedroom_fan_0,2025-07-19T23:16:26.030487+00:00,2025-07-19T23:35:02.282981+00:00,"{""friendly_name"": ""automation-bedroom-fan-0""}"
2025-07-19T20:35:02.512318,automation.aut_lampada_quarto,on,on,"{""id"": ""1746067262247"", ""last_triggered"": ""2025-07-19T23:35:02.279664+00:00"", ""mode"": ""single"", ""current"": 0, ""friendly_name"": ""aut-quarto""}"
2025-07-19T20:35:02.950019,light.lampada_quarto,on,off,"{""min_color_temp_kelvin"": 2000, ""max_color_temp_kelvin"": 6500, ""min_mireds"": 153, ""max_mireds"": 500, ""supported_color_modes"": [""color_temp"", ""hs""], ""color_mode"": null, ""brightness"": null, ""color_temp_kelvin"": null, ""color_temp"": null, ""hs_color"": null, ""rgb_color"": null, ""xy_color"": null, ""friendly_name"": ""L\u00e2mpada quarto "", ""supported_features"": 0}"
2025-07-19T20:35:08.242869,sensor.upnp_igd_data_received,2916387917,2916955367,"{""state_class"": ""total_increasing"", ""unit_of_measurement"": ""B"", ""device_class"": ""data_size"", ""friendly_name"": ""UPNP IGD Data received""}"
2025-07-19T20:35:08.244517,sensor.upnp_igd_data_sent,990058248,990276791,"{""state_class"": ""total_increasing"", ""unit_of_measurement"": ""B"", ""device_class"": ""data_size"", ""friendly_name"": ""UPNP IGD Data sent""}"
2025-07-19T20:35:08.245959,sensor.upnp_igd_packets_received,7797089,7799104,"{""state_class"": ""total_increasing"", ""unit_of_measurement"": ""packets"", ""friendly_name"": ""UPNP IGD Packets received""}"
2025-07-19T20:35:08.247464,sensor.upnp_igd_packets_sent,3797651,3798628,"{""state_class"": ""total_increasing"", ""unit_of_measurement"": ""packets"", ""friendly_name"": ""UPNP IGD Packets sent""}"
2025-07-19T20:35:08.248895,sensor.upnp_igd_uptime,1752968004,1752968034,"{""unit_of_measurement"": ""s"", ""device_class"": ""duration"", ""friendly_name"": ""UPNP IGD Uptime""}"
2025-07-19T20:35:08.250280,sensor.upnp_igd_download_speed,5.90178484405803,18.4716895390678,"{""state_class"": ""measurement"", ""unit_of_measurement"": ""KiB/s"", ""device_class"": ""data_rate"", ""friendly_name"": ""UPNP IGD Download speed""}"
2025-07-19T20:35:08.251729,sensor.upnp_igd_upload_speed,3.37688016291738,7.114033742068,"{""state_class"": ""measurement"", ""unit_of_measurement"": ""KiB/s"", ""device_class"": ""data_rate"", ""friendly_name"": ""UPNP IGD Upload speed""}"
2025-07-19T20:35:08.254412,sensor.upnp_igd_packet_download_speed,50.4660627561157,67.166702488908,"{""state_class"": ""measurement"", ""unit_of_measurement"": ""packets/s"", ""friendly_name"": ""UPNP IGD Packet download speed""}"
2025-07-19T20:35:08.256409,sensor.upnp_igd_packet_upload_speed,19.7330971939369,32.5666840355648,"{""state_class"": ""measurement"", ""unit_of_measurement"": ""packets/s"", ""friendly_name"": ""UPNP IGD Packet upload speed""}"
2025-07-19T20:35:10.260768,automation.aut_status_bruno,on,on,"{""id"": ""1751855857509"", ""last_triggered"": ""2025-07-19T23:35:10.253013+00:00"", ""mode"": ""single"", ""current"": 1, ""friendly_name"": ""aut-status-bruno""}"
2025-07-19T20:35:10.262965,automation.aut_status_bruno,on,on,"{""id"": ""1751855857509"", ""last_triggered"": ""2025-07-19T23:35:10.253013+00:00"", ""mode"": ""single"", ""current"": 0, ""friendly_name"": ""aut-status-bruno""}"
2025-07-19T20:35:29.334437,sensor.tomada_mesa_de_trabalho_current,0.184,0.178,"{""state_class"": ""measurement"", ""unit_of_measurement"": ""A"", ""device_class"": ""current"", ""friendly_name"": ""Tomada mesa de trabalho Current""}"
2025-07-19T20:35:29.336251,sensor.tomada_mesa_de_trabalho_power,19.0,18.6,"{""state_class"": ""measurement"", ""unit_of_measurement"": ""W"", ""device_class"": ""power"", ""friendly_name"": ""Tomada mesa de trabalho Power""}"
2025-07-19T20:35:29.337757,sensor.tomada_mesa_de_trabalho_voltage,132.0,131.6,"{""state_class"": ""measurement"", ""unit_of_measurement"": ""V"", ""device_class"": ""voltage"", ""friendly_name"": ""Tomada mesa de trabalho Voltage""}"
2025-07-19T20:35:38.250813,sensor.upnp_igd_data_received,2916955367,2917788475,"{""state_class"": ""total_increasing"", ""unit_of_measurement"": ""B"", ""device_class"": ""data_size"", ""friendly_name"": ""UPNP IGD Data received""}"
2025-07-19T20:35:38.253485,sensor.upnp_igd_data_sent,990276791,990545113,"{""state_class"": ""total_increasing"", ""unit_of_measurement"": ""B"", ""device_class"": ""data_size"", ""friendly_name"": ""UPNP IGD Data sent""}"
2025-07-19T20:35:38.255101,sensor.upnp_igd_packets_received,7799104,7801452,"{""state_class"": ""total_increasing"", ""unit_of_measurement"": ""packets"", ""friendly_name"": ""UPNP IGD Packets received""}"
2025-07-19T20:35:38.256613,sensor.upnp_igd_packets_sent,3798628,3799720,"{""state_class"": ""total_increasing"", ""unit_of_measurement"": ""packets"", ""friendly_name"": ""UPNP IGD Packets sent""}"
2025-07-19T20:35:38.257945,sensor.upnp_igd_uptime,1752968034,1752968064,"{""unit_of_measurement"": ""s"", ""device_class"": ""duration"", ""friendly_name"": ""UPNP IGD Uptime""}"
2025-07-19T20:35:38.259382,sensor.upnp_igd_download_speed,18.4716895390678,27.1201278610933,"{""state_class"": ""measurement"", ""unit_of_measurement"": ""KiB/s"", ""device_class"": ""data_rate"", ""friendly_name"": ""UPNP IGD Download speed""}"
2025-07-19T20:35:38.260844,sensor.upnp_igd_upload_speed,7.114033742068,8.73467419343505,"{""state_class"": ""measurement"", ""unit_of_measurement"": ""KiB/s"", ""device_class"": ""data_rate"", ""friendly_name"": ""UPNP IGD Upload speed""}"
2025-07-19T20:35:38.262220,sensor.upnp_igd_packet_download_speed,67.166702488908,78.2687642695491,"{""state_class"": ""measurement"", ""unit_of_measurement"": ""packets/s"", ""friendly_name"": ""UPNP IGD Packet download speed""}"
2025-07-19T20:35:38.263687,sensor.upnp_igd_packet_upload_speed,32.5666840355648,36.4009755461446,"{""state_class"": ""measurement"", ""unit_of_measurement"": ""packets/s"", ""friendly_name"": ""UPNP IGD Packet upload speed""}"
2025-07-19T20:36:04.370292,sensor.tomada_mesa_de_trabalho_current,0.178,0.16,"{""state_class"": ""measurement"", ""unit_of_measurement"": ""A"", ""device_class"": ""current"", ""friendly_name"": ""Tomada mesa de trabalho Current""}"
2025-07-19T20:36:04.372141,sensor.tomada_mesa_de_trabalho_power,18.6,14.5,"{""state_class"": ""measurement"", ""unit_of_measurement"": ""W"", ""device_class"": ""power"", ""friendly_name"": ""Tomada mesa de trabalho Power""}"
2025-07-19T20:36:04.373606,sensor.tomada_mesa_de_trabalho_voltage,131.6,131.2,"{""state_class"": ""measurement"", ""unit_of_measurement"": ""V"", ""device_class"": ""voltage"", ""friendly_name"": ""Tomada mesa de trabalho Voltage""}"
2025-07-19T20:36:08.247125,sensor.upnp_igd_data_received,2917788475,2918009909,"{""state_class"": ""total_increasing"", ""unit_of_measurement"": ""B"", ""device_class"": ""data_size"", ""friendly_name"": ""UPNP IGD Data received""}"
2025-07-19T20:36:08.248854,sensor.upnp_igd_data_sent,990545113,990623273,"{""state_class"": ""total_increasing"", ""unit_of_measurement"": ""B"", ""device_class"": ""data_size"", ""friendly_name"": ""UPNP IGD Data sent""}"
2025-07-19T20:36:08.250263,sensor.upnp_igd_packets_received,7801452,7802991,"{""state_class"": ""total_increasing"", ""unit_of_measurement"": ""packets"", ""friendly_name"": ""UPNP IGD Packets received""}"
2025-07-19T20:36:08.251735,sensor.upnp_igd_packets_sent,3799720,3800224,"{""state_class"": ""total_increasing"", ""unit_of_measurement"": ""packets"", ""friendly_name"": ""UPNP IGD Packets sent""}"
2025-07-19T20:36:08.253194,sensor.upnp_igd_uptime,1752968064,1752968094,"{""unit_of_measurement"": ""s"", ""device_class"": ""duration"", ""friendly_name"": ""UPNP IGD Uptime""}"
2025-07-19T20:36:08.254662,sensor.upnp_igd_download_speed,27.1201278610933,7.20811615621433,"{""state_class"": ""measurement"", ""unit_of_measurement"": ""KiB/s"", ""device_class"": ""data_rate"", ""friendly_name"": ""UPNP IGD Download speed""}"
2025-07-19T20:36:08.257766,sensor.upnp_igd_upload_speed,8.73467419343505,2.54426311573522,"{""state_class"": ""measurement"", ""unit_of_measurement"": ""KiB/s"", ""device_class"": ""data_rate"", ""friendly_name"": ""UPNP IGD Upload speed""}"
2025-07-19T20:36:08.259785,sensor.upnp_igd_packet_download_speed,78.2687642695491,51.299844390472,"{""state_class"": ""measurement"", ""unit_of_measurement"": ""packets/s"", ""friendly_name"": ""UPNP IGD Packet download speed""}"
2025-07-19T20:36:08.261612,sensor.upnp_igd_packet_upload_speed,36.4009755461446,16.7999490401546,"{""state_class"": ""measurement"", ""unit_of_measurement"": ""packets/s"", ""friendly_name"": ""UPNP IGD Packet upload speed""}"
2025-07-19T20:36:10.260157,automation.aut_status_bruno,on,on,"{""id"": ""1751855857509"", ""last_triggered"": ""2025-07-19T23:36:10.252430+00:00"", ""mode"": ""single"", ""current"": 1, ""friendly_name"": ""aut-status-bruno""}"
2025-07-19T20:36:10.262525,automation.aut_status_bruno,on,on,"{""id"": ""1751855857509"", ""last_triggered"": ""2025-07-19T23:36:10.252430+00:00"", ""mode"": ""single"", ""current"": 0, ""friendly_name"": ""aut-status-bruno""}"
2025-07-19T20:36:38.241933,sensor.upnp_igd_data_received,2918009909,2918150751,"{""state_class"": ""total_increasing"", ""unit_of_measurement"": ""B"", ""device_class"": ""data_size"", ""friendly_name"": ""UPNP IGD Data received""}"
2025-07-19T20:36:38.244731,sensor.upnp_igd_data_sent,990623273,990708507,"{""state_class"": ""total_increasing"", ""unit_of_measurement"": ""B"", ""device_class"": ""data_size"", ""friendly_name"": ""UPNP IGD Data sent""}"
2025-07-19T20:36:38.246277,sensor.upnp_igd_packets_received,7802991,7804319,"{""state_class"": ""total_increasing"", ""unit_of_measurement"": ""packets"", ""friendly_name"": ""UPNP IGD Packets received""}"
2025-07-19T20:36:38.247753,sensor.upnp_igd_packets_sent,3800224,3800635,"{""state_class"": ""total_increasing"", ""unit_of_measurement"": ""packets"", ""friendly_name"": ""UPNP IGD Packets sent""}"
2025-07-19T20:36:38.249104,sensor.upnp_igd_uptime,1752968094,1752968124,"{""unit_of_measurement"": ""s"", ""device_class"": ""duration"", ""friendly_name"": ""UPNP IGD Uptime""}"
2025-07-19T20:36:38.250554,sensor.upnp_igd_download_speed,7.20811615621433,4.58461753925587,"{""state_class"": ""measurement"", ""unit_of_measurement"": ""KiB/s"", ""device_class"": ""data_rate"", ""friendly_name"": ""UPNP IGD Download speed""}"
2025-07-19T20:36:38.251992,sensor.upnp_igd_upload_speed,2.54426311573522,2.77449405249098,"{""state_class"": ""measurement"", ""unit_of_measurement"": ""KiB/s"", ""device_class"": ""data_rate"", ""friendly_name"": ""UPNP IGD Upload speed""}"
2025-07-19T20:36:38.253436,sensor.upnp_igd_packet_download_speed,51.299844390472,44.2658654545019,"{""state_class"": ""measurement"", ""unit_of_measurement"": ""packets/s"", ""friendly_name"": ""UPNP IGD Packet download speed""}"
2025-07-19T20:36:38.254873,sensor.upnp_igd_packet_upload_speed,16.7999490401546,13.6997520344882,"{""state_class"": ""measurement"", ""unit_of_measurement"": ""packets/s"", ""friendly_name"": ""UPNP IGD Packet upload speed""}"
2025-07-19T20:37:08.237791,sensor.upnp_igd_data_received,2918150751,2918243435,"{""state_class"": ""total_increasing"", ""unit_of_measurement"": ""B"", ""device_class"": ""data_size"", ""friendly_name"": ""UPNP IGD Data received""}"
2025-07-19T20:37:08.240820,sensor.upnp_igd_data_sent,990708507,990777700,"{""state_class"": ""total_increasing"", ""unit_of_measurement"": ""B"", ""device_class"": ""data_size"", ""friendly_name"": ""UPNP IGD Data sent""}"
2025-07-19T20:37:08.242585,sensor.upnp_igd_packets_received,7804319,7805581,"{""state_class"": ""total_increasing"", ""unit_of_measurement"": ""packets"", ""friendly_name"": ""UPNP IGD Packets received""}"
2025-07-19T20:37:08.244168,sensor.upnp_igd_packets_sent,3800635,3801113,"{""state_class"": ""total_increasing"", ""unit_of_measurement"": ""packets"", ""friendly_name"": ""UPNP IGD Packets sent""}"
2025-07-19T20:37:08.245556,sensor.upnp_igd_uptime,1752968124,1752968154,"{""unit_of_measurement"": ""s"", ""device_class"": ""duration"", ""friendly_name"": ""UPNP IGD Uptime""}"
2025-07-19T20:37:08.246966,sensor.upnp_igd_download_speed,4.58461753925587,3.01710657107399,"{""state_class"": ""measurement"", ""unit_of_measurement"": ""KiB/s"", ""device_class"": ""data_rate"", ""friendly_name"": ""UPNP IGD Download speed""}"
2025-07-19T20:37:08.248437,sensor.upnp_igd_upload_speed,2.77449405249098,2.25241309149716,"{""state_class"": ""measurement"", ""unit_of_measurement"": ""KiB/s"", ""device_class"": ""data_rate"", ""friendly_name"": ""UPNP IGD Upload speed""}"
2025-07-19T20:37:08.249817,sensor.upnp_igd_packet_download_speed,44.2658654545019,42.0673537667782,"{""state_class"": ""measurement"", ""unit_of_measurement"": ""packets/s"", ""friendly_name"": ""UPNP IGD Packet download speed""}"
2025-07-19T20:37:08.251196,sensor.upnp_igd_packet_upload_speed,13.6997520344882,15.9335935820285,"{""state_class"": ""measurement"", ""unit_of_measurement"": ""packets/s"", ""friendly_name"": ""UPNP IGD Packet upload speed""}"
2025-07-19T20:37:10.263679,automation.aut_status_bruno,on,on,"{""id"": ""1751855857509"", ""last_triggered"": ""2025-07-19T23:37:10.252897+00:00"", ""mode"": ""single"", ""current"": 1, ""friendly_name"": ""aut-status-bruno""}"
2025-07-19T20:37:10.266877,automation.aut_status_bruno,on,on,"{""id"": ""1751855857509"", ""last_triggered"": ""2025-07-19T23:37:10.252897+00:00"", ""mode"": ""single"", ""current"": 0, ""friendly_name"": ""aut-status-bruno""}"
2025-07-19T20:37:38.240043,sensor.upnp_igd_data_received,2918243435,2918401040,"{""state_class"": ""total_increasing"", ""unit_of_measurement"": ""B"", ""device_class"": ""data_size"", ""friendly_name"": ""UPNP IGD Data received""}"
2025-07-19T20:37:38.242796,sensor.upnp_igd_data_sent,990777700,990914986,"{""state_class"": ""total_increasing"", ""unit_of_measurement"": ""B"", ""device_class"": ""data_size"", ""friendly_name"": ""UPNP IGD Data sent""}"
2025-07-19T20:37:38.244332,sensor.upnp_igd_packets_received,7805581,7807048,"{""state_class"": ""total_increasing"", ""unit_of_measurement"": ""packets"", ""friendly_name"": ""UPNP IGD Packets received""}"
2025-07-19T20:37:38.245741,sensor.upnp_igd_packets_sent,3801113,3801910,"{""state_class"": ""total_increasing"", ""unit_of_measurement"": ""packets"", ""friendly_name"": ""UPNP IGD Packets sent""}"
2025-07-19T20:37:38.247082,sensor.upnp_igd_uptime,1752968154,1752968184,"{""unit_of_measurement"": ""s"", ""device_class"": ""duration"", ""friendly_name"": ""UPNP IGD Uptime""}"
2025-07-19T20:37:38.248615,sensor.upnp_igd_download_speed,3.01710657107399,5.13013938245456,"{""state_class"": ""measurement"", ""unit_of_measurement"": ""KiB/s"", ""device_class"": ""data_rate"", ""friendly_name"": ""UPNP IGD Download speed""}"
2025-07-19T20:37:38.250043,sensor.upnp_igd_upload_speed,2.25241309149716,4.46874347425308,"{""state_class"": ""measurement"", ""unit_of_measurement"": ""KiB/s"", ""device_class"": ""data_rate"", ""friendly_name"": ""UPNP IGD Upload speed""}"
2025-07-19T20:37:38.251472,sensor.upnp_igd_packet_download_speed,42.0673537667782,48.8977914497529,"{""state_class"": ""measurement"", ""unit_of_measurement"": ""packets/s"", ""friendly_name"": ""UPNP IGD Packet download speed""}"
2025-07-19T20:37:38.252989,sensor.upnp_igd_packet_upload_speed,15.9335935820285,26.5654667930832,"{""state_class"": ""measurement"", ""unit_of_measurement"": ""packets/s"", ""friendly_name"": ""UPNP IGD Packet upload speed""}"
2025-07-19T20:37:51.235838,camera.192_168_0_33,idle,idle,"{""access_token"": ""71088e0e303784751dc6f5ce5acd291d9e2840de3cdd6398ceab0657ce931f7b"", ""entity_picture"": ""/api/camera_proxy/camera.192_168_0_33?token=71088e0e303784751dc6f5ce5acd291d9e2840de3cdd6398ceab0657ce931f7b"", ""friendly_name"": ""192_168_0_14"", ""supported_features"": 2}"
2025-07-19T20:37:51.237765,camera.admin_mainstream,idle,idle,"{""access_token"": ""c2be5927c45b1d24aecd01555f11c4417692a9575496ae23a0a1166176f6c264"", ""entity_picture"": ""/api/camera_proxy/camera.admin_mainstream?token=c2be5927c45b1d24aecd01555f11c4417692a9575496ae23a0a1166176f6c264"", ""friendly_name"": ""admin MainStream"", ""supported_features"": 2}"
2025-07-19T20:37:51.239514,camera.admin_substream,idle,idle,"{""access_token"": ""488e0b633198d3761964fa67e6fbb6b81e048529d46340dda826ade92d443360"", ""entity_picture"": ""/api/camera_proxy/camera.admin_substream?token=488e0b633198d3761964fa67e6fbb6b81e048529d46340dda826ade92d443360"", ""friendly_name"": ""admin SubStream"", ""supported_features"": 2}"
2025-07-19T20:38:08.238285,sensor.upnp_igd_data_received,2918401040,2918539258,"{""state_class"": ""total_increasing"", ""unit_of_measurement"": ""B"", ""device_class"": ""data_size"", ""friendly_name"": ""UPNP IGD Data received""}"
2025-07-19T20:38:08.240737,sensor.upnp_igd_data_sent,990914986,990978738,"{""state_class"": ""total_increasing"", ""unit_of_measurement"": ""B"", ""device_class"": ""data_size"", ""friendly_name"": ""UPNP IGD Data sent""}"
2025-07-19T20:38:08.242358,sensor.upnp_igd_packets_received,7807048,7808344,"{""state_class"": ""total_increasing"", ""unit_of_measurement"": ""packets"", ""friendly_name"": ""UPNP IGD Packets received""}"
2025-07-19T20:38:08.243832,sensor.upnp_igd_packets_sent,3801910,3802504,"{""state_class"": ""total_increasing"", ""unit_of_measurement"": ""packets"", ""friendly_name"": ""UPNP IGD Packets sent""}"
2025-07-19T20:38:08.245261,sensor.upnp_igd_uptime,1752968184,1752968214,"{""unit_of_measurement"": ""s"", ""device_class"": ""duration"", ""friendly_name"": ""UPNP IGD Uptime""}"
2025-07-19T20:38:08.246735,sensor.upnp_igd_download_speed,5.13013938245456,4.49946563257822,"{""state_class"": ""measurement"", ""unit_of_measurement"": ""KiB/s"", ""device_class"": ""data_rate"", ""friendly_name"": ""UPNP IGD Download speed""}"
2025-07-19T20:38:08.248572,sensor.upnp_igd_upload_speed,4.46874347425308,2.07534426057479,"{""state_class"": ""measurement"", ""unit_of_measurement"": ""KiB/s"", ""device_class"": ""data_rate"", ""friendly_name"": ""UPNP IGD Upload speed""}"
2025-07-19T20:38:08.250319,sensor.upnp_igd_packet_download_speed,48.8977914497529,43.2017453505122,"{""state_class"": ""measurement"", ""unit_of_measurement"": ""packets/s"", ""friendly_name"": ""UPNP IGD Packet download speed""}"
2025-07-19T20:38:08.251861,sensor.upnp_igd_packet_upload_speed,26.5654667930832,19.8007999523181,"{""state_class"": ""measurement"", ""unit_of_measurement"": ""packets/s"", ""friendly_name"": ""UPNP IGD Packet upload speed""}"
2025-07-19T20:38:10.277754,automation.aut_status_bruno,on,on,"{""id"": ""1751855857509"", ""last_triggered"": ""2025-07-19T23:38:10.253089+00:00"", ""mode"": ""single"", ""current"": 1, ""friendly_name"": ""aut-status-bruno""}"
2025-07-19T20:38:10.281776,automation.aut_status_bruno,on,on,"{""id"": ""1751855857509"", ""last_triggered"": ""2025-07-19T23:38:10.253089+00:00"", ""mode"": ""single"", ""current"": 0, ""friendly_name"": ""aut-status-bruno""}"
2025-07-19T20:38:31.987016,binary_sensor.human_presence_sensor_occupancy,off,on,"{""device_class"": ""occupancy"", ""friendly_name"": ""Presen\u00e7a Quarto  Occupancy""}"
2025-07-19T20:38:31.990226,automation.aut_lampada_quarto,on,on,"{""id"": ""1746067262247"", ""last_triggered"": ""2025-07-19T23:38:31.965504+00:00"", ""mode"": ""single"", ""current"": 1, ""friendly_name"": ""aut-quarto""}"
2025-07-19T20:38:32.616772,automation.aut_lampada_quarto,on,on,"{""id"": ""1746067262247"", ""last_triggered"": ""2025-07-19T23:38:31.965504+00:00"", ""mode"": ""single"", ""current"": 0, ""friendly_name"": ""aut-quarto""}"
2025-07-19T20:38:33.110162,light.lampada_quarto,off,on,"{""min_color_temp_kelvin"": 2000, ""max_color_temp_kelvin"": 6500, ""min_mireds"": 153, ""max_mireds"": 500, ""supported_color_modes"": [""color_temp"", ""hs""], ""color_mode"": ""color_temp"", ""brightness"": 255, ""color_temp_kelvin"": 2000, ""color_temp"": 500, ""hs_color"": [30.601, 94.547], ""rgb_color"": [255, 137, 14], ""xy_color"": [0.598, 0.383], ""friendly_name"": ""L\u00e2mpada quarto "", ""supported_features"": 0}"
2025-07-19T20:38:38.254745,sensor.upnp_igd_data_received,2918539258,2918709159,"{""state_class"": ""total_increasing"", ""unit_of_measurement"": ""B"", ""device_class"": ""data_size"", ""friendly_name"": ""UPNP IGD Data received""}"
2025-07-19T20:38:38.256872,sensor.upnp_igd_data_sent,990978738,991087891,"{""state_class"": ""total_increasing"", ""unit_of_measurement"": ""B"", ""device_class"": ""data_size"", ""friendly_name"": ""UPNP IGD Data sent""}"
2025-07-19T20:38:38.258683,sensor.upnp_igd_packets_received,7808344,7809765,"{""state_class"": ""total_increasing"", ""unit_of_measurement"": ""packets"", ""friendly_name"": ""UPNP IGD Packets received""}"
2025-07-19T20:38:38.260453,sensor.upnp_igd_packets_sent,3802504,3803083,"{""state_class"": ""total_increasing"", ""unit_of_measurement"": ""packets"", ""friendly_name"": ""UPNP IGD Packets sent""}"
2025-07-19T20:38:38.262087,sensor.upnp_igd_uptime,1752968214,1752968244,"{""unit_of_measurement"": ""s"", ""device_class"": ""duration"", ""friendly_name"": ""UPNP IGD Uptime""}"
2025-07-19T20:38:38.264684,sensor.upnp_igd_download_speed,4.49946563257822,5.53066395697855,"{""state_class"": ""measurement"", ""unit_of_measurement"": ""KiB/s"", ""device_class"": ""data_rate"", ""friendly_name"": ""UPNP IGD Download speed""}"
2025-07-19T20:38:38.266355,sensor.upnp_igd_upload_speed,2.07534426057479,3.5531783973966,"{""state_class"": ""measurement"", ""unit_of_measurement"": ""KiB/s"", ""device_class"": ""data_rate"", ""friendly_name"": ""UPNP IGD Upload speed""}"
2025-07-19T20:38:38.268232,sensor.upnp_igd_packet_download_speed,43.2017453505122,47.3669445527414,"{""state_class"": ""measurement"", ""unit_of_measurement"": ""packets/s"", ""friendly_name"": ""UPNP IGD Packet download speed""}"
2025-07-19T20:38:38.270096,sensor.upnp_igd_packet_upload_speed,19.8007999523181,19.3001132273309,"{""state_class"": ""measurement"", ""unit_of_measurement"": ""packets/s"", ""friendly_name"": ""UPNP IGD Packet upload speed""}"
2025-07-19T20:38:52.533761,sun.sun,below_horizon,below_horizon,"{""next_dawn"": ""2025-07-20T08:33:51.151304+00:00"", ""next_dusk"": ""2025-07-20T20:47:13.005418+00:00"", ""next_midnight"": ""2025-07-20T02:40:29+00:00"", ""next_noon"": ""2025-07-20T14:40:27+00:00"", ""next_rising"": ""2025-07-20T08:56:54.429420+00:00"", ""next_setting"": ""2025-07-20T20:24:10.176365+00:00"", ""elevation"": -46.01, ""azimuth"": 286.38, ""rising"": false, ""friendly_name"": ""Sun""}"
2025-07-19T20:39:08.287583,sensor.upnp_igd_data_received,2918709159,2918809787,"{""state_class"": ""total_increasing"", ""unit_of_measurement"": ""B"", ""device_class"": ""data_size"", ""friendly_name"": ""UPNP IGD Data received""}"
2025-07-19T20:39:08.291249,sensor.upnp_igd_data_sent,991087891,991166554,"{""state_class"": ""total_increasing"", ""unit_of_measurement"": ""B"", ""device_class"": ""data_size"", ""friendly_name"": ""UPNP IGD Data sent""}"
2025-07-19T20:39:08.294700,sensor.upnp_igd_packets_received,7809765,7811078,"{""state_class"": ""total_increasing"", ""unit_of_measurement"": ""packets"", ""friendly_name"": ""UPNP IGD Packets received""}"
2025-07-19T20:39:08.299404,sensor.upnp_igd_packets_sent,3803083,3803649,"{""state_class"": ""total_increasing"", ""unit_of_measurement"": ""packets"", ""friendly_name"": ""UPNP IGD Packets sent""}"
2025-07-19T20:39:08.304355,sensor.upnp_igd_uptime,1752968244,1752968274,"{""unit_of_measurement"": ""s"", ""device_class"": ""duration"", ""friendly_name"": ""UPNP IGD Uptime""}"
2025-07-19T20:39:08.308479,sensor.upnp_igd_download_speed,5.53066395697855,3.27558181770425,"{""state_class"": ""measurement"", ""unit_of_measurement"": ""KiB/s"", ""device_class"": ""data_rate"", ""friendly_name"": ""UPNP IGD Download speed""}"
2025-07-19T20:39:08.312146,sensor.upnp_igd_upload_speed,3.5531783973966,2.56059041743918,"{""state_class"": ""measurement"", ""unit_of_measurement"": ""KiB/s"", ""device_class"": ""data_rate"", ""friendly_name"": ""UPNP IGD Upload speed""}"
2025-07-19T20:39:08.315522,sensor.upnp_igd_packet_download_speed,47.3669445527414,43.7657417506577,"{""state_class"": ""measurement"", ""unit_of_measurement"": ""packets/s"", ""friendly_name"": ""UPNP IGD Packet download speed""}"
2025-07-19T20:39:08.318788,sensor.upnp_igd_packet_upload_speed,19.3001132273309,18.8662679595371,"{""state_class"": ""measurement"", ""unit_of_measurement"": ""packets/s"", ""friendly_name"": ""UPNP IGD Packet upload speed""}"
2025-07-19T20:39:10.260706,automation.aut_status_bruno,on,on,"{""id"": ""1751855857509"", ""last_triggered"": ""2025-07-19T23:39:10.252437+00:00"", ""mode"": ""single"", ""current"": 1, ""friendly_name"": ""aut-status-bruno""}"
2025-07-19T20:39:10.262806,automation.aut_status_bruno,on,on,"{""id"": ""1751855857509"", ""last_triggered"": ""2025-07-19T23:39:10.252437+00:00"", ""mode"": ""single"", ""current"": 0, ""friendly_name"": ""aut-status-bruno""}"
2025-07-19T20:39:12.657309,sensor.tauntaum_energy,217.467,217.478,"{""state_class"": ""total_increasing"", ""unit_of_measurement"": ""kWh"", ""device_class"": ""energy"", ""friendly_name"": ""Tauntaum Energy""}"
2025-07-19T20:39:12.659288,sensor.tauntaum_power,53,53,"{""state_class"": ""measurement"", ""power_consumption_start"": ""2025-07-19T23:26:55Z"", ""power_consumption_end"": ""2025-07-19T23:39:12Z"", ""unit_of_measurement"": ""W"", ""device_class"": ""power"", ""friendly_name"": ""Tauntaum Power""}"
2025-07-19T20:39:12.660883,sensor.tauntaum_power_energy,0.00960996250079738,0.0108578449991014,"{""state_class"": ""total"", ""unit_of_measurement"": ""kWh"", ""device_class"": ""energy"", ""friendly_name"": ""Tauntaum Power energy""}"
2025-07-19T20:39:38.245194,sensor.upnp_igd_data_received,2918809787,2919000955,"{""state_class"": ""total_increasing"", ""unit_of_measurement"": ""B"", ""device_class"": ""data_size"", ""friendly_name"": ""UPNP IGD Data received""}"
2025-07-19T20:39:38.247985,sensor.upnp_igd_data_sent,991166554,991335666,"{""state_class"": ""total_increasing"", ""unit_of_measurement"": ""B"", ""device_class"": ""data_size"", ""friendly_name"": ""UPNP IGD Data sent""}"
2025-07-19T20:39:38.249432,sensor.upnp_igd_packets_received,7811078,7812627,"{""state_class"": ""total_increasing"", ""unit_of_measurement"": ""packets"", ""friendly_name"": ""UPNP IGD Packets received""}"
2025-07-19T20:39:38.250815,sensor.upnp_igd_packets_sent,3803649,3804521,"{""state_class"": ""total_increasing"", ""unit_of_measurement"": ""packets"", ""friendly_name"": ""UPNP IGD Packets sent""}"
2025-07-19T20:39:38.252654,sensor.upnp_igd_uptime,1752968274,1752968304,"{""unit_of_measurement"": ""s"", ""device_class"": ""duration"", ""friendly_name"": ""UPNP IGD Uptime""}"
2025-07-19T20:39:38.254266,sensor.upnp_igd_download_speed,3.27558181770425,6.22311393937855,"{""state_class"": ""measurement"", ""unit_of_measurement"": ""KiB/s"", ""device_class"": ""data_rate"", ""friendly_name"": ""UPNP IGD Download speed""}"
2025-07-19T20:39:38.255797,sensor.upnp_igd_upload_speed,2.56059041743918,5.50512242904767,"{""state_class"": ""measurement"", ""unit_of_measurement"": ""KiB/s"", ""device_class"": ""data_rate"", ""friendly_name"": ""UPNP IGD Upload speed""}"
2025-07-19T20:39:38.257226,sensor.upnp_igd_packet_download_speed,43.7657417506577,51.6349701618875,"{""state_class"": ""measurement"", ""unit_of_measurement"": ""packets/s"", ""friendly_name"": ""UPNP IGD Packet download speed""}"
2025-07-19T20:39:38.258575,sensor.upnp_igd_packet_upload_speed,18.8662679595371,29.0675881092097,"{""state_class"": ""measurement"", ""unit_of_measurement"": ""packets/s"", ""friendly_name"": ""UPNP IGD Packet upload speed""}"
2025-07-19T20:40:08.241080,sensor.upnp_igd_data_received,2919000955,2920024233,"{""state_class"": ""total_increasing"", ""unit_of_measurement"": ""B"", ""device_class"": ""data_size"", ""friendly_name"": ""UPNP IGD Data received""}"
2025-07-19T20:40:08.243988,sensor.upnp_igd_data_sent,991335666,991618052,"{""state_class"": ""total_increasing"", ""unit_of_measurement"": ""B"", ""device_class"": ""data_size"", ""friendly_name"": ""UPNP IGD Data sent""}"
2025-07-19T20:40:08.245451,sensor.upnp_igd_packets_received,7812627,7815097,"{""state_class"": ""total_increasing"", ""unit_of_measurement"": ""packets"", ""friendly_name"": ""UPNP IGD Packets received""}"
2025-07-19T20:40:08.246801,sensor.upnp_igd_packets_sent,3804521,3805856,"{""state_class"": ""total_increasing"", ""unit_of_measurement"": ""packets"", ""friendly_name"": ""UPNP IGD Packets sent""}"
2025-07-19T20:40:08.248217,sensor.upnp_igd_uptime,1752968304,1752968334,"{""unit_of_measurement"": ""s"", ""device_class"": ""duration"", ""friendly_name"": ""UPNP IGD Uptime""}"
2025-07-19T20:40:08.249754,sensor.upnp_igd_download_speed,6.22311393937855,33.3099528656605,"{""state_class"": ""measurement"", ""unit_of_measurement"": ""KiB/s"", ""device_class"": ""data_rate"", ""friendly_name"": ""UPNP IGD Download speed""}"
2025-07-19T20:40:08.252260,sensor.upnp_igd_upload_speed,5.50512242904767,9.19228630921647,"{""state_class"": ""measurement"", ""unit_of_measurement"": ""KiB/s"", ""device_class"": ""data_rate"", ""friendly_name"": ""UPNP IGD Upload speed""}"
2025-07-19T20:40:08.253910,sensor.upnp_igd_packet_download_speed,51.6349701618875,82.3336352233292,"{""state_class"": ""measurement"", ""unit_of_measurement"": ""packets/s"", ""friendly_name"": ""UPNP IGD Packet download speed""}"
2025-07-19T20:40:08.255398,sensor.upnp_igd_packet_upload_speed,29.0675881092097,44.5001631672649,"{""state_class"": ""measurement"", ""unit_of_measurement"": ""packets/s"", ""friendly_name"": ""UPNP IGD Packet upload speed""}"
2025-07-19T20:40:09.593526,sensor.tomada_mesa_de_trabalho_current,0.16,0.181,"{""state_class"": ""measurement"", ""unit_of_measurement"": ""A"", ""device_class"": ""current"", ""friendly_name"": ""Tomada mesa de trabalho Current""}"
2025-07-19T20:40:09.595071,sensor.tomada_mesa_de_trabalho_power,14.5,19.0,"{""state_class"": ""measurement"", ""unit_of_measurement"": ""W"", ""device_class"": ""power"", ""friendly_name"": ""Tomada mesa de trabalho Power""}"
2025-07-19T20:40:09.596628,sensor.tomada_mesa_de_trabalho_voltage,131.2,132.5,"{""state_class"": ""measurement"", ""unit_of_measurement"": ""V"", ""device_class"": ""voltage"", ""friendly_name"": ""Tomada mesa de trabalho Voltage""}"
2025-07-19T20:40:10.258869,automation.aut_status_bruno,on,on,"{""id"": ""1751855857509"", ""last_triggered"": ""2025-07-19T23:40:10.252685+00:00"", ""mode"": ""single"", ""current"": 1, ""friendly_name"": ""aut-status-bruno""}"
2025-07-19T20:40:10.262362,automation.aut_status_bruno,on,on,"{""id"": ""1751855857509"", ""last_triggered"": ""2025-07-19T23:40:10.252685+00:00"", ""mode"": ""single"", ""current"": 0, ""friendly_name"": ""aut-status-bruno""}"
2025-07-19T20:40:16.163910,binary_sensor.human_presence_sensor_occupancy,on,off,"{""device_class"": ""occupancy"", ""friendly_name"": ""Presen\u00e7a Quarto  Occupancy""}"
2025-07-19T20:40:16.173371,automation.aut_lampada_quarto,on,on,"{""id"": ""1746067262247"", ""last_triggered"": ""2025-07-19T23:40:16.158689+00:00"", ""mode"": ""single"", ""current"": 1, ""friendly_name"": ""aut-quarto""}"
2025-07-19T20:40:16.177397,scene.automation_bedroom_fan_0,2025-07-19T23:35:02.282981+00:00,2025-07-19T23:40:16.161875+00:00,"{""friendly_name"": ""automation-bedroom-fan-0""}"
2025-07-19T20:40:16.791266,automation.aut_lampada_quarto,on,on,"{""id"": ""1746067262247"", ""last_triggered"": ""2025-07-19T23:40:16.158689+00:00"", ""mode"": ""single"", ""current"": 0, ""friendly_name"": ""aut-quarto""}"
2025-07-19T20:40:17.290023,light.lampada_quarto,on,off,"{""min_color_temp_kelvin"": 2000, ""max_color_temp_kelvin"": 6500, ""min_mireds"": 153, ""max_mireds"": 500, ""supported_color_modes"": [""color_temp"", ""hs""], ""color_mode"": null, ""brightness"": null, ""color_temp_kelvin"": null, ""color_temp"": null, ""hs_color"": null, ""rgb_color"": null, ""xy_color"": null, ""friendly_name"": ""L\u00e2mpada quarto "", ""supported_features"": 0}"
2025-07-19T20:40:38.244054,sensor.upnp_igd_data_received,2920024233,2920176207,"{""state_class"": ""total_increasing"", ""unit_of_measurement"": ""B"", ""device_class"": ""data_size"", ""friendly_name"": ""UPNP IGD Data received""}"
2025-07-19T20:40:38.246774,sensor.upnp_igd_data_sent,991618052,991714232,"{""state_class"": ""total_increasing"", ""unit_of_measurement"": ""B"", ""device_class"": ""data_size"", ""friendly_name"": ""UPNP IGD Data sent""}"
2025-07-19T20:40:38.249188,sensor.upnp_igd_packets_received,7815097,7816517,"{""state_class"": ""total_increasing"", ""unit_of_measurement"": ""packets"", ""friendly_name"": ""UPNP IGD Packets received""}"
2025-07-19T20:40:38.250754,sensor.upnp_igd_packets_sent,3805856,3806507,"{""state_class"": ""total_increasing"", ""unit_of_measurement"": ""packets"", ""friendly_name"": ""UPNP IGD Packets sent""}"
2025-07-19T20:40:38.252194,sensor.upnp_igd_uptime,1752968334,1752968364,"{""unit_of_measurement"": ""s"", ""device_class"": ""duration"", ""friendly_name"": ""UPNP IGD Uptime""}"
2025-07-19T20:40:38.253611,sensor.upnp_igd_download_speed,33.3099528656605,4.94688612344,"{""state_class"": ""measurement"", ""unit_of_measurement"": ""KiB/s"", ""device_class"": ""data_rate"", ""friendly_name"": ""UPNP IGD Download speed""}"
2025-07-19T20:40:38.255018,sensor.upnp_igd_upload_speed,9.19228630921647,3.13074280700949,"{""state_class"": ""measurement"", ""unit_of_measurement"": ""KiB/s"", ""device_class"": ""data_rate"", ""friendly_name"": ""UPNP IGD Upload speed""}"
2025-07-19T20:40:38.256442,sensor.upnp_igd_packet_download_speed,82.3336352233292,47.3315710211723,"{""state_class"": ""measurement"", ""unit_of_measurement"": ""packets/s"", ""friendly_name"": ""UPNP IGD Packet download speed""}"
2025-07-19T20:40:38.257842,sensor.upnp_igd_packet_upload_speed,44.5001631672649,21.6991920667487,"{""state_class"": ""measurement"", ""unit_of_measurement"": ""packets/s"", ""friendly_name"": ""UPNP IGD Packet upload speed""}"
2025-07-19T20:41:08.236450,sensor.upnp_igd_data_received,2920176207,2920281778,"{""state_class"": ""total_increasing"", ""unit_of_measurement"": ""B"", ""device_class"": ""data_size"", ""friendly_name"": ""UPNP IGD Data received""}"
2025-07-19T20:41:08.238824,sensor.upnp_igd_data_sent,991714232,991761573,"{""state_class"": ""total_increasing"", ""unit_of_measurement"": ""B"", ""device_class"": ""data_size"", ""friendly_name"": ""UPNP IGD Data sent""}"
2025-07-19T20:41:08.241168,sensor.upnp_igd_packets_received,7816517,7817894,"{""state_class"": ""total_increasing"", ""unit_of_measurement"": ""packets"", ""friendly_name"": ""UPNP IGD Packets received""}"
2025-07-19T20:41:08.242588,sensor.upnp_igd_packets_sent,3806507,3806927,"{""state_class"": ""total_increasing"", ""unit_of_measurement"": ""packets"", ""friendly_name"": ""UPNP IGD Packets sent""}"
2025-07-19T20:41:08.243996,sensor.upnp_igd_uptime,1752968364,1752968394,"{""unit_of_measurement"": ""s"", ""device_class"": ""duration"", ""friendly_name"": ""UPNP IGD Uptime""}"
2025-07-19T20:41:08.245385,sensor.upnp_igd_download_speed,4.94688612344,3.43666917055468,"{""state_class"": ""measurement"", ""unit_of_measurement"": ""KiB/s"", ""device_class"": ""data_rate"", ""friendly_name"": ""UPNP IGD Download speed""}"
2025-07-19T20:41:08.246840,sensor.upnp_igd_upload_speed,3.13074280700949,1.54109893060811,"{""state_class"": ""measurement"", ""unit_of_measurement"": ""KiB/s"", ""device_class"": ""data_rate"", ""friendly_name"": ""UPNP IGD Upload speed""}"
2025-07-19T20:41:08.248365,sensor.upnp_igd_packet_download_speed,47.3315710211723,45.901511689785,"{""state_class"": ""measurement"", ""unit_of_measurement"": ""packets/s"", ""friendly_name"": ""UPNP IGD Packet download speed""}"
2025-07-19T20:41:08.249793,sensor.upnp_igd_packet_upload_speed,21.6991920667487,14.0004610818516,"{""state_class"": ""measurement"", ""unit_of_measurement"": ""packets/s"", ""friendly_name"": ""UPNP IGD Packet upload speed""}"
2025-07-19T20:41:10.260618,automation.aut_status_bruno,on,on,"{""id"": ""1751855857509"", ""last_triggered"": ""2025-07-19T23:41:10.252576+00:00"", ""mode"": ""single"", ""current"": 1, ""friendly_name"": ""aut-status-bruno""}"
2025-07-19T20:41:10.262825,automation.aut_status_bruno,on,on,"{""id"": ""1751855857509"", ""last_triggered"": ""2025-07-19T23:41:10.252576+00:00"", ""mode"": ""single"", ""current"": 0, ""friendly_name"": ""aut-status-bruno""}"
2025-07-19T20:41:38.256411,sensor.upnp_igd_data_received,2920281778,2920424747,"{""state_class"": ""total_increasing"", ""unit_of_measurement"": ""B"", ""device_class"": ""data_size"", ""friendly_name"": ""UPNP IGD Data received""}"
2025-07-19T20:41:38.259156,sensor.upnp_igd_data_sent,991761573,991832349,"{""state_class"": ""total_increasing"", ""unit_of_measurement"": ""B"", ""device_class"": ""data_size"", ""friendly_name"": ""UPNP IGD Data sent""}"
2025-07-19T20:41:38.260764,sensor.upnp_igd_packets_received,7817894,7819323,"{""state_class"": ""total_increasing"", ""unit_of_measurement"": ""packets"", ""friendly_name"": ""UPNP IGD Packets received""}"
2025-07-19T20:41:38.262131,sensor.upnp_igd_packets_sent,3806927,3807389,"{""state_class"": ""total_increasing"", ""unit_of_measurement"": ""packets"", ""friendly_name"": ""UPNP IGD Packets sent""}"
2025-07-19T20:41:38.263489,sensor.upnp_igd_uptime,1752968394,1752968424,"{""unit_of_measurement"": ""s"", ""device_class"": ""duration"", ""friendly_name"": ""UPNP IGD Uptime""}"
2025-07-19T20:41:38.264943,sensor.upnp_igd_download_speed,3.43666917055468,4.65386697740298,"{""state_class"": ""measurement"", ""unit_of_measurement"": ""KiB/s"", ""device_class"": ""data_rate"", ""friendly_name"": ""UPNP IGD Download speed""}"
2025-07-19T20:41:38.266321,sensor.upnp_igd_upload_speed,1.54109893060811,2.30387069359563,"{""state_class"": ""measurement"", ""unit_of_measurement"": ""KiB/s"", ""device_class"": ""data_rate"", ""friendly_name"": ""UPNP IGD Upload speed""}"
2025-07-19T20:41:38.267738,sensor.upnp_igd_packet_download_speed,45.901511689785,47.6325982035677,"{""state_class"": ""measurement"", ""unit_of_measurement"": ""packets/s"", ""friendly_name"": ""UPNP IGD Packet download speed""}"
2025-07-19T20:41:38.269173,sensor.upnp_igd_packet_upload_speed,14.0004610818516,15.3997623303347,"{""state_class"": ""measurement"", ""unit_of_measurement"": ""packets/s"", ""friendly_name"": ""UPNP IGD Packet upload speed""}"
2025-07-19T20:41:41.992960,binary_sensor.human_presence_sensor_occupancy,off,on,"{""device_class"": ""occupancy"", ""friendly_name"": ""Presen\u00e7a Quarto  Occupancy""}"
2025-07-19T20:41:41.997407,automation.aut_lampada_quarto,on,on,"{""id"": ""1746067262247"", ""last_triggered"": ""2025-07-19T23:41:41.985566+00:00"", ""mode"": ""single"", ""current"": 1, ""friendly_name"": ""aut-quarto""}"
2025-07-19T20:41:42.604015,automation.aut_lampada_quarto,on,on,"{""id"": ""1746067262247"", ""last_triggered"": ""2025-07-19T23:41:41.985566+00:00"", ""mode"": ""single"", ""current"": 0, ""friendly_name"": ""aut-quarto""}"
2025-07-19T20:41:43.041583,light.lampada_quarto,off,on,"{""min_color_temp_kelvin"": 2000, ""max_color_temp_kelvin"": 6500, ""min_mireds"": 153, ""max_mireds"": 500, ""supported_color_modes"": [""color_temp"", ""hs""], ""color_mode"": ""color_temp"", ""brightness"": 255, ""color_temp_kelvin"": 2000, ""color_temp"": 500, ""hs_color"": [30.601, 94.547], ""rgb_color"": [255, 137, 14], ""xy_color"": [0.598, 0.383], ""friendly_name"": ""L\u00e2mpada quarto "", ""supported_features"": 0}"
2025-07-19T20:42:08.237770,sensor.upnp_igd_data_received,2920424747,2920775167,"{""state_class"": ""total_increasing"", ""unit_of_measurement"": ""B"", ""device_class"": ""data_size"", ""friendly_name"": ""UPNP IGD Data received""}"
2025-07-19T20:42:08.240270,sensor.upnp_igd_data_sent,991832349,992053057,"{""state_class"": ""total_increasing"", ""unit_of_measurement"": ""B"", ""device_class"": ""data_size"", ""friendly_name"": ""UPNP IGD Data sent""}"
2025-07-19T20:42:08.241743,sensor.upnp_igd_packets_received,7819323,7821251,"{""state_class"": ""total_increasing"", ""unit_of_measurement"": ""packets"", ""friendly_name"": ""UPNP IGD Packets received""}"
2025-07-19T20:42:08.243208,sensor.upnp_igd_packets_sent,3807389,3808390,"{""state_class"": ""total_increasing"", ""unit_of_measurement"": ""packets"", ""friendly_name"": ""UPNP IGD Packets sent""}"
2025-07-19T20:42:08.244697,sensor.upnp_igd_uptime,1752968424,1752968454,"{""unit_of_measurement"": ""s"", ""device_class"": ""duration"", ""friendly_name"": ""UPNP IGD Uptime""}"
2025-07-19T20:42:08.246087,sensor.upnp_igd_download_speed,4.65386697740298,11.4071402113731,"{""state_class"": ""measurement"", ""unit_of_measurement"": ""KiB/s"", ""device_class"": ""data_rate"", ""friendly_name"": ""UPNP IGD Download speed""}"
2025-07-19T20:42:08.247509,sensor.upnp_igd_upload_speed,2.30387069359563,7.18465584661758,"{""state_class"": ""measurement"", ""unit_of_measurement"": ""KiB/s"", ""device_class"": ""data_rate"", ""friendly_name"": ""UPNP IGD Upload speed""}"
2025-07-19T20:42:08.248916,sensor.upnp_igd_packet_download_speed,47.6325982035677,64.2680141526967,"{""state_class"": ""measurement"", ""unit_of_measurement"": ""packets/s"", ""friendly_name"": ""UPNP IGD Packet download speed""}"
2025-07-19T20:42:08.250334,sensor.upnp_igd_packet_upload_speed,15.3997623303347,33.3673662691128,"{""state_class"": ""measurement"", ""unit_of_measurement"": ""packets/s"", ""friendly_name"": ""UPNP IGD Packet upload speed""}"
2025-07-19T20:42:10.259794,automation.aut_status_bruno,on,on,"{""id"": ""1751855857509"", ""last_triggered"": ""2025-07-19T23:42:10.253008+00:00"", ""mode"": ""single"", ""current"": 1, ""friendly_name"": ""aut-status-bruno""}"
2025-07-19T20:42:10.262001,automation.aut_status_bruno,on,on,"{""id"": ""1751855857509"", ""last_triggered"": ""2025-07-19T23:42:10.253008+00:00"", ""mode"": ""single"", ""current"": 0, ""friendly_name"": ""aut-status-bruno""}"
2025-07-19T20:42:38.242590,sensor.upnp_igd_data_received,2920775167,2920914637,"{""state_class"": ""total_increasing"", ""unit_of_measurement"": ""B"", ""device_class"": ""data_size"", ""friendly_name"": ""UPNP IGD Data received""}"
2025-07-19T20:42:38.244161,sensor.upnp_igd_data_sent,992053057,992139737,"{""state_class"": ""total_increasing"", ""unit_of_measurement"": ""B"", ""device_class"": ""data_size"", ""friendly_name"": ""UPNP IGD Data sent""}"
2025-07-19T20:42:38.245648,sensor.upnp_igd_packets_received,7821251,7822622,"{""state_class"": ""total_increasing"", ""unit_of_measurement"": ""packets"", ""friendly_name"": ""UPNP IGD Packets received""}"
2025-07-19T20:42:38.247128,sensor.upnp_igd_packets_sent,3808390,3808849,"{""state_class"": ""total_increasing"", ""unit_of_measurement"": ""packets"", ""friendly_name"": ""UPNP IGD Packets sent""}"
2025-07-19T20:42:38.249338,sensor.upnp_igd_uptime,1752968454,1752968484,"{""unit_of_measurement"": ""s"", ""device_class"": ""duration"", ""friendly_name"": ""UPNP IGD Uptime""}"
2025-07-19T20:42:38.250901,sensor.upnp_igd_download_speed,11.4071402113731,4.53996854165532,"{""state_class"": ""measurement"", ""unit_of_measurement"": ""KiB/s"", ""device_class"": ""data_rate"", ""friendly_name"": ""UPNP IGD Download speed""}"
2025-07-19T20:42:38.252423,sensor.upnp_igd_upload_speed,7.18465584661758,2.82157075493427,"{""state_class"": ""measurement"", ""unit_of_measurement"": ""KiB/s"", ""device_class"": ""data_rate"", ""friendly_name"": ""UPNP IGD Upload speed""}"
2025-07-19T20:42:38.253814,sensor.upnp_igd_packet_download_speed,64.2680141526967,45.6992901376932,"{""state_class"": ""measurement"", ""unit_of_measurement"": ""packets/s"", ""friendly_name"": ""UPNP IGD Packet download speed""}"
2025-07-19T20:42:38.255153,sensor.upnp_igd_packet_upload_speed,33.3673662691128,15.2997623436916,"{""state_class"": ""measurement"", ""unit_of_measurement"": ""packets/s"", ""friendly_name"": ""UPNP IGD Packet upload speed""}"
2025-07-19T20:42:51.236511,camera.192_168_0_33,idle,idle,"{""access_token"": ""6830c4897457f6b1fdc516e7de8958f2925b00087251b9a5f11a768968bbc6a7"", ""entity_picture"": ""/api/camera_proxy/camera.192_168_0_33?token=6830c4897457f6b1fdc516e7de8958f2925b00087251b9a5f11a768968bbc6a7"", ""friendly_name"": ""192_168_0_14"", ""supported_features"": 2}"
2025-07-19T20:42:51.238167,camera.admin_mainstream,idle,idle,"{""access_token"": ""a7ff9630d183c7ce7cd51d075eca9627cece63930923d8042efab6a9b08c235b"", ""entity_picture"": ""/api/camera_proxy/camera.admin_mainstream?token=a7ff9630d183c7ce7cd51d075eca9627cece63930923d8042efab6a9b08c235b"", ""friendly_name"": ""admin MainStream"", ""supported_features"": 2}"
2025-07-19T20:42:51.239786,camera.admin_substream,idle,idle,"{""access_token"": ""5d507c879713e72b99662bcce8f54dcb50c4af6a0c3cc336c32be3b176e993be"", ""entity_picture"": ""/api/camera_proxy/camera.admin_substream?token=5d507c879713e72b99662bcce8f54dcb50c4af6a0c3cc336c32be3b176e993be"", ""friendly_name"": ""admin SubStream"", ""supported_features"": 2}"
2025-07-19T20:43:08.239445,sensor.upnp_igd_data_received,2920914637,2921140576,"{""state_class"": ""total_increasing"", ""unit_of_measurement"": ""B"", ""device_class"": ""data_size"", ""friendly_name"": ""UPNP IGD Data received""}"
2025-07-19T20:43:08.242747,sensor.upnp_igd_data_sent,992139737,992209900,"{""state_class"": ""total_increasing"", ""unit_of_measurement"": ""B"", ""device_class"": ""data_size"", ""friendly_name"": ""UPNP IGD Data sent""}"
2025-07-19T20:43:08.244275,sensor.upnp_igd_packets_received,7822622,7824030,"{""state_class"": ""total_increasing"", ""unit_of_measurement"": ""packets"", ""friendly_name"": ""UPNP IGD Packets received""}"
2025-07-19T20:43:08.245716,sensor.upnp_igd_packets_sent,3808849,3809322,"{""state_class"": ""total_increasing"", ""unit_of_measurement"": ""packets"", ""friendly_name"": ""UPNP IGD Packets sent""}"
2025-07-19T20:43:08.247023,sensor.upnp_igd_uptime,1752968484,1752968514,"{""unit_of_measurement"": ""s"", ""device_class"": ""duration"", ""friendly_name"": ""UPNP IGD Uptime""}"
2025-07-19T20:43:08.248475,sensor.upnp_igd_download_speed,4.53996854165532,7.35467017823955,"{""state_class"": ""measurement"", ""unit_of_measurement"": ""KiB/s"", ""device_class"": ""data_rate"", ""friendly_name"": ""UPNP IGD Download speed""}"
2025-07-19T20:43:08.249850,sensor.upnp_igd_upload_speed,2.82157075493427,2.28391611769469,"{""state_class"": ""measurement"", ""unit_of_measurement"": ""KiB/s"", ""device_class"": ""data_rate"", ""friendly_name"": ""UPNP IGD Upload speed""}"
2025-07-19T20:43:08.251239,sensor.upnp_igd_packet_download_speed,45.6992901376932,46.9325996203593,"{""state_class"": ""measurement"", ""unit_of_measurement"": ""packets/s"", ""friendly_name"": ""UPNP IGD Packet download speed""}"
2025-07-19T20:43:08.252652,sensor.upnp_igd_packet_upload_speed,15.2997623436916,15.7664201849644,"{""state_class"": ""measurement"", ""unit_of_measurement"": ""packets/s"", ""friendly_name"": ""UPNP IGD Packet upload speed""}"
2025-07-19T20:43:09.803965,binary_sensor.presenca_banheiro_motion,on,off,"{""device_class"": ""motion"", ""friendly_name"": ""Presen\u00e7a banheiro Motion""}"
2025-07-19T20:43:09.810707,automation.auto_banheiro,on,on,"{""id"": ""1747870075916"", ""last_triggered"": ""2025-07-19T23:43:09.797678+00:00"", ""mode"": ""single"", ""current"": 1, ""friendly_name"": ""auto-banheiro""}"
2025-07-19T20:43:10.265509,automation.aut_status_bruno,on,on,"{""id"": ""1751855857509"", ""last_triggered"": ""2025-07-19T23:43:10.252954+00:00"", ""mode"": ""single"", ""current"": 1, ""friendly_name"": ""aut-status-bruno""}"
2025-07-19T20:43:10.267698,automation.aut_status_bruno,on,on,"{""id"": ""1751855857509"", ""last_triggered"": ""2025-07-19T23:43:10.252954+00:00"", ""mode"": ""single"", ""current"": 0, ""friendly_name"": ""aut-status-bruno""}"
2025-07-19T20:43:10.426041,automation.auto_banheiro,on,on,"{""id"": ""1747870075916"", ""last_triggered"": ""2025-07-19T23:43:09.797678+00:00"", ""mode"": ""single"", ""current"": 0, ""friendly_name"": ""auto-banheiro""}"
2025-07-19T20:43:11.087282,switch.interruptor_banheiro_switch_1,on,off,"{""device_class"": ""outlet"", ""friendly_name"": ""Interruptor banheiro Switch 1""}"
2025-07-19T20:43:11.092006,switch.interruptor_banheiro_switch_2,on,off,"{""device_class"": ""outlet"", ""friendly_name"": ""Interruptor banheiro Switch 2""}"
2025-07-19T20:43:38.240222,sensor.upnp_igd_data_received,2921140576,2921552014,"{""state_class"": ""total_increasing"", ""unit_of_measurement"": ""B"", ""device_class"": ""data_size"", ""friendly_name"": ""UPNP IGD Data received""}"
2025-07-19T20:43:38.241707,sensor.upnp_igd_data_sent,992209900,992439264,"{""state_class"": ""total_increasing"", ""unit_of_measurement"": ""B"", ""device_class"": ""data_size"", ""friendly_name"": ""UPNP IGD Data sent""}"
2025-07-19T20:43:38.243136,sensor.upnp_igd_packets_received,7824030,7825946,"{""state_class"": ""total_increasing"", ""unit_of_measurement"": ""packets"", ""friendly_name"": ""UPNP IGD Packets received""}"
2025-07-19T20:43:38.244686,sensor.upnp_igd_packets_sent,3809322,3810333,"{""state_class"": ""total_increasing"", ""unit_of_measurement"": ""packets"", ""friendly_name"": ""UPNP IGD Packets sent""}"
2025-07-19T20:43:38.246038,sensor.upnp_igd_uptime,1752968514,1752968544,"{""unit_of_measurement"": ""s"", ""device_class"": ""duration"", ""friendly_name"": ""UPNP IGD Uptime""}"
2025-07-19T20:43:38.247482,sensor.upnp_igd_download_speed,7.35467017823955,13.3934993464336,"{""state_class"": ""measurement"", ""unit_of_measurement"": ""KiB/s"", ""device_class"": ""data_rate"", ""friendly_name"": ""UPNP IGD Download speed""}"
2025-07-19T20:43:38.248902,sensor.upnp_igd_upload_speed,2.28391611769469,7.46646295212257,"{""state_class"": ""measurement"", ""unit_of_measurement"": ""KiB/s"", ""device_class"": ""data_rate"", ""friendly_name"": ""UPNP IGD Upload speed""}"
2025-07-19T20:43:38.250264,sensor.upnp_igd_packet_download_speed,46.9325996203593,63.8682655022464,"{""state_class"": ""measurement"", ""unit_of_measurement"": ""packets/s"", ""friendly_name"": ""UPNP IGD Packet download speed""}"
2025-07-19T20:43:38.251653,sensor.upnp_igd_packet_upload_speed,15.7664201849644,33.7008436444526,"{""state_class"": ""measurement"", ""unit_of_measurement"": ""packets/s"", ""friendly_name"": ""UPNP IGD Packet upload speed""}"
2025-07-19T20:43:44.666470,sensor.tomada_mesa_de_trabalho_current,0.181,0.274,"{""state_class"": ""measurement"", ""unit_of_measurement"": ""A"", ""device_class"": ""current"", ""friendly_name"": ""Tomada mesa de trabalho Current""}"
2025-07-19T20:43:44.668132,sensor.tomada_mesa_de_trabalho_power,19.0,27.1,"{""state_class"": ""measurement"", ""unit_of_measurement"": ""W"", ""device_class"": ""power"", ""friendly_name"": ""Tomada mesa de trabalho Power""}"
2025-07-19T20:43:44.669633,sensor.tomada_mesa_de_trabalho_voltage,132.5,131.6,"{""state_class"": ""measurement"", ""unit_of_measurement"": ""V"", ""device_class"": ""voltage"", ""friendly_name"": ""Tomada mesa de trabalho Voltage""}"
2025-07-19T20:43:49.688767,sensor.tomada_mesa_de_trabalho_current,0.274,0.35,"{""state_class"": ""measurement"", ""unit_of_measurement"": ""A"", ""device_class"": ""current"", ""friendly_name"": ""Tomada mesa de trabalho Current""}"
2025-07-19T20:43:49.690633,sensor.tomada_mesa_de_trabalho_power,27.1,42.2,"{""state_class"": ""measurement"", ""unit_of_measurement"": ""W"", ""device_class"": ""power"", ""friendly_name"": ""Tomada mesa de trabalho Power""}"
2025-07-19T20:43:49.692509,sensor.tomada_mesa_de_trabalho_voltage,131.6,130.8,"{""state_class"": ""measurement"", ""unit_of_measurement"": ""V"", ""device_class"": ""voltage"", ""friendly_name"": ""Tomada mesa de trabalho Voltage""}"
2025-07-19T20:43:54.675686,automation.aut_status_bruno,on,on,"{""id"": ""1751855857509"", ""last_triggered"": ""2025-07-19T23:43:54.666451+00:00"", ""mode"": ""single"", ""current"": 1, ""friendly_name"": ""aut-status-bruno""}"
2025-07-19T20:43:54.679091,input_boolean.trabalhando,off,on,"{""editable"": true, ""icon"": ""mdi:toggle-switch"", ""friendly_name"": ""trabalhando?""}"
2025-07-19T20:43:54.680734,automation.aut_status_bruno,on,on,"{""id"": ""1751855857509"", ""last_triggered"": ""2025-07-19T23:43:54.666451+00:00"", ""mode"": ""single"", ""current"": 0, ""friendly_name"": ""aut-status-bruno""}"
2025-07-19T20:44:08.242716,sensor.upnp_igd_data_received,2921552014,2923506229,"{""state_class"": ""total_increasing"", ""unit_of_measurement"": ""B"", ""device_class"": ""data_size"", ""friendly_name"": ""UPNP IGD Data received""}"
2025-07-19T20:44:08.245545,sensor.upnp_igd_data_sent,992439264,993239945,"{""state_class"": ""total_increasing"", ""unit_of_measurement"": ""B"", ""device_class"": ""data_size"", ""friendly_name"": ""UPNP IGD Data sent""}"
2025-07-19T20:44:08.246889,sensor.upnp_igd_packets_received,7825946,7830065,"{""state_class"": ""total_increasing"", ""unit_of_measurement"": ""packets"", ""friendly_name"": ""UPNP IGD Packets received""}"
2025-07-19T20:44:08.248336,sensor.upnp_igd_packets_sent,3810333,3813208,"{""state_class"": ""total_increasing"", ""unit_of_measurement"": ""packets"", ""friendly_name"": ""UPNP IGD Packets sent""}"
2025-07-19T20:44:08.249717,sensor.upnp_igd_uptime,1752968544,1752968574,"{""unit_of_measurement"": ""s"", ""device_class"": ""duration"", ""friendly_name"": ""UPNP IGD Uptime""}"
2025-07-19T20:44:08.251129,sensor.upnp_igd_download_speed,13.3934993464336,63.6122131524349,"{""state_class"": ""measurement"", ""unit_of_measurement"": ""KiB/s"", ""device_class"": ""data_rate"", ""friendly_name"": ""UPNP IGD Download speed""}"
2025-07-19T20:44:08.252609,sensor.upnp_igd_upload_speed,7.46646295212257,26.0631969558645,"{""state_class"": ""measurement"", ""unit_of_measurement"": ""KiB/s"", ""device_class"": ""data_rate"", ""friendly_name"": ""UPNP IGD Upload speed""}"
2025-07-19T20:44:08.254033,sensor.upnp_igd_packet_download_speed,63.8682655022464,137.296640808855,"{""state_class"": ""measurement"", ""unit_of_measurement"": ""packets/s"", ""friendly_name"": ""UPNP IGD Packet download speed""}"
2025-07-19T20:44:08.257014,sensor.upnp_igd_packet_upload_speed,33.7008436444526,95.8309886684772,"{""state_class"": ""measurement"", ""unit_of_measurement"": ""packets/s"", ""friendly_name"": ""UPNP IGD Packet upload speed""}"
2025-07-19T20:44:10.270384,automation.aut_status_bruno,on,on,"{""id"": ""1751855857509"", ""last_triggered"": ""2025-07-19T23:44:10.253834+00:00"", ""mode"": ""single"", ""current"": 1, ""friendly_name"": ""aut-status-bruno""}"
2025-07-19T20:44:10.273748,automation.aut_status_bruno,on,on,"{""id"": ""1751855857509"", ""last_triggered"": ""2025-07-19T23:44:10.253834+00:00"", ""mode"": ""single"", ""current"": 0, ""friendly_name"": ""aut-status-bruno""}"
2025-07-19T20:44:15.059148,binary_sensor.presenca_banheiro_motion,off,on,"{""device_class"": ""motion"", ""friendly_name"": ""Presen\u00e7a banheiro Motion""}"
2025-07-19T20:44:15.066237,automation.auto_banheiro,on,on,"{""id"": ""1747870075916"", ""last_triggered"": ""2025-07-19T23:44:15.053133+00:00"", ""mode"": ""single"", ""current"": 1, ""friendly_name"": ""auto-banheiro""}"
2025-07-19T20:44:15.282094,automation.auto_banheiro,on,on,"{""id"": ""1747870075916"", ""last_triggered"": ""2025-07-19T23:44:15.053133+00:00"", ""mode"": ""single"", ""current"": 0, ""friendly_name"": ""auto-banheiro""}"
2025-07-19T20:44:15.743682,switch.interruptor_banheiro_switch_1,off,on,"{""device_class"": ""outlet"", ""friendly_name"": ""Interruptor banheiro Switch 1""}"
2025-07-19T20:44:15.747001,switch.interruptor_banheiro_switch_2,off,on,"{""device_class"": ""outlet"", ""friendly_name"": ""Interruptor banheiro Switch 2""}"
2025-07-19T20:44:24.736343,sensor.tomada_mesa_de_trabalho_current,0.35,0.191,"{""state_class"": ""measurement"", ""unit_of_measurement"": ""A"", ""device_class"": ""current"", ""friendly_name"": ""Tomada mesa de trabalho Current""}"
2025-07-19T20:44:24.737983,sensor.tomada_mesa_de_trabalho_power,42.2,17.5,"{""state_class"": ""measurement"", ""unit_of_measurement"": ""W"", ""device_class"": ""power"", ""friendly_name"": ""Tomada mesa de trabalho Power""}"
2025-07-19T20:44:24.739527,sensor.tomada_mesa_de_trabalho_voltage,130.8,131.6,"{""state_class"": ""measurement"", ""unit_of_measurement"": ""V"", ""device_class"": ""voltage"", ""friendly_name"": ""Tomada mesa de trabalho Voltage""}"
2025-07-19T20:44:38.237361,sensor.upnp_igd_data_received,2923506229,2923698802,"{""state_class"": ""total_increasing"", ""unit_of_measurement"": ""B"", ""device_class"": ""data_size"", ""friendly_name"": ""UPNP IGD Data received""}"
2025-07-19T20:44:38.240754,sensor.upnp_igd_data_sent,993239945,993354554,"{""state_class"": ""total_increasing"", ""unit_of_measurement"": ""B"", ""device_class"": ""data_size"", ""friendly_name"": ""UPNP IGD Data sent""}"
2025-07-19T20:44:38.242369,sensor.upnp_igd_packets_received,7830065,7831661,"{""state_class"": ""total_increasing"", ""unit_of_measurement"": ""packets"", ""friendly_name"": ""UPNP IGD Packets received""}"
2025-07-19T20:44:38.243870,sensor.upnp_igd_packets_sent,3813208,3813858,"{""state_class"": ""total_increasing"", ""unit_of_measurement"": ""packets"", ""friendly_name"": ""UPNP IGD Packets sent""}"
2025-07-19T20:44:38.245310,sensor.upnp_igd_uptime,1752968574,1752968604,"{""unit_of_measurement"": ""s"", ""device_class"": ""duration"", ""friendly_name"": ""UPNP IGD Uptime""}"
2025-07-19T20:44:38.246778,sensor.upnp_igd_download_speed,63.6122131524349,6.2688174226088,"{""state_class"": ""measurement"", ""unit_of_measurement"": ""KiB/s"", ""device_class"": ""data_rate"", ""friendly_name"": ""UPNP IGD Download speed""}"
2025-07-19T20:44:38.248282,sensor.upnp_igd_upload_speed,26.0631969558645,3.73085996472907,"{""state_class"": ""measurement"", ""unit_of_measurement"": ""KiB/s"", ""device_class"": ""data_rate"", ""friendly_name"": ""UPNP IGD Upload speed""}"
2025-07-19T20:44:38.249680,sensor.upnp_igd_packet_download_speed,137.296640808855,53.2014009702255,"{""state_class"": ""measurement"", ""unit_of_measurement"": ""packets/s"", ""friendly_name"": ""UPNP IGD Packet download speed""}"
2025-07-19T20:44:38.251086,sensor.upnp_igd_packet_upload_speed,95.8309886684772,21.6672372372472,"{""state_class"": ""measurement"", ""unit_of_measurement"": ""packets/s"", ""friendly_name"": ""UPNP IGD Packet upload speed""}"
2025-07-19T20:44:57.944638,binary_sensor.presenca_banheiro_motion,on,off,"{""device_class"": ""motion"", ""friendly_name"": ""Presen\u00e7a banheiro Motion""}"
2025-07-19T20:44:57.947272,automation.auto_banheiro,on,on,"{""id"": ""1747870075916"", ""last_triggered"": ""2025-07-19T23:44:57.937020+00:00"", ""mode"": ""single"", ""current"": 1, ""friendly_name"": ""auto-banheiro""}"
2025-07-19T20:44:58.168094,automation.auto_banheiro,on,on,"{""id"": ""1747870075916"", ""last_triggered"": ""2025-07-19T23:44:57.937020+00:00"", ""mode"": ""single"", ""current"": 0, ""friendly_name"": ""auto-banheiro""}"
2025-07-19T20:44:58.690609,switch.interruptor_banheiro_switch_1,on,off,"{""device_class"": ""outlet"", ""friendly_name"": ""Interruptor banheiro Switch 1""}"
2025-07-19T20:44:58.696513,switch.interruptor_banheiro_switch_2,on,off,"{""device_class"": ""outlet"", ""friendly_name"": ""Interruptor banheiro Switch 2""}"
2025-07-19T20:45:08.242561,sensor.upnp_igd_data_received,2923698802,2923882000,"{""state_class"": ""total_increasing"", ""unit_of_measurement"": ""B"", ""device_class"": ""data_size"", ""friendly_name"": ""UPNP IGD Data received""}"
2025-07-19T20:45:08.245367,sensor.upnp_igd_data_sent,993354554,993446162,"{""state_class"": ""total_increasing"", ""unit_of_measurement"": ""B"", ""device_class"": ""data_size"", ""friendly_name"": ""UPNP IGD Data sent""}"
2025-07-19T20:45:08.246707,sensor.upnp_igd_packets_received,7831661,7833102,"{""state_class"": ""total_increasing"", ""unit_of_measurement"": ""packets"", ""friendly_name"": ""UPNP IGD Packets received""}"
2025-07-19T20:45:08.248269,sensor.upnp_igd_packets_sent,3813858,3814381,"{""state_class"": ""total_increasing"", ""unit_of_measurement"": ""packets"", ""friendly_name"": ""UPNP IGD Packets sent""}"
2025-07-19T20:45:08.250750,sensor.upnp_igd_uptime,1752968604,1752968634,"{""unit_of_measurement"": ""s"", ""device_class"": ""duration"", ""friendly_name"": ""UPNP IGD Uptime""}"
2025-07-19T20:45:08.254676,sensor.upnp_igd_download_speed,6.2688174226088,5.96332052227967,"{""state_class"": ""measurement"", ""unit_of_measurement"": ""KiB/s"", ""device_class"": ""data_rate"", ""friendly_name"": ""UPNP IGD Download speed""}"
2025-07-19T20:45:08.256594,sensor.upnp_igd_upload_speed,3.73085996472907,2.98195322222402,"{""state_class"": ""measurement"", ""unit_of_measurement"": ""KiB/s"", ""device_class"": ""data_rate"", ""friendly_name"": ""UPNP IGD Upload speed""}"
2025-07-19T20:45:08.257909,sensor.upnp_igd_packet_download_speed,53.2014009702255,48.0320764939984,"{""state_class"": ""measurement"", ""unit_of_measurement"": ""packets/s"", ""friendly_name"": ""UPNP IGD Packet download speed""}"
2025-07-19T20:45:08.259107,sensor.upnp_igd_packet_upload_speed,21.6672372372472,17.4328771730473,"{""state_class"": ""measurement"", ""unit_of_measurement"": ""packets/s"", ""friendly_name"": ""UPNP IGD Packet upload speed""}"
2025-07-19T20:45:10.262913,automation.aut_status_bruno,on,on,"{""id"": ""1751855857509"", ""last_triggered"": ""2025-07-19T23:45:10.253535+00:00"", ""mode"": ""single"", ""current"": 1, ""friendly_name"": ""aut-status-bruno""}"
2025-07-19T20:45:10.265021,input_boolean.trabalhando,on,off,"{""editable"": true, ""icon"": ""mdi:toggle-switch"", ""friendly_name"": ""trabalhando?""}"
2025-07-19T20:45:10.267982,automation.aut_status_bruno,on,on,"{""id"": ""1751855857509"", ""last_triggered"": ""2025-07-19T23:45:10.253535+00:00"", ""mode"": ""single"", ""current"": 0, ""friendly_name"": ""aut-status-bruno""}"
2025-07-19T20:45:38.242051,sensor.upnp_igd_data_received,2923882000,2924027582,"{""state_class"": ""total_increasing"", ""unit_of_measurement"": ""B"", ""device_class"": ""data_size"", ""friendly_name"": ""UPNP IGD Data received""}"
2025-07-19T20:45:38.244591,sensor.upnp_igd_data_sent,993446162,993533412,"{""state_class"": ""total_increasing"", ""unit_of_measurement"": ""B"", ""device_class"": ""data_size"", ""friendly_name"": ""UPNP IGD Data sent""}"
2025-07-19T20:45:38.246157,sensor.upnp_igd_packets_received,7833102,7834507,"{""state_class"": ""total_increasing"", ""unit_of_measurement"": ""packets"", ""friendly_name"": ""UPNP IGD Packets received""}"
2025-07-19T20:45:38.247590,sensor.upnp_igd_packets_sent,3814381,3814857,"{""state_class"": ""total_increasing"", ""unit_of_measurement"": ""packets"", ""friendly_name"": ""UPNP IGD Packets sent""}"
2025-07-19T20:45:38.249139,sensor.upnp_igd_uptime,1752968634,1752968664,"{""unit_of_measurement"": ""s"", ""device_class"": ""duration"", ""friendly_name"": ""UPNP IGD Uptime""}"
2025-07-19T20:45:38.250623,sensor.upnp_igd_download_speed,5.96332052227967,4.73909581105634,"{""state_class"": ""measurement"", ""unit_of_measurement"": ""KiB/s"", ""device_class"": ""data_rate"", ""friendly_name"": ""UPNP IGD Download speed""}"
2025-07-19T20:45:38.252097,sensor.upnp_igd_upload_speed,2.98195322222402,2.84022825290672,"{""state_class"": ""measurement"", ""unit_of_measurement"": ""KiB/s"", ""device_class"": ""data_rate"", ""friendly_name"": ""UPNP IGD Upload speed""}"
2025-07-19T20:45:38.253480,sensor.upnp_igd_packet_download_speed,48.0320764939984,46.8343059257531,"{""state_class"": ""measurement"", ""unit_of_measurement"": ""packets/s"", ""friendly_name"": ""UPNP IGD Packet download speed""}"
2025-07-19T20:45:38.254904,sensor.upnp_igd_packet_upload_speed,17.4328771730473,15.8669961712872,"{""state_class"": ""measurement"", ""unit_of_measurement"": ""packets/s"", ""friendly_name"": ""UPNP IGD Packet upload speed""}"
2025-07-19T20:45:47.438777,binary_sensor.presenca_sala_motion,off,on,"{""device_class"": ""motion"", ""friendly_name"": ""Presen\u00e7a sala Motion""}"
2025-07-19T20:45:47.441999,automation.aut_sala,on,on,"{""id"": ""1746116908353"", ""last_triggered"": ""2025-07-19T23:45:47.433024+00:00"", ""mode"": ""single"", ""current"": 1, ""friendly_name"": ""aut-sala""}"
2025-07-19T20:45:47.650559,automation.aut_sala,on,on,"{""id"": ""1746116908353"", ""last_triggered"": ""2025-07-19T23:45:47.433024+00:00"", ""mode"": ""single"", ""current"": 0, ""friendly_name"": ""aut-sala""}"
2025-07-19T20:45:48.168325,switch.interruptor_sala_switch_1,off,on,"{""device_class"": ""outlet"", ""friendly_name"": ""Interruptor sala Switch 1""}"
2025-07-19T20:46:08.240245,sensor.upnp_igd_data_received,2924027582,2926315086,"{""state_class"": ""total_increasing"", ""unit_of_measurement"": ""B"", ""device_class"": ""data_size"", ""friendly_name"": ""UPNP IGD Data received""}"
2025-07-19T20:46:08.242797,sensor.upnp_igd_data_sent,993533412,995023750,"{""state_class"": ""total_increasing"", ""unit_of_measurement"": ""B"", ""device_class"": ""data_size"", ""friendly_name"": ""UPNP IGD Data sent""}"
2025-07-19T20:46:08.245696,sensor.upnp_igd_packets_received,7834507,7838855,"{""state_class"": ""total_increasing"", ""unit_of_measurement"": ""packets"", ""friendly_name"": ""UPNP IGD Packets received""}"
2025-07-19T20:46:08.247249,sensor.upnp_igd_packets_sent,3814857,3817936,"{""state_class"": ""total_increasing"", ""unit_of_measurement"": ""packets"", ""friendly_name"": ""UPNP IGD Packets sent""}"
2025-07-19T20:46:08.248835,sensor.upnp_igd_uptime,1752968664,1752968694,"{""unit_of_measurement"": ""s"", ""device_class"": ""duration"", ""friendly_name"": ""UPNP IGD Uptime""}"
2025-07-19T20:46:08.250321,sensor.upnp_igd_download_speed,4.73909581105634,74.4637381673443,"{""state_class"": ""measurement"", ""unit_of_measurement"": ""KiB/s"", ""device_class"": ""data_rate"", ""friendly_name"": ""UPNP IGD Download speed""}"
2025-07-19T20:46:08.252053,sensor.upnp_igd_upload_speed,2.84022825290672,48.5140741230807,"{""state_class"": ""measurement"", ""unit_of_measurement"": ""KiB/s"", ""device_class"": ""data_rate"", ""friendly_name"": ""UPNP IGD Upload speed""}"
2025-07-19T20:46:08.253754,sensor.upnp_igd_packet_download_speed,46.8343059257531,144.934729537895,"{""state_class"": ""measurement"", ""unit_of_measurement"": ""packets/s"", ""friendly_name"": ""UPNP IGD Packet download speed""}"
2025-07-19T20:46:08.255240,sensor.upnp_igd_packet_upload_speed,15.8669961712872,102.634322043969,"{""state_class"": ""measurement"", ""unit_of_measurement"": ""packets/s"", ""friendly_name"": ""UPNP IGD Packet upload speed""}"
2025-07-19T20:46:10.260511,automation.aut_status_bruno,on,on,"{""id"": ""1751855857509"", ""last_triggered"": ""2025-07-19T23:46:10.253424+00:00"", ""mode"": ""single"", ""current"": 1, ""friendly_name"": ""aut-status-bruno""}"
2025-07-19T20:46:10.262732,automation.aut_status_bruno,on,on,"{""id"": ""1751855857509"", ""last_triggered"": ""2025-07-19T23:46:10.253424+00:00"", ""mode"": ""single"", ""current"": 0, ""friendly_name"": ""aut-status-bruno""}"
2025-07-19T20:46:38.240828,sensor.upnp_igd_data_received,2926315086,2935271058,"{""state_class"": ""total_increasing"", ""unit_of_measurement"": ""B"", ""device_class"": ""data_size"", ""friendly_name"": ""UPNP IGD Data received""}"
2025-07-19T20:46:38.243653,sensor.upnp_igd_data_sent,995023750,996155045,"{""state_class"": ""total_increasing"", ""unit_of_measurement"": ""B"", ""device_class"": ""data_size"", ""friendly_name"": ""UPNP IGD Data sent""}"
2025-07-19T20:46:38.245158,sensor.upnp_igd_packets_received,7838855,7847955,"{""state_class"": ""total_increasing"", ""unit_of_measurement"": ""packets"", ""friendly_name"": ""UPNP IGD Packets received""}"
2025-07-19T20:46:38.246574,sensor.upnp_igd_packets_sent,3817936,3821289,"{""state_class"": ""total_increasing"", ""unit_of_measurement"": ""packets"", ""friendly_name"": ""UPNP IGD Packets sent""}"
2025-07-19T20:46:38.247933,sensor.upnp_igd_uptime,1752968694,1752968724,"{""unit_of_measurement"": ""s"", ""device_class"": ""duration"", ""friendly_name"": ""UPNP IGD Uptime""}"
2025-07-19T20:46:38.249433,sensor.upnp_igd_download_speed,74.4637381673443,291.532884207991,"{""state_class"": ""measurement"", ""unit_of_measurement"": ""KiB/s"", ""device_class"": ""data_rate"", ""friendly_name"": ""UPNP IGD Download speed""}"
2025-07-19T20:46:38.250910,sensor.upnp_igd_upload_speed,48.5140741230807,36.8256727734387,"{""state_class"": ""measurement"", ""unit_of_measurement"": ""KiB/s"", ""device_class"": ""data_rate"", ""friendly_name"": ""UPNP IGD Upload speed""}"
2025-07-19T20:46:38.252645,sensor.upnp_igd_packet_download_speed,144.934729537895,303.330562914192,"{""state_class"": ""measurement"", ""unit_of_measurement"": ""packets/s"", ""friendly_name"": ""UPNP IGD Packet download speed""}"
2025-07-19T20:46:38.254094,sensor.upnp_igd_packet_upload_speed,102.634322043969,111.765645873768,"{""state_class"": ""measurement"", ""unit_of_measurement"": ""packets/s"", ""friendly_name"": ""UPNP IGD Packet upload speed""}"
2025-07-19T20:46:46.736698,binary_sensor.presenca_sala_motion,on,off,"{""device_class"": ""motion"", ""friendly_name"": ""Presen\u00e7a sala Motion""}"
2025-07-19T20:46:46.739390,automation.aut_sala,on,on,"{""id"": ""1746116908353"", ""last_triggered"": ""2025-07-19T23:46:46.730056+00:00"", ""mode"": ""single"", ""current"": 1, ""friendly_name"": ""aut-sala""}"
2025-07-19T20:46:46.961942,automation.aut_sala,on,on,"{""id"": ""1746116908353"", ""last_triggered"": ""2025-07-19T23:46:46.730056+00:00"", ""mode"": ""single"", ""current"": 0, ""friendly_name"": ""aut-sala""}"
2025-07-19T20:46:47.584480,switch.interruptor_sala_switch_1,on,off,"{""device_class"": ""outlet"", ""friendly_name"": ""Interruptor sala Switch 1""}"
2025-07-19T20:47:08.242718,sensor.upnp_igd_data_received,2935271058,2936108142,"{""state_class"": ""total_increasing"", ""unit_of_measurement"": ""B"", ""device_class"": ""data_size"", ""friendly_name"": ""UPNP IGD Data received""}"
2025-07-19T20:47:08.245287,sensor.upnp_igd_data_sent,996155045,996370643,"{""state_class"": ""total_increasing"", ""unit_of_measurement"": ""B"", ""device_class"": ""data_size"", ""friendly_name"": ""UPNP IGD Data sent""}"
2025-07-19T20:47:08.247677,sensor.upnp_igd_packets_received,7847955,7850215,"{""state_class"": ""total_increasing"", ""unit_of_measurement"": ""packets"", ""friendly_name"": ""UPNP IGD Packets received""}"
2025-07-19T20:47:08.249260,sensor.upnp_igd_packets_sent,3821289,3822417,"{""state_class"": ""total_increasing"", ""unit_of_measurement"": ""packets"", ""friendly_name"": ""UPNP IGD Packets sent""}"
2025-07-19T20:47:08.250630,sensor.upnp_igd_uptime,1752968724,1752968754,"{""unit_of_measurement"": ""s"", ""device_class"": ""duration"", ""friendly_name"": ""UPNP IGD Uptime""}"
2025-07-19T20:47:08.252177,sensor.upnp_igd_download_speed,291.532884207991,27.2487100472565,"{""state_class"": ""measurement"", ""unit_of_measurement"": ""KiB/s"", ""device_class"": ""data_rate"", ""friendly_name"": ""UPNP IGD Download speed""}"
2025-07-19T20:47:08.253612,sensor.upnp_igd_upload_speed,36.8256727734387,7.01813365058751,"{""state_class"": ""measurement"", ""unit_of_measurement"": ""KiB/s"", ""device_class"": ""data_rate"", ""friendly_name"": ""UPNP IGD Upload speed""}"
2025-07-19T20:47:08.255013,sensor.upnp_igd_packet_download_speed,303.330562914192,75.3330068903035,"{""state_class"": ""measurement"", ""unit_of_measurement"": ""packets/s"", ""friendly_name"": ""UPNP IGD Packet download speed""}"
2025-07-19T20:47:08.256518,sensor.upnp_igd_packet_upload_speed,111.765645873768,37.5998370673727,"{""state_class"": ""measurement"", ""unit_of_measurement"": ""packets/s"", ""friendly_name"": ""UPNP IGD Packet upload speed""}"
2025-07-19T20:47:10.259453,automation.aut_status_bruno,on,on,"{""id"": ""1751855857509"", ""last_triggered"": ""2025-07-19T23:47:10.252845+00:00"", ""mode"": ""single"", ""current"": 1, ""friendly_name"": ""aut-status-bruno""}"
2025-07-19T20:47:10.261710,automation.aut_status_bruno,on,on,"{""id"": ""1751855857509"", ""last_triggered"": ""2025-07-19T23:47:10.252845+00:00"", ""mode"": ""single"", ""current"": 0, ""friendly_name"": ""aut-status-bruno""}"
2025-07-19T20:47:38.252816,sensor.upnp_igd_data_received,2936108142,2936670792,"{""state_class"": ""total_increasing"", ""unit_of_measurement"": ""B"", ""device_class"": ""data_size"", ""friendly_name"": ""UPNP IGD Data received""}"
2025-07-19T20:47:38.259472,sensor.upnp_igd_data_sent,996370643,996669363,"{""state_class"": ""total_increasing"", ""unit_of_measurement"": ""B"", ""device_class"": ""data_size"", ""friendly_name"": ""UPNP IGD Data sent""}"
2025-07-19T20:47:38.262898,sensor.upnp_igd_packets_received,7850215,7852136,"{""state_class"": ""total_increasing"", ""unit_of_measurement"": ""packets"", ""friendly_name"": ""UPNP IGD Packets received""}"
2025-07-19T20:47:38.266168,sensor.upnp_igd_packets_sent,3822417,3823360,"{""state_class"": ""total_increasing"", ""unit_of_measurement"": ""packets"", ""friendly_name"": ""UPNP IGD Packets sent""}"
2025-07-19T20:47:38.269448,sensor.upnp_igd_uptime,1752968754,1752968784,"{""unit_of_measurement"": ""s"", ""device_class"": ""duration"", ""friendly_name"": ""UPNP IGD Uptime""}"
2025-07-19T20:47:38.272804,sensor.upnp_igd_download_speed,27.2487100472565,18.3150871953694,"{""state_class"": ""measurement"", ""unit_of_measurement"": ""KiB/s"", ""device_class"": ""data_rate"", ""friendly_name"": ""UPNP IGD Download speed""}"
2025-07-19T20:47:38.276065,sensor.upnp_igd_upload_speed,7.01813365058751,9.72377649871281,"{""state_class"": ""measurement"", ""unit_of_measurement"": ""KiB/s"", ""device_class"": ""data_rate"", ""friendly_name"": ""UPNP IGD Upload speed""}"
2025-07-19T20:47:38.279387,sensor.upnp_igd_packet_download_speed,75.3330068903035,64.0321359323914,"{""state_class"": ""measurement"", ""unit_of_measurement"": ""packets/s"", ""friendly_name"": ""UPNP IGD Packet download speed""}"
2025-07-19T20:47:38.282575,sensor.upnp_igd_packet_upload_speed,37.5998370673727,31.4327455409917,"{""state_class"": ""measurement"", ""unit_of_measurement"": ""packets/s"", ""friendly_name"": ""UPNP IGD Packet upload speed""}"
2025-07-19T20:47:51.238133,camera.192_168_0_33,idle,idle,"{""access_token"": ""bab5685ba264d3b457f71d35bc2c4f7fa7aab3de39965981f58b0371d5c5d2f1"", ""entity_picture"": ""/api/camera_proxy/camera.192_168_0_33?token=bab5685ba264d3b457f71d35bc2c4f7fa7aab3de39965981f58b0371d5c5d2f1"", ""friendly_name"": ""192_168_0_14"", ""supported_features"": 2}"
2025-07-19T20:47:51.239982,camera.admin_mainstream,idle,idle,"{""access_token"": ""56c1f2cdde893fcd949c26d20a041dc7ebf9d05e26ba5d07b023a2bd4772e6b4"", ""entity_picture"": ""/api/camera_proxy/camera.admin_mainstream?token=56c1f2cdde893fcd949c26d20a041dc7ebf9d05e26ba5d07b023a2bd4772e6b4"", ""friendly_name"": ""admin MainStream"", ""supported_features"": 2}"
2025-07-19T20:47:51.241649,camera.admin_substream,idle,idle,"{""access_token"": ""91e690ecc983b7cbad64db9edcc7f84d3e72c2d6edd675d438f9e214a788a2dd"", ""entity_picture"": ""/api/camera_proxy/camera.admin_substream?token=91e690ecc983b7cbad64db9edcc7f84d3e72c2d6edd675d438f9e214a788a2dd"", ""friendly_name"": ""admin SubStream"", ""supported_features"": 2}"
2025-07-19T20:48:08.238657,sensor.upnp_igd_data_received,2936670792,2936901115,"{""state_class"": ""total_increasing"", ""unit_of_measurement"": ""B"", ""device_class"": ""data_size"", ""friendly_name"": ""UPNP IGD Data received""}"
2025-07-19T20:48:08.240565,sensor.upnp_igd_data_sent,996669363,996723041,"{""state_class"": ""total_increasing"", ""unit_of_measurement"": ""B"", ""device_class"": ""data_size"", ""friendly_name"": ""UPNP IGD Data sent""}"
2025-07-19T20:48:08.242041,sensor.upnp_igd_packets_received,7852136,7853606,"{""state_class"": ""total_increasing"", ""unit_of_measurement"": ""packets"", ""friendly_name"": ""UPNP IGD Packets received""}"
2025-07-19T20:48:08.243526,sensor.upnp_igd_packets_sent,3823360,3823813,"{""state_class"": ""total_increasing"", ""unit_of_measurement"": ""packets"", ""friendly_name"": ""UPNP IGD Packets sent""}"
2025-07-19T20:48:08.244910,sensor.upnp_igd_uptime,1752968784,1752968814,"{""unit_of_measurement"": ""s"", ""device_class"": ""duration"", ""friendly_name"": ""UPNP IGD Uptime""}"
2025-07-19T20:48:08.246289,sensor.upnp_igd_download_speed,18.3150871953694,7.49753372634766,"{""state_class"": ""measurement"", ""unit_of_measurement"": ""KiB/s"", ""device_class"": ""data_rate"", ""friendly_name"": ""UPNP IGD Download speed""}"
2025-07-19T20:48:08.247688,sensor.upnp_igd_upload_speed,9.72377649871281,1.74734010655857,"{""state_class"": ""measurement"", ""unit_of_measurement"": ""KiB/s"", ""device_class"": ""data_rate"", ""friendly_name"": ""UPNP IGD Upload speed""}"
2025-07-19T20:48:08.249470,sensor.upnp_igd_packet_download_speed,64.0321359323914,49.0002629680779,"{""state_class"": ""measurement"", ""unit_of_measurement"": ""packets/s"", ""friendly_name"": ""UPNP IGD Packet download speed""}"
2025-07-19T20:48:08.251700,sensor.upnp_igd_packet_upload_speed,31.4327455409917,15.1000810371016,"{""state_class"": ""measurement"", ""unit_of_measurement"": ""packets/s"", ""friendly_name"": ""UPNP IGD Packet upload speed""}"
2025-07-19T20:48:10.259353,automation.aut_status_bruno,on,on,"{""id"": ""1751855857509"", ""last_triggered"": ""2025-07-19T23:48:10.252715+00:00"", ""mode"": ""single"", ""current"": 1, ""friendly_name"": ""aut-status-bruno""}"
2025-07-19T20:48:10.261644,automation.aut_status_bruno,on,on,"{""id"": ""1751855857509"", ""last_triggered"": ""2025-07-19T23:48:10.252715+00:00"", ""mode"": ""single"", ""current"": 0, ""friendly_name"": ""aut-status-bruno""}"
2025-07-19T20:48:38.238040,sensor.upnp_igd_data_received,2936901115,2937451307,"{""state_class"": ""total_increasing"", ""unit_of_measurement"": ""B"", ""device_class"": ""data_size"", ""friendly_name"": ""UPNP IGD Data received""}"
2025-07-19T20:48:38.240748,sensor.upnp_igd_data_sent,996723041,996997243,"{""state_class"": ""total_increasing"", ""unit_of_measurement"": ""B"", ""device_class"": ""data_size"", ""friendly_name"": ""UPNP IGD Data sent""}"
2025-07-19T20:48:38.242247,sensor.upnp_igd_packets_received,7853606,7855585,"{""state_class"": ""total_increasing"", ""unit_of_measurement"": ""packets"", ""friendly_name"": ""UPNP IGD Packets received""}"
2025-07-19T20:48:38.243686,sensor.upnp_igd_packets_sent,3823813,3824841,"{""state_class"": ""total_increasing"", ""unit_of_measurement"": ""packets"", ""friendly_name"": ""UPNP IGD Packets sent""}"
2025-07-19T20:48:38.245039,sensor.upnp_igd_uptime,1752968814,1752968844,"{""unit_of_measurement"": ""s"", ""device_class"": ""duration"", ""friendly_name"": ""UPNP IGD Uptime""}"
2025-07-19T20:48:38.246420,sensor.upnp_igd_download_speed,7.49753372634766,17.9101632917718,"{""state_class"": ""measurement"", ""unit_of_measurement"": ""KiB/s"", ""device_class"": ""data_rate"", ""friendly_name"": ""UPNP IGD Download speed""}"
2025-07-19T20:48:38.247932,sensor.upnp_igd_upload_speed,1.74734010655857,8.92597964879609,"{""state_class"": ""measurement"", ""unit_of_measurement"": ""KiB/s"", ""device_class"": ""data_rate"", ""friendly_name"": ""UPNP IGD Upload speed""}"
2025-07-19T20:48:38.249362,sensor.upnp_igd_packet_download_speed,49.0002629680779,65.9676517836,"{""state_class"": ""measurement"", ""unit_of_measurement"": ""packets/s"", ""friendly_name"": ""UPNP IGD Packet download speed""}"
2025-07-19T20:48:38.250715,sensor.upnp_igd_packet_upload_speed,15.1000810371016,34.267178389864,"{""state_class"": ""measurement"", ""unit_of_measurement"": ""packets/s"", ""friendly_name"": ""UPNP IGD Packet upload speed""}"
2025-07-19T20:49:08.248487,sensor.upnp_igd_data_received,2937451307,2937656215,"{""state_class"": ""total_increasing"", ""unit_of_measurement"": ""B"", ""device_class"": ""data_size"", ""friendly_name"": ""UPNP IGD Data received""}"
2025-07-19T20:49:08.252451,sensor.upnp_igd_data_sent,996997243,997089852,"{""state_class"": ""total_increasing"", ""unit_of_measurement"": ""B"", ""device_class"": ""data_size"", ""friendly_name"": ""UPNP IGD Data sent""}"
2025-07-19T20:49:08.254098,sensor.upnp_igd_packets_received,7855585,7857043,"{""state_class"": ""total_increasing"", ""unit_of_measurement"": ""packets"", ""friendly_name"": ""UPNP IGD Packets received""}"
2025-07-19T20:49:08.255550,sensor.upnp_igd_packets_sent,3824841,3825391,"{""state_class"": ""total_increasing"", ""unit_of_measurement"": ""packets"", ""friendly_name"": ""UPNP IGD Packets sent""}"
2025-07-19T20:49:08.256942,sensor.upnp_igd_uptime,1752968844,1752968874,"{""unit_of_measurement"": ""s"", ""device_class"": ""duration"", ""friendly_name"": ""UPNP IGD Uptime""}"
2025-07-19T20:49:08.258320,sensor.upnp_igd_download_speed,17.9101632917718,6.67026211246995,"{""state_class"": ""measurement"", ""unit_of_measurement"": ""KiB/s"", ""device_class"": ""data_rate"", ""friendly_name"": ""UPNP IGD Download speed""}"
2025-07-19T20:49:08.259723,sensor.upnp_igd_upload_speed,8.92597964879609,3.0146519607518,"{""state_class"": ""measurement"", ""unit_of_measurement"": ""KiB/s"", ""device_class"": ""data_rate"", ""friendly_name"": ""UPNP IGD Upload speed""}"
2025-07-19T20:49:08.261113,sensor.upnp_igd_packet_download_speed,65.9676517836,48.6005815869597,"{""state_class"": ""measurement"", ""unit_of_measurement"": ""packets/s"", ""friendly_name"": ""UPNP IGD Packet download speed""}"
2025-07-19T20:49:08.262445,sensor.upnp_igd_packet_upload_speed,34.267178389864,18.3335527248476,"{""state_class"": ""measurement"", ""unit_of_measurement"": ""packets/s"", ""friendly_name"": ""UPNP IGD Packet upload speed""}"
2025-07-19T20:49:10.260932,automation.aut_status_bruno,on,on,"{""id"": ""1751855857509"", ""last_triggered"": ""2025-07-19T23:49:10.252723+00:00"", ""mode"": ""single"", ""current"": 1, ""friendly_name"": ""aut-status-bruno""}"
2025-07-19T20:49:10.263125,automation.aut_status_bruno,on,on,"{""id"": ""1751855857509"", ""last_triggered"": ""2025-07-19T23:49:10.252723+00:00"", ""mode"": ""single"", ""current"": 0, ""friendly_name"": ""aut-status-bruno""}"
2025-07-19T20:49:38.243762,sensor.upnp_igd_data_received,2937656215,2937874682,"{""state_class"": ""total_increasing"", ""unit_of_measurement"": ""B"", ""device_class"": ""data_size"", ""friendly_name"": ""UPNP IGD Data received""}"
2025-07-19T20:49:38.246548,sensor.upnp_igd_data_sent,997089852,997233710,"{""state_class"": ""total_increasing"", ""unit_of_measurement"": ""B"", ""device_class"": ""data_size"", ""friendly_name"": ""UPNP IGD Data sent""}"
2025-07-19T20:49:38.248110,sensor.upnp_igd_packets_received,7857043,7858535,"{""state_class"": ""total_increasing"", ""unit_of_measurement"": ""packets"", ""friendly_name"": ""UPNP IGD Packets received""}"
2025-07-19T20:49:38.249493,sensor.upnp_igd_packets_sent,3825391,3825957,"{""state_class"": ""total_increasing"", ""unit_of_measurement"": ""packets"", ""friendly_name"": ""UPNP IGD Packets sent""}"
2025-07-19T20:49:38.250811,sensor.upnp_igd_uptime,1752968874,1752968904,"{""unit_of_measurement"": ""s"", ""device_class"": ""duration"", ""friendly_name"": ""UPNP IGD Uptime""}"
2025-07-19T20:49:38.252380,sensor.upnp_igd_download_speed,6.67026211246995,7.11141707990304,"{""state_class"": ""measurement"", ""unit_of_measurement"": ""KiB/s"", ""device_class"": ""data_rate"", ""friendly_name"": ""UPNP IGD Download speed""}"
2025-07-19T20:49:38.253861,sensor.upnp_igd_upload_speed,3.0146519607518,4.68278613374419,"{""state_class"": ""measurement"", ""unit_of_measurement"": ""KiB/s"", ""device_class"": ""data_rate"", ""friendly_name"": ""UPNP IGD Upload speed""}"
2025-07-19T20:49:38.255247,sensor.upnp_igd_packet_download_speed,48.6005815869597,49.732361894531,"{""state_class"": ""measurement"", ""unit_of_measurement"": ""packets/s"", ""friendly_name"": ""UPNP IGD Packet download speed""}"
2025-07-19T20:49:38.256685,sensor.upnp_igd_packet_upload_speed,18.3335527248476,18.8662981449762,"{""state_class"": ""measurement"", ""unit_of_measurement"": ""packets/s"", ""friendly_name"": ""UPNP IGD Packet upload speed""}"
2025-07-19T20:50:08.241010,sensor.upnp_igd_data_received,2937874682,2938079873,"{""state_class"": ""total_increasing"", ""unit_of_measurement"": ""B"", ""device_class"": ""data_size"", ""friendly_name"": ""UPNP IGD Data received""}"
2025-07-19T20:50:08.243755,sensor.upnp_igd_data_sent,997233710,997379929,"{""state_class"": ""total_increasing"", ""unit_of_measurement"": ""B"", ""device_class"": ""data_size"", ""friendly_name"": ""UPNP IGD Data sent""}"
2025-07-19T20:50:08.245261,sensor.upnp_igd_packets_received,7858535,7860175,"{""state_class"": ""total_increasing"", ""unit_of_measurement"": ""packets"", ""friendly_name"": ""UPNP IGD Packets received""}"
2025-07-19T20:50:08.247976,sensor.upnp_igd_packets_sent,3825957,3826671,"{""state_class"": ""total_increasing"", ""unit_of_measurement"": ""packets"", ""friendly_name"": ""UPNP IGD Packets sent""}"
2025-07-19T20:50:08.249419,sensor.upnp_igd_uptime,1752968904,1752968934,"{""unit_of_measurement"": ""s"", ""device_class"": ""duration"", ""friendly_name"": ""UPNP IGD Uptime""}"
2025-07-19T20:50:08.250811,sensor.upnp_igd_download_speed,7.11141707990304,6.67935334190439,"{""state_class"": ""measurement"", ""unit_of_measurement"": ""KiB/s"", ""device_class"": ""data_rate"", ""friendly_name"": ""UPNP IGD Download speed""}"
2025-07-19T20:50:08.252452,sensor.upnp_igd_upload_speed,4.68278613374419,4.75970372141038,"{""state_class"": ""measurement"", ""unit_of_measurement"": ""KiB/s"", ""device_class"": ""data_rate"", ""friendly_name"": ""UPNP IGD Upload speed""}"
2025-07-19T20:50:08.253926,sensor.upnp_igd_packet_download_speed,49.732361894531,54.6663295576344,"{""state_class"": ""measurement"", ""unit_of_measurement"": ""packets/s"", ""friendly_name"": ""UPNP IGD Packet download speed""}"
2025-07-19T20:50:08.255300,sensor.upnp_igd_packet_upload_speed,18.8662981449762,23.7998532342384,"{""state_class"": ""measurement"", ""unit_of_measurement"": ""packets/s"", ""friendly_name"": ""UPNP IGD Packet upload speed""}"
2025-07-19T20:50:10.262937,automation.aut_status_bruno,on,on,"{""id"": ""1751855857509"", ""last_triggered"": ""2025-07-19T23:50:10.256115+00:00"", ""mode"": ""single"", ""current"": 1, ""friendly_name"": ""aut-status-bruno""}"
2025-07-19T20:50:10.267612,automation.aut_status_bruno,on,on,"{""id"": ""1751855857509"", ""last_triggered"": ""2025-07-19T23:50:10.256115+00:00"", ""mode"": ""single"", ""current"": 0, ""friendly_name"": ""aut-status-bruno""}"
2025-07-19T20:50:38.238368,sensor.upnp_igd_data_received,2938079873,2938265621,"{""state_class"": ""total_increasing"", ""unit_of_measurement"": ""B"", ""device_class"": ""data_size"", ""friendly_name"": ""UPNP IGD Data received""}"
2025-07-19T20:50:38.241223,sensor.upnp_igd_data_sent,997379929,997455658,"{""state_class"": ""total_increasing"", ""unit_of_measurement"": ""B"", ""device_class"": ""data_size"", ""friendly_name"": ""UPNP IGD Data sent""}"
2025-07-19T20:50:38.242682,sensor.upnp_igd_packets_received,7860175,7861899,"{""state_class"": ""total_increasing"", ""unit_of_measurement"": ""packets"", ""friendly_name"": ""UPNP IGD Packets received""}"
2025-07-19T20:50:38.244394,sensor.upnp_igd_packets_sent,3826671,3827160,"{""state_class"": ""total_increasing"", ""unit_of_measurement"": ""packets"", ""friendly_name"": ""UPNP IGD Packets sent""}"
2025-07-19T20:50:38.246201,sensor.upnp_igd_uptime,1752968934,1752968964,"{""unit_of_measurement"": ""s"", ""device_class"": ""duration"", ""friendly_name"": ""UPNP IGD Uptime""}"
2025-07-19T20:50:38.247738,sensor.upnp_igd_download_speed,6.67935334190439,6.04655008084421,"{""state_class"": ""measurement"", ""unit_of_measurement"": ""KiB/s"", ""device_class"": ""data_rate"", ""friendly_name"": ""UPNP IGD Download speed""}"
2025-07-19T20:50:38.249179,sensor.upnp_igd_upload_speed,4.75970372141038,2.46516350686011,"{""state_class"": ""measurement"", ""unit_of_measurement"": ""KiB/s"", ""device_class"": ""data_rate"", ""friendly_name"": ""UPNP IGD Upload speed""}"
2025-07-19T20:50:38.250581,sensor.upnp_igd_packet_download_speed,54.6663295576344,57.4672911445638,"{""state_class"": ""measurement"", ""unit_of_measurement"": ""packets/s"", ""friendly_name"": ""UPNP IGD Packet download speed""}"
2025-07-19T20:50:38.252043,sensor.upnp_igd_packet_upload_speed,23.7998532342384,16.3001771285915,"{""state_class"": ""measurement"", ""unit_of_measurement"": ""packets/s"", ""friendly_name"": ""UPNP IGD Packet upload speed""}"
2025-07-19T20:51:08.239193,sensor.upnp_igd_data_received,2938265621,2938373329,"{""state_class"": ""total_increasing"", ""unit_of_measurement"": ""B"", ""device_class"": ""data_size"", ""friendly_name"": ""UPNP IGD Data received""}"
2025-07-19T20:51:08.241226,sensor.upnp_igd_data_sent,997455658,997510261,"{""state_class"": ""total_increasing"", ""unit_of_measurement"": ""B"", ""device_class"": ""data_size"", ""friendly_name"": ""UPNP IGD Data sent""}"
2025-07-19T20:51:08.243078,sensor.upnp_igd_packets_received,7861899,7863304,"{""state_class"": ""total_increasing"", ""unit_of_measurement"": ""packets"", ""friendly_name"": ""UPNP IGD Packets received""}"
2025-07-19T20:51:08.244559,sensor.upnp_igd_packets_sent,3827160,3827632,"{""state_class"": ""total_increasing"", ""unit_of_measurement"": ""packets"", ""friendly_name"": ""UPNP IGD Packets sent""}"
2025-07-19T20:51:08.245810,sensor.upnp_igd_uptime,1752968964,1752968994,"{""unit_of_measurement"": ""s"", ""device_class"": ""duration"", ""friendly_name"": ""UPNP IGD Uptime""}"
2025-07-19T20:51:08.247180,sensor.upnp_igd_download_speed,6.04655008084421,3.50597744898224,"{""state_class"": ""measurement"", ""unit_of_measurement"": ""KiB/s"", ""device_class"": ""data_rate"", ""friendly_name"": ""UPNP IGD Download speed""}"
2025-07-19T20:51:08.248863,sensor.upnp_igd_upload_speed,2.46516350686011,1.77736924505865,"{""state_class"": ""measurement"", ""unit_of_measurement"": ""KiB/s"", ""device_class"": ""data_rate"", ""friendly_name"": ""UPNP IGD Upload speed""}"
2025-07-19T20:51:08.250646,sensor.upnp_igd_packet_download_speed,57.4672911445638,46.8314319771951,"{""state_class"": ""measurement"", ""unit_of_measurement"": ""packets/s"", ""friendly_name"": ""UPNP IGD Packet download speed""}"
2025-07-19T20:51:08.252195,sensor.upnp_igd_packet_upload_speed,16.3001771285915,15.7326945859331,"{""state_class"": ""measurement"", ""unit_of_measurement"": ""packets/s"", ""friendly_name"": ""UPNP IGD Packet upload speed""}"
2025-07-19T20:51:10.261088,automation.aut_status_bruno,on,on,"{""id"": ""1751855857509"", ""last_triggered"": ""2025-07-19T23:51:10.252703+00:00"", ""mode"": ""single"", ""current"": 1, ""friendly_name"": ""aut-status-bruno""}"
2025-07-19T20:51:10.263515,automation.aut_status_bruno,on,on,"{""id"": ""1751855857509"", ""last_triggered"": ""2025-07-19T23:51:10.252703+00:00"", ""mode"": ""single"", ""current"": 0, ""friendly_name"": ""aut-status-bruno""}"
2025-07-19T20:51:36.183916,binary_sensor.presenca_sala_motion,off,on,"{""device_class"": ""motion"", ""friendly_name"": ""Presen\u00e7a sala Motion""}"
2025-07-19T20:51:36.186698,automation.aut_sala,on,on,"{""id"": ""1746116908353"", ""last_triggered"": ""2025-07-19T23:51:36.177316+00:00"", ""mode"": ""single"", ""current"": 1, ""friendly_name"": ""aut-sala""}"
2025-07-19T20:51:36.810803,automation.aut_sala,on,on,"{""id"": ""1746116908353"", ""last_triggered"": ""2025-07-19T23:51:36.177316+00:00"", ""mode"": ""single"", ""current"": 0, ""friendly_name"": ""aut-sala""}"
2025-07-19T20:51:37.727246,switch.interruptor_sala_switch_1,off,on,"{""device_class"": ""outlet"", ""friendly_name"": ""Interruptor sala Switch 1""}"
2025-07-19T20:51:38.240417,sensor.upnp_igd_data_received,2938373329,2938521704,"{""state_class"": ""total_increasing"", ""unit_of_measurement"": ""B"", ""device_class"": ""data_size"", ""friendly_name"": ""UPNP IGD Data received""}"
2025-07-19T20:51:38.242054,sensor.upnp_igd_data_sent,997510261,997595291,"{""state_class"": ""total_increasing"", ""unit_of_measurement"": ""B"", ""device_class"": ""data_size"", ""friendly_name"": ""UPNP IGD Data sent""}"
2025-07-19T20:51:38.243571,sensor.upnp_igd_packets_received,7863304,7864729,"{""state_class"": ""total_increasing"", ""unit_of_measurement"": ""packets"", ""friendly_name"": ""UPNP IGD Packets received""}"
2025-07-19T20:51:38.245133,sensor.upnp_igd_packets_sent,3827632,3828103,"{""state_class"": ""total_increasing"", ""unit_of_measurement"": ""packets"", ""friendly_name"": ""UPNP IGD Packets sent""}"
2025-07-19T20:51:38.246882,sensor.upnp_igd_uptime,1752968994,1752969024,"{""unit_of_measurement"": ""s"", ""device_class"": ""duration"", ""friendly_name"": ""UPNP IGD Uptime""}"
2025-07-19T20:51:38.248454,sensor.upnp_igd_download_speed,3.50597744898224,4.8300208200379,"{""state_class"": ""measurement"", ""unit_of_measurement"": ""KiB/s"", ""device_class"": ""data_rate"", ""friendly_name"": ""UPNP IGD Download speed""}"
2025-07-19T20:51:38.249892,sensor.upnp_igd_upload_speed,1.77736924505865,2.76796407971574,"{""state_class"": ""measurement"", ""unit_of_measurement"": ""KiB/s"", ""device_class"": ""data_rate"", ""friendly_name"": ""UPNP IGD Upload speed""}"
2025-07-19T20:51:38.251354,sensor.upnp_igd_packet_download_speed,46.8314319771951,47.5010371059768,"{""state_class"": ""measurement"", ""unit_of_measurement"": ""packets/s"", ""friendly_name"": ""UPNP IGD Packet download speed""}"
2025-07-19T20:51:38.252754,sensor.upnp_igd_packet_upload_speed,15.7326945859331,15.7003427908176,"{""state_class"": ""measurement"", ""unit_of_measurement"": ""packets/s"", ""friendly_name"": ""UPNP IGD Packet upload speed""}"
2025-07-19T20:52:08.236608,sensor.upnp_igd_data_received,2938521704,2938623923,"{""state_class"": ""total_increasing"", ""unit_of_measurement"": ""B"", ""device_class"": ""data_size"", ""friendly_name"": ""UPNP IGD Data received""}"
2025-07-19T20:52:08.239230,sensor.upnp_igd_data_sent,997595291,997640932,"{""state_class"": ""total_increasing"", ""unit_of_measurement"": ""B"", ""device_class"": ""data_size"", ""friendly_name"": ""UPNP IGD Data sent""}"
2025-07-19T20:52:08.240795,sensor.upnp_igd_packets_received,7864729,7866054,"{""state_class"": ""total_increasing"", ""unit_of_measurement"": ""packets"", ""friendly_name"": ""UPNP IGD Packets received""}"
2025-07-19T20:52:08.243002,sensor.upnp_igd_packets_sent,3828103,3828497,"{""state_class"": ""total_increasing"", ""unit_of_measurement"": ""packets"", ""friendly_name"": ""UPNP IGD Packets sent""}"
2025-07-19T20:52:08.245584,sensor.upnp_igd_uptime,1752969024,1752969054,"{""unit_of_measurement"": ""s"", ""device_class"": ""duration"", ""friendly_name"": ""UPNP IGD Uptime""}"
2025-07-19T20:52:08.247097,sensor.upnp_igd_download_speed,4.8300208200379,3.32755820354294,"{""state_class"": ""measurement"", ""unit_of_measurement"": ""KiB/s"", ""device_class"": ""data_rate"", ""friendly_name"": ""UPNP IGD Download speed""}"
2025-07-19T20:52:08.249411,sensor.upnp_igd_upload_speed,2.76796407971574,1.48576178565534,"{""state_class"": ""measurement"", ""unit_of_measurement"": ""KiB/s"", ""device_class"": ""data_rate"", ""friendly_name"": ""UPNP IGD Upload speed""}"
2025-07-19T20:52:08.250932,sensor.upnp_igd_packet_download_speed,47.5010371059768,44.1682169710824,"{""state_class"": ""measurement"", ""unit_of_measurement"": ""packets/s"", ""friendly_name"": ""UPNP IGD Packet download speed""}"
2025-07-19T20:52:08.252407,sensor.upnp_igd_packet_upload_speed,15.7003427908176,13.1337943295143,"{""state_class"": ""measurement"", ""unit_of_measurement"": ""packets/s"", ""friendly_name"": ""UPNP IGD Packet upload speed""}"
2025-07-19T20:52:10.260223,automation.aut_status_bruno,on,on,"{""id"": ""1751855857509"", ""last_triggered"": ""2025-07-19T23:52:10.253631+00:00"", ""mode"": ""single"", ""current"": 1, ""friendly_name"": ""aut-status-bruno""}"
2025-07-19T20:52:10.262568,automation.aut_status_bruno,on,on,"{""id"": ""1751855857509"", ""last_triggered"": ""2025-07-19T23:52:10.253631+00:00"", ""mode"": ""single"", ""current"": 0, ""friendly_name"": ""aut-status-bruno""}"
2025-07-19T20:52:38.250800,sensor.upnp_igd_data_received,2938623923,2938749840,"{""state_class"": ""total_increasing"", ""unit_of_measurement"": ""B"", ""device_class"": ""data_size"", ""friendly_name"": ""UPNP IGD Data received""}"
2025-07-19T20:52:38.253381,sensor.upnp_igd_data_sent,997640932,997723512,"{""state_class"": ""total_increasing"", ""unit_of_measurement"": ""B"", ""device_class"": ""data_size"", ""friendly_name"": ""UPNP IGD Data sent""}"
2025-07-19T20:52:38.255027,sensor.upnp_igd_packets_received,7866054,7867341,"{""state_class"": ""total_increasing"", ""unit_of_measurement"": ""packets"", ""friendly_name"": ""UPNP IGD Packets received""}"
2025-07-19T20:52:38.256707,sensor.upnp_igd_packets_sent,3828497,3828955,"{""state_class"": ""total_increasing"", ""unit_of_measurement"": ""packets"", ""friendly_name"": ""UPNP IGD Packets sent""}"
2025-07-19T20:52:38.258089,sensor.upnp_igd_uptime,1752969054,1752969084,"{""unit_of_measurement"": ""s"", ""device_class"": ""duration"", ""friendly_name"": ""UPNP IGD Uptime""}"
2025-07-19T20:52:38.259559,sensor.upnp_igd_download_speed,3.32755820354294,4.09880629958643,"{""state_class"": ""measurement"", ""unit_of_measurement"": ""KiB/s"", ""device_class"": ""data_rate"", ""friendly_name"": ""UPNP IGD Download speed""}"
2025-07-19T20:52:38.260955,sensor.upnp_igd_upload_speed,1.48576178565534,2.68811537933597,"{""state_class"": ""measurement"", ""unit_of_measurement"": ""KiB/s"", ""device_class"": ""data_rate"", ""friendly_name"": ""UPNP IGD Upload speed""}"
2025-07-19T20:52:38.262361,sensor.upnp_igd_packet_download_speed,44.1682169710824,42.8994308675505,"{""state_class"": ""measurement"", ""unit_of_measurement"": ""packets/s"", ""friendly_name"": ""UPNP IGD Packet download speed""}"
2025-07-19T20:52:38.263857,sensor.upnp_igd_packet_upload_speed,13.1337943295143,15.2664641315759,"{""state_class"": ""measurement"", ""unit_of_measurement"": ""packets/s"", ""friendly_name"": ""UPNP IGD Packet upload speed""}"
2025-07-19T20:52:51.239017,camera.192_168_0_33,idle,idle,"{""access_token"": ""1b420efdc1afc0dc9243c65ba0df2f40a3a6d106af64ad784b728d9b98d4b63"", ""entity_picture"": ""/api/camera_proxy/camera.192_168_0_33?token=1b420efdc1afc0dc9243c65ba0df2f40a3a6d106af64ad784b728d9b98d4b63"", ""friendly_name"": ""192_168_0_14"", ""supported_features"": 2}"
2025-07-19T20:52:51.240856,camera.admin_mainstream,idle,idle,"{""access_token"": ""918bd4783fc87f3b093284c414b6a0d00daf2045c6f20aa8991f7e92a31cb05c"", ""entity_picture"": ""/api/camera_proxy/camera.admin_mainstream?token=918bd4783fc87f3b093284c414b6a0d00daf2045c6f20aa8991f7e92a31cb05c"", ""friendly_name"": ""admin MainStream"", ""supported_features"": 2}"
2025-07-19T20:52:51.242489,camera.admin_substream,idle,idle,"{""access_token"": ""601ecc81fcd4054df9a7660c9b65a5bfa2fcd965f4361eaaaf479e8718e2cce8"", ""entity_picture"": ""/api/camera_proxy/camera.admin_substream?token=601ecc81fcd4054df9a7660c9b65a5bfa2fcd965f4361eaaaf479e8718e2cce8"", ""friendly_name"": ""admin SubStream"", ""supported_features"": 2}"
2025-07-19T20:52:53.788386,binary_sensor.presenca_sala_motion,on,off,"{""device_class"": ""motion"", ""friendly_name"": ""Presen\u00e7a sala Motion""}"
2025-07-19T20:52:53.799056,automation.aut_sala,on,on,"{""id"": ""1746116908353"", ""last_triggered"": ""2025-07-19T23:52:53.769875+00:00"", ""mode"": ""single"", ""current"": 1, ""friendly_name"": ""aut-sala""}"
2025-07-19T20:52:54.394481,automation.aut_sala,on,on,"{""id"": ""1746116908353"", ""last_triggered"": ""2025-07-19T23:52:53.769875+00:00"", ""mode"": ""single"", ""current"": 0, ""friendly_name"": ""aut-sala""}"
2025-07-19T20:52:55.044644,switch.interruptor_sala_switch_1,on,off,"{""device_class"": ""outlet"", ""friendly_name"": ""Interruptor sala Switch 1""}"
2025-07-19T20:53:08.239640,sensor.upnp_igd_data_received,2938749840,2939173720,"{""state_class"": ""total_increasing"", ""unit_of_measurement"": ""B"", ""device_class"": ""data_size"", ""friendly_name"": ""UPNP IGD Data received""}"
2025-07-19T20:53:08.242750,sensor.upnp_igd_data_sent,997723512,997827961,"{""state_class"": ""total_increasing"", ""unit_of_measurement"": ""B"", ""device_class"": ""data_size"", ""friendly_name"": ""UPNP IGD Data sent""}"
2025-07-19T20:53:08.244643,sensor.upnp_igd_packets_received,7867341,7869050,"{""state_class"": ""total_increasing"", ""unit_of_measurement"": ""packets"", ""friendly_name"": ""UPNP IGD Packets received""}"
2025-07-19T20:53:08.246345,sensor.upnp_igd_packets_sent,3828955,3829614,"{""state_class"": ""total_increasing"", ""unit_of_measurement"": ""packets"", ""friendly_name"": ""UPNP IGD Packets sent""}"
2025-07-19T20:53:08.248116,sensor.upnp_igd_uptime,1752969084,1752969114,"{""unit_of_measurement"": ""s"", ""device_class"": ""duration"", ""friendly_name"": ""UPNP IGD Uptime""}"
2025-07-19T20:53:08.249875,sensor.upnp_igd_download_speed,4.09880629958643,13.7980276047009,"{""state_class"": ""measurement"", ""unit_of_measurement"": ""KiB/s"", ""device_class"": ""data_rate"", ""friendly_name"": ""UPNP IGD Download speed""}"
2025-07-19T20:53:08.251641,sensor.upnp_igd_upload_speed,2.68811537933597,3.39999571879638,"{""state_class"": ""measurement"", ""unit_of_measurement"": ""KiB/s"", ""device_class"": ""data_rate"", ""friendly_name"": ""UPNP IGD Upload speed""}"
2025-07-19T20:53:08.253822,sensor.upnp_igd_packet_download_speed,42.8994308675505,56.9660495344634,"{""state_class"": ""measurement"", ""unit_of_measurement"": ""packets/s"", ""friendly_name"": ""UPNP IGD Packet download speed""}"
2025-07-19T20:53:08.255699,sensor.upnp_igd_packet_upload_speed,15.2664641315759,21.9664286970224,"{""state_class"": ""measurement"", ""unit_of_measurement"": ""packets/s"", ""friendly_name"": ""UPNP IGD Packet upload speed""}"
2025-07-19T20:53:10.259207,automation.aut_status_bruno,on,on,"{""id"": ""1751855857509"", ""last_triggered"": ""2025-07-19T23:53:10.252738+00:00"", ""mode"": ""single"", ""current"": 1, ""friendly_name"": ""aut-status-bruno""}"
2025-07-19T20:53:10.262060,automation.aut_status_bruno,on,on,"{""id"": ""1751855857509"", ""last_triggered"": ""2025-07-19T23:53:10.252738+00:00"", ""mode"": ""single"", ""current"": 0, ""friendly_name"": ""aut-status-bruno""}"
2025-07-19T20:53:18.035308,binary_sensor.presenca_sala_motion,off,on,"{""device_class"": ""motion"", ""friendly_name"": ""Presen\u00e7a sala Motion""}"
2025-07-19T20:53:18.037663,automation.aut_sala,on,on,"{""id"": ""1746116908353"", ""last_triggered"": ""2025-07-19T23:53:18.027524+00:00"", ""mode"": ""single"", ""current"": 1, ""friendly_name"": ""aut-sala""}"
2025-07-19T20:53:18.250638,automation.aut_sala,on,on,"{""id"": ""1746116908353"", ""last_triggered"": ""2025-07-19T23:53:18.027524+00:00"", ""mode"": ""single"", ""current"": 0, ""friendly_name"": ""aut-sala""}"
2025-07-19T20:53:18.822519,switch.interruptor_sala_switch_1,off,on,"{""device_class"": ""outlet"", ""friendly_name"": ""Interruptor sala Switch 1""}"
2025-07-19T20:53:38.242645,sensor.upnp_igd_data_received,2939173720,2939286175,"{""state_class"": ""total_increasing"", ""unit_of_measurement"": ""B"", ""device_class"": ""data_size"", ""friendly_name"": ""UPNP IGD Data received""}"
2025-07-19T20:53:38.245621,sensor.upnp_igd_data_sent,997827961,997904922,"{""state_class"": ""total_increasing"", ""unit_of_measurement"": ""B"", ""device_class"": ""data_size"", ""friendly_name"": ""UPNP IGD Data sent""}"
2025-07-19T20:53:38.247085,sensor.upnp_igd_packets_received,7869050,7870341,"{""state_class"": ""total_increasing"", ""unit_of_measurement"": ""packets"", ""friendly_name"": ""UPNP IGD Packets received""}"
2025-07-19T20:53:38.248562,sensor.upnp_igd_packets_sent,3829614,3830069,"{""state_class"": ""total_increasing"", ""unit_of_measurement"": ""packets"", ""friendly_name"": ""UPNP IGD Packets sent""}"
2025-07-19T20:53:38.249912,sensor.upnp_igd_uptime,1752969114,1752969144,"{""unit_of_measurement"": ""s"", ""device_class"": ""duration"", ""friendly_name"": ""UPNP IGD Uptime""}"
2025-07-19T20:53:38.251348,sensor.upnp_igd_download_speed,13.7980276047009,3.66061390411367,"{""state_class"": ""measurement"", ""unit_of_measurement"": ""KiB/s"", ""device_class"": ""data_rate"", ""friendly_name"": ""UPNP IGD Download speed""}"
2025-07-19T20:53:38.252843,sensor.upnp_igd_upload_speed,3.39999571879638,2.50521992507663,"{""state_class"": ""measurement"", ""unit_of_measurement"": ""KiB/s"", ""device_class"": ""data_rate"", ""friendly_name"": ""UPNP IGD Upload speed""}"
2025-07-19T20:53:38.254258,sensor.upnp_igd_packet_download_speed,56.9660495344634,43.0329732907901,"{""state_class"": ""measurement"", ""unit_of_measurement"": ""packets/s"", ""friendly_name"": ""UPNP IGD Packet download speed""}"
2025-07-19T20:53:38.255805,sensor.upnp_igd_packet_upload_speed,21.9664286970224,15.1665397732839,"{""state_class"": ""measurement"", ""unit_of_measurement"": ""packets/s"", ""friendly_name"": ""UPNP IGD Packet upload speed""}"
2025-07-19T20:53:45.075016,binary_sensor.human_presence_sensor_occupancy,on,off,"{""device_class"": ""occupancy"", ""friendly_name"": ""Presen\u00e7a Quarto  Occupancy""}"
2025-07-19T20:53:45.082614,automation.aut_lampada_quarto,on,on,"{""id"": ""1746067262247"", ""last_triggered"": ""2025-07-19T23:53:45.069748+00:00"", ""mode"": ""single"", ""current"": 1, ""friendly_name"": ""aut-quarto""}"
2025-07-19T20:53:45.085890,scene.automation_bedroom_fan_0,2025-07-19T23:40:16.161875+00:00,2025-07-19T23:53:45.072977+00:00,"{""friendly_name"": ""automation-bedroom-fan-0""}"
2025-07-19T20:53:45.675363,automation.aut_lampada_quarto,on,on,"{""id"": ""1746067262247"", ""last_triggered"": ""2025-07-19T23:53:45.069748+00:00"", ""mode"": ""single"", ""current"": 0, ""friendly_name"": ""aut-quarto""}"
2025-07-19T20:53:46.304445,light.lampada_quarto,on,off,"{""min_color_temp_kelvin"": 2000, ""max_color_temp_kelvin"": 6500, ""min_mireds"": 153, ""max_mireds"": 500, ""supported_color_modes"": [""color_temp"", ""hs""], ""color_mode"": null, ""brightness"": null, ""color_temp_kelvin"": null, ""color_temp"": null, ""hs_color"": null, ""rgb_color"": null, ""xy_color"": null, ""friendly_name"": ""L\u00e2mpada quarto "", ""supported_features"": 0}"
2025-07-19T20:53:54.696959,binary_sensor.human_presence_sensor_occupancy,off,on,"{""device_class"": ""occupancy"", ""friendly_name"": ""Presen\u00e7a Quarto  Occupancy""}"
2025-07-19T20:53:54.699791,automation.aut_lampada_quarto,on,on,"{""id"": ""1746067262247"", ""last_triggered"": ""2025-07-19T23:53:54.688350+00:00"", ""mode"": ""single"", ""current"": 1, ""friendly_name"": ""aut-quarto""}"
2025-07-19T20:53:54.923540,automation.aut_lampada_quarto,on,on,"{""id"": ""1746067262247"", ""last_triggered"": ""2025-07-19T23:53:54.688350+00:00"", ""mode"": ""single"", ""current"": 0, ""friendly_name"": ""aut-quarto""}"
2025-07-19T20:53:55.458890,light.lampada_quarto,off,on,"{""min_color_temp_kelvin"": 2000, ""max_color_temp_kelvin"": 6500, ""min_mireds"": 153, ""max_mireds"": 500, ""supported_color_modes"": [""color_temp"", ""hs""], ""color_mode"": ""color_temp"", ""brightness"": 255, ""color_temp_kelvin"": 2000, ""color_temp"": 500, ""hs_color"": [30.601, 94.547], ""rgb_color"": [255, 137, 14], ""xy_color"": [0.598, 0.383], ""friendly_name"": ""L\u00e2mpada quarto "", ""supported_features"": 0}"
2025-07-19T20:54:08.240856,sensor.upnp_igd_data_received,2939286175,2939391796,"{""state_class"": ""total_increasing"", ""unit_of_measurement"": ""B"", ""device_class"": ""data_size"", ""friendly_name"": ""UPNP IGD Data received""}"
2025-07-19T20:54:08.242861,sensor.upnp_igd_data_sent,997904922,997952996,"{""state_class"": ""total_increasing"", ""unit_of_measurement"": ""B"", ""device_class"": ""data_size"", ""friendly_name"": ""UPNP IGD Data sent""}"
2025-07-19T20:54:08.244702,sensor.upnp_igd_packets_received,7870341,7871608,"{""state_class"": ""total_increasing"", ""unit_of_measurement"": ""packets"", ""friendly_name"": ""UPNP IGD Packets received""}"
2025-07-19T20:54:08.246422,sensor.upnp_igd_packets_sent,3830069,3830456,"{""state_class"": ""total_increasing"", ""unit_of_measurement"": ""packets"", ""friendly_name"": ""UPNP IGD Packets sent""}"
2025-07-19T20:54:08.247997,sensor.upnp_igd_uptime,1752969144,1752969174,"{""unit_of_measurement"": ""s"", ""device_class"": ""duration"", ""friendly_name"": ""UPNP IGD Uptime""}"
2025-07-19T20:54:08.250897,sensor.upnp_igd_download_speed,3.66061390411367,3.43816388161041,"{""state_class"": ""measurement"", ""unit_of_measurement"": ""KiB/s"", ""device_class"": ""data_rate"", ""friendly_name"": ""UPNP IGD Download speed""}"
2025-07-19T20:54:08.252871,sensor.upnp_igd_upload_speed,2.50521992507663,1.56489988207401,"{""state_class"": ""measurement"", ""unit_of_measurement"": ""KiB/s"", ""device_class"": ""data_rate"", ""friendly_name"": ""UPNP IGD Upload speed""}"
2025-07-19T20:54:08.254328,sensor.upnp_igd_packet_download_speed,43.0329732907901,42.2330911969438,"{""state_class"": ""measurement"", ""unit_of_measurement"": ""packets/s"", ""friendly_name"": ""UPNP IGD Packet download speed""}"
2025-07-19T20:54:08.255763,sensor.upnp_igd_packet_upload_speed,15.1665397732839,12.899926040424,"{""state_class"": ""measurement"", ""unit_of_measurement"": ""packets/s"", ""friendly_name"": ""UPNP IGD Packet upload speed""}"
2025-07-19T20:54:10.260593,automation.aut_status_bruno,on,on,"{""id"": ""1751855857509"", ""last_triggered"": ""2025-07-19T23:54:10.254126+00:00"", ""mode"": ""single"", ""current"": 1, ""friendly_name"": ""aut-status-bruno""}"
2025-07-19T20:54:10.262889,automation.aut_status_bruno,on,on,"{""id"": ""1751855857509"", ""last_triggered"": ""2025-07-19T23:54:10.254126+00:00"", ""mode"": ""single"", ""current"": 0, ""friendly_name"": ""aut-status-bruno""}"
2025-07-19T20:54:16.445875,binary_sensor.presenca_sala_motion,on,off,"{""device_class"": ""motion"", ""friendly_name"": ""Presen\u00e7a sala Motion""}"
2025-07-19T20:54:16.450092,automation.aut_sala,on,on,"{""id"": ""1746116908353"", ""last_triggered"": ""2025-07-19T23:54:16.440240+00:00"", ""mode"": ""single"", ""current"": 1, ""friendly_name"": ""aut-sala""}"
2025-07-19T20:54:16.730985,automation.aut_sala,on,on,"{""id"": ""1746116908353"", ""last_triggered"": ""2025-07-19T23:54:16.440240+00:00"", ""mode"": ""single"", ""current"": 0, ""friendly_name"": ""aut-sala""}"
2025-07-19T20:54:17.220598,switch.interruptor_sala_switch_1,on,off,"{""device_class"": ""outlet"", ""friendly_name"": ""Interruptor sala Switch 1""}"
2025-07-19T20:54:38.239178,sensor.upnp_igd_data_received,2939391796,2939549910,"{""state_class"": ""total_increasing"", ""unit_of_measurement"": ""B"", ""device_class"": ""data_size"", ""friendly_name"": ""UPNP IGD Data received""}"
2025-07-19T20:54:38.240802,sensor.upnp_igd_data_sent,997952996,998048749,"{""state_class"": ""total_increasing"", ""unit_of_measurement"": ""B"", ""device_class"": ""data_size"", ""friendly_name"": ""UPNP IGD Data sent""}"
2025-07-19T20:54:38.242183,sensor.upnp_igd_packets_received,7871608,7872963,"{""state_class"": ""total_increasing"", ""unit_of_measurement"": ""packets"", ""friendly_name"": ""UPNP IGD Packets received""}"
2025-07-19T20:54:38.243930,sensor.upnp_igd_packets_sent,3830456,3830881,"{""state_class"": ""total_increasing"", ""unit_of_measurement"": ""packets"", ""friendly_name"": ""UPNP IGD Packets sent""}"
2025-07-19T20:54:38.246831,sensor.upnp_igd_uptime,1752969174,1752969204,"{""unit_of_measurement"": ""s"", ""device_class"": ""duration"", ""friendly_name"": ""UPNP IGD Uptime""}"
2025-07-19T20:54:38.248378,sensor.upnp_igd_download_speed,3.43816388161041,5.14710412521812,"{""state_class"": ""measurement"", ""unit_of_measurement"": ""KiB/s"", ""device_class"": ""data_rate"", ""friendly_name"": ""UPNP IGD Download speed""}"
2025-07-19T20:54:38.249849,sensor.upnp_igd_upload_speed,1.56489988207401,3.11705896569571,"{""state_class"": ""measurement"", ""unit_of_measurement"": ""KiB/s"", ""device_class"": ""data_rate"", ""friendly_name"": ""UPNP IGD Upload speed""}"
2025-07-19T20:54:38.251216,sensor.upnp_igd_packet_download_speed,42.2330911969438,45.1681060236453,"{""state_class"": ""measurement"", ""unit_of_measurement"": ""packets/s"", ""friendly_name"": ""UPNP IGD Packet download speed""}"
2025-07-19T20:54:38.252819,sensor.upnp_igd_packet_upload_speed,12.899926040424,14.1671181254976,"{""state_class"": ""measurement"", ""unit_of_measurement"": ""packets/s"", ""friendly_name"": ""UPNP IGD Packet upload speed""}"
2025-07-19T20:54:50.747452,sensor.tauntaum_energy,217.478,217.491,"{""state_class"": ""total_increasing"", ""unit_of_measurement"": ""kWh"", ""device_class"": ""energy"", ""friendly_name"": ""Tauntaum Energy""}"
2025-07-19T20:54:50.749417,sensor.tauntaum_power,53,49,"{""state_class"": ""measurement"", ""power_consumption_start"": ""2025-07-19T23:39:12Z"", ""power_consumption_end"": ""2025-07-19T23:54:50Z"", ""unit_of_measurement"": ""W"", ""device_class"": ""power"", ""friendly_name"": ""Tauntaum Power""}"
2025-07-19T20:54:50.750909,sensor.tauntaum_energy_difference,0.011,0.013,"{""state_class"": ""total"", ""unit_of_measurement"": ""kWh"", ""device_class"": ""energy"", ""friendly_name"": ""Tauntaum Energy difference""}"
2025-07-19T20:54:50.752366,sensor.tauntaum_power_energy,0.0108578449991014,0.0138180863873164,"{""state_class"": ""total"", ""unit_of_measurement"": ""kWh"", ""device_class"": ""energy"", ""friendly_name"": ""Tauntaum Power energy""}"
2025-07-19T20:54:55.665123,binary_sensor.presenca_banheiro_motion,off,on,"{""device_class"": ""motion"", ""friendly_name"": ""Presen\u00e7a banheiro Motion""}"
2025-07-19T20:54:55.675162,automation.auto_banheiro,on,on,"{""id"": ""1747870075916"", ""last_triggered"": ""2025-07-19T23:54:55.659058+00:00"", ""mode"": ""single"", ""current"": 1, ""friendly_name"": ""auto-banheiro""}"
2025-07-19T20:54:55.897263,automation.auto_banheiro,on,on,"{""id"": ""1747870075916"", ""last_triggered"": ""2025-07-19T23:54:55.659058+00:00"", ""mode"": ""single"", ""current"": 0, ""friendly_name"": ""auto-banheiro""}"
2025-07-19T20:54:56.425126,switch.interruptor_banheiro_switch_2,off,on,"{""device_class"": ""outlet"", ""friendly_name"": ""Interruptor banheiro Switch 2""}"
2025-07-19T20:54:56.426824,switch.interruptor_banheiro_switch_1,off,on,"{""device_class"": ""outlet"", ""friendly_name"": ""Interruptor banheiro Switch 1""}"
2025-07-19T20:55:08.240208,sensor.upnp_igd_data_received,2939549910,2939644055,"{""state_class"": ""total_increasing"", ""unit_of_measurement"": ""B"", ""device_class"": ""data_size"", ""friendly_name"": ""UPNP IGD Data received""}"
2025-07-19T20:55:08.241882,sensor.upnp_igd_data_sent,998048749,998083532,"{""state_class"": ""total_increasing"", ""unit_of_measurement"": ""B"", ""device_class"": ""data_size"", ""friendly_name"": ""UPNP IGD Data sent""}"
2025-07-19T20:55:08.243391,sensor.upnp_igd_packets_received,7872963,7874221,"{""state_class"": ""total_increasing"", ""unit_of_measurement"": ""packets"", ""friendly_name"": ""UPNP IGD Packets received""}"
2025-07-19T20:55:08.244811,sensor.upnp_igd_packets_sent,3830881,3831200,"{""state_class"": ""total_increasing"", ""unit_of_measurement"": ""packets"", ""friendly_name"": ""UPNP IGD Packets sent""}"
2025-07-19T20:55:08.246190,sensor.upnp_igd_uptime,1752969204,1752969234,"{""unit_of_measurement"": ""s"", ""device_class"": ""duration"", ""friendly_name"": ""UPNP IGD Uptime""}"
2025-07-19T20:55:08.247757,sensor.upnp_igd_download_speed,5.14710412521812,3.06461935865194,"{""state_class"": ""measurement"", ""unit_of_measurement"": ""KiB/s"", ""device_class"": ""data_rate"", ""friendly_name"": ""UPNP IGD Download speed""}"
2025-07-19T20:55:08.249300,sensor.upnp_igd_upload_speed,3.11705896569571,1.13226039781178,"{""state_class"": ""measurement"", ""unit_of_measurement"": ""KiB/s"", ""device_class"": ""data_rate"", ""friendly_name"": ""UPNP IGD Upload speed""}"
2025-07-19T20:55:08.252096,sensor.upnp_igd_packet_download_speed,45.1681060236453,41.9333808578316,"{""state_class"": ""measurement"", ""unit_of_measurement"": ""packets/s"", ""friendly_name"": ""UPNP IGD Packet download speed""}"
2025-07-19T20:55:08.253918,sensor.upnp_igd_packet_upload_speed,14.1671181254976,10.6333453844581,"{""state_class"": ""measurement"", ""unit_of_measurement"": ""packets/s"", ""friendly_name"": ""UPNP IGD Packet upload speed""}"
2025-07-19T20:55:10.259382,automation.aut_status_bruno,on,on,"{""id"": ""1751855857509"", ""last_triggered"": ""2025-07-19T23:55:10.252859+00:00"", ""mode"": ""single"", ""current"": 1, ""friendly_name"": ""aut-status-bruno""}"
2025-07-19T20:55:10.262037,automation.aut_status_bruno,on,on,"{""id"": ""1751855857509"", ""last_triggered"": ""2025-07-19T23:55:10.252859+00:00"", ""mode"": ""single"", ""current"": 0, ""friendly_name"": ""aut-status-bruno""}"
2025-07-19T20:55:38.237312,sensor.upnp_igd_data_received,2939644055,2939775113,"{""state_class"": ""total_increasing"", ""unit_of_measurement"": ""B"", ""device_class"": ""data_size"", ""friendly_name"": ""UPNP IGD Data received""}"
2025-07-19T20:55:38.241041,sensor.upnp_igd_data_sent,998083532,998207392,"{""state_class"": ""total_increasing"", ""unit_of_measurement"": ""B"", ""device_class"": ""data_size"", ""friendly_name"": ""UPNP IGD Data sent""}"
2025-07-19T20:55:38.242505,sensor.upnp_igd_packets_received,7874221,7875591,"{""state_class"": ""total_increasing"", ""unit_of_measurement"": ""packets"", ""friendly_name"": ""UPNP IGD Packets received""}"
2025-07-19T20:55:38.244020,sensor.upnp_igd_packets_sent,3831200,3831704,"{""state_class"": ""total_increasing"", ""unit_of_measurement"": ""packets"", ""friendly_name"": ""UPNP IGD Packets sent""}"
2025-07-19T20:55:38.245436,sensor.upnp_igd_uptime,1752969234,1752969264,"{""unit_of_measurement"": ""s"", ""device_class"": ""duration"", ""friendly_name"": ""UPNP IGD Uptime""}"
2025-07-19T20:55:38.246821,sensor.upnp_igd_download_speed,3.06461935865194,4.26622970891072,"{""state_class"": ""measurement"", ""unit_of_measurement"": ""KiB/s"", ""device_class"": ""data_rate"", ""friendly_name"": ""UPNP IGD Download speed""}"
2025-07-19T20:55:38.248269,sensor.upnp_igd_upload_speed,1.13226039781178,4.03191878210931,"{""state_class"": ""measurement"", ""unit_of_measurement"": ""KiB/s"", ""device_class"": ""data_rate"", ""friendly_name"": ""UPNP IGD Upload speed""}"
2025-07-19T20:55:38.249663,sensor.upnp_igd_packet_download_speed,41.9333808578316,45.6668676008841,"{""state_class"": ""measurement"", ""unit_of_measurement"": ""packets/s"", ""friendly_name"": ""UPNP IGD Packet download speed""}"
2025-07-19T20:55:38.251018,sensor.upnp_igd_packet_upload_speed,10.6333453844581,16.8000739203253,"{""state_class"": ""measurement"", ""unit_of_measurement"": ""packets/s"", ""friendly_name"": ""UPNP IGD Packet upload speed""}"
2025-07-19T20:56:00.483521,sensor.tomada_mesa_de_trabalho_current,0.191,0.161,"{""state_class"": ""measurement"", ""unit_of_measurement"": ""A"", ""device_class"": ""current"", ""friendly_name"": ""Tomada mesa de trabalho Current""}"
2025-07-19T20:56:00.485129,sensor.tomada_mesa_de_trabalho_power,17.5,14.5,"{""state_class"": ""measurement"", ""unit_of_measurement"": ""W"", ""device_class"": ""power"", ""friendly_name"": ""Tomada mesa de trabalho Power""}"
2025-07-19T20:56:00.486606,sensor.tomada_mesa_de_trabalho_voltage,131.6,127.5,"{""state_class"": ""measurement"", ""unit_of_measurement"": ""V"", ""device_class"": ""voltage"", ""friendly_name"": ""Tomada mesa de trabalho Voltage""}"
2025-07-19T20:56:02.305508,binary_sensor.presenca_banheiro_motion,on,off,"{""device_class"": ""motion"", ""friendly_name"": ""Presen\u00e7a banheiro Motion""}"
2025-07-19T20:56:02.308635,automation.auto_banheiro,on,on,"{""id"": ""1747870075916"", ""last_triggered"": ""2025-07-19T23:56:02.293853+00:00"", ""mode"": ""single"", ""current"": 1, ""friendly_name"": ""auto-banheiro""}"
2025-07-19T20:56:02.538532,automation.auto_banheiro,on,on,"{""id"": ""1747870075916"", ""last_triggered"": ""2025-07-19T23:56:02.293853+00:00"", ""mode"": ""single"", ""current"": 0, ""friendly_name"": ""auto-banheiro""}"
2025-07-19T20:56:03.071241,switch.interruptor_banheiro_switch_2,on,off,"{""device_class"": ""outlet"", ""friendly_name"": ""Interruptor banheiro Switch 2""}"
2025-07-19T20:56:03.077032,switch.interruptor_banheiro_switch_1,on,off,"{""device_class"": ""outlet"", ""friendly_name"": ""Interruptor banheiro Switch 1""}"
2025-07-19T20:56:08.269705,sensor.upnp_igd_data_received,2939775113,2939874363,"{""state_class"": ""total_increasing"", ""unit_of_measurement"": ""B"", ""device_class"": ""data_size"", ""friendly_name"": ""UPNP IGD Data received""}"
2025-07-19T20:56:08.275540,sensor.upnp_igd_data_sent,998207392,998253099,"{""state_class"": ""total_increasing"", ""unit_of_measurement"": ""B"", ""device_class"": ""data_size"", ""friendly_name"": ""UPNP IGD Data sent""}"
2025-07-19T20:56:08.278927,sensor.upnp_igd_packets_received,7875591,7876825,"{""state_class"": ""total_increasing"", ""unit_of_measurement"": ""packets"", ""friendly_name"": ""UPNP IGD Packets received""}"
2025-07-19T20:56:08.282277,sensor.upnp_igd_packets_sent,3831704,3832057,"{""state_class"": ""total_increasing"", ""unit_of_measurement"": ""packets"", ""friendly_name"": ""UPNP IGD Packets sent""}"
2025-07-19T20:56:08.285244,sensor.upnp_igd_uptime,1752969264,1752969294,"{""unit_of_measurement"": ""s"", ""device_class"": ""duration"", ""friendly_name"": ""UPNP IGD Uptime""}"
2025-07-19T20:56:08.288428,sensor.upnp_igd_download_speed,4.26622970891072,3.2305642546584,"{""state_class"": ""measurement"", ""unit_of_measurement"": ""KiB/s"", ""device_class"": ""data_rate"", ""friendly_name"": ""UPNP IGD Download speed""}"
2025-07-19T20:56:08.291571,sensor.upnp_igd_upload_speed,4.03191878210931,1.48775214496395,"{""state_class"": ""measurement"", ""unit_of_measurement"": ""KiB/s"", ""device_class"": ""data_rate"", ""friendly_name"": ""UPNP IGD Upload speed""}"
2025-07-19T20:56:08.294711,sensor.upnp_igd_packet_download_speed,45.6668676008841,41.1304048485081,"{""state_class"": ""measurement"", ""unit_of_measurement"": ""packets/s"", ""friendly_name"": ""UPNP IGD Packet download speed""}"
2025-07-19T20:56:08.297822,sensor.upnp_igd_packet_upload_speed,16.8000739203253,11.7658289396462,"{""state_class"": ""measurement"", ""unit_of_measurement"": ""packets/s"", ""friendly_name"": ""UPNP IGD Packet upload speed""}"
2025-07-19T20:56:10.260225,automation.aut_status_bruno,on,on,"{""id"": ""1751855857509"", ""last_triggered"": ""2025-07-19T23:56:10.252470+00:00"", ""mode"": ""single"", ""current"": 1, ""friendly_name"": ""aut-status-bruno""}"
2025-07-19T20:56:10.262780,automation.aut_status_bruno,on,on,"{""id"": ""1751855857509"", ""last_triggered"": ""2025-07-19T23:56:10.252470+00:00"", ""mode"": ""single"", ""current"": 0, ""friendly_name"": ""aut-status-bruno""}"
2025-07-19T20:56:38.241166,sensor.upnp_igd_data_received,2939874363,2940021505,"{""state_class"": ""total_increasing"", ""unit_of_measurement"": ""B"", ""device_class"": ""data_size"", ""friendly_name"": ""UPNP IGD Data received""}"
2025-07-19T20:56:38.242535,sensor.upnp_igd_data_sent,998253099,998292732,"{""state_class"": ""total_increasing"", ""unit_of_measurement"": ""B"", ""device_class"": ""data_size"", ""friendly_name"": ""UPNP IGD Data sent""}"
2025-07-19T20:56:38.243961,sensor.upnp_igd_packets_received,7876825,7878149,"{""state_class"": ""total_increasing"", ""unit_of_measurement"": ""packets"", ""friendly_name"": ""UPNP IGD Packets received""}"
2025-07-19T20:56:38.245491,sensor.upnp_igd_packets_sent,3832057,3832402,"{""state_class"": ""total_increasing"", ""unit_of_measurement"": ""packets"", ""friendly_name"": ""UPNP IGD Packets sent""}"
2025-07-19T20:56:38.246839,sensor.upnp_igd_uptime,1752969294,1752969324,"{""unit_of_measurement"": ""s"", ""device_class"": ""duration"", ""friendly_name"": ""UPNP IGD Uptime""}"
2025-07-19T20:56:38.248294,sensor.upnp_igd_download_speed,3.2305642546584,4.78996385776917,"{""state_class"": ""measurement"", ""unit_of_measurement"": ""KiB/s"", ""device_class"": ""data_rate"", ""friendly_name"": ""UPNP IGD Download speed""}"
2025-07-19T20:56:38.249744,sensor.upnp_igd_upload_speed,1.48775214496395,1.29018660596543,"{""state_class"": ""measurement"", ""unit_of_measurement"": ""KiB/s"", ""device_class"": ""data_rate"", ""friendly_name"": ""UPNP IGD Upload speed""}"
2025-07-19T20:56:38.251098,sensor.upnp_igd_packet_download_speed,41.1304048485081,44.135039888209,"{""state_class"": ""measurement"", ""unit_of_measurement"": ""packets/s"", ""friendly_name"": ""UPNP IGD Packet download speed""}"
2025-07-19T20:56:38.252508,sensor.upnp_igd_packet_upload_speed,11.7658289396462,11.5004446838611,"{""state_class"": ""measurement"", ""unit_of_measurement"": ""packets/s"", ""friendly_name"": ""UPNP IGD Packet upload speed""}"
2025-07-19T20:57:05.437949,sensor.tomada_mesa_de_trabalho_current,0.161,0.157,"{""state_class"": ""measurement"", ""unit_of_measurement"": ""A"", ""device_class"": ""current"", ""friendly_name"": ""Tomada mesa de trabalho Current""}"
2025-07-19T20:57:05.439758,sensor.tomada_mesa_de_trabalho_voltage,127.5,130.8,"{""state_class"": ""measurement"", ""unit_of_measurement"": ""V"", ""device_class"": ""voltage"", ""friendly_name"": ""Tomada mesa de trabalho Voltage""}"
2025-07-19T20:57:08.237593,sensor.upnp_igd_data_received,2940021505,2940108660,"{""state_class"": ""total_increasing"", ""unit_of_measurement"": ""B"", ""device_class"": ""data_size"", ""friendly_name"": ""UPNP IGD Data received""}"
2025-07-19T20:57:08.240091,sensor.upnp_igd_data_sent,998292732,998323206,"{""state_class"": ""total_increasing"", ""unit_of_measurement"": ""B"", ""device_class"": ""data_size"", ""friendly_name"": ""UPNP IGD Data sent""}"
2025-07-19T20:57:08.241710,sensor.upnp_igd_packets_received,7878149,7879345,"{""state_class"": ""total_increasing"", ""unit_of_measurement"": ""packets"", ""friendly_name"": ""UPNP IGD Packets received""}"
2025-07-19T20:57:08.243087,sensor.upnp_igd_packets_sent,3832402,3832683,"{""state_class"": ""total_increasing"", ""unit_of_measurement"": ""packets"", ""friendly_name"": ""UPNP IGD Packets sent""}"
2025-07-19T20:57:08.244497,sensor.upnp_igd_uptime,1752969324,1752969354,"{""unit_of_measurement"": ""s"", ""device_class"": ""duration"", ""friendly_name"": ""UPNP IGD Uptime""}"
2025-07-19T20:57:08.245910,sensor.upnp_igd_download_speed,4.78996385776917,2.83711824484304,"{""state_class"": ""measurement"", ""unit_of_measurement"": ""KiB/s"", ""device_class"": ""data_rate"", ""friendly_name"": ""UPNP IGD Download speed""}"
2025-07-19T20:57:08.247341,sensor.upnp_igd_upload_speed,1.29018660596543,0.992006670797394,"{""state_class"": ""measurement"", ""unit_of_measurement"": ""KiB/s"", ""device_class"": ""data_rate"", ""friendly_name"": ""UPNP IGD Upload speed""}"
2025-07-19T20:57:08.248763,sensor.upnp_igd_packet_download_speed,44.135039888209,39.8672487284981,"{""state_class"": ""measurement"", ""unit_of_measurement"": ""packets/s"", ""friendly_name"": ""UPNP IGD Packet download speed""}"
2025-07-19T20:57:08.250137,sensor.upnp_igd_packet_upload_speed,11.5004446838611,9.36680342199663,"{""state_class"": ""measurement"", ""unit_of_measurement"": ""packets/s"", ""friendly_name"": ""UPNP IGD Packet upload speed""}"
2025-07-19T20:57:10.265723,automation.aut_status_bruno,on,on,"{""id"": ""1751855857509"", ""last_triggered"": ""2025-07-19T23:57:10.254216+00:00"", ""mode"": ""single"", ""current"": 1, ""friendly_name"": ""aut-status-bruno""}"
2025-07-19T20:57:10.267786,automation.aut_status_bruno,on,on,"{""id"": ""1751855857509"", ""last_triggered"": ""2025-07-19T23:57:10.254216+00:00"", ""mode"": ""single"", ""current"": 0, ""friendly_name"": ""aut-status-bruno""}"
2025-07-19T20:57:38.238372,sensor.upnp_igd_data_received,2940108660,2940335235,"{""state_class"": ""total_increasing"", ""unit_of_measurement"": ""B"", ""device_class"": ""data_size"", ""friendly_name"": ""UPNP IGD Data received""}"
2025-07-19T20:57:38.240769,sensor.upnp_igd_data_sent,998323206,998389635,"{""state_class"": ""total_increasing"", ""unit_of_measurement"": ""B"", ""device_class"": ""data_size"", ""friendly_name"": ""UPNP IGD Data sent""}"
2025-07-19T20:57:38.242382,sensor.upnp_igd_packets_received,7879345,7880870,"{""state_class"": ""total_increasing"", ""unit_of_measurement"": ""packets"", ""friendly_name"": ""UPNP IGD Packets received""}"
2025-07-19T20:57:38.243835,sensor.upnp_igd_packets_sent,3832683,3833262,"{""state_class"": ""total_increasing"", ""unit_of_measurement"": ""packets"", ""friendly_name"": ""UPNP IGD Packets sent""}"
2025-07-19T20:57:38.245196,sensor.upnp_igd_uptime,1752969354,1752969384,"{""unit_of_measurement"": ""s"", ""device_class"": ""duration"", ""friendly_name"": ""UPNP IGD Uptime""}"
2025-07-19T20:57:38.246691,sensor.upnp_igd_download_speed,2.83711824484304,7.37555933247157,"{""state_class"": ""measurement"", ""unit_of_measurement"": ""KiB/s"", ""device_class"": ""data_rate"", ""friendly_name"": ""UPNP IGD Download speed""}"
2025-07-19T20:57:38.248216,sensor.upnp_igd_upload_speed,0.992006670797394,2.16242317509325,"{""state_class"": ""measurement"", ""unit_of_measurement"": ""KiB/s"", ""device_class"": ""data_rate"", ""friendly_name"": ""UPNP IGD Upload speed""}"
2025-07-19T20:57:38.249681,sensor.upnp_igd_packet_download_speed,39.8672487284981,50.8338230324952,"{""state_class"": ""measurement"", ""unit_of_measurement"": ""packets/s"", ""friendly_name"": ""UPNP IGD Packet download speed""}"
2025-07-19T20:57:38.251091,sensor.upnp_igd_packet_upload_speed,9.36680342199663,19.3001859251244,"{""state_class"": ""measurement"", ""unit_of_measurement"": ""packets/s"", ""friendly_name"": ""UPNP IGD Packet upload speed""}"
2025-07-19T20:57:51.237710,camera.192_168_0_33,idle,idle,"{""access_token"": ""cf0632d9e15e135bd7931e5dabaf8f65cd4466a0aefc3590c1b91b6504ae57ce"", ""entity_picture"": ""/api/camera_proxy/camera.192_168_0_33?token=cf0632d9e15e135bd7931e5dabaf8f65cd4466a0aefc3590c1b91b6504ae57ce"", ""friendly_name"": ""192_168_0_14"", ""supported_features"": 2}"
2025-07-19T20:57:51.239660,camera.admin_mainstream,idle,idle,"{""access_token"": ""64c5444565101a73d437663d15638af0cb1f35345c491fc6f7991e8ae51e19e9"", ""entity_picture"": ""/api/camera_proxy/camera.admin_mainstream?token=64c5444565101a73d437663d15638af0cb1f35345c491fc6f7991e8ae51e19e9"", ""friendly_name"": ""admin MainStream"", ""supported_features"": 2}"
2025-07-19T20:57:51.242194,camera.admin_substream,idle,idle,"{""access_token"": ""13589e171cee13ad5a7b71c4b69eacaa9efa6bd0ace4afa91c5458d82fa9de26"", ""entity_picture"": ""/api/camera_proxy/camera.admin_substream?token=13589e171cee13ad5a7b71c4b69eacaa9efa6bd0ace4afa91c5458d82fa9de26"", ""friendly_name"": ""admin SubStream"", ""supported_features"": 2}"
2025-07-19T20:58:08.241288,sensor.upnp_igd_data_received,2940335235,2941199520,"{""state_class"": ""total_increasing"", ""unit_of_measurement"": ""B"", ""device_class"": ""data_size"", ""friendly_name"": ""UPNP IGD Data received""}"
2025-07-19T20:58:08.244250,sensor.upnp_igd_data_sent,998389635,998491339,"{""state_class"": ""total_increasing"", ""unit_of_measurement"": ""B"", ""device_class"": ""data_size"", ""friendly_name"": ""UPNP IGD Data sent""}"
2025-07-19T20:58:08.245603,sensor.upnp_igd_packets_received,7880870,7882761,"{""state_class"": ""total_increasing"", ""unit_of_measurement"": ""packets"", ""friendly_name"": ""UPNP IGD Packets received""}"
2025-07-19T20:58:08.246783,sensor.upnp_igd_packets_sent,3833262,3833929,"{""state_class"": ""total_increasing"", ""unit_of_measurement"": ""packets"", ""friendly_name"": ""UPNP IGD Packets sent""}"
2025-07-19T20:58:08.249014,sensor.upnp_igd_uptime,1752969384,1752969414,"{""unit_of_measurement"": ""s"", ""device_class"": ""duration"", ""friendly_name"": ""UPNP IGD Uptime""}"
2025-07-19T20:58:08.250756,sensor.upnp_igd_download_speed,7.37555933247157,28.1337193583161,"{""state_class"": ""measurement"", ""unit_of_measurement"": ""KiB/s"", ""device_class"": ""data_rate"", ""friendly_name"": ""UPNP IGD Download speed""}"
2025-07-19T20:58:08.252571,sensor.upnp_igd_upload_speed,2.16242317509325,3.31061142287345,"{""state_class"": ""measurement"", ""unit_of_measurement"": ""KiB/s"", ""device_class"": ""data_rate"", ""friendly_name"": ""UPNP IGD Upload speed""}"
2025-07-19T20:58:08.254307,sensor.upnp_igd_packet_download_speed,50.8338230324952,63.0320831970166,"{""state_class"": ""measurement"", ""unit_of_measurement"": ""packets/s"", ""friendly_name"": ""UPNP IGD Packet download speed""}"
2025-07-19T20:58:08.256150,sensor.upnp_igd_packet_upload_speed,19.3001859251244,22.2328923809678,"{""state_class"": ""measurement"", ""unit_of_measurement"": ""packets/s"", ""friendly_name"": ""UPNP IGD Packet upload speed""}"
2025-07-19T20:58:10.259823,automation.aut_status_bruno,on,on,"{""id"": ""1751855857509"", ""last_triggered"": ""2025-07-19T23:58:10.252608+00:00"", ""mode"": ""single"", ""current"": 1, ""friendly_name"": ""aut-status-bruno""}"
2025-07-19T20:58:10.261949,automation.aut_status_bruno,on,on,"{""id"": ""1751855857509"", ""last_triggered"": ""2025-07-19T23:58:10.252608+00:00"", ""mode"": ""single"", ""current"": 0, ""friendly_name"": ""aut-status-bruno""}"
2025-07-19T20:58:10.691560,weather.home,sunny,sunny,"{""temperature"": 24.2, ""temperature_unit"": ""\u00b0C"", ""pressure_unit"": ""hPa"", ""wind_bearing"": 145, ""wind_speed"": 4.4, ""wind_speed_unit"": ""km/h"", ""visibility_unit"": ""km"", ""precipitation_unit"": ""mm"", ""friendly_name"": ""Home"", ""supported_features"": 3}"
2025-07-19T20:58:26.538218,binary_sensor.presenca_sala_motion,off,on,"{""device_class"": ""motion"", ""friendly_name"": ""Presen\u00e7a sala Motion""}"
2025-07-19T20:58:26.541376,automation.aut_sala,on,on,"{""id"": ""1746116908353"", ""last_triggered"": ""2025-07-19T23:58:26.528071+00:00"", ""mode"": ""single"", ""current"": 1, ""friendly_name"": ""aut-sala""}"
2025-07-19T20:58:27.294357,automation.aut_sala,on,on,"{""id"": ""1746116908353"", ""last_triggered"": ""2025-07-19T23:58:26.528071+00:00"", ""mode"": ""single"", ""current"": 0, ""friendly_name"": ""aut-sala""}"
2025-07-19T20:58:27.920779,switch.interruptor_sala_switch_1,off,on,"{""device_class"": ""outlet"", ""friendly_name"": ""Interruptor sala Switch 1""}"
2025-07-19T20:58:38.242736,sensor.upnp_igd_data_received,2941199520,2942670625,"{""state_class"": ""total_increasing"", ""unit_of_measurement"": ""B"", ""device_class"": ""data_size"", ""friendly_name"": ""UPNP IGD Data received""}"
2025-07-19T20:58:38.244456,sensor.upnp_igd_data_sent,998491339,999051980,"{""state_class"": ""total_increasing"", ""unit_of_measurement"": ""B"", ""device_class"": ""data_size"", ""friendly_name"": ""UPNP IGD Data sent""}"
2025-07-19T20:58:38.245729,sensor.upnp_igd_packets_received,7882761,7885832,"{""state_class"": ""total_increasing"", ""unit_of_measurement"": ""packets"", ""friendly_name"": ""UPNP IGD Packets received""}"
2025-07-19T20:58:38.247925,sensor.upnp_igd_packets_sent,3833929,3835634,"{""state_class"": ""total_increasing"", ""unit_of_measurement"": ""packets"", ""friendly_name"": ""UPNP IGD Packets sent""}"
2025-07-19T20:58:38.249696,sensor.upnp_igd_uptime,1752969414,1752969444,"{""unit_of_measurement"": ""s"", ""device_class"": ""duration"", ""friendly_name"": ""UPNP IGD Uptime""}"
2025-07-19T20:58:38.251495,sensor.upnp_igd_download_speed,28.1337193583161,47.8873617538264,"{""state_class"": ""measurement"", ""unit_of_measurement"": ""KiB/s"", ""device_class"": ""data_rate"", ""friendly_name"": ""UPNP IGD Download speed""}"
2025-07-19T20:58:38.253265,sensor.upnp_igd_upload_speed,3.31061142287345,18.2499674605327,"{""state_class"": ""measurement"", ""unit_of_measurement"": ""KiB/s"", ""device_class"": ""data_rate"", ""friendly_name"": ""UPNP IGD Upload speed""}"
2025-07-19T20:58:38.255189,sensor.upnp_igd_packet_download_speed,63.0320831970166,102.366301560191,"{""state_class"": ""measurement"", ""unit_of_measurement"": ""packets/s"", ""friendly_name"": ""UPNP IGD Packet download speed""}"
2025-07-19T20:58:38.257185,sensor.upnp_igd_packet_upload_speed,22.2328923809678,56.8331306285008,"{""state_class"": ""measurement"", ""unit_of_measurement"": ""packets/s"", ""friendly_name"": ""UPNP IGD Packet upload speed""}"
2025-07-19T20:58:40.506436,sensor.tomada_mesa_de_trabalho_current,0.157,0.158,"{""state_class"": ""measurement"", ""unit_of_measurement"": ""A"", ""device_class"": ""current"", ""friendly_name"": ""Tomada mesa de trabalho Current""}"
2025-07-19T20:58:40.508975,sensor.tomada_mesa_de_trabalho_voltage,130.8,131.6,"{""state_class"": ""measurement"", ""unit_of_measurement"": ""V"", ""device_class"": ""voltage"", ""friendly_name"": ""Tomada mesa de trabalho Voltage""}"
2025-07-19T20:58:52.534172,sun.sun,below_horizon,below_horizon,"{""next_dawn"": ""2025-07-20T08:33:51.151304+00:00"", ""next_dusk"": ""2025-07-20T20:47:13.005418+00:00"", ""next_midnight"": ""2025-07-20T02:40:29+00:00"", ""next_noon"": ""2025-07-20T14:40:27+00:00"", ""next_rising"": ""2025-07-20T08:56:54.429420+00:00"", ""next_setting"": ""2025-07-20T20:24:10.176365+00:00"", ""elevation"": -50.68, ""azimuth"": 286.81, ""rising"": false, ""friendly_name"": ""Sun""}"
2025-07-19T20:58:58.247027,binary_sensor.presenca_sala_motion,on,off,"{""device_class"": ""motion"", ""friendly_name"": ""Presen\u00e7a sala Motion""}"
2025-07-19T20:58:58.251957,automation.aut_sala,on,on,"{""id"": ""1746116908353"", ""last_triggered"": ""2025-07-19T23:58:58.236947+00:00"", ""mode"": ""single"", ""current"": 1, ""friendly_name"": ""aut-sala""}"
2025-07-19T20:58:58.462948,automation.aut_sala,on,on,"{""id"": ""1746116908353"", ""last_triggered"": ""2025-07-19T23:58:58.236947+00:00"", ""mode"": ""single"", ""current"": 0, ""friendly_name"": ""aut-sala""}"
2025-07-19T20:58:59.113969,switch.interruptor_sala_switch_1,on,off,"{""device_class"": ""outlet"", ""friendly_name"": ""Interruptor sala Switch 1""}"
2025-07-19T20:59:08.240803,sensor.upnp_igd_data_received,2942670625,2943409673,"{""state_class"": ""total_increasing"", ""unit_of_measurement"": ""B"", ""device_class"": ""data_size"", ""friendly_name"": ""UPNP IGD Data received""}"
2025-07-19T20:59:08.243556,sensor.upnp_igd_data_sent,999051980,999315571,"{""state_class"": ""total_increasing"", ""unit_of_measurement"": ""B"", ""device_class"": ""data_size"", ""friendly_name"": ""UPNP IGD Data sent""}"
2025-07-19T20:59:08.245105,sensor.upnp_igd_packets_received,7885832,7887949,"{""state_class"": ""total_increasing"", ""unit_of_measurement"": ""packets"", ""friendly_name"": ""UPNP IGD Packets received""}"
2025-07-19T20:59:08.246555,sensor.upnp_igd_packets_sent,3835634,3836444,"{""state_class"": ""total_increasing"", ""unit_of_measurement"": ""packets"", ""friendly_name"": ""UPNP IGD Packets sent""}"
2025-07-19T20:59:08.247981,sensor.upnp_igd_uptime,1752969444,1752969474,"{""unit_of_measurement"": ""s"", ""device_class"": ""duration"", ""friendly_name"": ""UPNP IGD Uptime""}"
2025-07-19T20:59:08.249404,sensor.upnp_igd_download_speed,47.8873617538264,24.0575400545633,"{""state_class"": ""measurement"", ""unit_of_measurement"": ""KiB/s"", ""device_class"": ""data_rate"", ""friendly_name"": ""UPNP IGD Download speed""}"
2025-07-19T20:59:08.250795,sensor.upnp_igd_upload_speed,18.2499674605327,8.58043190770071,"{""state_class"": ""measurement"", ""unit_of_measurement"": ""KiB/s"", ""device_class"": ""data_rate"", ""friendly_name"": ""UPNP IGD Upload speed""}"
2025-07-19T20:59:08.252219,sensor.upnp_igd_packet_download_speed,102.366301560191,70.566631383351,"{""state_class"": ""measurement"", ""unit_of_measurement"": ""packets/s"", ""friendly_name"": ""UPNP IGD Packet download speed""}"
2025-07-19T20:59:08.253587,sensor.upnp_igd_packet_upload_speed,56.8331306285008,26.9999865000067,"{""state_class"": ""measurement"", ""unit_of_measurement"": ""packets/s"", ""friendly_name"": ""UPNP IGD Packet upload speed""}"
2025-07-19T20:59:10.259819,automation.aut_status_bruno,on,on,"{""id"": ""1751855857509"", ""last_triggered"": ""2025-07-19T23:59:10.253083+00:00"", ""mode"": ""single"", ""current"": 1, ""friendly_name"": ""aut-status-bruno""}"
2025-07-19T20:59:10.262025,automation.aut_status_bruno,on,on,"{""id"": ""1751855857509"", ""last_triggered"": ""2025-07-19T23:59:10.253083+00:00"", ""mode"": ""single"", ""current"": 0, ""friendly_name"": ""aut-status-bruno""}"
2025-07-19T20:59:18.954206,binary_sensor.presenca_banheiro_motion,off,on,"{""device_class"": ""motion"", ""friendly_name"": ""Presen\u00e7a banheiro Motion""}"
2025-07-19T20:59:18.958896,automation.auto_banheiro,on,on,"{""id"": ""1747870075916"", ""last_triggered"": ""2025-07-19T23:59:18.945525+00:00"", ""mode"": ""single"", ""current"": 1, ""friendly_name"": ""auto-banheiro""}"
2025-07-19T20:59:19.547805,automation.auto_banheiro,on,on,"{""id"": ""1747870075916"", ""last_triggered"": ""2025-07-19T23:59:18.945525+00:00"", ""mode"": ""single"", ""current"": 0, ""friendly_name"": ""auto-banheiro""}"
2025-07-19T20:59:19.808028,switch.interruptor_banheiro_switch_1,off,on,"{""device_class"": ""outlet"", ""friendly_name"": ""Interruptor banheiro Switch 1""}"
2025-07-19T20:59:20.205271,switch.interruptor_banheiro_switch_2,off,on,"{""device_class"": ""outlet"", ""friendly_name"": ""Interruptor banheiro Switch 2""}"
2025-07-19T20:59:38.240436,sensor.upnp_igd_data_received,2943409673,2943578676,"{""state_class"": ""total_increasing"", ""unit_of_measurement"": ""B"", ""device_class"": ""data_size"", ""friendly_name"": ""UPNP IGD Data received""}"
2025-07-19T20:59:38.242224,sensor.upnp_igd_data_sent,999315571,999383676,"{""state_class"": ""total_increasing"", ""unit_of_measurement"": ""B"", ""device_class"": ""data_size"", ""friendly_name"": ""UPNP IGD Data sent""}"
2025-07-19T20:59:38.243834,sensor.upnp_igd_packets_received,7887949,7889308,"{""state_class"": ""total_increasing"", ""unit_of_measurement"": ""packets"", ""friendly_name"": ""UPNP IGD Packets received""}"
2025-07-19T20:59:38.245271,sensor.upnp_igd_packets_sent,3836444,3836928,"{""state_class"": ""total_increasing"", ""unit_of_measurement"": ""packets"", ""friendly_name"": ""UPNP IGD Packets sent""}"
2025-07-19T20:59:38.246607,sensor.upnp_igd_uptime,1752969474,1752969504,"{""unit_of_measurement"": ""s"", ""device_class"": ""duration"", ""friendly_name"": ""UPNP IGD Uptime""}"
2025-07-19T20:59:38.248078,sensor.upnp_igd_download_speed,24.0575400545633,5.50137333299134,"{""state_class"": ""measurement"", ""unit_of_measurement"": ""KiB/s"", ""device_class"": ""data_rate"", ""friendly_name"": ""UPNP IGD Download speed""}"
2025-07-19T20:59:38.249517,sensor.upnp_igd_upload_speed,8.58043190770071,2.2169489940615,"{""state_class"": ""measurement"", ""unit_of_measurement"": ""KiB/s"", ""device_class"": ""data_rate"", ""friendly_name"": ""UPNP IGD Upload speed""}"
2025-07-19T20:59:38.250976,sensor.upnp_igd_packet_download_speed,70.566631383351,45.2997825610437,"{""state_class"": ""measurement"", ""unit_of_measurement"": ""packets/s"", ""friendly_name"": ""UPNP IGD Packet download speed""}"
2025-07-19T20:59:38.252553,sensor.upnp_igd_packet_upload_speed,26.9999865000067,16.133255893705,"{""state_class"": ""measurement"", ""unit_of_measurement"": ""packets/s"", ""friendly_name"": ""UPNP IGD Packet upload speed""}"
