timestamp,entity_id,old_state,new_state,attributes
2025-08-10T18:00:04.880191,weather.home,sunny,sunny,"{""temperature"": 25.5, ""temperature_unit"": ""\u00b0C"", ""pressure_unit"": ""hPa"", ""wind_bearing"": 88, ""wind_speed"": 11.5, ""wind_speed_unit"": ""km/h"", ""visibility_unit"": ""km"", ""precipitation_unit"": ""mm"", ""friendly_name"": ""Home"", ""supported_features"": 3}"
2025-08-10T18:00:10.261635,automation.aut_status_bruno,on,on,"{""id"": ""1751855857509"", ""last_triggered"": ""2025-08-10T21:00:10.253750+00:00"", ""mode"": ""single"", ""current"": 1, ""friendly_name"": ""aut-status-bruno""}"
2025-08-10T18:00:10.264242,automation.aut_status_bruno,on,on,"{""id"": ""1751855857509"", ""last_triggered"": ""2025-08-10T21:00:10.253750+00:00"", ""mode"": ""single"", ""current"": 0, ""friendly_name"": ""aut-status-bruno""}"
2025-08-10T18:00:25.147993,sensor.upnp_igd_data_received,2590394694,2590469707,"{""state_class"": ""total_increasing"", ""unit_of_measurement"": ""B"", ""device_class"": ""data_size"", ""friendly_name"": ""UPNP IGD Data received""}"
2025-08-10T18:00:25.150558,sensor.upnp_igd_data_sent,1293401092,1293407588,"{""state_class"": ""total_increasing"", ""unit_of_measurement"": ""B"", ""device_class"": ""data_size"", ""friendly_name"": ""UPNP IGD Data sent""}"
2025-08-10T18:00:25.152192,sensor.upnp_igd_packets_received,92649880,92650936,"{""state_class"": ""total_increasing"", ""unit_of_measurement"": ""packets"", ""friendly_name"": ""UPNP IGD Packets received""}"
2025-08-10T18:00:25.153565,sensor.upnp_igd_packets_sent,21163727,21163783,"{""state_class"": ""total_increasing"", ""unit_of_measurement"": ""packets"", ""friendly_name"": ""UPNP IGD Packets sent""}"
2025-08-10T18:00:25.154888,sensor.upnp_igd_uptime,1676153,1676183,"{""unit_of_measurement"": ""s"", ""device_class"": ""duration"", ""friendly_name"": ""UPNP IGD Uptime""}"
2025-08-10T18:00:25.156372,sensor.upnp_igd_download_speed,2.37302262849587,2.44186491552011,"{""state_class"": ""measurement"", ""unit_of_measurement"": ""KiB/s"", ""device_class"": ""data_rate"", ""friendly_name"": ""UPNP IGD Download speed""}"
2025-08-10T18:00:25.157752,sensor.upnp_igd_upload_speed,0.280827805813987,0.211461406572442,"{""state_class"": ""measurement"", ""unit_of_measurement"": ""KiB/s"", ""device_class"": ""data_rate"", ""friendly_name"": ""UPNP IGD Upload speed""}"
2025-08-10T18:00:25.159133,sensor.upnp_igd_packet_download_speed,34.9334556004279,35.2005115807683,"{""state_class"": ""measurement"", ""unit_of_measurement"": ""packets/s"", ""friendly_name"": ""UPNP IGD Packet download speed""}"
2025-08-10T18:00:25.160607,sensor.upnp_igd_packet_upload_speed,1.96667355002409,1.86669379594983,"{""state_class"": ""measurement"", ""unit_of_measurement"": ""packets/s"", ""friendly_name"": ""UPNP IGD Packet upload speed""}"
2025-08-10T18:00:55.151392,sensor.upnp_igd_data_received,2590469707,2590539981,"{""state_class"": ""total_increasing"", ""unit_of_measurement"": ""B"", ""device_class"": ""data_size"", ""friendly_name"": ""UPNP IGD Data received""}"
2025-08-10T18:00:55.153034,sensor.upnp_igd_data_sent,1293407588,1293414602,"{""state_class"": ""total_increasing"", ""unit_of_measurement"": ""B"", ""device_class"": ""data_size"", ""friendly_name"": ""UPNP IGD Data sent""}"
2025-08-10T18:00:55.154618,sensor.upnp_igd_packets_received,92650936,92651955,"{""state_class"": ""total_increasing"", ""unit_of_measurement"": ""packets"", ""friendly_name"": ""UPNP IGD Packets received""}"
2025-08-10T18:00:55.156103,sensor.upnp_igd_packets_sent,21163783,21163829,"{""state_class"": ""total_increasing"", ""unit_of_measurement"": ""packets"", ""friendly_name"": ""UPNP IGD Packets sent""}"
2025-08-10T18:00:55.157466,sensor.upnp_igd_uptime,1676183,1676213,"{""unit_of_measurement"": ""s"", ""device_class"": ""duration"", ""friendly_name"": ""UPNP IGD Uptime""}"
2025-08-10T18:00:55.158883,sensor.upnp_igd_download_speed,2.44186491552011,2.28753140120402,"{""state_class"": ""measurement"", ""unit_of_measurement"": ""KiB/s"", ""device_class"": ""data_rate"", ""friendly_name"": ""UPNP IGD Download speed""}"
2025-08-10T18:00:55.160387,sensor.upnp_igd_upload_speed,0.211461406572442,0.22831694863029,"{""state_class"": ""measurement"", ""unit_of_measurement"": ""KiB/s"", ""device_class"": ""data_rate"", ""friendly_name"": ""UPNP IGD Upload speed""}"
2025-08-10T18:00:55.161971,sensor.upnp_igd_packet_download_speed,35.2005115807683,33.9661662318175,"{""state_class"": ""measurement"", ""unit_of_measurement"": ""packets/s"", ""friendly_name"": ""UPNP IGD Packet download speed""}"
2025-08-10T18:00:55.163383,sensor.upnp_igd_packet_upload_speed,1.86669379594983,1.53331074255506,"{""state_class"": ""measurement"", ""unit_of_measurement"": ""packets/s"", ""friendly_name"": ""UPNP IGD Packet upload speed""}"
2025-08-10T18:01:10.258926,automation.aut_status_bruno,on,on,"{""id"": ""1751855857509"", ""last_triggered"": ""2025-08-10T21:01:10.252300+00:00"", ""mode"": ""single"", ""current"": 1, ""friendly_name"": ""aut-status-bruno""}"
2025-08-10T18:01:10.261264,automation.aut_status_bruno,on,on,"{""id"": ""1751855857509"", ""last_triggered"": ""2025-08-10T21:01:10.252300+00:00"", ""mode"": ""single"", ""current"": 0, ""friendly_name"": ""aut-status-bruno""}"
2025-08-10T18:01:25.148114,sensor.upnp_igd_data_received,2590539981,2590606322,"{""state_class"": ""total_increasing"", ""unit_of_measurement"": ""B"", ""device_class"": ""data_size"", ""friendly_name"": ""UPNP IGD Data received""}"
2025-08-10T18:01:25.150846,sensor.upnp_igd_data_sent,1293414602,1293418266,"{""state_class"": ""total_increasing"", ""unit_of_measurement"": ""B"", ""device_class"": ""data_size"", ""friendly_name"": ""UPNP IGD Data sent""}"
2025-08-10T18:01:25.152392,sensor.upnp_igd_packets_received,92651955,92652971,"{""state_class"": ""total_increasing"", ""unit_of_measurement"": ""packets"", ""friendly_name"": ""UPNP IGD Packets received""}"
2025-08-10T18:01:25.153841,sensor.upnp_igd_packets_sent,21163829,21163868,"{""state_class"": ""total_increasing"", ""unit_of_measurement"": ""packets"", ""friendly_name"": ""UPNP IGD Packets sent""}"
2025-08-10T18:01:25.155223,sensor.upnp_igd_uptime,1676213,1676243,"{""unit_of_measurement"": ""s"", ""device_class"": ""duration"", ""friendly_name"": ""UPNP IGD Uptime""}"
2025-08-10T18:01:25.156747,sensor.upnp_igd_download_speed,2.28753140120402,2.15955503685696,"{""state_class"": ""measurement"", ""unit_of_measurement"": ""KiB/s"", ""device_class"": ""data_rate"", ""friendly_name"": ""UPNP IGD Download speed""}"
2025-08-10T18:01:25.158168,sensor.upnp_igd_upload_speed,0.22831694863029,0.119271787507633,"{""state_class"": ""measurement"", ""unit_of_measurement"": ""KiB/s"", ""device_class"": ""data_rate"", ""friendly_name"": ""UPNP IGD Upload speed""}"
2025-08-10T18:01:25.159656,sensor.upnp_igd_packet_download_speed,33.9661662318175,33.8669376021675,"{""state_class"": ""measurement"", ""unit_of_measurement"": ""packets/s"", ""friendly_name"": ""UPNP IGD Packet download speed""}"
2025-08-10T18:01:25.161039,sensor.upnp_igd_packet_upload_speed,1.53331074255506,1.3000104000832,"{""state_class"": ""measurement"", ""unit_of_measurement"": ""packets/s"", ""friendly_name"": ""UPNP IGD Packet upload speed""}"
2025-08-10T18:01:55.159179,sensor.upnp_igd_data_received,2590606322,2590673518,"{""state_class"": ""total_increasing"", ""unit_of_measurement"": ""B"", ""device_class"": ""data_size"", ""friendly_name"": ""UPNP IGD Data received""}"
2025-08-10T18:01:55.161172,sensor.upnp_igd_data_sent,1293418266,1293425421,"{""state_class"": ""total_increasing"", ""unit_of_measurement"": ""B"", ""device_class"": ""data_size"", ""friendly_name"": ""UPNP IGD Data sent""}"
2025-08-10T18:01:55.162689,sensor.upnp_igd_packets_received,92652971,92653938,"{""state_class"": ""total_increasing"", ""unit_of_measurement"": ""packets"", ""friendly_name"": ""UPNP IGD Packets received""}"
2025-08-10T18:01:55.164140,sensor.upnp_igd_packets_sent,21163868,21163915,"{""state_class"": ""total_increasing"", ""unit_of_measurement"": ""packets"", ""friendly_name"": ""UPNP IGD Packets sent""}"
2025-08-10T18:01:55.165490,sensor.upnp_igd_uptime,1676243,1676273,"{""unit_of_measurement"": ""s"", ""device_class"": ""duration"", ""friendly_name"": ""UPNP IGD Uptime""}"
2025-08-10T18:01:55.166898,sensor.upnp_igd_download_speed,2.15955503685696,2.18734390809709,"{""state_class"": ""measurement"", ""unit_of_measurement"": ""KiB/s"", ""device_class"": ""data_rate"", ""friendly_name"": ""UPNP IGD Download speed""}"
2025-08-10T18:01:55.168335,sensor.upnp_igd_upload_speed,0.119271787507633,0.232907400179098,"{""state_class"": ""measurement"", ""unit_of_measurement"": ""KiB/s"", ""device_class"": ""data_rate"", ""friendly_name"": ""UPNP IGD Upload speed""}"
2025-08-10T18:01:55.169700,sensor.upnp_igd_packet_download_speed,33.8669376021675,32.2329519100691,"{""state_class"": ""measurement"", ""unit_of_measurement"": ""packets/s"", ""friendly_name"": ""UPNP IGD Packet download speed""}"
2025-08-10T18:01:55.171075,sensor.upnp_igd_packet_upload_speed,1.3000104000832,1.56664812799715,"{""state_class"": ""measurement"", ""unit_of_measurement"": ""packets/s"", ""friendly_name"": ""UPNP IGD Packet upload speed""}"
2025-08-10T18:02:06.366341,sensor.tauntaum_energy,236.235,236.245,"{""state_class"": ""total_increasing"", ""unit_of_measurement"": ""kWh"", ""device_class"": ""energy"", ""friendly_name"": ""Tauntaum Energy""}"
2025-08-10T18:02:06.369173,sensor.tauntaum_power,34,35,"{""state_class"": ""measurement"", ""power_consumption_start"": ""2025-08-10T20:45:21Z"", ""power_consumption_end"": ""2025-08-10T21:02:06Z"", ""unit_of_measurement"": ""W"", ""device_class"": ""power"", ""friendly_name"": ""Tauntaum Power""}"
2025-08-10T18:02:06.371027,sensor.tauntaum_energy_difference,0.007,0.01,"{""state_class"": ""total"", ""unit_of_measurement"": ""kWh"", ""device_class"": ""energy"", ""friendly_name"": ""Tauntaum Energy difference""}"
2025-08-10T18:02:06.372851,sensor.tauntaum_power_energy,0.00716800972123941,0.00949474555532137,"{""state_class"": ""total"", ""unit_of_measurement"": ""kWh"", ""device_class"": ""energy"", ""friendly_name"": ""Tauntaum Power energy""}"
2025-08-10T18:02:10.260315,automation.aut_status_bruno,on,on,"{""id"": ""1751855857509"", ""last_triggered"": ""2025-08-10T21:02:10.252570+00:00"", ""mode"": ""single"", ""current"": 1, ""friendly_name"": ""aut-status-bruno""}"
2025-08-10T18:02:10.262607,automation.aut_status_bruno,on,on,"{""id"": ""1751855857509"", ""last_triggered"": ""2025-08-10T21:02:10.252570+00:00"", ""mode"": ""single"", ""current"": 0, ""friendly_name"": ""aut-status-bruno""}"
2025-08-10T18:02:25.159772,sensor.upnp_igd_data_received,2590673518,2590741497,"{""state_class"": ""total_increasing"", ""unit_of_measurement"": ""B"", ""device_class"": ""data_size"", ""friendly_name"": ""UPNP IGD Data received""}"
2025-08-10T18:02:25.161653,sensor.upnp_igd_data_sent,1293425421,1293429542,"{""state_class"": ""total_increasing"", ""unit_of_measurement"": ""B"", ""device_class"": ""data_size"", ""friendly_name"": ""UPNP IGD Data sent""}"
2025-08-10T18:02:25.163678,sensor.upnp_igd_packets_received,92653938,92654976,"{""state_class"": ""total_increasing"", ""unit_of_measurement"": ""packets"", ""friendly_name"": ""UPNP IGD Packets received""}"
2025-08-10T18:02:25.165307,sensor.upnp_igd_packets_sent,21163915,21163956,"{""state_class"": ""total_increasing"", ""unit_of_measurement"": ""packets"", ""friendly_name"": ""UPNP IGD Packets sent""}"
2025-08-10T18:02:25.166667,sensor.upnp_igd_uptime,1676273,1676303,"{""unit_of_measurement"": ""s"", ""device_class"": ""duration"", ""friendly_name"": ""UPNP IGD Uptime""}"
2025-08-10T18:02:25.168169,sensor.upnp_igd_download_speed,2.18734390809709,2.21284693492043,"{""state_class"": ""measurement"", ""unit_of_measurement"": ""KiB/s"", ""device_class"": ""data_rate"", ""friendly_name"": ""UPNP IGD Download speed""}"
2025-08-10T18:02:25.169579,sensor.upnp_igd_upload_speed,0.232907400179098,0.134146460212817,"{""state_class"": ""measurement"", ""unit_of_measurement"": ""KiB/s"", ""device_class"": ""data_rate"", ""friendly_name"": ""UPNP IGD Upload speed""}"
2025-08-10T18:02:25.170936,sensor.upnp_igd_packet_download_speed,32.2329519100691,34.5998258475432,"{""state_class"": ""measurement"", ""unit_of_measurement"": ""packets/s"", ""friendly_name"": ""UPNP IGD Packet download speed""}"
2025-08-10T18:02:25.172375,sensor.upnp_igd_packet_upload_speed,1.56664812799715,1.3666597878124,"{""state_class"": ""measurement"", ""unit_of_measurement"": ""packets/s"", ""friendly_name"": ""UPNP IGD Packet upload speed""}"
2025-08-10T18:02:36.626539,sun.sun,below_horizon,below_horizon,"{""next_dawn"": ""2025-08-11T08:27:53.857044+00:00"", ""next_dusk"": ""2025-08-11T20:50:42.399850+00:00"", ""next_midnight"": ""2025-08-11T02:39:14+00:00"", ""next_noon"": ""2025-08-11T14:39:20+00:00"", ""next_rising"": ""2025-08-11T08:50:14.762951+00:00"", ""next_setting"": ""2025-08-11T20:28:21.828254+00:00"", ""elevation"": -8.85, ""azimuth"": 283.76, ""rising"": false, ""friendly_name"": ""Sun""}"
2025-08-10T18:02:55.148622,sensor.upnp_igd_data_received,2590741497,2590812838,"{""state_class"": ""total_increasing"", ""unit_of_measurement"": ""B"", ""device_class"": ""data_size"", ""friendly_name"": ""UPNP IGD Data received""}"
2025-08-10T18:02:55.151459,sensor.upnp_igd_data_sent,1293429542,1293436831,"{""state_class"": ""total_increasing"", ""unit_of_measurement"": ""B"", ""device_class"": ""data_size"", ""friendly_name"": ""UPNP IGD Data sent""}"
2025-08-10T18:02:55.152965,sensor.upnp_igd_packets_received,92654976,92656006,"{""state_class"": ""total_increasing"", ""unit_of_measurement"": ""packets"", ""friendly_name"": ""UPNP IGD Packets received""}"
2025-08-10T18:02:55.154485,sensor.upnp_igd_packets_sent,21163956,21164005,"{""state_class"": ""total_increasing"", ""unit_of_measurement"": ""packets"", ""friendly_name"": ""UPNP IGD Packets sent""}"
2025-08-10T18:02:55.155873,sensor.upnp_igd_uptime,1676303,1676333,"{""unit_of_measurement"": ""s"", ""device_class"": ""duration"", ""friendly_name"": ""UPNP IGD Uptime""}"
2025-08-10T18:02:55.157358,sensor.upnp_igd_download_speed,2.21284693492043,2.32227998589011,"{""state_class"": ""measurement"", ""unit_of_measurement"": ""KiB/s"", ""device_class"": ""data_rate"", ""friendly_name"": ""UPNP IGD Download speed""}"
2025-08-10T18:02:55.158787,sensor.upnp_igd_upload_speed,0.134146460212817,0.237270276799498,"{""state_class"": ""measurement"", ""unit_of_measurement"": ""KiB/s"", ""device_class"": ""data_rate"", ""friendly_name"": ""UPNP IGD Upload speed""}"
2025-08-10T18:02:55.160225,sensor.upnp_igd_packet_download_speed,34.5998258475432,34.3330643909956,"{""state_class"": ""measurement"", ""unit_of_measurement"": ""packets/s"", ""friendly_name"": ""UPNP IGD Packet download speed""}"
2025-08-10T18:02:55.161607,sensor.upnp_igd_packet_upload_speed,1.3666597878124,1.63332053898911,"{""state_class"": ""measurement"", ""unit_of_measurement"": ""packets/s"", ""friendly_name"": ""UPNP IGD Packet upload speed""}"
2025-08-10T18:02:56.934226,camera.192_168_0_33,idle,idle,"{""access_token"": ""28b69aec259158873de1dfde7ace58c3c6c6a7c9115ba9b606da6c93c7122be9"", ""entity_picture"": ""/api/camera_proxy/camera.192_168_0_33?token=28b69aec259158873de1dfde7ace58c3c6c6a7c9115ba9b606da6c93c7122be9"", ""friendly_name"": ""192_168_0_14"", ""supported_features"": 2}"
2025-08-10T18:02:56.941007,camera.admin_mainstream,idle,idle,"{""access_token"": ""cc06dda44d2433b386f8c8788292a5eebbc7defd6e6acc14904128eed63467f3"", ""entity_picture"": ""/api/camera_proxy/camera.admin_mainstream?token=cc06dda44d2433b386f8c8788292a5eebbc7defd6e6acc14904128eed63467f3"", ""friendly_name"": ""admin MainStream"", ""supported_features"": 2}"
2025-08-10T18:02:56.946928,camera.admin_substream,idle,idle,"{""access_token"": ""d369729efd05cb32ff8ebb3f041f8771495bdd9815c994edbf8da9f65a69b900"", ""entity_picture"": ""/api/camera_proxy/camera.admin_substream?token=d369729efd05cb32ff8ebb3f041f8771495bdd9815c994edbf8da9f65a69b900"", ""friendly_name"": ""admin SubStream"", ""supported_features"": 2}"
2025-08-10T18:03:10.260356,automation.aut_status_bruno,on,on,"{""id"": ""1751855857509"", ""last_triggered"": ""2025-08-10T21:03:10.252424+00:00"", ""mode"": ""single"", ""current"": 1, ""friendly_name"": ""aut-status-bruno""}"
2025-08-10T18:03:10.263204,automation.aut_status_bruno,on,on,"{""id"": ""1751855857509"", ""last_triggered"": ""2025-08-10T21:03:10.252424+00:00"", ""mode"": ""single"", ""current"": 0, ""friendly_name"": ""aut-status-bruno""}"
2025-08-10T18:03:25.148634,sensor.upnp_igd_data_received,2590812838,2590877751,"{""state_class"": ""total_increasing"", ""unit_of_measurement"": ""B"", ""device_class"": ""data_size"", ""friendly_name"": ""UPNP IGD Data received""}"
2025-08-10T18:03:25.151279,sensor.upnp_igd_data_sent,1293436831,1293441890,"{""state_class"": ""total_increasing"", ""unit_of_measurement"": ""B"", ""device_class"": ""data_size"", ""friendly_name"": ""UPNP IGD Data sent""}"
2025-08-10T18:03:25.152774,sensor.upnp_igd_packets_received,92656006,92656995,"{""state_class"": ""total_increasing"", ""unit_of_measurement"": ""packets"", ""friendly_name"": ""UPNP IGD Packets received""}"
2025-08-10T18:03:25.154100,sensor.upnp_igd_packets_sent,21164005,21164048,"{""state_class"": ""total_increasing"", ""unit_of_measurement"": ""packets"", ""friendly_name"": ""UPNP IGD Packets sent""}"
2025-08-10T18:03:25.155488,sensor.upnp_igd_uptime,1676333,1676363,"{""unit_of_measurement"": ""s"", ""device_class"": ""duration"", ""friendly_name"": ""UPNP IGD Uptime""}"
2025-08-10T18:03:25.156955,sensor.upnp_igd_download_speed,2.32227998589011,2.11311783551065,"{""state_class"": ""measurement"", ""unit_of_measurement"": ""KiB/s"", ""device_class"": ""data_rate"", ""friendly_name"": ""UPNP IGD Download speed""}"
2025-08-10T18:03:25.158332,sensor.upnp_igd_upload_speed,0.237270276799498,0.164686012506715,"{""state_class"": ""measurement"", ""unit_of_measurement"": ""KiB/s"", ""device_class"": ""data_rate"", ""friendly_name"": ""UPNP IGD Upload speed""}"
2025-08-10T18:03:25.159811,sensor.upnp_igd_packet_download_speed,34.3330643909956,32.9676721806682,"{""state_class"": ""measurement"", ""unit_of_measurement"": ""packets/s"", ""friendly_name"": ""UPNP IGD Packet download speed""}"
2025-08-10T18:03:25.161182,sensor.upnp_igd_packet_upload_speed,1.63332053898911,1.4333770513334,"{""state_class"": ""measurement"", ""unit_of_measurement"": ""packets/s"", ""friendly_name"": ""UPNP IGD Packet upload speed""}"
2025-08-10T18:03:55.148251,sensor.upnp_igd_data_received,2590877751,2591491606,"{""state_class"": ""total_increasing"", ""unit_of_measurement"": ""B"", ""device_class"": ""data_size"", ""friendly_name"": ""UPNP IGD Data received""}"
2025-08-10T18:03:55.150686,sensor.upnp_igd_data_sent,1293441890,1293457058,"{""state_class"": ""total_increasing"", ""unit_of_measurement"": ""B"", ""device_class"": ""data_size"", ""friendly_name"": ""UPNP IGD Data sent""}"
2025-08-10T18:03:55.152335,sensor.upnp_igd_packets_received,92656995,92658410,"{""state_class"": ""total_increasing"", ""unit_of_measurement"": ""packets"", ""friendly_name"": ""UPNP IGD Packets received""}"
2025-08-10T18:03:55.153749,sensor.upnp_igd_packets_sent,21164048,21164186,"{""state_class"": ""total_increasing"", ""unit_of_measurement"": ""packets"", ""friendly_name"": ""UPNP IGD Packets sent""}"
2025-08-10T18:03:55.155089,sensor.upnp_igd_uptime,1676363,1676393,"{""unit_of_measurement"": ""s"", ""device_class"": ""duration"", ""friendly_name"": ""UPNP IGD Uptime""}"
2025-08-10T18:03:55.156541,sensor.upnp_igd_download_speed,2.11311783551065,19.9820066752323,"{""state_class"": ""measurement"", ""unit_of_measurement"": ""KiB/s"", ""device_class"": ""data_rate"", ""friendly_name"": ""UPNP IGD Download speed""}"
2025-08-10T18:03:55.157913,sensor.upnp_igd_upload_speed,0.164686012506715,0.493743762370469,"{""state_class"": ""measurement"", ""unit_of_measurement"": ""KiB/s"", ""device_class"": ""data_rate"", ""friendly_name"": ""UPNP IGD Upload speed""}"
2025-08-10T18:03:55.159282,sensor.upnp_igd_packet_download_speed,32.9676721806682,47.1660708019722,"{""state_class"": ""measurement"", ""unit_of_measurement"": ""packets/s"", ""friendly_name"": ""UPNP IGD Packet download speed""}"
2025-08-10T18:03:55.160727,sensor.upnp_igd_packet_upload_speed,1.4333770513334,4.59994188740082,"{""state_class"": ""measurement"", ""unit_of_measurement"": ""packets/s"", ""friendly_name"": ""UPNP IGD Packet upload speed""}"
2025-08-10T18:04:10.260747,automation.aut_status_bruno,on,on,"{""id"": ""1751855857509"", ""last_triggered"": ""2025-08-10T21:04:10.254088+00:00"", ""mode"": ""single"", ""current"": 1, ""friendly_name"": ""aut-status-bruno""}"
2025-08-10T18:04:10.262959,automation.aut_status_bruno,on,on,"{""id"": ""1751855857509"", ""last_triggered"": ""2025-08-10T21:04:10.254088+00:00"", ""mode"": ""single"", ""current"": 0, ""friendly_name"": ""aut-status-bruno""}"
2025-08-10T18:04:25.151012,sensor.upnp_igd_data_received,2591491606,2591560304,"{""state_class"": ""total_increasing"", ""unit_of_measurement"": ""B"", ""device_class"": ""data_size"", ""friendly_name"": ""UPNP IGD Data received""}"
2025-08-10T18:04:25.153474,sensor.upnp_igd_data_sent,1293457058,1293460829,"{""state_class"": ""total_increasing"", ""unit_of_measurement"": ""B"", ""device_class"": ""data_size"", ""friendly_name"": ""UPNP IGD Data sent""}"
2025-08-10T18:04:25.155015,sensor.upnp_igd_packets_received,92658410,92659458,"{""state_class"": ""total_increasing"", ""unit_of_measurement"": ""packets"", ""friendly_name"": ""UPNP IGD Packets received""}"
2025-08-10T18:04:25.156544,sensor.upnp_igd_packets_sent,21164186,21164228,"{""state_class"": ""total_increasing"", ""unit_of_measurement"": ""packets"", ""friendly_name"": ""UPNP IGD Packets sent""}"
2025-08-10T18:04:25.157966,sensor.upnp_igd_uptime,1676393,1676423,"{""unit_of_measurement"": ""s"", ""device_class"": ""duration"", ""friendly_name"": ""UPNP IGD Uptime""}"
2025-08-10T18:04:25.159387,sensor.upnp_igd_download_speed,19.9820066752323,2.23617185956053,"{""state_class"": ""measurement"", ""unit_of_measurement"": ""KiB/s"", ""device_class"": ""data_rate"", ""friendly_name"": ""UPNP IGD Download speed""}"
2025-08-10T18:04:25.160836,sensor.upnp_igd_upload_speed,0.493743762370469,0.122748902186421,"{""state_class"": ""measurement"", ""unit_of_measurement"": ""KiB/s"", ""device_class"": ""data_rate"", ""friendly_name"": ""UPNP IGD Upload speed""}"
2025-08-10T18:04:25.162222,sensor.upnp_igd_packet_download_speed,47.1660708019722,34.9319092758319,"{""state_class"": ""measurement"", ""unit_of_measurement"": ""packets/s"", ""friendly_name"": ""UPNP IGD Packet download speed""}"
2025-08-10T18:04:25.163631,sensor.upnp_igd_packet_upload_speed,4.59994188740082,1.39994292899326,"{""state_class"": ""measurement"", ""unit_of_measurement"": ""packets/s"", ""friendly_name"": ""UPNP IGD Packet upload speed""}"
2025-08-10T18:04:55.148758,sensor.upnp_igd_data_received,2591560304,2591629213,"{""state_class"": ""total_increasing"", ""unit_of_measurement"": ""B"", ""device_class"": ""data_size"", ""friendly_name"": ""UPNP IGD Data received""}"
2025-08-10T18:04:55.151273,sensor.upnp_igd_data_sent,1293460829,1293467839,"{""state_class"": ""total_increasing"", ""unit_of_measurement"": ""B"", ""device_class"": ""data_size"", ""friendly_name"": ""UPNP IGD Data sent""}"
2025-08-10T18:04:55.152809,sensor.upnp_igd_packets_received,92659458,92660453,"{""state_class"": ""total_increasing"", ""unit_of_measurement"": ""packets"", ""friendly_name"": ""UPNP IGD Packets received""}"
2025-08-10T18:04:55.154211,sensor.upnp_igd_packets_sent,21164228,21164274,"{""state_class"": ""total_increasing"", ""unit_of_measurement"": ""packets"", ""friendly_name"": ""UPNP IGD Packets sent""}"
2025-08-10T18:04:55.155640,sensor.upnp_igd_uptime,1676423,1676453,"{""unit_of_measurement"": ""s"", ""device_class"": ""duration"", ""friendly_name"": ""UPNP IGD Uptime""}"
2025-08-10T18:04:55.157089,sensor.upnp_igd_download_speed,2.23617185956053,2.24326715330387,"{""state_class"": ""measurement"", ""unit_of_measurement"": ""KiB/s"", ""device_class"": ""data_rate"", ""friendly_name"": ""UPNP IGD Download speed""}"
2025-08-10T18:04:55.158486,sensor.upnp_igd_upload_speed,0.122748902186421,0.228203902895995,"{""state_class"": ""measurement"", ""unit_of_measurement"": ""KiB/s"", ""device_class"": ""data_rate"", ""friendly_name"": ""UPNP IGD Upload speed""}"
2025-08-10T18:04:55.159943,sensor.upnp_igd_packet_download_speed,34.9319092758319,33.1686722657163,"{""state_class"": ""measurement"", ""unit_of_measurement"": ""packets/s"", ""friendly_name"": ""UPNP IGD Packet download speed""}"
2025-08-10T18:04:55.161320,sensor.upnp_igd_packet_upload_speed,1.39994292899326,1.53342605449543,"{""state_class"": ""measurement"", ""unit_of_measurement"": ""packets/s"", ""friendly_name"": ""UPNP IGD Packet upload speed""}"
2025-08-10T18:05:10.259144,automation.aut_status_bruno,on,on,"{""id"": ""1751855857509"", ""last_triggered"": ""2025-08-10T21:05:10.252881+00:00"", ""mode"": ""single"", ""current"": 1, ""friendly_name"": ""aut-status-bruno""}"
2025-08-10T18:05:10.261583,automation.aut_status_bruno,on,on,"{""id"": ""1751855857509"", ""last_triggered"": ""2025-08-10T21:05:10.252881+00:00"", ""mode"": ""single"", ""current"": 0, ""friendly_name"": ""aut-status-bruno""}"
2025-08-10T18:05:25.148279,sensor.upnp_igd_data_received,2591629213,2591696752,"{""state_class"": ""total_increasing"", ""unit_of_measurement"": ""B"", ""device_class"": ""data_size"", ""friendly_name"": ""UPNP IGD Data received""}"
2025-08-10T18:05:25.150079,sensor.upnp_igd_data_sent,1293467839,1293471432,"{""state_class"": ""total_increasing"", ""unit_of_measurement"": ""B"", ""device_class"": ""data_size"", ""friendly_name"": ""UPNP IGD Data sent""}"
2025-08-10T18:05:25.151660,sensor.upnp_igd_packets_received,92660453,92661485,"{""state_class"": ""total_increasing"", ""unit_of_measurement"": ""packets"", ""friendly_name"": ""UPNP IGD Packets received""}"
2025-08-10T18:05:25.153113,sensor.upnp_igd_packets_sent,21164274,21164312,"{""state_class"": ""total_increasing"", ""unit_of_measurement"": ""packets"", ""friendly_name"": ""UPNP IGD Packets sent""}"
2025-08-10T18:05:25.154447,sensor.upnp_igd_uptime,1676453,1676483,"{""unit_of_measurement"": ""s"", ""device_class"": ""duration"", ""friendly_name"": ""UPNP IGD Uptime""}"
2025-08-10T18:05:25.155913,sensor.upnp_igd_download_speed,2.24326715330387,2.19852079258082,"{""state_class"": ""measurement"", ""unit_of_measurement"": ""KiB/s"", ""device_class"": ""data_rate"", ""friendly_name"": ""UPNP IGD Download speed""}"
2025-08-10T18:05:25.157306,sensor.upnp_igd_upload_speed,0.228203902895995,0.116958871285374,"{""state_class"": ""measurement"", ""unit_of_measurement"": ""KiB/s"", ""device_class"": ""data_rate"", ""friendly_name"": ""UPNP IGD Upload speed""}"
2025-08-10T18:05:25.158647,sensor.upnp_igd_packet_download_speed,33.1686722657163,34.3997752548017,"{""state_class"": ""measurement"", ""unit_of_measurement"": ""packets/s"", ""friendly_name"": ""UPNP IGD Packet download speed""}"
2025-08-10T18:05:25.160040,sensor.upnp_igd_packet_upload_speed,1.53342605449543,1.26665839116518,"{""state_class"": ""measurement"", ""unit_of_measurement"": ""packets/s"", ""friendly_name"": ""UPNP IGD Packet upload speed""}"
2025-08-10T18:05:55.166505,sensor.upnp_igd_data_received,2591696752,2591766671,"{""state_class"": ""total_increasing"", ""unit_of_measurement"": ""B"", ""device_class"": ""data_size"", ""friendly_name"": ""UPNP IGD Data received""}"
2025-08-10T18:05:55.169199,sensor.upnp_igd_data_sent,1293471432,1293478702,"{""state_class"": ""total_increasing"", ""unit_of_measurement"": ""B"", ""device_class"": ""data_size"", ""friendly_name"": ""UPNP IGD Data sent""}"
2025-08-10T18:05:55.172101,sensor.upnp_igd_packets_received,92661485,92662495,"{""state_class"": ""total_increasing"", ""unit_of_measurement"": ""packets"", ""friendly_name"": ""UPNP IGD Packets received""}"
2025-08-10T18:05:55.173629,sensor.upnp_igd_packets_sent,21164312,21164361,"{""state_class"": ""total_increasing"", ""unit_of_measurement"": ""packets"", ""friendly_name"": ""UPNP IGD Packets sent""}"
2025-08-10T18:05:55.175346,sensor.upnp_igd_uptime,1676483,1676513,"{""unit_of_measurement"": ""s"", ""device_class"": ""duration"", ""friendly_name"": ""UPNP IGD Uptime""}"
2025-08-10T18:05:55.176862,sensor.upnp_igd_download_speed,2.19852079258082,2.27593947083553,"{""state_class"": ""measurement"", ""unit_of_measurement"": ""KiB/s"", ""device_class"": ""data_rate"", ""friendly_name"": ""UPNP IGD Download speed""}"
2025-08-10T18:05:55.178301,sensor.upnp_igd_upload_speed,0.116958871285374,0.236646404453357,"{""state_class"": ""measurement"", ""unit_of_measurement"": ""KiB/s"", ""device_class"": ""data_rate"", ""friendly_name"": ""UPNP IGD Upload speed""}"
2025-08-10T18:05:55.179734,sensor.upnp_igd_packet_download_speed,34.3997752548017,33.6656364981898,"{""state_class"": ""measurement"", ""unit_of_measurement"": ""packets/s"", ""friendly_name"": ""UPNP IGD Packet download speed""}"
2025-08-10T18:05:55.181110,sensor.upnp_igd_packet_upload_speed,1.26665839116518,1.63328335486267,"{""state_class"": ""measurement"", ""unit_of_measurement"": ""packets/s"", ""friendly_name"": ""UPNP IGD Packet upload speed""}"
2025-08-10T18:06:10.260161,automation.aut_status_bruno,on,on,"{""id"": ""1751855857509"", ""last_triggered"": ""2025-08-10T21:06:10.252660+00:00"", ""mode"": ""single"", ""current"": 1, ""friendly_name"": ""aut-status-bruno""}"
2025-08-10T18:06:10.262197,automation.aut_status_bruno,on,on,"{""id"": ""1751855857509"", ""last_triggered"": ""2025-08-10T21:06:10.252660+00:00"", ""mode"": ""single"", ""current"": 0, ""friendly_name"": ""aut-status-bruno""}"
2025-08-10T18:06:25.149230,sensor.upnp_igd_data_received,2591766671,2591834398,"{""state_class"": ""total_increasing"", ""unit_of_measurement"": ""B"", ""device_class"": ""data_size"", ""friendly_name"": ""UPNP IGD Data received""}"
2025-08-10T18:06:25.151382,sensor.upnp_igd_data_sent,1293478702,1293481815,"{""state_class"": ""total_increasing"", ""unit_of_measurement"": ""B"", ""device_class"": ""data_size"", ""friendly_name"": ""UPNP IGD Data sent""}"
2025-08-10T18:06:25.153210,sensor.upnp_igd_packets_received,92662495,92663531,"{""state_class"": ""total_increasing"", ""unit_of_measurement"": ""packets"", ""friendly_name"": ""UPNP IGD Packets received""}"
2025-08-10T18:06:25.154972,sensor.upnp_igd_packets_sent,21164361,21164394,"{""state_class"": ""total_increasing"", ""unit_of_measurement"": ""packets"", ""friendly_name"": ""UPNP IGD Packets sent""}"
2025-08-10T18:06:25.156705,sensor.upnp_igd_uptime,1676513,1676543,"{""unit_of_measurement"": ""s"", ""device_class"": ""duration"", ""friendly_name"": ""UPNP IGD Uptime""}"
2025-08-10T18:06:25.158422,sensor.upnp_igd_download_speed,2.27593947083553,2.20468471116027,"{""state_class"": ""measurement"", ""unit_of_measurement"": ""KiB/s"", ""device_class"": ""data_rate"", ""friendly_name"": ""UPNP IGD Download speed""}"
2025-08-10T18:06:25.160185,sensor.upnp_igd_upload_speed,0.236646404453357,0.101336003452713,"{""state_class"": ""measurement"", ""unit_of_measurement"": ""KiB/s"", ""device_class"": ""data_rate"", ""friendly_name"": ""UPNP IGD Upload speed""}"
2025-08-10T18:06:25.161867,sensor.upnp_igd_packet_download_speed,33.6656364981898,34.5337995396271,"{""state_class"": ""measurement"", ""unit_of_measurement"": ""packets/s"", ""friendly_name"": ""UPNP IGD Packet download speed""}"
2025-08-10T18:06:25.163669,sensor.upnp_igd_packet_upload_speed,1.63328335486267,1.10001485020048,"{""state_class"": ""measurement"", ""unit_of_measurement"": ""packets/s"", ""friendly_name"": ""UPNP IGD Packet upload speed""}"
2025-08-10T18:06:36.627992,sun.sun,below_horizon,below_horizon,"{""next_dawn"": ""2025-08-11T08:27:53.857044+00:00"", ""next_dusk"": ""2025-08-11T20:50:42.399850+00:00"", ""next_midnight"": ""2025-08-11T02:39:14+00:00"", ""next_noon"": ""2025-08-11T14:39:20+00:00"", ""next_rising"": ""2025-08-11T08:50:14.762951+00:00"", ""next_setting"": ""2025-08-11T20:28:21.828254+00:00"", ""elevation"": -9.8, ""azimuth"": 283.57, ""rising"": false, ""friendly_name"": ""Sun""}"
2025-08-10T18:06:55.148059,sensor.upnp_igd_data_received,2591834398,2591903248,"{""state_class"": ""total_increasing"", ""unit_of_measurement"": ""B"", ""device_class"": ""data_size"", ""friendly_name"": ""UPNP IGD Data received""}"
2025-08-10T18:06:55.149953,sensor.upnp_igd_data_sent,1293481815,1293489445,"{""state_class"": ""total_increasing"", ""unit_of_measurement"": ""B"", ""device_class"": ""data_size"", ""friendly_name"": ""UPNP IGD Data sent""}"
2025-08-10T18:06:55.151595,sensor.upnp_igd_packets_received,92663531,92664517,"{""state_class"": ""total_increasing"", ""unit_of_measurement"": ""packets"", ""friendly_name"": ""UPNP IGD Packets received""}"
2025-08-10T18:06:55.152996,sensor.upnp_igd_packets_sent,21164394,21164447,"{""state_class"": ""total_increasing"", ""unit_of_measurement"": ""packets"", ""friendly_name"": ""UPNP IGD Packets sent""}"
2025-08-10T18:06:55.154333,sensor.upnp_igd_uptime,1676543,1676573,"{""unit_of_measurement"": ""s"", ""device_class"": ""duration"", ""friendly_name"": ""UPNP IGD Uptime""}"
2025-08-10T18:06:55.155732,sensor.upnp_igd_download_speed,2.20468471116027,2.24126973347601,"{""state_class"": ""measurement"", ""unit_of_measurement"": ""KiB/s"", ""device_class"": ""data_rate"", ""friendly_name"": ""UPNP IGD Download speed""}"
2025-08-10T18:06:55.157114,sensor.upnp_igd_upload_speed,0.101336003452713,0.248378911640115,"{""state_class"": ""measurement"", ""unit_of_measurement"": ""KiB/s"", ""device_class"": ""data_rate"", ""friendly_name"": ""UPNP IGD Upload speed""}"
2025-08-10T18:06:55.158436,sensor.upnp_igd_packet_download_speed,34.5337995396271,32.8675288915079,"{""state_class"": ""measurement"", ""unit_of_measurement"": ""packets/s"", ""friendly_name"": ""UPNP IGD Packet download speed""}"
2025-08-10T18:06:55.159884,sensor.upnp_igd_packet_upload_speed,1.10001485020048,1.76671301343805,"{""state_class"": ""measurement"", ""unit_of_measurement"": ""packets/s"", ""friendly_name"": ""UPNP IGD Packet upload speed""}"
2025-08-10T18:07:10.260441,automation.aut_status_bruno,on,on,"{""id"": ""1751855857509"", ""last_triggered"": ""2025-08-10T21:07:10.252703+00:00"", ""mode"": ""single"", ""current"": 1, ""friendly_name"": ""aut-status-bruno""}"
2025-08-10T18:07:10.262873,automation.aut_status_bruno,on,on,"{""id"": ""1751855857509"", ""last_triggered"": ""2025-08-10T21:07:10.252703+00:00"", ""mode"": ""single"", ""current"": 0, ""friendly_name"": ""aut-status-bruno""}"
2025-08-10T18:07:25.166481,sensor.upnp_igd_data_received,2591903248,2591967663,"{""state_class"": ""total_increasing"", ""unit_of_measurement"": ""B"", ""device_class"": ""data_size"", ""friendly_name"": ""UPNP IGD Data received""}"
2025-08-10T18:07:25.171465,sensor.upnp_igd_data_sent,1293489445,1293492793,"{""state_class"": ""total_increasing"", ""unit_of_measurement"": ""B"", ""device_class"": ""data_size"", ""friendly_name"": ""UPNP IGD Data sent""}"
2025-08-10T18:07:25.174433,sensor.upnp_igd_packets_received,92664517,92665501,"{""state_class"": ""total_increasing"", ""unit_of_measurement"": ""packets"", ""friendly_name"": ""UPNP IGD Packets received""}"
2025-08-10T18:07:25.177311,sensor.upnp_igd_packets_sent,21164447,21164483,"{""state_class"": ""total_increasing"", ""unit_of_measurement"": ""packets"", ""friendly_name"": ""UPNP IGD Packets sent""}"
2025-08-10T18:07:25.180297,sensor.upnp_igd_uptime,1676573,1676603,"{""unit_of_measurement"": ""s"", ""device_class"": ""duration"", ""friendly_name"": ""UPNP IGD Uptime""}"
2025-08-10T18:07:25.184936,sensor.upnp_igd_download_speed,2.24126973347601,2.09678443688058,"{""state_class"": ""measurement"", ""unit_of_measurement"": ""KiB/s"", ""device_class"": ""data_rate"", ""friendly_name"": ""UPNP IGD Download speed""}"
2025-08-10T18:07:25.189936,sensor.upnp_igd_upload_speed,0.248378911640115,0.108981359849044,"{""state_class"": ""measurement"", ""unit_of_measurement"": ""KiB/s"", ""device_class"": ""data_rate"", ""friendly_name"": ""UPNP IGD Upload speed""}"
2025-08-10T18:07:25.193813,sensor.upnp_igd_packet_download_speed,32.8675288915079,32.7990925584392,"{""state_class"": ""measurement"", ""unit_of_measurement"": ""packets/s"", ""friendly_name"": ""UPNP IGD Packet download speed""}"
2025-08-10T18:07:25.197652,sensor.upnp_igd_packet_upload_speed,1.76671301343805,1.19996680091851,"{""state_class"": ""measurement"", ""unit_of_measurement"": ""packets/s"", ""friendly_name"": ""UPNP IGD Packet upload speed""}"
2025-08-10T18:07:51.764604,media_player.dlna_b13_box,unavailable,unknown,"{""friendly_name"": ""DLNA-B13 Box"", ""supported_features"": 512575}"
2025-08-10T18:07:55.168949,sensor.upnp_igd_data_received,2591967663,2592039606,"{""state_class"": ""total_increasing"", ""unit_of_measurement"": ""B"", ""device_class"": ""data_size"", ""friendly_name"": ""UPNP IGD Data received""}"
2025-08-10T18:07:55.171248,sensor.upnp_igd_data_sent,1293492793,1293499087,"{""state_class"": ""total_increasing"", ""unit_of_measurement"": ""B"", ""device_class"": ""data_size"", ""friendly_name"": ""UPNP IGD Data sent""}"
2025-08-10T18:07:55.172832,sensor.upnp_igd_packets_received,92665501,92666542,"{""state_class"": ""total_increasing"", ""unit_of_measurement"": ""packets"", ""friendly_name"": ""UPNP IGD Packets received""}"
2025-08-10T18:07:55.174208,sensor.upnp_igd_packets_sent,21164483,21164534,"{""state_class"": ""total_increasing"", ""unit_of_measurement"": ""packets"", ""friendly_name"": ""UPNP IGD Packets sent""}"
2025-08-10T18:07:55.175587,sensor.upnp_igd_uptime,1676603,1676633,"{""unit_of_measurement"": ""s"", ""device_class"": ""duration"", ""friendly_name"": ""UPNP IGD Uptime""}"
2025-08-10T18:07:55.176990,sensor.upnp_igd_download_speed,2.09678443688058,2.34194660052942,"{""state_class"": ""measurement"", ""unit_of_measurement"": ""KiB/s"", ""device_class"": ""data_rate"", ""friendly_name"": ""UPNP IGD Download speed""}"
2025-08-10T18:07:55.178394,sensor.upnp_igd_upload_speed,0.108981359849044,0.204887367829145,"{""state_class"": ""measurement"", ""unit_of_measurement"": ""KiB/s"", ""device_class"": ""data_rate"", ""friendly_name"": ""UPNP IGD Upload speed""}"
2025-08-10T18:07:55.179838,sensor.upnp_igd_packet_download_speed,32.7990925584392,34.70077151382,"{""state_class"": ""measurement"", ""unit_of_measurement"": ""packets/s"", ""friendly_name"": ""UPNP IGD Packet download speed""}"
2025-08-10T18:07:55.181209,sensor.upnp_igd_packet_upload_speed,1.19996680091851,1.70003779750703,"{""state_class"": ""measurement"", ""unit_of_measurement"": ""packets/s"", ""friendly_name"": ""UPNP IGD Packet upload speed""}"
2025-08-10T18:07:56.932524,camera.192_168_0_33,idle,idle,"{""access_token"": ""2e6a9e98ec55750093682413cb698c09abfa66815d5c0ae52c2942f64059d6f5"", ""entity_picture"": ""/api/camera_proxy/camera.192_168_0_33?token=2e6a9e98ec55750093682413cb698c09abfa66815d5c0ae52c2942f64059d6f5"", ""friendly_name"": ""192_168_0_14"", ""supported_features"": 2}"
2025-08-10T18:07:56.934412,camera.admin_mainstream,idle,idle,"{""access_token"": ""d2ba1b1b27ab012ede31a51bacd2e68cb255b26cc88a5c395ff4caf798a0855b"", ""entity_picture"": ""/api/camera_proxy/camera.admin_mainstream?token=d2ba1b1b27ab012ede31a51bacd2e68cb255b26cc88a5c395ff4caf798a0855b"", ""friendly_name"": ""admin MainStream"", ""supported_features"": 2}"
2025-08-10T18:07:56.936687,camera.admin_substream,idle,idle,"{""access_token"": ""2fa843f0203e661dec20c044727af97dca1fb388c2fb2903aee9ba67d692805d"", ""entity_picture"": ""/api/camera_proxy/camera.admin_substream?token=2fa843f0203e661dec20c044727af97dca1fb388c2fb2903aee9ba67d692805d"", ""friendly_name"": ""admin SubStream"", ""supported_features"": 2}"
2025-08-10T18:07:58.788343,media_player.dlna_b13_box,unknown,unavailable,"{""friendly_name"": ""DLNA-B13 Box"", ""supported_features"": 512575}"
2025-08-10T18:08:10.260825,automation.aut_status_bruno,on,on,"{""id"": ""1751855857509"", ""last_triggered"": ""2025-08-10T21:08:10.253825+00:00"", ""mode"": ""single"", ""current"": 1, ""friendly_name"": ""aut-status-bruno""}"
2025-08-10T18:08:10.263000,automation.aut_status_bruno,on,on,"{""id"": ""1751855857509"", ""last_triggered"": ""2025-08-10T21:08:10.253825+00:00"", ""mode"": ""single"", ""current"": 0, ""friendly_name"": ""aut-status-bruno""}"
2025-08-10T18:08:25.149273,sensor.upnp_igd_data_received,2592039606,2592109462,"{""state_class"": ""total_increasing"", ""unit_of_measurement"": ""B"", ""device_class"": ""data_size"", ""friendly_name"": ""UPNP IGD Data received""}"
2025-08-10T18:08:25.152041,sensor.upnp_igd_data_sent,1293499087,1293511095,"{""state_class"": ""total_increasing"", ""unit_of_measurement"": ""B"", ""device_class"": ""data_size"", ""friendly_name"": ""UPNP IGD Data sent""}"
2025-08-10T18:08:25.153453,sensor.upnp_igd_packets_received,92666542,92667538,"{""state_class"": ""total_increasing"", ""unit_of_measurement"": ""packets"", ""friendly_name"": ""UPNP IGD Packets received""}"
2025-08-10T18:08:25.155734,sensor.upnp_igd_packets_sent,21164534,21164583,"{""state_class"": ""total_increasing"", ""unit_of_measurement"": ""packets"", ""friendly_name"": ""UPNP IGD Packets sent""}"
2025-08-10T18:08:25.157618,sensor.upnp_igd_uptime,1676633,1676663,"{""unit_of_measurement"": ""s"", ""device_class"": ""duration"", ""friendly_name"": ""UPNP IGD Uptime""}"
2025-08-10T18:08:25.159356,sensor.upnp_igd_download_speed,2.34194660052942,2.27394196095121,"{""state_class"": ""measurement"", ""unit_of_measurement"": ""KiB/s"", ""device_class"": ""data_rate"", ""friendly_name"": ""UPNP IGD Download speed""}"
2025-08-10T18:08:25.161094,sensor.upnp_igd_upload_speed,0.204887367829145,0.39088260231193,"{""state_class"": ""measurement"", ""unit_of_measurement"": ""KiB/s"", ""device_class"": ""data_rate"", ""friendly_name"": ""UPNP IGD Upload speed""}"
2025-08-10T18:08:25.162810,sensor.upnp_igd_packet_download_speed,34.70077151382,33.1997609617211,"{""state_class"": ""measurement"", ""unit_of_measurement"": ""packets/s"", ""friendly_name"": ""UPNP IGD Packet download speed""}"
2025-08-10T18:08:25.164582,sensor.upnp_igd_packet_upload_speed,1.70003779750703,1.633321573418,"{""state_class"": ""measurement"", ""unit_of_measurement"": ""packets/s"", ""friendly_name"": ""UPNP IGD Packet upload speed""}"
2025-08-10T18:08:55.158535,sensor.upnp_igd_data_received,2592109462,2592723221,"{""state_class"": ""total_increasing"", ""unit_of_measurement"": ""B"", ""device_class"": ""data_size"", ""friendly_name"": ""UPNP IGD Data received""}"
2025-08-10T18:08:55.161287,sensor.upnp_igd_data_sent,1293511095,1293527702,"{""state_class"": ""total_increasing"", ""unit_of_measurement"": ""B"", ""device_class"": ""data_size"", ""friendly_name"": ""UPNP IGD Data sent""}"
2025-08-10T18:08:55.162793,sensor.upnp_igd_packets_received,92667538,92668941,"{""state_class"": ""total_increasing"", ""unit_of_measurement"": ""packets"", ""friendly_name"": ""UPNP IGD Packets received""}"
2025-08-10T18:08:55.164255,sensor.upnp_igd_packets_sent,21164583,21164730,"{""state_class"": ""total_increasing"", ""unit_of_measurement"": ""packets"", ""friendly_name"": ""UPNP IGD Packets sent""}"
2025-08-10T18:08:55.165609,sensor.upnp_igd_uptime,1676663,1676693,"{""unit_of_measurement"": ""s"", ""device_class"": ""duration"", ""friendly_name"": ""UPNP IGD Uptime""}"
2025-08-10T18:08:55.166989,sensor.upnp_igd_download_speed,2.27394196095121,19.9793532214903,"{""state_class"": ""measurement"", ""unit_of_measurement"": ""KiB/s"", ""device_class"": ""data_rate"", ""friendly_name"": ""UPNP IGD Download speed""}"
2025-08-10T18:08:55.168403,sensor.upnp_igd_upload_speed,0.39088260231193,0.540598376478862,"{""state_class"": ""measurement"", ""unit_of_measurement"": ""KiB/s"", ""device_class"": ""data_rate"", ""friendly_name"": ""UPNP IGD Upload speed""}"
2025-08-10T18:08:55.169817,sensor.upnp_igd_packet_download_speed,33.1997609617211,46.7671795467357,"{""state_class"": ""measurement"", ""unit_of_measurement"": ""packets/s"", ""friendly_name"": ""UPNP IGD Packet download speed""}"
2025-08-10T18:08:55.171252,sensor.upnp_igd_packet_upload_speed,1.633321573418,4.90005373725598,"{""state_class"": ""measurement"", ""unit_of_measurement"": ""packets/s"", ""friendly_name"": ""UPNP IGD Packet upload speed""}"
2025-08-10T18:09:10.272076,automation.aut_status_bruno,on,on,"{""id"": ""1751855857509"", ""last_triggered"": ""2025-08-10T21:09:10.253180+00:00"", ""mode"": ""single"", ""current"": 1, ""friendly_name"": ""aut-status-bruno""}"
2025-08-10T18:09:10.276955,automation.aut_status_bruno,on,on,"{""id"": ""1751855857509"", ""last_triggered"": ""2025-08-10T21:09:10.253180+00:00"", ""mode"": ""single"", ""current"": 0, ""friendly_name"": ""aut-status-bruno""}"
2025-08-10T18:09:25.151197,sensor.upnp_igd_data_received,2592723221,2592789474,"{""state_class"": ""total_increasing"", ""unit_of_measurement"": ""B"", ""device_class"": ""data_size"", ""friendly_name"": ""UPNP IGD Data received""}"
2025-08-10T18:09:25.152799,sensor.upnp_igd_data_sent,1293527702,1293531401,"{""state_class"": ""total_increasing"", ""unit_of_measurement"": ""B"", ""device_class"": ""data_size"", ""friendly_name"": ""UPNP IGD Data sent""}"
2025-08-10T18:09:25.154214,sensor.upnp_igd_packets_received,92668941,92669951,"{""state_class"": ""total_increasing"", ""unit_of_measurement"": ""packets"", ""friendly_name"": ""UPNP IGD Packets received""}"
2025-08-10T18:09:25.155700,sensor.upnp_igd_packets_sent,21164730,21164768,"{""state_class"": ""total_increasing"", ""unit_of_measurement"": ""packets"", ""friendly_name"": ""UPNP IGD Packets sent""}"
2025-08-10T18:09:25.157051,sensor.upnp_igd_uptime,1676693,1676723,"{""unit_of_measurement"": ""s"", ""device_class"": ""duration"", ""friendly_name"": ""UPNP IGD Uptime""}"
2025-08-10T18:09:25.158411,sensor.upnp_igd_download_speed,19.9793532214903,2.15664506880927,"{""state_class"": ""measurement"", ""unit_of_measurement"": ""KiB/s"", ""device_class"": ""data_rate"", ""friendly_name"": ""UPNP IGD Download speed""}"
2025-08-10T18:09:25.159887,sensor.upnp_igd_upload_speed,0.540598376478862,0.12040858692475,"{""state_class"": ""measurement"", ""unit_of_measurement"": ""KiB/s"", ""device_class"": ""data_rate"", ""friendly_name"": ""UPNP IGD Upload speed""}"
2025-08-10T18:09:25.161373,sensor.upnp_igd_packet_download_speed,46.7671795467357,33.6662278834966,"{""state_class"": ""measurement"", ""unit_of_measurement"": ""packets/s"", ""friendly_name"": ""UPNP IGD Packet download speed""}"
2025-08-10T18:09:25.162787,sensor.upnp_igd_packet_upload_speed,4.90005373725598,1.26665015799294,"{""state_class"": ""measurement"", ""unit_of_measurement"": ""packets/s"", ""friendly_name"": ""UPNP IGD Packet upload speed""}"
2025-08-10T18:09:55.149090,sensor.upnp_igd_data_received,2592789474,2592859638,"{""state_class"": ""total_increasing"", ""unit_of_measurement"": ""B"", ""device_class"": ""data_size"", ""friendly_name"": ""UPNP IGD Data received""}"
2025-08-10T18:09:55.151611,sensor.upnp_igd_data_sent,1293531401,1293540533,"{""state_class"": ""total_increasing"", ""unit_of_measurement"": ""B"", ""device_class"": ""data_size"", ""friendly_name"": ""UPNP IGD Data sent""}"
2025-08-10T18:09:55.153226,sensor.upnp_igd_packets_received,92669951,92670952,"{""state_class"": ""total_increasing"", ""unit_of_measurement"": ""packets"", ""friendly_name"": ""UPNP IGD Packets received""}"
2025-08-10T18:09:55.154590,sensor.upnp_igd_packets_sent,21164768,21164830,"{""state_class"": ""total_increasing"", ""unit_of_measurement"": ""packets"", ""friendly_name"": ""UPNP IGD Packets sent""}"
2025-08-10T18:09:55.156002,sensor.upnp_igd_uptime,1676723,1676753,"{""unit_of_measurement"": ""s"", ""device_class"": ""duration"", ""friendly_name"": ""UPNP IGD Uptime""}"
2025-08-10T18:09:55.157472,sensor.upnp_igd_download_speed,2.15664506880927,2.28395536876682,"{""state_class"": ""measurement"", ""unit_of_measurement"": ""KiB/s"", ""device_class"": ""data_rate"", ""friendly_name"": ""UPNP IGD Download speed""}"
2025-08-10T18:09:55.158924,sensor.upnp_igd_upload_speed,0.12040858692475,0.297261849774508,"{""state_class"": ""measurement"", ""unit_of_measurement"": ""KiB/s"", ""device_class"": ""data_rate"", ""friendly_name"": ""UPNP IGD Upload speed""}"
2025-08-10T18:09:55.160383,sensor.upnp_igd_packet_download_speed,33.6662278834966,33.3662429153816,"{""state_class"": ""measurement"", ""unit_of_measurement"": ""packets/s"", ""friendly_name"": ""UPNP IGD Packet download speed""}"
2025-08-10T18:09:55.161849,sensor.upnp_igd_packet_upload_speed,1.26665015799294,2.06664042033333,"{""state_class"": ""measurement"", ""unit_of_measurement"": ""packets/s"", ""friendly_name"": ""UPNP IGD Packet upload speed""}"
2025-08-10T18:10:00.168862,automation.automacao_cortina,on,on,"{""id"": ""1747703519499"", ""last_triggered"": ""2025-08-10T21:10:00.160893+00:00"", ""mode"": ""single"", ""current"": 1, ""friendly_name"": ""automacao-cortina""}"
2025-08-10T18:10:00.172971,automation.automacao_cortina,on,on,"{""id"": ""1747703519499"", ""last_triggered"": ""2025-08-10T21:10:00.160893+00:00"", ""mode"": ""single"", ""current"": 0, ""friendly_name"": ""automacao-cortina""}"
2025-08-10T18:10:10.258459,automation.aut_status_bruno,on,on,"{""id"": ""1751855857509"", ""last_triggered"": ""2025-08-10T21:10:10.252220+00:00"", ""mode"": ""single"", ""current"": 1, ""friendly_name"": ""aut-status-bruno""}"
2025-08-10T18:10:10.262681,automation.aut_status_bruno,on,on,"{""id"": ""1751855857509"", ""last_triggered"": ""2025-08-10T21:10:10.252220+00:00"", ""mode"": ""single"", ""current"": 0, ""friendly_name"": ""aut-status-bruno""}"
2025-08-10T18:10:25.151025,sensor.upnp_igd_data_received,2592859638,2592924592,"{""state_class"": ""total_increasing"", ""unit_of_measurement"": ""B"", ""device_class"": ""data_size"", ""friendly_name"": ""UPNP IGD Data received""}"
2025-08-10T18:10:25.154027,sensor.upnp_igd_data_sent,1293540533,1293543781,"{""state_class"": ""total_increasing"", ""unit_of_measurement"": ""B"", ""device_class"": ""data_size"", ""friendly_name"": ""UPNP IGD Data sent""}"
2025-08-10T18:10:25.155959,sensor.upnp_igd_packets_received,92670952,92671946,"{""state_class"": ""total_increasing"", ""unit_of_measurement"": ""packets"", ""friendly_name"": ""UPNP IGD Packets received""}"
2025-08-10T18:10:25.157702,sensor.upnp_igd_packets_sent,21164830,21164865,"{""state_class"": ""total_increasing"", ""unit_of_measurement"": ""packets"", ""friendly_name"": ""UPNP IGD Packets sent""}"
2025-08-10T18:10:25.159445,sensor.upnp_igd_uptime,1676753,1676783,"{""unit_of_measurement"": ""s"", ""device_class"": ""duration"", ""friendly_name"": ""UPNP IGD Uptime""}"
2025-08-10T18:10:25.161740,sensor.upnp_igd_download_speed,2.28395536876682,2.11442065339208,"{""state_class"": ""measurement"", ""unit_of_measurement"": ""KiB/s"", ""device_class"": ""data_rate"", ""friendly_name"": ""UPNP IGD Download speed""}"
2025-08-10T18:10:25.163390,sensor.upnp_igd_upload_speed,0.297261849774508,0.105730798445323,"{""state_class"": ""measurement"", ""unit_of_measurement"": ""KiB/s"", ""device_class"": ""data_rate"", ""friendly_name"": ""UPNP IGD Upload speed""}"
2025-08-10T18:10:25.164899,sensor.upnp_igd_packet_download_speed,33.3662429153816,33.1338446990032,"{""state_class"": ""measurement"", ""unit_of_measurement"": ""packets/s"", ""friendly_name"": ""UPNP IGD Packet download speed""}"
2025-08-10T18:10:25.166282,sensor.upnp_igd_packet_upload_speed,2.06664042033333,1.16668467250011,"{""state_class"": ""measurement"", ""unit_of_measurement"": ""packets/s"", ""friendly_name"": ""UPNP IGD Packet upload speed""}"
2025-08-10T18:10:36.628722,sun.sun,below_horizon,below_horizon,"{""next_dawn"": ""2025-08-11T08:27:53.857044+00:00"", ""next_dusk"": ""2025-08-11T20:50:42.399850+00:00"", ""next_midnight"": ""2025-08-11T02:39:14+00:00"", ""next_noon"": ""2025-08-11T14:39:20+00:00"", ""next_rising"": ""2025-08-11T08:50:14.762951+00:00"", ""next_setting"": ""2025-08-11T20:28:21.828254+00:00"", ""elevation"": -10.75, ""azimuth"": 283.38, ""rising"": false, ""friendly_name"": ""Sun""}"
2025-08-10T18:10:55.148317,sensor.upnp_igd_data_received,2592924592,2592995985,"{""state_class"": ""total_increasing"", ""unit_of_measurement"": ""B"", ""device_class"": ""data_size"", ""friendly_name"": ""UPNP IGD Data received""}"
2025-08-10T18:10:55.149815,sensor.upnp_igd_data_sent,1293543781,1293551199,"{""state_class"": ""total_increasing"", ""unit_of_measurement"": ""B"", ""device_class"": ""data_size"", ""friendly_name"": ""UPNP IGD Data sent""}"
2025-08-10T18:10:55.151083,sensor.upnp_igd_packets_received,92671946,92672975,"{""state_class"": ""total_increasing"", ""unit_of_measurement"": ""packets"", ""friendly_name"": ""UPNP IGD Packets received""}"
2025-08-10T18:10:55.153987,sensor.upnp_igd_packets_sent,21164865,21164914,"{""state_class"": ""total_increasing"", ""unit_of_measurement"": ""packets"", ""friendly_name"": ""UPNP IGD Packets sent""}"
2025-08-10T18:10:55.155802,sensor.upnp_igd_uptime,1676783,1676813,"{""unit_of_measurement"": ""s"", ""device_class"": ""duration"", ""friendly_name"": ""UPNP IGD Uptime""}"
2025-08-10T18:10:55.157565,sensor.upnp_igd_download_speed,2.11442065339208,2.32400289276495,"{""state_class"": ""measurement"", ""unit_of_measurement"": ""KiB/s"", ""device_class"": ""data_rate"", ""friendly_name"": ""UPNP IGD Download speed""}"
2025-08-10T18:10:55.159393,sensor.upnp_igd_upload_speed,0.105730798445323,0.241472601775109,"{""state_class"": ""measurement"", ""unit_of_measurement"": ""KiB/s"", ""device_class"": ""data_rate"", ""friendly_name"": ""UPNP IGD Upload speed""}"
2025-08-10T18:10:55.161190,sensor.upnp_igd_packet_download_speed,33.1338446990032,34.3001772175823,"{""state_class"": ""measurement"", ""unit_of_measurement"": ""packets/s"", ""friendly_name"": ""UPNP IGD Packet download speed""}"
2025-08-10T18:10:55.163339,sensor.upnp_igd_packet_upload_speed,1.16668467250011,1.63334177226582,"{""state_class"": ""measurement"", ""unit_of_measurement"": ""packets/s"", ""friendly_name"": ""UPNP IGD Packet upload speed""}"
2025-08-10T18:11:10.259266,automation.aut_status_bruno,on,on,"{""id"": ""1751855857509"", ""last_triggered"": ""2025-08-10T21:11:10.252668+00:00"", ""mode"": ""single"", ""current"": 1, ""friendly_name"": ""aut-status-bruno""}"
2025-08-10T18:11:10.262411,automation.aut_status_bruno,on,on,"{""id"": ""1751855857509"", ""last_triggered"": ""2025-08-10T21:11:10.252668+00:00"", ""mode"": ""single"", ""current"": 0, ""friendly_name"": ""aut-status-bruno""}"
2025-08-10T18:11:16.142883,weather.forecast_home,clear-night,clear-night,"{""temperature"": 25.8, ""dew_point"": 21.9, ""temperature_unit"": ""\u00b0C"", ""humidity"": 79, ""cloud_coverage"": 1.6, ""uv_index"": 0.0, ""pressure"": 1014.3, ""pressure_unit"": ""hPa"", ""wind_bearing"": 83.6, ""wind_speed"": 22.3, ""wind_speed_unit"": ""km/h"", ""visibility_unit"": ""km"", ""precipitation_unit"": ""mm"", ""attribution"": ""Weather forecast from met.no, delivered by the Norwegian Meteorological Institute."", ""friendly_name"": ""Forecast Home"", ""supported_features"": 3}"
2025-08-10T18:11:25.151085,sensor.upnp_igd_data_received,2592995985,2593072150,"{""state_class"": ""total_increasing"", ""unit_of_measurement"": ""B"", ""device_class"": ""data_size"", ""friendly_name"": ""UPNP IGD Data received""}"
2025-08-10T18:11:25.153057,sensor.upnp_igd_data_sent,1293551199,1293556574,"{""state_class"": ""total_increasing"", ""unit_of_measurement"": ""B"", ""device_class"": ""data_size"", ""friendly_name"": ""UPNP IGD Data sent""}"
2025-08-10T18:11:25.155259,sensor.upnp_igd_packets_received,92672975,92673980,"{""state_class"": ""total_increasing"", ""unit_of_measurement"": ""packets"", ""friendly_name"": ""UPNP IGD Packets received""}"
2025-08-10T18:11:25.157140,sensor.upnp_igd_packets_sent,21164914,21164964,"{""state_class"": ""total_increasing"", ""unit_of_measurement"": ""packets"", ""friendly_name"": ""UPNP IGD Packets sent""}"
2025-08-10T18:11:25.158770,sensor.upnp_igd_uptime,1676813,1676843,"{""unit_of_measurement"": ""s"", ""device_class"": ""duration"", ""friendly_name"": ""UPNP IGD Uptime""}"
2025-08-10T18:11:25.160596,sensor.upnp_igd_download_speed,2.32400289276495,2.47927901507669,"{""state_class"": ""measurement"", ""unit_of_measurement"": ""KiB/s"", ""device_class"": ""data_rate"", ""friendly_name"": ""UPNP IGD Download speed""}"
2025-08-10T18:11:25.162325,sensor.upnp_igd_upload_speed,0.241472601775109,0.174963890317564,"{""state_class"": ""measurement"", ""unit_of_measurement"": ""KiB/s"", ""device_class"": ""data_rate"", ""friendly_name"": ""UPNP IGD Upload speed""}"
2025-08-10T18:11:25.164585,sensor.upnp_igd_packet_download_speed,34.3001772175823,33.4993188471834,"{""state_class"": ""measurement"", ""unit_of_measurement"": ""packets/s"", ""friendly_name"": ""UPNP IGD Packet download speed""}"
2025-08-10T18:11:25.166393,sensor.upnp_igd_packet_upload_speed,1.63334177226582,1.66663277846684,"{""state_class"": ""measurement"", ""unit_of_measurement"": ""packets/s"", ""friendly_name"": ""UPNP IGD Packet upload speed""}"
2025-08-10T18:11:55.149295,sensor.upnp_igd_data_received,2593072150,2593143865,"{""state_class"": ""total_increasing"", ""unit_of_measurement"": ""B"", ""device_class"": ""data_size"", ""friendly_name"": ""UPNP IGD Data received""}"
2025-08-10T18:11:55.151797,sensor.upnp_igd_data_sent,1293556574,1293564422,"{""state_class"": ""total_increasing"", ""unit_of_measurement"": ""B"", ""device_class"": ""data_size"", ""friendly_name"": ""UPNP IGD Data sent""}"
2025-08-10T18:11:55.153354,sensor.upnp_igd_packets_received,92673980,92675013,"{""state_class"": ""total_increasing"", ""unit_of_measurement"": ""packets"", ""friendly_name"": ""UPNP IGD Packets received""}"
2025-08-10T18:11:55.154766,sensor.upnp_igd_packets_sent,21164964,21165018,"{""state_class"": ""total_increasing"", ""unit_of_measurement"": ""packets"", ""friendly_name"": ""UPNP IGD Packets sent""}"
2025-08-10T18:11:55.156139,sensor.upnp_igd_uptime,1676843,1676873,"{""unit_of_measurement"": ""s"", ""device_class"": ""duration"", ""friendly_name"": ""UPNP IGD Uptime""}"
2025-08-10T18:11:55.157505,sensor.upnp_igd_download_speed,2.47927901507669,2.33447841463009,"{""state_class"": ""measurement"", ""unit_of_measurement"": ""KiB/s"", ""device_class"": ""data_rate"", ""friendly_name"": ""UPNP IGD Download speed""}"
2025-08-10T18:11:55.158859,sensor.upnp_igd_upload_speed,0.174963890317564,0.255469380157804,"{""state_class"": ""measurement"", ""unit_of_measurement"": ""KiB/s"", ""device_class"": ""data_rate"", ""friendly_name"": ""UPNP IGD Upload speed""}"
2025-08-10T18:11:55.160285,sensor.upnp_igd_packet_download_speed,33.4993188471834,34.4334182690984,"{""state_class"": ""measurement"", ""unit_of_measurement"": ""packets/s"", ""friendly_name"": ""UPNP IGD Packet download speed""}"
2025-08-10T18:11:55.161690,sensor.upnp_igd_packet_upload_speed,1.66663277846684,1.80000444001095,"{""state_class"": ""measurement"", ""unit_of_measurement"": ""packets/s"", ""friendly_name"": ""UPNP IGD Packet upload speed""}"
2025-08-10T18:12:10.260591,automation.aut_status_bruno,on,on,"{""id"": ""1751855857509"", ""last_triggered"": ""2025-08-10T21:12:10.253205+00:00"", ""mode"": ""single"", ""current"": 1, ""friendly_name"": ""aut-status-bruno""}"
2025-08-10T18:12:10.262466,automation.aut_status_bruno,on,on,"{""id"": ""1751855857509"", ""last_triggered"": ""2025-08-10T21:12:10.253205+00:00"", ""mode"": ""single"", ""current"": 0, ""friendly_name"": ""aut-status-bruno""}"
2025-08-10T18:12:25.163932,sensor.upnp_igd_data_received,2593143865,2593208186,"{""state_class"": ""total_increasing"", ""unit_of_measurement"": ""B"", ""device_class"": ""data_size"", ""friendly_name"": ""UPNP IGD Data received""}"
2025-08-10T18:12:25.168880,sensor.upnp_igd_data_sent,1293564422,1293568007,"{""state_class"": ""total_increasing"", ""unit_of_measurement"": ""B"", ""device_class"": ""data_size"", ""friendly_name"": ""UPNP IGD Data sent""}"
2025-08-10T18:12:25.171794,sensor.upnp_igd_packets_received,92675013,92675996,"{""state_class"": ""total_increasing"", ""unit_of_measurement"": ""packets"", ""friendly_name"": ""UPNP IGD Packets received""}"
2025-08-10T18:12:25.174150,sensor.upnp_igd_packets_sent,21165018,21165055,"{""state_class"": ""total_increasing"", ""unit_of_measurement"": ""packets"", ""friendly_name"": ""UPNP IGD Packets sent""}"
2025-08-10T18:12:25.176482,sensor.upnp_igd_uptime,1676873,1676903,"{""unit_of_measurement"": ""s"", ""device_class"": ""duration"", ""friendly_name"": ""UPNP IGD Uptime""}"
2025-08-10T18:12:25.178840,sensor.upnp_igd_download_speed,2.33447841463009,2.09373935126139,"{""state_class"": ""measurement"", ""unit_of_measurement"": ""KiB/s"", ""device_class"": ""data_rate"", ""friendly_name"": ""UPNP IGD Download speed""}"
2025-08-10T18:12:25.180626,sensor.upnp_igd_upload_speed,0.255469380157804,0.116696810905802,"{""state_class"": ""measurement"", ""unit_of_measurement"": ""KiB/s"", ""device_class"": ""data_rate"", ""friendly_name"": ""UPNP IGD Upload speed""}"
2025-08-10T18:12:25.182345,sensor.upnp_igd_packet_download_speed,34.4334182690984,32.7659905950607,"{""state_class"": ""measurement"", ""unit_of_measurement"": ""packets/s"", ""friendly_name"": ""UPNP IGD Packet download speed""}"
2025-08-10T18:12:25.185485,sensor.upnp_igd_packet_upload_speed,1.80000444001095,1.23330788608062,"{""state_class"": ""measurement"", ""unit_of_measurement"": ""packets/s"", ""friendly_name"": ""UPNP IGD Packet upload speed""}"
2025-08-10T18:12:55.148317,sensor.upnp_igd_data_received,2593208186,2593278062,"{""state_class"": ""total_increasing"", ""unit_of_measurement"": ""B"", ""device_class"": ""data_size"", ""friendly_name"": ""UPNP IGD Data received""}"
2025-08-10T18:12:55.150679,sensor.upnp_igd_data_sent,1293568007,1293574640,"{""state_class"": ""total_increasing"", ""unit_of_measurement"": ""B"", ""device_class"": ""data_size"", ""friendly_name"": ""UPNP IGD Data sent""}"
2025-08-10T18:12:55.152330,sensor.upnp_igd_packets_received,92675996,92677002,"{""state_class"": ""total_increasing"", ""unit_of_measurement"": ""packets"", ""friendly_name"": ""UPNP IGD Packets received""}"
2025-08-10T18:12:55.154101,sensor.upnp_igd_packets_sent,21165055,21165108,"{""state_class"": ""total_increasing"", ""unit_of_measurement"": ""packets"", ""friendly_name"": ""UPNP IGD Packets sent""}"
2025-08-10T18:12:55.155817,sensor.upnp_igd_uptime,1676903,1676933,"{""unit_of_measurement"": ""s"", ""device_class"": ""duration"", ""friendly_name"": ""UPNP IGD Uptime""}"
2025-08-10T18:12:55.157696,sensor.upnp_igd_download_speed,2.09373935126139,2.27458609840226,"{""state_class"": ""measurement"", ""unit_of_measurement"": ""KiB/s"", ""device_class"": ""data_rate"", ""friendly_name"": ""UPNP IGD Download speed""}"
2025-08-10T18:12:55.159612,sensor.upnp_igd_upload_speed,0.116696810905802,0.215915759212064,"{""state_class"": ""measurement"", ""unit_of_measurement"": ""KiB/s"", ""device_class"": ""data_rate"", ""friendly_name"": ""UPNP IGD Upload speed""}"
2025-08-10T18:12:55.161350,sensor.upnp_igd_packet_download_speed,32.7659905950607,33.5329901790672,"{""state_class"": ""measurement"", ""unit_of_measurement"": ""packets/s"", ""friendly_name"": ""UPNP IGD Packet download speed""}"
2025-08-10T18:12:55.162997,sensor.upnp_igd_packet_upload_speed,1.23330788608062,1.76664858796278,"{""state_class"": ""measurement"", ""unit_of_measurement"": ""packets/s"", ""friendly_name"": ""UPNP IGD Packet upload speed""}"
2025-08-10T18:12:56.932713,camera.192_168_0_33,idle,idle,"{""access_token"": ""b2e968d56359ff9d9b2e825ff89a5e079539d26199befd9619d2ffcd519a35ef"", ""entity_picture"": ""/api/camera_proxy/camera.192_168_0_33?token=b2e968d56359ff9d9b2e825ff89a5e079539d26199befd9619d2ffcd519a35ef"", ""friendly_name"": ""192_168_0_14"", ""supported_features"": 2}"
2025-08-10T18:12:56.934284,camera.admin_mainstream,idle,idle,"{""access_token"": ""56e3eee110231718ed3593608e2050e5b642cc5e18e63e02d206dcc998184c3c"", ""entity_picture"": ""/api/camera_proxy/camera.admin_mainstream?token=56e3eee110231718ed3593608e2050e5b642cc5e18e63e02d206dcc998184c3c"", ""friendly_name"": ""admin MainStream"", ""supported_features"": 2}"
2025-08-10T18:12:56.937134,camera.admin_substream,idle,idle,"{""access_token"": ""b0c665e48dd558328ef176ffd350496f7a12f97a459abb6c76078114654e2f61"", ""entity_picture"": ""/api/camera_proxy/camera.admin_substream?token=b0c665e48dd558328ef176ffd350496f7a12f97a459abb6c76078114654e2f61"", ""friendly_name"": ""admin SubStream"", ""supported_features"": 2}"
2025-08-10T18:13:10.260127,automation.aut_status_bruno,on,on,"{""id"": ""1751855857509"", ""last_triggered"": ""2025-08-10T21:13:10.252813+00:00"", ""mode"": ""single"", ""current"": 1, ""friendly_name"": ""aut-status-bruno""}"
2025-08-10T18:13:10.262320,automation.aut_status_bruno,on,on,"{""id"": ""1751855857509"", ""last_triggered"": ""2025-08-10T21:13:10.252813+00:00"", ""mode"": ""single"", ""current"": 0, ""friendly_name"": ""aut-status-bruno""}"
2025-08-10T18:13:25.148720,sensor.upnp_igd_data_received,2593278062,2593352077,"{""state_class"": ""total_increasing"", ""unit_of_measurement"": ""B"", ""device_class"": ""data_size"", ""friendly_name"": ""UPNP IGD Data received""}"
2025-08-10T18:13:25.151655,sensor.upnp_igd_data_sent,1293574640,1293583661,"{""state_class"": ""total_increasing"", ""unit_of_measurement"": ""B"", ""device_class"": ""data_size"", ""friendly_name"": ""UPNP IGD Data sent""}"
2025-08-10T18:13:25.153195,sensor.upnp_igd_packets_received,92677002,92678003,"{""state_class"": ""total_increasing"", ""unit_of_measurement"": ""packets"", ""friendly_name"": ""UPNP IGD Packets received""}"
2025-08-10T18:13:25.154579,sensor.upnp_igd_packets_sent,21165108,21165176,"{""state_class"": ""total_increasing"", ""unit_of_measurement"": ""packets"", ""friendly_name"": ""UPNP IGD Packets sent""}"
2025-08-10T18:13:25.156241,sensor.upnp_igd_uptime,1676933,1676963,"{""unit_of_measurement"": ""s"", ""device_class"": ""duration"", ""friendly_name"": ""UPNP IGD Uptime""}"
2025-08-10T18:13:25.158185,sensor.upnp_igd_download_speed,2.27458609840226,2.40940019320796,"{""state_class"": ""measurement"", ""unit_of_measurement"": ""KiB/s"", ""device_class"": ""data_rate"", ""friendly_name"": ""UPNP IGD Download speed""}"
2025-08-10T18:13:25.159910,sensor.upnp_igd_upload_speed,0.215915759212064,0.293659381786517,"{""state_class"": ""measurement"", ""unit_of_measurement"": ""KiB/s"", ""device_class"": ""data_rate"", ""friendly_name"": ""UPNP IGD Upload speed""}"
2025-08-10T18:13:25.161331,sensor.upnp_igd_packet_download_speed,33.5329901790672,33.3674663736108,"{""state_class"": ""measurement"", ""unit_of_measurement"": ""packets/s"", ""friendly_name"": ""UPNP IGD Packet download speed""}"
2025-08-10T18:13:25.162722,sensor.upnp_igd_packet_upload_speed,1.76664858796278,2.26672099241312,"{""state_class"": ""measurement"", ""unit_of_measurement"": ""packets/s"", ""friendly_name"": ""UPNP IGD Packet upload speed""}"
2025-08-10T18:13:55.150179,sensor.upnp_igd_data_received,2593352077,2593966433,"{""state_class"": ""total_increasing"", ""unit_of_measurement"": ""B"", ""device_class"": ""data_size"", ""friendly_name"": ""UPNP IGD Data received""}"
2025-08-10T18:13:55.154362,sensor.upnp_igd_data_sent,1293583661,1293601208,"{""state_class"": ""total_increasing"", ""unit_of_measurement"": ""B"", ""device_class"": ""data_size"", ""friendly_name"": ""UPNP IGD Data sent""}"
2025-08-10T18:13:55.156086,sensor.upnp_igd_packets_received,92678003,92679417,"{""state_class"": ""total_increasing"", ""unit_of_measurement"": ""packets"", ""friendly_name"": ""UPNP IGD Packets received""}"
2025-08-10T18:13:55.157506,sensor.upnp_igd_packets_sent,21165176,21165339,"{""state_class"": ""total_increasing"", ""unit_of_measurement"": ""packets"", ""friendly_name"": ""UPNP IGD Packets sent""}"
2025-08-10T18:13:55.158916,sensor.upnp_igd_uptime,1676963,1676993,"{""unit_of_measurement"": ""s"", ""device_class"": ""duration"", ""friendly_name"": ""UPNP IGD Uptime""}"
2025-08-10T18:13:55.160430,sensor.upnp_igd_download_speed,2.40940019320796,19.9991570168268,"{""state_class"": ""measurement"", ""unit_of_measurement"": ""KiB/s"", ""device_class"": ""data_rate"", ""friendly_name"": ""UPNP IGD Download speed""}"
2025-08-10T18:13:55.161836,sensor.upnp_igd_upload_speed,0.293659381786517,0.571208237852742,"{""state_class"": ""measurement"", ""unit_of_measurement"": ""KiB/s"", ""device_class"": ""data_rate"", ""friendly_name"": ""UPNP IGD Upload speed""}"
2025-08-10T18:13:55.163192,sensor.upnp_igd_packet_download_speed,33.3674663736108,47.1347222364819,"{""state_class"": ""measurement"", ""unit_of_measurement"": ""packets/s"", ""friendly_name"": ""UPNP IGD Packet download speed""}"
2025-08-10T18:13:55.164627,sensor.upnp_igd_packet_upload_speed,2.26672099241312,5.43349344027337,"{""state_class"": ""measurement"", ""unit_of_measurement"": ""packets/s"", ""friendly_name"": ""UPNP IGD Packet upload speed""}"
2025-08-10T18:14:10.278686,automation.aut_status_bruno,on,on,"{""id"": ""1751855857509"", ""last_triggered"": ""2025-08-10T21:14:10.253696+00:00"", ""mode"": ""single"", ""current"": 1, ""friendly_name"": ""aut-status-bruno""}"
2025-08-10T18:14:10.285342,automation.aut_status_bruno,on,on,"{""id"": ""1751855857509"", ""last_triggered"": ""2025-08-10T21:14:10.253696+00:00"", ""mode"": ""single"", ""current"": 0, ""friendly_name"": ""aut-status-bruno""}"
2025-08-10T18:14:23.244046,sensor.tauntaum_energy,236.245,236.252,"{""state_class"": ""total_increasing"", ""unit_of_measurement"": ""kWh"", ""device_class"": ""energy"", ""friendly_name"": ""Tauntaum Energy""}"
2025-08-10T18:14:23.246084,sensor.tauntaum_power,35,34,"{""state_class"": ""measurement"", ""power_consumption_start"": ""2025-08-10T21:02:06Z"", ""power_consumption_end"": ""2025-08-10T21:14:23Z"", ""unit_of_measurement"": ""W"", ""device_class"": ""power"", ""friendly_name"": ""Tauntaum Power""}"
2025-08-10T18:14:23.247724,sensor.tauntaum_energy_difference,0.01,0.007,"{""state_class"": ""total"", ""unit_of_measurement"": ""kWh"", ""device_class"": ""energy"", ""friendly_name"": ""Tauntaum Energy difference""}"
2025-08-10T18:14:23.249174,sensor.tauntaum_power_energy,0.00949474555532137,0.00716796111133364,"{""state_class"": ""total"", ""unit_of_measurement"": ""kWh"", ""device_class"": ""energy"", ""friendly_name"": ""Tauntaum Power energy""}"
2025-08-10T18:14:25.167942,sensor.upnp_igd_data_received,2593966433,2594033523,"{""state_class"": ""total_increasing"", ""unit_of_measurement"": ""B"", ""device_class"": ""data_size"", ""friendly_name"": ""UPNP IGD Data received""}"
2025-08-10T18:14:25.170654,sensor.upnp_igd_data_sent,1293601208,1293606992,"{""state_class"": ""total_increasing"", ""unit_of_measurement"": ""B"", ""device_class"": ""data_size"", ""friendly_name"": ""UPNP IGD Data sent""}"
2025-08-10T18:14:25.172162,sensor.upnp_igd_packets_received,92679417,92680425,"{""state_class"": ""total_increasing"", ""unit_of_measurement"": ""packets"", ""friendly_name"": ""UPNP IGD Packets received""}"
2025-08-10T18:14:25.173562,sensor.upnp_igd_packets_sent,21165339,21165391,"{""state_class"": ""total_increasing"", ""unit_of_measurement"": ""packets"", ""friendly_name"": ""UPNP IGD Packets sent""}"
2025-08-10T18:14:25.174866,sensor.upnp_igd_uptime,1676993,1677023,"{""unit_of_measurement"": ""s"", ""device_class"": ""duration"", ""friendly_name"": ""UPNP IGD Uptime""}"
2025-08-10T18:14:25.176409,sensor.upnp_igd_download_speed,19.9991570168268,2.18390209080355,"{""state_class"": ""measurement"", ""unit_of_measurement"": ""KiB/s"", ""device_class"": ""data_rate"", ""friendly_name"": ""UPNP IGD Download speed""}"
2025-08-10T18:14:25.177853,sensor.upnp_igd_upload_speed,0.571208237852742,0.188279768865818,"{""state_class"": ""measurement"", ""unit_of_measurement"": ""KiB/s"", ""device_class"": ""data_rate"", ""friendly_name"": ""UPNP IGD Upload speed""}"
2025-08-10T18:14:25.179209,sensor.upnp_igd_packet_download_speed,47.1347222364819,33.5997356820793,"{""state_class"": ""measurement"", ""unit_of_measurement"": ""packets/s"", ""friendly_name"": ""UPNP IGD Packet download speed""}"
2025-08-10T18:14:25.180648,sensor.upnp_igd_packet_upload_speed,5.43349344027337,1.73331969788504,"{""state_class"": ""measurement"", ""unit_of_measurement"": ""packets/s"", ""friendly_name"": ""UPNP IGD Packet upload speed""}"
2025-08-10T18:14:36.629607,sun.sun,below_horizon,below_horizon,"{""next_dawn"": ""2025-08-11T08:27:53.857044+00:00"", ""next_dusk"": ""2025-08-11T20:50:42.399850+00:00"", ""next_midnight"": ""2025-08-11T02:39:14+00:00"", ""next_noon"": ""2025-08-11T14:39:20+00:00"", ""next_rising"": ""2025-08-11T08:50:14.762951+00:00"", ""next_setting"": ""2025-08-11T20:28:21.828254+00:00"", ""elevation"": -11.7, ""azimuth"": 283.2, ""rising"": false, ""friendly_name"": ""Sun""}"
2025-08-10T18:14:55.166578,sensor.upnp_igd_data_received,2594033523,2594106724,"{""state_class"": ""total_increasing"", ""unit_of_measurement"": ""B"", ""device_class"": ""data_size"", ""friendly_name"": ""UPNP IGD Data received""}"
2025-08-10T18:14:55.169379,sensor.upnp_igd_data_sent,1293606992,1293615752,"{""state_class"": ""total_increasing"", ""unit_of_measurement"": ""B"", ""device_class"": ""data_size"", ""friendly_name"": ""UPNP IGD Data sent""}"
2025-08-10T18:14:55.170961,sensor.upnp_igd_packets_received,92680425,92681475,"{""state_class"": ""total_increasing"", ""unit_of_measurement"": ""packets"", ""friendly_name"": ""UPNP IGD Packets received""}"
2025-08-10T18:14:55.172412,sensor.upnp_igd_packets_sent,21165391,21165451,"{""state_class"": ""total_increasing"", ""unit_of_measurement"": ""packets"", ""friendly_name"": ""UPNP IGD Packets sent""}"
2025-08-10T18:14:55.173722,sensor.upnp_igd_uptime,1677023,1677053,"{""unit_of_measurement"": ""s"", ""device_class"": ""duration"", ""friendly_name"": ""UPNP IGD Uptime""}"
2025-08-10T18:14:55.175094,sensor.upnp_igd_download_speed,2.18390209080355,2.38286371784912,"{""state_class"": ""measurement"", ""unit_of_measurement"": ""KiB/s"", ""device_class"": ""data_rate"", ""friendly_name"": ""UPNP IGD Download speed""}"
2025-08-10T18:14:55.176572,sensor.upnp_igd_upload_speed,0.188279768865818,0.285158483741456,"{""state_class"": ""measurement"", ""unit_of_measurement"": ""KiB/s"", ""device_class"": ""data_rate"", ""friendly_name"": ""UPNP IGD Upload speed""}"
2025-08-10T18:14:55.177977,sensor.upnp_igd_packet_download_speed,33.5997356820793,35.0002741688143,"{""state_class"": ""measurement"", ""unit_of_measurement"": ""packets/s"", ""friendly_name"": ""UPNP IGD Packet download speed""}"
2025-08-10T18:14:55.179290,sensor.upnp_igd_packet_upload_speed,1.73331969788504,2.00001566678939,"{""state_class"": ""measurement"", ""unit_of_measurement"": ""packets/s"", ""friendly_name"": ""UPNP IGD Packet upload speed""}"
2025-08-10T18:15:10.260093,automation.aut_status_bruno,on,on,"{""id"": ""1751855857509"", ""last_triggered"": ""2025-08-10T21:15:10.252677+00:00"", ""mode"": ""single"", ""current"": 1, ""friendly_name"": ""aut-status-bruno""}"
2025-08-10T18:15:10.262127,automation.aut_status_bruno,on,on,"{""id"": ""1751855857509"", ""last_triggered"": ""2025-08-10T21:15:10.252677+00:00"", ""mode"": ""single"", ""current"": 0, ""friendly_name"": ""aut-status-bruno""}"
2025-08-10T18:15:25.147189,sensor.upnp_igd_data_received,2594106724,2594171840,"{""state_class"": ""total_increasing"", ""unit_of_measurement"": ""B"", ""device_class"": ""data_size"", ""friendly_name"": ""UPNP IGD Data received""}"
2025-08-10T18:15:25.149148,sensor.upnp_igd_data_sent,1293615752,1293619682,"{""state_class"": ""total_increasing"", ""unit_of_measurement"": ""B"", ""device_class"": ""data_size"", ""friendly_name"": ""UPNP IGD Data sent""}"
2025-08-10T18:15:25.150780,sensor.upnp_igd_packets_received,92681475,92682464,"{""state_class"": ""total_increasing"", ""unit_of_measurement"": ""packets"", ""friendly_name"": ""UPNP IGD Packets received""}"
2025-08-10T18:15:25.152292,sensor.upnp_igd_packets_sent,21165451,21165489,"{""state_class"": ""total_increasing"", ""unit_of_measurement"": ""packets"", ""friendly_name"": ""UPNP IGD Packets sent""}"
2025-08-10T18:15:25.153664,sensor.upnp_igd_uptime,1677053,1677083,"{""unit_of_measurement"": ""s"", ""device_class"": ""duration"", ""friendly_name"": ""UPNP IGD Uptime""}"
2025-08-10T18:15:25.155287,sensor.upnp_igd_download_speed,2.38286371784912,2.11965163728075,"{""state_class"": ""measurement"", ""unit_of_measurement"": ""KiB/s"", ""device_class"": ""data_rate"", ""friendly_name"": ""UPNP IGD Download speed""}"
2025-08-10T18:15:25.156882,sensor.upnp_igd_upload_speed,0.285158483741456,0.127929094761861,"{""state_class"": ""measurement"", ""unit_of_measurement"": ""KiB/s"", ""device_class"": ""data_rate"", ""friendly_name"": ""UPNP IGD Upload speed""}"
2025-08-10T18:15:25.158307,sensor.upnp_igd_packet_download_speed,35.0002741688143,32.9665139218188,"{""state_class"": ""measurement"", ""unit_of_measurement"": ""packets/s"", ""friendly_name"": ""UPNP IGD Packet download speed""}"
2025-08-10T18:15:25.159770,sensor.upnp_igd_packet_upload_speed,2.00001566678939,1.26666079780497,"{""state_class"": ""measurement"", ""unit_of_measurement"": ""packets/s"", ""friendly_name"": ""UPNP IGD Packet upload speed""}"
2025-08-10T18:15:42.803549,sensor.tomada_mesa_de_trabalho_current,0.123,0.101,"{""state_class"": ""measurement"", ""unit_of_measurement"": ""A"", ""device_class"": ""current"", ""friendly_name"": ""Tomada mesa de trabalho Current""}"
2025-08-10T18:15:42.805401,sensor.tomada_mesa_de_trabalho_power,8.1,6.2,"{""state_class"": ""measurement"", ""unit_of_measurement"": ""W"", ""device_class"": ""power"", ""friendly_name"": ""Tomada mesa de trabalho Power""}"
2025-08-10T18:15:42.806913,sensor.tomada_mesa_de_trabalho_voltage,131.6,132.5,"{""state_class"": ""measurement"", ""unit_of_measurement"": ""V"", ""device_class"": ""voltage"", ""friendly_name"": ""Tomada mesa de trabalho Voltage""}"
2025-08-10T18:15:51.093446,sun.sun,below_horizon,below_horizon,"{""next_dawn"": ""2025-08-11T08:27:53.857044+00:00"", ""next_dusk"": ""2025-08-11T20:50:42.399850+00:00"", ""next_midnight"": ""2025-08-11T02:39:14+00:00"", ""next_noon"": ""2025-08-11T14:39:20+00:00"", ""next_rising"": ""2025-08-11T08:50:14.762951+00:00"", ""next_setting"": ""2025-08-11T20:28:21.828254+00:00"", ""elevation"": -12.0, ""azimuth"": 283.15, ""rising"": false, ""friendly_name"": ""Sun""}"
2025-08-10T18:15:55.170474,sensor.upnp_igd_data_received,2594171840,2594244271,"{""state_class"": ""total_increasing"", ""unit_of_measurement"": ""B"", ""device_class"": ""data_size"", ""friendly_name"": ""UPNP IGD Data received""}"
2025-08-10T18:15:55.175045,sensor.upnp_igd_data_sent,1293619682,1293626076,"{""state_class"": ""total_increasing"", ""unit_of_measurement"": ""B"", ""device_class"": ""data_size"", ""friendly_name"": ""UPNP IGD Data sent""}"
2025-08-10T18:15:55.178948,sensor.upnp_igd_packets_received,92682464,92683509,"{""state_class"": ""total_increasing"", ""unit_of_measurement"": ""packets"", ""friendly_name"": ""UPNP IGD Packets received""}"
2025-08-10T18:15:55.183021,sensor.upnp_igd_packets_sent,21165489,21165541,"{""state_class"": ""total_increasing"", ""unit_of_measurement"": ""packets"", ""friendly_name"": ""UPNP IGD Packets sent""}"
2025-08-10T18:15:55.187418,sensor.upnp_igd_uptime,1677083,1677113,"{""unit_of_measurement"": ""s"", ""device_class"": ""duration"", ""friendly_name"": ""UPNP IGD Uptime""}"
2025-08-10T18:15:55.191581,sensor.upnp_igd_download_speed,2.11965163728075,2.35776517258825,"{""state_class"": ""measurement"", ""unit_of_measurement"": ""KiB/s"", ""device_class"": ""data_rate"", ""friendly_name"": ""UPNP IGD Download speed""}"
2025-08-10T18:15:55.195448,sensor.upnp_igd_upload_speed,0.127929094761861,0.20813671650991,"{""state_class"": ""measurement"", ""unit_of_measurement"": ""KiB/s"", ""device_class"": ""data_rate"", ""friendly_name"": ""UPNP IGD Upload speed""}"
2025-08-10T18:15:55.197779,sensor.upnp_igd_packet_download_speed,32.9665139218188,34.8331150458124,"{""state_class"": ""measurement"", ""unit_of_measurement"": ""packets/s"", ""friendly_name"": ""UPNP IGD Packet download speed""}"
2025-08-10T18:15:55.199963,sensor.upnp_igd_packet_upload_speed,1.26666079780497,1.73332247117918,"{""state_class"": ""measurement"", ""unit_of_measurement"": ""packets/s"", ""friendly_name"": ""UPNP IGD Packet upload speed""}"
2025-08-10T18:16:10.261751,automation.aut_status_bruno,on,on,"{""id"": ""1751855857509"", ""last_triggered"": ""2025-08-10T21:16:10.253270+00:00"", ""mode"": ""single"", ""current"": 1, ""friendly_name"": ""aut-status-bruno""}"
2025-08-10T18:16:10.303548,automation.aut_status_bruno,on,on,"{""id"": ""1751855857509"", ""last_triggered"": ""2025-08-10T21:16:10.253270+00:00"", ""mode"": ""single"", ""current"": 0, ""friendly_name"": ""aut-status-bruno""}"
2025-08-10T18:16:25.158080,sensor.upnp_igd_data_received,2594244271,2594309031,"{""state_class"": ""total_increasing"", ""unit_of_measurement"": ""B"", ""device_class"": ""data_size"", ""friendly_name"": ""UPNP IGD Data received""}"
2025-08-10T18:16:25.160636,sensor.upnp_igd_data_sent,1293626076,1293630679,"{""state_class"": ""total_increasing"", ""unit_of_measurement"": ""B"", ""device_class"": ""data_size"", ""friendly_name"": ""UPNP IGD Data sent""}"
2025-08-10T18:16:25.162266,sensor.upnp_igd_packets_received,92683509,92684491,"{""state_class"": ""total_increasing"", ""unit_of_measurement"": ""packets"", ""friendly_name"": ""UPNP IGD Packets received""}"
2025-08-10T18:16:25.163703,sensor.upnp_igd_packets_sent,21165541,21165586,"{""state_class"": ""total_increasing"", ""unit_of_measurement"": ""packets"", ""friendly_name"": ""UPNP IGD Packets sent""}"
2025-08-10T18:16:25.165025,sensor.upnp_igd_uptime,1677113,1677143,"{""unit_of_measurement"": ""s"", ""device_class"": ""duration"", ""friendly_name"": ""UPNP IGD Uptime""}"
2025-08-10T18:16:25.166372,sensor.upnp_igd_download_speed,2.35776517258825,2.10805134427458,"{""state_class"": ""measurement"", ""unit_of_measurement"": ""KiB/s"", ""device_class"": ""data_rate"", ""friendly_name"": ""UPNP IGD Download speed""}"
2025-08-10T18:16:25.167821,sensor.upnp_igd_upload_speed,0.20813671650991,0.149835706264606,"{""state_class"": ""measurement"", ""unit_of_measurement"": ""KiB/s"", ""device_class"": ""data_rate"", ""friendly_name"": ""UPNP IGD Upload speed""}"
2025-08-10T18:16:25.169196,sensor.upnp_igd_packet_download_speed,34.8331150458124,32.7329983656501,"{""state_class"": ""measurement"", ""unit_of_measurement"": ""packets/s"", ""friendly_name"": ""UPNP IGD Packet download speed""}"
2025-08-10T18:16:25.170518,sensor.upnp_igd_packet_upload_speed,1.73332247117918,1.49998465015708,"{""state_class"": ""measurement"", ""unit_of_measurement"": ""packets/s"", ""friendly_name"": ""UPNP IGD Packet upload speed""}"
2025-08-10T18:16:55.147679,sensor.upnp_igd_data_received,2594309031,2594381781,"{""state_class"": ""total_increasing"", ""unit_of_measurement"": ""B"", ""device_class"": ""data_size"", ""friendly_name"": ""UPNP IGD Data received""}"
2025-08-10T18:16:55.150059,sensor.upnp_igd_data_sent,1293630679,1293637925,"{""state_class"": ""total_increasing"", ""unit_of_measurement"": ""B"", ""device_class"": ""data_size"", ""friendly_name"": ""UPNP IGD Data sent""}"
2025-08-10T18:16:55.151699,sensor.upnp_igd_packets_received,92684491,92685544,"{""state_class"": ""total_increasing"", ""unit_of_measurement"": ""packets"", ""friendly_name"": ""UPNP IGD Packets received""}"
2025-08-10T18:16:55.153149,sensor.upnp_igd_packets_sent,21165586,21165635,"{""state_class"": ""total_increasing"", ""unit_of_measurement"": ""packets"", ""friendly_name"": ""UPNP IGD Packets sent""}"
2025-08-10T18:16:55.154481,sensor.upnp_igd_uptime,1677143,1677173,"{""unit_of_measurement"": ""s"", ""device_class"": ""duration"", ""friendly_name"": ""UPNP IGD Uptime""}"
2025-08-10T18:16:55.155938,sensor.upnp_igd_download_speed,2.10805134427458,2.36822626790997,"{""state_class"": ""measurement"", ""unit_of_measurement"": ""KiB/s"", ""device_class"": ""data_rate"", ""friendly_name"": ""UPNP IGD Download speed""}"
2025-08-10T18:16:55.157383,sensor.upnp_igd_upload_speed,0.149835706264606,0.235878591577672,"{""state_class"": ""measurement"", ""unit_of_measurement"": ""KiB/s"", ""device_class"": ""data_rate"", ""friendly_name"": ""UPNP IGD Upload speed""}"
2025-08-10T18:16:55.158786,sensor.upnp_igd_packet_download_speed,32.7329983656501,35.1009219842175,"{""state_class"": ""measurement"", ""unit_of_measurement"": ""packets/s"", ""friendly_name"": ""UPNP IGD Packet download speed""}"
2025-08-10T18:16:55.160289,sensor.upnp_igd_packet_upload_speed,1.49998465015708,1.63337623668248,"{""state_class"": ""measurement"", ""unit_of_measurement"": ""packets/s"", ""friendly_name"": ""UPNP IGD Packet upload speed""}"
2025-08-10T18:17:10.258880,automation.aut_status_bruno,on,on,"{""id"": ""1751855857509"", ""last_triggered"": ""2025-08-10T21:17:10.252420+00:00"", ""mode"": ""single"", ""current"": 1, ""friendly_name"": ""aut-status-bruno""}"
2025-08-10T18:17:10.261178,automation.aut_status_bruno,on,on,"{""id"": ""1751855857509"", ""last_triggered"": ""2025-08-10T21:17:10.252420+00:00"", ""mode"": ""single"", ""current"": 0, ""friendly_name"": ""aut-status-bruno""}"
2025-08-10T18:17:25.147833,sensor.upnp_igd_data_received,2594381781,2594449139,"{""state_class"": ""total_increasing"", ""unit_of_measurement"": ""B"", ""device_class"": ""data_size"", ""friendly_name"": ""UPNP IGD Data received""}"
2025-08-10T18:17:25.150612,sensor.upnp_igd_data_sent,1293637925,1293642655,"{""state_class"": ""total_increasing"", ""unit_of_measurement"": ""B"", ""device_class"": ""data_size"", ""friendly_name"": ""UPNP IGD Data sent""}"
2025-08-10T18:17:25.152798,sensor.upnp_igd_packets_received,92685544,92686567,"{""state_class"": ""total_increasing"", ""unit_of_measurement"": ""packets"", ""friendly_name"": ""UPNP IGD Packets received""}"
2025-08-10T18:17:25.154266,sensor.upnp_igd_packets_sent,21165635,21165679,"{""state_class"": ""total_increasing"", ""unit_of_measurement"": ""packets"", ""friendly_name"": ""UPNP IGD Packets sent""}"
2025-08-10T18:17:25.155623,sensor.upnp_igd_uptime,1677173,1677203,"{""unit_of_measurement"": ""s"", ""device_class"": ""duration"", ""friendly_name"": ""UPNP IGD Uptime""}"
2025-08-10T18:17:25.157147,sensor.upnp_igd_download_speed,2.36822626790997,2.19263285070451,"{""state_class"": ""measurement"", ""unit_of_measurement"": ""KiB/s"", ""device_class"": ""data_rate"", ""friendly_name"": ""UPNP IGD Download speed""}"
2025-08-10T18:17:25.158560,sensor.upnp_igd_upload_speed,0.235878591577672,0.153970625372373,"{""state_class"": ""measurement"", ""unit_of_measurement"": ""KiB/s"", ""device_class"": ""data_rate"", ""friendly_name"": ""UPNP IGD Upload speed""}"
2025-08-10T18:17:25.159968,sensor.upnp_igd_packet_download_speed,35.1009219842175,34.0998385940973,"{""state_class"": ""measurement"", ""unit_of_measurement"": ""packets/s"", ""friendly_name"": ""UPNP IGD Packet download speed""}"
2025-08-10T18:17:25.161448,sensor.upnp_igd_packet_upload_speed,1.63337623668248,1.4666597244773,"{""state_class"": ""measurement"", ""unit_of_measurement"": ""packets/s"", ""friendly_name"": ""UPNP IGD Packet upload speed""}"
2025-08-10T18:17:51.883097,media_player.dlna_b13_box,unavailable,unknown,"{""friendly_name"": ""DLNA-B13 Box"", ""supported_features"": 512575}"
2025-08-10T18:17:55.147868,sensor.upnp_igd_data_received,2594449139,2594524870,"{""state_class"": ""total_increasing"", ""unit_of_measurement"": ""B"", ""device_class"": ""data_size"", ""friendly_name"": ""UPNP IGD Data received""}"
2025-08-10T18:17:55.150884,sensor.upnp_igd_data_sent,1293642655,1293653992,"{""state_class"": ""total_increasing"", ""unit_of_measurement"": ""B"", ""device_class"": ""data_size"", ""friendly_name"": ""UPNP IGD Data sent""}"
2025-08-10T18:17:55.152813,sensor.upnp_igd_packets_received,92686567,92687647,"{""state_class"": ""total_increasing"", ""unit_of_measurement"": ""packets"", ""friendly_name"": ""UPNP IGD Packets received""}"
2025-08-10T18:17:55.154499,sensor.upnp_igd_packets_sent,21165679,21165756,"{""state_class"": ""total_increasing"", ""unit_of_measurement"": ""packets"", ""friendly_name"": ""UPNP IGD Packets sent""}"
2025-08-10T18:17:55.155857,sensor.upnp_igd_uptime,1677203,1677233,"{""unit_of_measurement"": ""s"", ""device_class"": ""duration"", ""friendly_name"": ""UPNP IGD Uptime""}"
2025-08-10T18:17:55.157167,sensor.upnp_igd_download_speed,2.19263285070451,2.46513444257524,"{""state_class"": ""measurement"", ""unit_of_measurement"": ""KiB/s"", ""device_class"": ""data_rate"", ""friendly_name"": ""UPNP IGD Download speed""}"
2025-08-10T18:17:55.159282,sensor.upnp_igd_upload_speed,0.153970625372373,0.369032881851229,"{""state_class"": ""measurement"", ""unit_of_measurement"": ""KiB/s"", ""device_class"": ""data_rate"", ""friendly_name"": ""UPNP IGD Upload speed""}"
2025-08-10T18:17:55.161570,sensor.upnp_igd_packet_download_speed,34.0998385940973,35.9990160268953,"{""state_class"": ""measurement"", ""unit_of_measurement"": ""packets/s"", ""friendly_name"": ""UPNP IGD Packet download speed""}"
2025-08-10T18:17:55.163372,sensor.upnp_igd_packet_upload_speed,1.4666597244773,2.56659651302864,"{""state_class"": ""measurement"", ""unit_of_measurement"": ""packets/s"", ""friendly_name"": ""UPNP IGD Packet upload speed""}"
2025-08-10T18:17:56.933234,camera.192_168_0_33,idle,idle,"{""access_token"": ""579849a20865d5152f960c9b667d0b55e35ac9a6e0b0a5791008fdcd552bbdd7"", ""entity_picture"": ""/api/camera_proxy/camera.192_168_0_33?token=579849a20865d5152f960c9b667d0b55e35ac9a6e0b0a5791008fdcd552bbdd7"", ""friendly_name"": ""192_168_0_14"", ""supported_features"": 2}"
2025-08-10T18:17:56.934876,camera.admin_mainstream,idle,idle,"{""access_token"": ""4330566ee7e5fde0abd796b76d61fb42960581a6dcfcbcc7c4441ed7e5635001"", ""entity_picture"": ""/api/camera_proxy/camera.admin_mainstream?token=4330566ee7e5fde0abd796b76d61fb42960581a6dcfcbcc7c4441ed7e5635001"", ""friendly_name"": ""admin MainStream"", ""supported_features"": 2}"
2025-08-10T18:17:56.936822,camera.admin_substream,idle,idle,"{""access_token"": ""df6cd637919d6b12ed936536020591e6fe2cc7cff0ea01182754522a8faebd2"", ""entity_picture"": ""/api/camera_proxy/camera.admin_substream?token=df6cd637919d6b12ed936536020591e6fe2cc7cff0ea01182754522a8faebd2"", ""friendly_name"": ""admin SubStream"", ""supported_features"": 2}"
2025-08-10T18:17:58.787777,media_player.dlna_b13_box,unknown,unavailable,"{""friendly_name"": ""DLNA-B13 Box"", ""supported_features"": 512575}"
2025-08-10T18:17:59.893342,sensor.chewbacca_power,0,0,"{""state_class"": ""measurement"", ""power_consumption_start"": ""2025-08-10T09:03:00Z"", ""power_consumption_end"": ""2025-08-10T21:17:59Z"", ""unit_of_measurement"": ""W"", ""device_class"": ""power"", ""friendly_name"": ""Chewbacca Power""}"
2025-08-10T18:17:59.906704,sensor.chewbacca_completion_time,2025-08-10T09:42:00+00:00,2025-08-10T21:56:59+00:00,"{""device_class"": ""timestamp"", ""friendly_name"": ""Chewbacca Completion time""}"
2025-08-10T18:18:10.259568,automation.aut_status_bruno,on,on,"{""id"": ""1751855857509"", ""last_triggered"": ""2025-08-10T21:18:10.252916+00:00"", ""mode"": ""single"", ""current"": 1, ""friendly_name"": ""aut-status-bruno""}"
2025-08-10T18:18:10.261761,automation.aut_status_bruno,on,on,"{""id"": ""1751855857509"", ""last_triggered"": ""2025-08-10T21:18:10.252916+00:00"", ""mode"": ""single"", ""current"": 0, ""friendly_name"": ""aut-status-bruno""}"
2025-08-10T18:18:25.172745,sensor.upnp_igd_data_received,2594524870,2594595462,"{""state_class"": ""total_increasing"", ""unit_of_measurement"": ""B"", ""device_class"": ""data_size"", ""friendly_name"": ""UPNP IGD Data received""}"
2025-08-10T18:18:25.175612,sensor.upnp_igd_data_sent,1293653992,1293686686,"{""state_class"": ""total_increasing"", ""unit_of_measurement"": ""B"", ""device_class"": ""data_size"", ""friendly_name"": ""UPNP IGD Data sent""}"
2025-08-10T18:18:25.177099,sensor.upnp_igd_packets_received,92687647,92688706,"{""state_class"": ""total_increasing"", ""unit_of_measurement"": ""packets"", ""friendly_name"": ""UPNP IGD Packets received""}"
2025-08-10T18:18:25.178502,sensor.upnp_igd_packets_sent,21165756,21165829,"{""state_class"": ""total_increasing"", ""unit_of_measurement"": ""packets"", ""friendly_name"": ""UPNP IGD Packets sent""}"
2025-08-10T18:18:25.179874,sensor.upnp_igd_uptime,1677233,1677263,"{""unit_of_measurement"": ""s"", ""device_class"": ""duration"", ""friendly_name"": ""UPNP IGD Uptime""}"
2025-08-10T18:18:25.181541,sensor.upnp_igd_download_speed,2.46513444257524,2.29796714534496,"{""state_class"": ""measurement"", ""unit_of_measurement"": ""KiB/s"", ""device_class"": ""data_rate"", ""friendly_name"": ""UPNP IGD Download speed""}"
2025-08-10T18:18:25.183392,sensor.upnp_igd_upload_speed,0.369032881851229,1.06428119121017,"{""state_class"": ""measurement"", ""unit_of_measurement"": ""KiB/s"", ""device_class"": ""data_rate"", ""friendly_name"": ""UPNP IGD Upload speed""}"
2025-08-10T18:18:25.184940,sensor.upnp_igd_packet_download_speed,35.9990160268953,35.3007754403672,"{""state_class"": ""measurement"", ""unit_of_measurement"": ""packets/s"", ""friendly_name"": ""UPNP IGD Packet download speed""}"
2025-08-10T18:18:25.186327,sensor.upnp_igd_packet_upload_speed,2.56659651302864,2.43338678672975,"{""state_class"": ""measurement"", ""unit_of_measurement"": ""packets/s"", ""friendly_name"": ""UPNP IGD Packet upload speed""}"
2025-08-10T18:18:55.150642,sensor.upnp_igd_data_received,2594595462,2595208934,"{""state_class"": ""total_increasing"", ""unit_of_measurement"": ""B"", ""device_class"": ""data_size"", ""friendly_name"": ""UPNP IGD Data received""}"
2025-08-10T18:18:55.152300,sensor.upnp_igd_data_sent,1293686686,1293727026,"{""state_class"": ""total_increasing"", ""unit_of_measurement"": ""B"", ""device_class"": ""data_size"", ""friendly_name"": ""UPNP IGD Data sent""}"
2025-08-10T18:18:55.153727,sensor.upnp_igd_packets_received,92688706,92690121,"{""state_class"": ""total_increasing"", ""unit_of_measurement"": ""packets"", ""friendly_name"": ""UPNP IGD Packets received""}"
2025-08-10T18:18:55.155059,sensor.upnp_igd_packets_sent,21165829,21165980,"{""state_class"": ""total_increasing"", ""unit_of_measurement"": ""packets"", ""friendly_name"": ""UPNP IGD Packets sent""}"
2025-08-10T18:18:55.156566,sensor.upnp_igd_uptime,1677263,1677293,"{""unit_of_measurement"": ""s"", ""device_class"": ""duration"", ""friendly_name"": ""UPNP IGD Uptime""}"
2025-08-10T18:18:55.158837,sensor.upnp_igd_download_speed,2.29796714534496,19.9697410766559,"{""state_class"": ""measurement"", ""unit_of_measurement"": ""KiB/s"", ""device_class"": ""data_rate"", ""friendly_name"": ""UPNP IGD Download speed""}"
2025-08-10T18:18:55.160531,sensor.upnp_igd_upload_speed,1.06428119121017,1.31314771502579,"{""state_class"": ""measurement"", ""unit_of_measurement"": ""KiB/s"", ""device_class"": ""data_rate"", ""friendly_name"": ""UPNP IGD Upload speed""}"
2025-08-10T18:18:55.161999,sensor.upnp_igd_packet_download_speed,35.3007754403672,47.1665471780805,"{""state_class"": ""measurement"", ""unit_of_measurement"": ""packets/s"", ""friendly_name"": ""UPNP IGD Packet download speed""}"
2025-08-10T18:18:55.163421,sensor.upnp_igd_packet_upload_speed,2.43338678672975,5.03332058225453,"{""state_class"": ""measurement"", ""unit_of_measurement"": ""packets/s"", ""friendly_name"": ""UPNP IGD Packet upload speed""}"
2025-08-10T18:19:10.259815,automation.aut_status_bruno,on,on,"{""id"": ""1751855857509"", ""last_triggered"": ""2025-08-10T21:19:10.252974+00:00"", ""mode"": ""single"", ""current"": 1, ""friendly_name"": ""aut-status-bruno""}"
2025-08-10T18:19:10.263023,automation.aut_status_bruno,on,on,"{""id"": ""1751855857509"", ""last_triggered"": ""2025-08-10T21:19:10.252974+00:00"", ""mode"": ""single"", ""current"": 0, ""friendly_name"": ""aut-status-bruno""}"
2025-08-10T18:19:25.151250,sensor.upnp_igd_data_received,2595208934,2595275851,"{""state_class"": ""total_increasing"", ""unit_of_measurement"": ""B"", ""device_class"": ""data_size"", ""friendly_name"": ""UPNP IGD Data received""}"
2025-08-10T18:19:25.152879,sensor.upnp_igd_data_sent,1293727026,1293746089,"{""state_class"": ""total_increasing"", ""unit_of_measurement"": ""B"", ""device_class"": ""data_size"", ""friendly_name"": ""UPNP IGD Data sent""}"
2025-08-10T18:19:25.154283,sensor.upnp_igd_packets_received,92690121,92691145,"{""state_class"": ""total_increasing"", ""unit_of_measurement"": ""packets"", ""friendly_name"": ""UPNP IGD Packets received""}"
2025-08-10T18:19:25.155707,sensor.upnp_igd_packets_sent,21165980,21166035,"{""state_class"": ""total_increasing"", ""unit_of_measurement"": ""packets"", ""friendly_name"": ""UPNP IGD Packets sent""}"
2025-08-10T18:19:25.157031,sensor.upnp_igd_uptime,1677293,1677323,"{""unit_of_measurement"": ""s"", ""device_class"": ""duration"", ""friendly_name"": ""UPNP IGD Uptime""}"
2025-08-10T18:19:25.158379,sensor.upnp_igd_download_speed,19.9697410766559,2.17824455856625,"{""state_class"": ""measurement"", ""unit_of_measurement"": ""KiB/s"", ""device_class"": ""data_rate"", ""friendly_name"": ""UPNP IGD Download speed""}"
2025-08-10T18:19:25.159855,sensor.upnp_igd_upload_speed,1.31314771502579,0.620528057443527,"{""state_class"": ""measurement"", ""unit_of_measurement"": ""KiB/s"", ""device_class"": ""data_rate"", ""friendly_name"": ""UPNP IGD Upload speed""}"
2025-08-10T18:19:25.161234,sensor.upnp_igd_packet_download_speed,47.1665471780805,34.132656368982,"{""state_class"": ""measurement"", ""unit_of_measurement"": ""packets/s"", ""friendly_name"": ""UPNP IGD Packet download speed""}"
2025-08-10T18:19:25.162625,sensor.upnp_igd_packet_upload_speed,5.03332058225453,1.83329697294337,"{""state_class"": ""measurement"", ""unit_of_measurement"": ""packets/s"", ""friendly_name"": ""UPNP IGD Packet upload speed""}"
2025-08-10T18:19:55.150890,sensor.upnp_igd_data_received,2595275851,2595346764,"{""state_class"": ""total_increasing"", ""unit_of_measurement"": ""B"", ""device_class"": ""data_size"", ""friendly_name"": ""UPNP IGD Data received""}"
2025-08-10T18:19:55.153419,sensor.upnp_igd_data_sent,1293746089,1293753557,"{""state_class"": ""total_increasing"", ""unit_of_measurement"": ""B"", ""device_class"": ""data_size"", ""friendly_name"": ""UPNP IGD Data sent""}"
2025-08-10T18:19:55.154876,sensor.upnp_igd_packets_received,92691145,92692171,"{""state_class"": ""total_increasing"", ""unit_of_measurement"": ""packets"", ""friendly_name"": ""UPNP IGD Packets received""}"
2025-08-10T18:19:55.156301,sensor.upnp_igd_packets_sent,21166035,21166086,"{""state_class"": ""total_increasing"", ""unit_of_measurement"": ""packets"", ""friendly_name"": ""UPNP IGD Packets sent""}"
2025-08-10T18:19:55.157660,sensor.upnp_igd_uptime,1677323,1677353,"{""unit_of_measurement"": ""s"", ""device_class"": ""duration"", ""friendly_name"": ""UPNP IGD Uptime""}"
2025-08-10T18:19:55.159047,sensor.upnp_igd_download_speed,2.17824455856625,2.30836280759959,"{""state_class"": ""measurement"", ""unit_of_measurement"": ""KiB/s"", ""device_class"": ""data_rate"", ""friendly_name"": ""UPNP IGD Download speed""}"
2025-08-10T18:19:55.160527,sensor.upnp_igd_upload_speed,0.620528057443527,0.243098634201821,"{""state_class"": ""measurement"", ""unit_of_measurement"": ""KiB/s"", ""device_class"": ""data_rate"", ""friendly_name"": ""UPNP IGD Upload speed""}"
2025-08-10T18:19:55.161970,sensor.upnp_igd_packet_download_speed,34.132656368982,34.1999544000608,"{""state_class"": ""measurement"", ""unit_of_measurement"": ""packets/s"", ""friendly_name"": ""UPNP IGD Packet download speed""}"
2025-08-10T18:19:55.163357,sensor.upnp_igd_packet_upload_speed,1.83329697294337,1.69999773333636,"{""state_class"": ""measurement"", ""unit_of_measurement"": ""packets/s"", ""friendly_name"": ""UPNP IGD Packet upload speed""}"
2025-08-10T18:20:10.261900,automation.aut_status_bruno,on,on,"{""id"": ""1751855857509"", ""last_triggered"": ""2025-08-10T21:20:10.253827+00:00"", ""mode"": ""single"", ""current"": 1, ""friendly_name"": ""aut-status-bruno""}"
2025-08-10T18:20:10.264296,automation.aut_status_bruno,on,on,"{""id"": ""1751855857509"", ""last_triggered"": ""2025-08-10T21:20:10.253827+00:00"", ""mode"": ""single"", ""current"": 0, ""friendly_name"": ""aut-status-bruno""}"
2025-08-10T18:20:11.227691,sensor.chewbacca_completion_time,2025-08-10T21:56:59+00:00,2025-08-10T21:59:11+00:00,"{""device_class"": ""timestamp"", ""friendly_name"": ""Chewbacca Completion time""}"
2025-08-10T18:20:11.248290,sensor.chewbacca_power,0,0,"{""state_class"": ""measurement"", ""power_consumption_start"": ""2025-08-10T21:17:59Z"", ""power_consumption_end"": ""2025-08-10T21:20:11Z"", ""unit_of_measurement"": ""W"", ""device_class"": ""power"", ""friendly_name"": ""Chewbacca Power""}"
2025-08-10T18:20:25.148270,sensor.upnp_igd_data_received,2595346764,2595413691,"{""state_class"": ""total_increasing"", ""unit_of_measurement"": ""B"", ""device_class"": ""data_size"", ""friendly_name"": ""UPNP IGD Data received""}"
2025-08-10T18:20:25.150370,sensor.upnp_igd_data_sent,1293753557,1293771012,"{""state_class"": ""total_increasing"", ""unit_of_measurement"": ""B"", ""device_class"": ""data_size"", ""friendly_name"": ""UPNP IGD Data sent""}"
2025-08-10T18:20:25.152655,sensor.upnp_igd_packets_received,92692171,92693192,"{""state_class"": ""total_increasing"", ""unit_of_measurement"": ""packets"", ""friendly_name"": ""UPNP IGD Packets received""}"
2025-08-10T18:20:25.154454,sensor.upnp_igd_packets_sent,21166086,21166138,"{""state_class"": ""total_increasing"", ""unit_of_measurement"": ""packets"", ""friendly_name"": ""UPNP IGD Packets sent""}"
2025-08-10T18:20:25.156182,sensor.upnp_igd_uptime,1677353,1677383,"{""unit_of_measurement"": ""s"", ""device_class"": ""duration"", ""friendly_name"": ""UPNP IGD Uptime""}"
2025-08-10T18:20:25.157887,sensor.upnp_igd_download_speed,2.30836280759959,2.17867246851873,"{""state_class"": ""measurement"", ""unit_of_measurement"": ""KiB/s"", ""device_class"": ""data_rate"", ""friendly_name"": ""UPNP IGD Download speed""}"
2025-08-10T18:20:25.159601,sensor.upnp_igd_upload_speed,0.243098634201821,0.568212051010719,"{""state_class"": ""measurement"", ""unit_of_measurement"": ""KiB/s"", ""device_class"": ""data_rate"", ""friendly_name"": ""UPNP IGD Upload speed""}"
2025-08-10T18:20:25.161349,sensor.upnp_igd_packet_download_speed,34.1999544000608,34.0342579306738,"{""state_class"": ""measurement"", ""unit_of_measurement"": ""packets/s"", ""friendly_name"": ""UPNP IGD Packet download speed""}"
2025-08-10T18:20:25.162985,sensor.upnp_igd_packet_upload_speed,1.69999773333636,1.73338042350151,"{""state_class"": ""measurement"", ""unit_of_measurement"": ""packets/s"", ""friendly_name"": ""UPNP IGD Packet upload speed""}"
2025-08-10T18:20:55.160967,sensor.upnp_igd_data_received,2595413691,2595481677,"{""state_class"": ""total_increasing"", ""unit_of_measurement"": ""B"", ""device_class"": ""data_size"", ""friendly_name"": ""UPNP IGD Data received""}"
2025-08-10T18:20:55.167840,sensor.upnp_igd_data_sent,1293771012,1293778797,"{""state_class"": ""total_increasing"", ""unit_of_measurement"": ""B"", ""device_class"": ""data_size"", ""friendly_name"": ""UPNP IGD Data sent""}"
2025-08-10T18:20:55.171244,sensor.upnp_igd_packets_received,92693192,92694174,"{""state_class"": ""total_increasing"", ""unit_of_measurement"": ""packets"", ""friendly_name"": ""UPNP IGD Packets received""}"
2025-08-10T18:20:55.174473,sensor.upnp_igd_packets_sent,21166138,21166185,"{""state_class"": ""total_increasing"", ""unit_of_measurement"": ""packets"", ""friendly_name"": ""UPNP IGD Packets sent""}"
2025-08-10T18:20:55.179090,sensor.upnp_igd_uptime,1677383,1677413,"{""unit_of_measurement"": ""s"", ""device_class"": ""duration"", ""friendly_name"": ""UPNP IGD Uptime""}"
2025-08-10T18:20:55.184776,sensor.upnp_igd_download_speed,2.17867246851873,2.21307774911233,"{""state_class"": ""measurement"", ""unit_of_measurement"": ""KiB/s"", ""device_class"": ""data_rate"", ""friendly_name"": ""UPNP IGD Download speed""}"
2025-08-10T18:20:55.189249,sensor.upnp_igd_upload_speed,0.568212051010719,0.253417031106985,"{""state_class"": ""measurement"", ""unit_of_measurement"": ""KiB/s"", ""device_class"": ""data_rate"", ""friendly_name"": ""UPNP IGD Upload speed""}"
2025-08-10T18:20:55.196978,sensor.upnp_igd_packet_download_speed,34.0342579306738,32.7332122204481,"{""state_class"": ""measurement"", ""unit_of_measurement"": ""packets/s"", ""friendly_name"": ""UPNP IGD Packet download speed""}"
2025-08-10T18:20:55.201401,sensor.upnp_igd_packet_upload_speed,1.73338042350151,1.56666087002145,"{""state_class"": ""measurement"", ""unit_of_measurement"": ""packets/s"", ""friendly_name"": ""UPNP IGD Packet upload speed""}"
2025-08-10T18:21:10.260696,automation.aut_status_bruno,on,on,"{""id"": ""1751855857509"", ""last_triggered"": ""2025-08-10T21:21:10.252957+00:00"", ""mode"": ""single"", ""current"": 1, ""friendly_name"": ""aut-status-bruno""}"
2025-08-10T18:21:10.263938,automation.aut_status_bruno,on,on,"{""id"": ""1751855857509"", ""last_triggered"": ""2025-08-10T21:21:10.252957+00:00"", ""mode"": ""single"", ""current"": 0, ""friendly_name"": ""aut-status-bruno""}"
2025-08-10T18:21:25.165206,sensor.upnp_igd_data_received,2595481677,2595547256,"{""state_class"": ""total_increasing"", ""unit_of_measurement"": ""B"", ""device_class"": ""data_size"", ""friendly_name"": ""UPNP IGD Data received""}"
2025-08-10T18:21:25.167730,sensor.upnp_igd_data_sent,1293778797,1293782199,"{""state_class"": ""total_increasing"", ""unit_of_measurement"": ""B"", ""device_class"": ""data_size"", ""friendly_name"": ""UPNP IGD Data sent""}"
2025-08-10T18:21:25.169293,sensor.upnp_igd_packets_received,92694174,92695177,"{""state_class"": ""total_increasing"", ""unit_of_measurement"": ""packets"", ""friendly_name"": ""UPNP IGD Packets received""}"
2025-08-10T18:21:25.170699,sensor.upnp_igd_packets_sent,21166185,21166222,"{""state_class"": ""total_increasing"", ""unit_of_measurement"": ""packets"", ""friendly_name"": ""UPNP IGD Packets sent""}"
2025-08-10T18:21:25.172092,sensor.upnp_igd_uptime,1677413,1677443,"{""unit_of_measurement"": ""s"", ""device_class"": ""duration"", ""friendly_name"": ""UPNP IGD Uptime""}"
2025-08-10T18:21:25.173503,sensor.upnp_igd_download_speed,2.21307774911233,2.1347036851626,"{""state_class"": ""measurement"", ""unit_of_measurement"": ""KiB/s"", ""device_class"": ""data_rate"", ""friendly_name"": ""UPNP IGD Download speed""}"
2025-08-10T18:21:25.174975,sensor.upnp_igd_upload_speed,0.253417031106985,0.110740662970206,"{""state_class"": ""measurement"", ""unit_of_measurement"": ""KiB/s"", ""device_class"": ""data_rate"", ""friendly_name"": ""UPNP IGD Upload speed""}"
2025-08-10T18:21:25.176503,sensor.upnp_igd_packet_download_speed,32.7332122204481,33.432873074114,"{""state_class"": ""measurement"", ""unit_of_measurement"": ""packets/s"", ""friendly_name"": ""UPNP IGD Packet download speed""}"
2025-08-10T18:21:25.178402,sensor.upnp_igd_packet_upload_speed,1.56666087002145,1.23331635467818,"{""state_class"": ""measurement"", ""unit_of_measurement"": ""packets/s"", ""friendly_name"": ""UPNP IGD Packet upload speed""}"
2025-08-10T18:21:55.168085,sensor.upnp_igd_data_received,2595547256,2595620655,"{""state_class"": ""total_increasing"", ""unit_of_measurement"": ""B"", ""device_class"": ""data_size"", ""friendly_name"": ""UPNP IGD Data received""}"
2025-08-10T18:21:55.169958,sensor.upnp_igd_data_sent,1293782199,1293791678,"{""state_class"": ""total_increasing"", ""unit_of_measurement"": ""B"", ""device_class"": ""data_size"", ""friendly_name"": ""UPNP IGD Data sent""}"
2025-08-10T18:21:55.171533,sensor.upnp_igd_packets_received,92695177,92696234,"{""state_class"": ""total_increasing"", ""unit_of_measurement"": ""packets"", ""friendly_name"": ""UPNP IGD Packets received""}"
2025-08-10T18:21:55.172917,sensor.upnp_igd_packets_sent,21166222,21166290,"{""state_class"": ""total_increasing"", ""unit_of_measurement"": ""packets"", ""friendly_name"": ""UPNP IGD Packets sent""}"
2025-08-10T18:21:55.174330,sensor.upnp_igd_uptime,1677443,1677473,"{""unit_of_measurement"": ""s"", ""device_class"": ""duration"", ""friendly_name"": ""UPNP IGD Uptime""}"
2025-08-10T18:21:55.175848,sensor.upnp_igd_download_speed,2.1347036851626,2.3892769049901,"{""state_class"": ""measurement"", ""unit_of_measurement"": ""KiB/s"", ""device_class"": ""data_rate"", ""friendly_name"": ""UPNP IGD Download speed""}"
2025-08-10T18:21:55.177254,sensor.upnp_igd_upload_speed,0.110740662970206,0.308559459698377,"{""state_class"": ""measurement"", ""unit_of_measurement"": ""KiB/s"", ""device_class"": ""data_rate"", ""friendly_name"": ""UPNP IGD Upload speed""}"
2025-08-10T18:21:55.178651,sensor.upnp_igd_packet_download_speed,33.432873074114,35.2331348533403,"{""state_class"": ""measurement"", ""unit_of_measurement"": ""packets/s"", ""friendly_name"": ""UPNP IGD Packet download speed""}"
2025-08-10T18:21:55.180136,sensor.upnp_igd_packet_upload_speed,1.23331635467818,2.26665389784971,"{""state_class"": ""measurement"", ""unit_of_measurement"": ""packets/s"", ""friendly_name"": ""UPNP IGD Packet upload speed""}"
2025-08-10T18:22:10.259690,automation.aut_status_bruno,on,on,"{""id"": ""1751855857509"", ""last_triggered"": ""2025-08-10T21:22:10.253052+00:00"", ""mode"": ""single"", ""current"": 1, ""friendly_name"": ""aut-status-bruno""}"
2025-08-10T18:22:10.261885,automation.aut_status_bruno,on,on,"{""id"": ""1751855857509"", ""last_triggered"": ""2025-08-10T21:22:10.253052+00:00"", ""mode"": ""single"", ""current"": 0, ""friendly_name"": ""aut-status-bruno""}"
2025-08-10T18:22:25.152083,sensor.upnp_igd_data_received,2595620655,2595685256,"{""state_class"": ""total_increasing"", ""unit_of_measurement"": ""B"", ""device_class"": ""data_size"", ""friendly_name"": ""UPNP IGD Data received""}"
2025-08-10T18:22:25.154526,sensor.upnp_igd_data_sent,1293791678,1293797372,"{""state_class"": ""total_increasing"", ""unit_of_measurement"": ""B"", ""device_class"": ""data_size"", ""friendly_name"": ""UPNP IGD Data sent""}"
2025-08-10T18:22:25.157690,sensor.upnp_igd_packets_received,92696234,92697225,"{""state_class"": ""total_increasing"", ""unit_of_measurement"": ""packets"", ""friendly_name"": ""UPNP IGD Packets received""}"
2025-08-10T18:22:25.159226,sensor.upnp_igd_packets_sent,21166290,21166334,"{""state_class"": ""total_increasing"", ""unit_of_measurement"": ""packets"", ""friendly_name"": ""UPNP IGD Packets sent""}"
2025-08-10T18:22:25.161117,sensor.upnp_igd_uptime,1677473,1677503,"{""unit_of_measurement"": ""s"", ""device_class"": ""duration"", ""friendly_name"": ""UPNP IGD Uptime""}"
2025-08-10T18:22:25.163398,sensor.upnp_igd_download_speed,2.3892769049901,2.10291690283555,"{""state_class"": ""measurement"", ""unit_of_measurement"": ""KiB/s"", ""device_class"": ""data_rate"", ""friendly_name"": ""UPNP IGD Download speed""}"
2025-08-10T18:22:25.164975,sensor.upnp_igd_upload_speed,0.308559459698377,0.185353304821065,"{""state_class"": ""measurement"", ""unit_of_measurement"": ""KiB/s"", ""device_class"": ""data_rate"", ""friendly_name"": ""UPNP IGD Upload speed""}"
2025-08-10T18:22:25.166377,sensor.upnp_igd_packet_download_speed,35.2331348533403,33.0336438495855,"{""state_class"": ""measurement"", ""unit_of_measurement"": ""packets/s"", ""friendly_name"": ""UPNP IGD Packet download speed""}"
2025-08-10T18:22:25.167779,sensor.upnp_igd_packet_upload_speed,2.26665389784971,1.46668045346293,"{""state_class"": ""measurement"", ""unit_of_measurement"": ""packets/s"", ""friendly_name"": ""UPNP IGD Packet upload speed""}"
2025-08-10T18:22:55.150961,sensor.upnp_igd_data_received,2595685256,2595756864,"{""state_class"": ""total_increasing"", ""unit_of_measurement"": ""B"", ""device_class"": ""data_size"", ""friendly_name"": ""UPNP IGD Data received""}"
2025-08-10T18:22:55.152726,sensor.upnp_igd_data_sent,1293797372,1293805249,"{""state_class"": ""total_increasing"", ""unit_of_measurement"": ""B"", ""device_class"": ""data_size"", ""friendly_name"": ""UPNP IGD Data sent""}"
2025-08-10T18:22:55.154163,sensor.upnp_igd_packets_received,92697225,92698260,"{""state_class"": ""total_increasing"", ""unit_of_measurement"": ""packets"", ""friendly_name"": ""UPNP IGD Packets received""}"
2025-08-10T18:22:55.155590,sensor.upnp_igd_packets_sent,21166334,21166389,"{""state_class"": ""total_increasing"", ""unit_of_measurement"": ""packets"", ""friendly_name"": ""UPNP IGD Packets sent""}"
2025-08-10T18:22:55.157121,sensor.upnp_igd_uptime,1677503,1677533,"{""unit_of_measurement"": ""s"", ""device_class"": ""duration"", ""friendly_name"": ""UPNP IGD Uptime""}"
2025-08-10T18:22:55.158579,sensor.upnp_igd_download_speed,2.10291690283555,2.33098764084363,"{""state_class"": ""measurement"", ""unit_of_measurement"": ""KiB/s"", ""device_class"": ""data_rate"", ""friendly_name"": ""UPNP IGD Download speed""}"
2025-08-10T18:22:55.160086,sensor.upnp_igd_upload_speed,0.185353304821065,0.256412546739544,"{""state_class"": ""measurement"", ""unit_of_measurement"": ""KiB/s"", ""device_class"": ""data_rate"", ""friendly_name"": ""UPNP IGD Upload speed""}"
2025-08-10T18:22:55.161479,sensor.upnp_igd_packet_download_speed,33.0336438495855,34.499971250024,"{""state_class"": ""measurement"", ""unit_of_measurement"": ""packets/s"", ""friendly_name"": ""UPNP IGD Packet download speed""}"
2025-08-10T18:22:55.162882,sensor.upnp_igd_packet_upload_speed,1.46668045346293,1.83333180555683,"{""state_class"": ""measurement"", ""unit_of_measurement"": ""packets/s"", ""friendly_name"": ""UPNP IGD Packet upload speed""}"
2025-08-10T18:22:56.934412,camera.192_168_0_33,idle,idle,"{""access_token"": ""4c8a0cc335f2b20564fa9cbe571b14e0b43414dae335e94950f117fb8f2b94da"", ""entity_picture"": ""/api/camera_proxy/camera.192_168_0_33?token=4c8a0cc335f2b20564fa9cbe571b14e0b43414dae335e94950f117fb8f2b94da"", ""friendly_name"": ""192_168_0_14"", ""supported_features"": 2}"
2025-08-10T18:22:56.936226,camera.admin_mainstream,idle,idle,"{""access_token"": ""90fc08d257d4dd06ec3335590f44b85847e8a5b37d191cb2fd12ec0f5adb8097"", ""entity_picture"": ""/api/camera_proxy/camera.admin_mainstream?token=90fc08d257d4dd06ec3335590f44b85847e8a5b37d191cb2fd12ec0f5adb8097"", ""friendly_name"": ""admin MainStream"", ""supported_features"": 2}"
2025-08-10T18:22:56.937849,camera.admin_substream,idle,idle,"{""access_token"": ""b2169b68ee8309c9e92f2f89c48b1cca44fc744b43c78c0cbb970f86ab8d4f7e"", ""entity_picture"": ""/api/camera_proxy/camera.admin_substream?token=b2169b68ee8309c9e92f2f89c48b1cca44fc744b43c78c0cbb970f86ab8d4f7e"", ""friendly_name"": ""admin SubStream"", ""supported_features"": 2}"
2025-08-10T18:23:10.259134,automation.aut_status_bruno,on,on,"{""id"": ""1751855857509"", ""last_triggered"": ""2025-08-10T21:23:10.252466+00:00"", ""mode"": ""single"", ""current"": 1, ""friendly_name"": ""aut-status-bruno""}"
2025-08-10T18:23:10.261487,automation.aut_status_bruno,on,on,"{""id"": ""1751855857509"", ""last_triggered"": ""2025-08-10T21:23:10.252466+00:00"", ""mode"": ""single"", ""current"": 0, ""friendly_name"": ""aut-status-bruno""}"
2025-08-10T18:23:25.146523,sensor.upnp_igd_data_received,2595756864,2595822277,"{""state_class"": ""total_increasing"", ""unit_of_measurement"": ""B"", ""device_class"": ""data_size"", ""friendly_name"": ""UPNP IGD Data received""}"
2025-08-10T18:23:25.148391,sensor.upnp_igd_data_sent,1293805249,1293810029,"{""state_class"": ""total_increasing"", ""unit_of_measurement"": ""B"", ""device_class"": ""data_size"", ""friendly_name"": ""UPNP IGD Data sent""}"
2025-08-10T18:23:25.149865,sensor.upnp_igd_packets_received,92698260,92699247,"{""state_class"": ""total_increasing"", ""unit_of_measurement"": ""packets"", ""friendly_name"": ""UPNP IGD Packets received""}"
2025-08-10T18:23:25.151184,sensor.upnp_igd_packets_sent,21166389,21166432,"{""state_class"": ""total_increasing"", ""unit_of_measurement"": ""packets"", ""friendly_name"": ""UPNP IGD Packets sent""}"
2025-08-10T18:23:25.152573,sensor.upnp_igd_uptime,1677533,1677563,"{""unit_of_measurement"": ""s"", ""device_class"": ""duration"", ""friendly_name"": ""UPNP IGD Uptime""}"
2025-08-10T18:23:25.153994,sensor.upnp_igd_download_speed,2.33098764084363,2.12935732166425,"{""state_class"": ""measurement"", ""unit_of_measurement"": ""KiB/s"", ""device_class"": ""data_rate"", ""friendly_name"": ""UPNP IGD Download speed""}"
2025-08-10T18:23:25.155445,sensor.upnp_igd_upload_speed,0.256412546739544,0.15560099670639,"{""state_class"": ""measurement"", ""unit_of_measurement"": ""KiB/s"", ""device_class"": ""data_rate"", ""friendly_name"": ""UPNP IGD Upload speed""}"
2025-08-10T18:23:25.156837,sensor.upnp_igd_packet_download_speed,34.499971250024,32.900430995646,"{""state_class"": ""measurement"", ""unit_of_measurement"": ""packets/s"", ""friendly_name"": ""UPNP IGD Packet download speed""}"
2025-08-10T18:23:25.158194,sensor.upnp_igd_packet_upload_speed,1.83333180555683,1.43335211024598,"{""state_class"": ""measurement"", ""unit_of_measurement"": ""packets/s"", ""friendly_name"": ""UPNP IGD Packet upload speed""}"
2025-08-10T18:23:51.093791,sun.sun,below_horizon,below_horizon,"{""next_dawn"": ""2025-08-11T08:27:53.857044+00:00"", ""next_dusk"": ""2025-08-11T20:50:42.399850+00:00"", ""next_midnight"": ""2025-08-11T02:39:14+00:00"", ""next_noon"": ""2025-08-11T14:39:20+00:00"", ""next_rising"": ""2025-08-11T08:50:14.762951+00:00"", ""next_setting"": ""2025-08-11T20:28:21.828254+00:00"", ""elevation"": -13.9, ""azimuth"": 282.79, ""rising"": false, ""friendly_name"": ""Sun""}"
2025-08-10T18:23:55.150888,sensor.upnp_igd_data_received,2595822277,2596448893,"{""state_class"": ""total_increasing"", ""unit_of_measurement"": ""B"", ""device_class"": ""data_size"", ""friendly_name"": ""UPNP IGD Data received""}"
2025-08-10T18:23:55.152677,sensor.upnp_igd_data_sent,1293810029,1293830533,"{""state_class"": ""total_increasing"", ""unit_of_measurement"": ""B"", ""device_class"": ""data_size"", ""friendly_name"": ""UPNP IGD Data sent""}"
2025-08-10T18:23:55.154003,sensor.upnp_igd_packets_received,92699247,92700687,"{""state_class"": ""total_increasing"", ""unit_of_measurement"": ""packets"", ""friendly_name"": ""UPNP IGD Packets received""}"
2025-08-10T18:23:55.155165,sensor.upnp_igd_packets_sent,21166432,21166617,"{""state_class"": ""total_increasing"", ""unit_of_measurement"": ""packets"", ""friendly_name"": ""UPNP IGD Packets sent""}"
2025-08-10T18:23:55.157928,sensor.upnp_igd_uptime,1677563,1677593,"{""unit_of_measurement"": ""s"", ""device_class"": ""duration"", ""friendly_name"": ""UPNP IGD Uptime""}"
2025-08-10T18:23:55.159391,sensor.upnp_igd_download_speed,2.12935732166425,20.3974509156608,"{""state_class"": ""measurement"", ""unit_of_measurement"": ""KiB/s"", ""device_class"": ""data_rate"", ""friendly_name"": ""UPNP IGD Download speed""}"
2025-08-10T18:23:55.160854,sensor.upnp_igd_upload_speed,0.15560099670639,0.667441197758609,"{""state_class"": ""measurement"", ""unit_of_measurement"": ""KiB/s"", ""device_class"": ""data_rate"", ""friendly_name"": ""UPNP IGD Upload speed""}"
2025-08-10T18:23:55.162265,sensor.upnp_igd_packet_download_speed,32.900430995646,47.9995168048642,"{""state_class"": ""measurement"", ""unit_of_measurement"": ""packets/s"", ""friendly_name"": ""UPNP IGD Packet download speed""}"
2025-08-10T18:23:55.163695,sensor.upnp_igd_packet_upload_speed,1.43335211024598,6.1666045895138,"{""state_class"": ""measurement"", ""unit_of_measurement"": ""packets/s"", ""friendly_name"": ""UPNP IGD Packet upload speed""}"
2025-08-10T18:24:10.259155,automation.aut_status_bruno,on,on,"{""id"": ""1751855857509"", ""last_triggered"": ""2025-08-10T21:24:10.252624+00:00"", ""mode"": ""single"", ""current"": 1, ""friendly_name"": ""aut-status-bruno""}"
2025-08-10T18:24:10.261557,automation.aut_status_bruno,on,on,"{""id"": ""1751855857509"", ""last_triggered"": ""2025-08-10T21:24:10.252624+00:00"", ""mode"": ""single"", ""current"": 0, ""friendly_name"": ""aut-status-bruno""}"
2025-08-10T18:24:25.147440,sensor.upnp_igd_data_received,2596448893,2596517012,"{""state_class"": ""total_increasing"", ""unit_of_measurement"": ""B"", ""device_class"": ""data_size"", ""friendly_name"": ""UPNP IGD Data received""}"
2025-08-10T18:24:25.149880,sensor.upnp_igd_data_sent,1293830533,1293835967,"{""state_class"": ""total_increasing"", ""unit_of_measurement"": ""B"", ""device_class"": ""data_size"", ""friendly_name"": ""UPNP IGD Data sent""}"
2025-08-10T18:24:25.151447,sensor.upnp_igd_packets_received,92700687,92701699,"{""state_class"": ""total_increasing"", ""unit_of_measurement"": ""packets"", ""friendly_name"": ""UPNP IGD Packets received""}"
2025-08-10T18:24:25.152869,sensor.upnp_igd_packets_sent,21166617,21166667,"{""state_class"": ""total_increasing"", ""unit_of_measurement"": ""packets"", ""friendly_name"": ""UPNP IGD Packets sent""}"
2025-08-10T18:24:25.154213,sensor.upnp_igd_uptime,1677593,1677623,"{""unit_of_measurement"": ""s"", ""device_class"": ""duration"", ""friendly_name"": ""UPNP IGD Uptime""}"
2025-08-10T18:24:25.155679,sensor.upnp_igd_download_speed,20.3974509156608,2.21740464712754,"{""state_class"": ""measurement"", ""unit_of_measurement"": ""KiB/s"", ""device_class"": ""data_rate"", ""friendly_name"": ""UPNP IGD Download speed""}"
2025-08-10T18:24:25.157170,sensor.upnp_igd_upload_speed,0.667441197758609,0.176887165878698,"{""state_class"": ""measurement"", ""unit_of_measurement"": ""KiB/s"", ""device_class"": ""data_rate"", ""friendly_name"": ""UPNP IGD Upload speed""}"
2025-08-10T18:24:25.158566,sensor.upnp_igd_packet_download_speed,47.9995168048642,33.7331702896769,"{""state_class"": ""measurement"", ""unit_of_measurement"": ""packets/s"", ""friendly_name"": ""UPNP IGD Packet download speed""}"
2025-08-10T18:24:25.159988,sensor.upnp_igd_packet_upload_speed,6.1666045895138,1.66665861115005,"{""state_class"": ""measurement"", ""unit_of_measurement"": ""packets/s"", ""friendly_name"": ""UPNP IGD Packet upload speed""}"
2025-08-10T18:24:55.148196,sensor.upnp_igd_data_received,2596517012,2596591711,"{""state_class"": ""total_increasing"", ""unit_of_measurement"": ""B"", ""device_class"": ""data_size"", ""friendly_name"": ""UPNP IGD Data received""}"
2025-08-10T18:24:55.150112,sensor.upnp_igd_data_sent,1293835967,1293844583,"{""state_class"": ""total_increasing"", ""unit_of_measurement"": ""B"", ""device_class"": ""data_size"", ""friendly_name"": ""UPNP IGD Data sent""}"
2025-08-10T18:24:55.151627,sensor.upnp_igd_packets_received,92701699,92702778,"{""state_class"": ""total_increasing"", ""unit_of_measurement"": ""packets"", ""friendly_name"": ""UPNP IGD Packets received""}"
2025-08-10T18:24:55.153038,sensor.upnp_igd_packets_sent,21166667,21166727,"{""state_class"": ""total_increasing"", ""unit_of_measurement"": ""packets"", ""friendly_name"": ""UPNP IGD Packets sent""}"
2025-08-10T18:24:55.154350,sensor.upnp_igd_uptime,1677623,1677653,"{""unit_of_measurement"": ""s"", ""device_class"": ""duration"", ""friendly_name"": ""UPNP IGD Uptime""}"
2025-08-10T18:24:55.155759,sensor.upnp_igd_download_speed,2.21740464712754,2.43164803299934,"{""state_class"": ""measurement"", ""unit_of_measurement"": ""KiB/s"", ""device_class"": ""data_rate"", ""friendly_name"": ""UPNP IGD Download speed""}"
2025-08-10T18:24:55.157198,sensor.upnp_igd_upload_speed,0.176887165878698,0.280473359112201,"{""state_class"": ""measurement"", ""unit_of_measurement"": ""KiB/s"", ""device_class"": ""data_rate"", ""friendly_name"": ""UPNP IGD Upload speed""}"
2025-08-10T18:24:55.158640,sensor.upnp_igd_packet_download_speed,33.7331702896769,35.967257728602,"{""state_class"": ""measurement"", ""unit_of_measurement"": ""packets/s"", ""friendly_name"": ""UPNP IGD Packet download speed""}"
2025-08-10T18:24:55.160080,sensor.upnp_igd_packet_upload_speed,1.66665861115005,2.00003286720678,"{""state_class"": ""measurement"", ""unit_of_measurement"": ""packets/s"", ""friendly_name"": ""UPNP IGD Packet upload speed""}"
2025-08-10T18:25:10.259396,automation.aut_status_bruno,on,on,"{""id"": ""1751855857509"", ""last_triggered"": ""2025-08-10T21:25:10.252989+00:00"", ""mode"": ""single"", ""current"": 1, ""friendly_name"": ""aut-status-bruno""}"
2025-08-10T18:25:10.261643,automation.aut_status_bruno,on,on,"{""id"": ""1751855857509"", ""last_triggered"": ""2025-08-10T21:25:10.252989+00:00"", ""mode"": ""single"", ""current"": 0, ""friendly_name"": ""aut-status-bruno""}"
2025-08-10T18:25:25.148463,sensor.upnp_igd_data_received,2596591711,2596658223,"{""state_class"": ""total_increasing"", ""unit_of_measurement"": ""B"", ""device_class"": ""data_size"", ""friendly_name"": ""UPNP IGD Data received""}"
2025-08-10T18:25:25.151232,sensor.upnp_igd_data_sent,1293844583,1293847686,"{""state_class"": ""total_increasing"", ""unit_of_measurement"": ""B"", ""device_class"": ""data_size"", ""friendly_name"": ""UPNP IGD Data sent""}"
2025-08-10T18:25:25.152863,sensor.upnp_igd_packets_received,92702778,92703796,"{""state_class"": ""total_increasing"", ""unit_of_measurement"": ""packets"", ""friendly_name"": ""UPNP IGD Packets received""}"
2025-08-10T18:25:25.154280,sensor.upnp_igd_packets_sent,21166727,21166760,"{""state_class"": ""total_increasing"", ""unit_of_measurement"": ""packets"", ""friendly_name"": ""UPNP IGD Packets sent""}"
2025-08-10T18:25:25.155653,sensor.upnp_igd_uptime,1677653,1677683,"{""unit_of_measurement"": ""s"", ""device_class"": ""duration"", ""friendly_name"": ""UPNP IGD Uptime""}"
2025-08-10T18:25:25.157070,sensor.upnp_igd_download_speed,2.43164803299934,2.16507068024015,"{""state_class"": ""measurement"", ""unit_of_measurement"": ""KiB/s"", ""device_class"": ""data_rate"", ""friendly_name"": ""UPNP IGD Download speed""}"
2025-08-10T18:25:25.158491,sensor.upnp_igd_upload_speed,0.280473359112201,0.101007552333191,"{""state_class"": ""measurement"", ""unit_of_measurement"": ""KiB/s"", ""device_class"": ""data_rate"", ""friendly_name"": ""UPNP IGD Upload speed""}"
2025-08-10T18:25:25.159955,sensor.upnp_igd_packet_download_speed,35.967257728602,33.9328085058951,"{""state_class"": ""measurement"", ""unit_of_measurement"": ""packets/s"", ""friendly_name"": ""UPNP IGD Packet download speed""}"
2025-08-10T18:25:25.161374,sensor.upnp_igd_packet_upload_speed,2.00003286720678,1.0999829869298,"{""state_class"": ""measurement"", ""unit_of_measurement"": ""packets/s"", ""friendly_name"": ""UPNP IGD Packet upload speed""}"
2025-08-10T18:25:55.183692,sensor.upnp_igd_data_received,2596658223,2596738101,"{""state_class"": ""total_increasing"", ""unit_of_measurement"": ""B"", ""device_class"": ""data_size"", ""friendly_name"": ""UPNP IGD Data received""}"
2025-08-10T18:25:55.185854,sensor.upnp_igd_data_sent,1293847686,1293858994,"{""state_class"": ""total_increasing"", ""unit_of_measurement"": ""B"", ""device_class"": ""data_size"", ""friendly_name"": ""UPNP IGD Data sent""}"
2025-08-10T18:25:55.187907,sensor.upnp_igd_packets_received,92703796,92704875,"{""state_class"": ""total_increasing"", ""unit_of_measurement"": ""packets"", ""friendly_name"": ""UPNP IGD Packets received""}"
2025-08-10T18:25:55.189917,sensor.upnp_igd_packets_sent,21166760,21166834,"{""state_class"": ""total_increasing"", ""unit_of_measurement"": ""packets"", ""friendly_name"": ""UPNP IGD Packets sent""}"
2025-08-10T18:25:55.192143,sensor.upnp_igd_uptime,1677683,1677713,"{""unit_of_measurement"": ""s"", ""device_class"": ""duration"", ""friendly_name"": ""UPNP IGD Uptime""}"
2025-08-10T18:25:55.194103,sensor.upnp_igd_download_speed,2.16507068024015,2.60009737549886,"{""state_class"": ""measurement"", ""unit_of_measurement"": ""KiB/s"", ""device_class"": ""data_rate"", ""friendly_name"": ""UPNP IGD Download speed""}"
2025-08-10T18:25:55.196260,sensor.upnp_igd_upload_speed,0.101007552333191,0.3680850937948,"{""state_class"": ""measurement"", ""unit_of_measurement"": ""KiB/s"", ""device_class"": ""data_rate"", ""friendly_name"": ""UPNP IGD Upload speed""}"
2025-08-10T18:25:55.198074,sensor.upnp_igd_packet_download_speed,33.9328085058951,35.965311973249,"{""state_class"": ""measurement"", ""unit_of_measurement"": ""packets/s"", ""friendly_name"": ""UPNP IGD Packet download speed""}"
2025-08-10T18:25:55.199926,sensor.upnp_igd_packet_upload_speed,1.0999829869298,2.46657375905508,"{""state_class"": ""measurement"", ""unit_of_measurement"": ""packets/s"", ""friendly_name"": ""UPNP IGD Packet upload speed""}"
2025-08-10T18:26:10.260122,automation.aut_status_bruno,on,on,"{""id"": ""1751855857509"", ""last_triggered"": ""2025-08-10T21:26:10.252819+00:00"", ""mode"": ""single"", ""current"": 1, ""friendly_name"": ""aut-status-bruno""}"
2025-08-10T18:26:10.262216,automation.aut_status_bruno,on,on,"{""id"": ""1751855857509"", ""last_triggered"": ""2025-08-10T21:26:10.252819+00:00"", ""mode"": ""single"", ""current"": 0, ""friendly_name"": ""aut-status-bruno""}"
2025-08-10T18:26:25.149690,sensor.upnp_igd_data_received,2596738101,2596803255,"{""state_class"": ""total_increasing"", ""unit_of_measurement"": ""B"", ""device_class"": ""data_size"", ""friendly_name"": ""UPNP IGD Data received""}"
2025-08-10T18:26:25.152139,sensor.upnp_igd_data_sent,1293858994,1293862328,"{""state_class"": ""total_increasing"", ""unit_of_measurement"": ""B"", ""device_class"": ""data_size"", ""friendly_name"": ""UPNP IGD Data sent""}"
2025-08-10T18:26:25.153602,sensor.upnp_igd_packets_received,92704875,92705872,"{""state_class"": ""total_increasing"", ""unit_of_measurement"": ""packets"", ""friendly_name"": ""UPNP IGD Packets received""}"
2025-08-10T18:26:25.155891,sensor.upnp_igd_packets_sent,21166834,21166870,"{""state_class"": ""total_increasing"", ""unit_of_measurement"": ""packets"", ""friendly_name"": ""UPNP IGD Packets sent""}"
2025-08-10T18:26:25.157323,sensor.upnp_igd_uptime,1677713,1677743,"{""unit_of_measurement"": ""s"", ""device_class"": ""duration"", ""friendly_name"": ""UPNP IGD Uptime""}"
2025-08-10T18:26:25.158731,sensor.upnp_igd_download_speed,2.60009737549886,2.12096517720424,"{""state_class"": ""measurement"", ""unit_of_measurement"": ""KiB/s"", ""device_class"": ""data_rate"", ""friendly_name"": ""UPNP IGD Download speed""}"
2025-08-10T18:26:25.160175,sensor.upnp_igd_upload_speed,0.3680850937948,0.108532060975519,"{""state_class"": ""measurement"", ""unit_of_measurement"": ""KiB/s"", ""device_class"": ""data_rate"", ""friendly_name"": ""UPNP IGD Upload speed""}"
2025-08-10T18:26:25.161544,sensor.upnp_igd_packet_download_speed,35.965311973249,33.2343791084626,"{""state_class"": ""measurement"", ""unit_of_measurement"": ""packets/s"", ""friendly_name"": ""UPNP IGD Packet download speed""}"
2025-08-10T18:26:25.162891,sensor.upnp_igd_packet_upload_speed,2.46657375905508,1.20003776118822,"{""state_class"": ""measurement"", ""unit_of_measurement"": ""packets/s"", ""friendly_name"": ""UPNP IGD Packet upload speed""}"
2025-08-10T18:26:55.148493,sensor.upnp_igd_data_received,2596803255,2596873688,"{""state_class"": ""total_increasing"", ""unit_of_measurement"": ""B"", ""device_class"": ""data_size"", ""friendly_name"": ""UPNP IGD Data received""}"
2025-08-10T18:26:55.151291,sensor.upnp_igd_data_sent,1293862328,1293869195,"{""state_class"": ""total_increasing"", ""unit_of_measurement"": ""B"", ""device_class"": ""data_size"", ""friendly_name"": ""UPNP IGD Data sent""}"
2025-08-10T18:26:55.152890,sensor.upnp_igd_packets_received,92705872,92706895,"{""state_class"": ""total_increasing"", ""unit_of_measurement"": ""packets"", ""friendly_name"": ""UPNP IGD Packets received""}"
2025-08-10T18:26:55.154254,sensor.upnp_igd_packets_sent,21166870,21166915,"{""state_class"": ""total_increasing"", ""unit_of_measurement"": ""packets"", ""friendly_name"": ""UPNP IGD Packets sent""}"
2025-08-10T18:26:55.155707,sensor.upnp_igd_uptime,1677743,1677773,"{""unit_of_measurement"": ""s"", ""device_class"": ""duration"", ""friendly_name"": ""UPNP IGD Uptime""}"
2025-08-10T18:26:55.157353,sensor.upnp_igd_download_speed,2.12096517720424,2.29277665273245,"{""state_class"": ""measurement"", ""unit_of_measurement"": ""KiB/s"", ""device_class"": ""data_rate"", ""friendly_name"": ""UPNP IGD Download speed""}"
2025-08-10T18:26:55.159148,sensor.upnp_igd_upload_speed,0.108532060975519,0.223538643452838,"{""state_class"": ""measurement"", ""unit_of_measurement"": ""KiB/s"", ""device_class"": ""data_rate"", ""friendly_name"": ""UPNP IGD Upload speed""}"
2025-08-10T18:26:55.160706,sensor.upnp_igd_packet_download_speed,33.2343791084626,34.1005319682987,"{""state_class"": ""measurement"", ""unit_of_measurement"": ""packets/s"", ""friendly_name"": ""UPNP IGD Packet download speed""}"
2025-08-10T18:26:55.162168,sensor.upnp_igd_packet_upload_speed,1.20003776118822,1.50002340036505,"{""state_class"": ""measurement"", ""unit_of_measurement"": ""packets/s"", ""friendly_name"": ""UPNP IGD Packet upload speed""}"
2025-08-10T18:27:10.260112,automation.aut_status_bruno,on,on,"{""id"": ""1751855857509"", ""last_triggered"": ""2025-08-10T21:27:10.252804+00:00"", ""mode"": ""single"", ""current"": 1, ""friendly_name"": ""aut-status-bruno""}"
2025-08-10T18:27:10.262212,automation.aut_status_bruno,on,on,"{""id"": ""1751855857509"", ""last_triggered"": ""2025-08-10T21:27:10.252804+00:00"", ""mode"": ""single"", ""current"": 0, ""friendly_name"": ""aut-status-bruno""}"
2025-08-10T18:27:25.151915,sensor.upnp_igd_data_received,2596873688,2596941879,"{""state_class"": ""total_increasing"", ""unit_of_measurement"": ""B"", ""device_class"": ""data_size"", ""friendly_name"": ""UPNP IGD Data received""}"
2025-08-10T18:27:25.153555,sensor.upnp_igd_data_sent,1293869195,1293872732,"{""state_class"": ""total_increasing"", ""unit_of_measurement"": ""B"", ""device_class"": ""data_size"", ""friendly_name"": ""UPNP IGD Data sent""}"
2025-08-10T18:27:25.155059,sensor.upnp_igd_packets_received,92706895,92707938,"{""state_class"": ""total_increasing"", ""unit_of_measurement"": ""packets"", ""friendly_name"": ""UPNP IGD Packets received""}"
2025-08-10T18:27:25.156507,sensor.upnp_igd_packets_sent,21166915,21166952,"{""state_class"": ""total_increasing"", ""unit_of_measurement"": ""packets"", ""friendly_name"": ""UPNP IGD Packets sent""}"
2025-08-10T18:27:25.157866,sensor.upnp_igd_uptime,1677773,1677803,"{""unit_of_measurement"": ""s"", ""device_class"": ""duration"", ""friendly_name"": ""UPNP IGD Uptime""}"
2025-08-10T18:27:25.159224,sensor.upnp_igd_download_speed,2.29277665273245,2.21971257460969,"{""state_class"": ""measurement"", ""unit_of_measurement"": ""KiB/s"", ""device_class"": ""data_rate"", ""friendly_name"": ""UPNP IGD Download speed""}"
2025-08-10T18:27:25.160657,sensor.upnp_igd_upload_speed,0.223538643452838,0.11513430476741,"{""state_class"": ""measurement"", ""unit_of_measurement"": ""KiB/s"", ""device_class"": ""data_rate"", ""friendly_name"": ""UPNP IGD Upload speed""}"
2025-08-10T18:27:25.162067,sensor.upnp_igd_packet_download_speed,34.1005319682987,34.7659377408387,"{""state_class"": ""measurement"", ""unit_of_measurement"": ""packets/s"", ""friendly_name"": ""UPNP IGD Packet download speed""}"
2025-08-10T18:27:25.163474,sensor.upnp_igd_packet_upload_speed,1.50002340036505,1.23330747498661,"{""state_class"": ""measurement"", ""unit_of_measurement"": ""packets/s"", ""friendly_name"": ""UPNP IGD Packet upload speed""}"
2025-08-10T18:27:52.241361,media_player.dlna_b13_box,unavailable,unknown,"{""friendly_name"": ""DLNA-B13 Box"", ""supported_features"": 512575}"
2025-08-10T18:27:55.148639,sensor.upnp_igd_data_received,2596941879,2597013129,"{""state_class"": ""total_increasing"", ""unit_of_measurement"": ""B"", ""device_class"": ""data_size"", ""friendly_name"": ""UPNP IGD Data received""}"
2025-08-10T18:27:55.150383,sensor.upnp_igd_data_sent,1293872732,1293880074,"{""state_class"": ""total_increasing"", ""unit_of_measurement"": ""B"", ""device_class"": ""data_size"", ""friendly_name"": ""UPNP IGD Data sent""}"
2025-08-10T18:27:55.152159,sensor.upnp_igd_packets_received,92707938,92708972,"{""state_class"": ""total_increasing"", ""unit_of_measurement"": ""packets"", ""friendly_name"": ""UPNP IGD Packets received""}"
2025-08-10T18:27:55.154333,sensor.upnp_igd_packets_sent,21166952,21167002,"{""state_class"": ""total_increasing"", ""unit_of_measurement"": ""packets"", ""friendly_name"": ""UPNP IGD Packets sent""}"
2025-08-10T18:27:55.156176,sensor.upnp_igd_uptime,1677803,1677833,"{""unit_of_measurement"": ""s"", ""device_class"": ""duration"", ""friendly_name"": ""UPNP IGD Uptime""}"
2025-08-10T18:27:55.157907,sensor.upnp_igd_download_speed,2.21971257460969,2.31934606531115,"{""state_class"": ""measurement"", ""unit_of_measurement"": ""KiB/s"", ""device_class"": ""data_rate"", ""friendly_name"": ""UPNP IGD Download speed""}"
2025-08-10T18:27:55.159408,sensor.upnp_igd_upload_speed,0.11513430476741,0.238998439459852,"{""state_class"": ""measurement"", ""unit_of_measurement"": ""KiB/s"", ""device_class"": ""data_rate"", ""friendly_name"": ""UPNP IGD Upload speed""}"
2025-08-10T18:27:55.160960,sensor.upnp_igd_packet_download_speed,34.7659377408387,34.4668171717683,"{""state_class"": ""measurement"", ""unit_of_measurement"": ""packets/s"", ""friendly_name"": ""UPNP IGD Packet download speed""}"
2025-08-10T18:27:55.162272,sensor.upnp_igd_packet_upload_speed,1.23330747498661,1.66667394447622,"{""state_class"": ""measurement"", ""unit_of_measurement"": ""packets/s"", ""friendly_name"": ""UPNP IGD Packet upload speed""}"
2025-08-10T18:27:56.935447,camera.192_168_0_33,idle,idle,"{""access_token"": ""13dcac2919140ddac25ab32596a556cdcd6363a22978ca3e4d6f2287e0217897"", ""entity_picture"": ""/api/camera_proxy/camera.192_168_0_33?token=13dcac2919140ddac25ab32596a556cdcd6363a22978ca3e4d6f2287e0217897"", ""friendly_name"": ""192_168_0_14"", ""supported_features"": 2}"
2025-08-10T18:27:56.937119,camera.admin_mainstream,idle,idle,"{""access_token"": ""cd9c1dcf598ffc9b9fd333e34898c9e966727201123ad4535826bb96ef00b315"", ""entity_picture"": ""/api/camera_proxy/camera.admin_mainstream?token=cd9c1dcf598ffc9b9fd333e34898c9e966727201123ad4535826bb96ef00b315"", ""friendly_name"": ""admin MainStream"", ""supported_features"": 2}"
2025-08-10T18:27:56.938521,camera.admin_substream,idle,idle,"{""access_token"": ""4ec7e20474a38976ba783205125f236e16c2198312b587bbbf3db3879c491489"", ""entity_picture"": ""/api/camera_proxy/camera.admin_substream?token=4ec7e20474a38976ba783205125f236e16c2198312b587bbbf3db3879c491489"", ""friendly_name"": ""admin SubStream"", ""supported_features"": 2}"
2025-08-10T18:27:59.789003,media_player.dlna_b13_box,unknown,unavailable,"{""friendly_name"": ""DLNA-B13 Box"", ""supported_features"": 512575}"
2025-08-10T18:28:10.261663,automation.aut_status_bruno,on,on,"{""id"": ""1751855857509"", ""last_triggered"": ""2025-08-10T21:28:10.253171+00:00"", ""mode"": ""single"", ""current"": 1, ""friendly_name"": ""aut-status-bruno""}"
2025-08-10T18:28:10.263843,automation.aut_status_bruno,on,on,"{""id"": ""1751855857509"", ""last_triggered"": ""2025-08-10T21:28:10.253171+00:00"", ""mode"": ""single"", ""current"": 0, ""friendly_name"": ""aut-status-bruno""}"
2025-08-10T18:28:25.147961,sensor.upnp_igd_data_received,2597013129,2597077793,"{""state_class"": ""total_increasing"", ""unit_of_measurement"": ""B"", ""device_class"": ""data_size"", ""friendly_name"": ""UPNP IGD Data received""}"
2025-08-10T18:28:25.150640,sensor.upnp_igd_data_sent,1293880074,1293883407,"{""state_class"": ""total_increasing"", ""unit_of_measurement"": ""B"", ""device_class"": ""data_size"", ""friendly_name"": ""UPNP IGD Data sent""}"
2025-08-10T18:28:25.152279,sensor.upnp_igd_packets_received,92708972,92709959,"{""state_class"": ""total_increasing"", ""unit_of_measurement"": ""packets"", ""friendly_name"": ""UPNP IGD Packets received""}"
2025-08-10T18:28:25.153665,sensor.upnp_igd_packets_sent,21167002,21167037,"{""state_class"": ""total_increasing"", ""unit_of_measurement"": ""packets"", ""friendly_name"": ""UPNP IGD Packets sent""}"
2025-08-10T18:28:25.155092,sensor.upnp_igd_uptime,1677833,1677863,"{""unit_of_measurement"": ""s"", ""device_class"": ""duration"", ""friendly_name"": ""UPNP IGD Uptime""}"
2025-08-10T18:28:25.156577,sensor.upnp_igd_download_speed,2.31934606531115,2.10496349339652,"{""state_class"": ""measurement"", ""unit_of_measurement"": ""KiB/s"", ""device_class"": ""data_rate"", ""friendly_name"": ""UPNP IGD Download speed""}"
2025-08-10T18:28:25.157964,sensor.upnp_igd_upload_speed,0.238998439459852,0.108496896627035,"{""state_class"": ""measurement"", ""unit_of_measurement"": ""KiB/s"", ""device_class"": ""data_rate"", ""friendly_name"": ""UPNP IGD Upload speed""}"
2025-08-10T18:28:25.159493,sensor.upnp_igd_packet_download_speed,34.4668171717683,32.9002434618016,"{""state_class"": ""measurement"", ""unit_of_measurement"": ""packets/s"", ""friendly_name"": ""UPNP IGD Packet download speed""}"
2025-08-10T18:28:25.160892,sensor.upnp_igd_packet_upload_speed,1.66667394447622,1.16667530006389,"{""state_class"": ""measurement"", ""unit_of_measurement"": ""packets/s"", ""friendly_name"": ""UPNP IGD Packet upload speed""}"
2025-08-10T18:28:54.402043,sensor.tauntaum_energy,236.252,236.261,"{""state_class"": ""total_increasing"", ""unit_of_measurement"": ""kWh"", ""device_class"": ""energy"", ""friendly_name"": ""Tauntaum Energy""}"
2025-08-10T18:28:54.404175,sensor.tauntaum_power,34,34,"{""state_class"": ""measurement"", ""power_consumption_start"": ""2025-08-10T21:14:23Z"", ""power_consumption_end"": ""2025-08-10T21:28:54Z"", ""unit_of_measurement"": ""W"", ""device_class"": ""power"", ""friendly_name"": ""Tauntaum Power""}"
2025-08-10T18:28:54.405848,sensor.tauntaum_energy_difference,0.007,0.009,"{""state_class"": ""total"", ""unit_of_measurement"": ""kWh"", ""device_class"": ""energy"", ""friendly_name"": ""Tauntaum Energy difference""}"
2025-08-10T18:28:54.407271,sensor.tauntaum_power_energy,0.00716796111133364,0.00823037055532137,"{""state_class"": ""total"", ""unit_of_measurement"": ""kWh"", ""device_class"": ""energy"", ""friendly_name"": ""Tauntaum Power energy""}"
2025-08-10T18:28:55.151515,sensor.upnp_igd_data_received,2597077793,2597692488,"{""state_class"": ""total_increasing"", ""unit_of_measurement"": ""B"", ""device_class"": ""data_size"", ""friendly_name"": ""UPNP IGD Data received""}"
2025-08-10T18:28:55.153838,sensor.upnp_igd_data_sent,1293883407,1293898131,"{""state_class"": ""total_increasing"", ""unit_of_measurement"": ""B"", ""device_class"": ""data_size"", ""friendly_name"": ""UPNP IGD Data sent""}"
2025-08-10T18:28:55.155640,sensor.upnp_igd_packets_received,92709959,92711394,"{""state_class"": ""total_increasing"", ""unit_of_measurement"": ""packets"", ""friendly_name"": ""UPNP IGD Packets received""}"
2025-08-10T18:28:55.157646,sensor.upnp_igd_packets_sent,21167037,21167165,"{""state_class"": ""total_increasing"", ""unit_of_measurement"": ""packets"", ""friendly_name"": ""UPNP IGD Packets sent""}"
2025-08-10T18:28:55.159104,sensor.upnp_igd_uptime,1677863,1677893,"{""unit_of_measurement"": ""s"", ""device_class"": ""duration"", ""friendly_name"": ""UPNP IGD Uptime""}"
2025-08-10T18:28:55.160603,sensor.upnp_igd_download_speed,2.10496349339652,20.0095341651827,"{""state_class"": ""measurement"", ""unit_of_measurement"": ""KiB/s"", ""device_class"": ""data_rate"", ""friendly_name"": ""UPNP IGD Download speed""}"
2025-08-10T18:28:55.162001,sensor.upnp_igd_upload_speed,0.108496896627035,0.479295229419712,"{""state_class"": ""measurement"", ""unit_of_measurement"": ""KiB/s"", ""device_class"": ""data_rate"", ""friendly_name"": ""UPNP IGD Upload speed""}"
2025-08-10T18:28:55.163401,sensor.upnp_igd_packet_download_speed,32.9002434618016,47.8331691061194,"{""state_class"": ""measurement"", ""unit_of_measurement"": ""packets/s"", ""friendly_name"": ""UPNP IGD Packet download speed""}"
2025-08-10T18:28:55.164858,sensor.upnp_igd_packet_upload_speed,1.16667530006389,4.26665201782807,"{""state_class"": ""measurement"", ""unit_of_measurement"": ""packets/s"", ""friendly_name"": ""UPNP IGD Packet upload speed""}"
2025-08-10T18:29:10.260385,automation.aut_status_bruno,on,on,"{""id"": ""1751855857509"", ""last_triggered"": ""2025-08-10T21:29:10.253139+00:00"", ""mode"": ""single"", ""current"": 1, ""friendly_name"": ""aut-status-bruno""}"
2025-08-10T18:29:10.262466,automation.aut_status_bruno,on,on,"{""id"": ""1751855857509"", ""last_triggered"": ""2025-08-10T21:29:10.253139+00:00"", ""mode"": ""single"", ""current"": 0, ""friendly_name"": ""aut-status-bruno""}"
2025-08-10T18:29:25.148214,sensor.upnp_igd_data_received,2597692488,2597760055,"{""state_class"": ""total_increasing"", ""unit_of_measurement"": ""B"", ""device_class"": ""data_size"", ""friendly_name"": ""UPNP IGD Data received""}"
2025-08-10T18:29:25.150668,sensor.upnp_igd_data_sent,1293898131,1293902580,"{""state_class"": ""total_increasing"", ""unit_of_measurement"": ""B"", ""device_class"": ""data_size"", ""friendly_name"": ""UPNP IGD Data sent""}"
2025-08-10T18:29:25.152304,sensor.upnp_igd_packets_received,92711394,92712423,"{""state_class"": ""total_increasing"", ""unit_of_measurement"": ""packets"", ""friendly_name"": ""UPNP IGD Packets received""}"
2025-08-10T18:29:25.153716,sensor.upnp_igd_packets_sent,21167165,21167208,"{""state_class"": ""total_increasing"", ""unit_of_measurement"": ""packets"", ""friendly_name"": ""UPNP IGD Packets sent""}"
2025-08-10T18:29:25.155019,sensor.upnp_igd_uptime,1677893,1677923,"{""unit_of_measurement"": ""s"", ""device_class"": ""duration"", ""friendly_name"": ""UPNP IGD Uptime""}"
2025-08-10T18:29:25.156571,sensor.upnp_igd_download_speed,20.0095341651827,2.19950189539764,"{""state_class"": ""measurement"", ""unit_of_measurement"": ""KiB/s"", ""device_class"": ""data_rate"", ""friendly_name"": ""UPNP IGD Download speed""}"
2025-08-10T18:29:25.158136,sensor.upnp_igd_upload_speed,0.479295229419712,0.14482785875685,"{""state_class"": ""measurement"", ""unit_of_measurement"": ""KiB/s"", ""device_class"": ""data_rate"", ""friendly_name"": ""UPNP IGD Upload speed""}"
2025-08-10T18:29:25.159636,sensor.upnp_igd_packet_download_speed,47.8331691061194,34.3008620950007,"{""state_class"": ""measurement"", ""unit_of_measurement"": ""packets/s"", ""friendly_name"": ""UPNP IGD Packet download speed""}"
2025-08-10T18:29:25.161014,sensor.upnp_igd_packet_upload_speed,4.26665201782807,1.43336935868322,"{""state_class"": ""measurement"", ""unit_of_measurement"": ""packets/s"", ""friendly_name"": ""UPNP IGD Packet upload speed""}"
2025-08-10T18:29:55.150023,sensor.upnp_igd_data_received,2597760055,2597832640,"{""state_class"": ""total_increasing"", ""unit_of_measurement"": ""B"", ""device_class"": ""data_size"", ""friendly_name"": ""UPNP IGD Data received""}"
2025-08-10T18:29:55.152454,sensor.upnp_igd_data_sent,1293902580,1293909789,"{""state_class"": ""total_increasing"", ""unit_of_measurement"": ""B"", ""device_class"": ""data_size"", ""friendly_name"": ""UPNP IGD Data sent""}"
2025-08-10T18:29:55.154036,sensor.upnp_igd_packets_received,92712423,92713477,"{""state_class"": ""total_increasing"", ""unit_of_measurement"": ""packets"", ""friendly_name"": ""UPNP IGD Packets received""}"
2025-08-10T18:29:55.155487,sensor.upnp_igd_packets_sent,21167208,21167256,"{""state_class"": ""total_increasing"", ""unit_of_measurement"": ""packets"", ""friendly_name"": ""UPNP IGD Packets sent""}"
2025-08-10T18:29:55.156883,sensor.upnp_igd_uptime,1677923,1677953,"{""unit_of_measurement"": ""s"", ""device_class"": ""duration"", ""friendly_name"": ""UPNP IGD Uptime""}"
2025-08-10T18:29:55.158310,sensor.upnp_igd_download_speed,2.19950189539764,2.36271255776595,"{""state_class"": ""measurement"", ""unit_of_measurement"": ""KiB/s"", ""device_class"": ""data_rate"", ""friendly_name"": ""UPNP IGD Download speed""}"
2025-08-10T18:29:55.159727,sensor.upnp_igd_upload_speed,0.14482785875685,0.234659982488596,"{""state_class"": ""measurement"", ""unit_of_measurement"": ""KiB/s"", ""device_class"": ""data_rate"", ""friendly_name"": ""UPNP IGD Upload speed""}"
2025-08-10T18:29:55.161160,sensor.upnp_igd_packet_download_speed,34.3008620950007,35.1321376695813,"{""state_class"": ""measurement"", ""unit_of_measurement"": ""packets/s"", ""friendly_name"": ""UPNP IGD Packet download speed""}"
2025-08-10T18:29:55.162540,sensor.upnp_igd_packet_upload_speed,1.43336935868322,1.59994554851983,"{""state_class"": ""measurement"", ""unit_of_measurement"": ""packets/s"", ""friendly_name"": ""UPNP IGD Packet upload speed""}"
2025-08-10T18:30:05.898698,weather.home,sunny,sunny,"{""temperature"": 25.2, ""temperature_unit"": ""\u00b0C"", ""pressure_unit"": ""hPa"", ""wind_bearing"": 86, ""wind_speed"": 10.1, ""wind_speed_unit"": ""km/h"", ""visibility_unit"": ""km"", ""precipitation_unit"": ""mm"", ""friendly_name"": ""Home"", ""supported_features"": 3}"
2025-08-10T18:30:10.259292,automation.aut_status_bruno,on,on,"{""id"": ""1751855857509"", ""last_triggered"": ""2025-08-10T21:30:10.252837+00:00"", ""mode"": ""single"", ""current"": 1, ""friendly_name"": ""aut-status-bruno""}"
2025-08-10T18:30:10.263080,automation.aut_status_bruno,on,on,"{""id"": ""1751855857509"", ""last_triggered"": ""2025-08-10T21:30:10.252837+00:00"", ""mode"": ""single"", ""current"": 0, ""friendly_name"": ""aut-status-bruno""}"
2025-08-10T18:30:25.146744,sensor.upnp_igd_data_received,2597832640,2597904421,"{""state_class"": ""total_increasing"", ""unit_of_measurement"": ""B"", ""device_class"": ""data_size"", ""friendly_name"": ""UPNP IGD Data received""}"
2025-08-10T18:30:25.150511,sensor.upnp_igd_data_sent,1293909789,1293915887,"{""state_class"": ""total_increasing"", ""unit_of_measurement"": ""B"", ""device_class"": ""data_size"", ""friendly_name"": ""UPNP IGD Data sent""}"
2025-08-10T18:30:25.152114,sensor.upnp_igd_packets_received,92713477,92714489,"{""state_class"": ""total_increasing"", ""unit_of_measurement"": ""packets"", ""friendly_name"": ""UPNP IGD Packets received""}"
2025-08-10T18:30:25.153536,sensor.upnp_igd_packets_sent,21167256,21167308,"{""state_class"": ""total_increasing"", ""unit_of_measurement"": ""packets"", ""friendly_name"": ""UPNP IGD Packets sent""}"
2025-08-10T18:30:25.154971,sensor.upnp_igd_uptime,1677953,1677983,"{""unit_of_measurement"": ""s"", ""device_class"": ""duration"", ""friendly_name"": ""UPNP IGD Uptime""}"
2025-08-10T18:30:25.157455,sensor.upnp_igd_download_speed,2.36271255776595,2.33664866620426,"{""state_class"": ""measurement"", ""unit_of_measurement"": ""KiB/s"", ""device_class"": ""data_rate"", ""friendly_name"": ""UPNP IGD Download speed""}"
2025-08-10T18:30:25.159066,sensor.upnp_igd_upload_speed,0.234659982488596,0.198504946525036,"{""state_class"": ""measurement"", ""unit_of_measurement"": ""KiB/s"", ""device_class"": ""data_rate"", ""friendly_name"": ""UPNP IGD Upload speed""}"
2025-08-10T18:30:25.160689,sensor.upnp_igd_packet_download_speed,35.1321376695813,33.7337313913638,"{""state_class"": ""measurement"", ""unit_of_measurement"": ""packets/s"", ""friendly_name"": ""UPNP IGD Packet download speed""}"
2025-08-10T18:30:25.162093,sensor.upnp_igd_packet_upload_speed,1.59994554851983,1.73335378690802,"{""state_class"": ""measurement"", ""unit_of_measurement"": ""packets/s"", ""friendly_name"": ""UPNP IGD Packet upload speed""}"
2025-08-10T18:30:55.153451,sensor.upnp_igd_data_received,2597904421,2597978279,"{""state_class"": ""total_increasing"", ""unit_of_measurement"": ""B"", ""device_class"": ""data_size"", ""friendly_name"": ""UPNP IGD Data received""}"
2025-08-10T18:30:55.154999,sensor.upnp_igd_data_sent,1293915887,1293925212,"{""state_class"": ""total_increasing"", ""unit_of_measurement"": ""B"", ""device_class"": ""data_size"", ""friendly_name"": ""UPNP IGD Data sent""}"
2025-08-10T18:30:55.156538,sensor.upnp_igd_packets_received,92714489,92715543,"{""state_class"": ""total_increasing"", ""unit_of_measurement"": ""packets"", ""friendly_name"": ""UPNP IGD Packets received""}"
2025-08-10T18:30:55.157916,sensor.upnp_igd_packets_sent,21167308,21167372,"{""state_class"": ""total_increasing"", ""unit_of_measurement"": ""packets"", ""friendly_name"": ""UPNP IGD Packets sent""}"
2025-08-10T18:30:55.160158,sensor.upnp_igd_uptime,1677983,1678013,"{""unit_of_measurement"": ""s"", ""device_class"": ""duration"", ""friendly_name"": ""UPNP IGD Uptime""}"
2025-08-10T18:30:55.162501,sensor.upnp_igd_download_speed,2.33664866620426,2.40422535956571,"{""state_class"": ""measurement"", ""unit_of_measurement"": ""KiB/s"", ""device_class"": ""data_rate"", ""friendly_name"": ""UPNP IGD Download speed""}"
2025-08-10T18:30:55.164064,sensor.upnp_igd_upload_speed,0.198504946525036,0.303547367623686,"{""state_class"": ""measurement"", ""unit_of_measurement"": ""KiB/s"", ""device_class"": ""data_rate"", ""friendly_name"": ""UPNP IGD Upload speed""}"
2025-08-10T18:30:55.165530,sensor.upnp_igd_packet_download_speed,33.7337313913638,35.1332396446943,"{""state_class"": ""measurement"", ""unit_of_measurement"": ""packets/s"", ""friendly_name"": ""UPNP IGD Packet download speed""}"
2025-08-10T18:30:55.166918,sensor.upnp_igd_packet_upload_speed,1.73335378690802,2.13332764445961,"{""state_class"": ""measurement"", ""unit_of_measurement"": ""packets/s"", ""friendly_name"": ""UPNP IGD Packet upload speed""}"
2025-08-10T18:31:10.263401,automation.aut_status_bruno,on,on,"{""id"": ""1751855857509"", ""last_triggered"": ""2025-08-10T21:31:10.252846+00:00"", ""mode"": ""single"", ""current"": 1, ""friendly_name"": ""aut-status-bruno""}"
2025-08-10T18:31:10.265708,automation.aut_status_bruno,on,on,"{""id"": ""1751855857509"", ""last_triggered"": ""2025-08-10T21:31:10.252846+00:00"", ""mode"": ""single"", ""current"": 0, ""friendly_name"": ""aut-status-bruno""}"
2025-08-10T18:31:25.152623,sensor.upnp_igd_data_received,2597978279,2598045121,"{""state_class"": ""total_increasing"", ""unit_of_measurement"": ""B"", ""device_class"": ""data_size"", ""friendly_name"": ""UPNP IGD Data received""}"
2025-08-10T18:31:25.154687,sensor.upnp_igd_data_sent,1293925212,1293929503,"{""state_class"": ""total_increasing"", ""unit_of_measurement"": ""B"", ""device_class"": ""data_size"", ""friendly_name"": ""UPNP IGD Data sent""}"
2025-08-10T18:31:25.193981,sensor.upnp_igd_packets_received,92715543,92716553,"{""state_class"": ""total_increasing"", ""unit_of_measurement"": ""packets"", ""friendly_name"": ""UPNP IGD Packets received""}"
2025-08-10T18:31:25.195560,sensor.upnp_igd_packets_sent,21167372,21167412,"{""state_class"": ""total_increasing"", ""unit_of_measurement"": ""packets"", ""friendly_name"": ""UPNP IGD Packets sent""}"
2025-08-10T18:31:25.196935,sensor.upnp_igd_uptime,1678013,1678043,"{""unit_of_measurement"": ""s"", ""device_class"": ""duration"", ""friendly_name"": ""UPNP IGD Uptime""}"
2025-08-10T18:31:25.198245,sensor.upnp_igd_download_speed,2.40422535956571,2.17586753261065,"{""state_class"": ""measurement"", ""unit_of_measurement"": ""KiB/s"", ""device_class"": ""data_rate"", ""friendly_name"": ""UPNP IGD Download speed""}"
2025-08-10T18:31:25.199596,sensor.upnp_igd_upload_speed,0.303547367623686,0.139682349158198,"{""state_class"": ""measurement"", ""unit_of_measurement"": ""KiB/s"", ""device_class"": ""data_rate"", ""friendly_name"": ""UPNP IGD Upload speed""}"
2025-08-10T18:31:25.200919,sensor.upnp_igd_packet_download_speed,35.1332396446943,33.6669943587451,"{""state_class"": ""measurement"", ""unit_of_measurement"": ""packets/s"", ""friendly_name"": ""UPNP IGD Packet download speed""}"
2025-08-10T18:31:25.202181,sensor.upnp_igd_packet_upload_speed,2.13332764445961,1.33334631123743,"{""state_class"": ""measurement"", ""unit_of_measurement"": ""packets/s"", ""friendly_name"": ""UPNP IGD Packet upload speed""}"
2025-08-10T18:31:51.096388,sun.sun,below_horizon,below_horizon,"{""next_dawn"": ""2025-08-11T08:27:53.857044+00:00"", ""next_dusk"": ""2025-08-11T20:50:42.399850+00:00"", ""next_midnight"": ""2025-08-11T02:39:14+00:00"", ""next_noon"": ""2025-08-11T14:39:20+00:00"", ""next_rising"": ""2025-08-11T08:50:14.762951+00:00"", ""next_setting"": ""2025-08-11T20:28:21.828254+00:00"", ""elevation"": -15.81, ""azimuth"": 282.46, ""rising"": false, ""friendly_name"": ""Sun""}"
2025-08-10T18:31:55.147696,sensor.upnp_igd_data_received,2598045121,2598114712,"{""state_class"": ""total_increasing"", ""unit_of_measurement"": ""B"", ""device_class"": ""data_size"", ""friendly_name"": ""UPNP IGD Data received""}"
2025-08-10T18:31:55.150047,sensor.upnp_igd_data_sent,1293929503,1293936824,"{""state_class"": ""total_increasing"", ""unit_of_measurement"": ""B"", ""device_class"": ""data_size"", ""friendly_name"": ""UPNP IGD Data sent""}"
2025-08-10T18:31:55.151560,sensor.upnp_igd_packets_received,92716553,92717560,"{""state_class"": ""total_increasing"", ""unit_of_measurement"": ""packets"", ""friendly_name"": ""UPNP IGD Packets received""}"
2025-08-10T18:31:55.152964,sensor.upnp_igd_packets_sent,21167412,21167461,"{""state_class"": ""total_increasing"", ""unit_of_measurement"": ""packets"", ""friendly_name"": ""UPNP IGD Packets sent""}"
2025-08-10T18:31:55.154274,sensor.upnp_igd_uptime,1678043,1678073,"{""unit_of_measurement"": ""s"", ""device_class"": ""duration"", ""friendly_name"": ""UPNP IGD Uptime""}"
2025-08-10T18:31:55.155763,sensor.upnp_igd_download_speed,2.17586753261065,2.26531692913714,"{""state_class"": ""measurement"", ""unit_of_measurement"": ""KiB/s"", ""device_class"": ""data_rate"", ""friendly_name"": ""UPNP IGD Download speed""}"
2025-08-10T18:31:55.157220,sensor.upnp_igd_upload_speed,0.139682349158198,0.238312213335244,"{""state_class"": ""measurement"", ""unit_of_measurement"": ""KiB/s"", ""device_class"": ""data_rate"", ""friendly_name"": ""UPNP IGD Upload speed""}"
2025-08-10T18:31:55.158633,sensor.upnp_igd_packet_download_speed,33.6669943587451,33.5664428903807,"{""state_class"": ""measurement"", ""unit_of_measurement"": ""packets/s"", ""friendly_name"": ""UPNP IGD Packet download speed""}"
2025-08-10T18:31:55.160105,sensor.upnp_igd_packet_upload_speed,1.33334631123743,1.63332244451704,"{""state_class"": ""measurement"", ""unit_of_measurement"": ""packets/s"", ""friendly_name"": ""UPNP IGD Packet upload speed""}"
2025-08-10T18:32:10.260493,automation.aut_status_bruno,on,on,"{""id"": ""1751855857509"", ""last_triggered"": ""2025-08-10T21:32:10.253071+00:00"", ""mode"": ""single"", ""current"": 1, ""friendly_name"": ""aut-status-bruno""}"
2025-08-10T18:32:10.262583,automation.aut_status_bruno,on,on,"{""id"": ""1751855857509"", ""last_triggered"": ""2025-08-10T21:32:10.253071+00:00"", ""mode"": ""single"", ""current"": 0, ""friendly_name"": ""aut-status-bruno""}"
2025-08-10T18:32:25.161996,sensor.upnp_igd_data_received,2598114712,2598180998,"{""state_class"": ""total_increasing"", ""unit_of_measurement"": ""B"", ""device_class"": ""data_size"", ""friendly_name"": ""UPNP IGD Data received""}"
2025-08-10T18:32:25.164804,sensor.upnp_igd_data_sent,1293936824,1293940244,"{""state_class"": ""total_increasing"", ""unit_of_measurement"": ""B"", ""device_class"": ""data_size"", ""friendly_name"": ""UPNP IGD Data sent""}"
2025-08-10T18:32:25.166273,sensor.upnp_igd_packets_received,92717560,92718575,"{""state_class"": ""total_increasing"", ""unit_of_measurement"": ""packets"", ""friendly_name"": ""UPNP IGD Packets received""}"
2025-08-10T18:32:25.167736,sensor.upnp_igd_packets_sent,21167461,21167498,"{""state_class"": ""total_increasing"", ""unit_of_measurement"": ""packets"", ""friendly_name"": ""UPNP IGD Packets sent""}"
2025-08-10T18:32:25.169092,sensor.upnp_igd_uptime,1678073,1678103,"{""unit_of_measurement"": ""s"", ""device_class"": ""duration"", ""friendly_name"": ""UPNP IGD Uptime""}"
2025-08-10T18:32:25.170514,sensor.upnp_igd_download_speed,2.26531692913714,2.15768453529054,"{""state_class"": ""measurement"", ""unit_of_measurement"": ""KiB/s"", ""device_class"": ""data_rate"", ""friendly_name"": ""UPNP IGD Download speed""}"
2025-08-10T18:32:25.171991,sensor.upnp_igd_upload_speed,0.238312213335244,0.111324881735112,"{""state_class"": ""measurement"", ""unit_of_measurement"": ""KiB/s"", ""device_class"": ""data_rate"", ""friendly_name"": ""UPNP IGD Upload speed""}"
2025-08-10T18:32:25.173390,sensor.upnp_igd_packet_download_speed,33.5664428903807,33.8323476842708,"{""state_class"": ""measurement"", ""unit_of_measurement"": ""packets/s"", ""friendly_name"": ""UPNP IGD Packet download speed""}"
2025-08-10T18:32:25.174766,sensor.upnp_igd_packet_upload_speed,1.63332244451704,1.23329740326898,"{""state_class"": ""measurement"", ""unit_of_measurement"": ""packets/s"", ""friendly_name"": ""UPNP IGD Packet upload speed""}"
2025-08-10T18:32:55.148130,sensor.upnp_igd_data_received,2598180998,2598252048,"{""state_class"": ""total_increasing"", ""unit_of_measurement"": ""B"", ""device_class"": ""data_size"", ""friendly_name"": ""UPNP IGD Data received""}"
2025-08-10T18:32:55.150591,sensor.upnp_igd_data_sent,1293940244,1293947075,"{""state_class"": ""total_increasing"", ""unit_of_measurement"": ""B"", ""device_class"": ""data_size"", ""friendly_name"": ""UPNP IGD Data sent""}"
2025-08-10T18:32:55.152138,sensor.upnp_igd_packets_received,92718575,92719609,"{""state_class"": ""total_increasing"", ""unit_of_measurement"": ""packets"", ""friendly_name"": ""UPNP IGD Packets received""}"
2025-08-10T18:32:55.153563,sensor.upnp_igd_packets_sent,21167498,21167542,"{""state_class"": ""total_increasing"", ""unit_of_measurement"": ""packets"", ""friendly_name"": ""UPNP IGD Packets sent""}"
2025-08-10T18:32:55.154892,sensor.upnp_igd_uptime,1678103,1678133,"{""unit_of_measurement"": ""s"", ""device_class"": ""duration"", ""friendly_name"": ""UPNP IGD Uptime""}"
2025-08-10T18:32:55.156349,sensor.upnp_igd_download_speed,2.15768453529054,2.31292189257886,"{""state_class"": ""measurement"", ""unit_of_measurement"": ""KiB/s"", ""device_class"": ""data_rate"", ""friendly_name"": ""UPNP IGD Download speed""}"
2025-08-10T18:32:55.157768,sensor.upnp_igd_upload_speed,0.111324881735112,0.222372546772782,"{""state_class"": ""measurement"", ""unit_of_measurement"": ""KiB/s"", ""device_class"": ""data_rate"", ""friendly_name"": ""UPNP IGD Upload speed""}"
2025-08-10T18:32:55.159147,sensor.upnp_igd_packet_download_speed,33.8323476842708,34.4681028376182,"{""state_class"": ""measurement"", ""unit_of_measurement"": ""packets/s"", ""friendly_name"": ""UPNP IGD Packet download speed""}"
2025-08-10T18:32:55.160616,sensor.upnp_igd_packet_upload_speed,1.23329740326898,1.46672778032418,"{""state_class"": ""measurement"", ""unit_of_measurement"": ""packets/s"", ""friendly_name"": ""UPNP IGD Packet upload speed""}"
2025-08-10T18:32:56.936323,camera.192_168_0_33,idle,idle,"{""access_token"": ""7712d0af68f27ae78550ee948fe7415442c307b89fe15e3731c65e595109fe21"", ""entity_picture"": ""/api/camera_proxy/camera.192_168_0_33?token=7712d0af68f27ae78550ee948fe7415442c307b89fe15e3731c65e595109fe21"", ""friendly_name"": ""192_168_0_14"", ""supported_features"": 2}"
2025-08-10T18:32:56.938106,camera.admin_mainstream,idle,idle,"{""access_token"": ""6137c33eda0a93f2bdfa4564f864989b10cb04587a2f257630fc93981887227e"", ""entity_picture"": ""/api/camera_proxy/camera.admin_mainstream?token=6137c33eda0a93f2bdfa4564f864989b10cb04587a2f257630fc93981887227e"", ""friendly_name"": ""admin MainStream"", ""supported_features"": 2}"
2025-08-10T18:32:56.939772,camera.admin_substream,idle,idle,"{""access_token"": ""1f7a10a7b949401fcee7bfe5d9b43679cefb0a8eedbfaa9208fe9dbc22ac1d83"", ""entity_picture"": ""/api/camera_proxy/camera.admin_substream?token=1f7a10a7b949401fcee7bfe5d9b43679cefb0a8eedbfaa9208fe9dbc22ac1d83"", ""friendly_name"": ""admin SubStream"", ""supported_features"": 2}"
2025-08-10T18:33:10.260349,automation.aut_status_bruno,on,on,"{""id"": ""1751855857509"", ""last_triggered"": ""2025-08-10T21:33:10.252966+00:00"", ""mode"": ""single"", ""current"": 1, ""friendly_name"": ""aut-status-bruno""}"
2025-08-10T18:33:10.262340,automation.aut_status_bruno,on,on,"{""id"": ""1751855857509"", ""last_triggered"": ""2025-08-10T21:33:10.252966+00:00"", ""mode"": ""single"", ""current"": 0, ""friendly_name"": ""aut-status-bruno""}"
2025-08-10T18:33:25.163442,sensor.upnp_igd_data_received,2598252048,2598318651,"{""state_class"": ""total_increasing"", ""unit_of_measurement"": ""B"", ""device_class"": ""data_size"", ""friendly_name"": ""UPNP IGD Data received""}"
2025-08-10T18:33:25.165044,sensor.upnp_igd_data_sent,1293947075,1293951797,"{""state_class"": ""total_increasing"", ""unit_of_measurement"": ""B"", ""device_class"": ""data_size"", ""friendly_name"": ""UPNP IGD Data sent""}"
2025-08-10T18:33:25.166432,sensor.upnp_igd_packets_received,92719609,92720624,"{""state_class"": ""total_increasing"", ""unit_of_measurement"": ""packets"", ""friendly_name"": ""UPNP IGD Packets received""}"
2025-08-10T18:33:25.167810,sensor.upnp_igd_packets_sent,21167542,21167582,"{""state_class"": ""total_increasing"", ""unit_of_measurement"": ""packets"", ""friendly_name"": ""UPNP IGD Packets sent""}"
2025-08-10T18:33:25.169275,sensor.upnp_igd_uptime,1678133,1678163,"{""unit_of_measurement"": ""s"", ""device_class"": ""duration"", ""friendly_name"": ""UPNP IGD Uptime""}"
2025-08-10T18:33:25.172095,sensor.upnp_igd_download_speed,2.31292189257886,2.1680229735231,"{""state_class"": ""measurement"", ""unit_of_measurement"": ""KiB/s"", ""device_class"": ""data_rate"", ""friendly_name"": ""UPNP IGD Download speed""}"
2025-08-10T18:33:25.173650,sensor.upnp_igd_upload_speed,0.222372546772782,0.15370785821924,"{""state_class"": ""measurement"", ""unit_of_measurement"": ""KiB/s"", ""device_class"": ""data_rate"", ""friendly_name"": ""UPNP IGD Upload speed""}"
2025-08-10T18:33:25.175097,sensor.upnp_igd_packet_download_speed,34.4681028376182,33.8326555524671,"{""state_class"": ""measurement"", ""unit_of_measurement"": ""packets/s"", ""friendly_name"": ""UPNP IGD Packet download speed""}"
2025-08-10T18:33:25.176541,sensor.upnp_igd_packet_upload_speed,1.46672778032418,1.33330662275732,"{""state_class"": ""measurement"", ""unit_of_measurement"": ""packets/s"", ""friendly_name"": ""UPNP IGD Packet upload speed""}"
2025-08-10T18:33:55.148416,sensor.upnp_igd_data_received,2598318651,2598932505,"{""state_class"": ""total_increasing"", ""unit_of_measurement"": ""B"", ""device_class"": ""data_size"", ""friendly_name"": ""UPNP IGD Data received""}"
2025-08-10T18:33:55.151266,sensor.upnp_igd_data_sent,1293951797,1293965789,"{""state_class"": ""total_increasing"", ""unit_of_measurement"": ""B"", ""device_class"": ""data_size"", ""friendly_name"": ""UPNP IGD Data sent""}"
2025-08-10T18:33:55.153186,sensor.upnp_igd_packets_received,92720624,92722040,"{""state_class"": ""total_increasing"", ""unit_of_measurement"": ""packets"", ""friendly_name"": ""UPNP IGD Packets received""}"
2025-08-10T18:33:55.154861,sensor.upnp_igd_packets_sent,21167582,21167705,"{""state_class"": ""total_increasing"", ""unit_of_measurement"": ""packets"", ""friendly_name"": ""UPNP IGD Packets sent""}"
2025-08-10T18:33:55.156613,sensor.upnp_igd_uptime,1678163,1678193,"{""unit_of_measurement"": ""s"", ""device_class"": ""duration"", ""friendly_name"": ""UPNP IGD Uptime""}"
2025-08-10T18:33:55.158347,sensor.upnp_igd_download_speed,2.1680229735231,19.9824889991889,"{""state_class"": ""measurement"", ""unit_of_measurement"": ""KiB/s"", ""device_class"": ""data_rate"", ""friendly_name"": ""UPNP IGD Download speed""}"
2025-08-10T18:33:55.160075,sensor.upnp_igd_upload_speed,0.15370785821924,0.455474731901479,"{""state_class"": ""measurement"", ""unit_of_measurement"": ""KiB/s"", ""device_class"": ""data_rate"", ""friendly_name"": ""UPNP IGD Upload speed""}"
2025-08-10T18:33:55.161731,sensor.upnp_igd_packet_download_speed,33.8326555524671,47.2006199014747,"{""state_class"": ""measurement"", ""unit_of_measurement"": ""packets/s"", ""friendly_name"": ""UPNP IGD Packet download speed""}"
2025-08-10T18:33:55.163482,sensor.upnp_igd_packet_upload_speed,1.33330662275732,4.10005384737386,"{""state_class"": ""measurement"", ""unit_of_measurement"": ""packets/s"", ""friendly_name"": ""UPNP IGD Packet upload speed""}"
2025-08-10T18:34:10.260726,automation.aut_status_bruno,on,on,"{""id"": ""1751855857509"", ""last_triggered"": ""2025-08-10T21:34:10.252749+00:00"", ""mode"": ""single"", ""current"": 1, ""friendly_name"": ""aut-status-bruno""}"
2025-08-10T18:34:10.262889,automation.aut_status_bruno,on,on,"{""id"": ""1751855857509"", ""last_triggered"": ""2025-08-10T21:34:10.252749+00:00"", ""mode"": ""single"", ""current"": 0, ""friendly_name"": ""aut-status-bruno""}"
2025-08-10T18:34:25.166756,sensor.upnp_igd_data_received,2598932505,2598998248,"{""state_class"": ""total_increasing"", ""unit_of_measurement"": ""B"", ""device_class"": ""data_size"", ""friendly_name"": ""UPNP IGD Data received""}"
2025-08-10T18:34:25.172159,sensor.upnp_igd_data_sent,1293965789,1293969264,"{""state_class"": ""total_increasing"", ""unit_of_measurement"": ""B"", ""device_class"": ""data_size"", ""friendly_name"": ""UPNP IGD Data sent""}"
2025-08-10T18:34:25.176178,sensor.upnp_igd_packets_received,92722040,92723044,"{""state_class"": ""total_increasing"", ""unit_of_measurement"": ""packets"", ""friendly_name"": ""UPNP IGD Packets received""}"
2025-08-10T18:34:25.181563,sensor.upnp_igd_packets_sent,21167705,21167743,"{""state_class"": ""total_increasing"", ""unit_of_measurement"": ""packets"", ""friendly_name"": ""UPNP IGD Packets sent""}"
2025-08-10T18:34:25.185454,sensor.upnp_igd_uptime,1678193,1678223,"{""unit_of_measurement"": ""s"", ""device_class"": ""duration"", ""friendly_name"": ""UPNP IGD Uptime""}"
2025-08-10T18:34:25.189954,sensor.upnp_igd_download_speed,19.9824889991889,2.14007275595547,"{""state_class"": ""measurement"", ""unit_of_measurement"": ""KiB/s"", ""device_class"": ""data_rate"", ""friendly_name"": ""UPNP IGD Download speed""}"
2025-08-10T18:34:25.193974,sensor.upnp_igd_upload_speed,0.455474731901479,0.113118549913227,"{""state_class"": ""measurement"", ""unit_of_measurement"": ""KiB/s"", ""device_class"": ""data_rate"", ""friendly_name"": ""UPNP IGD Upload speed""}"
2025-08-10T18:34:25.198128,sensor.upnp_igd_packet_download_speed,47.2006199014747,33.4666845155651,"{""state_class"": ""measurement"", ""unit_of_measurement"": ""packets/s"", ""friendly_name"": ""UPNP IGD Packet download speed""}"
2025-08-10T18:34:25.202282,sensor.upnp_igd_packet_upload_speed,4.10005384737386,1.26666734222258,"{""state_class"": ""measurement"", ""unit_of_measurement"": ""packets/s"", ""friendly_name"": ""UPNP IGD Packet upload speed""}"
2025-08-10T18:34:55.149776,sensor.upnp_igd_data_received,2598998248,2599070255,"{""state_class"": ""total_increasing"", ""unit_of_measurement"": ""B"", ""device_class"": ""data_size"", ""friendly_name"": ""UPNP IGD Data received""}"
2025-08-10T18:34:55.152527,sensor.upnp_igd_data_sent,1293969264,1293977925,"{""state_class"": ""total_increasing"", ""unit_of_measurement"": ""B"", ""device_class"": ""data_size"", ""friendly_name"": ""UPNP IGD Data sent""}"
2025-08-10T18:34:55.154014,sensor.upnp_igd_packets_received,92723044,92724078,"{""state_class"": ""total_increasing"", ""unit_of_measurement"": ""packets"", ""friendly_name"": ""UPNP IGD Packets received""}"
2025-08-10T18:34:55.155489,sensor.upnp_igd_packets_sent,21167743,21167799,"{""state_class"": ""total_increasing"", ""unit_of_measurement"": ""packets"", ""friendly_name"": ""UPNP IGD Packets sent""}"
2025-08-10T18:34:55.156955,sensor.upnp_igd_uptime,1678223,1678253,"{""unit_of_measurement"": ""s"", ""device_class"": ""duration"", ""friendly_name"": ""UPNP IGD Uptime""}"
2025-08-10T18:34:55.158351,sensor.upnp_igd_download_speed,2.14007275595547,2.34397184838892,"{""state_class"": ""measurement"", ""unit_of_measurement"": ""KiB/s"", ""device_class"": ""data_rate"", ""friendly_name"": ""UPNP IGD Download speed""}"
2025-08-10T18:34:55.159788,sensor.upnp_igd_upload_speed,0.113118549913227,0.2819328701223,"{""state_class"": ""measurement"", ""unit_of_measurement"": ""KiB/s"", ""device_class"": ""data_rate"", ""friendly_name"": ""UPNP IGD Upload speed""}"
2025-08-10T18:34:55.161161,sensor.upnp_igd_packet_download_speed,33.4666845155651,34.4665782024493,"{""state_class"": ""measurement"", ""unit_of_measurement"": ""packets/s"", ""friendly_name"": ""UPNP IGD Packet download speed""}"
2025-08-10T18:34:55.162504,sensor.upnp_igd_packet_upload_speed,1.26666734222258,1.86666187556785,"{""state_class"": ""measurement"", ""unit_of_measurement"": ""packets/s"", ""friendly_name"": ""UPNP IGD Packet upload speed""}"
2025-08-10T18:35:10.258699,automation.aut_status_bruno,on,on,"{""id"": ""1751855857509"", ""last_triggered"": ""2025-08-10T21:35:10.252384+00:00"", ""mode"": ""single"", ""current"": 1, ""friendly_name"": ""aut-status-bruno""}"
2025-08-10T18:35:10.261118,automation.aut_status_bruno,on,on,"{""id"": ""1751855857509"", ""last_triggered"": ""2025-08-10T21:35:10.252384+00:00"", ""mode"": ""single"", ""current"": 0, ""friendly_name"": ""aut-status-bruno""}"
2025-08-10T18:35:25.149072,sensor.upnp_igd_data_received,2599070255,2599134644,"{""state_class"": ""total_increasing"", ""unit_of_measurement"": ""B"", ""device_class"": ""data_size"", ""friendly_name"": ""UPNP IGD Data received""}"
2025-08-10T18:35:25.152015,sensor.upnp_igd_data_sent,1293977925,1293981130,"{""state_class"": ""total_increasing"", ""unit_of_measurement"": ""B"", ""device_class"": ""data_size"", ""friendly_name"": ""UPNP IGD Data sent""}"
2025-08-10T18:35:25.153530,sensor.upnp_igd_packets_received,92724078,92725065,"{""state_class"": ""total_increasing"", ""unit_of_measurement"": ""packets"", ""friendly_name"": ""UPNP IGD Packets received""}"
2025-08-10T18:35:25.154922,sensor.upnp_igd_packets_sent,21167799,21167834,"{""state_class"": ""total_increasing"", ""unit_of_measurement"": ""packets"", ""friendly_name"": ""UPNP IGD Packets sent""}"
2025-08-10T18:35:25.156313,sensor.upnp_igd_uptime,1678253,1678283,"{""unit_of_measurement"": ""s"", ""device_class"": ""duration"", ""friendly_name"": ""UPNP IGD Uptime""}"
2025-08-10T18:35:25.157795,sensor.upnp_igd_download_speed,2.34397184838892,2.0959636063141,"{""state_class"": ""measurement"", ""unit_of_measurement"": ""KiB/s"", ""device_class"": ""data_rate"", ""friendly_name"": ""UPNP IGD Download speed""}"
2025-08-10T18:35:25.159255,sensor.upnp_igd_upload_speed,0.2819328701223,0.104327810002278,"{""state_class"": ""measurement"", ""unit_of_measurement"": ""KiB/s"", ""device_class"": ""data_rate"", ""friendly_name"": ""UPNP IGD Upload speed""}"
2025-08-10T18:35:25.160699,sensor.upnp_igd_packet_download_speed,34.4665782024493,32.8994900579041,"{""state_class"": ""measurement"", ""unit_of_measurement"": ""packets/s"", ""friendly_name"": ""UPNP IGD Packet download speed""}"
2025-08-10T18:35:25.162025,sensor.upnp_igd_packet_upload_speed,1.86666187556785,1.16664858361362,"{""state_class"": ""measurement"", ""unit_of_measurement"": ""packets/s"", ""friendly_name"": ""UPNP IGD Packet upload speed""}"
2025-08-10T18:35:55.166431,sensor.upnp_igd_data_received,2599134644,2599206854,"{""state_class"": ""total_increasing"", ""unit_of_measurement"": ""B"", ""device_class"": ""data_size"", ""friendly_name"": ""UPNP IGD Data received""}"
2025-08-10T18:35:55.169279,sensor.upnp_igd_data_sent,1293981130,1293988024,"{""state_class"": ""total_increasing"", ""unit_of_measurement"": ""B"", ""device_class"": ""data_size"", ""friendly_name"": ""UPNP IGD Data sent""}"
2025-08-10T18:35:55.170731,sensor.upnp_igd_packets_received,92725065,92726114,"{""state_class"": ""total_increasing"", ""unit_of_measurement"": ""packets"", ""friendly_name"": ""UPNP IGD Packets received""}"
2025-08-10T18:35:55.172194,sensor.upnp_igd_packets_sent,21167834,21167879,"{""state_class"": ""total_increasing"", ""unit_of_measurement"": ""packets"", ""friendly_name"": ""UPNP IGD Packets sent""}"
2025-08-10T18:35:55.173527,sensor.upnp_igd_uptime,1678283,1678313,"{""unit_of_measurement"": ""s"", ""device_class"": ""duration"", ""friendly_name"": ""UPNP IGD Uptime""}"
2025-08-10T18:35:55.174926,sensor.upnp_igd_download_speed,2.0959636063141,2.35062668169582,"{""state_class"": ""measurement"", ""unit_of_measurement"": ""KiB/s"", ""device_class"": ""data_rate"", ""friendly_name"": ""UPNP IGD Download speed""}"
2025-08-10T18:35:55.176354,sensor.upnp_igd_upload_speed,0.104327810002278,0.224417952411175,"{""state_class"": ""measurement"", ""unit_of_measurement"": ""KiB/s"", ""device_class"": ""data_rate"", ""friendly_name"": ""UPNP IGD Upload speed""}"
2025-08-10T18:35:55.177883,sensor.upnp_igd_packet_download_speed,32.8994900579041,34.9672727660613,"{""state_class"": ""measurement"", ""unit_of_measurement"": ""packets/s"", ""friendly_name"": ""UPNP IGD Packet download speed""}"
2025-08-10T18:35:55.179258,sensor.upnp_igd_packet_upload_speed,1.16664858361362,1.50002600045067,"{""state_class"": ""measurement"", ""unit_of_measurement"": ""packets/s"", ""friendly_name"": ""UPNP IGD Packet upload speed""}"
2025-08-10T18:36:10.259396,automation.aut_status_bruno,on,on,"{""id"": ""1751855857509"", ""last_triggered"": ""2025-08-10T21:36:10.252842+00:00"", ""mode"": ""single"", ""current"": 1, ""friendly_name"": ""aut-status-bruno""}"
2025-08-10T18:36:10.261756,automation.aut_status_bruno,on,on,"{""id"": ""1751855857509"", ""last_triggered"": ""2025-08-10T21:36:10.252842+00:00"", ""mode"": ""single"", ""current"": 0, ""friendly_name"": ""aut-status-bruno""}"
2025-08-10T18:36:25.148086,sensor.upnp_igd_data_received,2599206854,2599273910,"{""state_class"": ""total_increasing"", ""unit_of_measurement"": ""B"", ""device_class"": ""data_size"", ""friendly_name"": ""UPNP IGD Data received""}"
2025-08-10T18:36:25.151121,sensor.upnp_igd_data_sent,1293988024,1293991871,"{""state_class"": ""total_increasing"", ""unit_of_measurement"": ""B"", ""device_class"": ""data_size"", ""friendly_name"": ""UPNP IGD Data sent""}"
2025-08-10T18:36:25.153571,sensor.upnp_igd_packets_received,92726114,92727141,"{""state_class"": ""total_increasing"", ""unit_of_measurement"": ""packets"", ""friendly_name"": ""UPNP IGD Packets received""}"
2025-08-10T18:36:25.155120,sensor.upnp_igd_packets_sent,21167879,21167919,"{""state_class"": ""total_increasing"", ""unit_of_measurement"": ""packets"", ""friendly_name"": ""UPNP IGD Packets sent""}"
2025-08-10T18:36:25.156507,sensor.upnp_igd_uptime,1678313,1678343,"{""unit_of_measurement"": ""s"", ""device_class"": ""duration"", ""friendly_name"": ""UPNP IGD Uptime""}"
2025-08-10T18:36:25.157859,sensor.upnp_igd_download_speed,2.35062668169582,2.18278281415373,"{""state_class"": ""measurement"", ""unit_of_measurement"": ""KiB/s"", ""device_class"": ""data_rate"", ""friendly_name"": ""UPNP IGD Download speed""}"
2025-08-10T18:36:25.159099,sensor.upnp_igd_upload_speed,0.224417952411175,0.125226161507537,"{""state_class"": ""measurement"", ""unit_of_measurement"": ""KiB/s"", ""device_class"": ""data_rate"", ""friendly_name"": ""UPNP IGD Upload speed""}"
2025-08-10T18:36:25.160465,sensor.upnp_igd_packet_download_speed,34.9672727660613,34.2328677663317,"{""state_class"": ""measurement"", ""unit_of_measurement"": ""packets/s"", ""friendly_name"": ""UPNP IGD Packet download speed""}"
2025-08-10T18:36:25.162035,sensor.upnp_igd_packet_upload_speed,1.50002600045067,1.33331520024661,"{""state_class"": ""measurement"", ""unit_of_measurement"": ""packets/s"", ""friendly_name"": ""UPNP IGD Packet upload speed""}"
2025-08-10T18:36:55.148480,sensor.upnp_igd_data_received,2599273910,2599342618,"{""state_class"": ""total_increasing"", ""unit_of_measurement"": ""B"", ""device_class"": ""data_size"", ""friendly_name"": ""UPNP IGD Data received""}"
2025-08-10T18:36:55.151210,sensor.upnp_igd_data_sent,1293991871,1293999134,"{""state_class"": ""total_increasing"", ""unit_of_measurement"": ""B"", ""device_class"": ""data_size"", ""friendly_name"": ""UPNP IGD Data sent""}"
2025-08-10T18:36:55.152743,sensor.upnp_igd_packets_received,92727141,92728130,"{""state_class"": ""total_increasing"", ""unit_of_measurement"": ""packets"", ""friendly_name"": ""UPNP IGD Packets received""}"
2025-08-10T18:36:55.154141,sensor.upnp_igd_packets_sent,21167919,21167968,"{""state_class"": ""total_increasing"", ""unit_of_measurement"": ""packets"", ""friendly_name"": ""UPNP IGD Packets sent""}"
2025-08-10T18:36:55.155526,sensor.upnp_igd_uptime,1678343,1678373,"{""unit_of_measurement"": ""s"", ""device_class"": ""duration"", ""friendly_name"": ""UPNP IGD Uptime""}"
2025-08-10T18:36:55.156925,sensor.upnp_igd_download_speed,2.18278281415373,2.23663826959086,"{""state_class"": ""measurement"", ""unit_of_measurement"": ""KiB/s"", ""device_class"": ""data_rate"", ""friendly_name"": ""UPNP IGD Download speed""}"
2025-08-10T18:36:55.158335,sensor.upnp_igd_upload_speed,0.125226161507537,0.236431037900076,"{""state_class"": ""measurement"", ""unit_of_measurement"": ""KiB/s"", ""device_class"": ""data_rate"", ""friendly_name"": ""UPNP IGD Upload speed""}"
2025-08-10T18:36:55.159775,sensor.upnp_igd_packet_download_speed,34.2328677663317,32.967399641852,"{""state_class"": ""measurement"", ""unit_of_measurement"": ""packets/s"", ""friendly_name"": ""UPNP IGD Packet download speed""}"
2025-08-10T18:36:55.161149,sensor.upnp_igd_packet_upload_speed,1.33331520024661,1.63336964858519,"{""state_class"": ""measurement"", ""unit_of_measurement"": ""packets/s"", ""friendly_name"": ""UPNP IGD Packet upload speed""}"
2025-08-10T18:37:10.260890,automation.aut_status_bruno,on,on,"{""id"": ""1751855857509"", ""last_triggered"": ""2025-08-10T21:37:10.252822+00:00"", ""mode"": ""single"", ""current"": 1, ""friendly_name"": ""aut-status-bruno""}"
2025-08-10T18:37:10.263589,automation.aut_status_bruno,on,on,"{""id"": ""1751855857509"", ""last_triggered"": ""2025-08-10T21:37:10.252822+00:00"", ""mode"": ""single"", ""current"": 0, ""friendly_name"": ""aut-status-bruno""}"
2025-08-10T18:37:25.151700,sensor.upnp_igd_data_received,2599342618,2599410556,"{""state_class"": ""total_increasing"", ""unit_of_measurement"": ""B"", ""device_class"": ""data_size"", ""friendly_name"": ""UPNP IGD Data received""}"
2025-08-10T18:37:25.154414,sensor.upnp_igd_data_sent,1293999134,1294002910,"{""state_class"": ""total_increasing"", ""unit_of_measurement"": ""B"", ""device_class"": ""data_size"", ""friendly_name"": ""UPNP IGD Data sent""}"
2025-08-10T18:37:25.156373,sensor.upnp_igd_packets_received,92728130,92729168,"{""state_class"": ""total_increasing"", ""unit_of_measurement"": ""packets"", ""friendly_name"": ""UPNP IGD Packets received""}"
2025-08-10T18:37:25.158174,sensor.upnp_igd_packets_sent,21167968,21168007,"{""state_class"": ""total_increasing"", ""unit_of_measurement"": ""packets"", ""friendly_name"": ""UPNP IGD Packets sent""}"
2025-08-10T18:37:25.159905,sensor.upnp_igd_uptime,1678373,1678403,"{""unit_of_measurement"": ""s"", ""device_class"": ""duration"", ""friendly_name"": ""UPNP IGD Uptime""}"
2025-08-10T18:37:25.161650,sensor.upnp_igd_download_speed,2.23663826959086,2.21146991992794,"{""state_class"": ""measurement"", ""unit_of_measurement"": ""KiB/s"", ""device_class"": ""data_rate"", ""friendly_name"": ""UPNP IGD Download speed""}"
2025-08-10T18:37:25.163339,sensor.upnp_igd_upload_speed,0.236431037900076,0.122913692155317,"{""state_class"": ""measurement"", ""unit_of_measurement"": ""KiB/s"", ""device_class"": ""data_rate"", ""friendly_name"": ""UPNP IGD Upload speed""}"
2025-08-10T18:37:25.165145,sensor.upnp_igd_packet_download_speed,32.967399641852,34.5991627002627,"{""state_class"": ""measurement"", ""unit_of_measurement"": ""packets/s"", ""friendly_name"": ""UPNP IGD Packet download speed""}"
2025-08-10T18:37:25.166864,sensor.upnp_igd_packet_upload_speed,1.63336964858519,1.29996854076131,"{""state_class"": ""measurement"", ""unit_of_measurement"": ""packets/s"", ""friendly_name"": ""UPNP IGD Packet upload speed""}"
2025-08-10T18:37:50.966226,media_player.dlna_b13_box,unavailable,unknown,"{""friendly_name"": ""DLNA-B13 Box"", ""supported_features"": 512575}"
2025-08-10T18:37:55.148727,sensor.upnp_igd_data_received,2599410556,2599483298,"{""state_class"": ""total_increasing"", ""unit_of_measurement"": ""B"", ""device_class"": ""data_size"", ""friendly_name"": ""UPNP IGD Data received""}"
2025-08-10T18:37:55.151586,sensor.upnp_igd_data_sent,1294002910,1294009321,"{""state_class"": ""total_increasing"", ""unit_of_measurement"": ""B"", ""device_class"": ""data_size"", ""friendly_name"": ""UPNP IGD Data sent""}"
2025-08-10T18:37:55.153043,sensor.upnp_igd_packets_received,92729168,92730221,"{""state_class"": ""total_increasing"", ""unit_of_measurement"": ""packets"", ""friendly_name"": ""UPNP IGD Packets received""}"
2025-08-10T18:37:55.154379,sensor.upnp_igd_packets_sent,21168007,21168058,"{""state_class"": ""total_increasing"", ""unit_of_measurement"": ""packets"", ""friendly_name"": ""UPNP IGD Packets sent""}"
2025-08-10T18:37:55.155764,sensor.upnp_igd_uptime,1678403,1678433,"{""unit_of_measurement"": ""s"", ""device_class"": ""duration"", ""friendly_name"": ""UPNP IGD Uptime""}"
2025-08-10T18:37:55.157174,sensor.upnp_igd_download_speed,2.21146991992794,2.3679008832823,"{""state_class"": ""measurement"", ""unit_of_measurement"": ""KiB/s"", ""device_class"": ""data_rate"", ""friendly_name"": ""UPNP IGD Download speed""}"
2025-08-10T18:37:55.158546,sensor.upnp_igd_upload_speed,0.122913692155317,0.208691162776977,"{""state_class"": ""measurement"", ""unit_of_measurement"": ""KiB/s"", ""device_class"": ""data_rate"", ""friendly_name"": ""UPNP IGD Upload speed""}"
2025-08-10T18:37:55.159987,sensor.upnp_igd_packet_download_speed,34.5991627002627,35.0999590500478,"{""state_class"": ""measurement"", ""unit_of_measurement"": ""packets/s"", ""friendly_name"": ""UPNP IGD Packet download speed""}"
2025-08-10T18:37:55.161428,sensor.upnp_igd_packet_upload_speed,1.29996854076131,1.69999801666898,"{""state_class"": ""measurement"", ""unit_of_measurement"": ""packets/s"", ""friendly_name"": ""UPNP IGD Packet upload speed""}"
2025-08-10T18:37:56.938979,camera.192_168_0_33,idle,idle,"{""access_token"": ""fee99f2df08bea5b6d04b95063b3149b7e774fa5b08e9864aded70c8c9fb08b9"", ""entity_picture"": ""/api/camera_proxy/camera.192_168_0_33?token=fee99f2df08bea5b6d04b95063b3149b7e774fa5b08e9864aded70c8c9fb08b9"", ""friendly_name"": ""192_168_0_14"", ""supported_features"": 2}"
2025-08-10T18:37:56.940817,camera.admin_mainstream,idle,idle,"{""access_token"": ""30cf25ae34aee143484fd6014da0eb5e47d5ad1f771bdf6bdc6d3ce46e6cca2a"", ""entity_picture"": ""/api/camera_proxy/camera.admin_mainstream?token=30cf25ae34aee143484fd6014da0eb5e47d5ad1f771bdf6bdc6d3ce46e6cca2a"", ""friendly_name"": ""admin MainStream"", ""supported_features"": 2}"
2025-08-10T18:37:56.942464,camera.admin_substream,idle,idle,"{""access_token"": ""2393133ef4ebac63881e0ca9eb3dcbcbd1f0f26afc227702486d74b35b926c76"", ""entity_picture"": ""/api/camera_proxy/camera.admin_substream?token=2393133ef4ebac63881e0ca9eb3dcbcbd1f0f26afc227702486d74b35b926c76"", ""friendly_name"": ""admin SubStream"", ""supported_features"": 2}"
2025-08-10T18:37:59.787811,media_player.dlna_b13_box,unknown,unavailable,"{""friendly_name"": ""DLNA-B13 Box"", ""supported_features"": 512575}"
2025-08-10T18:38:10.260833,automation.aut_status_bruno,on,on,"{""id"": ""1751855857509"", ""last_triggered"": ""2025-08-10T21:38:10.253258+00:00"", ""mode"": ""single"", ""current"": 1, ""friendly_name"": ""aut-status-bruno""}"
2025-08-10T18:38:10.263039,automation.aut_status_bruno,on,on,"{""id"": ""1751855857509"", ""last_triggered"": ""2025-08-10T21:38:10.253258+00:00"", ""mode"": ""single"", ""current"": 0, ""friendly_name"": ""aut-status-bruno""}"
2025-08-10T18:38:25.147578,sensor.upnp_igd_data_received,2599483298,2599581002,"{""state_class"": ""total_increasing"", ""unit_of_measurement"": ""B"", ""device_class"": ""data_size"", ""friendly_name"": ""UPNP IGD Data received""}"
2025-08-10T18:38:25.149509,sensor.upnp_igd_data_sent,1294009321,1294032666,"{""state_class"": ""total_increasing"", ""unit_of_measurement"": ""B"", ""device_class"": ""data_size"", ""friendly_name"": ""UPNP IGD Data sent""}"
2025-08-10T18:38:25.151066,sensor.upnp_igd_packets_received,92730221,92731319,"{""state_class"": ""total_increasing"", ""unit_of_measurement"": ""packets"", ""friendly_name"": ""UPNP IGD Packets received""}"
2025-08-10T18:38:25.152528,sensor.upnp_igd_packets_sent,21168058,21168186,"{""state_class"": ""total_increasing"", ""unit_of_measurement"": ""packets"", ""friendly_name"": ""UPNP IGD Packets sent""}"
2025-08-10T18:38:25.153885,sensor.upnp_igd_uptime,1678433,1678463,"{""unit_of_measurement"": ""s"", ""device_class"": ""duration"", ""friendly_name"": ""UPNP IGD Uptime""}"
2025-08-10T18:38:25.155382,sensor.upnp_igd_download_speed,2.3679008832823,3.18053055831052,"{""state_class"": ""measurement"", ""unit_of_measurement"": ""KiB/s"", ""device_class"": ""data_rate"", ""friendly_name"": ""UPNP IGD Download speed""}"
2025-08-10T18:38:25.156847,sensor.upnp_igd_upload_speed,0.208691162776977,0.759943153645286,"{""state_class"": ""measurement"", ""unit_of_measurement"": ""KiB/s"", ""device_class"": ""data_rate"", ""friendly_name"": ""UPNP IGD Upload speed""}"
2025-08-10T18:38:25.158191,sensor.upnp_igd_packet_download_speed,35.0999590500478,36.6007112738224,"{""state_class"": ""measurement"", ""unit_of_measurement"": ""packets/s"", ""friendly_name"": ""UPNP IGD Packet download speed""}"
2025-08-10T18:38:25.159606,sensor.upnp_igd_packet_upload_speed,1.69999801666898,4.26674958383358,"{""state_class"": ""measurement"", ""unit_of_measurement"": ""packets/s"", ""friendly_name"": ""UPNP IGD Packet upload speed""}"
2025-08-10T18:38:55.149076,sensor.upnp_igd_data_received,2599581002,2599659034,"{""state_class"": ""total_increasing"", ""unit_of_measurement"": ""B"", ""device_class"": ""data_size"", ""friendly_name"": ""UPNP IGD Data received""}"
2025-08-10T18:38:55.152675,sensor.upnp_igd_data_sent,1294032666,1294041563,"{""state_class"": ""total_increasing"", ""unit_of_measurement"": ""B"", ""device_class"": ""data_size"", ""friendly_name"": ""UPNP IGD Data sent""}"
2025-08-10T18:38:55.154164,sensor.upnp_igd_packets_received,92731319,92732377,"{""state_class"": ""total_increasing"", ""unit_of_measurement"": ""packets"", ""friendly_name"": ""UPNP IGD Packets received""}"
2025-08-10T18:38:55.155740,sensor.upnp_igd_packets_sent,21168186,21168253,"{""state_class"": ""total_increasing"", ""unit_of_measurement"": ""packets"", ""friendly_name"": ""UPNP IGD Packets sent""}"
2025-08-10T18:38:55.157208,sensor.upnp_igd_uptime,1678463,1678493,"{""unit_of_measurement"": ""s"", ""device_class"": ""duration"", ""friendly_name"": ""UPNP IGD Uptime""}"
2025-08-10T18:38:55.158662,sensor.upnp_igd_download_speed,3.18053055831052,2.54009663104666,"{""state_class"": ""measurement"", ""unit_of_measurement"": ""KiB/s"", ""device_class"": ""data_rate"", ""friendly_name"": ""UPNP IGD Download speed""}"
2025-08-10T18:38:55.160123,sensor.upnp_igd_upload_speed,0.759943153645286,0.289615026225422,"{""state_class"": ""measurement"", ""unit_of_measurement"": ""KiB/s"", ""device_class"": ""data_rate"", ""friendly_name"": ""UPNP IGD Upload speed""}"
2025-08-10T18:38:55.161514,sensor.upnp_igd_packet_download_speed,36.6007112738224,35.2665620425326,"{""state_class"": ""measurement"", ""unit_of_measurement"": ""packets/s"", ""friendly_name"": ""UPNP IGD Packet download speed""}"
2025-08-10T18:38:55.162920,sensor.upnp_igd_packet_upload_speed,4.26674958383358,2.23332670779743,"{""state_class"": ""measurement"", ""unit_of_measurement"": ""packets/s"", ""friendly_name"": ""UPNP IGD Packet upload speed""}"
2025-08-10T18:39:10.259228,automation.aut_status_bruno,on,on,"{""id"": ""1751855857509"", ""last_triggered"": ""2025-08-10T21:39:10.252700+00:00"", ""mode"": ""single"", ""current"": 1, ""friendly_name"": ""aut-status-bruno""}"
2025-08-10T18:39:10.261506,automation.aut_status_bruno,on,on,"{""id"": ""1751855857509"", ""last_triggered"": ""2025-08-10T21:39:10.252700+00:00"", ""mode"": ""single"", ""current"": 0, ""friendly_name"": ""aut-status-bruno""}"
2025-08-10T18:39:25.177833,sensor.upnp_igd_data_received,2599659034,2599993721,"{""state_class"": ""total_increasing"", ""unit_of_measurement"": ""B"", ""device_class"": ""data_size"", ""friendly_name"": ""UPNP IGD Data received""}"
2025-08-10T18:39:25.184089,sensor.upnp_igd_data_sent,1294041563,1294051149,"{""state_class"": ""total_increasing"", ""unit_of_measurement"": ""B"", ""device_class"": ""data_size"", ""friendly_name"": ""UPNP IGD Data sent""}"
2025-08-10T18:39:25.187953,sensor.upnp_igd_packets_received,92732377,92733569,"{""state_class"": ""total_increasing"", ""unit_of_measurement"": ""packets"", ""friendly_name"": ""UPNP IGD Packets received""}"
2025-08-10T18:39:25.191803,sensor.upnp_igd_packets_sent,21168253,21168360,"{""state_class"": ""total_increasing"", ""unit_of_measurement"": ""packets"", ""friendly_name"": ""UPNP IGD Packets sent""}"
2025-08-10T18:39:25.195541,sensor.upnp_igd_uptime,1678493,1678523,"{""unit_of_measurement"": ""s"", ""device_class"": ""duration"", ""friendly_name"": ""UPNP IGD Uptime""}"
2025-08-10T18:39:25.198736,sensor.upnp_igd_download_speed,2.54009663104666,10.894209683275,"{""state_class"": ""measurement"", ""unit_of_measurement"": ""KiB/s"", ""device_class"": ""data_rate"", ""friendly_name"": ""UPNP IGD Download speed""}"
2025-08-10T18:39:25.202112,sensor.upnp_igd_upload_speed,0.289615026225422,0.312028534194259,"{""state_class"": ""measurement"", ""unit_of_measurement"": ""KiB/s"", ""device_class"": ""data_rate"", ""friendly_name"": ""UPNP IGD Upload speed""}"
2025-08-10T18:39:25.205927,sensor.upnp_igd_packet_download_speed,35.2665620425326,39.7313295499464,"{""state_class"": ""measurement"", ""unit_of_measurement"": ""packets/s"", ""friendly_name"": ""UPNP IGD Packet download speed""}"
2025-08-10T18:39:25.211172,sensor.upnp_igd_packet_upload_speed,2.23332670779743,3.56648679684921,"{""state_class"": ""measurement"", ""unit_of_measurement"": ""packets/s"", ""friendly_name"": ""UPNP IGD Packet upload speed""}"
2025-08-10T18:39:55.149891,sensor.upnp_igd_data_received,2599993721,2600067082,"{""state_class"": ""total_increasing"", ""unit_of_measurement"": ""B"", ""device_class"": ""data_size"", ""friendly_name"": ""UPNP IGD Data received""}"
2025-08-10T18:39:55.152776,sensor.upnp_igd_data_sent,1294051149,1294058983,"{""state_class"": ""total_increasing"", ""unit_of_measurement"": ""B"", ""device_class"": ""data_size"", ""friendly_name"": ""UPNP IGD Data sent""}"
2025-08-10T18:39:55.155589,sensor.upnp_igd_packets_received,92733569,92734621,"{""state_class"": ""total_increasing"", ""unit_of_measurement"": ""packets"", ""friendly_name"": ""UPNP IGD Packets received""}"
2025-08-10T18:39:55.157399,sensor.upnp_igd_packets_sent,21168360,21168422,"{""state_class"": ""total_increasing"", ""unit_of_measurement"": ""packets"", ""friendly_name"": ""UPNP IGD Packets sent""}"
2025-08-10T18:39:55.159046,sensor.upnp_igd_uptime,1678523,1678553,"{""unit_of_measurement"": ""s"", ""device_class"": ""duration"", ""friendly_name"": ""UPNP IGD Uptime""}"
2025-08-10T18:39:55.160868,sensor.upnp_igd_download_speed,10.894209683275,2.38814198548433,"{""state_class"": ""measurement"", ""unit_of_measurement"": ""KiB/s"", ""device_class"": ""data_rate"", ""friendly_name"": ""UPNP IGD Download speed""}"
2025-08-10T18:39:55.162637,sensor.upnp_igd_upload_speed,0.312028534194259,0.255022482167422,"{""state_class"": ""measurement"", ""unit_of_measurement"": ""KiB/s"", ""device_class"": ""data_rate"", ""friendly_name"": ""UPNP IGD Upload speed""}"
2025-08-10T18:39:55.164449,sensor.upnp_igd_packet_download_speed,39.7313295499464,35.0679676882679,"{""state_class"": ""measurement"", ""unit_of_measurement"": ""packets/s"", ""friendly_name"": ""UPNP IGD Packet download speed""}"
2025-08-10T18:39:55.166145,sensor.upnp_igd_packet_upload_speed,3.56648679684921,2.06674334284469,"{""state_class"": ""measurement"", ""unit_of_measurement"": ""packets/s"", ""friendly_name"": ""UPNP IGD Packet upload speed""}"
2025-08-10T18:40:10.259829,automation.aut_status_bruno,on,on,"{""id"": ""1751855857509"", ""last_triggered"": ""2025-08-10T21:40:10.252494+00:00"", ""mode"": ""single"", ""current"": 1, ""friendly_name"": ""aut-status-bruno""}"
2025-08-10T18:40:10.261910,automation.aut_status_bruno,on,on,"{""id"": ""1751855857509"", ""last_triggered"": ""2025-08-10T21:40:10.252494+00:00"", ""mode"": ""single"", ""current"": 0, ""friendly_name"": ""aut-status-bruno""}"
2025-08-10T18:40:25.152895,sensor.upnp_igd_data_received,2600067082,2600133166,"{""state_class"": ""total_increasing"", ""unit_of_measurement"": ""B"", ""device_class"": ""data_size"", ""friendly_name"": ""UPNP IGD Data received""}"
2025-08-10T18:40:25.154597,sensor.upnp_igd_data_sent,1294058983,1294061678,"{""state_class"": ""total_increasing"", ""unit_of_measurement"": ""B"", ""device_class"": ""data_size"", ""friendly_name"": ""UPNP IGD Data sent""}"
2025-08-10T18:40:25.156113,sensor.upnp_igd_packets_received,92734621,92735640,"{""state_class"": ""total_increasing"", ""unit_of_measurement"": ""packets"", ""friendly_name"": ""UPNP IGD Packets received""}"
2025-08-10T18:40:25.157504,sensor.upnp_igd_packets_sent,21168422,21168453,"{""state_class"": ""total_increasing"", ""unit_of_measurement"": ""packets"", ""friendly_name"": ""UPNP IGD Packets sent""}"
2025-08-10T18:40:25.158834,sensor.upnp_igd_uptime,1678553,1678583,"{""unit_of_measurement"": ""s"", ""device_class"": ""duration"", ""friendly_name"": ""UPNP IGD Uptime""}"
2025-08-10T18:40:25.160256,sensor.upnp_igd_download_speed,2.38814198548433,2.15118929963333,"{""state_class"": ""measurement"", ""unit_of_measurement"": ""KiB/s"", ""device_class"": ""data_rate"", ""friendly_name"": ""UPNP IGD Download speed""}"
2025-08-10T18:40:25.161652,sensor.upnp_igd_upload_speed,0.255022482167422,0.0877285751847923,"{""state_class"": ""measurement"", ""unit_of_measurement"": ""KiB/s"", ""device_class"": ""data_rate"", ""friendly_name"": ""UPNP IGD Upload speed""}"
2025-08-10T18:40:25.163133,sensor.upnp_igd_packet_download_speed,35.0679676882679,33.9669417988952,"{""state_class"": ""measurement"", ""unit_of_measurement"": ""packets/s"", ""friendly_name"": ""UPNP IGD Packet download speed""}"
2025-08-10T18:40:25.164608,sensor.upnp_igd_packet_upload_speed,2.06674334284469,1.03334170340113,"{""state_class"": ""measurement"", ""unit_of_measurement"": ""packets/s"", ""friendly_name"": ""UPNP IGD Packet upload speed""}"
2025-08-10T18:40:55.161717,sensor.upnp_igd_data_received,2600133166,2600203555,"{""state_class"": ""total_increasing"", ""unit_of_measurement"": ""B"", ""device_class"": ""data_size"", ""friendly_name"": ""UPNP IGD Data received""}"
2025-08-10T18:40:55.164532,sensor.upnp_igd_data_sent,1294061678,1294068733,"{""state_class"": ""total_increasing"", ""unit_of_measurement"": ""B"", ""device_class"": ""data_size"", ""friendly_name"": ""UPNP IGD Data sent""}"
2025-08-10T18:40:55.165988,sensor.upnp_igd_packets_received,92735640,92736656,"{""state_class"": ""total_increasing"", ""unit_of_measurement"": ""packets"", ""friendly_name"": ""UPNP IGD Packets received""}"
2025-08-10T18:40:55.167457,sensor.upnp_igd_packets_sent,21168453,21168499,"{""state_class"": ""total_increasing"", ""unit_of_measurement"": ""packets"", ""friendly_name"": ""UPNP IGD Packets sent""}"
2025-08-10T18:40:55.168842,sensor.upnp_igd_uptime,1678583,1678613,"{""unit_of_measurement"": ""s"", ""device_class"": ""duration"", ""friendly_name"": ""UPNP IGD Uptime""}"
2025-08-10T18:40:55.170312,sensor.upnp_igd_download_speed,2.15118929963333,2.29129698451195,"{""state_class"": ""measurement"", ""unit_of_measurement"": ""KiB/s"", ""device_class"": ""data_rate"", ""friendly_name"": ""UPNP IGD Download speed""}"
2025-08-10T18:40:55.171834,sensor.upnp_igd_upload_speed,0.0877285751847923,0.229653784337493,"{""state_class"": ""measurement"", ""unit_of_measurement"": ""KiB/s"", ""device_class"": ""data_rate"", ""friendly_name"": ""UPNP IGD Upload speed""}"
2025-08-10T18:40:55.173204,sensor.upnp_igd_packet_download_speed,33.9669417988952,33.8664950764249,"{""state_class"": ""measurement"", ""unit_of_measurement"": ""packets/s"", ""friendly_name"": ""UPNP IGD Packet download speed""}"
2025-08-10T18:40:55.174586,sensor.upnp_igd_packet_upload_speed,1.03334170340113,1.53332556448381,"{""state_class"": ""measurement"", ""unit_of_measurement"": ""packets/s"", ""friendly_name"": ""UPNP IGD Packet upload speed""}"
2025-08-10T18:41:03.199936,sun.sun,below_horizon,below_horizon,"{""next_dawn"": ""2025-08-11T08:27:53.857044+00:00"", ""next_dusk"": ""2025-08-11T20:50:42.399850+00:00"", ""next_midnight"": ""2025-08-11T02:39:14+00:00"", ""next_noon"": ""2025-08-11T14:39:20+00:00"", ""next_rising"": ""2025-08-11T08:50:14.762951+00:00"", ""next_setting"": ""2025-08-11T20:28:21.828254+00:00"", ""elevation"": -18.0, ""azimuth"": 282.08, ""rising"": false, ""friendly_name"": ""Sun""}"
2025-08-10T18:41:10.272865,automation.aut_status_bruno,on,on,"{""id"": ""1751855857509"", ""last_triggered"": ""2025-08-10T21:41:10.253285+00:00"", ""mode"": ""single"", ""current"": 1, ""friendly_name"": ""aut-status-bruno""}"
2025-08-10T18:41:10.278891,automation.aut_status_bruno,on,on,"{""id"": ""1751855857509"", ""last_triggered"": ""2025-08-10T21:41:10.253285+00:00"", ""mode"": ""single"", ""current"": 0, ""friendly_name"": ""aut-status-bruno""}"
2025-08-10T18:41:11.495751,sensor.tauntaum_energy,236.261,236.268,"{""state_class"": ""total_increasing"", ""unit_of_measurement"": ""kWh"", ""device_class"": ""energy"", ""friendly_name"": ""Tauntaum Energy""}"
2025-08-10T18:41:11.497798,sensor.tauntaum_power,34,34,"{""state_class"": ""measurement"", ""power_consumption_start"": ""2025-08-10T21:28:54Z"", ""power_consumption_end"": ""2025-08-10T21:41:11Z"", ""unit_of_measurement"": ""W"", ""device_class"": ""power"", ""friendly_name"": ""Tauntaum Power""}"
2025-08-10T18:41:11.499954,sensor.tauntaum_energy_difference,0.009,0.007,"{""state_class"": ""total"", ""unit_of_measurement"": ""kWh"", ""device_class"": ""energy"", ""friendly_name"": ""Tauntaum Energy difference""}"
2025-08-10T18:41:11.502348,sensor.tauntaum_power_energy,0.00823037055532137,0.00696558944437239,"{""state_class"": ""total"", ""unit_of_measurement"": ""kWh"", ""device_class"": ""energy"", ""friendly_name"": ""Tauntaum Power energy""}"
2025-08-10T18:41:11.504227,sensor.tauntaum_energy_saved,0.001,0.0,"{""state_class"": ""total_increasing"", ""unit_of_measurement"": ""kWh"", ""device_class"": ""energy"", ""friendly_name"": ""Tauntaum Energy saved""}"
2025-08-10T18:41:25.150741,sensor.upnp_igd_data_received,2600203555,2600273116,"{""state_class"": ""total_increasing"", ""unit_of_measurement"": ""B"", ""device_class"": ""data_size"", ""friendly_name"": ""UPNP IGD Data received""}"
2025-08-10T18:41:25.152378,sensor.upnp_igd_data_sent,1294068733,1294074155,"{""state_class"": ""total_increasing"", ""unit_of_measurement"": ""B"", ""device_class"": ""data_size"", ""friendly_name"": ""UPNP IGD Data sent""}"
2025-08-10T18:41:25.154140,sensor.upnp_igd_packets_received,92736656,92737707,"{""state_class"": ""total_increasing"", ""unit_of_measurement"": ""packets"", ""friendly_name"": ""UPNP IGD Packets received""}"
2025-08-10T18:41:25.155939,sensor.upnp_igd_packets_sent,21168499,21168550,"{""state_class"": ""total_increasing"", ""unit_of_measurement"": ""packets"", ""friendly_name"": ""UPNP IGD Packets sent""}"
2025-08-10T18:41:25.157318,sensor.upnp_igd_uptime,1678613,1678643,"{""unit_of_measurement"": ""s"", ""device_class"": ""duration"", ""friendly_name"": ""UPNP IGD Uptime""}"
2025-08-10T18:41:25.158643,sensor.upnp_igd_download_speed,2.29129698451195,2.26429644608931,"{""state_class"": ""measurement"", ""unit_of_measurement"": ""KiB/s"", ""device_class"": ""data_rate"", ""friendly_name"": ""UPNP IGD Download speed""}"
2025-08-10T18:41:25.159972,sensor.upnp_igd_upload_speed,0.229653784337493,0.17649279525447,"{""state_class"": ""measurement"", ""unit_of_measurement"": ""KiB/s"", ""device_class"": ""data_rate"", ""friendly_name"": ""UPNP IGD Upload speed""}"
2025-08-10T18:41:25.161220,sensor.upnp_igd_packet_download_speed,33.8664950764249,35.0324201549146,"{""state_class"": ""measurement"", ""unit_of_measurement"": ""packets/s"", ""friendly_name"": ""UPNP IGD Packet download speed""}"
2025-08-10T18:41:25.162467,sensor.upnp_igd_packet_upload_speed,1.53332556448381,1.69995568782174,"{""state_class"": ""measurement"", ""unit_of_measurement"": ""packets/s"", ""friendly_name"": ""UPNP IGD Packet upload speed""}"
2025-08-10T18:41:55.150457,sensor.upnp_igd_data_received,2600273116,2600343291,"{""state_class"": ""total_increasing"", ""unit_of_measurement"": ""B"", ""device_class"": ""data_size"", ""friendly_name"": ""UPNP IGD Data received""}"
2025-08-10T18:41:55.152868,sensor.upnp_igd_data_sent,1294074155,1294081307,"{""state_class"": ""total_increasing"", ""unit_of_measurement"": ""B"", ""device_class"": ""data_size"", ""friendly_name"": ""UPNP IGD Data sent""}"
2025-08-10T18:41:55.154344,sensor.upnp_igd_packets_received,92737707,92738713,"{""state_class"": ""total_increasing"", ""unit_of_measurement"": ""packets"", ""friendly_name"": ""UPNP IGD Packets received""}"
2025-08-10T18:41:55.155708,sensor.upnp_igd_packets_sent,21168550,21168597,"{""state_class"": ""total_increasing"", ""unit_of_measurement"": ""packets"", ""friendly_name"": ""UPNP IGD Packets sent""}"
2025-08-10T18:41:55.157174,sensor.upnp_igd_uptime,1678643,1678673,"{""unit_of_measurement"": ""s"", ""device_class"": ""duration"", ""friendly_name"": ""UPNP IGD Uptime""}"
2025-08-10T18:41:55.158689,sensor.upnp_igd_download_speed,2.26429644608931,2.28438623198611,"{""state_class"": ""measurement"", ""unit_of_measurement"": ""KiB/s"", ""device_class"": ""data_rate"", ""friendly_name"": ""UPNP IGD Download speed""}"
2025-08-10T18:41:55.160122,sensor.upnp_igd_upload_speed,0.17649279525447,0.232816962325111,"{""state_class"": ""measurement"", ""unit_of_measurement"": ""KiB/s"", ""device_class"": ""data_rate"", ""friendly_name"": ""UPNP IGD Upload speed""}"
2025-08-10T18:41:55.161594,sensor.upnp_igd_packet_download_speed,35.0324201549146,33.5339760678746,"{""state_class"": ""measurement"", ""unit_of_measurement"": ""packets/s"", ""friendly_name"": ""UPNP IGD Packet download speed""}"
2025-08-10T18:41:55.163012,sensor.upnp_igd_packet_upload_speed,1.69995568782174,1.56669669501999,"{""state_class"": ""measurement"", ""unit_of_measurement"": ""packets/s"", ""friendly_name"": ""UPNP IGD Packet upload speed""}"
2025-08-10T18:42:10.261862,automation.aut_status_bruno,on,on,"{""id"": ""1751855857509"", ""last_triggered"": ""2025-08-10T21:42:10.253118+00:00"", ""mode"": ""single"", ""current"": 1, ""friendly_name"": ""aut-status-bruno""}"
2025-08-10T18:42:10.264164,automation.aut_status_bruno,on,on,"{""id"": ""1751855857509"", ""last_triggered"": ""2025-08-10T21:42:10.253118+00:00"", ""mode"": ""single"", ""current"": 0, ""friendly_name"": ""aut-status-bruno""}"
2025-08-10T18:42:25.150076,sensor.upnp_igd_data_received,2600343291,2600413424,"{""state_class"": ""total_increasing"", ""unit_of_measurement"": ""B"", ""device_class"": ""data_size"", ""friendly_name"": ""UPNP IGD Data received""}"
2025-08-10T18:42:25.152751,sensor.upnp_igd_data_sent,1294081307,1294087515,"{""state_class"": ""total_increasing"", ""unit_of_measurement"": ""B"", ""device_class"": ""data_size"", ""friendly_name"": ""UPNP IGD Data sent""}"
2025-08-10T18:42:25.154286,sensor.upnp_igd_packets_received,92738713,92739775,"{""state_class"": ""total_increasing"", ""unit_of_measurement"": ""packets"", ""friendly_name"": ""UPNP IGD Packets received""}"
2025-08-10T18:42:25.155735,sensor.upnp_igd_packets_sent,21168597,21168648,"{""state_class"": ""total_increasing"", ""unit_of_measurement"": ""packets"", ""friendly_name"": ""UPNP IGD Packets sent""}"
2025-08-10T18:42:25.157131,sensor.upnp_igd_uptime,1678673,1678703,"{""unit_of_measurement"": ""s"", ""device_class"": ""duration"", ""friendly_name"": ""UPNP IGD Uptime""}"
2025-08-10T18:42:25.158681,sensor.upnp_igd_download_speed,2.28438623198611,2.28303743513615,"{""state_class"": ""measurement"", ""unit_of_measurement"": ""KiB/s"", ""device_class"": ""data_rate"", ""friendly_name"": ""UPNP IGD Download speed""}"
2025-08-10T18:42:25.160479,sensor.upnp_igd_upload_speed,0.232816962325111,0.202088836885991,"{""state_class"": ""measurement"", ""unit_of_measurement"": ""KiB/s"", ""device_class"": ""data_rate"", ""friendly_name"": ""UPNP IGD Upload speed""}"
2025-08-10T18:42:25.162151,sensor.upnp_igd_packet_download_speed,33.5339760678746,35.4009640862553,"{""state_class"": ""measurement"", ""unit_of_measurement"": ""packets/s"", ""friendly_name"": ""UPNP IGD Packet download speed""}"
2025-08-10T18:42:25.163671,sensor.upnp_igd_packet_upload_speed,1.56669669501999,1.70004629792751,"{""state_class"": ""measurement"", ""unit_of_measurement"": ""packets/s"", ""friendly_name"": ""UPNP IGD Packet upload speed""}"
2025-08-10T18:42:55.148462,sensor.upnp_igd_data_received,2600413424,2600493618,"{""state_class"": ""total_increasing"", ""unit_of_measurement"": ""B"", ""device_class"": ""data_size"", ""friendly_name"": ""UPNP IGD Data received""}"
2025-08-10T18:42:55.150986,sensor.upnp_igd_data_sent,1294087515,1294097595,"{""state_class"": ""total_increasing"", ""unit_of_measurement"": ""B"", ""device_class"": ""data_size"", ""friendly_name"": ""UPNP IGD Data sent""}"
2025-08-10T18:42:55.152639,sensor.upnp_igd_packets_received,92739775,92740857,"{""state_class"": ""total_increasing"", ""unit_of_measurement"": ""packets"", ""friendly_name"": ""UPNP IGD Packets received""}"
2025-08-10T18:42:55.154030,sensor.upnp_igd_packets_sent,21168648,21168720,"{""state_class"": ""total_increasing"", ""unit_of_measurement"": ""packets"", ""friendly_name"": ""UPNP IGD Packets sent""}"
2025-08-10T18:42:55.155426,sensor.upnp_igd_uptime,1678703,1678733,"{""unit_of_measurement"": ""s"", ""device_class"": ""duration"", ""friendly_name"": ""UPNP IGD Uptime""}"
2025-08-10T18:42:55.156843,sensor.upnp_igd_download_speed,2.28303743513615,2.61044183107332,"{""state_class"": ""measurement"", ""unit_of_measurement"": ""KiB/s"", ""device_class"": ""data_rate"", ""friendly_name"": ""UPNP IGD Download speed""}"
2025-08-10T18:42:55.158211,sensor.upnp_igd_upload_speed,0.202088836885991,0.32811997976431,"{""state_class"": ""measurement"", ""unit_of_measurement"": ""KiB/s"", ""device_class"": ""data_rate"", ""friendly_name"": ""UPNP IGD Upload speed""}"
2025-08-10T18:42:55.159718,sensor.upnp_igd_packet_download_speed,35.4009640862553,36.0661148551094,"{""state_class"": ""measurement"", ""unit_of_measurement"": ""packets/s"", ""friendly_name"": ""UPNP IGD Packet download speed""}"
2025-08-10T18:42:55.161106,sensor.upnp_igd_packet_upload_speed,1.70004629792751,2.39996328056181,"{""state_class"": ""measurement"", ""unit_of_measurement"": ""packets/s"", ""friendly_name"": ""UPNP IGD Packet upload speed""}"
2025-08-10T18:42:56.939510,camera.192_168_0_33,idle,idle,"{""access_token"": ""32ad4a602facdd4561ca708ee2b64b74484eb64caf4a145b996a0f1087a48f8d"", ""entity_picture"": ""/api/camera_proxy/camera.192_168_0_33?token=32ad4a602facdd4561ca708ee2b64b74484eb64caf4a145b996a0f1087a48f8d"", ""friendly_name"": ""192_168_0_14"", ""supported_features"": 2}"
2025-08-10T18:42:56.941261,camera.admin_mainstream,idle,idle,"{""access_token"": ""70b568a932d1a9635b432f462cce6451c6975012a8b3277ca007e13d6c469781"", ""entity_picture"": ""/api/camera_proxy/camera.admin_mainstream?token=70b568a932d1a9635b432f462cce6451c6975012a8b3277ca007e13d6c469781"", ""friendly_name"": ""admin MainStream"", ""supported_features"": 2}"
2025-08-10T18:42:56.942866,camera.admin_substream,idle,idle,"{""access_token"": ""2a582560552e2e42fa389783f4526d585503b552a722feb4f59c6508eee02fda"", ""entity_picture"": ""/api/camera_proxy/camera.admin_substream?token=2a582560552e2e42fa389783f4526d585503b552a722feb4f59c6508eee02fda"", ""friendly_name"": ""admin SubStream"", ""supported_features"": 2}"
2025-08-10T18:43:10.259947,automation.aut_status_bruno,on,on,"{""id"": ""1751855857509"", ""last_triggered"": ""2025-08-10T21:43:10.253125+00:00"", ""mode"": ""single"", ""current"": 1, ""friendly_name"": ""aut-status-bruno""}"
2025-08-10T18:43:10.262161,automation.aut_status_bruno,on,on,"{""id"": ""1751855857509"", ""last_triggered"": ""2025-08-10T21:43:10.253125+00:00"", ""mode"": ""single"", ""current"": 0, ""friendly_name"": ""aut-status-bruno""}"
2025-08-10T18:43:25.148996,sensor.upnp_igd_data_received,2600493618,2600559977,"{""state_class"": ""total_increasing"", ""unit_of_measurement"": ""B"", ""device_class"": ""data_size"", ""friendly_name"": ""UPNP IGD Data received""}"
2025-08-10T18:43:25.150760,sensor.upnp_igd_data_sent,1294097595,1294100854,"{""state_class"": ""total_increasing"", ""unit_of_measurement"": ""B"", ""device_class"": ""data_size"", ""friendly_name"": ""UPNP IGD Data sent""}"
2025-08-10T18:43:25.152600,sensor.upnp_igd_packets_received,92740857,92741873,"{""state_class"": ""total_increasing"", ""unit_of_measurement"": ""packets"", ""friendly_name"": ""UPNP IGD Packets received""}"
2025-08-10T18:43:25.154323,sensor.upnp_igd_packets_sent,21168720,21168755,"{""state_class"": ""total_increasing"", ""unit_of_measurement"": ""packets"", ""friendly_name"": ""UPNP IGD Packets sent""}"
2025-08-10T18:43:25.156016,sensor.upnp_igd_uptime,1678733,1678763,"{""unit_of_measurement"": ""s"", ""device_class"": ""duration"", ""friendly_name"": ""UPNP IGD Uptime""}"
2025-08-10T18:43:25.157728,sensor.upnp_igd_download_speed,2.61044183107332,2.16009792074815,"{""state_class"": ""measurement"", ""unit_of_measurement"": ""KiB/s"", ""device_class"": ""data_rate"", ""friendly_name"": ""UPNP IGD Download speed""}"
2025-08-10T18:43:25.159464,sensor.upnp_igd_upload_speed,0.32811997976431,0.106085973624048,"{""state_class"": ""measurement"", ""unit_of_measurement"": ""KiB/s"", ""device_class"": ""data_rate"", ""friendly_name"": ""UPNP IGD Upload speed""}"
2025-08-10T18:43:25.161181,sensor.upnp_igd_packet_download_speed,36.0661148551094,33.8662625292672,"{""state_class"": ""measurement"", ""unit_of_measurement"": ""packets/s"", ""friendly_name"": ""UPNP IGD Packet download speed""}"
2025-08-10T18:43:25.162910,sensor.upnp_igd_packet_upload_speed,2.39996328056181,1.16665274461058,"{""state_class"": ""measurement"", ""unit_of_measurement"": ""packets/s"", ""friendly_name"": ""UPNP IGD Packet upload speed""}"
2025-08-10T18:43:55.147643,sensor.upnp_igd_data_received,2600559977,2601174704,"{""state_class"": ""total_increasing"", ""unit_of_measurement"": ""B"", ""device_class"": ""data_size"", ""friendly_name"": ""UPNP IGD Data received""}"
2025-08-10T18:43:55.150376,sensor.upnp_igd_data_sent,1294100854,1294116848,"{""state_class"": ""total_increasing"", ""unit_of_measurement"": ""B"", ""device_class"": ""data_size"", ""friendly_name"": ""UPNP IGD Data sent""}"
2025-08-10T18:43:55.151935,sensor.upnp_igd_packets_received,92741873,92743297,"{""state_class"": ""total_increasing"", ""unit_of_measurement"": ""packets"", ""friendly_name"": ""UPNP IGD Packets received""}"
2025-08-10T18:43:55.153415,sensor.upnp_igd_packets_sent,21168755,21168897,"{""state_class"": ""total_increasing"", ""unit_of_measurement"": ""packets"", ""friendly_name"": ""UPNP IGD Packets sent""}"
2025-08-10T18:43:55.154755,sensor.upnp_igd_uptime,1678763,1678793,"{""unit_of_measurement"": ""s"", ""device_class"": ""duration"", ""friendly_name"": ""UPNP IGD Uptime""}"
2025-08-10T18:43:55.156268,sensor.upnp_igd_download_speed,2.16009792074815,20.0109380250077,"{""state_class"": ""measurement"", ""unit_of_measurement"": ""KiB/s"", ""device_class"": ""data_rate"", ""friendly_name"": ""UPNP IGD Download speed""}"
2025-08-10T18:43:55.157719,sensor.upnp_igd_upload_speed,0.106085973624048,0.520645656969636,"{""state_class"": ""measurement"", ""unit_of_measurement"": ""KiB/s"", ""device_class"": ""data_rate"", ""friendly_name"": ""UPNP IGD Upload speed""}"
2025-08-10T18:43:55.159109,sensor.upnp_igd_packet_download_speed,33.8662625292672,47.4673628546552,"{""state_class"": ""measurement"", ""unit_of_measurement"": ""packets/s"", ""friendly_name"": ""UPNP IGD Packet download speed""}"
2025-08-10T18:43:55.160523,sensor.upnp_igd_packet_upload_speed,1.16665274461058,4.73340275657376,"{""state_class"": ""measurement"", ""unit_of_measurement"": ""packets/s"", ""friendly_name"": ""UPNP IGD Packet upload speed""}"
2025-08-10T18:44:10.260914,automation.aut_status_bruno,on,on,"{""id"": ""1751855857509"", ""last_triggered"": ""2025-08-10T21:44:10.252865+00:00"", ""mode"": ""single"", ""current"": 1, ""friendly_name"": ""aut-status-bruno""}"
2025-08-10T18:44:10.263115,automation.aut_status_bruno,on,on,"{""id"": ""1751855857509"", ""last_triggered"": ""2025-08-10T21:44:10.252865+00:00"", ""mode"": ""single"", ""current"": 0, ""friendly_name"": ""aut-status-bruno""}"
2025-08-10T18:44:25.156710,sensor.upnp_igd_data_received,2601174704,2601241170,"{""state_class"": ""total_increasing"", ""unit_of_measurement"": ""B"", ""device_class"": ""data_size"", ""friendly_name"": ""UPNP IGD Data received""}"
2025-08-10T18:44:25.158311,sensor.upnp_igd_data_sent,1294116848,1294120656,"{""state_class"": ""total_increasing"", ""unit_of_measurement"": ""B"", ""device_class"": ""data_size"", ""friendly_name"": ""UPNP IGD Data sent""}"
2025-08-10T18:44:25.159843,sensor.upnp_igd_packets_received,92743297,92744313,"{""state_class"": ""total_increasing"", ""unit_of_measurement"": ""packets"", ""friendly_name"": ""UPNP IGD Packets received""}"
2025-08-10T18:44:25.161228,sensor.upnp_igd_packets_sent,21168897,21168940,"{""state_class"": ""total_increasing"", ""unit_of_measurement"": ""packets"", ""friendly_name"": ""UPNP IGD Packets sent""}"
2025-08-10T18:44:25.162636,sensor.upnp_igd_uptime,1678793,1678823,"{""unit_of_measurement"": ""s"", ""device_class"": ""duration"", ""friendly_name"": ""UPNP IGD Uptime""}"
2025-08-10T18:44:25.164135,sensor.upnp_igd_download_speed,20.0109380250077,2.16354208092511,"{""state_class"": ""measurement"", ""unit_of_measurement"": ""KiB/s"", ""device_class"": ""data_rate"", ""friendly_name"": ""UPNP IGD Download speed""}"
2025-08-10T18:44:25.165526,sensor.upnp_igd_upload_speed,0.520645656969636,0.123954627089983,"{""state_class"": ""measurement"", ""unit_of_measurement"": ""KiB/s"", ""device_class"": ""data_rate"", ""friendly_name"": ""UPNP IGD Upload speed""}"
2025-08-10T18:44:25.166866,sensor.upnp_igd_packet_download_speed,47.4673628546552,33.8656540836096,"{""state_class"": ""measurement"", ""unit_of_measurement"": ""packets/s"", ""friendly_name"": ""UPNP IGD Packet download speed""}"
2025-08-10T18:44:25.168296,sensor.upnp_igd_packet_upload_speed,4.73340275657376,1.43329047794804,"{""state_class"": ""measurement"", ""unit_of_measurement"": ""packets/s"", ""friendly_name"": ""UPNP IGD Packet upload speed""}"
2025-08-10T18:44:55.149625,sensor.upnp_igd_data_received,2601241170,2601311322,"{""state_class"": ""total_increasing"", ""unit_of_measurement"": ""B"", ""device_class"": ""data_size"", ""friendly_name"": ""UPNP IGD Data received""}"
2025-08-10T18:44:55.152400,sensor.upnp_igd_data_sent,1294120656,1294127699,"{""state_class"": ""total_increasing"", ""unit_of_measurement"": ""B"", ""device_class"": ""data_size"", ""friendly_name"": ""UPNP IGD Data sent""}"
2025-08-10T18:44:55.153898,sensor.upnp_igd_packets_received,92744313,92745332,"{""state_class"": ""total_increasing"", ""unit_of_measurement"": ""packets"", ""friendly_name"": ""UPNP IGD Packets received""}"
2025-08-10T18:44:55.155259,sensor.upnp_igd_packets_sent,21168940,21168985,"{""state_class"": ""total_increasing"", ""unit_of_measurement"": ""packets"", ""friendly_name"": ""UPNP IGD Packets sent""}"
2025-08-10T18:44:55.156679,sensor.upnp_igd_uptime,1678823,1678853,"{""unit_of_measurement"": ""s"", ""device_class"": ""duration"", ""friendly_name"": ""UPNP IGD Uptime""}"
2025-08-10T18:44:55.158134,sensor.upnp_igd_download_speed,2.16354208092511,2.28367908347509,"{""state_class"": ""measurement"", ""unit_of_measurement"": ""KiB/s"", ""device_class"": ""data_rate"", ""friendly_name"": ""UPNP IGD Download speed""}"
2025-08-10T18:44:55.159602,sensor.upnp_igd_upload_speed,0.123954627089983,0.229272890080326,"{""state_class"": ""measurement"", ""unit_of_measurement"": ""KiB/s"", ""device_class"": ""data_rate"", ""friendly_name"": ""UPNP IGD Upload speed""}"
2025-08-10T18:44:55.161006,sensor.upnp_igd_packet_download_speed,33.8656540836096,33.9679359352061,"{""state_class"": ""measurement"", ""unit_of_measurement"": ""packets/s"", ""friendly_name"": ""UPNP IGD Packet download speed""}"
2025-08-10T18:44:55.162335,sensor.upnp_igd_packet_upload_speed,1.43329047794804,1.50005605209448,"{""state_class"": ""measurement"", ""unit_of_measurement"": ""packets/s"", ""friendly_name"": ""UPNP IGD Packet upload speed""}"
2025-08-10T18:45:10.260201,automation.aut_status_bruno,on,on,"{""id"": ""1751855857509"", ""last_triggered"": ""2025-08-10T21:45:10.253090+00:00"", ""mode"": ""single"", ""current"": 1, ""friendly_name"": ""aut-status-bruno""}"
2025-08-10T18:45:10.262875,automation.aut_status_bruno,on,on,"{""id"": ""1751855857509"", ""last_triggered"": ""2025-08-10T21:45:10.253090+00:00"", ""mode"": ""single"", ""current"": 0, ""friendly_name"": ""aut-status-bruno""}"
2025-08-10T18:45:25.148266,sensor.upnp_igd_data_received,2601311322,2601377221,"{""state_class"": ""total_increasing"", ""unit_of_measurement"": ""B"", ""device_class"": ""data_size"", ""friendly_name"": ""UPNP IGD Data received""}"
2025-08-10T18:45:25.151792,sensor.upnp_igd_data_sent,1294127699,1294131095,"{""state_class"": ""total_increasing"", ""unit_of_measurement"": ""B"", ""device_class"": ""data_size"", ""friendly_name"": ""UPNP IGD Data sent""}"
2025-08-10T18:45:25.153955,sensor.upnp_igd_packets_received,92745332,92746340,"{""state_class"": ""total_increasing"", ""unit_of_measurement"": ""packets"", ""friendly_name"": ""UPNP IGD Packets received""}"
2025-08-10T18:45:25.155791,sensor.upnp_igd_packets_sent,21168985,21169022,"{""state_class"": ""total_increasing"", ""unit_of_measurement"": ""packets"", ""friendly_name"": ""UPNP IGD Packets sent""}"
2025-08-10T18:45:25.157528,sensor.upnp_igd_uptime,1678853,1678883,"{""unit_of_measurement"": ""s"", ""device_class"": ""duration"", ""friendly_name"": ""UPNP IGD Uptime""}"
2025-08-10T18:45:25.159820,sensor.upnp_igd_download_speed,2.28367908347509,2.14516468423063,"{""state_class"": ""measurement"", ""unit_of_measurement"": ""KiB/s"", ""device_class"": ""data_rate"", ""friendly_name"": ""UPNP IGD Download speed""}"
2025-08-10T18:45:25.161690,sensor.upnp_igd_upload_speed,0.229272890080326,0.110547645148595,"{""state_class"": ""measurement"", ""unit_of_measurement"": ""KiB/s"", ""device_class"": ""data_rate"", ""friendly_name"": ""UPNP IGD Upload speed""}"
2025-08-10T18:45:25.163585,sensor.upnp_igd_packet_download_speed,33.9679359352061,33.6002340816308,"{""state_class"": ""measurement"", ""unit_of_measurement"": ""packets/s"", ""friendly_name"": ""UPNP IGD Packet download speed""}"
2025-08-10T18:45:25.165359,sensor.upnp_igd_packet_upload_speed,1.50005605209448,1.23334192561542,"{""state_class"": ""measurement"", ""unit_of_measurement"": ""packets/s"", ""friendly_name"": ""UPNP IGD Packet upload speed""}"
2025-08-10T18:45:55.148114,sensor.upnp_igd_data_received,2601377221,2601447203,"{""state_class"": ""total_increasing"", ""unit_of_measurement"": ""B"", ""device_class"": ""data_size"", ""friendly_name"": ""UPNP IGD Data received""}"
2025-08-10T18:45:55.150866,sensor.upnp_igd_data_sent,1294131095,1294137979,"{""state_class"": ""total_increasing"", ""unit_of_measurement"": ""B"", ""device_class"": ""data_size"", ""friendly_name"": ""UPNP IGD Data sent""}"
2025-08-10T18:45:55.152447,sensor.upnp_igd_packets_received,92746340,92747355,"{""state_class"": ""total_increasing"", ""unit_of_measurement"": ""packets"", ""friendly_name"": ""UPNP IGD Packets received""}"
2025-08-10T18:45:55.153862,sensor.upnp_igd_packets_sent,21169022,21169067,"{""state_class"": ""total_increasing"", ""unit_of_measurement"": ""packets"", ""friendly_name"": ""UPNP IGD Packets sent""}"
2025-08-10T18:45:55.155178,sensor.upnp_igd_uptime,1678883,1678913,"{""unit_of_measurement"": ""s"", ""device_class"": ""duration"", ""friendly_name"": ""UPNP IGD Uptime""}"
2025-08-10T18:45:55.156634,sensor.upnp_igd_download_speed,2.14516468423063,2.27799117643284,"{""state_class"": ""measurement"", ""unit_of_measurement"": ""KiB/s"", ""device_class"": ""data_rate"", ""friendly_name"": ""UPNP IGD Download speed""}"
2025-08-10T18:45:55.158018,sensor.upnp_igd_upload_speed,0.110547645148595,0.224081781866247,"{""state_class"": ""measurement"", ""unit_of_measurement"": ""KiB/s"", ""device_class"": ""data_rate"", ""friendly_name"": ""UPNP IGD Upload speed""}"
2025-08-10T18:45:55.159415,sensor.upnp_igd_packet_download_speed,33.6002340816308,33.8323127252328,"{""state_class"": ""measurement"", ""unit_of_measurement"": ""packets/s"", ""friendly_name"": ""UPNP IGD Packet download speed""}"
2025-08-10T18:45:55.160906,sensor.upnp_igd_packet_upload_speed,1.23334192561542,1.499954751365,"{""state_class"": ""measurement"", ""unit_of_measurement"": ""packets/s"", ""friendly_name"": ""UPNP IGD Packet upload speed""}"
2025-08-10T18:46:10.266991,automation.aut_status_bruno,on,on,"{""id"": ""1751855857509"", ""last_triggered"": ""2025-08-10T21:46:10.252847+00:00"", ""mode"": ""single"", ""current"": 1, ""friendly_name"": ""aut-status-bruno""}"
2025-08-10T18:46:10.270982,automation.aut_status_bruno,on,on,"{""id"": ""1751855857509"", ""last_triggered"": ""2025-08-10T21:46:10.252847+00:00"", ""mode"": ""single"", ""current"": 0, ""friendly_name"": ""aut-status-bruno""}"
2025-08-10T18:46:25.148656,sensor.upnp_igd_data_received,2601447203,2601511462,"{""state_class"": ""total_increasing"", ""unit_of_measurement"": ""B"", ""device_class"": ""data_size"", ""friendly_name"": ""UPNP IGD Data received""}"
2025-08-10T18:46:25.151183,sensor.upnp_igd_data_sent,1294137979,1294141298,"{""state_class"": ""total_increasing"", ""unit_of_measurement"": ""B"", ""device_class"": ""data_size"", ""friendly_name"": ""UPNP IGD Data sent""}"
2025-08-10T18:46:25.152793,sensor.upnp_igd_packets_received,92747355,92748336,"{""state_class"": ""total_increasing"", ""unit_of_measurement"": ""packets"", ""friendly_name"": ""UPNP IGD Packets received""}"
2025-08-10T18:46:25.154217,sensor.upnp_igd_packets_sent,21169067,21169103,"{""state_class"": ""total_increasing"", ""unit_of_measurement"": ""packets"", ""friendly_name"": ""UPNP IGD Packets sent""}"
2025-08-10T18:46:25.155605,sensor.upnp_igd_uptime,1678913,1678943,"{""unit_of_measurement"": ""s"", ""device_class"": ""duration"", ""friendly_name"": ""UPNP IGD Uptime""}"
2025-08-10T18:46:25.157180,sensor.upnp_igd_download_speed,2.27799117643284,2.09181410809244,"{""state_class"": ""measurement"", ""unit_of_measurement"": ""KiB/s"", ""device_class"": ""data_rate"", ""friendly_name"": ""UPNP IGD Download speed""}"
2025-08-10T18:46:25.158555,sensor.upnp_igd_upload_speed,0.224081781866247,0.10804293600521,"{""state_class"": ""measurement"", ""unit_of_measurement"": ""KiB/s"", ""device_class"": ""data_rate"", ""friendly_name"": ""UPNP IGD Upload speed""}"
2025-08-10T18:46:25.159885,sensor.upnp_igd_packet_download_speed,33.8323127252328,32.700778278523,"{""state_class"": ""measurement"", ""unit_of_measurement"": ""packets/s"", ""friendly_name"": ""UPNP IGD Packet download speed""}"
2025-08-10T18:46:25.161195,sensor.upnp_igd_packet_upload_speed,1.499954751365,1.20002856067974,"{""state_class"": ""measurement"", ""unit_of_measurement"": ""packets/s"", ""friendly_name"": ""UPNP IGD Packet upload speed""}"
2025-08-10T18:46:55.147675,sensor.upnp_igd_data_received,2601511462,2601581768,"{""state_class"": ""total_increasing"", ""unit_of_measurement"": ""B"", ""device_class"": ""data_size"", ""friendly_name"": ""UPNP IGD Data received""}"
2025-08-10T18:46:55.150085,sensor.upnp_igd_data_sent,1294141298,1294148230,"{""state_class"": ""total_increasing"", ""unit_of_measurement"": ""B"", ""device_class"": ""data_size"", ""friendly_name"": ""UPNP IGD Data sent""}"
2025-08-10T18:46:55.151644,sensor.upnp_igd_packets_received,92748336,92749351,"{""state_class"": ""total_increasing"", ""unit_of_measurement"": ""packets"", ""friendly_name"": ""UPNP IGD Packets received""}"
2025-08-10T18:46:55.153047,sensor.upnp_igd_packets_sent,21169103,21169157,"{""state_class"": ""total_increasing"", ""unit_of_measurement"": ""packets"", ""friendly_name"": ""UPNP IGD Packets sent""}"
2025-08-10T18:46:55.154344,sensor.upnp_igd_uptime,1678943,1678973,"{""unit_of_measurement"": ""s"", ""device_class"": ""duration"", ""friendly_name"": ""UPNP IGD Uptime""}"
2025-08-10T18:46:55.155753,sensor.upnp_igd_download_speed,2.09181410809244,2.28854070829155,"{""state_class"": ""measurement"", ""unit_of_measurement"": ""KiB/s"", ""device_class"": ""data_rate"", ""friendly_name"": ""UPNP IGD Download speed""}"
2025-08-10T18:46:55.157140,sensor.upnp_igd_upload_speed,0.10804293600521,0.22564452806129,"{""state_class"": ""measurement"", ""unit_of_measurement"": ""KiB/s"", ""device_class"": ""data_rate"", ""friendly_name"": ""UPNP IGD Upload speed""}"
2025-08-10T18:46:55.158544,sensor.upnp_igd_packet_download_speed,32.700778278523,33.8323567059698,"{""state_class"": ""measurement"", ""unit_of_measurement"": ""packets/s"", ""friendly_name"": ""UPNP IGD Packet download speed""}"
2025-08-10T18:46:55.159973,sensor.upnp_igd_packet_upload_speed,1.20002856067974,1.79994804149987,"{""state_class"": ""measurement"", ""unit_of_measurement"": ""packets/s"", ""friendly_name"": ""UPNP IGD Packet upload speed""}"
2025-08-10T18:47:10.259110,automation.aut_status_bruno,on,on,"{""id"": ""1751855857509"", ""last_triggered"": ""2025-08-10T21:47:10.252559+00:00"", ""mode"": ""single"", ""current"": 1, ""friendly_name"": ""aut-status-bruno""}"
2025-08-10T18:47:10.261434,automation.aut_status_bruno,on,on,"{""id"": ""1751855857509"", ""last_triggered"": ""2025-08-10T21:47:10.252559+00:00"", ""mode"": ""single"", ""current"": 0, ""friendly_name"": ""aut-status-bruno""}"
2025-08-10T18:47:25.149877,sensor.upnp_igd_data_received,2601581768,2601648283,"{""state_class"": ""total_increasing"", ""unit_of_measurement"": ""B"", ""device_class"": ""data_size"", ""friendly_name"": ""UPNP IGD Data received""}"
2025-08-10T18:47:25.152679,sensor.upnp_igd_data_sent,1294148230,1294152868,"{""state_class"": ""total_increasing"", ""unit_of_measurement"": ""B"", ""device_class"": ""data_size"", ""friendly_name"": ""UPNP IGD Data sent""}"
2025-08-10T18:47:25.154174,sensor.upnp_igd_packets_received,92749351,92750359,"{""state_class"": ""total_increasing"", ""unit_of_measurement"": ""packets"", ""friendly_name"": ""UPNP IGD Packets received""}"
2025-08-10T18:47:25.155614,sensor.upnp_igd_packets_sent,21169157,21169201,"{""state_class"": ""total_increasing"", ""unit_of_measurement"": ""packets"", ""friendly_name"": ""UPNP IGD Packets sent""}"
2025-08-10T18:47:25.156943,sensor.upnp_igd_uptime,1678973,1679003,"{""unit_of_measurement"": ""s"", ""device_class"": ""duration"", ""friendly_name"": ""UPNP IGD Uptime""}"
2025-08-10T18:47:25.158337,sensor.upnp_igd_download_speed,2.28854070829155,2.16514978715012,"{""state_class"": ""measurement"", ""unit_of_measurement"": ""KiB/s"", ""device_class"": ""data_rate"", ""friendly_name"": ""UPNP IGD Download speed""}"
2025-08-10T18:47:25.159789,sensor.upnp_igd_upload_speed,0.22564452806129,0.15097293411715,"{""state_class"": ""measurement"", ""unit_of_measurement"": ""KiB/s"", ""device_class"": ""data_rate"", ""friendly_name"": ""UPNP IGD Upload speed""}"
2025-08-10T18:47:25.161171,sensor.upnp_igd_packet_download_speed,33.8323567059698,33.5991924994069,"{""state_class"": ""measurement"", ""unit_of_measurement"": ""packets/s"", ""friendly_name"": ""UPNP IGD Packet download speed""}"
2025-08-10T18:47:25.162509,sensor.upnp_igd_packet_upload_speed,1.79994804149987,1.46663141862491,"{""state_class"": ""measurement"", ""unit_of_measurement"": ""packets/s"", ""friendly_name"": ""UPNP IGD Packet upload speed""}"
2025-08-10T18:47:52.060075,media_player.dlna_b13_box,unavailable,unknown,"{""friendly_name"": ""DLNA-B13 Box"", ""supported_features"": 512575}"
2025-08-10T18:47:55.148692,sensor.upnp_igd_data_received,2601648283,2601719124,"{""state_class"": ""total_increasing"", ""unit_of_measurement"": ""B"", ""device_class"": ""data_size"", ""friendly_name"": ""UPNP IGD Data received""}"
2025-08-10T18:47:55.150989,sensor.upnp_igd_data_sent,1294152868,1294159739,"{""state_class"": ""total_increasing"", ""unit_of_measurement"": ""B"", ""device_class"": ""data_size"", ""friendly_name"": ""UPNP IGD Data sent""}"
2025-08-10T18:47:55.152897,sensor.upnp_igd_packets_received,92750359,92751388,"{""state_class"": ""total_increasing"", ""unit_of_measurement"": ""packets"", ""friendly_name"": ""UPNP IGD Packets received""}"
2025-08-10T18:47:55.154605,sensor.upnp_igd_packets_sent,21169201,21169246,"{""state_class"": ""total_increasing"", ""unit_of_measurement"": ""packets"", ""friendly_name"": ""UPNP IGD Packets sent""}"
2025-08-10T18:47:55.155993,sensor.upnp_igd_uptime,1679003,1679033,"{""unit_of_measurement"": ""s"", ""device_class"": ""duration"", ""friendly_name"": ""UPNP IGD Uptime""}"
2025-08-10T18:47:55.157297,sensor.upnp_igd_download_speed,2.16514978715012,2.30613398291484,"{""state_class"": ""measurement"", ""unit_of_measurement"": ""KiB/s"", ""device_class"": ""data_rate"", ""friendly_name"": ""UPNP IGD Download speed""}"
2025-08-10T18:47:55.158558,sensor.upnp_igd_upload_speed,0.15097293411715,0.223676212879658,"{""state_class"": ""measurement"", ""unit_of_measurement"": ""KiB/s"", ""device_class"": ""data_rate"", ""friendly_name"": ""UPNP IGD Upload speed""}"
2025-08-10T18:47:55.162138,sensor.upnp_igd_packet_download_speed,33.5991924994069,34.3016636306861,"{""state_class"": ""measurement"", ""unit_of_measurement"": ""packets/s"", ""friendly_name"": ""UPNP IGD Packet download speed""}"
2025-08-10T18:47:55.164218,sensor.upnp_igd_packet_upload_speed,1.46663141862491,1.50007275352855,"{""state_class"": ""measurement"", ""unit_of_measurement"": ""packets/s"", ""friendly_name"": ""UPNP IGD Packet upload speed""}"
2025-08-10T18:47:56.942772,camera.192_168_0_33,idle,idle,"{""access_token"": ""8085cfa0793abe6147d82c85bfcb863a7de4db360cd53449be5a3c4a51e02655"", ""entity_picture"": ""/api/camera_proxy/camera.192_168_0_33?token=8085cfa0793abe6147d82c85bfcb863a7de4db360cd53449be5a3c4a51e02655"", ""friendly_name"": ""192_168_0_14"", ""supported_features"": 2}"
2025-08-10T18:47:56.946125,camera.admin_mainstream,idle,idle,"{""access_token"": ""c4e3c95e8539171da39519b83cf3d09681c498a1ae41b3b7ad08db513c73975b"", ""entity_picture"": ""/api/camera_proxy/camera.admin_mainstream?token=c4e3c95e8539171da39519b83cf3d09681c498a1ae41b3b7ad08db513c73975b"", ""friendly_name"": ""admin MainStream"", ""supported_features"": 2}"
2025-08-10T18:47:56.948466,camera.admin_substream,idle,idle,"{""access_token"": ""3c48f200b0831666c3ebcad03a1e6757d9e247cb5c31bbaf5d42a9acbe783b3a"", ""entity_picture"": ""/api/camera_proxy/camera.admin_substream?token=3c48f200b0831666c3ebcad03a1e6757d9e247cb5c31bbaf5d42a9acbe783b3a"", ""friendly_name"": ""admin SubStream"", ""supported_features"": 2}"
2025-08-10T18:47:58.788753,media_player.dlna_b13_box,unknown,unavailable,"{""friendly_name"": ""DLNA-B13 Box"", ""supported_features"": 512575}"
2025-08-10T18:48:10.260657,automation.aut_status_bruno,on,on,"{""id"": ""1751855857509"", ""last_triggered"": ""2025-08-10T21:48:10.252847+00:00"", ""mode"": ""single"", ""current"": 1, ""friendly_name"": ""aut-status-bruno""}"
2025-08-10T18:48:10.263938,automation.aut_status_bruno,on,on,"{""id"": ""1751855857509"", ""last_triggered"": ""2025-08-10T21:48:10.252847+00:00"", ""mode"": ""single"", ""current"": 0, ""friendly_name"": ""aut-status-bruno""}"
2025-08-10T18:48:25.148697,sensor.upnp_igd_data_received,2601719124,2601793362,"{""state_class"": ""total_increasing"", ""unit_of_measurement"": ""B"", ""device_class"": ""data_size"", ""friendly_name"": ""UPNP IGD Data received""}"
2025-08-10T18:48:25.150995,sensor.upnp_igd_data_sent,1294159739,1294168885,"{""state_class"": ""total_increasing"", ""unit_of_measurement"": ""B"", ""device_class"": ""data_size"", ""friendly_name"": ""UPNP IGD Data sent""}"
2025-08-10T18:48:25.152893,sensor.upnp_igd_packets_received,92751388,92752437,"{""state_class"": ""total_increasing"", ""unit_of_measurement"": ""packets"", ""friendly_name"": ""UPNP IGD Packets received""}"
2025-08-10T18:48:25.154303,sensor.upnp_igd_packets_sent,21169246,21169311,"{""state_class"": ""total_increasing"", ""unit_of_measurement"": ""packets"", ""friendly_name"": ""UPNP IGD Packets sent""}"
2025-08-10T18:48:25.155675,sensor.upnp_igd_uptime,1679033,1679063,"{""unit_of_measurement"": ""s"", ""device_class"": ""duration"", ""friendly_name"": ""UPNP IGD Uptime""}"
2025-08-10T18:48:25.157120,sensor.upnp_igd_download_speed,2.30613398291484,2.4166077651266,"{""state_class"": ""measurement"", ""unit_of_measurement"": ""KiB/s"", ""device_class"": ""data_rate"", ""friendly_name"": ""UPNP IGD Download speed""}"
2025-08-10T18:48:25.158498,sensor.upnp_igd_upload_speed,0.223676212879658,0.297722118320104,"{""state_class"": ""measurement"", ""unit_of_measurement"": ""KiB/s"", ""device_class"": ""data_rate"", ""friendly_name"": ""UPNP IGD Upload speed""}"
2025-08-10T18:48:25.159911,sensor.upnp_igd_packet_download_speed,34.3016636306861,34.9667564146748,"{""state_class"": ""measurement"", ""unit_of_measurement"": ""packets/s"", ""friendly_name"": ""UPNP IGD Packet download speed""}"
2025-08-10T18:48:25.161267,sensor.upnp_igd_packet_upload_speed,1.50007275352855,2.16667222779205,"{""state_class"": ""measurement"", ""unit_of_measurement"": ""packets/s"", ""friendly_name"": ""UPNP IGD Packet upload speed""}"
2025-08-10T18:48:55.147843,sensor.upnp_igd_data_received,2601793362,2602407304,"{""state_class"": ""total_increasing"", ""unit_of_measurement"": ""B"", ""device_class"": ""data_size"", ""friendly_name"": ""UPNP IGD Data received""}"
2025-08-10T18:48:55.150511,sensor.upnp_igd_data_sent,1294168885,1294183225,"{""state_class"": ""total_increasing"", ""unit_of_measurement"": ""B"", ""device_class"": ""data_size"", ""friendly_name"": ""UPNP IGD Data sent""}"
2025-08-10T18:48:55.152104,sensor.upnp_igd_packets_received,92752437,92753859,"{""state_class"": ""total_increasing"", ""unit_of_measurement"": ""packets"", ""friendly_name"": ""UPNP IGD Packets received""}"
2025-08-10T18:48:55.153509,sensor.upnp_igd_packets_sent,21169311,21169437,"{""state_class"": ""total_increasing"", ""unit_of_measurement"": ""packets"", ""friendly_name"": ""UPNP IGD Packets sent""}"
2025-08-10T18:48:55.154843,sensor.upnp_igd_uptime,1679063,1679093,"{""unit_of_measurement"": ""s"", ""device_class"": ""duration"", ""friendly_name"": ""UPNP IGD Uptime""}"
2025-08-10T18:48:55.156285,sensor.upnp_igd_download_speed,2.4166077651266,19.9849552481376,"{""state_class"": ""measurement"", ""unit_of_measurement"": ""KiB/s"", ""device_class"": ""data_rate"", ""friendly_name"": ""UPNP IGD Download speed""}"
2025-08-10T18:48:55.157651,sensor.upnp_igd_upload_speed,0.297722118320104,0.466793700802835,"{""state_class"": ""measurement"", ""unit_of_measurement"": ""KiB/s"", ""device_class"": ""data_rate"", ""friendly_name"": ""UPNP IGD Upload speed""}"
2025-08-10T18:48:55.159052,sensor.upnp_igd_packet_download_speed,34.9667564146748,47.3996776821918,"{""state_class"": ""measurement"", ""unit_of_measurement"": ""packets/s"", ""friendly_name"": ""UPNP IGD Packet download speed""}"
2025-08-10T18:48:55.160519,sensor.upnp_igd_packet_upload_speed,2.16667222779205,4.19997144019421,"{""state_class"": ""measurement"", ""unit_of_measurement"": ""packets/s"", ""friendly_name"": ""UPNP IGD Packet upload speed""}"
2025-08-10T18:49:10.260591,automation.aut_status_bruno,on,on,"{""id"": ""1751855857509"", ""last_triggered"": ""2025-08-10T21:49:10.252710+00:00"", ""mode"": ""single"", ""current"": 1, ""friendly_name"": ""aut-status-bruno""}"
2025-08-10T18:49:10.263740,automation.aut_status_bruno,on,on,"{""id"": ""1751855857509"", ""last_triggered"": ""2025-08-10T21:49:10.252710+00:00"", ""mode"": ""single"", ""current"": 0, ""friendly_name"": ""aut-status-bruno""}"
2025-08-10T18:49:25.148756,sensor.upnp_igd_data_received,2602407304,2602474764,"{""state_class"": ""total_increasing"", ""unit_of_measurement"": ""B"", ""device_class"": ""data_size"", ""friendly_name"": ""UPNP IGD Data received""}"
2025-08-10T18:49:25.150803,sensor.upnp_igd_data_sent,1294183225,1294186963,"{""state_class"": ""total_increasing"", ""unit_of_measurement"": ""B"", ""device_class"": ""data_size"", ""friendly_name"": ""UPNP IGD Data sent""}"
2025-08-10T18:49:25.153217,sensor.upnp_igd_packets_received,92753859,92754891,"{""state_class"": ""total_increasing"", ""unit_of_measurement"": ""packets"", ""friendly_name"": ""UPNP IGD Packets received""}"
2025-08-10T18:49:25.154988,sensor.upnp_igd_packets_sent,21169437,21169478,"{""state_class"": ""total_increasing"", ""unit_of_measurement"": ""packets"", ""friendly_name"": ""UPNP IGD Packets sent""}"
2025-08-10T18:49:25.156680,sensor.upnp_igd_uptime,1679093,1679123,"{""unit_of_measurement"": ""s"", ""device_class"": ""duration"", ""friendly_name"": ""UPNP IGD Uptime""}"
2025-08-10T18:49:25.158402,sensor.upnp_igd_download_speed,19.9849552481376,2.1959543918567,"{""state_class"": ""measurement"", ""unit_of_measurement"": ""KiB/s"", ""device_class"": ""data_rate"", ""friendly_name"": ""UPNP IGD Download speed""}"
2025-08-10T18:49:25.160162,sensor.upnp_igd_upload_speed,0.466793700802835,0.121679180503415,"{""state_class"": ""measurement"", ""unit_of_measurement"": ""KiB/s"", ""device_class"": ""data_rate"", ""friendly_name"": ""UPNP IGD Upload speed""}"
2025-08-10T18:49:25.161860,sensor.upnp_igd_packet_download_speed,47.3996776821918,34.3998566672639,"{""state_class"": ""measurement"", ""unit_of_measurement"": ""packets/s"", ""friendly_name"": ""UPNP IGD Packet download speed""}"
2025-08-10T18:49:25.163617,sensor.upnp_igd_packet_upload_speed,4.19997144019421,1.36666097224595,"{""state_class"": ""measurement"", ""unit_of_measurement"": ""packets/s"", ""friendly_name"": ""UPNP IGD Packet upload speed""}"
2025-08-10T18:49:55.164101,sensor.upnp_igd_data_received,2602474764,2602547458,"{""state_class"": ""total_increasing"", ""unit_of_measurement"": ""B"", ""device_class"": ""data_size"", ""friendly_name"": ""UPNP IGD Data received""}"
2025-08-10T18:49:55.166549,sensor.upnp_igd_data_sent,1294186963,1294195672,"{""state_class"": ""total_increasing"", ""unit_of_measurement"": ""B"", ""device_class"": ""data_size"", ""friendly_name"": ""UPNP IGD Data sent""}"
2025-08-10T18:49:55.168317,sensor.upnp_igd_packets_received,92754891,92755935,"{""state_class"": ""total_increasing"", ""unit_of_measurement"": ""packets"", ""friendly_name"": ""UPNP IGD Packets received""}"
2025-08-10T18:49:55.169781,sensor.upnp_igd_packets_sent,21169478,21169538,"{""state_class"": ""total_increasing"", ""unit_of_measurement"": ""packets"", ""friendly_name"": ""UPNP IGD Packets sent""}"
2025-08-10T18:49:55.171140,sensor.upnp_igd_uptime,1679123,1679153,"{""unit_of_measurement"": ""s"", ""device_class"": ""duration"", ""friendly_name"": ""UPNP IGD Uptime""}"
2025-08-10T18:49:55.172650,sensor.upnp_igd_download_speed,2.1959543918567,2.36636891122856,"{""state_class"": ""measurement"", ""unit_of_measurement"": ""KiB/s"", ""device_class"": ""data_rate"", ""friendly_name"": ""UPNP IGD Download speed""}"
2025-08-10T18:49:55.174050,sensor.upnp_igd_upload_speed,0.121679180503415,0.283499420143196,"{""state_class"": ""measurement"", ""unit_of_measurement"": ""KiB/s"", ""device_class"": ""data_rate"", ""friendly_name"": ""UPNP IGD Upload speed""}"
2025-08-10T18:49:55.175475,sensor.upnp_igd_packet_download_speed,34.3998566672639,34.800408324791,"{""state_class"": ""measurement"", ""unit_of_measurement"": ""packets/s"", ""friendly_name"": ""UPNP IGD Packet download speed""}"
2025-08-10T18:49:55.176946,sensor.upnp_igd_packet_upload_speed,1.36666097224595,2.00002346694201,"{""state_class"": ""measurement"", ""unit_of_measurement"": ""packets/s"", ""friendly_name"": ""UPNP IGD Packet upload speed""}"
2025-08-10T18:50:10.260256,automation.aut_status_bruno,on,on,"{""id"": ""1751855857509"", ""last_triggered"": ""2025-08-10T21:50:10.253753+00:00"", ""mode"": ""single"", ""current"": 1, ""friendly_name"": ""aut-status-bruno""}"
2025-08-10T18:50:10.262397,automation.aut_status_bruno,on,on,"{""id"": ""1751855857509"", ""last_triggered"": ""2025-08-10T21:50:10.253753+00:00"", ""mode"": ""single"", ""current"": 0, ""friendly_name"": ""aut-status-bruno""}"
2025-08-10T18:50:25.148837,sensor.upnp_igd_data_received,2602547458,2602613562,"{""state_class"": ""total_increasing"", ""unit_of_measurement"": ""B"", ""device_class"": ""data_size"", ""friendly_name"": ""UPNP IGD Data received""}"
2025-08-10T18:50:25.151432,sensor.upnp_igd_data_sent,1294195672,1294199166,"{""state_class"": ""total_increasing"", ""unit_of_measurement"": ""B"", ""device_class"": ""data_size"", ""friendly_name"": ""UPNP IGD Data sent""}"
2025-08-10T18:50:25.152948,sensor.upnp_igd_packets_received,92755935,92756949,"{""state_class"": ""total_increasing"", ""unit_of_measurement"": ""packets"", ""friendly_name"": ""UPNP IGD Packets received""}"
2025-08-10T18:50:25.154365,sensor.upnp_igd_packets_sent,21169538,21169576,"{""state_class"": ""total_increasing"", ""unit_of_measurement"": ""packets"", ""friendly_name"": ""UPNP IGD Packets sent""}"
2025-08-10T18:50:25.155738,sensor.upnp_igd_uptime,1679153,1679183,"{""unit_of_measurement"": ""s"", ""device_class"": ""duration"", ""friendly_name"": ""UPNP IGD Uptime""}"
2025-08-10T18:50:25.157186,sensor.upnp_igd_download_speed,2.36636891122856,2.15181050789274,"{""state_class"": ""measurement"", ""unit_of_measurement"": ""KiB/s"", ""device_class"": ""data_rate"", ""friendly_name"": ""UPNP IGD Download speed""}"
2025-08-10T18:50:25.158547,sensor.upnp_igd_upload_speed,0.283499420143196,0.113736323287202,"{""state_class"": ""measurement"", ""unit_of_measurement"": ""KiB/s"", ""device_class"": ""data_rate"", ""friendly_name"": ""UPNP IGD Upload speed""}"
2025-08-10T18:50:25.159980,sensor.upnp_igd_packet_download_speed,34.800408324791,33.7998050877907,"{""state_class"": ""measurement"", ""unit_of_measurement"": ""packets/s"", ""friendly_name"": ""UPNP IGD Packet download speed""}"
2025-08-10T18:50:25.161538,sensor.upnp_igd_packet_upload_speed,2.00002346694201,1.26665936226434,"{""state_class"": ""measurement"", ""unit_of_measurement"": ""packets/s"", ""friendly_name"": ""UPNP IGD Packet upload speed""}"
2025-08-10T18:50:55.167288,sensor.upnp_igd_data_received,2602613562,2602682653,"{""state_class"": ""total_increasing"", ""unit_of_measurement"": ""B"", ""device_class"": ""data_size"", ""friendly_name"": ""UPNP IGD Data received""}"
2025-08-10T18:50:55.169876,sensor.upnp_igd_data_sent,1294199166,1294205773,"{""state_class"": ""total_increasing"", ""unit_of_measurement"": ""B"", ""device_class"": ""data_size"", ""friendly_name"": ""UPNP IGD Data sent""}"
2025-08-10T18:50:55.171561,sensor.upnp_igd_packets_received,92756949,92757952,"{""state_class"": ""total_increasing"", ""unit_of_measurement"": ""packets"", ""friendly_name"": ""UPNP IGD Packets received""}"
2025-08-10T18:50:55.172991,sensor.upnp_igd_packets_sent,21169576,21169618,"{""state_class"": ""total_increasing"", ""unit_of_measurement"": ""packets"", ""friendly_name"": ""UPNP IGD Packets sent""}"
2025-08-10T18:50:55.174321,sensor.upnp_igd_uptime,1679183,1679213,"{""unit_of_measurement"": ""s"", ""device_class"": ""duration"", ""friendly_name"": ""UPNP IGD Uptime""}"
2025-08-10T18:50:55.175741,sensor.upnp_igd_download_speed,2.15181050789274,2.24903319938025,"{""state_class"": ""measurement"", ""unit_of_measurement"": ""KiB/s"", ""device_class"": ""data_rate"", ""friendly_name"": ""UPNP IGD Download speed""}"
2025-08-10T18:50:55.177339,sensor.upnp_igd_upload_speed,0.113736323287202,0.215069435213057,"{""state_class"": ""measurement"", ""unit_of_measurement"": ""KiB/s"", ""device_class"": ""data_rate"", ""friendly_name"": ""UPNP IGD Upload speed""}"
2025-08-10T18:50:55.179114,sensor.upnp_igd_packet_download_speed,33.7998050877907,33.4329945456553,"{""state_class"": ""measurement"", ""unit_of_measurement"": ""packets/s"", ""friendly_name"": ""UPNP IGD Packet download speed""}"
2025-08-10T18:50:55.180918,sensor.upnp_igd_packet_upload_speed,1.26665936226434,1.39998581347709,"{""state_class"": ""measurement"", ""unit_of_measurement"": ""packets/s"", ""friendly_name"": ""UPNP IGD Packet upload speed""}"
2025-08-10T18:51:10.258764,automation.aut_status_bruno,on,on,"{""id"": ""1751855857509"", ""last_triggered"": ""2025-08-10T21:51:10.252212+00:00"", ""mode"": ""single"", ""current"": 1, ""friendly_name"": ""aut-status-bruno""}"
2025-08-10T18:51:10.261076,automation.aut_status_bruno,on,on,"{""id"": ""1751855857509"", ""last_triggered"": ""2025-08-10T21:51:10.252212+00:00"", ""mode"": ""single"", ""current"": 0, ""friendly_name"": ""aut-status-bruno""}"
2025-08-10T18:51:25.150003,sensor.upnp_igd_data_received,2602682653,2602749057,"{""state_class"": ""total_increasing"", ""unit_of_measurement"": ""B"", ""device_class"": ""data_size"", ""friendly_name"": ""UPNP IGD Data received""}"
2025-08-10T18:51:25.152713,sensor.upnp_igd_data_sent,1294205773,1294209245,"{""state_class"": ""total_increasing"", ""unit_of_measurement"": ""B"", ""device_class"": ""data_size"", ""friendly_name"": ""UPNP IGD Data sent""}"
2025-08-10T18:51:25.154221,sensor.upnp_igd_packets_received,92757952,92758967,"{""state_class"": ""total_increasing"", ""unit_of_measurement"": ""packets"", ""friendly_name"": ""UPNP IGD Packets received""}"
2025-08-10T18:51:25.155684,sensor.upnp_igd_packets_sent,21169618,21169656,"{""state_class"": ""total_increasing"", ""unit_of_measurement"": ""packets"", ""friendly_name"": ""UPNP IGD Packets sent""}"
2025-08-10T18:51:25.157051,sensor.upnp_igd_uptime,1679213,1679243,"{""unit_of_measurement"": ""s"", ""device_class"": ""duration"", ""friendly_name"": ""UPNP IGD Uptime""}"
2025-08-10T18:51:25.158661,sensor.upnp_igd_download_speed,2.24903319938025,2.16163818729037,"{""state_class"": ""measurement"", ""unit_of_measurement"": ""KiB/s"", ""device_class"": ""data_rate"", ""friendly_name"": ""UPNP IGD Download speed""}"
2025-08-10T18:51:25.195182,sensor.upnp_igd_upload_speed,0.215069435213057,0.113023429104755,"{""state_class"": ""measurement"", ""unit_of_measurement"": ""KiB/s"", ""device_class"": ""data_rate"", ""friendly_name"": ""UPNP IGD Upload speed""}"
2025-08-10T18:51:25.196785,sensor.upnp_igd_packet_download_speed,33.4329945456553,33.8341103900686,"{""state_class"": ""measurement"", ""unit_of_measurement"": ""packets/s"", ""friendly_name"": ""UPNP IGD Packet download speed""}"
2025-08-10T18:51:25.198360,sensor.upnp_igd_packet_upload_speed,1.39998581347709,1.26669575844592,"{""state_class"": ""measurement"", ""unit_of_measurement"": ""packets/s"", ""friendly_name"": ""UPNP IGD Packet upload speed""}"
2025-08-10T18:51:55.148092,sensor.upnp_igd_data_received,2602749057,2602815879,"{""state_class"": ""total_increasing"", ""unit_of_measurement"": ""B"", ""device_class"": ""data_size"", ""friendly_name"": ""UPNP IGD Data received""}"
2025-08-10T18:51:55.150538,sensor.upnp_igd_data_sent,1294209245,1294215157,"{""state_class"": ""total_increasing"", ""unit_of_measurement"": ""B"", ""device_class"": ""data_size"", ""friendly_name"": ""UPNP IGD Data sent""}"
2025-08-10T18:51:55.152223,sensor.upnp_igd_packets_received,92758967,92759933,"{""state_class"": ""total_increasing"", ""unit_of_measurement"": ""packets"", ""friendly_name"": ""UPNP IGD Packets received""}"
2025-08-10T18:51:55.153618,sensor.upnp_igd_packets_sent,21169656,21169704,"{""state_class"": ""total_increasing"", ""unit_of_measurement"": ""packets"", ""friendly_name"": ""UPNP IGD Packets sent""}"
2025-08-10T18:51:55.154931,sensor.upnp_igd_uptime,1679243,1679273,"{""unit_of_measurement"": ""s"", ""device_class"": ""duration"", ""friendly_name"": ""UPNP IGD Uptime""}"
2025-08-10T18:51:55.156412,sensor.upnp_igd_download_speed,2.16163818729037,2.17515797228814,"{""state_class"": ""measurement"", ""unit_of_measurement"": ""KiB/s"", ""device_class"": ""data_rate"", ""friendly_name"": ""UPNP IGD Download speed""}"
2025-08-10T18:51:55.157842,sensor.upnp_igd_upload_speed,0.113023429104755,0.192444613034143,"{""state_class"": ""measurement"", ""unit_of_measurement"": ""KiB/s"", ""device_class"": ""data_rate"", ""friendly_name"": ""UPNP IGD Upload speed""}"
2025-08-10T18:51:55.159222,sensor.upnp_igd_packet_download_speed,33.8341103900686,32.1994472428223,"{""state_class"": ""measurement"", ""unit_of_measurement"": ""packets/s"", ""friendly_name"": ""UPNP IGD Packet download speed""}"
2025-08-10T18:51:55.160658,sensor.upnp_igd_packet_upload_speed,1.26669575844592,1.59997253380484,"{""state_class"": ""measurement"", ""unit_of_measurement"": ""packets/s"", ""friendly_name"": ""UPNP IGD Packet upload speed""}"
2025-08-10T18:52:10.259905,automation.aut_status_bruno,on,on,"{""id"": ""1751855857509"", ""last_triggered"": ""2025-08-10T21:52:10.252602+00:00"", ""mode"": ""single"", ""current"": 1, ""friendly_name"": ""aut-status-bruno""}"
2025-08-10T18:52:10.262125,automation.aut_status_bruno,on,on,"{""id"": ""1751855857509"", ""last_triggered"": ""2025-08-10T21:52:10.252602+00:00"", ""mode"": ""single"", ""current"": 0, ""friendly_name"": ""aut-status-bruno""}"
2025-08-10T18:52:25.147841,sensor.upnp_igd_data_received,2602815879,2602883017,"{""state_class"": ""total_increasing"", ""unit_of_measurement"": ""B"", ""device_class"": ""data_size"", ""friendly_name"": ""UPNP IGD Data received""}"
2025-08-10T18:52:25.150522,sensor.upnp_igd_data_sent,1294215157,1294218569,"{""state_class"": ""total_increasing"", ""unit_of_measurement"": ""B"", ""device_class"": ""data_size"", ""friendly_name"": ""UPNP IGD Data sent""}"
2025-08-10T18:52:25.152045,sensor.upnp_igd_packets_received,92759933,92760962,"{""state_class"": ""total_increasing"", ""unit_of_measurement"": ""packets"", ""friendly_name"": ""UPNP IGD Packets received""}"
2025-08-10T18:52:25.153451,sensor.upnp_igd_packets_sent,21169704,21169741,"{""state_class"": ""total_increasing"", ""unit_of_measurement"": ""packets"", ""friendly_name"": ""UPNP IGD Packets sent""}"
2025-08-10T18:52:25.154734,sensor.upnp_igd_uptime,1679273,1679303,"{""unit_of_measurement"": ""s"", ""device_class"": ""duration"", ""friendly_name"": ""UPNP IGD Uptime""}"
2025-08-10T18:52:25.156171,sensor.upnp_igd_download_speed,2.17515797228814,2.18548504906091,"{""state_class"": ""measurement"", ""unit_of_measurement"": ""KiB/s"", ""device_class"": ""data_rate"", ""friendly_name"": ""UPNP IGD Download speed""}"
2025-08-10T18:52:25.157570,sensor.upnp_igd_upload_speed,0.192444613034143,0.111067874935146,"{""state_class"": ""measurement"", ""unit_of_measurement"": ""KiB/s"", ""device_class"": ""data_rate"", ""friendly_name"": ""UPNP IGD Upload speed""}"
2025-08-10T18:52:25.158930,sensor.upnp_igd_packet_download_speed,32.1994472428223,34.3000514500772,"{""state_class"": ""measurement"", ""unit_of_measurement"": ""packets/s"", ""friendly_name"": ""UPNP IGD Packet download speed""}"
2025-08-10T18:52:25.160320,sensor.upnp_igd_packet_upload_speed,1.59997253380484,1.23333518333611,"{""state_class"": ""measurement"", ""unit_of_measurement"": ""packets/s"", ""friendly_name"": ""UPNP IGD Packet upload speed""}"
2025-08-10T18:52:55.148067,sensor.upnp_igd_data_received,2602883017,2602956637,"{""state_class"": ""total_increasing"", ""unit_of_measurement"": ""B"", ""device_class"": ""data_size"", ""friendly_name"": ""UPNP IGD Data received""}"
2025-08-10T18:52:55.151065,sensor.upnp_igd_data_sent,1294218569,1294226843,"{""state_class"": ""total_increasing"", ""unit_of_measurement"": ""B"", ""device_class"": ""data_size"", ""friendly_name"": ""UPNP IGD Data sent""}"
2025-08-10T18:52:55.152651,sensor.upnp_igd_packets_received,92760962,92762024,"{""state_class"": ""total_increasing"", ""unit_of_measurement"": ""packets"", ""friendly_name"": ""UPNP IGD Packets received""}"
2025-08-10T18:52:55.154025,sensor.upnp_igd_packets_sent,21169741,21169794,"{""state_class"": ""total_increasing"", ""unit_of_measurement"": ""packets"", ""friendly_name"": ""UPNP IGD Packets sent""}"
2025-08-10T18:52:55.155406,sensor.upnp_igd_uptime,1679303,1679333,"{""unit_of_measurement"": ""s"", ""device_class"": ""duration"", ""friendly_name"": ""UPNP IGD Uptime""}"
2025-08-10T18:52:55.156844,sensor.upnp_igd_download_speed,2.18548504906091,2.39652064234572,"{""state_class"": ""measurement"", ""unit_of_measurement"": ""KiB/s"", ""device_class"": ""data_rate"", ""friendly_name"": ""UPNP IGD Download speed""}"
2025-08-10T18:52:55.158188,sensor.upnp_igd_upload_speed,0.111067874935146,0.269340013512204,"{""state_class"": ""measurement"", ""unit_of_measurement"": ""KiB/s"", ""device_class"": ""data_rate"", ""friendly_name"": ""UPNP IGD Upload speed""}"
2025-08-10T18:52:55.159645,sensor.upnp_igd_packet_download_speed,34.3000514500772,35.4005357281074,"{""state_class"": ""measurement"", ""unit_of_measurement"": ""packets/s"", ""friendly_name"": ""UPNP IGD Packet download speed""}"
2025-08-10T18:52:55.161065,sensor.upnp_igd_packet_upload_speed,1.23333518333611,1.76669340262683,"{""state_class"": ""measurement"", ""unit_of_measurement"": ""packets/s"", ""friendly_name"": ""UPNP IGD Packet upload speed""}"
2025-08-10T18:52:56.943517,camera.192_168_0_33,idle,idle,"{""access_token"": ""d9f759bea61cf6def9dbc1354c2745b2ccb86b63973eda6934a10ec484840ef6"", ""entity_picture"": ""/api/camera_proxy/camera.192_168_0_33?token=d9f759bea61cf6def9dbc1354c2745b2ccb86b63973eda6934a10ec484840ef6"", ""friendly_name"": ""192_168_0_14"", ""supported_features"": 2}"
2025-08-10T18:52:56.945217,camera.admin_mainstream,idle,idle,"{""access_token"": ""2929574e42880bb5913e4dc9fe0b415391fdc0791d76679186c5381b31d6968"", ""entity_picture"": ""/api/camera_proxy/camera.admin_mainstream?token=2929574e42880bb5913e4dc9fe0b415391fdc0791d76679186c5381b31d6968"", ""friendly_name"": ""admin MainStream"", ""supported_features"": 2}"
2025-08-10T18:52:56.946807,camera.admin_substream,idle,idle,"{""access_token"": ""49c60d5395653b3eb657b061aea2f4dbc3495f1cac1fdec3506797f1689751aa"", ""entity_picture"": ""/api/camera_proxy/camera.admin_substream?token=49c60d5395653b3eb657b061aea2f4dbc3495f1cac1fdec3506797f1689751aa"", ""friendly_name"": ""admin SubStream"", ""supported_features"": 2}"
2025-08-10T18:53:10.260234,automation.aut_status_bruno,on,on,"{""id"": ""1751855857509"", ""last_triggered"": ""2025-08-10T21:53:10.252953+00:00"", ""mode"": ""single"", ""current"": 1, ""friendly_name"": ""aut-status-bruno""}"
2025-08-10T18:53:10.262161,automation.aut_status_bruno,on,on,"{""id"": ""1751855857509"", ""last_triggered"": ""2025-08-10T21:53:10.252953+00:00"", ""mode"": ""single"", ""current"": 0, ""friendly_name"": ""aut-status-bruno""}"
2025-08-10T18:53:25.148389,sensor.upnp_igd_data_received,2602956637,2603025277,"{""state_class"": ""total_increasing"", ""unit_of_measurement"": ""B"", ""device_class"": ""data_size"", ""friendly_name"": ""UPNP IGD Data received""}"
2025-08-10T18:53:25.151591,sensor.upnp_igd_data_sent,1294226843,1294232014,"{""state_class"": ""total_increasing"", ""unit_of_measurement"": ""B"", ""device_class"": ""data_size"", ""friendly_name"": ""UPNP IGD Data sent""}"
2025-08-10T18:53:25.153123,sensor.upnp_igd_packets_received,92762024,92763056,"{""state_class"": ""total_increasing"", ""unit_of_measurement"": ""packets"", ""friendly_name"": ""UPNP IGD Packets received""}"
2025-08-10T18:53:25.154517,sensor.upnp_igd_packets_sent,21169794,21169841,"{""state_class"": ""total_increasing"", ""unit_of_measurement"": ""packets"", ""friendly_name"": ""UPNP IGD Packets sent""}"
2025-08-10T18:53:25.155898,sensor.upnp_igd_uptime,1679333,1679363,"{""unit_of_measurement"": ""s"", ""device_class"": ""duration"", ""friendly_name"": ""UPNP IGD Uptime""}"
2025-08-10T18:53:25.157277,sensor.upnp_igd_download_speed,2.39652064234572,2.23432338712976,"{""state_class"": ""measurement"", ""unit_of_measurement"": ""KiB/s"", ""device_class"": ""data_rate"", ""friendly_name"": ""UPNP IGD Download speed""}"
2025-08-10T18:53:25.158642,sensor.upnp_igd_upload_speed,0.269340013512204,0.168322934656876,"{""state_class"": ""measurement"", ""unit_of_measurement"": ""KiB/s"", ""device_class"": ""data_rate"", ""friendly_name"": ""UPNP IGD Upload speed""}"
2025-08-10T18:53:25.160078,sensor.upnp_igd_packet_download_speed,35.4005357281074,34.3992053783558,"{""state_class"": ""measurement"", ""unit_of_measurement"": ""packets/s"", ""friendly_name"": ""UPNP IGD Packet download speed""}"
2025-08-10T18:53:25.161452,sensor.upnp_igd_packet_upload_speed,1.76669340262683,1.56663047750264,"{""state_class"": ""measurement"", ""unit_of_measurement"": ""packets/s"", ""friendly_name"": ""UPNP IGD Packet upload speed""}"
2025-08-10T18:53:55.149107,sensor.upnp_igd_data_received,2603025277,2603645195,"{""state_class"": ""total_increasing"", ""unit_of_measurement"": ""B"", ""device_class"": ""data_size"", ""friendly_name"": ""UPNP IGD Data received""}"
2025-08-10T18:53:55.151019,sensor.upnp_igd_data_sent,1294232014,1294249195,"{""state_class"": ""total_increasing"", ""unit_of_measurement"": ""B"", ""device_class"": ""data_size"", ""friendly_name"": ""UPNP IGD Data sent""}"
2025-08-10T18:53:55.152685,sensor.upnp_igd_packets_received,92763056,92764478,"{""state_class"": ""total_increasing"", ""unit_of_measurement"": ""packets"", ""friendly_name"": ""UPNP IGD Packets received""}"
2025-08-10T18:53:55.154158,sensor.upnp_igd_packets_sent,21169841,21169998,"{""state_class"": ""total_increasing"", ""unit_of_measurement"": ""packets"", ""friendly_name"": ""UPNP IGD Packets sent""}"
2025-08-10T18:53:55.155602,sensor.upnp_igd_uptime,1679363,1679393,"{""unit_of_measurement"": ""s"", ""device_class"": ""duration"", ""friendly_name"": ""UPNP IGD Uptime""}"
2025-08-10T18:53:55.157010,sensor.upnp_igd_download_speed,2.23432338712976,20.1800865378237,"{""state_class"": ""measurement"", ""unit_of_measurement"": ""KiB/s"", ""device_class"": ""data_rate"", ""friendly_name"": ""UPNP IGD Download speed""}"
2025-08-10T18:53:55.158401,sensor.upnp_igd_upload_speed,0.168322934656876,0.559290207424771,"{""state_class"": ""measurement"", ""unit_of_measurement"": ""KiB/s"", ""device_class"": ""data_rate"", ""friendly_name"": ""UPNP IGD Upload speed""}"
2025-08-10T18:53:55.159853,sensor.upnp_igd_packet_download_speed,34.3992053783558,47.4010902250752,"{""state_class"": ""measurement"", ""unit_of_measurement"": ""packets/s"", ""friendly_name"": ""UPNP IGD Packet download speed""}"
2025-08-10T18:53:55.161225,sensor.upnp_igd_packet_upload_speed,1.56663047750264,5.2334537027685,"{""state_class"": ""measurement"", ""unit_of_measurement"": ""packets/s"", ""friendly_name"": ""UPNP IGD Packet upload speed""}"
2025-08-10T18:54:10.262778,automation.aut_status_bruno,on,on,"{""id"": ""1751855857509"", ""last_triggered"": ""2025-08-10T21:54:10.253194+00:00"", ""mode"": ""single"", ""current"": 1, ""friendly_name"": ""aut-status-bruno""}"
2025-08-10T18:54:10.264970,automation.aut_status_bruno,on,on,"{""id"": ""1751855857509"", ""last_triggered"": ""2025-08-10T21:54:10.253194+00:00"", ""mode"": ""single"", ""current"": 0, ""friendly_name"": ""aut-status-bruno""}"
2025-08-10T18:54:25.147582,sensor.upnp_igd_data_received,2603645195,2603714178,"{""state_class"": ""total_increasing"", ""unit_of_measurement"": ""B"", ""device_class"": ""data_size"", ""friendly_name"": ""UPNP IGD Data received""}"
2025-08-10T18:54:25.150004,sensor.upnp_igd_data_sent,1294249195,1294253051,"{""state_class"": ""total_increasing"", ""unit_of_measurement"": ""B"", ""device_class"": ""data_size"", ""friendly_name"": ""UPNP IGD Data sent""}"
2025-08-10T18:54:25.151582,sensor.upnp_igd_packets_received,92764478,92765530,"{""state_class"": ""total_increasing"", ""unit_of_measurement"": ""packets"", ""friendly_name"": ""UPNP IGD Packets received""}"
2025-08-10T18:54:25.153004,sensor.upnp_igd_packets_sent,21169998,21170041,"{""state_class"": ""total_increasing"", ""unit_of_measurement"": ""packets"", ""friendly_name"": ""UPNP IGD Packets sent""}"
2025-08-10T18:54:25.154482,sensor.upnp_igd_uptime,1679393,1679423,"{""unit_of_measurement"": ""s"", ""device_class"": ""duration"", ""friendly_name"": ""UPNP IGD Uptime""}"
2025-08-10T18:54:25.156044,sensor.upnp_igd_download_speed,20.1800865378237,2.2455460533,"{""state_class"": ""measurement"", ""unit_of_measurement"": ""KiB/s"", ""device_class"": ""data_rate"", ""friendly_name"": ""UPNP IGD Download speed""}"
2025-08-10T18:54:25.157478,sensor.upnp_igd_upload_speed,0.559290207424771,0.12552115132025,"{""state_class"": ""measurement"", ""unit_of_measurement"": ""KiB/s"", ""device_class"": ""data_rate"", ""friendly_name"": ""UPNP IGD Upload speed""}"
2025-08-10T18:54:25.158829,sensor.upnp_igd_packet_download_speed,47.4010902250752,35.0667555024473,"{""state_class"": ""measurement"", ""unit_of_measurement"": ""packets/s"", ""friendly_name"": ""UPNP IGD Packet download speed""}"
2025-08-10T18:54:25.160266,sensor.upnp_igd_packet_upload_speed,5.2334537027685,1.43333696445364,"{""state_class"": ""measurement"", ""unit_of_measurement"": ""packets/s"", ""friendly_name"": ""UPNP IGD Packet upload speed""}"
2025-08-10T18:54:35.578946,sensor.tauntaum_energy,236.268,236.281,"{""state_class"": ""total_increasing"", ""unit_of_measurement"": ""kWh"", ""device_class"": ""energy"", ""friendly_name"": ""Tauntaum Energy""}"
2025-08-10T18:54:35.583091,sensor.tauntaum_power,34,75,"{""state_class"": ""measurement"", ""power_consumption_start"": ""2025-08-10T21:41:11Z"", ""power_consumption_end"": ""2025-08-10T21:54:35Z"", ""unit_of_measurement"": ""W"", ""device_class"": ""power"", ""friendly_name"": ""Tauntaum Power""}"
2025-08-10T18:54:35.584681,sensor.tauntaum_energy_difference,0.007,0.013,"{""state_class"": ""total"", ""unit_of_measurement"": ""kWh"", ""device_class"": ""energy"", ""friendly_name"": ""Tauntaum Energy difference""}"
2025-08-10T18:54:35.586108,sensor.tauntaum_power_energy,0.00696558944437239,0.00759917000028822,"{""state_class"": ""total"", ""unit_of_measurement"": ""kWh"", ""device_class"": ""energy"", ""friendly_name"": ""Tauntaum Power energy""}"
2025-08-10T18:54:35.587621,sensor.tauntaum_energy_saved,0.0,0.002,"{""state_class"": ""total_increasing"", ""unit_of_measurement"": ""kWh"", ""device_class"": ""energy"", ""friendly_name"": ""Tauntaum Energy saved""}"
2025-08-10T18:54:55.148318,sensor.upnp_igd_data_received,2603714178,2603785827,"{""state_class"": ""total_increasing"", ""unit_of_measurement"": ""B"", ""device_class"": ""data_size"", ""friendly_name"": ""UPNP IGD Data received""}"
2025-08-10T18:54:55.152450,sensor.upnp_igd_data_sent,1294253051,1294261990,"{""state_class"": ""total_increasing"", ""unit_of_measurement"": ""B"", ""device_class"": ""data_size"", ""friendly_name"": ""UPNP IGD Data sent""}"
2025-08-10T18:54:55.153915,sensor.upnp_igd_packets_received,92765530,92766559,"{""state_class"": ""total_increasing"", ""unit_of_measurement"": ""packets"", ""friendly_name"": ""UPNP IGD Packets received""}"
2025-08-10T18:54:55.155351,sensor.upnp_igd_packets_sent,21170041,21170100,"{""state_class"": ""total_increasing"", ""unit_of_measurement"": ""packets"", ""friendly_name"": ""UPNP IGD Packets sent""}"
2025-08-10T18:54:55.156756,sensor.upnp_igd_uptime,1679423,1679453,"{""unit_of_measurement"": ""s"", ""device_class"": ""duration"", ""friendly_name"": ""UPNP IGD Uptime""}"
2025-08-10T18:54:55.158142,sensor.upnp_igd_download_speed,2.2455460533,2.33225813810275,"{""state_class"": ""measurement"", ""unit_of_measurement"": ""KiB/s"", ""device_class"": ""data_rate"", ""friendly_name"": ""UPNP IGD Download speed""}"
2025-08-10T18:54:55.159553,sensor.upnp_igd_upload_speed,0.12552115132025,0.290974828629855,"{""state_class"": ""measurement"", ""unit_of_measurement"": ""KiB/s"", ""device_class"": ""data_rate"", ""friendly_name"": ""UPNP IGD Upload speed""}"
2025-08-10T18:54:55.160931,sensor.upnp_igd_packet_download_speed,35.0667555024473,34.2990281942012,"{""state_class"": ""measurement"", ""unit_of_measurement"": ""packets/s"", ""friendly_name"": ""UPNP IGD Packet download speed""}"
2025-08-10T18:54:55.162310,sensor.upnp_igd_packet_upload_speed,1.43333696445364,1.9666109460232,"{""state_class"": ""measurement"", ""unit_of_measurement"": ""packets/s"", ""friendly_name"": ""UPNP IGD Packet upload speed""}"
2025-08-10T18:55:10.260643,automation.aut_status_bruno,on,on,"{""id"": ""1751855857509"", ""last_triggered"": ""2025-08-10T21:55:10.252311+00:00"", ""mode"": ""single"", ""current"": 1, ""friendly_name"": ""aut-status-bruno""}"
2025-08-10T18:55:10.262867,automation.aut_status_bruno,on,on,"{""id"": ""1751855857509"", ""last_triggered"": ""2025-08-10T21:55:10.252311+00:00"", ""mode"": ""single"", ""current"": 0, ""friendly_name"": ""aut-status-bruno""}"
2025-08-10T18:55:25.163093,sensor.upnp_igd_data_received,2603785827,2603852988,"{""state_class"": ""total_increasing"", ""unit_of_measurement"": ""B"", ""device_class"": ""data_size"", ""friendly_name"": ""UPNP IGD Data received""}"
2025-08-10T18:55:25.165647,sensor.upnp_igd_data_sent,1294261990,1294265233,"{""state_class"": ""total_increasing"", ""unit_of_measurement"": ""B"", ""device_class"": ""data_size"", ""friendly_name"": ""UPNP IGD Data sent""}"
2025-08-10T18:55:25.167136,sensor.upnp_igd_packets_received,92766559,92767586,"{""state_class"": ""total_increasing"", ""unit_of_measurement"": ""packets"", ""friendly_name"": ""UPNP IGD Packets received""}"
2025-08-10T18:55:25.168581,sensor.upnp_igd_packets_sent,21170100,21170136,"{""state_class"": ""total_increasing"", ""unit_of_measurement"": ""packets"", ""friendly_name"": ""UPNP IGD Packets sent""}"
2025-08-10T18:55:25.169904,sensor.upnp_igd_uptime,1679453,1679483,"{""unit_of_measurement"": ""s"", ""device_class"": ""duration"", ""friendly_name"": ""UPNP IGD Uptime""}"
2025-08-10T18:55:25.171298,sensor.upnp_igd_download_speed,2.33225813810275,2.1862231813394,"{""state_class"": ""measurement"", ""unit_of_measurement"": ""KiB/s"", ""device_class"": ""data_rate"", ""friendly_name"": ""UPNP IGD Download speed""}"
2025-08-10T18:55:25.172823,sensor.upnp_igd_upload_speed,0.290974828629855,0.105566054363152,"{""state_class"": ""measurement"", ""unit_of_measurement"": ""KiB/s"", ""device_class"": ""data_rate"", ""friendly_name"": ""UPNP IGD Upload speed""}"
2025-08-10T18:55:25.174228,sensor.upnp_igd_packet_download_speed,34.2990281942012,34.2332192226026,"{""state_class"": ""measurement"", ""unit_of_measurement"": ""packets/s"", ""friendly_name"": ""UPNP IGD Packet download speed""}"
2025-08-10T18:55:25.175660,sensor.upnp_igd_packet_upload_speed,1.9666109460232,1.19999600001333,"{""state_class"": ""measurement"", ""unit_of_measurement"": ""packets/s"", ""friendly_name"": ""UPNP IGD Packet upload speed""}"
2025-08-10T18:55:55.147727,sensor.upnp_igd_data_received,2603852988,2603924035,"{""state_class"": ""total_increasing"", ""unit_of_measurement"": ""B"", ""device_class"": ""data_size"", ""friendly_name"": ""UPNP IGD Data received""}"
2025-08-10T18:55:55.151368,sensor.upnp_igd_data_sent,1294265233,1294272276,"{""state_class"": ""total_increasing"", ""unit_of_measurement"": ""B"", ""device_class"": ""data_size"", ""friendly_name"": ""UPNP IGD Data sent""}"
2025-08-10T18:55:55.152973,sensor.upnp_igd_packets_received,92767586,92768619,"{""state_class"": ""total_increasing"", ""unit_of_measurement"": ""packets"", ""friendly_name"": ""UPNP IGD Packets received""}"
2025-08-10T18:55:55.154485,sensor.upnp_igd_packets_sent,21170136,21170183,"{""state_class"": ""total_increasing"", ""unit_of_measurement"": ""packets"", ""friendly_name"": ""UPNP IGD Packets sent""}"
2025-08-10T18:55:55.155945,sensor.upnp_igd_uptime,1679483,1679513,"{""unit_of_measurement"": ""s"", ""device_class"": ""duration"", ""friendly_name"": ""UPNP IGD Uptime""}"
2025-08-10T18:55:55.157386,sensor.upnp_igd_download_speed,2.1862231813394,2.31277874571574,"{""state_class"": ""measurement"", ""unit_of_measurement"": ""KiB/s"", ""device_class"": ""data_rate"", ""friendly_name"": ""UPNP IGD Download speed""}"
2025-08-10T18:55:55.158881,sensor.upnp_igd_upload_speed,0.105566054363152,0.229269366842737,"{""state_class"": ""measurement"", ""unit_of_measurement"": ""KiB/s"", ""device_class"": ""data_rate"", ""friendly_name"": ""UPNP IGD Upload speed""}"
2025-08-10T18:55:55.160508,sensor.upnp_igd_packet_download_speed,34.2332192226026,34.4340908833328,"{""state_class"": ""measurement"", ""unit_of_measurement"": ""packets/s"", ""friendly_name"": ""UPNP IGD Packet download speed""}"
2025-08-10T18:55:55.161931,sensor.upnp_igd_packet_upload_speed,1.19999600001333,1.56670113409162,"{""state_class"": ""measurement"", ""unit_of_measurement"": ""packets/s"", ""friendly_name"": ""UPNP IGD Packet upload speed""}"
2025-08-10T18:56:10.259963,automation.aut_status_bruno,on,on,"{""id"": ""1751855857509"", ""last_triggered"": ""2025-08-10T21:56:10.252617+00:00"", ""mode"": ""single"", ""current"": 1, ""friendly_name"": ""aut-status-bruno""}"
2025-08-10T18:56:10.262029,automation.aut_status_bruno,on,on,"{""id"": ""1751855857509"", ""last_triggered"": ""2025-08-10T21:56:10.252617+00:00"", ""mode"": ""single"", ""current"": 0, ""friendly_name"": ""aut-status-bruno""}"
2025-08-10T18:56:25.147576,sensor.upnp_igd_data_received,2603924035,2603998193,"{""state_class"": ""total_increasing"", ""unit_of_measurement"": ""B"", ""device_class"": ""data_size"", ""friendly_name"": ""UPNP IGD Data received""}"
2025-08-10T18:56:25.152041,sensor.upnp_igd_data_sent,1294272276,1294281335,"{""state_class"": ""total_increasing"", ""unit_of_measurement"": ""B"", ""device_class"": ""data_size"", ""friendly_name"": ""UPNP IGD Data sent""}"
2025-08-10T18:56:25.153654,sensor.upnp_igd_packets_received,92768619,92769632,"{""state_class"": ""total_increasing"", ""unit_of_measurement"": ""packets"", ""friendly_name"": ""UPNP IGD Packets received""}"
2025-08-10T18:56:25.155080,sensor.upnp_igd_packets_sent,21170183,21170244,"{""state_class"": ""total_increasing"", ""unit_of_measurement"": ""packets"", ""friendly_name"": ""UPNP IGD Packets sent""}"
2025-08-10T18:56:25.156470,sensor.upnp_igd_uptime,1679513,1679543,"{""unit_of_measurement"": ""s"", ""device_class"": ""duration"", ""friendly_name"": ""UPNP IGD Uptime""}"
2025-08-10T18:56:25.157898,sensor.upnp_igd_download_speed,2.31277874571574,2.41394919731436,"{""state_class"": ""measurement"", ""unit_of_measurement"": ""KiB/s"", ""device_class"": ""data_rate"", ""friendly_name"": ""UPNP IGD Download speed""}"
2025-08-10T18:56:25.159507,sensor.upnp_igd_upload_speed,0.229269366842737,0.294883435077413,"{""state_class"": ""measurement"", ""unit_of_measurement"": ""KiB/s"", ""device_class"": ""data_rate"", ""friendly_name"": ""UPNP IGD Upload speed""}"
2025-08-10T18:56:25.160874,sensor.upnp_igd_packet_download_speed,34.4340908833328,33.7659924723503,"{""state_class"": ""measurement"", ""unit_of_measurement"": ""packets/s"", ""friendly_name"": ""UPNP IGD Packet download speed""}"
2025-08-10T18:56:25.162159,sensor.upnp_igd_packet_upload_speed,1.56670113409162,2.03329273525505,"{""state_class"": ""measurement"", ""unit_of_measurement"": ""packets/s"", ""friendly_name"": ""UPNP IGD Packet upload speed""}"
2025-08-10T18:56:55.148424,sensor.upnp_igd_data_received,2603998193,2604067790,"{""state_class"": ""total_increasing"", ""unit_of_measurement"": ""B"", ""device_class"": ""data_size"", ""friendly_name"": ""UPNP IGD Data received""}"
2025-08-10T18:56:55.150998,sensor.upnp_igd_data_sent,1294281335,1294288477,"{""state_class"": ""total_increasing"", ""unit_of_measurement"": ""B"", ""device_class"": ""data_size"", ""friendly_name"": ""UPNP IGD Data sent""}"
2025-08-10T18:56:55.153058,sensor.upnp_igd_packets_received,92769632,92770641,"{""state_class"": ""total_increasing"", ""unit_of_measurement"": ""packets"", ""friendly_name"": ""UPNP IGD Packets received""}"
2025-08-10T18:56:55.155239,sensor.upnp_igd_packets_sent,21170244,21170292,"{""state_class"": ""total_increasing"", ""unit_of_measurement"": ""packets"", ""friendly_name"": ""UPNP IGD Packets sent""}"
2025-08-10T18:56:55.157241,sensor.upnp_igd_uptime,1679543,1679573,"{""unit_of_measurement"": ""s"", ""device_class"": ""duration"", ""friendly_name"": ""UPNP IGD Uptime""}"
2025-08-10T18:56:55.159078,sensor.upnp_igd_download_speed,2.41394919731436,2.26557824374121,"{""state_class"": ""measurement"", ""unit_of_measurement"": ""KiB/s"", ""device_class"": ""data_rate"", ""friendly_name"": ""UPNP IGD Download speed""}"
2025-08-10T18:56:55.160905,sensor.upnp_igd_upload_speed,0.294883435077413,0.232492202491483,"{""state_class"": ""measurement"", ""unit_of_measurement"": ""KiB/s"", ""device_class"": ""data_rate"", ""friendly_name"": ""UPNP IGD Upload speed""}"
2025-08-10T18:56:55.162638,sensor.upnp_igd_packet_download_speed,33.7659924723503,33.6340889791991,"{""state_class"": ""measurement"", ""unit_of_measurement"": ""packets/s"", ""friendly_name"": ""UPNP IGD Packet download speed""}"
2025-08-10T18:56:55.164308,sensor.upnp_igd_packet_upload_speed,2.03329273525505,1.60003594747429,"{""state_class"": ""measurement"", ""unit_of_measurement"": ""packets/s"", ""friendly_name"": ""UPNP IGD Packet upload speed""}"
2025-08-10T18:57:10.258897,automation.aut_status_bruno,on,on,"{""id"": ""1751855857509"", ""last_triggered"": ""2025-08-10T21:57:10.252374+00:00"", ""mode"": ""single"", ""current"": 1, ""friendly_name"": ""aut-status-bruno""}"
2025-08-10T18:57:10.261164,automation.aut_status_bruno,on,on,"{""id"": ""1751855857509"", ""last_triggered"": ""2025-08-10T21:57:10.252374+00:00"", ""mode"": ""single"", ""current"": 0, ""friendly_name"": ""aut-status-bruno""}"
2025-08-10T18:57:25.148704,sensor.upnp_igd_data_received,2604067790,2604135342,"{""state_class"": ""total_increasing"", ""unit_of_measurement"": ""B"", ""device_class"": ""data_size"", ""friendly_name"": ""UPNP IGD Data received""}"
2025-08-10T18:57:25.151265,sensor.upnp_igd_data_sent,1294288477,1294291964,"{""state_class"": ""total_increasing"", ""unit_of_measurement"": ""B"", ""device_class"": ""data_size"", ""friendly_name"": ""UPNP IGD Data sent""}"
2025-08-10T18:57:25.152938,sensor.upnp_igd_packets_received,92770641,92771675,"{""state_class"": ""total_increasing"", ""unit_of_measurement"": ""packets"", ""friendly_name"": ""UPNP IGD Packets received""}"
2025-08-10T18:57:25.154391,sensor.upnp_igd_packets_sent,21170292,21170329,"{""state_class"": ""total_increasing"", ""unit_of_measurement"": ""packets"", ""friendly_name"": ""UPNP IGD Packets sent""}"
2025-08-10T18:57:25.155830,sensor.upnp_igd_uptime,1679573,1679603,"{""unit_of_measurement"": ""s"", ""device_class"": ""duration"", ""friendly_name"": ""UPNP IGD Uptime""}"
2025-08-10T18:57:25.157294,sensor.upnp_igd_download_speed,2.26557824374121,2.19897526544288,"{""state_class"": ""measurement"", ""unit_of_measurement"": ""KiB/s"", ""device_class"": ""data_rate"", ""friendly_name"": ""UPNP IGD Download speed""}"
2025-08-10T18:57:25.158751,sensor.upnp_igd_upload_speed,0.232492202491483,0.113509988610246,"{""state_class"": ""measurement"", ""unit_of_measurement"": ""KiB/s"", ""device_class"": ""data_rate"", ""friendly_name"": ""UPNP IGD Upload speed""}"
2025-08-10T18:57:25.160179,sensor.upnp_igd_packet_download_speed,33.6340889791991,34.4669320620435,"{""state_class"": ""measurement"", ""unit_of_measurement"": ""packets/s"", ""friendly_name"": ""UPNP IGD Packet download speed""}"
2025-08-10T18:57:25.161630,sensor.upnp_igd_packet_upload_speed,1.60003594747429,1.23334283007312,"{""state_class"": ""measurement"", ""unit_of_measurement"": ""packets/s"", ""friendly_name"": ""UPNP IGD Packet upload speed""}"
2025-08-10T18:57:50.978645,media_player.dlna_b13_box,unavailable,unknown,"{""friendly_name"": ""DLNA-B13 Box"", ""supported_features"": 512575}"
2025-08-10T18:57:55.164229,sensor.upnp_igd_data_received,2604135342,2604206159,"{""state_class"": ""total_increasing"", ""unit_of_measurement"": ""B"", ""device_class"": ""data_size"", ""friendly_name"": ""UPNP IGD Data received""}"
2025-08-10T18:57:55.175120,sensor.upnp_igd_data_sent,1294291964,1294299038,"{""state_class"": ""total_increasing"", ""unit_of_measurement"": ""B"", ""device_class"": ""data_size"", ""friendly_name"": ""UPNP IGD Data sent""}"
2025-08-10T18:57:55.178598,sensor.upnp_igd_packets_received,92771675,92772703,"{""state_class"": ""total_increasing"", ""unit_of_measurement"": ""packets"", ""friendly_name"": ""UPNP IGD Packets received""}"
2025-08-10T18:57:55.181879,sensor.upnp_igd_packets_sent,21170329,21170376,"{""state_class"": ""total_increasing"", ""unit_of_measurement"": ""packets"", ""friendly_name"": ""UPNP IGD Packets sent""}"
2025-08-10T18:57:55.185130,sensor.upnp_igd_uptime,1679603,1679633,"{""unit_of_measurement"": ""s"", ""device_class"": ""duration"", ""friendly_name"": ""UPNP IGD Uptime""}"
2025-08-10T18:57:55.191840,sensor.upnp_igd_download_speed,2.19897526544288,2.30517365118517,"{""state_class"": ""measurement"", ""unit_of_measurement"": ""KiB/s"", ""device_class"": ""data_rate"", ""friendly_name"": ""UPNP IGD Download speed""}"
2025-08-10T18:57:55.196497,sensor.upnp_igd_upload_speed,0.113509988610246,0.230266721387293,"{""state_class"": ""measurement"", ""unit_of_measurement"": ""KiB/s"", ""device_class"": ""data_rate"", ""friendly_name"": ""UPNP IGD Upload speed""}"
2025-08-10T18:57:55.202309,sensor.upnp_igd_packet_download_speed,34.4669320620435,34.2656672513718,"{""state_class"": ""measurement"", ""unit_of_measurement"": ""packets/s"", ""friendly_name"": ""UPNP IGD Packet download speed""}"
2025-08-10T18:57:55.206458,sensor.upnp_igd_packet_upload_speed,1.23334283007312,1.56662097355494,"{""state_class"": ""measurement"", ""unit_of_measurement"": ""packets/s"", ""friendly_name"": ""UPNP IGD Packet upload speed""}"
2025-08-10T18:57:56.944924,camera.192_168_0_33,idle,idle,"{""access_token"": ""5acbce43522f9fd5999979c661876e0084b63d2888d8420e1c4916bcf020a67"", ""entity_picture"": ""/api/camera_proxy/camera.192_168_0_33?token=5acbce43522f9fd5999979c661876e0084b63d2888d8420e1c4916bcf020a67"", ""friendly_name"": ""192_168_0_14"", ""supported_features"": 2}"
2025-08-10T18:57:56.946655,camera.admin_mainstream,idle,idle,"{""access_token"": ""233f78ed6a980774828f87733ccad7299d54b705fbb51c4ade0aba0c09ae59ec"", ""entity_picture"": ""/api/camera_proxy/camera.admin_mainstream?token=233f78ed6a980774828f87733ccad7299d54b705fbb51c4ade0aba0c09ae59ec"", ""friendly_name"": ""admin MainStream"", ""supported_features"": 2}"
2025-08-10T18:57:56.948346,camera.admin_substream,idle,idle,"{""access_token"": ""814820ad47ccef9a8d130e145495078520f81188498bfb6d646a59aa1033647e"", ""entity_picture"": ""/api/camera_proxy/camera.admin_substream?token=814820ad47ccef9a8d130e145495078520f81188498bfb6d646a59aa1033647e"", ""friendly_name"": ""admin SubStream"", ""supported_features"": 2}"
2025-08-10T18:57:59.787480,media_player.dlna_b13_box,unknown,unavailable,"{""friendly_name"": ""DLNA-B13 Box"", ""supported_features"": 512575}"
2025-08-10T18:58:10.259735,automation.aut_status_bruno,on,on,"{""id"": ""1751855857509"", ""last_triggered"": ""2025-08-10T21:58:10.252403+00:00"", ""mode"": ""single"", ""current"": 1, ""friendly_name"": ""aut-status-bruno""}"
2025-08-10T18:58:10.261614,automation.aut_status_bruno,on,on,"{""id"": ""1751855857509"", ""last_triggered"": ""2025-08-10T21:58:10.252403+00:00"", ""mode"": ""single"", ""current"": 0, ""friendly_name"": ""aut-status-bruno""}"
2025-08-10T18:58:25.148240,sensor.upnp_igd_data_received,2604206159,2604272770,"{""state_class"": ""total_increasing"", ""unit_of_measurement"": ""B"", ""device_class"": ""data_size"", ""friendly_name"": ""UPNP IGD Data received""}"
2025-08-10T18:58:25.150572,sensor.upnp_igd_data_sent,1294299038,1294302676,"{""state_class"": ""total_increasing"", ""unit_of_measurement"": ""B"", ""device_class"": ""data_size"", ""friendly_name"": ""UPNP IGD Data sent""}"
2025-08-10T18:58:25.152253,sensor.upnp_igd_packets_received,92772703,92773719,"{""state_class"": ""total_increasing"", ""unit_of_measurement"": ""packets"", ""friendly_name"": ""UPNP IGD Packets received""}"
2025-08-10T18:58:25.153678,sensor.upnp_igd_packets_sent,21170376,21170415,"{""state_class"": ""total_increasing"", ""unit_of_measurement"": ""packets"", ""friendly_name"": ""UPNP IGD Packets sent""}"
2025-08-10T18:58:25.154997,sensor.upnp_igd_uptime,1679633,1679663,"{""unit_of_measurement"": ""s"", ""device_class"": ""duration"", ""friendly_name"": ""UPNP IGD Uptime""}"
2025-08-10T18:58:25.156458,sensor.upnp_igd_download_speed,2.30517365118517,2.1683307981898,"{""state_class"": ""measurement"", ""unit_of_measurement"": ""KiB/s"", ""device_class"": ""data_rate"", ""friendly_name"": ""UPNP IGD Download speed""}"
2025-08-10T18:58:25.157871,sensor.upnp_igd_upload_speed,0.230266721387293,0.11842469627861,"{""state_class"": ""measurement"", ""unit_of_measurement"": ""KiB/s"", ""device_class"": ""data_rate"", ""friendly_name"": ""UPNP IGD Upload speed""}"
2025-08-10T18:58:25.159225,sensor.upnp_igd_packet_download_speed,34.2656672513718,33.8667287556694,"{""state_class"": ""measurement"", ""unit_of_measurement"": ""packets/s"", ""friendly_name"": ""UPNP IGD Packet download speed""}"
2025-08-10T18:58:25.160704,sensor.upnp_igd_packet_upload_speed,1.56662097355494,1.3000023833377,"{""state_class"": ""measurement"", ""unit_of_measurement"": ""packets/s"", ""friendly_name"": ""UPNP IGD Packet upload speed""}"
2025-08-10T18:58:55.150187,sensor.upnp_igd_data_received,2604272770,2604893335,"{""state_class"": ""total_increasing"", ""unit_of_measurement"": ""B"", ""device_class"": ""data_size"", ""friendly_name"": ""UPNP IGD Data received""}"
2025-08-10T18:58:55.151977,sensor.upnp_igd_data_sent,1294302676,1294326356,"{""state_class"": ""total_increasing"", ""unit_of_measurement"": ""B"", ""device_class"": ""data_size"", ""friendly_name"": ""UPNP IGD Data sent""}"
2025-08-10T18:58:55.153445,sensor.upnp_igd_packets_received,92773719,92775173,"{""state_class"": ""total_increasing"", ""unit_of_measurement"": ""packets"", ""friendly_name"": ""UPNP IGD Packets received""}"
2025-08-10T18:58:55.154866,sensor.upnp_igd_packets_sent,21170415,21170563,"{""state_class"": ""total_increasing"", ""unit_of_measurement"": ""packets"", ""friendly_name"": ""UPNP IGD Packets sent""}"
2025-08-10T18:58:55.156288,sensor.upnp_igd_uptime,1679663,1679693,"{""unit_of_measurement"": ""s"", ""device_class"": ""duration"", ""friendly_name"": ""UPNP IGD Uptime""}"
2025-08-10T18:58:55.157902,sensor.upnp_igd_download_speed,2.1683307981898,20.2012108453531,"{""state_class"": ""measurement"", ""unit_of_measurement"": ""KiB/s"", ""device_class"": ""data_rate"", ""friendly_name"": ""UPNP IGD Download speed""}"
2025-08-10T18:58:55.159841,sensor.upnp_igd_upload_speed,0.11842469627861,0.770853452608446,"{""state_class"": ""measurement"", ""unit_of_measurement"": ""KiB/s"", ""device_class"": ""data_rate"", ""friendly_name"": ""UPNP IGD Upload speed""}"
2025-08-10T18:58:55.161324,sensor.upnp_igd_packet_download_speed,33.8667287556694,48.4679316796835,"{""state_class"": ""measurement"", ""unit_of_measurement"": ""packets/s"", ""friendly_name"": ""UPNP IGD Packet download speed""}"
2025-08-10T18:58:55.162718,sensor.upnp_igd_packet_upload_speed,1.3000023833377,4.93346209669406,"{""state_class"": ""measurement"", ""unit_of_measurement"": ""packets/s"", ""friendly_name"": ""UPNP IGD Packet upload speed""}"
2025-08-10T18:59:10.260126,automation.aut_status_bruno,on,on,"{""id"": ""1751855857509"", ""last_triggered"": ""2025-08-10T21:59:10.252755+00:00"", ""mode"": ""single"", ""current"": 1, ""friendly_name"": ""aut-status-bruno""}"
2025-08-10T18:59:10.262229,automation.aut_status_bruno,on,on,"{""id"": ""1751855857509"", ""last_triggered"": ""2025-08-10T21:59:10.252755+00:00"", ""mode"": ""single"", ""current"": 0, ""friendly_name"": ""aut-status-bruno""}"
2025-08-10T18:59:25.150232,sensor.upnp_igd_data_received,2604893335,2604959074,"{""state_class"": ""total_increasing"", ""unit_of_measurement"": ""B"", ""device_class"": ""data_size"", ""friendly_name"": ""UPNP IGD Data received""}"
2025-08-10T18:59:25.152964,sensor.upnp_igd_data_sent,1294326356,1294329681,"{""state_class"": ""total_increasing"", ""unit_of_measurement"": ""B"", ""device_class"": ""data_size"", ""friendly_name"": ""UPNP IGD Data sent""}"
2025-08-10T18:59:25.154541,sensor.upnp_igd_packets_received,92775173,92776180,"{""state_class"": ""total_increasing"", ""unit_of_measurement"": ""packets"", ""friendly_name"": ""UPNP IGD Packets received""}"
2025-08-10T18:59:25.156036,sensor.upnp_igd_packets_sent,21170563,21170600,"{""state_class"": ""total_increasing"", ""unit_of_measurement"": ""packets"", ""friendly_name"": ""UPNP IGD Packets sent""}"
2025-08-10T18:59:25.157459,sensor.upnp_igd_uptime,1679693,1679723,"{""unit_of_measurement"": ""s"", ""device_class"": ""duration"", ""friendly_name"": ""UPNP IGD Uptime""}"
2025-08-10T18:59:25.158954,sensor.upnp_igd_download_speed,20.2012108453531,2.13991779582365,"{""state_class"": ""measurement"", ""unit_of_measurement"": ""KiB/s"", ""device_class"": ""data_rate"", ""friendly_name"": ""UPNP IGD Download speed""}"
2025-08-10T18:59:25.160407,sensor.upnp_igd_upload_speed,0.770853452608446,0.108234482896205,"{""state_class"": ""measurement"", ""unit_of_measurement"": ""KiB/s"", ""device_class"": ""data_rate"", ""friendly_name"": ""UPNP IGD Upload speed""}"
2025-08-10T18:59:25.161802,sensor.upnp_igd_packet_download_speed,48.4679316796835,33.5662963185306,"{""state_class"": ""measurement"", ""unit_of_measurement"": ""packets/s"", ""friendly_name"": ""UPNP IGD Packet download speed""}"
2025-08-10T18:59:25.163256,sensor.upnp_igd_packet_upload_speed,4.93346209669406,1.23331972570569,"{""state_class"": ""measurement"", ""unit_of_measurement"": ""packets/s"", ""friendly_name"": ""UPNP IGD Packet upload speed""}"
2025-08-10T18:59:55.147124,sensor.upnp_igd_data_received,2604959074,2605032486,"{""state_class"": ""total_increasing"", ""unit_of_measurement"": ""B"", ""device_class"": ""data_size"", ""friendly_name"": ""UPNP IGD Data received""}"
2025-08-10T18:59:55.149237,sensor.upnp_igd_data_sent,1294329681,1294338500,"{""state_class"": ""total_increasing"", ""unit_of_measurement"": ""B"", ""device_class"": ""data_size"", ""friendly_name"": ""UPNP IGD Data sent""}"
2025-08-10T18:59:55.150881,sensor.upnp_igd_packets_received,92776180,92777235,"{""state_class"": ""total_increasing"", ""unit_of_measurement"": ""packets"", ""friendly_name"": ""UPNP IGD Packets received""}"
2025-08-10T18:59:55.152395,sensor.upnp_igd_packets_sent,21170600,21170658,"{""state_class"": ""total_increasing"", ""unit_of_measurement"": ""packets"", ""friendly_name"": ""UPNP IGD Packets sent""}"
2025-08-10T18:59:55.153763,sensor.upnp_igd_uptime,1679723,1679753,"{""unit_of_measurement"": ""s"", ""device_class"": ""duration"", ""friendly_name"": ""UPNP IGD Uptime""}"
2025-08-10T18:59:55.155128,sensor.upnp_igd_download_speed,2.13991779582365,2.38972055151362,"{""state_class"": ""measurement"", ""unit_of_measurement"": ""KiB/s"", ""device_class"": ""data_rate"", ""friendly_name"": ""UPNP IGD Download speed""}"
2025-08-10T18:59:55.156633,sensor.upnp_igd_upload_speed,0.108234482896205,0.287077665011151,"{""state_class"": ""measurement"", ""unit_of_measurement"": ""KiB/s"", ""device_class"": ""data_rate"", ""friendly_name"": ""UPNP IGD Upload speed""}"
2025-08-10T18:59:55.158080,sensor.upnp_igd_packet_download_speed,33.5662963185306,35.1667698225248,"{""state_class"": ""measurement"", ""unit_of_measurement"": ""packets/s"", ""friendly_name"": ""UPNP IGD Packet download speed""}"
2025-08-10T18:59:55.159487,sensor.upnp_igd_packet_upload_speed,1.23331972570569,1.93333900446108,"{""state_class"": ""measurement"", ""unit_of_measurement"": ""packets/s"", ""friendly_name"": ""UPNP IGD Packet upload speed""}"
