timestamp,entity_id,old_state,new_state,attributes
2025-07-03T21:00:00.277365,automation.auto_banheiro,on,on,"{""id"": ""1747870075916"", ""last_triggered"": ""2025-07-04T00:00:00.271846+00:00"", ""mode"": ""single"", ""current"": 1, ""friendly_name"": ""auto-banheiro""}"
2025-07-03T21:00:00.279503,automation.auto_banheiro,on,on,"{""id"": ""1747870075916"", ""last_triggered"": ""2025-07-04T00:00:00.271846+00:00"", ""mode"": ""single"", ""current"": 0, ""friendly_name"": ""auto-banheiro""}"
2025-07-03T21:00:02.716918,sensor.arris_tg1692a_router_download_speed,0.00113442514642408,0.00209574702554723,"{""state_class"": ""measurement"", ""unit_of_measurement"": ""Mbit/s"", ""device_class"": ""data_rate"", ""friendly_name"": ""ARRIS TG1692A Router Download speed""}"
2025-07-03T21:00:02.718554,sensor.arris_tg1692a_router_upload_speed,0.00104482316024672,0.00179121170258312,"{""state_class"": ""measurement"", ""unit_of_measurement"": ""Mbit/s"", ""device_class"": ""data_rate"", ""friendly_name"": ""ARRIS TG1692A Router Upload speed""}"
2025-07-03T21:00:05.280061,automation.auto_banheiro,on,on,"{""id"": ""1747870075916"", ""last_triggered"": ""2025-07-04T00:00:05.272273+00:00"", ""mode"": ""single"", ""current"": 1, ""friendly_name"": ""auto-banheiro""}"
2025-07-03T21:00:05.281469,automation.auto_banheiro,on,on,"{""id"": ""1747870075916"", ""last_triggered"": ""2025-07-04T00:00:05.272273+00:00"", ""mode"": ""single"", ""current"": 0, ""friendly_name"": ""auto-banheiro""}"
2025-07-03T21:00:10.276768,automation.auto_banheiro,on,on,"{""id"": ""1747870075916"", ""last_triggered"": ""2025-07-04T00:00:10.272047+00:00"", ""mode"": ""single"", ""current"": 1, ""friendly_name"": ""auto-banheiro""}"
2025-07-03T21:00:10.278347,automation.auto_banheiro,on,on,"{""id"": ""1747870075916"", ""last_triggered"": ""2025-07-04T00:00:10.272047+00:00"", ""mode"": ""single"", ""current"": 0, ""friendly_name"": ""auto-banheiro""}"
2025-07-03T21:00:15.285207,automation.auto_banheiro,on,on,"{""id"": ""1747870075916"", ""last_triggered"": ""2025-07-04T00:00:15.273373+00:00"", ""mode"": ""single"", ""current"": 1, ""friendly_name"": ""auto-banheiro""}"
2025-07-03T21:00:15.291194,automation.auto_banheiro,on,on,"{""id"": ""1747870075916"", ""last_triggered"": ""2025-07-04T00:00:15.273373+00:00"", ""mode"": ""single"", ""current"": 0, ""friendly_name"": ""auto-banheiro""}"
2025-07-03T21:00:20.282390,automation.auto_banheiro,on,on,"{""id"": ""1747870075916"", ""last_triggered"": ""2025-07-04T00:00:20.271995+00:00"", ""mode"": ""single"", ""current"": 1, ""friendly_name"": ""auto-banheiro""}"
2025-07-03T21:00:20.285874,automation.auto_banheiro,on,on,"{""id"": ""1747870075916"", ""last_triggered"": ""2025-07-04T00:00:20.271995+00:00"", ""mode"": ""single"", ""current"": 0, ""friendly_name"": ""auto-banheiro""}"
2025-07-03T21:00:25.278573,automation.auto_banheiro,on,on,"{""id"": ""1747870075916"", ""last_triggered"": ""2025-07-04T00:00:25.271972+00:00"", ""mode"": ""single"", ""current"": 1, ""friendly_name"": ""auto-banheiro""}"
2025-07-03T21:00:25.280246,automation.auto_banheiro,on,on,"{""id"": ""1747870075916"", ""last_triggered"": ""2025-07-04T00:00:25.271972+00:00"", ""mode"": ""single"", ""current"": 0, ""friendly_name"": ""auto-banheiro""}"
2025-07-03T21:00:30.287821,automation.auto_banheiro,on,on,"{""id"": ""1747870075916"", ""last_triggered"": ""2025-07-04T00:00:30.273027+00:00"", ""mode"": ""single"", ""current"": 1, ""friendly_name"": ""auto-banheiro""}"
2025-07-03T21:00:30.291710,automation.auto_banheiro,on,on,"{""id"": ""1747870075916"", ""last_triggered"": ""2025-07-04T00:00:30.273027+00:00"", ""mode"": ""single"", ""current"": 0, ""friendly_name"": ""auto-banheiro""}"
2025-07-03T21:00:32.720565,sensor.arris_tg1692a_router_download_speed,0.00209574702554723,0.00118958009435975,"{""state_class"": ""measurement"", ""unit_of_measurement"": ""Mbit/s"", ""device_class"": ""data_rate"", ""friendly_name"": ""ARRIS TG1692A Router Download speed""}"
2025-07-03T21:00:32.722191,sensor.arris_tg1692a_router_upload_speed,0.00179121170258312,0.000883185221367296,"{""state_class"": ""measurement"", ""unit_of_measurement"": ""Mbit/s"", ""device_class"": ""data_rate"", ""friendly_name"": ""ARRIS TG1692A Router Upload speed""}"
2025-07-03T21:00:35.276440,automation.auto_banheiro,on,on,"{""id"": ""1747870075916"", ""last_triggered"": ""2025-07-04T00:00:35.271676+00:00"", ""mode"": ""single"", ""current"": 1, ""friendly_name"": ""auto-banheiro""}"
2025-07-03T21:00:35.278110,automation.auto_banheiro,on,on,"{""id"": ""1747870075916"", ""last_triggered"": ""2025-07-04T00:00:35.271676+00:00"", ""mode"": ""single"", ""current"": 0, ""friendly_name"": ""auto-banheiro""}"
2025-07-03T21:00:40.276887,automation.auto_banheiro,on,on,"{""id"": ""1747870075916"", ""last_triggered"": ""2025-07-04T00:00:40.272081+00:00"", ""mode"": ""single"", ""current"": 1, ""friendly_name"": ""auto-banheiro""}"
2025-07-03T21:00:40.278511,automation.auto_banheiro,on,on,"{""id"": ""1747870075916"", ""last_triggered"": ""2025-07-04T00:00:40.272081+00:00"", ""mode"": ""single"", ""current"": 0, ""friendly_name"": ""auto-banheiro""}"
2025-07-03T21:00:45.283416,automation.auto_banheiro,on,on,"{""id"": ""1747870075916"", ""last_triggered"": ""2025-07-04T00:00:45.272632+00:00"", ""mode"": ""single"", ""current"": 1, ""friendly_name"": ""auto-banheiro""}"
2025-07-03T21:00:45.286777,automation.auto_banheiro,on,on,"{""id"": ""1747870075916"", ""last_triggered"": ""2025-07-04T00:00:45.272632+00:00"", ""mode"": ""single"", ""current"": 0, ""friendly_name"": ""auto-banheiro""}"
2025-07-03T21:00:49.566164,media_player.dlna_b13_box,unavailable,unknown,"{""friendly_name"": ""DLNA-B13 Box"", ""supported_features"": 512575}"
2025-07-03T21:00:50.276483,automation.auto_banheiro,on,on,"{""id"": ""1747870075916"", ""last_triggered"": ""2025-07-04T00:00:50.271643+00:00"", ""mode"": ""single"", ""current"": 1, ""friendly_name"": ""auto-banheiro""}"
2025-07-03T21:00:50.278069,automation.auto_banheiro,on,on,"{""id"": ""1747870075916"", ""last_triggered"": ""2025-07-04T00:00:50.271643+00:00"", ""mode"": ""single"", ""current"": 0, ""friendly_name"": ""auto-banheiro""}"
2025-07-03T21:00:55.280813,automation.auto_banheiro,on,on,"{""id"": ""1747870075916"", ""last_triggered"": ""2025-07-04T00:00:55.271958+00:00"", ""mode"": ""single"", ""current"": 1, ""friendly_name"": ""auto-banheiro""}"
2025-07-03T21:00:55.283366,automation.auto_banheiro,on,on,"{""id"": ""1747870075916"", ""last_triggered"": ""2025-07-04T00:00:55.271958+00:00"", ""mode"": ""single"", ""current"": 0, ""friendly_name"": ""auto-banheiro""}"
2025-07-03T21:00:56.416970,camera.192_168_0_33,idle,idle,"{""access_token"": ""f1f131d4fe8e964f0a51c7fbab058ccaa887911293e306bedecc62ec918ddfed"", ""entity_picture"": ""/api/camera_proxy/camera.192_168_0_33?token=f1f131d4fe8e964f0a51c7fbab058ccaa887911293e306bedecc62ec918ddfed"", ""friendly_name"": ""192_168_0_14"", ""supported_features"": 2}"
2025-07-03T21:00:56.420440,camera.admin_mainstream,idle,idle,"{""access_token"": ""199f68e236c47d07051369b584ce8b853d96b4c59d648861a88bcad1dbf4bdaf"", ""entity_picture"": ""/api/camera_proxy/camera.admin_mainstream?token=199f68e236c47d07051369b584ce8b853d96b4c59d648861a88bcad1dbf4bdaf"", ""friendly_name"": ""admin MainStream"", ""supported_features"": 2}"
2025-07-03T21:00:56.424908,camera.admin_substream,idle,idle,"{""access_token"": ""931f41ec044e754a91b24e498f211ef9d07f76928ebe7a307d74a4ac1b3e30d8"", ""entity_picture"": ""/api/camera_proxy/camera.admin_substream?token=931f41ec044e754a91b24e498f211ef9d07f76928ebe7a307d74a4ac1b3e30d8"", ""friendly_name"": ""admin SubStream"", ""supported_features"": 2}"
2025-07-03T21:00:57.412752,media_player.dlna_b13_box,unknown,unavailable,"{""friendly_name"": ""DLNA-B13 Box"", ""supported_features"": 512575}"
2025-07-03T21:01:00.288150,automation.auto_banheiro,on,on,"{""id"": ""1747870075916"", ""last_triggered"": ""2025-07-04T00:01:00.272595+00:00"", ""mode"": ""single"", ""current"": 1, ""friendly_name"": ""auto-banheiro""}"
2025-07-03T21:01:00.291974,automation.auto_banheiro,on,on,"{""id"": ""1747870075916"", ""last_triggered"": ""2025-07-04T00:01:00.272595+00:00"", ""mode"": ""single"", ""current"": 0, ""friendly_name"": ""auto-banheiro""}"
2025-07-03T21:01:02.718340,sensor.arris_tg1692a_router_download_speed,0.00118958009435975,0.00206106920865202,"{""state_class"": ""measurement"", ""unit_of_measurement"": ""Mbit/s"", ""device_class"": ""data_rate"", ""friendly_name"": ""ARRIS TG1692A Router Download speed""}"
2025-07-03T21:01:02.720281,sensor.arris_tg1692a_router_upload_speed,0.000883185221367296,0.00180960223184275,"{""state_class"": ""measurement"", ""unit_of_measurement"": ""Mbit/s"", ""device_class"": ""data_rate"", ""friendly_name"": ""ARRIS TG1692A Router Upload speed""}"
2025-07-03T21:01:05.283239,automation.auto_banheiro,on,on,"{""id"": ""1747870075916"", ""last_triggered"": ""2025-07-04T00:01:05.273310+00:00"", ""mode"": ""single"", ""current"": 1, ""friendly_name"": ""auto-banheiro""}"
2025-07-03T21:01:05.295625,automation.auto_banheiro,on,on,"{""id"": ""1747870075916"", ""last_triggered"": ""2025-07-04T00:01:05.273310+00:00"", ""mode"": ""single"", ""current"": 0, ""friendly_name"": ""auto-banheiro""}"
2025-07-03T21:01:10.276648,automation.auto_banheiro,on,on,"{""id"": ""1747870075916"", ""last_triggered"": ""2025-07-04T00:01:10.271856+00:00"", ""mode"": ""single"", ""current"": 1, ""friendly_name"": ""auto-banheiro""}"
2025-07-03T21:01:10.278307,automation.auto_banheiro,on,on,"{""id"": ""1747870075916"", ""last_triggered"": ""2025-07-04T00:01:10.271856+00:00"", ""mode"": ""single"", ""current"": 0, ""friendly_name"": ""auto-banheiro""}"
2025-07-03T21:01:15.285390,automation.auto_banheiro,on,on,"{""id"": ""1747870075916"", ""last_triggered"": ""2025-07-04T00:01:15.272172+00:00"", ""mode"": ""single"", ""current"": 1, ""friendly_name"": ""auto-banheiro""}"
2025-07-03T21:01:15.289961,automation.auto_banheiro,on,on,"{""id"": ""1747870075916"", ""last_triggered"": ""2025-07-04T00:01:15.272172+00:00"", ""mode"": ""single"", ""current"": 0, ""friendly_name"": ""auto-banheiro""}"
2025-07-03T21:01:20.276705,automation.auto_banheiro,on,on,"{""id"": ""1747870075916"", ""last_triggered"": ""2025-07-04T00:01:20.271830+00:00"", ""mode"": ""single"", ""current"": 1, ""friendly_name"": ""auto-banheiro""}"
2025-07-03T21:01:20.278342,automation.auto_banheiro,on,on,"{""id"": ""1747870075916"", ""last_triggered"": ""2025-07-04T00:01:20.271830+00:00"", ""mode"": ""single"", ""current"": 0, ""friendly_name"": ""auto-banheiro""}"
2025-07-03T21:01:25.276417,automation.auto_banheiro,on,on,"{""id"": ""1747870075916"", ""last_triggered"": ""2025-07-04T00:01:25.271572+00:00"", ""mode"": ""single"", ""current"": 1, ""friendly_name"": ""auto-banheiro""}"
2025-07-03T21:01:25.278922,automation.auto_banheiro,on,on,"{""id"": ""1747870075916"", ""last_triggered"": ""2025-07-04T00:01:25.271572+00:00"", ""mode"": ""single"", ""current"": 0, ""friendly_name"": ""auto-banheiro""}"
2025-07-03T21:01:30.276348,automation.auto_banheiro,on,on,"{""id"": ""1747870075916"", ""last_triggered"": ""2025-07-04T00:01:30.271518+00:00"", ""mode"": ""single"", ""current"": 1, ""friendly_name"": ""auto-banheiro""}"
2025-07-03T21:01:30.277963,automation.auto_banheiro,on,on,"{""id"": ""1747870075916"", ""last_triggered"": ""2025-07-04T00:01:30.271518+00:00"", ""mode"": ""single"", ""current"": 0, ""friendly_name"": ""auto-banheiro""}"
2025-07-03T21:01:32.735484,sensor.arris_tg1692a_router_download_speed,0.00206106920865202,0.0025002285798513,"{""state_class"": ""measurement"", ""unit_of_measurement"": ""Mbit/s"", ""device_class"": ""data_rate"", ""friendly_name"": ""ARRIS TG1692A Router Download speed""}"
2025-07-03T21:01:32.739704,sensor.arris_tg1692a_router_upload_speed,0.00180960223184275,0.00152344345954463,"{""state_class"": ""measurement"", ""unit_of_measurement"": ""Mbit/s"", ""device_class"": ""data_rate"", ""friendly_name"": ""ARRIS TG1692A Router Upload speed""}"
2025-07-03T21:01:35.277374,automation.auto_banheiro,on,on,"{""id"": ""1747870075916"", ""last_triggered"": ""2025-07-04T00:01:35.271848+00:00"", ""mode"": ""single"", ""current"": 1, ""friendly_name"": ""auto-banheiro""}"
2025-07-03T21:01:35.279250,automation.auto_banheiro,on,on,"{""id"": ""1747870075916"", ""last_triggered"": ""2025-07-04T00:01:35.271848+00:00"", ""mode"": ""single"", ""current"": 0, ""friendly_name"": ""auto-banheiro""}"
2025-07-03T21:01:40.281901,automation.auto_banheiro,on,on,"{""id"": ""1747870075916"", ""last_triggered"": ""2025-07-04T00:01:40.271827+00:00"", ""mode"": ""single"", ""current"": 1, ""friendly_name"": ""auto-banheiro""}"
2025-07-03T21:01:40.285746,automation.auto_banheiro,on,on,"{""id"": ""1747870075916"", ""last_triggered"": ""2025-07-04T00:01:40.271827+00:00"", ""mode"": ""single"", ""current"": 0, ""friendly_name"": ""auto-banheiro""}"
2025-07-03T21:01:45.281740,automation.auto_banheiro,on,on,"{""id"": ""1747870075916"", ""last_triggered"": ""2025-07-04T00:01:45.272416+00:00"", ""mode"": ""single"", ""current"": 1, ""friendly_name"": ""auto-banheiro""}"
2025-07-03T21:01:45.284888,automation.auto_banheiro,on,on,"{""id"": ""1747870075916"", ""last_triggered"": ""2025-07-04T00:01:45.272416+00:00"", ""mode"": ""single"", ""current"": 0, ""friendly_name"": ""auto-banheiro""}"
2025-07-03T21:01:50.278124,automation.auto_banheiro,on,on,"{""id"": ""1747870075916"", ""last_triggered"": ""2025-07-04T00:01:50.272023+00:00"", ""mode"": ""single"", ""current"": 1, ""friendly_name"": ""auto-banheiro""}"
2025-07-03T21:01:50.279716,automation.auto_banheiro,on,on,"{""id"": ""1747870075916"", ""last_triggered"": ""2025-07-04T00:01:50.272023+00:00"", ""mode"": ""single"", ""current"": 0, ""friendly_name"": ""auto-banheiro""}"
2025-07-03T21:01:55.282602,automation.auto_banheiro,on,on,"{""id"": ""1747870075916"", ""last_triggered"": ""2025-07-04T00:01:55.272360+00:00"", ""mode"": ""single"", ""current"": 1, ""friendly_name"": ""auto-banheiro""}"
2025-07-03T21:01:55.286200,automation.auto_banheiro,on,on,"{""id"": ""1747870075916"", ""last_triggered"": ""2025-07-04T00:01:55.272360+00:00"", ""mode"": ""single"", ""current"": 0, ""friendly_name"": ""auto-banheiro""}"
2025-07-03T21:02:00.278963,automation.auto_banheiro,on,on,"{""id"": ""1747870075916"", ""last_triggered"": ""2025-07-04T00:02:00.272252+00:00"", ""mode"": ""single"", ""current"": 1, ""friendly_name"": ""auto-banheiro""}"
2025-07-03T21:02:00.283183,automation.auto_banheiro,on,on,"{""id"": ""1747870075916"", ""last_triggered"": ""2025-07-04T00:02:00.272252+00:00"", ""mode"": ""single"", ""current"": 0, ""friendly_name"": ""auto-banheiro""}"
2025-07-03T21:02:02.717254,sensor.arris_tg1692a_router_download_speed,0.0025002285798513,0.00236746035343906,"{""state_class"": ""measurement"", ""unit_of_measurement"": ""Mbit/s"", ""device_class"": ""data_rate"", ""friendly_name"": ""ARRIS TG1692A Router Download speed""}"
2025-07-03T21:02:02.718896,sensor.arris_tg1692a_router_upload_speed,0.00152344345954463,0.00186319503147992,"{""state_class"": ""measurement"", ""unit_of_measurement"": ""Mbit/s"", ""device_class"": ""data_rate"", ""friendly_name"": ""ARRIS TG1692A Router Upload speed""}"
2025-07-03T21:02:05.278798,automation.auto_banheiro,on,on,"{""id"": ""1747870075916"", ""last_triggered"": ""2025-07-04T00:02:05.271510+00:00"", ""mode"": ""single"", ""current"": 1, ""friendly_name"": ""auto-banheiro""}"
2025-07-03T21:02:05.293324,automation.auto_banheiro,on,on,"{""id"": ""1747870075916"", ""last_triggered"": ""2025-07-04T00:02:05.271510+00:00"", ""mode"": ""single"", ""current"": 0, ""friendly_name"": ""auto-banheiro""}"
2025-07-03T21:02:10.276838,automation.auto_banheiro,on,on,"{""id"": ""1747870075916"", ""last_triggered"": ""2025-07-04T00:02:10.272032+00:00"", ""mode"": ""single"", ""current"": 1, ""friendly_name"": ""auto-banheiro""}"
2025-07-03T21:02:10.278508,automation.auto_banheiro,on,on,"{""id"": ""1747870075916"", ""last_triggered"": ""2025-07-04T00:02:10.272032+00:00"", ""mode"": ""single"", ""current"": 0, ""friendly_name"": ""auto-banheiro""}"
2025-07-03T21:02:15.276396,automation.auto_banheiro,on,on,"{""id"": ""1747870075916"", ""last_triggered"": ""2025-07-04T00:02:15.271685+00:00"", ""mode"": ""single"", ""current"": 1, ""friendly_name"": ""auto-banheiro""}"
2025-07-03T21:02:15.278229,automation.auto_banheiro,on,on,"{""id"": ""1747870075916"", ""last_triggered"": ""2025-07-04T00:02:15.271685+00:00"", ""mode"": ""single"", ""current"": 0, ""friendly_name"": ""auto-banheiro""}"
2025-07-03T21:02:20.278142,automation.auto_banheiro,on,on,"{""id"": ""1747870075916"", ""last_triggered"": ""2025-07-04T00:02:20.271487+00:00"", ""mode"": ""single"", ""current"": 1, ""friendly_name"": ""auto-banheiro""}"
2025-07-03T21:02:20.279718,automation.auto_banheiro,on,on,"{""id"": ""1747870075916"", ""last_triggered"": ""2025-07-04T00:02:20.271487+00:00"", ""mode"": ""single"", ""current"": 0, ""friendly_name"": ""auto-banheiro""}"
2025-07-03T21:02:25.285740,automation.auto_banheiro,on,on,"{""id"": ""1747870075916"", ""last_triggered"": ""2025-07-04T00:02:25.272858+00:00"", ""mode"": ""single"", ""current"": 1, ""friendly_name"": ""auto-banheiro""}"
2025-07-03T21:02:25.290048,automation.auto_banheiro,on,on,"{""id"": ""1747870075916"", ""last_triggered"": ""2025-07-04T00:02:25.272858+00:00"", ""mode"": ""single"", ""current"": 0, ""friendly_name"": ""auto-banheiro""}"
2025-07-03T21:02:30.285596,automation.auto_banheiro,on,on,"{""id"": ""1747870075916"", ""last_triggered"": ""2025-07-04T00:02:30.273764+00:00"", ""mode"": ""single"", ""current"": 1, ""friendly_name"": ""auto-banheiro""}"
2025-07-03T21:02:30.289590,automation.auto_banheiro,on,on,"{""id"": ""1747870075916"", ""last_triggered"": ""2025-07-04T00:02:30.273764+00:00"", ""mode"": ""single"", ""current"": 0, ""friendly_name"": ""auto-banheiro""}"
2025-07-03T21:02:32.721642,sensor.arris_tg1692a_router_download_speed,0.00236746035343906,0.00196937219561133,"{""state_class"": ""measurement"", ""unit_of_measurement"": ""Mbit/s"", ""device_class"": ""data_rate"", ""friendly_name"": ""ARRIS TG1692A Router Download speed""}"
2025-07-03T21:02:32.725413,sensor.arris_tg1692a_router_upload_speed,0.00186319503147992,0.000938418518125424,"{""state_class"": ""measurement"", ""unit_of_measurement"": ""Mbit/s"", ""device_class"": ""data_rate"", ""friendly_name"": ""ARRIS TG1692A Router Upload speed""}"
2025-07-03T21:02:35.284173,automation.auto_banheiro,on,on,"{""id"": ""1747870075916"", ""last_triggered"": ""2025-07-04T00:02:35.272226+00:00"", ""mode"": ""single"", ""current"": 1, ""friendly_name"": ""auto-banheiro""}"
2025-07-03T21:02:35.288128,automation.auto_banheiro,on,on,"{""id"": ""1747870075916"", ""last_triggered"": ""2025-07-04T00:02:35.272226+00:00"", ""mode"": ""single"", ""current"": 0, ""friendly_name"": ""auto-banheiro""}"
2025-07-03T21:02:40.280057,automation.auto_banheiro,on,on,"{""id"": ""1747870075916"", ""last_triggered"": ""2025-07-04T00:02:40.271478+00:00"", ""mode"": ""single"", ""current"": 1, ""friendly_name"": ""auto-banheiro""}"
2025-07-03T21:02:40.281695,automation.auto_banheiro,on,on,"{""id"": ""1747870075916"", ""last_triggered"": ""2025-07-04T00:02:40.271478+00:00"", ""mode"": ""single"", ""current"": 0, ""friendly_name"": ""auto-banheiro""}"
2025-07-03T21:02:45.277970,automation.auto_banheiro,on,on,"{""id"": ""1747870075916"", ""last_triggered"": ""2025-07-04T00:02:45.272400+00:00"", ""mode"": ""single"", ""current"": 1, ""friendly_name"": ""auto-banheiro""}"
2025-07-03T21:02:45.279533,automation.auto_banheiro,on,on,"{""id"": ""1747870075916"", ""last_triggered"": ""2025-07-04T00:02:45.272400+00:00"", ""mode"": ""single"", ""current"": 0, ""friendly_name"": ""auto-banheiro""}"
2025-07-03T21:02:50.276055,automation.auto_banheiro,on,on,"{""id"": ""1747870075916"", ""last_triggered"": ""2025-07-04T00:02:50.271213+00:00"", ""mode"": ""single"", ""current"": 1, ""friendly_name"": ""auto-banheiro""}"
2025-07-03T21:02:50.277707,automation.auto_banheiro,on,on,"{""id"": ""1747870075916"", ""last_triggered"": ""2025-07-04T00:02:50.271213+00:00"", ""mode"": ""single"", ""current"": 0, ""friendly_name"": ""auto-banheiro""}"
2025-07-03T21:02:55.287011,automation.auto_banheiro,on,on,"{""id"": ""1747870075916"", ""last_triggered"": ""2025-07-04T00:02:55.272276+00:00"", ""mode"": ""single"", ""current"": 1, ""friendly_name"": ""auto-banheiro""}"
2025-07-03T21:02:55.291748,automation.auto_banheiro,on,on,"{""id"": ""1747870075916"", ""last_triggered"": ""2025-07-04T00:02:55.272276+00:00"", ""mode"": ""single"", ""current"": 0, ""friendly_name"": ""auto-banheiro""}"
2025-07-03T21:03:00.332087,automation.auto_banheiro,on,on,"{""id"": ""1747870075916"", ""last_triggered"": ""2025-07-04T00:03:00.271798+00:00"", ""mode"": ""single"", ""current"": 1, ""friendly_name"": ""auto-banheiro""}"
2025-07-03T21:03:00.334797,automation.auto_banheiro,on,on,"{""id"": ""1747870075916"", ""last_triggered"": ""2025-07-04T00:03:00.271798+00:00"", ""mode"": ""single"", ""current"": 0, ""friendly_name"": ""auto-banheiro""}"
2025-07-03T21:03:02.724286,sensor.arris_tg1692a_router_download_speed,0.00196937219561133,0.00201997825156749,"{""state_class"": ""measurement"", ""unit_of_measurement"": ""Mbit/s"", ""device_class"": ""data_rate"", ""friendly_name"": ""ARRIS TG1692A Router Download speed""}"
2025-07-03T21:03:02.727039,sensor.arris_tg1692a_router_upload_speed,0.000938418518125424,0.00175358111977661,"{""state_class"": ""measurement"", ""unit_of_measurement"": ""Mbit/s"", ""device_class"": ""data_rate"", ""friendly_name"": ""ARRIS TG1692A Router Upload speed""}"
2025-07-03T21:03:05.282881,automation.auto_banheiro,on,on,"{""id"": ""1747870075916"", ""last_triggered"": ""2025-07-04T00:03:05.272106+00:00"", ""mode"": ""single"", ""current"": 1, ""friendly_name"": ""auto-banheiro""}"
2025-07-03T21:03:05.286495,automation.auto_banheiro,on,on,"{""id"": ""1747870075916"", ""last_triggered"": ""2025-07-04T00:03:05.272106+00:00"", ""mode"": ""single"", ""current"": 0, ""friendly_name"": ""auto-banheiro""}"
2025-07-03T21:03:10.289460,automation.auto_banheiro,on,on,"{""id"": ""1747870075916"", ""last_triggered"": ""2025-07-04T00:03:10.272056+00:00"", ""mode"": ""single"", ""current"": 1, ""friendly_name"": ""auto-banheiro""}"
2025-07-03T21:03:10.292675,automation.auto_banheiro,on,on,"{""id"": ""1747870075916"", ""last_triggered"": ""2025-07-04T00:03:10.272056+00:00"", ""mode"": ""single"", ""current"": 0, ""friendly_name"": ""auto-banheiro""}"
2025-07-03T21:03:15.276636,automation.auto_banheiro,on,on,"{""id"": ""1747870075916"", ""last_triggered"": ""2025-07-04T00:03:15.271872+00:00"", ""mode"": ""single"", ""current"": 1, ""friendly_name"": ""auto-banheiro""}"
2025-07-03T21:03:15.278249,automation.auto_banheiro,on,on,"{""id"": ""1747870075916"", ""last_triggered"": ""2025-07-04T00:03:15.271872+00:00"", ""mode"": ""single"", ""current"": 0, ""friendly_name"": ""auto-banheiro""}"
2025-07-03T21:03:20.281486,automation.auto_banheiro,on,on,"{""id"": ""1747870075916"", ""last_triggered"": ""2025-07-04T00:03:20.271515+00:00"", ""mode"": ""single"", ""current"": 1, ""friendly_name"": ""auto-banheiro""}"
2025-07-03T21:03:20.283234,automation.auto_banheiro,on,on,"{""id"": ""1747870075916"", ""last_triggered"": ""2025-07-04T00:03:20.271515+00:00"", ""mode"": ""single"", ""current"": 0, ""friendly_name"": ""auto-banheiro""}"
2025-07-03T21:03:25.282669,automation.auto_banheiro,on,on,"{""id"": ""1747870075916"", ""last_triggered"": ""2025-07-04T00:03:25.272265+00:00"", ""mode"": ""single"", ""current"": 1, ""friendly_name"": ""auto-banheiro""}"
2025-07-03T21:03:25.286131,automation.auto_banheiro,on,on,"{""id"": ""1747870075916"", ""last_triggered"": ""2025-07-04T00:03:25.272265+00:00"", ""mode"": ""single"", ""current"": 0, ""friendly_name"": ""auto-banheiro""}"
2025-07-03T21:03:30.278500,automation.auto_banheiro,on,on,"{""id"": ""1747870075916"", ""last_triggered"": ""2025-07-04T00:03:30.271991+00:00"", ""mode"": ""single"", ""current"": 1, ""friendly_name"": ""auto-banheiro""}"
2025-07-03T21:03:30.280107,automation.auto_banheiro,on,on,"{""id"": ""1747870075916"", ""last_triggered"": ""2025-07-04T00:03:30.271991+00:00"", ""mode"": ""single"", ""current"": 0, ""friendly_name"": ""auto-banheiro""}"
2025-07-03T21:03:32.723156,sensor.arris_tg1692a_router_download_speed,0.00201997825156749,0.00149758876808424,"{""state_class"": ""measurement"", ""unit_of_measurement"": ""Mbit/s"", ""device_class"": ""data_rate"", ""friendly_name"": ""ARRIS TG1692A Router Download speed""}"
2025-07-03T21:03:32.724940,sensor.arris_tg1692a_router_upload_speed,0.00175358111977661,0.000978659326721716,"{""state_class"": ""measurement"", ""unit_of_measurement"": ""Mbit/s"", ""device_class"": ""data_rate"", ""friendly_name"": ""ARRIS TG1692A Router Upload speed""}"
2025-07-03T21:03:35.276366,automation.auto_banheiro,on,on,"{""id"": ""1747870075916"", ""last_triggered"": ""2025-07-04T00:03:35.271661+00:00"", ""mode"": ""single"", ""current"": 1, ""friendly_name"": ""auto-banheiro""}"
2025-07-03T21:03:35.277931,automation.auto_banheiro,on,on,"{""id"": ""1747870075916"", ""last_triggered"": ""2025-07-04T00:03:35.271661+00:00"", ""mode"": ""single"", ""current"": 0, ""friendly_name"": ""auto-banheiro""}"
2025-07-03T21:03:40.276864,automation.auto_banheiro,on,on,"{""id"": ""1747870075916"", ""last_triggered"": ""2025-07-04T00:03:40.271654+00:00"", ""mode"": ""single"", ""current"": 1, ""friendly_name"": ""auto-banheiro""}"
2025-07-03T21:03:40.278715,automation.auto_banheiro,on,on,"{""id"": ""1747870075916"", ""last_triggered"": ""2025-07-04T00:03:40.271654+00:00"", ""mode"": ""single"", ""current"": 0, ""friendly_name"": ""auto-banheiro""}"
2025-07-03T21:03:45.276616,automation.auto_banheiro,on,on,"{""id"": ""1747870075916"", ""last_triggered"": ""2025-07-04T00:03:45.271844+00:00"", ""mode"": ""single"", ""current"": 1, ""friendly_name"": ""auto-banheiro""}"
2025-07-03T21:03:45.278326,automation.auto_banheiro,on,on,"{""id"": ""1747870075916"", ""last_triggered"": ""2025-07-04T00:03:45.271844+00:00"", ""mode"": ""single"", ""current"": 0, ""friendly_name"": ""auto-banheiro""}"
2025-07-03T21:03:50.295111,automation.auto_banheiro,on,on,"{""id"": ""1747870075916"", ""last_triggered"": ""2025-07-04T00:03:50.272701+00:00"", ""mode"": ""single"", ""current"": 1, ""friendly_name"": ""auto-banheiro""}"
2025-07-03T21:03:50.306134,automation.auto_banheiro,on,on,"{""id"": ""1747870075916"", ""last_triggered"": ""2025-07-04T00:03:50.272701+00:00"", ""mode"": ""single"", ""current"": 0, ""friendly_name"": ""auto-banheiro""}"
2025-07-03T21:03:55.276029,automation.auto_banheiro,on,on,"{""id"": ""1747870075916"", ""last_triggered"": ""2025-07-04T00:03:55.271222+00:00"", ""mode"": ""single"", ""current"": 1, ""friendly_name"": ""auto-banheiro""}"
2025-07-03T21:03:55.277636,automation.auto_banheiro,on,on,"{""id"": ""1747870075916"", ""last_triggered"": ""2025-07-04T00:03:55.271222+00:00"", ""mode"": ""single"", ""current"": 0, ""friendly_name"": ""auto-banheiro""}"
2025-07-03T21:04:00.285647,automation.auto_banheiro,on,on,"{""id"": ""1747870075916"", ""last_triggered"": ""2025-07-04T00:04:00.273226+00:00"", ""mode"": ""single"", ""current"": 1, ""friendly_name"": ""auto-banheiro""}"
2025-07-03T21:04:00.287263,automation.auto_banheiro,on,on,"{""id"": ""1747870075916"", ""last_triggered"": ""2025-07-04T00:04:00.273226+00:00"", ""mode"": ""single"", ""current"": 0, ""friendly_name"": ""auto-banheiro""}"
2025-07-03T21:04:02.720062,sensor.arris_tg1692a_router_download_speed,0.00149758876808424,0.00239793157068118,"{""state_class"": ""measurement"", ""unit_of_measurement"": ""Mbit/s"", ""device_class"": ""data_rate"", ""friendly_name"": ""ARRIS TG1692A Router Download speed""}"
2025-07-03T21:04:02.721962,sensor.arris_tg1692a_router_upload_speed,0.000978659326721716,0.00148537353744375,"{""state_class"": ""measurement"", ""unit_of_measurement"": ""Mbit/s"", ""device_class"": ""data_rate"", ""friendly_name"": ""ARRIS TG1692A Router Upload speed""}"
2025-07-03T21:04:05.279137,automation.auto_banheiro,on,on,"{""id"": ""1747870075916"", ""last_triggered"": ""2025-07-04T00:04:05.271498+00:00"", ""mode"": ""single"", ""current"": 1, ""friendly_name"": ""auto-banheiro""}"
2025-07-03T21:04:05.287815,automation.auto_banheiro,on,on,"{""id"": ""1747870075916"", ""last_triggered"": ""2025-07-04T00:04:05.271498+00:00"", ""mode"": ""single"", ""current"": 0, ""friendly_name"": ""auto-banheiro""}"
2025-07-03T21:04:10.277949,automation.auto_banheiro,on,on,"{""id"": ""1747870075916"", ""last_triggered"": ""2025-07-04T00:04:10.271688+00:00"", ""mode"": ""single"", ""current"": 1, ""friendly_name"": ""auto-banheiro""}"
2025-07-03T21:04:10.279614,automation.auto_banheiro,on,on,"{""id"": ""1747870075916"", ""last_triggered"": ""2025-07-04T00:04:10.271688+00:00"", ""mode"": ""single"", ""current"": 0, ""friendly_name"": ""auto-banheiro""}"
2025-07-03T21:04:15.283153,automation.auto_banheiro,on,on,"{""id"": ""1747870075916"", ""last_triggered"": ""2025-07-04T00:04:15.272596+00:00"", ""mode"": ""single"", ""current"": 1, ""friendly_name"": ""auto-banheiro""}"
2025-07-03T21:04:15.286813,automation.auto_banheiro,on,on,"{""id"": ""1747870075916"", ""last_triggered"": ""2025-07-04T00:04:15.272596+00:00"", ""mode"": ""single"", ""current"": 0, ""friendly_name"": ""auto-banheiro""}"
2025-07-03T21:04:20.276784,automation.auto_banheiro,on,on,"{""id"": ""1747870075916"", ""last_triggered"": ""2025-07-04T00:04:20.272028+00:00"", ""mode"": ""single"", ""current"": 1, ""friendly_name"": ""auto-banheiro""}"
2025-07-03T21:04:20.278552,automation.auto_banheiro,on,on,"{""id"": ""1747870075916"", ""last_triggered"": ""2025-07-04T00:04:20.272028+00:00"", ""mode"": ""single"", ""current"": 0, ""friendly_name"": ""auto-banheiro""}"
2025-07-03T21:04:25.277277,automation.auto_banheiro,on,on,"{""id"": ""1747870075916"", ""last_triggered"": ""2025-07-04T00:04:25.272029+00:00"", ""mode"": ""single"", ""current"": 1, ""friendly_name"": ""auto-banheiro""}"
2025-07-03T21:04:25.279170,automation.auto_banheiro,on,on,"{""id"": ""1747870075916"", ""last_triggered"": ""2025-07-04T00:04:25.272029+00:00"", ""mode"": ""single"", ""current"": 0, ""friendly_name"": ""auto-banheiro""}"
2025-07-03T21:04:30.277010,automation.auto_banheiro,on,on,"{""id"": ""1747870075916"", ""last_triggered"": ""2025-07-04T00:04:30.271706+00:00"", ""mode"": ""single"", ""current"": 1, ""friendly_name"": ""auto-banheiro""}"
2025-07-03T21:04:30.278934,automation.auto_banheiro,on,on,"{""id"": ""1747870075916"", ""last_triggered"": ""2025-07-04T00:04:30.271706+00:00"", ""mode"": ""single"", ""current"": 0, ""friendly_name"": ""auto-banheiro""}"
2025-07-03T21:04:32.721876,sensor.arris_tg1692a_router_download_speed,0.00239793157068118,0.00203240461437442,"{""state_class"": ""measurement"", ""unit_of_measurement"": ""Mbit/s"", ""device_class"": ""data_rate"", ""friendly_name"": ""ARRIS TG1692A Router Download speed""}"
2025-07-03T21:04:32.723526,sensor.arris_tg1692a_router_upload_speed,0.00148537353744375,0.0012825854362557,"{""state_class"": ""measurement"", ""unit_of_measurement"": ""Mbit/s"", ""device_class"": ""data_rate"", ""friendly_name"": ""ARRIS TG1692A Router Upload speed""}"
2025-07-03T21:04:34.562193,sensor.tauntaum_energy,204.535,204.545,"{""state_class"": ""total_increasing"", ""unit_of_measurement"": ""kWh"", ""device_class"": ""energy"", ""friendly_name"": ""Tauntaum Energy""}"
2025-07-03T21:04:34.564037,sensor.tauntaum_power,41,35,"{""state_class"": ""measurement"", ""power_consumption_start"": ""2025-07-03T23:47:49Z"", ""power_consumption_end"": ""2025-07-04T00:04:34Z"", ""unit_of_measurement"": ""W"", ""device_class"": ""power"", ""friendly_name"": ""Tauntaum Power""}"
2025-07-03T21:04:34.566758,sensor.tauntaum_power_energy,0.00977399305601915,0.011450388889975,"{""state_class"": ""total"", ""unit_of_measurement"": ""kWh"", ""device_class"": ""energy"", ""friendly_name"": ""Tauntaum Power energy""}"
2025-07-03T21:04:35.286630,automation.auto_banheiro,on,on,"{""id"": ""1747870075916"", ""last_triggered"": ""2025-07-04T00:04:35.272822+00:00"", ""mode"": ""single"", ""current"": 1, ""friendly_name"": ""auto-banheiro""}"
2025-07-03T21:04:35.292332,automation.auto_banheiro,on,on,"{""id"": ""1747870075916"", ""last_triggered"": ""2025-07-04T00:04:35.272822+00:00"", ""mode"": ""single"", ""current"": 0, ""friendly_name"": ""auto-banheiro""}"
2025-07-03T21:04:40.276914,automation.auto_banheiro,on,on,"{""id"": ""1747870075916"", ""last_triggered"": ""2025-07-04T00:04:40.271167+00:00"", ""mode"": ""single"", ""current"": 1, ""friendly_name"": ""auto-banheiro""}"
2025-07-03T21:04:40.278645,automation.auto_banheiro,on,on,"{""id"": ""1747870075916"", ""last_triggered"": ""2025-07-04T00:04:40.271167+00:00"", ""mode"": ""single"", ""current"": 0, ""friendly_name"": ""auto-banheiro""}"
2025-07-03T21:04:45.278597,automation.auto_banheiro,on,on,"{""id"": ""1747870075916"", ""last_triggered"": ""2025-07-04T00:04:45.272291+00:00"", ""mode"": ""single"", ""current"": 1, ""friendly_name"": ""auto-banheiro""}"
2025-07-03T21:04:45.280247,automation.auto_banheiro,on,on,"{""id"": ""1747870075916"", ""last_triggered"": ""2025-07-04T00:04:45.272291+00:00"", ""mode"": ""single"", ""current"": 0, ""friendly_name"": ""auto-banheiro""}"
2025-07-03T21:04:50.277359,automation.auto_banheiro,on,on,"{""id"": ""1747870075916"", ""last_triggered"": ""2025-07-04T00:04:50.271735+00:00"", ""mode"": ""single"", ""current"": 1, ""friendly_name"": ""auto-banheiro""}"
2025-07-03T21:04:50.279399,automation.auto_banheiro,on,on,"{""id"": ""1747870075916"", ""last_triggered"": ""2025-07-04T00:04:50.271735+00:00"", ""mode"": ""single"", ""current"": 0, ""friendly_name"": ""auto-banheiro""}"
2025-07-03T21:04:55.277950,automation.auto_banheiro,on,on,"{""id"": ""1747870075916"", ""last_triggered"": ""2025-07-04T00:04:55.271763+00:00"", ""mode"": ""single"", ""current"": 1, ""friendly_name"": ""auto-banheiro""}"
2025-07-03T21:04:55.279625,automation.auto_banheiro,on,on,"{""id"": ""1747870075916"", ""last_triggered"": ""2025-07-04T00:04:55.271763+00:00"", ""mode"": ""single"", ""current"": 0, ""friendly_name"": ""auto-banheiro""}"
2025-07-03T21:05:00.279371,automation.auto_banheiro,on,on,"{""id"": ""1747870075916"", ""last_triggered"": ""2025-07-04T00:05:00.272320+00:00"", ""mode"": ""single"", ""current"": 1, ""friendly_name"": ""auto-banheiro""}"
2025-07-03T21:05:00.281208,automation.auto_banheiro,on,on,"{""id"": ""1747870075916"", ""last_triggered"": ""2025-07-04T00:05:00.272320+00:00"", ""mode"": ""single"", ""current"": 0, ""friendly_name"": ""auto-banheiro""}"
2025-07-03T21:05:02.714277,sensor.arris_tg1692a_router_download_speed,0.00203240461437442,0.00218119870189475,"{""state_class"": ""measurement"", ""unit_of_measurement"": ""Mbit/s"", ""device_class"": ""data_rate"", ""friendly_name"": ""ARRIS TG1692A Router Download speed""}"
2025-07-03T21:05:02.715978,sensor.arris_tg1692a_router_upload_speed,0.0012825854362557,0.00147448925574961,"{""state_class"": ""measurement"", ""unit_of_measurement"": ""Mbit/s"", ""device_class"": ""data_rate"", ""friendly_name"": ""ARRIS TG1692A Router Upload speed""}"
2025-07-03T21:05:05.282744,automation.auto_banheiro,on,on,"{""id"": ""1747870075916"", ""last_triggered"": ""2025-07-04T00:05:05.272420+00:00"", ""mode"": ""single"", ""current"": 1, ""friendly_name"": ""auto-banheiro""}"
2025-07-03T21:05:05.326360,automation.auto_banheiro,on,on,"{""id"": ""1747870075916"", ""last_triggered"": ""2025-07-04T00:05:05.272420+00:00"", ""mode"": ""single"", ""current"": 0, ""friendly_name"": ""auto-banheiro""}"
2025-07-03T21:05:10.276459,automation.auto_banheiro,on,on,"{""id"": ""1747870075916"", ""last_triggered"": ""2025-07-04T00:05:10.271741+00:00"", ""mode"": ""single"", ""current"": 1, ""friendly_name"": ""auto-banheiro""}"
2025-07-03T21:05:10.277968,automation.auto_banheiro,on,on,"{""id"": ""1747870075916"", ""last_triggered"": ""2025-07-04T00:05:10.271741+00:00"", ""mode"": ""single"", ""current"": 0, ""friendly_name"": ""auto-banheiro""}"
2025-07-03T21:05:15.276357,automation.auto_banheiro,on,on,"{""id"": ""1747870075916"", ""last_triggered"": ""2025-07-04T00:05:15.271151+00:00"", ""mode"": ""single"", ""current"": 1, ""friendly_name"": ""auto-banheiro""}"
2025-07-03T21:05:15.278247,automation.auto_banheiro,on,on,"{""id"": ""1747870075916"", ""last_triggered"": ""2025-07-04T00:05:15.271151+00:00"", ""mode"": ""single"", ""current"": 0, ""friendly_name"": ""auto-banheiro""}"
2025-07-03T21:05:20.277466,automation.auto_banheiro,on,on,"{""id"": ""1747870075916"", ""last_triggered"": ""2025-07-04T00:05:20.271277+00:00"", ""mode"": ""single"", ""current"": 1, ""friendly_name"": ""auto-banheiro""}"
2025-07-03T21:05:20.279688,automation.auto_banheiro,on,on,"{""id"": ""1747870075916"", ""last_triggered"": ""2025-07-04T00:05:20.271277+00:00"", ""mode"": ""single"", ""current"": 0, ""friendly_name"": ""auto-banheiro""}"
2025-07-03T21:05:25.277937,automation.auto_banheiro,on,on,"{""id"": ""1747870075916"", ""last_triggered"": ""2025-07-04T00:05:25.272699+00:00"", ""mode"": ""single"", ""current"": 1, ""friendly_name"": ""auto-banheiro""}"
2025-07-03T21:05:25.279888,automation.auto_banheiro,on,on,"{""id"": ""1747870075916"", ""last_triggered"": ""2025-07-04T00:05:25.272699+00:00"", ""mode"": ""single"", ""current"": 0, ""friendly_name"": ""auto-banheiro""}"
2025-07-03T21:05:30.277560,automation.auto_banheiro,on,on,"{""id"": ""1747870075916"", ""last_triggered"": ""2025-07-04T00:05:30.272669+00:00"", ""mode"": ""single"", ""current"": 1, ""friendly_name"": ""auto-banheiro""}"
2025-07-03T21:05:30.279206,automation.auto_banheiro,on,on,"{""id"": ""1747870075916"", ""last_triggered"": ""2025-07-04T00:05:30.272669+00:00"", ""mode"": ""single"", ""current"": 0, ""friendly_name"": ""auto-banheiro""}"
2025-07-03T21:05:32.723638,sensor.arris_tg1692a_router_download_speed,0.00218119870189475,0.00162959804448235,"{""state_class"": ""measurement"", ""unit_of_measurement"": ""Mbit/s"", ""device_class"": ""data_rate"", ""friendly_name"": ""ARRIS TG1692A Router Download speed""}"
2025-07-03T21:05:32.725254,sensor.arris_tg1692a_router_upload_speed,0.00147448925574961,0.0009031989161613,"{""state_class"": ""measurement"", ""unit_of_measurement"": ""Mbit/s"", ""device_class"": ""data_rate"", ""friendly_name"": ""ARRIS TG1692A Router Upload speed""}"
2025-07-03T21:05:35.276186,automation.auto_banheiro,on,on,"{""id"": ""1747870075916"", ""last_triggered"": ""2025-07-04T00:05:35.271240+00:00"", ""mode"": ""single"", ""current"": 1, ""friendly_name"": ""auto-banheiro""}"
2025-07-03T21:05:35.278173,automation.auto_banheiro,on,on,"{""id"": ""1747870075916"", ""last_triggered"": ""2025-07-04T00:05:35.271240+00:00"", ""mode"": ""single"", ""current"": 0, ""friendly_name"": ""auto-banheiro""}"
2025-07-03T21:05:40.294751,automation.auto_banheiro,on,on,"{""id"": ""1747870075916"", ""last_triggered"": ""2025-07-04T00:05:40.272527+00:00"", ""mode"": ""single"", ""current"": 1, ""friendly_name"": ""auto-banheiro""}"
2025-07-03T21:05:40.298400,automation.auto_banheiro,on,on,"{""id"": ""1747870075916"", ""last_triggered"": ""2025-07-04T00:05:40.272527+00:00"", ""mode"": ""single"", ""current"": 0, ""friendly_name"": ""auto-banheiro""}"
2025-07-03T21:05:45.279454,automation.auto_banheiro,on,on,"{""id"": ""1747870075916"", ""last_triggered"": ""2025-07-04T00:05:45.272058+00:00"", ""mode"": ""single"", ""current"": 1, ""friendly_name"": ""auto-banheiro""}"
2025-07-03T21:05:45.282062,automation.auto_banheiro,on,on,"{""id"": ""1747870075916"", ""last_triggered"": ""2025-07-04T00:05:45.272058+00:00"", ""mode"": ""single"", ""current"": 0, ""friendly_name"": ""auto-banheiro""}"
2025-07-03T21:05:50.287153,automation.auto_banheiro,on,on,"{""id"": ""1747870075916"", ""last_triggered"": ""2025-07-04T00:05:50.273808+00:00"", ""mode"": ""single"", ""current"": 1, ""friendly_name"": ""auto-banheiro""}"
2025-07-03T21:05:50.291663,automation.auto_banheiro,on,on,"{""id"": ""1747870075916"", ""last_triggered"": ""2025-07-04T00:05:50.273808+00:00"", ""mode"": ""single"", ""current"": 0, ""friendly_name"": ""auto-banheiro""}"
2025-07-03T21:05:55.276520,automation.auto_banheiro,on,on,"{""id"": ""1747870075916"", ""last_triggered"": ""2025-07-04T00:05:55.271612+00:00"", ""mode"": ""single"", ""current"": 1, ""friendly_name"": ""auto-banheiro""}"
2025-07-03T21:05:55.278132,automation.auto_banheiro,on,on,"{""id"": ""1747870075916"", ""last_triggered"": ""2025-07-04T00:05:55.271612+00:00"", ""mode"": ""single"", ""current"": 0, ""friendly_name"": ""auto-banheiro""}"
2025-07-03T21:05:56.415561,camera.192_168_0_33,idle,idle,"{""access_token"": ""cd7611a2ac08480056765c06792b24a94805201373a605104648516d25aec766"", ""entity_picture"": ""/api/camera_proxy/camera.192_168_0_33?token=cd7611a2ac08480056765c06792b24a94805201373a605104648516d25aec766"", ""friendly_name"": ""192_168_0_14"", ""supported_features"": 2}"
2025-07-03T21:05:56.417169,camera.admin_mainstream,idle,idle,"{""access_token"": ""1b2fa630aaa4489249f08b60b18833591fde02680485ee67bb5d6b068109e63a"", ""entity_picture"": ""/api/camera_proxy/camera.admin_mainstream?token=1b2fa630aaa4489249f08b60b18833591fde02680485ee67bb5d6b068109e63a"", ""friendly_name"": ""admin MainStream"", ""supported_features"": 2}"
2025-07-03T21:05:56.418537,camera.admin_substream,idle,idle,"{""access_token"": ""53b51bbcd593fac8dcc781e18b0f79e087e811822a9a6838235ad3fa3ac68ba"", ""entity_picture"": ""/api/camera_proxy/camera.admin_substream?token=53b51bbcd593fac8dcc781e18b0f79e087e811822a9a6838235ad3fa3ac68ba"", ""friendly_name"": ""admin SubStream"", ""supported_features"": 2}"
2025-07-03T21:06:00.282492,automation.auto_banheiro,on,on,"{""id"": ""1747870075916"", ""last_triggered"": ""2025-07-04T00:06:00.271801+00:00"", ""mode"": ""single"", ""current"": 1, ""friendly_name"": ""auto-banheiro""}"
2025-07-03T21:06:00.286175,automation.auto_banheiro,on,on,"{""id"": ""1747870075916"", ""last_triggered"": ""2025-07-04T00:06:00.271801+00:00"", ""mode"": ""single"", ""current"": 0, ""friendly_name"": ""auto-banheiro""}"
2025-07-03T21:06:02.720208,sensor.arris_tg1692a_router_download_speed,0.00162959804448235,0.00226132685086303,"{""state_class"": ""measurement"", ""unit_of_measurement"": ""Mbit/s"", ""device_class"": ""data_rate"", ""friendly_name"": ""ARRIS TG1692A Router Download speed""}"
2025-07-03T21:06:02.722047,sensor.arris_tg1692a_router_upload_speed,0.0009031989161613,0.00194266109770485,"{""state_class"": ""measurement"", ""unit_of_measurement"": ""Mbit/s"", ""device_class"": ""data_rate"", ""friendly_name"": ""ARRIS TG1692A Router Upload speed""}"
2025-07-03T21:06:05.288573,automation.auto_banheiro,on,on,"{""id"": ""1747870075916"", ""last_triggered"": ""2025-07-04T00:06:05.272612+00:00"", ""mode"": ""single"", ""current"": 1, ""friendly_name"": ""auto-banheiro""}"
2025-07-03T21:06:05.292670,automation.auto_banheiro,on,on,"{""id"": ""1747870075916"", ""last_triggered"": ""2025-07-04T00:06:05.272612+00:00"", ""mode"": ""single"", ""current"": 0, ""friendly_name"": ""auto-banheiro""}"
2025-07-03T21:06:10.284684,automation.auto_banheiro,on,on,"{""id"": ""1747870075916"", ""last_triggered"": ""2025-07-04T00:06:10.272784+00:00"", ""mode"": ""single"", ""current"": 1, ""friendly_name"": ""auto-banheiro""}"
2025-07-03T21:06:10.288151,automation.auto_banheiro,on,on,"{""id"": ""1747870075916"", ""last_triggered"": ""2025-07-04T00:06:10.272784+00:00"", ""mode"": ""single"", ""current"": 0, ""friendly_name"": ""auto-banheiro""}"
2025-07-03T21:06:15.276607,automation.auto_banheiro,on,on,"{""id"": ""1747870075916"", ""last_triggered"": ""2025-07-04T00:06:15.271780+00:00"", ""mode"": ""single"", ""current"": 1, ""friendly_name"": ""auto-banheiro""}"
2025-07-03T21:06:15.278240,automation.auto_banheiro,on,on,"{""id"": ""1747870075916"", ""last_triggered"": ""2025-07-04T00:06:15.271780+00:00"", ""mode"": ""single"", ""current"": 0, ""friendly_name"": ""auto-banheiro""}"
2025-07-03T21:06:20.276200,automation.auto_banheiro,on,on,"{""id"": ""1747870075916"", ""last_triggered"": ""2025-07-04T00:06:20.271179+00:00"", ""mode"": ""single"", ""current"": 1, ""friendly_name"": ""auto-banheiro""}"
2025-07-03T21:06:20.277837,automation.auto_banheiro,on,on,"{""id"": ""1747870075916"", ""last_triggered"": ""2025-07-04T00:06:20.271179+00:00"", ""mode"": ""single"", ""current"": 0, ""friendly_name"": ""auto-banheiro""}"
2025-07-03T21:06:25.277156,automation.auto_banheiro,on,on,"{""id"": ""1747870075916"", ""last_triggered"": ""2025-07-04T00:06:25.271801+00:00"", ""mode"": ""single"", ""current"": 1, ""friendly_name"": ""auto-banheiro""}"
2025-07-03T21:06:25.278594,automation.auto_banheiro,on,on,"{""id"": ""1747870075916"", ""last_triggered"": ""2025-07-04T00:06:25.271801+00:00"", ""mode"": ""single"", ""current"": 0, ""friendly_name"": ""auto-banheiro""}"
2025-07-03T21:06:30.288920,automation.auto_banheiro,on,on,"{""id"": ""1747870075916"", ""last_triggered"": ""2025-07-04T00:06:30.272663+00:00"", ""mode"": ""single"", ""current"": 1, ""friendly_name"": ""auto-banheiro""}"
2025-07-03T21:06:30.293555,automation.auto_banheiro,on,on,"{""id"": ""1747870075916"", ""last_triggered"": ""2025-07-04T00:06:30.272663+00:00"", ""mode"": ""single"", ""current"": 0, ""friendly_name"": ""auto-banheiro""}"
2025-07-03T21:06:32.725313,sensor.arris_tg1692a_router_download_speed,0.00226132685086303,0.00252179269408097,"{""state_class"": ""measurement"", ""unit_of_measurement"": ""Mbit/s"", ""device_class"": ""data_rate"", ""friendly_name"": ""ARRIS TG1692A Router Download speed""}"
2025-07-03T21:06:32.728903,sensor.arris_tg1692a_router_upload_speed,0.00194266109770485,0.00120849788406207,"{""state_class"": ""measurement"", ""unit_of_measurement"": ""Mbit/s"", ""device_class"": ""data_rate"", ""friendly_name"": ""ARRIS TG1692A Router Upload speed""}"
2025-07-03T21:06:35.290633,automation.auto_banheiro,on,on,"{""id"": ""1747870075916"", ""last_triggered"": ""2025-07-04T00:06:35.271716+00:00"", ""mode"": ""single"", ""current"": 1, ""friendly_name"": ""auto-banheiro""}"
2025-07-03T21:06:35.292408,automation.auto_banheiro,on,on,"{""id"": ""1747870075916"", ""last_triggered"": ""2025-07-04T00:06:35.271716+00:00"", ""mode"": ""single"", ""current"": 0, ""friendly_name"": ""auto-banheiro""}"
2025-07-03T21:06:40.278682,automation.auto_banheiro,on,on,"{""id"": ""1747870075916"", ""last_triggered"": ""2025-07-04T00:06:40.271083+00:00"", ""mode"": ""single"", ""current"": 1, ""friendly_name"": ""auto-banheiro""}"
2025-07-03T21:06:40.280439,automation.auto_banheiro,on,on,"{""id"": ""1747870075916"", ""last_triggered"": ""2025-07-04T00:06:40.271083+00:00"", ""mode"": ""single"", ""current"": 0, ""friendly_name"": ""auto-banheiro""}"
2025-07-03T21:06:45.276026,automation.auto_banheiro,on,on,"{""id"": ""1747870075916"", ""last_triggered"": ""2025-07-04T00:06:45.271199+00:00"", ""mode"": ""single"", ""current"": 1, ""friendly_name"": ""auto-banheiro""}"
2025-07-03T21:06:45.277789,automation.auto_banheiro,on,on,"{""id"": ""1747870075916"", ""last_triggered"": ""2025-07-04T00:06:45.271199+00:00"", ""mode"": ""single"", ""current"": 0, ""friendly_name"": ""auto-banheiro""}"
2025-07-03T21:06:50.284774,automation.auto_banheiro,on,on,"{""id"": ""1747870075916"", ""last_triggered"": ""2025-07-04T00:06:50.272472+00:00"", ""mode"": ""single"", ""current"": 1, ""friendly_name"": ""auto-banheiro""}"
2025-07-03T21:06:50.289197,automation.auto_banheiro,on,on,"{""id"": ""1747870075916"", ""last_triggered"": ""2025-07-04T00:06:50.272472+00:00"", ""mode"": ""single"", ""current"": 0, ""friendly_name"": ""auto-banheiro""}"
2025-07-03T21:06:55.276469,automation.auto_banheiro,on,on,"{""id"": ""1747870075916"", ""last_triggered"": ""2025-07-04T00:06:55.271575+00:00"", ""mode"": ""single"", ""current"": 1, ""friendly_name"": ""auto-banheiro""}"
2025-07-03T21:06:55.278100,automation.auto_banheiro,on,on,"{""id"": ""1747870075916"", ""last_triggered"": ""2025-07-04T00:06:55.271575+00:00"", ""mode"": ""single"", ""current"": 0, ""friendly_name"": ""auto-banheiro""}"
2025-07-03T21:07:00.281143,automation.auto_banheiro,on,on,"{""id"": ""1747870075916"", ""last_triggered"": ""2025-07-04T00:07:00.272716+00:00"", ""mode"": ""single"", ""current"": 1, ""friendly_name"": ""auto-banheiro""}"
2025-07-03T21:07:00.287610,automation.auto_banheiro,on,on,"{""id"": ""1747870075916"", ""last_triggered"": ""2025-07-04T00:07:00.272716+00:00"", ""mode"": ""single"", ""current"": 0, ""friendly_name"": ""auto-banheiro""}"
2025-07-03T21:07:02.732657,sensor.arris_tg1692a_router_download_speed,0.00252179269408097,0.00224134909748865,"{""state_class"": ""measurement"", ""unit_of_measurement"": ""Mbit/s"", ""device_class"": ""data_rate"", ""friendly_name"": ""ARRIS TG1692A Router Download speed""}"
2025-07-03T21:07:02.734238,sensor.arris_tg1692a_router_upload_speed,0.00120849788406207,0.00200108074093454,"{""state_class"": ""measurement"", ""unit_of_measurement"": ""Mbit/s"", ""device_class"": ""data_rate"", ""friendly_name"": ""ARRIS TG1692A Router Upload speed""}"
2025-07-03T21:07:05.296793,automation.auto_banheiro,on,on,"{""id"": ""1747870075916"", ""last_triggered"": ""2025-07-04T00:07:05.273027+00:00"", ""mode"": ""single"", ""current"": 1, ""friendly_name"": ""auto-banheiro""}"
2025-07-03T21:07:05.298581,automation.auto_banheiro,on,on,"{""id"": ""1747870075916"", ""last_triggered"": ""2025-07-04T00:07:05.273027+00:00"", ""mode"": ""single"", ""current"": 0, ""friendly_name"": ""auto-banheiro""}"
2025-07-03T21:07:10.276669,automation.auto_banheiro,on,on,"{""id"": ""1747870075916"", ""last_triggered"": ""2025-07-04T00:07:10.271950+00:00"", ""mode"": ""single"", ""current"": 1, ""friendly_name"": ""auto-banheiro""}"
2025-07-03T21:07:10.279157,automation.auto_banheiro,on,on,"{""id"": ""1747870075916"", ""last_triggered"": ""2025-07-04T00:07:10.271950+00:00"", ""mode"": ""single"", ""current"": 0, ""friendly_name"": ""auto-banheiro""}"
2025-07-03T21:07:15.279671,automation.auto_banheiro,on,on,"{""id"": ""1747870075916"", ""last_triggered"": ""2025-07-04T00:07:15.271373+00:00"", ""mode"": ""single"", ""current"": 1, ""friendly_name"": ""auto-banheiro""}"
2025-07-03T21:07:15.282946,automation.auto_banheiro,on,on,"{""id"": ""1747870075916"", ""last_triggered"": ""2025-07-04T00:07:15.271373+00:00"", ""mode"": ""single"", ""current"": 0, ""friendly_name"": ""auto-banheiro""}"
2025-07-03T21:07:20.283785,automation.auto_banheiro,on,on,"{""id"": ""1747870075916"", ""last_triggered"": ""2025-07-04T00:07:20.271986+00:00"", ""mode"": ""single"", ""current"": 1, ""friendly_name"": ""auto-banheiro""}"
2025-07-03T21:07:20.287076,automation.auto_banheiro,on,on,"{""id"": ""1747870075916"", ""last_triggered"": ""2025-07-04T00:07:20.271986+00:00"", ""mode"": ""single"", ""current"": 0, ""friendly_name"": ""auto-banheiro""}"
2025-07-03T21:07:25.277156,automation.auto_banheiro,on,on,"{""id"": ""1747870075916"", ""last_triggered"": ""2025-07-04T00:07:25.271763+00:00"", ""mode"": ""single"", ""current"": 1, ""friendly_name"": ""auto-banheiro""}"
2025-07-03T21:07:25.279028,automation.auto_banheiro,on,on,"{""id"": ""1747870075916"", ""last_triggered"": ""2025-07-04T00:07:25.271763+00:00"", ""mode"": ""single"", ""current"": 0, ""friendly_name"": ""auto-banheiro""}"
2025-07-03T21:07:30.277234,automation.auto_banheiro,on,on,"{""id"": ""1747870075916"", ""last_triggered"": ""2025-07-04T00:07:30.271820+00:00"", ""mode"": ""single"", ""current"": 1, ""friendly_name"": ""auto-banheiro""}"
2025-07-03T21:07:30.278673,automation.auto_banheiro,on,on,"{""id"": ""1747870075916"", ""last_triggered"": ""2025-07-04T00:07:30.271820+00:00"", ""mode"": ""single"", ""current"": 0, ""friendly_name"": ""auto-banheiro""}"
2025-07-03T21:07:32.772069,sensor.arris_tg1692a_router_download_speed,0.00224134909748865,0.00133172494346619,"{""state_class"": ""measurement"", ""unit_of_measurement"": ""Mbit/s"", ""device_class"": ""data_rate"", ""friendly_name"": ""ARRIS TG1692A Router Download speed""}"
2025-07-03T21:07:32.776240,sensor.arris_tg1692a_router_upload_speed,0.00200108074093454,0.000965860581745002,"{""state_class"": ""measurement"", ""unit_of_measurement"": ""Mbit/s"", ""device_class"": ""data_rate"", ""friendly_name"": ""ARRIS TG1692A Router Upload speed""}"
2025-07-03T21:07:35.276805,automation.auto_banheiro,on,on,"{""id"": ""1747870075916"", ""last_triggered"": ""2025-07-04T00:07:35.272116+00:00"", ""mode"": ""single"", ""current"": 1, ""friendly_name"": ""auto-banheiro""}"
2025-07-03T21:07:35.278386,automation.auto_banheiro,on,on,"{""id"": ""1747870075916"", ""last_triggered"": ""2025-07-04T00:07:35.272116+00:00"", ""mode"": ""single"", ""current"": 0, ""friendly_name"": ""auto-banheiro""}"
2025-07-03T21:07:40.276826,automation.auto_banheiro,on,on,"{""id"": ""1747870075916"", ""last_triggered"": ""2025-07-04T00:07:40.272083+00:00"", ""mode"": ""single"", ""current"": 1, ""friendly_name"": ""auto-banheiro""}"
2025-07-03T21:07:40.278500,automation.auto_banheiro,on,on,"{""id"": ""1747870075916"", ""last_triggered"": ""2025-07-04T00:07:40.272083+00:00"", ""mode"": ""single"", ""current"": 0, ""friendly_name"": ""auto-banheiro""}"
2025-07-03T21:07:45.297599,automation.auto_banheiro,on,on,"{""id"": ""1747870075916"", ""last_triggered"": ""2025-07-04T00:07:45.274220+00:00"", ""mode"": ""single"", ""current"": 1, ""friendly_name"": ""auto-banheiro""}"
2025-07-03T21:07:45.304229,automation.auto_banheiro,on,on,"{""id"": ""1747870075916"", ""last_triggered"": ""2025-07-04T00:07:45.274220+00:00"", ""mode"": ""single"", ""current"": 0, ""friendly_name"": ""auto-banheiro""}"
2025-07-03T21:07:50.277001,automation.auto_banheiro,on,on,"{""id"": ""1747870075916"", ""last_triggered"": ""2025-07-04T00:07:50.271352+00:00"", ""mode"": ""single"", ""current"": 1, ""friendly_name"": ""auto-banheiro""}"
2025-07-03T21:07:50.278668,automation.auto_banheiro,on,on,"{""id"": ""1747870075916"", ""last_triggered"": ""2025-07-04T00:07:50.271352+00:00"", ""mode"": ""single"", ""current"": 0, ""friendly_name"": ""auto-banheiro""}"
2025-07-03T21:07:55.287239,automation.auto_banheiro,on,on,"{""id"": ""1747870075916"", ""last_triggered"": ""2025-07-04T00:07:55.272605+00:00"", ""mode"": ""single"", ""current"": 1, ""friendly_name"": ""auto-banheiro""}"
2025-07-03T21:07:55.290601,automation.auto_banheiro,on,on,"{""id"": ""1747870075916"", ""last_triggered"": ""2025-07-04T00:07:55.272605+00:00"", ""mode"": ""single"", ""current"": 0, ""friendly_name"": ""auto-banheiro""}"
2025-07-03T21:08:00.279756,automation.auto_banheiro,on,on,"{""id"": ""1747870075916"", ""last_triggered"": ""2025-07-04T00:08:00.272238+00:00"", ""mode"": ""single"", ""current"": 1, ""friendly_name"": ""auto-banheiro""}"
2025-07-03T21:08:00.282297,automation.auto_banheiro,on,on,"{""id"": ""1747870075916"", ""last_triggered"": ""2025-07-04T00:08:00.272238+00:00"", ""mode"": ""single"", ""current"": 0, ""friendly_name"": ""auto-banheiro""}"
2025-07-03T21:08:02.720370,sensor.arris_tg1692a_router_download_speed,0.00133172494346619,0.0019720179453633,"{""state_class"": ""measurement"", ""unit_of_measurement"": ""Mbit/s"", ""device_class"": ""data_rate"", ""friendly_name"": ""ARRIS TG1692A Router Download speed""}"
2025-07-03T21:08:02.722052,sensor.arris_tg1692a_router_upload_speed,0.000965860581745002,0.00179228297644175,"{""state_class"": ""measurement"", ""unit_of_measurement"": ""Mbit/s"", ""device_class"": ""data_rate"", ""friendly_name"": ""ARRIS TG1692A Router Upload speed""}"
2025-07-03T21:08:05.281411,automation.auto_banheiro,on,on,"{""id"": ""1747870075916"", ""last_triggered"": ""2025-07-04T00:08:05.271390+00:00"", ""mode"": ""single"", ""current"": 1, ""friendly_name"": ""auto-banheiro""}"
2025-07-03T21:08:05.283057,automation.auto_banheiro,on,on,"{""id"": ""1747870075916"", ""last_triggered"": ""2025-07-04T00:08:05.271390+00:00"", ""mode"": ""single"", ""current"": 0, ""friendly_name"": ""auto-banheiro""}"
2025-07-03T21:08:10.277737,automation.auto_banheiro,on,on,"{""id"": ""1747870075916"", ""last_triggered"": ""2025-07-04T00:08:10.272122+00:00"", ""mode"": ""single"", ""current"": 1, ""friendly_name"": ""auto-banheiro""}"
2025-07-03T21:08:10.283703,automation.auto_banheiro,on,on,"{""id"": ""1747870075916"", ""last_triggered"": ""2025-07-04T00:08:10.272122+00:00"", ""mode"": ""single"", ""current"": 0, ""friendly_name"": ""auto-banheiro""}"
2025-07-03T21:08:15.276128,automation.auto_banheiro,on,on,"{""id"": ""1747870075916"", ""last_triggered"": ""2025-07-04T00:08:15.271266+00:00"", ""mode"": ""single"", ""current"": 1, ""friendly_name"": ""auto-banheiro""}"
2025-07-03T21:08:15.277746,automation.auto_banheiro,on,on,"{""id"": ""1747870075916"", ""last_triggered"": ""2025-07-04T00:08:15.271266+00:00"", ""mode"": ""single"", ""current"": 0, ""friendly_name"": ""auto-banheiro""}"
2025-07-03T21:08:20.288830,automation.auto_banheiro,on,on,"{""id"": ""1747870075916"", ""last_triggered"": ""2025-07-04T00:08:20.272644+00:00"", ""mode"": ""single"", ""current"": 1, ""friendly_name"": ""auto-banheiro""}"
2025-07-03T21:08:20.292818,automation.auto_banheiro,on,on,"{""id"": ""1747870075916"", ""last_triggered"": ""2025-07-04T00:08:20.272644+00:00"", ""mode"": ""single"", ""current"": 0, ""friendly_name"": ""auto-banheiro""}"
2025-07-03T21:08:25.276948,automation.auto_banheiro,on,on,"{""id"": ""1747870075916"", ""last_triggered"": ""2025-07-04T00:08:25.272120+00:00"", ""mode"": ""single"", ""current"": 1, ""friendly_name"": ""auto-banheiro""}"
2025-07-03T21:08:25.278559,automation.auto_banheiro,on,on,"{""id"": ""1747870075916"", ""last_triggered"": ""2025-07-04T00:08:25.272120+00:00"", ""mode"": ""single"", ""current"": 0, ""friendly_name"": ""auto-banheiro""}"
2025-07-03T21:08:30.277672,automation.auto_banheiro,on,on,"{""id"": ""1747870075916"", ""last_triggered"": ""2025-07-04T00:08:30.272068+00:00"", ""mode"": ""single"", ""current"": 1, ""friendly_name"": ""auto-banheiro""}"
2025-07-03T21:08:30.279406,automation.auto_banheiro,on,on,"{""id"": ""1747870075916"", ""last_triggered"": ""2025-07-04T00:08:30.272068+00:00"", ""mode"": ""single"", ""current"": 0, ""friendly_name"": ""auto-banheiro""}"
2025-07-03T21:08:32.719460,sensor.arris_tg1692a_router_download_speed,0.0019720179453633,0.0014472386895143,"{""state_class"": ""measurement"", ""unit_of_measurement"": ""Mbit/s"", ""device_class"": ""data_rate"", ""friendly_name"": ""ARRIS TG1692A Router Download speed""}"
2025-07-03T21:08:32.721127,sensor.arris_tg1692a_router_upload_speed,0.00179228297644175,0.000959225643298864,"{""state_class"": ""measurement"", ""unit_of_measurement"": ""Mbit/s"", ""device_class"": ""data_rate"", ""friendly_name"": ""ARRIS TG1692A Router Upload speed""}"
2025-07-03T21:08:35.277695,automation.auto_banheiro,on,on,"{""id"": ""1747870075916"", ""last_triggered"": ""2025-07-04T00:08:35.271355+00:00"", ""mode"": ""single"", ""current"": 1, ""friendly_name"": ""auto-banheiro""}"
2025-07-03T21:08:35.279257,automation.auto_banheiro,on,on,"{""id"": ""1747870075916"", ""last_triggered"": ""2025-07-04T00:08:35.271355+00:00"", ""mode"": ""single"", ""current"": 0, ""friendly_name"": ""auto-banheiro""}"
2025-07-03T21:08:40.282017,automation.auto_banheiro,on,on,"{""id"": ""1747870075916"", ""last_triggered"": ""2025-07-04T00:08:40.271271+00:00"", ""mode"": ""single"", ""current"": 1, ""friendly_name"": ""auto-banheiro""}"
2025-07-03T21:08:40.283602,automation.auto_banheiro,on,on,"{""id"": ""1747870075916"", ""last_triggered"": ""2025-07-04T00:08:40.271271+00:00"", ""mode"": ""single"", ""current"": 0, ""friendly_name"": ""auto-banheiro""}"
2025-07-03T21:08:45.277579,automation.auto_banheiro,on,on,"{""id"": ""1747870075916"", ""last_triggered"": ""2025-07-04T00:08:45.271518+00:00"", ""mode"": ""single"", ""current"": 1, ""friendly_name"": ""auto-banheiro""}"
2025-07-03T21:08:45.279177,automation.auto_banheiro,on,on,"{""id"": ""1747870075916"", ""last_triggered"": ""2025-07-04T00:08:45.271518+00:00"", ""mode"": ""single"", ""current"": 0, ""friendly_name"": ""auto-banheiro""}"
2025-07-03T21:08:50.284043,automation.auto_banheiro,on,on,"{""id"": ""1747870075916"", ""last_triggered"": ""2025-07-04T00:08:50.272827+00:00"", ""mode"": ""single"", ""current"": 1, ""friendly_name"": ""auto-banheiro""}"
2025-07-03T21:08:50.287601,automation.auto_banheiro,on,on,"{""id"": ""1747870075916"", ""last_triggered"": ""2025-07-04T00:08:50.272827+00:00"", ""mode"": ""single"", ""current"": 0, ""friendly_name"": ""auto-banheiro""}"
2025-07-03T21:08:55.276371,automation.auto_banheiro,on,on,"{""id"": ""1747870075916"", ""last_triggered"": ""2025-07-04T00:08:55.271516+00:00"", ""mode"": ""single"", ""current"": 1, ""friendly_name"": ""auto-banheiro""}"
2025-07-03T21:08:55.278034,automation.auto_banheiro,on,on,"{""id"": ""1747870075916"", ""last_triggered"": ""2025-07-04T00:08:55.271516+00:00"", ""mode"": ""single"", ""current"": 0, ""friendly_name"": ""auto-banheiro""}"
2025-07-03T21:09:00.293529,automation.auto_banheiro,on,on,"{""id"": ""1747870075916"", ""last_triggered"": ""2025-07-04T00:09:00.272344+00:00"", ""mode"": ""single"", ""current"": 1, ""friendly_name"": ""auto-banheiro""}"
2025-07-03T21:09:00.298309,automation.auto_banheiro,on,on,"{""id"": ""1747870075916"", ""last_triggered"": ""2025-07-04T00:09:00.272344+00:00"", ""mode"": ""single"", ""current"": 0, ""friendly_name"": ""auto-banheiro""}"
2025-07-03T21:09:02.726527,sensor.arris_tg1692a_router_download_speed,0.0014472386895143,0.00206129581774945,"{""state_class"": ""measurement"", ""unit_of_measurement"": ""Mbit/s"", ""device_class"": ""data_rate"", ""friendly_name"": ""ARRIS TG1692A Router Download speed""}"
2025-07-03T21:09:02.747446,sensor.arris_tg1692a_router_upload_speed,0.000959225643298864,0.00153117213266719,"{""state_class"": ""measurement"", ""unit_of_measurement"": ""Mbit/s"", ""device_class"": ""data_rate"", ""friendly_name"": ""ARRIS TG1692A Router Upload speed""}"
2025-07-03T21:09:05.276330,automation.auto_banheiro,on,on,"{""id"": ""1747870075916"", ""last_triggered"": ""2025-07-04T00:09:05.271475+00:00"", ""mode"": ""single"", ""current"": 1, ""friendly_name"": ""auto-banheiro""}"
2025-07-03T21:09:05.277908,automation.auto_banheiro,on,on,"{""id"": ""1747870075916"", ""last_triggered"": ""2025-07-04T00:09:05.271475+00:00"", ""mode"": ""single"", ""current"": 0, ""friendly_name"": ""auto-banheiro""}"
2025-07-03T21:09:10.276866,automation.auto_banheiro,on,on,"{""id"": ""1747870075916"", ""last_triggered"": ""2025-07-04T00:09:10.271960+00:00"", ""mode"": ""single"", ""current"": 1, ""friendly_name"": ""auto-banheiro""}"
2025-07-03T21:09:10.278545,automation.auto_banheiro,on,on,"{""id"": ""1747870075916"", ""last_triggered"": ""2025-07-04T00:09:10.271960+00:00"", ""mode"": ""single"", ""current"": 0, ""friendly_name"": ""auto-banheiro""}"
2025-07-03T21:09:15.282187,automation.auto_banheiro,on,on,"{""id"": ""1747870075916"", ""last_triggered"": ""2025-07-04T00:09:15.271779+00:00"", ""mode"": ""single"", ""current"": 1, ""friendly_name"": ""auto-banheiro""}"
2025-07-03T21:09:15.285003,automation.auto_banheiro,on,on,"{""id"": ""1747870075916"", ""last_triggered"": ""2025-07-04T00:09:15.271779+00:00"", ""mode"": ""single"", ""current"": 0, ""friendly_name"": ""auto-banheiro""}"
2025-07-03T21:09:20.282837,automation.auto_banheiro,on,on,"{""id"": ""1747870075916"", ""last_triggered"": ""2025-07-04T00:09:20.271362+00:00"", ""mode"": ""single"", ""current"": 1, ""friendly_name"": ""auto-banheiro""}"
2025-07-03T21:09:20.284456,automation.auto_banheiro,on,on,"{""id"": ""1747870075916"", ""last_triggered"": ""2025-07-04T00:09:20.271362+00:00"", ""mode"": ""single"", ""current"": 0, ""friendly_name"": ""auto-banheiro""}"
2025-07-03T21:09:25.290251,automation.auto_banheiro,on,on,"{""id"": ""1747870075916"", ""last_triggered"": ""2025-07-04T00:09:25.273667+00:00"", ""mode"": ""single"", ""current"": 1, ""friendly_name"": ""auto-banheiro""}"
2025-07-03T21:09:25.293649,automation.auto_banheiro,on,on,"{""id"": ""1747870075916"", ""last_triggered"": ""2025-07-04T00:09:25.273667+00:00"", ""mode"": ""single"", ""current"": 0, ""friendly_name"": ""auto-banheiro""}"
2025-07-03T21:09:30.276851,automation.auto_banheiro,on,on,"{""id"": ""1747870075916"", ""last_triggered"": ""2025-07-04T00:09:30.272026+00:00"", ""mode"": ""single"", ""current"": 1, ""friendly_name"": ""auto-banheiro""}"
2025-07-03T21:09:30.278688,automation.auto_banheiro,on,on,"{""id"": ""1747870075916"", ""last_triggered"": ""2025-07-04T00:09:30.272026+00:00"", ""mode"": ""single"", ""current"": 0, ""friendly_name"": ""auto-banheiro""}"
2025-07-03T21:09:32.721572,sensor.arris_tg1692a_router_download_speed,0.00206129581774945,0.00163867617098846,"{""state_class"": ""measurement"", ""unit_of_measurement"": ""Mbit/s"", ""device_class"": ""data_rate"", ""friendly_name"": ""ARRIS TG1692A Router Download speed""}"
2025-07-03T21:09:32.723187,sensor.arris_tg1692a_router_upload_speed,0.00153117213266719,0.00129520751220357,"{""state_class"": ""measurement"", ""unit_of_measurement"": ""Mbit/s"", ""device_class"": ""data_rate"", ""friendly_name"": ""ARRIS TG1692A Router Upload speed""}"
2025-07-03T21:09:35.276568,automation.auto_banheiro,on,on,"{""id"": ""1747870075916"", ""last_triggered"": ""2025-07-04T00:09:35.271791+00:00"", ""mode"": ""single"", ""current"": 1, ""friendly_name"": ""auto-banheiro""}"
2025-07-03T21:09:35.278187,automation.auto_banheiro,on,on,"{""id"": ""1747870075916"", ""last_triggered"": ""2025-07-04T00:09:35.271791+00:00"", ""mode"": ""single"", ""current"": 0, ""friendly_name"": ""auto-banheiro""}"
2025-07-03T21:09:40.279875,automation.auto_banheiro,on,on,"{""id"": ""1747870075916"", ""last_triggered"": ""2025-07-04T00:09:40.271931+00:00"", ""mode"": ""single"", ""current"": 1, ""friendly_name"": ""auto-banheiro""}"
2025-07-03T21:09:40.281880,automation.auto_banheiro,on,on,"{""id"": ""1747870075916"", ""last_triggered"": ""2025-07-04T00:09:40.271931+00:00"", ""mode"": ""single"", ""current"": 0, ""friendly_name"": ""auto-banheiro""}"
2025-07-03T21:09:45.282258,automation.auto_banheiro,on,on,"{""id"": ""1747870075916"", ""last_triggered"": ""2025-07-04T00:09:45.272479+00:00"", ""mode"": ""single"", ""current"": 1, ""friendly_name"": ""auto-banheiro""}"
2025-07-03T21:09:45.285108,automation.auto_banheiro,on,on,"{""id"": ""1747870075916"", ""last_triggered"": ""2025-07-04T00:09:45.272479+00:00"", ""mode"": ""single"", ""current"": 0, ""friendly_name"": ""auto-banheiro""}"
2025-07-03T21:09:50.277607,automation.auto_banheiro,on,on,"{""id"": ""1747870075916"", ""last_triggered"": ""2025-07-04T00:09:50.271754+00:00"", ""mode"": ""single"", ""current"": 1, ""friendly_name"": ""auto-banheiro""}"
2025-07-03T21:09:50.279089,automation.auto_banheiro,on,on,"{""id"": ""1747870075916"", ""last_triggered"": ""2025-07-04T00:09:50.271754+00:00"", ""mode"": ""single"", ""current"": 0, ""friendly_name"": ""auto-banheiro""}"
2025-07-03T21:09:55.276227,automation.auto_banheiro,on,on,"{""id"": ""1747870075916"", ""last_triggered"": ""2025-07-04T00:09:55.271440+00:00"", ""mode"": ""single"", ""current"": 1, ""friendly_name"": ""auto-banheiro""}"
2025-07-03T21:09:55.277877,automation.auto_banheiro,on,on,"{""id"": ""1747870075916"", ""last_triggered"": ""2025-07-04T00:09:55.271440+00:00"", ""mode"": ""single"", ""current"": 0, ""friendly_name"": ""auto-banheiro""}"
2025-07-03T21:10:00.206395,automation.automacao_cortina,on,on,"{""id"": ""1747703519499"", ""last_triggered"": ""2025-07-04T00:10:00.196037+00:00"", ""mode"": ""single"", ""current"": 1, ""friendly_name"": ""automacao-cortina""}"
2025-07-03T21:10:00.208313,automation.automacao_cortina,on,on,"{""id"": ""1747703519499"", ""last_triggered"": ""2025-07-04T00:10:00.196037+00:00"", ""mode"": ""single"", ""current"": 0, ""friendly_name"": ""automacao-cortina""}"
2025-07-03T21:10:00.277236,automation.auto_banheiro,on,on,"{""id"": ""1747870075916"", ""last_triggered"": ""2025-07-04T00:10:00.271669+00:00"", ""mode"": ""single"", ""current"": 1, ""friendly_name"": ""auto-banheiro""}"
2025-07-03T21:10:00.279087,automation.auto_banheiro,on,on,"{""id"": ""1747870075916"", ""last_triggered"": ""2025-07-04T00:10:00.271669+00:00"", ""mode"": ""single"", ""current"": 0, ""friendly_name"": ""auto-banheiro""}"
2025-07-03T21:10:02.723287,sensor.arris_tg1692a_router_download_speed,0.00163867617098846,0.0019559279566536,"{""state_class"": ""measurement"", ""unit_of_measurement"": ""Mbit/s"", ""device_class"": ""data_rate"", ""friendly_name"": ""ARRIS TG1692A Router Download speed""}"
2025-07-03T21:10:02.727177,sensor.arris_tg1692a_router_upload_speed,0.00129520751220357,0.00176980147897886,"{""state_class"": ""measurement"", ""unit_of_measurement"": ""Mbit/s"", ""device_class"": ""data_rate"", ""friendly_name"": ""ARRIS TG1692A Router Upload speed""}"
2025-07-03T21:10:05.297000,automation.auto_banheiro,on,on,"{""id"": ""1747870075916"", ""last_triggered"": ""2025-07-04T00:10:05.271909+00:00"", ""mode"": ""single"", ""current"": 1, ""friendly_name"": ""auto-banheiro""}"
2025-07-03T21:10:05.300760,automation.auto_banheiro,on,on,"{""id"": ""1747870075916"", ""last_triggered"": ""2025-07-04T00:10:05.271909+00:00"", ""mode"": ""single"", ""current"": 0, ""friendly_name"": ""auto-banheiro""}"
2025-07-03T21:10:10.276787,automation.auto_banheiro,on,on,"{""id"": ""1747870075916"", ""last_triggered"": ""2025-07-04T00:10:10.272020+00:00"", ""mode"": ""single"", ""current"": 1, ""friendly_name"": ""auto-banheiro""}"
2025-07-03T21:10:10.278419,automation.auto_banheiro,on,on,"{""id"": ""1747870075916"", ""last_triggered"": ""2025-07-04T00:10:10.272020+00:00"", ""mode"": ""single"", ""current"": 0, ""friendly_name"": ""auto-banheiro""}"
2025-07-03T21:10:15.281609,automation.auto_banheiro,on,on,"{""id"": ""1747870075916"", ""last_triggered"": ""2025-07-04T00:10:15.272135+00:00"", ""mode"": ""single"", ""current"": 1, ""friendly_name"": ""auto-banheiro""}"
2025-07-03T21:10:15.284919,automation.auto_banheiro,on,on,"{""id"": ""1747870075916"", ""last_triggered"": ""2025-07-04T00:10:15.272135+00:00"", ""mode"": ""single"", ""current"": 0, ""friendly_name"": ""auto-banheiro""}"
2025-07-03T21:10:20.276149,automation.auto_banheiro,on,on,"{""id"": ""1747870075916"", ""last_triggered"": ""2025-07-04T00:10:20.271360+00:00"", ""mode"": ""single"", ""current"": 1, ""friendly_name"": ""auto-banheiro""}"
2025-07-03T21:10:20.277782,automation.auto_banheiro,on,on,"{""id"": ""1747870075916"", ""last_triggered"": ""2025-07-04T00:10:20.271360+00:00"", ""mode"": ""single"", ""current"": 0, ""friendly_name"": ""auto-banheiro""}"
2025-07-03T21:10:25.276731,automation.auto_banheiro,on,on,"{""id"": ""1747870075916"", ""last_triggered"": ""2025-07-04T00:10:25.271237+00:00"", ""mode"": ""single"", ""current"": 1, ""friendly_name"": ""auto-banheiro""}"
2025-07-03T21:10:25.278133,automation.auto_banheiro,on,on,"{""id"": ""1747870075916"", ""last_triggered"": ""2025-07-04T00:10:25.271237+00:00"", ""mode"": ""single"", ""current"": 0, ""friendly_name"": ""auto-banheiro""}"
2025-07-03T21:10:30.277268,automation.auto_banheiro,on,on,"{""id"": ""1747870075916"", ""last_triggered"": ""2025-07-04T00:10:30.272361+00:00"", ""mode"": ""single"", ""current"": 1, ""friendly_name"": ""auto-banheiro""}"
2025-07-03T21:10:30.279137,automation.auto_banheiro,on,on,"{""id"": ""1747870075916"", ""last_triggered"": ""2025-07-04T00:10:30.272361+00:00"", ""mode"": ""single"", ""current"": 0, ""friendly_name"": ""auto-banheiro""}"
2025-07-03T21:10:32.718798,sensor.arris_tg1692a_router_download_speed,0.0019559279566536,0.0044215977892011,"{""state_class"": ""measurement"", ""unit_of_measurement"": ""Mbit/s"", ""device_class"": ""data_rate"", ""friendly_name"": ""ARRIS TG1692A Router Download speed""}"
2025-07-03T21:10:32.720748,sensor.arris_tg1692a_router_upload_speed,0.00176980147897886,0.00207786562773385,"{""state_class"": ""measurement"", ""unit_of_measurement"": ""Mbit/s"", ""device_class"": ""data_rate"", ""friendly_name"": ""ARRIS TG1692A Router Upload speed""}"
2025-07-03T21:10:35.286072,automation.auto_banheiro,on,on,"{""id"": ""1747870075916"", ""last_triggered"": ""2025-07-04T00:10:35.272490+00:00"", ""mode"": ""single"", ""current"": 1, ""friendly_name"": ""auto-banheiro""}"
2025-07-03T21:10:35.289629,automation.auto_banheiro,on,on,"{""id"": ""1747870075916"", ""last_triggered"": ""2025-07-04T00:10:35.272490+00:00"", ""mode"": ""single"", ""current"": 0, ""friendly_name"": ""auto-banheiro""}"
2025-07-03T21:10:40.276404,automation.auto_banheiro,on,on,"{""id"": ""1747870075916"", ""last_triggered"": ""2025-07-04T00:10:40.271534+00:00"", ""mode"": ""single"", ""current"": 1, ""friendly_name"": ""auto-banheiro""}"
2025-07-03T21:10:40.278037,automation.auto_banheiro,on,on,"{""id"": ""1747870075916"", ""last_triggered"": ""2025-07-04T00:10:40.271534+00:00"", ""mode"": ""single"", ""current"": 0, ""friendly_name"": ""auto-banheiro""}"
2025-07-03T21:10:45.276860,automation.auto_banheiro,on,on,"{""id"": ""1747870075916"", ""last_triggered"": ""2025-07-04T00:10:45.272057+00:00"", ""mode"": ""single"", ""current"": 1, ""friendly_name"": ""auto-banheiro""}"
2025-07-03T21:10:45.278544,automation.auto_banheiro,on,on,"{""id"": ""1747870075916"", ""last_triggered"": ""2025-07-04T00:10:45.272057+00:00"", ""mode"": ""single"", ""current"": 0, ""friendly_name"": ""auto-banheiro""}"
2025-07-03T21:10:49.532489,media_player.dlna_b13_box,unavailable,unknown,"{""friendly_name"": ""DLNA-B13 Box"", ""supported_features"": 512575}"
2025-07-03T21:10:50.277475,automation.auto_banheiro,on,on,"{""id"": ""1747870075916"", ""last_triggered"": ""2025-07-04T00:10:50.271120+00:00"", ""mode"": ""single"", ""current"": 1, ""friendly_name"": ""auto-banheiro""}"
2025-07-03T21:10:50.279023,automation.auto_banheiro,on,on,"{""id"": ""1747870075916"", ""last_triggered"": ""2025-07-04T00:10:50.271120+00:00"", ""mode"": ""single"", ""current"": 0, ""friendly_name"": ""auto-banheiro""}"
2025-07-03T21:10:55.283171,automation.auto_banheiro,on,on,"{""id"": ""1747870075916"", ""last_triggered"": ""2025-07-04T00:10:55.272361+00:00"", ""mode"": ""single"", ""current"": 1, ""friendly_name"": ""auto-banheiro""}"
2025-07-03T21:10:55.286694,automation.auto_banheiro,on,on,"{""id"": ""1747870075916"", ""last_triggered"": ""2025-07-04T00:10:55.272361+00:00"", ""mode"": ""single"", ""current"": 0, ""friendly_name"": ""auto-banheiro""}"
2025-07-03T21:10:56.415911,camera.192_168_0_33,idle,idle,"{""access_token"": ""6e9bb7ac73c954adda50cf6e8644af11c9c55b465a2c54790a2e4c3259c1b41f"", ""entity_picture"": ""/api/camera_proxy/camera.192_168_0_33?token=6e9bb7ac73c954adda50cf6e8644af11c9c55b465a2c54790a2e4c3259c1b41f"", ""friendly_name"": ""192_168_0_14"", ""supported_features"": 2}"
2025-07-03T21:10:56.417616,camera.admin_mainstream,idle,idle,"{""access_token"": ""3f2a2a12ba7542164c3d37a2e51f7365b57669a4a655316e1fd0763af551dc02"", ""entity_picture"": ""/api/camera_proxy/camera.admin_mainstream?token=3f2a2a12ba7542164c3d37a2e51f7365b57669a4a655316e1fd0763af551dc02"", ""friendly_name"": ""admin MainStream"", ""supported_features"": 2}"
2025-07-03T21:10:56.419184,camera.admin_substream,idle,idle,"{""access_token"": ""27ca303403995701b1e2d052baf84f0b79402ae9d187373f11028b6d801adc81"", ""entity_picture"": ""/api/camera_proxy/camera.admin_substream?token=27ca303403995701b1e2d052baf84f0b79402ae9d187373f11028b6d801adc81"", ""friendly_name"": ""admin SubStream"", ""supported_features"": 2}"
2025-07-03T21:10:57.411760,media_player.dlna_b13_box,unknown,unavailable,"{""friendly_name"": ""DLNA-B13 Box"", ""supported_features"": 512575}"
2025-07-03T21:11:00.338475,automation.auto_banheiro,on,on,"{""id"": ""1747870075916"", ""last_triggered"": ""2025-07-04T00:11:00.272870+00:00"", ""mode"": ""single"", ""current"": 1, ""friendly_name"": ""auto-banheiro""}"
2025-07-03T21:11:00.340795,automation.auto_banheiro,on,on,"{""id"": ""1747870075916"", ""last_triggered"": ""2025-07-04T00:11:00.272870+00:00"", ""mode"": ""single"", ""current"": 0, ""friendly_name"": ""auto-banheiro""}"
2025-07-03T21:11:02.716739,sensor.arris_tg1692a_router_download_speed,0.0044215977892011,0.00239530962533719,"{""state_class"": ""measurement"", ""unit_of_measurement"": ""Mbit/s"", ""device_class"": ""data_rate"", ""friendly_name"": ""ARRIS TG1692A Router Download speed""}"
2025-07-03T21:11:02.718187,sensor.arris_tg1692a_router_upload_speed,0.00207786562773385,0.00177021435014342,"{""state_class"": ""measurement"", ""unit_of_measurement"": ""Mbit/s"", ""device_class"": ""data_rate"", ""friendly_name"": ""ARRIS TG1692A Router Upload speed""}"
2025-07-03T21:11:05.277494,automation.auto_banheiro,on,on,"{""id"": ""1747870075916"", ""last_triggered"": ""2025-07-04T00:11:05.271854+00:00"", ""mode"": ""single"", ""current"": 1, ""friendly_name"": ""auto-banheiro""}"
2025-07-03T21:11:05.279628,automation.auto_banheiro,on,on,"{""id"": ""1747870075916"", ""last_triggered"": ""2025-07-04T00:11:05.271854+00:00"", ""mode"": ""single"", ""current"": 0, ""friendly_name"": ""auto-banheiro""}"
2025-07-03T21:11:10.276198,automation.auto_banheiro,on,on,"{""id"": ""1747870075916"", ""last_triggered"": ""2025-07-04T00:11:10.271230+00:00"", ""mode"": ""single"", ""current"": 1, ""friendly_name"": ""auto-banheiro""}"
2025-07-03T21:11:10.277799,automation.auto_banheiro,on,on,"{""id"": ""1747870075916"", ""last_triggered"": ""2025-07-04T00:11:10.271230+00:00"", ""mode"": ""single"", ""current"": 0, ""friendly_name"": ""auto-banheiro""}"
2025-07-03T21:11:15.285022,automation.auto_banheiro,on,on,"{""id"": ""1747870075916"", ""last_triggered"": ""2025-07-04T00:11:15.271942+00:00"", ""mode"": ""single"", ""current"": 1, ""friendly_name"": ""auto-banheiro""}"
2025-07-03T21:11:15.288388,automation.auto_banheiro,on,on,"{""id"": ""1747870075916"", ""last_triggered"": ""2025-07-04T00:11:15.271942+00:00"", ""mode"": ""single"", ""current"": 0, ""friendly_name"": ""auto-banheiro""}"
2025-07-03T21:11:20.288082,automation.auto_banheiro,on,on,"{""id"": ""1747870075916"", ""last_triggered"": ""2025-07-04T00:11:20.272049+00:00"", ""mode"": ""single"", ""current"": 1, ""friendly_name"": ""auto-banheiro""}"
2025-07-03T21:11:20.289743,automation.auto_banheiro,on,on,"{""id"": ""1747870075916"", ""last_triggered"": ""2025-07-04T00:11:20.272049+00:00"", ""mode"": ""single"", ""current"": 0, ""friendly_name"": ""auto-banheiro""}"
2025-07-03T21:11:25.285116,automation.auto_banheiro,on,on,"{""id"": ""1747870075916"", ""last_triggered"": ""2025-07-04T00:11:25.272881+00:00"", ""mode"": ""single"", ""current"": 1, ""friendly_name"": ""auto-banheiro""}"
2025-07-03T21:11:25.289068,automation.auto_banheiro,on,on,"{""id"": ""1747870075916"", ""last_triggered"": ""2025-07-04T00:11:25.272881+00:00"", ""mode"": ""single"", ""current"": 0, ""friendly_name"": ""auto-banheiro""}"
2025-07-03T21:11:30.276740,automation.auto_banheiro,on,on,"{""id"": ""1747870075916"", ""last_triggered"": ""2025-07-04T00:11:30.271964+00:00"", ""mode"": ""single"", ""current"": 1, ""friendly_name"": ""auto-banheiro""}"
2025-07-03T21:11:30.278425,automation.auto_banheiro,on,on,"{""id"": ""1747870075916"", ""last_triggered"": ""2025-07-04T00:11:30.271964+00:00"", ""mode"": ""single"", ""current"": 0, ""friendly_name"": ""auto-banheiro""}"
2025-07-03T21:11:32.722923,sensor.arris_tg1692a_router_download_speed,0.00239530962533719,0.0063971994186255,"{""state_class"": ""measurement"", ""unit_of_measurement"": ""Mbit/s"", ""device_class"": ""data_rate"", ""friendly_name"": ""ARRIS TG1692A Router Download speed""}"
2025-07-03T21:11:32.724686,sensor.arris_tg1692a_router_upload_speed,0.00177021435014342,0.0031714002786875,"{""state_class"": ""measurement"", ""unit_of_measurement"": ""Mbit/s"", ""device_class"": ""data_rate"", ""friendly_name"": ""ARRIS TG1692A Router Upload speed""}"
2025-07-03T21:11:35.276944,automation.auto_banheiro,on,on,"{""id"": ""1747870075916"", ""last_triggered"": ""2025-07-04T00:11:35.271609+00:00"", ""mode"": ""single"", ""current"": 1, ""friendly_name"": ""auto-banheiro""}"
2025-07-03T21:11:35.278354,automation.auto_banheiro,on,on,"{""id"": ""1747870075916"", ""last_triggered"": ""2025-07-04T00:11:35.271609+00:00"", ""mode"": ""single"", ""current"": 0, ""friendly_name"": ""auto-banheiro""}"
2025-07-03T21:11:40.280388,automation.auto_banheiro,on,on,"{""id"": ""1747870075916"", ""last_triggered"": ""2025-07-04T00:11:40.271783+00:00"", ""mode"": ""single"", ""current"": 1, ""friendly_name"": ""auto-banheiro""}"
2025-07-03T21:11:40.281781,automation.auto_banheiro,on,on,"{""id"": ""1747870075916"", ""last_triggered"": ""2025-07-04T00:11:40.271783+00:00"", ""mode"": ""single"", ""current"": 0, ""friendly_name"": ""auto-banheiro""}"
2025-07-03T21:11:45.279016,automation.auto_banheiro,on,on,"{""id"": ""1747870075916"", ""last_triggered"": ""2025-07-04T00:11:45.271609+00:00"", ""mode"": ""single"", ""current"": 1, ""friendly_name"": ""auto-banheiro""}"
2025-07-03T21:11:45.281061,automation.auto_banheiro,on,on,"{""id"": ""1747870075916"", ""last_triggered"": ""2025-07-04T00:11:45.271609+00:00"", ""mode"": ""single"", ""current"": 0, ""friendly_name"": ""auto-banheiro""}"
2025-07-03T21:11:50.276175,automation.auto_banheiro,on,on,"{""id"": ""1747870075916"", ""last_triggered"": ""2025-07-04T00:11:50.271433+00:00"", ""mode"": ""single"", ""current"": 1, ""friendly_name"": ""auto-banheiro""}"
2025-07-03T21:11:50.280634,automation.auto_banheiro,on,on,"{""id"": ""1747870075916"", ""last_triggered"": ""2025-07-04T00:11:50.271433+00:00"", ""mode"": ""single"", ""current"": 0, ""friendly_name"": ""auto-banheiro""}"
2025-07-03T21:11:55.286231,automation.auto_banheiro,on,on,"{""id"": ""1747870075916"", ""last_triggered"": ""2025-07-04T00:11:55.272258+00:00"", ""mode"": ""single"", ""current"": 1, ""friendly_name"": ""auto-banheiro""}"
2025-07-03T21:11:55.290158,automation.auto_banheiro,on,on,"{""id"": ""1747870075916"", ""last_triggered"": ""2025-07-04T00:11:55.272258+00:00"", ""mode"": ""single"", ""current"": 0, ""friendly_name"": ""auto-banheiro""}"
2025-07-03T21:12:00.278244,automation.auto_banheiro,on,on,"{""id"": ""1747870075916"", ""last_triggered"": ""2025-07-04T00:12:00.271917+00:00"", ""mode"": ""single"", ""current"": 1, ""friendly_name"": ""auto-banheiro""}"
2025-07-03T21:12:00.281770,automation.auto_banheiro,on,on,"{""id"": ""1747870075916"", ""last_triggered"": ""2025-07-04T00:12:00.271917+00:00"", ""mode"": ""single"", ""current"": 0, ""friendly_name"": ""auto-banheiro""}"
2025-07-03T21:12:02.718590,sensor.arris_tg1692a_router_download_speed,0.0063971994186255,0.00213097169082377,"{""state_class"": ""measurement"", ""unit_of_measurement"": ""Mbit/s"", ""device_class"": ""data_rate"", ""friendly_name"": ""ARRIS TG1692A Router Download speed""}"
2025-07-03T21:12:02.721218,sensor.arris_tg1692a_router_upload_speed,0.0031714002786875,0.00185336669393382,"{""state_class"": ""measurement"", ""unit_of_measurement"": ""Mbit/s"", ""device_class"": ""data_rate"", ""friendly_name"": ""ARRIS TG1692A Router Upload speed""}"
2025-07-03T21:12:05.276180,automation.auto_banheiro,on,on,"{""id"": ""1747870075916"", ""last_triggered"": ""2025-07-04T00:12:05.271235+00:00"", ""mode"": ""single"", ""current"": 1, ""friendly_name"": ""auto-banheiro""}"
2025-07-03T21:12:05.277824,automation.auto_banheiro,on,on,"{""id"": ""1747870075916"", ""last_triggered"": ""2025-07-04T00:12:05.271235+00:00"", ""mode"": ""single"", ""current"": 0, ""friendly_name"": ""auto-banheiro""}"
2025-07-03T21:12:10.277800,automation.auto_banheiro,on,on,"{""id"": ""1747870075916"", ""last_triggered"": ""2025-07-04T00:12:10.271823+00:00"", ""mode"": ""single"", ""current"": 1, ""friendly_name"": ""auto-banheiro""}"
2025-07-03T21:12:10.279637,automation.auto_banheiro,on,on,"{""id"": ""1747870075916"", ""last_triggered"": ""2025-07-04T00:12:10.271823+00:00"", ""mode"": ""single"", ""current"": 0, ""friendly_name"": ""auto-banheiro""}"
2025-07-03T21:12:15.280640,automation.auto_banheiro,on,on,"{""id"": ""1747870075916"", ""last_triggered"": ""2025-07-04T00:12:15.274510+00:00"", ""mode"": ""single"", ""current"": 1, ""friendly_name"": ""auto-banheiro""}"
2025-07-03T21:12:15.282168,automation.auto_banheiro,on,on,"{""id"": ""1747870075916"", ""last_triggered"": ""2025-07-04T00:12:15.274510+00:00"", ""mode"": ""single"", ""current"": 0, ""friendly_name"": ""auto-banheiro""}"
2025-07-03T21:12:20.276973,automation.auto_banheiro,on,on,"{""id"": ""1747870075916"", ""last_triggered"": ""2025-07-04T00:12:20.271976+00:00"", ""mode"": ""single"", ""current"": 1, ""friendly_name"": ""auto-banheiro""}"
2025-07-03T21:12:20.280616,automation.auto_banheiro,on,on,"{""id"": ""1747870075916"", ""last_triggered"": ""2025-07-04T00:12:20.271976+00:00"", ""mode"": ""single"", ""current"": 0, ""friendly_name"": ""auto-banheiro""}"
2025-07-03T21:12:25.279197,automation.auto_banheiro,on,on,"{""id"": ""1747870075916"", ""last_triggered"": ""2025-07-04T00:12:25.271540+00:00"", ""mode"": ""single"", ""current"": 1, ""friendly_name"": ""auto-banheiro""}"
2025-07-03T21:12:25.280870,automation.auto_banheiro,on,on,"{""id"": ""1747870075916"", ""last_triggered"": ""2025-07-04T00:12:25.271540+00:00"", ""mode"": ""single"", ""current"": 0, ""friendly_name"": ""auto-banheiro""}"
2025-07-03T21:12:30.281934,automation.auto_banheiro,on,on,"{""id"": ""1747870075916"", ""last_triggered"": ""2025-07-04T00:12:30.272058+00:00"", ""mode"": ""single"", ""current"": 1, ""friendly_name"": ""auto-banheiro""}"
2025-07-03T21:12:30.285372,automation.auto_banheiro,on,on,"{""id"": ""1747870075916"", ""last_triggered"": ""2025-07-04T00:12:30.272058+00:00"", ""mode"": ""single"", ""current"": 0, ""friendly_name"": ""auto-banheiro""}"
2025-07-03T21:12:32.740429,sensor.arris_tg1692a_router_download_speed,0.00213097169082377,0.00127970726996194,"{""state_class"": ""measurement"", ""unit_of_measurement"": ""Mbit/s"", ""device_class"": ""data_rate"", ""friendly_name"": ""ARRIS TG1692A Router Download speed""}"
2025-07-03T21:12:32.742094,sensor.arris_tg1692a_router_upload_speed,0.00185336669393382,0.00109624433982361,"{""state_class"": ""measurement"", ""unit_of_measurement"": ""Mbit/s"", ""device_class"": ""data_rate"", ""friendly_name"": ""ARRIS TG1692A Router Upload speed""}"
2025-07-03T21:12:35.280429,automation.auto_banheiro,on,on,"{""id"": ""1747870075916"", ""last_triggered"": ""2025-07-04T00:12:35.273426+00:00"", ""mode"": ""single"", ""current"": 1, ""friendly_name"": ""auto-banheiro""}"
2025-07-03T21:12:35.284477,automation.auto_banheiro,on,on,"{""id"": ""1747870075916"", ""last_triggered"": ""2025-07-04T00:12:35.273426+00:00"", ""mode"": ""single"", ""current"": 0, ""friendly_name"": ""auto-banheiro""}"
2025-07-03T21:12:40.276398,automation.auto_banheiro,on,on,"{""id"": ""1747870075916"", ""last_triggered"": ""2025-07-04T00:12:40.271628+00:00"", ""mode"": ""single"", ""current"": 1, ""friendly_name"": ""auto-banheiro""}"
2025-07-03T21:12:40.277962,automation.auto_banheiro,on,on,"{""id"": ""1747870075916"", ""last_triggered"": ""2025-07-04T00:12:40.271628+00:00"", ""mode"": ""single"", ""current"": 0, ""friendly_name"": ""auto-banheiro""}"
2025-07-03T21:12:45.276554,automation.auto_banheiro,on,on,"{""id"": ""1747870075916"", ""last_triggered"": ""2025-07-04T00:12:45.271787+00:00"", ""mode"": ""single"", ""current"": 1, ""friendly_name"": ""auto-banheiro""}"
2025-07-03T21:12:45.278161,automation.auto_banheiro,on,on,"{""id"": ""1747870075916"", ""last_triggered"": ""2025-07-04T00:12:45.271787+00:00"", ""mode"": ""single"", ""current"": 0, ""friendly_name"": ""auto-banheiro""}"
2025-07-03T21:12:50.277733,automation.auto_banheiro,on,on,"{""id"": ""1747870075916"", ""last_triggered"": ""2025-07-04T00:12:50.271507+00:00"", ""mode"": ""single"", ""current"": 1, ""friendly_name"": ""auto-banheiro""}"
2025-07-03T21:12:50.280747,automation.auto_banheiro,on,on,"{""id"": ""1747870075916"", ""last_triggered"": ""2025-07-04T00:12:50.271507+00:00"", ""mode"": ""single"", ""current"": 0, ""friendly_name"": ""auto-banheiro""}"
2025-07-03T21:12:55.278200,automation.auto_banheiro,on,on,"{""id"": ""1747870075916"", ""last_triggered"": ""2025-07-04T00:12:55.272017+00:00"", ""mode"": ""single"", ""current"": 1, ""friendly_name"": ""auto-banheiro""}"
2025-07-03T21:12:55.280601,automation.auto_banheiro,on,on,"{""id"": ""1747870075916"", ""last_triggered"": ""2025-07-04T00:12:55.272017+00:00"", ""mode"": ""single"", ""current"": 0, ""friendly_name"": ""auto-banheiro""}"
2025-07-03T21:13:00.279667,automation.auto_banheiro,on,on,"{""id"": ""1747870075916"", ""last_triggered"": ""2025-07-04T00:13:00.272016+00:00"", ""mode"": ""single"", ""current"": 1, ""friendly_name"": ""auto-banheiro""}"
2025-07-03T21:13:00.281574,automation.auto_banheiro,on,on,"{""id"": ""1747870075916"", ""last_triggered"": ""2025-07-04T00:13:00.272016+00:00"", ""mode"": ""single"", ""current"": 0, ""friendly_name"": ""auto-banheiro""}"
2025-07-03T21:13:02.750297,sensor.arris_tg1692a_router_download_speed,0.00127970726996194,0.00217009991379466,"{""state_class"": ""measurement"", ""unit_of_measurement"": ""Mbit/s"", ""device_class"": ""data_rate"", ""friendly_name"": ""ARRIS TG1692A Router Download speed""}"
2025-07-03T21:13:02.751983,sensor.arris_tg1692a_router_upload_speed,0.00109624433982361,0.00131117980783096,"{""state_class"": ""measurement"", ""unit_of_measurement"": ""Mbit/s"", ""device_class"": ""data_rate"", ""friendly_name"": ""ARRIS TG1692A Router Upload speed""}"
2025-07-03T21:13:05.277613,automation.auto_banheiro,on,on,"{""id"": ""1747870075916"", ""last_triggered"": ""2025-07-04T00:13:05.272725+00:00"", ""mode"": ""single"", ""current"": 1, ""friendly_name"": ""auto-banheiro""}"
2025-07-03T21:13:05.288824,automation.auto_banheiro,on,on,"{""id"": ""1747870075916"", ""last_triggered"": ""2025-07-04T00:13:05.272725+00:00"", ""mode"": ""single"", ""current"": 0, ""friendly_name"": ""auto-banheiro""}"
2025-07-03T21:13:10.283104,automation.auto_banheiro,on,on,"{""id"": ""1747870075916"", ""last_triggered"": ""2025-07-04T00:13:10.272582+00:00"", ""mode"": ""single"", ""current"": 1, ""friendly_name"": ""auto-banheiro""}"
2025-07-03T21:13:10.286647,automation.auto_banheiro,on,on,"{""id"": ""1747870075916"", ""last_triggered"": ""2025-07-04T00:13:10.272582+00:00"", ""mode"": ""single"", ""current"": 0, ""friendly_name"": ""auto-banheiro""}"
2025-07-03T21:13:15.278092,automation.auto_banheiro,on,on,"{""id"": ""1747870075916"", ""last_triggered"": ""2025-07-04T00:13:15.271697+00:00"", ""mode"": ""single"", ""current"": 1, ""friendly_name"": ""auto-banheiro""}"
2025-07-03T21:13:15.279953,automation.auto_banheiro,on,on,"{""id"": ""1747870075916"", ""last_triggered"": ""2025-07-04T00:13:15.271697+00:00"", ""mode"": ""single"", ""current"": 0, ""friendly_name"": ""auto-banheiro""}"
2025-07-03T21:13:20.299145,automation.auto_banheiro,on,on,"{""id"": ""1747870075916"", ""last_triggered"": ""2025-07-04T00:13:20.272323+00:00"", ""mode"": ""single"", ""current"": 1, ""friendly_name"": ""auto-banheiro""}"
2025-07-03T21:13:20.302327,automation.auto_banheiro,on,on,"{""id"": ""1747870075916"", ""last_triggered"": ""2025-07-04T00:13:20.272323+00:00"", ""mode"": ""single"", ""current"": 0, ""friendly_name"": ""auto-banheiro""}"
2025-07-03T21:13:25.276242,automation.auto_banheiro,on,on,"{""id"": ""1747870075916"", ""last_triggered"": ""2025-07-04T00:13:25.271408+00:00"", ""mode"": ""single"", ""current"": 1, ""friendly_name"": ""auto-banheiro""}"
2025-07-03T21:13:25.277881,automation.auto_banheiro,on,on,"{""id"": ""1747870075916"", ""last_triggered"": ""2025-07-04T00:13:25.271408+00:00"", ""mode"": ""single"", ""current"": 0, ""friendly_name"": ""auto-banheiro""}"
2025-07-03T21:13:30.280268,automation.auto_banheiro,on,on,"{""id"": ""1747870075916"", ""last_triggered"": ""2025-07-04T00:13:30.272075+00:00"", ""mode"": ""single"", ""current"": 1, ""friendly_name"": ""auto-banheiro""}"
2025-07-03T21:13:30.282482,automation.auto_banheiro,on,on,"{""id"": ""1747870075916"", ""last_triggered"": ""2025-07-04T00:13:30.272075+00:00"", ""mode"": ""single"", ""current"": 0, ""friendly_name"": ""auto-banheiro""}"
2025-07-03T21:13:32.725747,sensor.arris_tg1692a_router_download_speed,0.00217009991379466,0.00209901946309864,"{""state_class"": ""measurement"", ""unit_of_measurement"": ""Mbit/s"", ""device_class"": ""data_rate"", ""friendly_name"": ""ARRIS TG1692A Router Download speed""}"
2025-07-03T21:13:32.727373,sensor.arris_tg1692a_router_upload_speed,0.00131117980783096,0.00145045951718886,"{""state_class"": ""measurement"", ""unit_of_measurement"": ""Mbit/s"", ""device_class"": ""data_rate"", ""friendly_name"": ""ARRIS TG1692A Router Upload speed""}"
2025-07-03T21:13:35.277365,automation.auto_banheiro,on,on,"{""id"": ""1747870075916"", ""last_triggered"": ""2025-07-04T00:13:35.271959+00:00"", ""mode"": ""single"", ""current"": 1, ""friendly_name"": ""auto-banheiro""}"
2025-07-03T21:13:35.278872,automation.auto_banheiro,on,on,"{""id"": ""1747870075916"", ""last_triggered"": ""2025-07-04T00:13:35.271959+00:00"", ""mode"": ""single"", ""current"": 0, ""friendly_name"": ""auto-banheiro""}"
2025-07-03T21:13:40.280493,automation.auto_banheiro,on,on,"{""id"": ""1747870075916"", ""last_triggered"": ""2025-07-04T00:13:40.271969+00:00"", ""mode"": ""single"", ""current"": 1, ""friendly_name"": ""auto-banheiro""}"
2025-07-03T21:13:40.282061,automation.auto_banheiro,on,on,"{""id"": ""1747870075916"", ""last_triggered"": ""2025-07-04T00:13:40.271969+00:00"", ""mode"": ""single"", ""current"": 0, ""friendly_name"": ""auto-banheiro""}"
2025-07-03T21:13:45.277519,automation.auto_banheiro,on,on,"{""id"": ""1747870075916"", ""last_triggered"": ""2025-07-04T00:13:45.272529+00:00"", ""mode"": ""single"", ""current"": 1, ""friendly_name"": ""auto-banheiro""}"
2025-07-03T21:13:45.279215,automation.auto_banheiro,on,on,"{""id"": ""1747870075916"", ""last_triggered"": ""2025-07-04T00:13:45.272529+00:00"", ""mode"": ""single"", ""current"": 0, ""friendly_name"": ""auto-banheiro""}"
2025-07-03T21:13:50.287103,automation.auto_banheiro,on,on,"{""id"": ""1747870075916"", ""last_triggered"": ""2025-07-04T00:13:50.272668+00:00"", ""mode"": ""single"", ""current"": 1, ""friendly_name"": ""auto-banheiro""}"
2025-07-03T21:13:50.291786,automation.auto_banheiro,on,on,"{""id"": ""1747870075916"", ""last_triggered"": ""2025-07-04T00:13:50.272668+00:00"", ""mode"": ""single"", ""current"": 0, ""friendly_name"": ""auto-banheiro""}"
2025-07-03T21:13:55.276873,automation.auto_banheiro,on,on,"{""id"": ""1747870075916"", ""last_triggered"": ""2025-07-04T00:13:55.272095+00:00"", ""mode"": ""single"", ""current"": 1, ""friendly_name"": ""auto-banheiro""}"
2025-07-03T21:13:55.278782,automation.auto_banheiro,on,on,"{""id"": ""1747870075916"", ""last_triggered"": ""2025-07-04T00:13:55.272095+00:00"", ""mode"": ""single"", ""current"": 0, ""friendly_name"": ""auto-banheiro""}"
2025-07-03T21:14:00.282290,automation.auto_banheiro,on,on,"{""id"": ""1747870075916"", ""last_triggered"": ""2025-07-04T00:14:00.272261+00:00"", ""mode"": ""single"", ""current"": 1, ""friendly_name"": ""auto-banheiro""}"
2025-07-03T21:14:00.285558,automation.auto_banheiro,on,on,"{""id"": ""1747870075916"", ""last_triggered"": ""2025-07-04T00:14:00.272261+00:00"", ""mode"": ""single"", ""current"": 0, ""friendly_name"": ""auto-banheiro""}"
2025-07-03T21:14:02.739941,sensor.arris_tg1692a_router_download_speed,0.00209901946309864,0.0019194486238496,"{""state_class"": ""measurement"", ""unit_of_measurement"": ""Mbit/s"", ""device_class"": ""data_rate"", ""friendly_name"": ""ARRIS TG1692A Router Download speed""}"
2025-07-03T21:14:02.741761,sensor.arris_tg1692a_router_upload_speed,0.00145045951718886,0.00122718846442843,"{""state_class"": ""measurement"", ""unit_of_measurement"": ""Mbit/s"", ""device_class"": ""data_rate"", ""friendly_name"": ""ARRIS TG1692A Router Upload speed""}"
2025-07-03T21:14:05.276402,automation.auto_banheiro,on,on,"{""id"": ""1747870075916"", ""last_triggered"": ""2025-07-04T00:14:05.271578+00:00"", ""mode"": ""single"", ""current"": 1, ""friendly_name"": ""auto-banheiro""}"
2025-07-03T21:14:05.278029,automation.auto_banheiro,on,on,"{""id"": ""1747870075916"", ""last_triggered"": ""2025-07-04T00:14:05.271578+00:00"", ""mode"": ""single"", ""current"": 0, ""friendly_name"": ""auto-banheiro""}"
2025-07-03T21:14:10.277521,automation.auto_banheiro,on,on,"{""id"": ""1747870075916"", ""last_triggered"": ""2025-07-04T00:14:10.271747+00:00"", ""mode"": ""single"", ""current"": 1, ""friendly_name"": ""auto-banheiro""}"
2025-07-03T21:14:10.279346,automation.auto_banheiro,on,on,"{""id"": ""1747870075916"", ""last_triggered"": ""2025-07-04T00:14:10.271747+00:00"", ""mode"": ""single"", ""current"": 0, ""friendly_name"": ""auto-banheiro""}"
2025-07-03T21:14:15.277178,automation.auto_banheiro,on,on,"{""id"": ""1747870075916"", ""last_triggered"": ""2025-07-04T00:14:15.271744+00:00"", ""mode"": ""single"", ""current"": 1, ""friendly_name"": ""auto-banheiro""}"
2025-07-03T21:14:15.278639,automation.auto_banheiro,on,on,"{""id"": ""1747870075916"", ""last_triggered"": ""2025-07-04T00:14:15.271744+00:00"", ""mode"": ""single"", ""current"": 0, ""friendly_name"": ""auto-banheiro""}"
2025-07-03T21:14:20.312048,automation.auto_banheiro,on,on,"{""id"": ""1747870075916"", ""last_triggered"": ""2025-07-04T00:14:20.273336+00:00"", ""mode"": ""single"", ""current"": 1, ""friendly_name"": ""auto-banheiro""}"
2025-07-03T21:14:20.317290,automation.auto_banheiro,on,on,"{""id"": ""1747870075916"", ""last_triggered"": ""2025-07-04T00:14:20.273336+00:00"", ""mode"": ""single"", ""current"": 0, ""friendly_name"": ""auto-banheiro""}"
2025-07-03T21:14:25.276106,automation.auto_banheiro,on,on,"{""id"": ""1747870075916"", ""last_triggered"": ""2025-07-04T00:14:25.271227+00:00"", ""mode"": ""single"", ""current"": 1, ""friendly_name"": ""auto-banheiro""}"
2025-07-03T21:14:25.278669,automation.auto_banheiro,on,on,"{""id"": ""1747870075916"", ""last_triggered"": ""2025-07-04T00:14:25.271227+00:00"", ""mode"": ""single"", ""current"": 0, ""friendly_name"": ""auto-banheiro""}"
2025-07-03T21:14:30.276591,automation.auto_banheiro,on,on,"{""id"": ""1747870075916"", ""last_triggered"": ""2025-07-04T00:14:30.271458+00:00"", ""mode"": ""single"", ""current"": 1, ""friendly_name"": ""auto-banheiro""}"
2025-07-03T21:14:30.278183,automation.auto_banheiro,on,on,"{""id"": ""1747870075916"", ""last_triggered"": ""2025-07-04T00:14:30.271458+00:00"", ""mode"": ""single"", ""current"": 0, ""friendly_name"": ""auto-banheiro""}"
2025-07-03T21:14:32.732024,sensor.arris_tg1692a_router_download_speed,0.0019194486238496,0.00122452410858505,"{""state_class"": ""measurement"", ""unit_of_measurement"": ""Mbit/s"", ""device_class"": ""data_rate"", ""friendly_name"": ""ARRIS TG1692A Router Download speed""}"
2025-07-03T21:14:32.740012,sensor.arris_tg1692a_router_upload_speed,0.00122718846442843,0.000914393111571893,"{""state_class"": ""measurement"", ""unit_of_measurement"": ""Mbit/s"", ""device_class"": ""data_rate"", ""friendly_name"": ""ARRIS TG1692A Router Upload speed""}"
2025-07-03T21:14:35.277464,automation.auto_banheiro,on,on,"{""id"": ""1747870075916"", ""last_triggered"": ""2025-07-04T00:14:35.271999+00:00"", ""mode"": ""single"", ""current"": 1, ""friendly_name"": ""auto-banheiro""}"
2025-07-03T21:14:35.278956,automation.auto_banheiro,on,on,"{""id"": ""1747870075916"", ""last_triggered"": ""2025-07-04T00:14:35.271999+00:00"", ""mode"": ""single"", ""current"": 0, ""friendly_name"": ""auto-banheiro""}"
2025-07-03T21:14:40.276222,automation.auto_banheiro,on,on,"{""id"": ""1747870075916"", ""last_triggered"": ""2025-07-04T00:14:40.271218+00:00"", ""mode"": ""single"", ""current"": 1, ""friendly_name"": ""auto-banheiro""}"
2025-07-03T21:14:40.277844,automation.auto_banheiro,on,on,"{""id"": ""1747870075916"", ""last_triggered"": ""2025-07-04T00:14:40.271218+00:00"", ""mode"": ""single"", ""current"": 0, ""friendly_name"": ""auto-banheiro""}"
2025-07-03T21:14:45.277277,automation.auto_banheiro,on,on,"{""id"": ""1747870075916"", ""last_triggered"": ""2025-07-04T00:14:45.271264+00:00"", ""mode"": ""single"", ""current"": 1, ""friendly_name"": ""auto-banheiro""}"
2025-07-03T21:14:45.278930,automation.auto_banheiro,on,on,"{""id"": ""1747870075916"", ""last_triggered"": ""2025-07-04T00:14:45.271264+00:00"", ""mode"": ""single"", ""current"": 0, ""friendly_name"": ""auto-banheiro""}"
2025-07-03T21:14:50.276314,automation.auto_banheiro,on,on,"{""id"": ""1747870075916"", ""last_triggered"": ""2025-07-04T00:14:50.271465+00:00"", ""mode"": ""single"", ""current"": 1, ""friendly_name"": ""auto-banheiro""}"
2025-07-03T21:14:50.279959,automation.auto_banheiro,on,on,"{""id"": ""1747870075916"", ""last_triggered"": ""2025-07-04T00:14:50.271465+00:00"", ""mode"": ""single"", ""current"": 0, ""friendly_name"": ""auto-banheiro""}"
2025-07-03T21:14:55.282877,automation.auto_banheiro,on,on,"{""id"": ""1747870075916"", ""last_triggered"": ""2025-07-04T00:14:55.272444+00:00"", ""mode"": ""single"", ""current"": 1, ""friendly_name"": ""auto-banheiro""}"
2025-07-03T21:14:55.286362,automation.auto_banheiro,on,on,"{""id"": ""1747870075916"", ""last_triggered"": ""2025-07-04T00:14:55.272444+00:00"", ""mode"": ""single"", ""current"": 0, ""friendly_name"": ""auto-banheiro""}"
2025-07-03T21:15:00.278712,automation.auto_banheiro,on,on,"{""id"": ""1747870075916"", ""last_triggered"": ""2025-07-04T00:15:00.271664+00:00"", ""mode"": ""single"", ""current"": 1, ""friendly_name"": ""auto-banheiro""}"
2025-07-03T21:15:00.281058,automation.auto_banheiro,on,on,"{""id"": ""1747870075916"", ""last_triggered"": ""2025-07-04T00:15:00.271664+00:00"", ""mode"": ""single"", ""current"": 0, ""friendly_name"": ""auto-banheiro""}"
2025-07-03T21:15:02.717463,sensor.arris_tg1692a_router_download_speed,0.00122452410858505,0.00209390121603673,"{""state_class"": ""measurement"", ""unit_of_measurement"": ""Mbit/s"", ""device_class"": ""data_rate"", ""friendly_name"": ""ARRIS TG1692A Router Download speed""}"
2025-07-03T21:15:02.719023,sensor.arris_tg1692a_router_upload_speed,0.000914393111571893,0.00142562352278813,"{""state_class"": ""measurement"", ""unit_of_measurement"": ""Mbit/s"", ""device_class"": ""data_rate"", ""friendly_name"": ""ARRIS TG1692A Router Upload speed""}"
2025-07-03T21:15:05.283018,automation.auto_banheiro,on,on,"{""id"": ""1747870075916"", ""last_triggered"": ""2025-07-04T00:15:05.272370+00:00"", ""mode"": ""single"", ""current"": 1, ""friendly_name"": ""auto-banheiro""}"
2025-07-03T21:15:05.297016,automation.auto_banheiro,on,on,"{""id"": ""1747870075916"", ""last_triggered"": ""2025-07-04T00:15:05.272370+00:00"", ""mode"": ""single"", ""current"": 0, ""friendly_name"": ""auto-banheiro""}"
2025-07-03T21:15:10.276837,automation.auto_banheiro,on,on,"{""id"": ""1747870075916"", ""last_triggered"": ""2025-07-04T00:15:10.272047+00:00"", ""mode"": ""single"", ""current"": 1, ""friendly_name"": ""auto-banheiro""}"
2025-07-03T21:15:10.278388,automation.auto_banheiro,on,on,"{""id"": ""1747870075916"", ""last_triggered"": ""2025-07-04T00:15:10.272047+00:00"", ""mode"": ""single"", ""current"": 0, ""friendly_name"": ""auto-banheiro""}"
2025-07-03T21:15:15.287538,automation.auto_banheiro,on,on,"{""id"": ""1747870075916"", ""last_triggered"": ""2025-07-04T00:15:15.272912+00:00"", ""mode"": ""single"", ""current"": 1, ""friendly_name"": ""auto-banheiro""}"
2025-07-03T21:15:15.291587,automation.auto_banheiro,on,on,"{""id"": ""1747870075916"", ""last_triggered"": ""2025-07-04T00:15:15.272912+00:00"", ""mode"": ""single"", ""current"": 0, ""friendly_name"": ""auto-banheiro""}"
2025-07-03T21:15:20.276619,automation.auto_banheiro,on,on,"{""id"": ""1747870075916"", ""last_triggered"": ""2025-07-04T00:15:20.271411+00:00"", ""mode"": ""single"", ""current"": 1, ""friendly_name"": ""auto-banheiro""}"
2025-07-03T21:15:20.278637,automation.auto_banheiro,on,on,"{""id"": ""1747870075916"", ""last_triggered"": ""2025-07-04T00:15:20.271411+00:00"", ""mode"": ""single"", ""current"": 0, ""friendly_name"": ""auto-banheiro""}"
2025-07-03T21:15:25.278125,automation.auto_banheiro,on,on,"{""id"": ""1747870075916"", ""last_triggered"": ""2025-07-04T00:15:25.272027+00:00"", ""mode"": ""single"", ""current"": 1, ""friendly_name"": ""auto-banheiro""}"
2025-07-03T21:15:25.280098,automation.auto_banheiro,on,on,"{""id"": ""1747870075916"", ""last_triggered"": ""2025-07-04T00:15:25.272027+00:00"", ""mode"": ""single"", ""current"": 0, ""friendly_name"": ""auto-banheiro""}"
2025-07-03T21:15:30.277328,automation.auto_banheiro,on,on,"{""id"": ""1747870075916"", ""last_triggered"": ""2025-07-04T00:15:30.272519+00:00"", ""mode"": ""single"", ""current"": 1, ""friendly_name"": ""auto-banheiro""}"
2025-07-03T21:15:30.279787,automation.auto_banheiro,on,on,"{""id"": ""1747870075916"", ""last_triggered"": ""2025-07-04T00:15:30.272519+00:00"", ""mode"": ""single"", ""current"": 0, ""friendly_name"": ""auto-banheiro""}"
2025-07-03T21:15:32.719012,sensor.arris_tg1692a_router_download_speed,0.00209390121603673,0.0014205078588924,"{""state_class"": ""measurement"", ""unit_of_measurement"": ""Mbit/s"", ""device_class"": ""data_rate"", ""friendly_name"": ""ARRIS TG1692A Router Download speed""}"
2025-07-03T21:15:32.720982,sensor.arris_tg1692a_router_upload_speed,0.00142562352278813,0.00120851166069089,"{""state_class"": ""measurement"", ""unit_of_measurement"": ""Mbit/s"", ""device_class"": ""data_rate"", ""friendly_name"": ""ARRIS TG1692A Router Upload speed""}"
2025-07-03T21:15:35.277449,automation.auto_banheiro,on,on,"{""id"": ""1747870075916"", ""last_triggered"": ""2025-07-04T00:15:35.272436+00:00"", ""mode"": ""single"", ""current"": 1, ""friendly_name"": ""auto-banheiro""}"
2025-07-03T21:15:35.279249,automation.auto_banheiro,on,on,"{""id"": ""1747870075916"", ""last_triggered"": ""2025-07-04T00:15:35.272436+00:00"", ""mode"": ""single"", ""current"": 0, ""friendly_name"": ""auto-banheiro""}"
2025-07-03T21:15:40.276893,automation.auto_banheiro,on,on,"{""id"": ""1747870075916"", ""last_triggered"": ""2025-07-04T00:15:40.271694+00:00"", ""mode"": ""single"", ""current"": 1, ""friendly_name"": ""auto-banheiro""}"
2025-07-03T21:15:40.278802,automation.auto_banheiro,on,on,"{""id"": ""1747870075916"", ""last_triggered"": ""2025-07-04T00:15:40.271694+00:00"", ""mode"": ""single"", ""current"": 0, ""friendly_name"": ""auto-banheiro""}"
2025-07-03T21:15:41.231071,sun.sun,below_horizon,below_horizon,"{""next_dawn"": ""2025-07-04T08:33:54.986212+00:00"", ""next_dusk"": ""2025-07-04T20:43:18.243884+00:00"", ""next_midnight"": ""2025-07-04T02:38:35+00:00"", ""next_noon"": ""2025-07-04T14:38:28+00:00"", ""next_rising"": ""2025-07-04T08:57:20.754870+00:00"", ""next_setting"": ""2025-07-04T20:19:52.740998+00:00"", ""elevation"": -54.73, ""azimuth"": 291.36, ""rising"": false, ""friendly_name"": ""Sun""}"
2025-07-03T21:15:44.769778,sensor.tauntaum_energy,204.545,204.552,"{""state_class"": ""total_increasing"", ""unit_of_measurement"": ""kWh"", ""device_class"": ""energy"", ""friendly_name"": ""Tauntaum Energy""}"
2025-07-03T21:15:44.773150,sensor.tauntaum_power,35,34,"{""state_class"": ""measurement"", ""power_consumption_start"": ""2025-07-04T00:04:34Z"", ""power_consumption_end"": ""2025-07-04T00:15:44Z"", ""unit_of_measurement"": ""W"", ""device_class"": ""power"", ""friendly_name"": ""Tauntaum Power""}"
2025-07-03T21:15:44.774936,sensor.tauntaum_energy_difference,0.01,0.007,"{""state_class"": ""total"", ""unit_of_measurement"": ""kWh"", ""device_class"": ""energy"", ""friendly_name"": ""Tauntaum Energy difference""}"
2025-07-03T21:15:44.776867,sensor.tauntaum_power_energy,0.011450388889975,0.00651972222129504,"{""state_class"": ""total"", ""unit_of_measurement"": ""kWh"", ""device_class"": ""energy"", ""friendly_name"": ""Tauntaum Power energy""}"
2025-07-03T21:15:44.778607,sensor.tauntaum_energy_saved,0.001,0.0,"{""state_class"": ""total_increasing"", ""unit_of_measurement"": ""kWh"", ""device_class"": ""energy"", ""friendly_name"": ""Tauntaum Energy saved""}"
2025-07-03T21:15:45.277263,automation.auto_banheiro,on,on,"{""id"": ""1747870075916"", ""last_triggered"": ""2025-07-04T00:15:45.271675+00:00"", ""mode"": ""single"", ""current"": 1, ""friendly_name"": ""auto-banheiro""}"
2025-07-03T21:15:45.279115,automation.auto_banheiro,on,on,"{""id"": ""1747870075916"", ""last_triggered"": ""2025-07-04T00:15:45.271675+00:00"", ""mode"": ""single"", ""current"": 0, ""friendly_name"": ""auto-banheiro""}"
2025-07-03T21:15:50.276837,automation.auto_banheiro,on,on,"{""id"": ""1747870075916"", ""last_triggered"": ""2025-07-04T00:15:50.272028+00:00"", ""mode"": ""single"", ""current"": 1, ""friendly_name"": ""auto-banheiro""}"
2025-07-03T21:15:50.278757,automation.auto_banheiro,on,on,"{""id"": ""1747870075916"", ""last_triggered"": ""2025-07-04T00:15:50.272028+00:00"", ""mode"": ""single"", ""current"": 0, ""friendly_name"": ""auto-banheiro""}"
2025-07-03T21:15:55.285132,automation.auto_banheiro,on,on,"{""id"": ""1747870075916"", ""last_triggered"": ""2025-07-04T00:15:55.272604+00:00"", ""mode"": ""single"", ""current"": 1, ""friendly_name"": ""auto-banheiro""}"
2025-07-03T21:15:55.290871,automation.auto_banheiro,on,on,"{""id"": ""1747870075916"", ""last_triggered"": ""2025-07-04T00:15:55.272604+00:00"", ""mode"": ""single"", ""current"": 0, ""friendly_name"": ""auto-banheiro""}"
2025-07-03T21:15:56.416016,camera.192_168_0_33,idle,idle,"{""access_token"": ""598958c748e0aef6c85743012ebacd8c9d4069bc8c54b52b7b8df3d4f41dfdbd"", ""entity_picture"": ""/api/camera_proxy/camera.192_168_0_33?token=598958c748e0aef6c85743012ebacd8c9d4069bc8c54b52b7b8df3d4f41dfdbd"", ""friendly_name"": ""192_168_0_14"", ""supported_features"": 2}"
2025-07-03T21:15:56.417564,camera.admin_mainstream,idle,idle,"{""access_token"": ""a37f6e91fdb98bd19b7f805f5112330365f2392e45710341d564528daf356367"", ""entity_picture"": ""/api/camera_proxy/camera.admin_mainstream?token=a37f6e91fdb98bd19b7f805f5112330365f2392e45710341d564528daf356367"", ""friendly_name"": ""admin MainStream"", ""supported_features"": 2}"
2025-07-03T21:15:56.419002,camera.admin_substream,idle,idle,"{""access_token"": ""f228db53f3b78fdb321d634eb81145e48c0ec82bf82c1c350d2477294af395f0"", ""entity_picture"": ""/api/camera_proxy/camera.admin_substream?token=f228db53f3b78fdb321d634eb81145e48c0ec82bf82c1c350d2477294af395f0"", ""friendly_name"": ""admin SubStream"", ""supported_features"": 2}"
2025-07-03T21:16:00.276859,automation.auto_banheiro,on,on,"{""id"": ""1747870075916"", ""last_triggered"": ""2025-07-04T00:16:00.271488+00:00"", ""mode"": ""single"", ""current"": 1, ""friendly_name"": ""auto-banheiro""}"
2025-07-03T21:16:00.278748,automation.auto_banheiro,on,on,"{""id"": ""1747870075916"", ""last_triggered"": ""2025-07-04T00:16:00.271488+00:00"", ""mode"": ""single"", ""current"": 0, ""friendly_name"": ""auto-banheiro""}"
2025-07-03T21:16:02.723649,sensor.arris_tg1692a_router_download_speed,0.0014205078588924,0.00221438951855628,"{""state_class"": ""measurement"", ""unit_of_measurement"": ""Mbit/s"", ""device_class"": ""data_rate"", ""friendly_name"": ""ARRIS TG1692A Router Download speed""}"
2025-07-03T21:16:02.725297,sensor.arris_tg1692a_router_upload_speed,0.00120851166069089,0.00190159099913594,"{""state_class"": ""measurement"", ""unit_of_measurement"": ""Mbit/s"", ""device_class"": ""data_rate"", ""friendly_name"": ""ARRIS TG1692A Router Upload speed""}"
2025-07-03T21:16:05.277915,automation.auto_banheiro,on,on,"{""id"": ""1747870075916"", ""last_triggered"": ""2025-07-04T00:16:05.271911+00:00"", ""mode"": ""single"", ""current"": 1, ""friendly_name"": ""auto-banheiro""}"
2025-07-03T21:16:05.279906,automation.auto_banheiro,on,on,"{""id"": ""1747870075916"", ""last_triggered"": ""2025-07-04T00:16:05.271911+00:00"", ""mode"": ""single"", ""current"": 0, ""friendly_name"": ""auto-banheiro""}"
2025-07-03T21:16:10.278832,automation.auto_banheiro,on,on,"{""id"": ""1747870075916"", ""last_triggered"": ""2025-07-04T00:16:10.271739+00:00"", ""mode"": ""single"", ""current"": 1, ""friendly_name"": ""auto-banheiro""}"
2025-07-03T21:16:10.280435,automation.auto_banheiro,on,on,"{""id"": ""1747870075916"", ""last_triggered"": ""2025-07-04T00:16:10.271739+00:00"", ""mode"": ""single"", ""current"": 0, ""friendly_name"": ""auto-banheiro""}"
2025-07-03T21:16:15.280096,automation.auto_banheiro,on,on,"{""id"": ""1747870075916"", ""last_triggered"": ""2025-07-04T00:16:15.271882+00:00"", ""mode"": ""single"", ""current"": 1, ""friendly_name"": ""auto-banheiro""}"
2025-07-03T21:16:15.282541,automation.auto_banheiro,on,on,"{""id"": ""1747870075916"", ""last_triggered"": ""2025-07-04T00:16:15.271882+00:00"", ""mode"": ""single"", ""current"": 0, ""friendly_name"": ""auto-banheiro""}"
2025-07-03T21:16:20.278334,automation.auto_banheiro,on,on,"{""id"": ""1747870075916"", ""last_triggered"": ""2025-07-04T00:16:20.271905+00:00"", ""mode"": ""single"", ""current"": 1, ""friendly_name"": ""auto-banheiro""}"
2025-07-03T21:16:20.280327,automation.auto_banheiro,on,on,"{""id"": ""1747870075916"", ""last_triggered"": ""2025-07-04T00:16:20.271905+00:00"", ""mode"": ""single"", ""current"": 0, ""friendly_name"": ""auto-banheiro""}"
2025-07-03T21:16:25.278420,automation.auto_banheiro,on,on,"{""id"": ""1747870075916"", ""last_triggered"": ""2025-07-04T00:16:25.271757+00:00"", ""mode"": ""single"", ""current"": 1, ""friendly_name"": ""auto-banheiro""}"
2025-07-03T21:16:25.280094,automation.auto_banheiro,on,on,"{""id"": ""1747870075916"", ""last_triggered"": ""2025-07-04T00:16:25.271757+00:00"", ""mode"": ""single"", ""current"": 0, ""friendly_name"": ""auto-banheiro""}"
2025-07-03T21:16:30.280470,automation.auto_banheiro,on,on,"{""id"": ""1747870075916"", ""last_triggered"": ""2025-07-04T00:16:30.271843+00:00"", ""mode"": ""single"", ""current"": 1, ""friendly_name"": ""auto-banheiro""}"
2025-07-03T21:16:30.282392,automation.auto_banheiro,on,on,"{""id"": ""1747870075916"", ""last_triggered"": ""2025-07-04T00:16:30.271843+00:00"", ""mode"": ""single"", ""current"": 0, ""friendly_name"": ""auto-banheiro""}"
2025-07-03T21:16:32.713856,sensor.arris_tg1692a_router_download_speed,0.00221438951855628,0.00264562319329666,"{""state_class"": ""measurement"", ""unit_of_measurement"": ""Mbit/s"", ""device_class"": ""data_rate"", ""friendly_name"": ""ARRIS TG1692A Router Download speed""}"
2025-07-03T21:16:32.715516,sensor.arris_tg1692a_router_upload_speed,0.00190159099913594,0.00132321160015503,"{""state_class"": ""measurement"", ""unit_of_measurement"": ""Mbit/s"", ""device_class"": ""data_rate"", ""friendly_name"": ""ARRIS TG1692A Router Upload speed""}"
2025-07-03T21:16:35.283285,automation.auto_banheiro,on,on,"{""id"": ""1747870075916"", ""last_triggered"": ""2025-07-04T00:16:35.271845+00:00"", ""mode"": ""single"", ""current"": 1, ""friendly_name"": ""auto-banheiro""}"
2025-07-03T21:16:35.286769,automation.auto_banheiro,on,on,"{""id"": ""1747870075916"", ""last_triggered"": ""2025-07-04T00:16:35.271845+00:00"", ""mode"": ""single"", ""current"": 0, ""friendly_name"": ""auto-banheiro""}"
2025-07-03T21:16:40.277438,automation.auto_banheiro,on,on,"{""id"": ""1747870075916"", ""last_triggered"": ""2025-07-04T00:16:40.271795+00:00"", ""mode"": ""single"", ""current"": 1, ""friendly_name"": ""auto-banheiro""}"
2025-07-03T21:16:40.279429,automation.auto_banheiro,on,on,"{""id"": ""1747870075916"", ""last_triggered"": ""2025-07-04T00:16:40.271795+00:00"", ""mode"": ""single"", ""current"": 0, ""friendly_name"": ""auto-banheiro""}"
2025-07-03T21:16:45.276136,automation.auto_banheiro,on,on,"{""id"": ""1747870075916"", ""last_triggered"": ""2025-07-04T00:16:45.271147+00:00"", ""mode"": ""single"", ""current"": 1, ""friendly_name"": ""auto-banheiro""}"
2025-07-03T21:16:45.277759,automation.auto_banheiro,on,on,"{""id"": ""1747870075916"", ""last_triggered"": ""2025-07-04T00:16:45.271147+00:00"", ""mode"": ""single"", ""current"": 0, ""friendly_name"": ""auto-banheiro""}"
2025-07-03T21:16:50.278658,automation.auto_banheiro,on,on,"{""id"": ""1747870075916"", ""last_triggered"": ""2025-07-04T00:16:50.272076+00:00"", ""mode"": ""single"", ""current"": 1, ""friendly_name"": ""auto-banheiro""}"
2025-07-03T21:16:50.280721,automation.auto_banheiro,on,on,"{""id"": ""1747870075916"", ""last_triggered"": ""2025-07-04T00:16:50.272076+00:00"", ""mode"": ""single"", ""current"": 0, ""friendly_name"": ""auto-banheiro""}"
2025-07-03T21:16:55.276897,automation.auto_banheiro,on,on,"{""id"": ""1747870075916"", ""last_triggered"": ""2025-07-04T00:16:55.271682+00:00"", ""mode"": ""single"", ""current"": 1, ""friendly_name"": ""auto-banheiro""}"
2025-07-03T21:16:55.278874,automation.auto_banheiro,on,on,"{""id"": ""1747870075916"", ""last_triggered"": ""2025-07-04T00:16:55.271682+00:00"", ""mode"": ""single"", ""current"": 0, ""friendly_name"": ""auto-banheiro""}"
2025-07-03T21:17:00.281331,automation.auto_banheiro,on,on,"{""id"": ""1747870075916"", ""last_triggered"": ""2025-07-04T00:17:00.271666+00:00"", ""mode"": ""single"", ""current"": 1, ""friendly_name"": ""auto-banheiro""}"
2025-07-03T21:17:00.283799,automation.auto_banheiro,on,on,"{""id"": ""1747870075916"", ""last_triggered"": ""2025-07-04T00:17:00.271666+00:00"", ""mode"": ""single"", ""current"": 0, ""friendly_name"": ""auto-banheiro""}"
2025-07-03T21:17:02.761889,sensor.arris_tg1692a_router_download_speed,0.00264562319329666,0.00200713965200113,"{""state_class"": ""measurement"", ""unit_of_measurement"": ""Mbit/s"", ""device_class"": ""data_rate"", ""friendly_name"": ""ARRIS TG1692A Router Download speed""}"
2025-07-03T21:17:02.763515,sensor.arris_tg1692a_router_upload_speed,0.00132321160015503,0.00172501480122164,"{""state_class"": ""measurement"", ""unit_of_measurement"": ""Mbit/s"", ""device_class"": ""data_rate"", ""friendly_name"": ""ARRIS TG1692A Router Upload speed""}"
2025-07-03T21:17:05.284688,automation.auto_banheiro,on,on,"{""id"": ""1747870075916"", ""last_triggered"": ""2025-07-04T00:17:05.272274+00:00"", ""mode"": ""single"", ""current"": 1, ""friendly_name"": ""auto-banheiro""}"
2025-07-03T21:17:05.287822,automation.auto_banheiro,on,on,"{""id"": ""1747870075916"", ""last_triggered"": ""2025-07-04T00:17:05.272274+00:00"", ""mode"": ""single"", ""current"": 0, ""friendly_name"": ""auto-banheiro""}"
2025-07-03T21:17:10.285923,automation.auto_banheiro,on,on,"{""id"": ""1747870075916"", ""last_triggered"": ""2025-07-04T00:17:10.272210+00:00"", ""mode"": ""single"", ""current"": 1, ""friendly_name"": ""auto-banheiro""}"
2025-07-03T21:17:10.289860,automation.auto_banheiro,on,on,"{""id"": ""1747870075916"", ""last_triggered"": ""2025-07-04T00:17:10.272210+00:00"", ""mode"": ""single"", ""current"": 0, ""friendly_name"": ""auto-banheiro""}"
2025-07-03T21:17:15.276760,automation.auto_banheiro,on,on,"{""id"": ""1747870075916"", ""last_triggered"": ""2025-07-04T00:17:15.272030+00:00"", ""mode"": ""single"", ""current"": 1, ""friendly_name"": ""auto-banheiro""}"
2025-07-03T21:17:15.278401,automation.auto_banheiro,on,on,"{""id"": ""1747870075916"", ""last_triggered"": ""2025-07-04T00:17:15.272030+00:00"", ""mode"": ""single"", ""current"": 0, ""friendly_name"": ""auto-banheiro""}"
2025-07-03T21:17:20.282949,automation.auto_banheiro,on,on,"{""id"": ""1747870075916"", ""last_triggered"": ""2025-07-04T00:17:20.272622+00:00"", ""mode"": ""single"", ""current"": 1, ""friendly_name"": ""auto-banheiro""}"
2025-07-03T21:17:20.284625,automation.auto_banheiro,on,on,"{""id"": ""1747870075916"", ""last_triggered"": ""2025-07-04T00:17:20.272622+00:00"", ""mode"": ""single"", ""current"": 0, ""friendly_name"": ""auto-banheiro""}"
2025-07-03T21:17:25.276802,automation.auto_banheiro,on,on,"{""id"": ""1747870075916"", ""last_triggered"": ""2025-07-04T00:17:25.271924+00:00"", ""mode"": ""single"", ""current"": 1, ""friendly_name"": ""auto-banheiro""}"
2025-07-03T21:17:25.278472,automation.auto_banheiro,on,on,"{""id"": ""1747870075916"", ""last_triggered"": ""2025-07-04T00:17:25.271924+00:00"", ""mode"": ""single"", ""current"": 0, ""friendly_name"": ""auto-banheiro""}"
2025-07-03T21:17:30.280375,automation.auto_banheiro,on,on,"{""id"": ""1747870075916"", ""last_triggered"": ""2025-07-04T00:17:30.271782+00:00"", ""mode"": ""single"", ""current"": 1, ""friendly_name"": ""auto-banheiro""}"
2025-07-03T21:17:30.283713,automation.auto_banheiro,on,on,"{""id"": ""1747870075916"", ""last_triggered"": ""2025-07-04T00:17:30.271782+00:00"", ""mode"": ""single"", ""current"": 0, ""friendly_name"": ""auto-banheiro""}"
2025-07-03T21:17:32.715603,sensor.arris_tg1692a_router_download_speed,0.00200713965200113,0.00126451554581466,"{""state_class"": ""measurement"", ""unit_of_measurement"": ""Mbit/s"", ""device_class"": ""data_rate"", ""friendly_name"": ""ARRIS TG1692A Router Download speed""}"
2025-07-03T21:17:32.717290,sensor.arris_tg1692a_router_upload_speed,0.00172501480122164,0.000987186113582002,"{""state_class"": ""measurement"", ""unit_of_measurement"": ""Mbit/s"", ""device_class"": ""data_rate"", ""friendly_name"": ""ARRIS TG1692A Router Upload speed""}"
2025-07-03T21:17:35.294867,automation.auto_banheiro,on,on,"{""id"": ""1747870075916"", ""last_triggered"": ""2025-07-04T00:17:35.272104+00:00"", ""mode"": ""single"", ""current"": 1, ""friendly_name"": ""auto-banheiro""}"
2025-07-03T21:17:35.298434,automation.auto_banheiro,on,on,"{""id"": ""1747870075916"", ""last_triggered"": ""2025-07-04T00:17:35.272104+00:00"", ""mode"": ""single"", ""current"": 0, ""friendly_name"": ""auto-banheiro""}"
2025-07-03T21:17:40.276813,automation.auto_banheiro,on,on,"{""id"": ""1747870075916"", ""last_triggered"": ""2025-07-04T00:17:40.272046+00:00"", ""mode"": ""single"", ""current"": 1, ""friendly_name"": ""auto-banheiro""}"
2025-07-03T21:17:40.278393,automation.auto_banheiro,on,on,"{""id"": ""1747870075916"", ""last_triggered"": ""2025-07-04T00:17:40.272046+00:00"", ""mode"": ""single"", ""current"": 0, ""friendly_name"": ""auto-banheiro""}"
2025-07-03T21:17:45.276628,automation.auto_banheiro,on,on,"{""id"": ""1747870075916"", ""last_triggered"": ""2025-07-04T00:17:45.271815+00:00"", ""mode"": ""single"", ""current"": 1, ""friendly_name"": ""auto-banheiro""}"
2025-07-03T21:17:45.278312,automation.auto_banheiro,on,on,"{""id"": ""1747870075916"", ""last_triggered"": ""2025-07-04T00:17:45.271815+00:00"", ""mode"": ""single"", ""current"": 0, ""friendly_name"": ""auto-banheiro""}"
2025-07-03T21:17:50.286540,automation.auto_banheiro,on,on,"{""id"": ""1747870075916"", ""last_triggered"": ""2025-07-04T00:17:50.273441+00:00"", ""mode"": ""single"", ""current"": 1, ""friendly_name"": ""auto-banheiro""}"
2025-07-03T21:17:50.290151,automation.auto_banheiro,on,on,"{""id"": ""1747870075916"", ""last_triggered"": ""2025-07-04T00:17:50.273441+00:00"", ""mode"": ""single"", ""current"": 0, ""friendly_name"": ""auto-banheiro""}"
2025-07-03T21:17:55.276680,automation.auto_banheiro,on,on,"{""id"": ""1747870075916"", ""last_triggered"": ""2025-07-04T00:17:55.271856+00:00"", ""mode"": ""single"", ""current"": 1, ""friendly_name"": ""auto-banheiro""}"
2025-07-03T21:17:55.278330,automation.auto_banheiro,on,on,"{""id"": ""1747870075916"", ""last_triggered"": ""2025-07-04T00:17:55.271856+00:00"", ""mode"": ""single"", ""current"": 0, ""friendly_name"": ""auto-banheiro""}"
2025-07-03T21:18:00.279205,automation.auto_banheiro,on,on,"{""id"": ""1747870075916"", ""last_triggered"": ""2025-07-04T00:18:00.271489+00:00"", ""mode"": ""single"", ""current"": 1, ""friendly_name"": ""auto-banheiro""}"
2025-07-03T21:18:00.281566,automation.auto_banheiro,on,on,"{""id"": ""1747870075916"", ""last_triggered"": ""2025-07-04T00:18:00.271489+00:00"", ""mode"": ""single"", ""current"": 0, ""friendly_name"": ""auto-banheiro""}"
2025-07-03T21:18:02.715061,sensor.arris_tg1692a_router_download_speed,0.00126451554581466,0.00217555231090931,"{""state_class"": ""measurement"", ""unit_of_measurement"": ""Mbit/s"", ""device_class"": ""data_rate"", ""friendly_name"": ""ARRIS TG1692A Router Download speed""}"
2025-07-03T21:18:02.725135,sensor.arris_tg1692a_router_upload_speed,0.000987186113582002,0.00165339842211788,"{""state_class"": ""measurement"", ""unit_of_measurement"": ""Mbit/s"", ""device_class"": ""data_rate"", ""friendly_name"": ""ARRIS TG1692A Router Upload speed""}"
2025-07-03T21:18:05.277103,automation.auto_banheiro,on,on,"{""id"": ""1747870075916"", ""last_triggered"": ""2025-07-04T00:18:05.271699+00:00"", ""mode"": ""single"", ""current"": 1, ""friendly_name"": ""auto-banheiro""}"
2025-07-03T21:18:05.279002,automation.auto_banheiro,on,on,"{""id"": ""1747870075916"", ""last_triggered"": ""2025-07-04T00:18:05.271699+00:00"", ""mode"": ""single"", ""current"": 0, ""friendly_name"": ""auto-banheiro""}"
2025-07-03T21:18:10.276395,automation.auto_banheiro,on,on,"{""id"": ""1747870075916"", ""last_triggered"": ""2025-07-04T00:18:10.271419+00:00"", ""mode"": ""single"", ""current"": 1, ""friendly_name"": ""auto-banheiro""}"
2025-07-03T21:18:10.278114,automation.auto_banheiro,on,on,"{""id"": ""1747870075916"", ""last_triggered"": ""2025-07-04T00:18:10.271419+00:00"", ""mode"": ""single"", ""current"": 0, ""friendly_name"": ""auto-banheiro""}"
2025-07-03T21:18:15.281484,automation.auto_banheiro,on,on,"{""id"": ""1747870075916"", ""last_triggered"": ""2025-07-04T00:18:15.271196+00:00"", ""mode"": ""single"", ""current"": 1, ""friendly_name"": ""auto-banheiro""}"
2025-07-03T21:18:15.283091,automation.auto_banheiro,on,on,"{""id"": ""1747870075916"", ""last_triggered"": ""2025-07-04T00:18:15.271196+00:00"", ""mode"": ""single"", ""current"": 0, ""friendly_name"": ""auto-banheiro""}"
2025-07-03T21:18:20.278786,automation.auto_banheiro,on,on,"{""id"": ""1747870075916"", ""last_triggered"": ""2025-07-04T00:18:20.271994+00:00"", ""mode"": ""single"", ""current"": 1, ""friendly_name"": ""auto-banheiro""}"
2025-07-03T21:18:20.281349,automation.auto_banheiro,on,on,"{""id"": ""1747870075916"", ""last_triggered"": ""2025-07-04T00:18:20.271994+00:00"", ""mode"": ""single"", ""current"": 0, ""friendly_name"": ""auto-banheiro""}"
2025-07-03T21:18:25.276609,automation.auto_banheiro,on,on,"{""id"": ""1747870075916"", ""last_triggered"": ""2025-07-04T00:18:25.271683+00:00"", ""mode"": ""single"", ""current"": 1, ""friendly_name"": ""auto-banheiro""}"
2025-07-03T21:18:25.284715,automation.auto_banheiro,on,on,"{""id"": ""1747870075916"", ""last_triggered"": ""2025-07-04T00:18:25.271683+00:00"", ""mode"": ""single"", ""current"": 0, ""friendly_name"": ""auto-banheiro""}"
2025-07-03T21:18:30.288322,automation.auto_banheiro,on,on,"{""id"": ""1747870075916"", ""last_triggered"": ""2025-07-04T00:18:30.273009+00:00"", ""mode"": ""single"", ""current"": 1, ""friendly_name"": ""auto-banheiro""}"
2025-07-03T21:18:30.291852,automation.auto_banheiro,on,on,"{""id"": ""1747870075916"", ""last_triggered"": ""2025-07-04T00:18:30.273009+00:00"", ""mode"": ""single"", ""current"": 0, ""friendly_name"": ""auto-banheiro""}"
2025-07-03T21:18:32.715952,sensor.arris_tg1692a_router_download_speed,0.00217555231090931,0.0012247681152034,"{""state_class"": ""measurement"", ""unit_of_measurement"": ""Mbit/s"", ""device_class"": ""data_rate"", ""friendly_name"": ""ARRIS TG1692A Router Download speed""}"
2025-07-03T21:18:32.717392,sensor.arris_tg1692a_router_upload_speed,0.00165339842211788,0.00101117367577864,"{""state_class"": ""measurement"", ""unit_of_measurement"": ""Mbit/s"", ""device_class"": ""data_rate"", ""friendly_name"": ""ARRIS TG1692A Router Upload speed""}"
2025-07-03T21:18:35.276829,automation.auto_banheiro,on,on,"{""id"": ""1747870075916"", ""last_triggered"": ""2025-07-04T00:18:35.271403+00:00"", ""mode"": ""single"", ""current"": 1, ""friendly_name"": ""auto-banheiro""}"
2025-07-03T21:18:35.278547,automation.auto_banheiro,on,on,"{""id"": ""1747870075916"", ""last_triggered"": ""2025-07-04T00:18:35.271403+00:00"", ""mode"": ""single"", ""current"": 0, ""friendly_name"": ""auto-banheiro""}"
2025-07-03T21:18:40.276714,automation.auto_banheiro,on,on,"{""id"": ""1747870075916"", ""last_triggered"": ""2025-07-04T00:18:40.271913+00:00"", ""mode"": ""single"", ""current"": 1, ""friendly_name"": ""auto-banheiro""}"
2025-07-03T21:18:40.278382,automation.auto_banheiro,on,on,"{""id"": ""1747870075916"", ""last_triggered"": ""2025-07-04T00:18:40.271913+00:00"", ""mode"": ""single"", ""current"": 0, ""friendly_name"": ""auto-banheiro""}"
2025-07-03T21:18:45.277683,automation.auto_banheiro,on,on,"{""id"": ""1747870075916"", ""last_triggered"": ""2025-07-04T00:18:45.271661+00:00"", ""mode"": ""single"", ""current"": 1, ""friendly_name"": ""auto-banheiro""}"
2025-07-03T21:18:45.279595,automation.auto_banheiro,on,on,"{""id"": ""1747870075916"", ""last_triggered"": ""2025-07-04T00:18:45.271661+00:00"", ""mode"": ""single"", ""current"": 0, ""friendly_name"": ""auto-banheiro""}"
2025-07-03T21:18:50.280979,automation.auto_banheiro,on,on,"{""id"": ""1747870075916"", ""last_triggered"": ""2025-07-04T00:18:50.271744+00:00"", ""mode"": ""single"", ""current"": 1, ""friendly_name"": ""auto-banheiro""}"
2025-07-03T21:18:50.283716,automation.auto_banheiro,on,on,"{""id"": ""1747870075916"", ""last_triggered"": ""2025-07-04T00:18:50.271744+00:00"", ""mode"": ""single"", ""current"": 0, ""friendly_name"": ""auto-banheiro""}"
2025-07-03T21:18:55.277237,automation.auto_banheiro,on,on,"{""id"": ""1747870075916"", ""last_triggered"": ""2025-07-04T00:18:55.271754+00:00"", ""mode"": ""single"", ""current"": 1, ""friendly_name"": ""auto-banheiro""}"
2025-07-03T21:18:55.279242,automation.auto_banheiro,on,on,"{""id"": ""1747870075916"", ""last_triggered"": ""2025-07-04T00:18:55.271754+00:00"", ""mode"": ""single"", ""current"": 0, ""friendly_name"": ""auto-banheiro""}"
2025-07-03T21:19:00.277916,automation.auto_banheiro,on,on,"{""id"": ""1747870075916"", ""last_triggered"": ""2025-07-04T00:19:00.271435+00:00"", ""mode"": ""single"", ""current"": 1, ""friendly_name"": ""auto-banheiro""}"
2025-07-03T21:19:00.280959,automation.auto_banheiro,on,on,"{""id"": ""1747870075916"", ""last_triggered"": ""2025-07-04T00:19:00.271435+00:00"", ""mode"": ""single"", ""current"": 0, ""friendly_name"": ""auto-banheiro""}"
2025-07-03T21:19:02.737007,sensor.arris_tg1692a_router_download_speed,0.0012247681152034,0.00214297040672137,"{""state_class"": ""measurement"", ""unit_of_measurement"": ""Mbit/s"", ""device_class"": ""data_rate"", ""friendly_name"": ""ARRIS TG1692A Router Download speed""}"
2025-07-03T21:19:02.738671,sensor.arris_tg1692a_router_upload_speed,0.00101117367577864,0.00165229525137452,"{""state_class"": ""measurement"", ""unit_of_measurement"": ""Mbit/s"", ""device_class"": ""data_rate"", ""friendly_name"": ""ARRIS TG1692A Router Upload speed""}"
2025-07-03T21:19:05.276289,automation.auto_banheiro,on,on,"{""id"": ""1747870075916"", ""last_triggered"": ""2025-07-04T00:19:05.271409+00:00"", ""mode"": ""single"", ""current"": 1, ""friendly_name"": ""auto-banheiro""}"
2025-07-03T21:19:05.284059,automation.auto_banheiro,on,on,"{""id"": ""1747870075916"", ""last_triggered"": ""2025-07-04T00:19:05.271409+00:00"", ""mode"": ""single"", ""current"": 0, ""friendly_name"": ""auto-banheiro""}"
2025-07-03T21:19:10.281489,automation.auto_banheiro,on,on,"{""id"": ""1747870075916"", ""last_triggered"": ""2025-07-04T00:19:10.272230+00:00"", ""mode"": ""single"", ""current"": 1, ""friendly_name"": ""auto-banheiro""}"
2025-07-03T21:19:10.283397,automation.auto_banheiro,on,on,"{""id"": ""1747870075916"", ""last_triggered"": ""2025-07-04T00:19:10.272230+00:00"", ""mode"": ""single"", ""current"": 0, ""friendly_name"": ""auto-banheiro""}"
2025-07-03T21:19:15.277512,automation.auto_banheiro,on,on,"{""id"": ""1747870075916"", ""last_triggered"": ""2025-07-04T00:19:15.272782+00:00"", ""mode"": ""single"", ""current"": 1, ""friendly_name"": ""auto-banheiro""}"
2025-07-03T21:19:15.279109,automation.auto_banheiro,on,on,"{""id"": ""1747870075916"", ""last_triggered"": ""2025-07-04T00:19:15.272782+00:00"", ""mode"": ""single"", ""current"": 0, ""friendly_name"": ""auto-banheiro""}"
2025-07-03T21:19:20.276973,automation.auto_banheiro,on,on,"{""id"": ""1747870075916"", ""last_triggered"": ""2025-07-04T00:19:20.272147+00:00"", ""mode"": ""single"", ""current"": 1, ""friendly_name"": ""auto-banheiro""}"
2025-07-03T21:19:20.278667,automation.auto_banheiro,on,on,"{""id"": ""1747870075916"", ""last_triggered"": ""2025-07-04T00:19:20.272147+00:00"", ""mode"": ""single"", ""current"": 0, ""friendly_name"": ""auto-banheiro""}"
2025-07-03T21:19:25.282670,automation.auto_banheiro,on,on,"{""id"": ""1747870075916"", ""last_triggered"": ""2025-07-04T00:19:25.272285+00:00"", ""mode"": ""single"", ""current"": 1, ""friendly_name"": ""auto-banheiro""}"
2025-07-03T21:19:25.286599,automation.auto_banheiro,on,on,"{""id"": ""1747870075916"", ""last_triggered"": ""2025-07-04T00:19:25.272285+00:00"", ""mode"": ""single"", ""current"": 0, ""friendly_name"": ""auto-banheiro""}"
2025-07-03T21:19:30.277521,automation.auto_banheiro,on,on,"{""id"": ""1747870075916"", ""last_triggered"": ""2025-07-04T00:19:30.271382+00:00"", ""mode"": ""single"", ""current"": 1, ""friendly_name"": ""auto-banheiro""}"
2025-07-03T21:19:30.279443,automation.auto_banheiro,on,on,"{""id"": ""1747870075916"", ""last_triggered"": ""2025-07-04T00:19:30.271382+00:00"", ""mode"": ""single"", ""current"": 0, ""friendly_name"": ""auto-banheiro""}"
2025-07-03T21:19:32.759468,sensor.arris_tg1692a_router_download_speed,0.00214297040672137,0.00211366178937964,"{""state_class"": ""measurement"", ""unit_of_measurement"": ""Mbit/s"", ""device_class"": ""data_rate"", ""friendly_name"": ""ARRIS TG1692A Router Download speed""}"
2025-07-03T21:19:32.762662,sensor.arris_tg1692a_router_upload_speed,0.00165229525137452,0.00150217724698152,"{""state_class"": ""measurement"", ""unit_of_measurement"": ""Mbit/s"", ""device_class"": ""data_rate"", ""friendly_name"": ""ARRIS TG1692A Router Upload speed""}"
2025-07-03T21:19:35.277745,automation.auto_banheiro,on,on,"{""id"": ""1747870075916"", ""last_triggered"": ""2025-07-04T00:19:35.272027+00:00"", ""mode"": ""single"", ""current"": 1, ""friendly_name"": ""auto-banheiro""}"
2025-07-03T21:19:35.279459,automation.auto_banheiro,on,on,"{""id"": ""1747870075916"", ""last_triggered"": ""2025-07-04T00:19:35.272027+00:00"", ""mode"": ""single"", ""current"": 0, ""friendly_name"": ""auto-banheiro""}"
2025-07-03T21:19:40.281868,automation.auto_banheiro,on,on,"{""id"": ""1747870075916"", ""last_triggered"": ""2025-07-04T00:19:40.273237+00:00"", ""mode"": ""single"", ""current"": 1, ""friendly_name"": ""auto-banheiro""}"
2025-07-03T21:19:40.285172,automation.auto_banheiro,on,on,"{""id"": ""1747870075916"", ""last_triggered"": ""2025-07-04T00:19:40.273237+00:00"", ""mode"": ""single"", ""current"": 0, ""friendly_name"": ""auto-banheiro""}"
2025-07-03T21:19:45.278938,automation.auto_banheiro,on,on,"{""id"": ""1747870075916"", ""last_triggered"": ""2025-07-04T00:19:45.271594+00:00"", ""mode"": ""single"", ""current"": 1, ""friendly_name"": ""auto-banheiro""}"
2025-07-03T21:19:45.280732,automation.auto_banheiro,on,on,"{""id"": ""1747870075916"", ""last_triggered"": ""2025-07-04T00:19:45.271594+00:00"", ""mode"": ""single"", ""current"": 0, ""friendly_name"": ""auto-banheiro""}"
2025-07-03T21:19:50.278068,automation.auto_banheiro,on,on,"{""id"": ""1747870075916"", ""last_triggered"": ""2025-07-04T00:19:50.271635+00:00"", ""mode"": ""single"", ""current"": 1, ""friendly_name"": ""auto-banheiro""}"
2025-07-03T21:19:50.280361,automation.auto_banheiro,on,on,"{""id"": ""1747870075916"", ""last_triggered"": ""2025-07-04T00:19:50.271635+00:00"", ""mode"": ""single"", ""current"": 0, ""friendly_name"": ""auto-banheiro""}"
2025-07-03T21:19:55.277046,automation.auto_banheiro,on,on,"{""id"": ""1747870075916"", ""last_triggered"": ""2025-07-04T00:19:55.272067+00:00"", ""mode"": ""single"", ""current"": 1, ""friendly_name"": ""auto-banheiro""}"
2025-07-03T21:19:55.279434,automation.auto_banheiro,on,on,"{""id"": ""1747870075916"", ""last_triggered"": ""2025-07-04T00:19:55.272067+00:00"", ""mode"": ""single"", ""current"": 0, ""friendly_name"": ""auto-banheiro""}"
2025-07-03T21:20:00.282762,automation.auto_banheiro,on,on,"{""id"": ""1747870075916"", ""last_triggered"": ""2025-07-04T00:20:00.271699+00:00"", ""mode"": ""single"", ""current"": 1, ""friendly_name"": ""auto-banheiro""}"
2025-07-03T21:20:00.285589,automation.auto_banheiro,on,on,"{""id"": ""1747870075916"", ""last_triggered"": ""2025-07-04T00:20:00.271699+00:00"", ""mode"": ""single"", ""current"": 0, ""friendly_name"": ""auto-banheiro""}"
2025-07-03T21:20:02.718908,sensor.arris_tg1692a_router_download_speed,0.00211366178937964,0.00208556308553339,"{""state_class"": ""measurement"", ""unit_of_measurement"": ""Mbit/s"", ""device_class"": ""data_rate"", ""friendly_name"": ""ARRIS TG1692A Router Download speed""}"
2025-07-03T21:20:02.720646,sensor.arris_tg1692a_router_upload_speed,0.00150217724698152,0.00177090198836814,"{""state_class"": ""measurement"", ""unit_of_measurement"": ""Mbit/s"", ""device_class"": ""data_rate"", ""friendly_name"": ""ARRIS TG1692A Router Upload speed""}"
2025-07-03T21:20:05.276451,automation.auto_banheiro,on,on,"{""id"": ""1747870075916"", ""last_triggered"": ""2025-07-04T00:20:05.271385+00:00"", ""mode"": ""single"", ""current"": 1, ""friendly_name"": ""auto-banheiro""}"
2025-07-03T21:20:05.278833,automation.auto_banheiro,on,on,"{""id"": ""1747870075916"", ""last_triggered"": ""2025-07-04T00:20:05.271385+00:00"", ""mode"": ""single"", ""current"": 0, ""friendly_name"": ""auto-banheiro""}"
2025-07-03T21:20:10.277888,automation.auto_banheiro,on,on,"{""id"": ""1747870075916"", ""last_triggered"": ""2025-07-04T00:20:10.271794+00:00"", ""mode"": ""single"", ""current"": 1, ""friendly_name"": ""auto-banheiro""}"
2025-07-03T21:20:10.279487,automation.auto_banheiro,on,on,"{""id"": ""1747870075916"", ""last_triggered"": ""2025-07-04T00:20:10.271794+00:00"", ""mode"": ""single"", ""current"": 0, ""friendly_name"": ""auto-banheiro""}"
2025-07-03T21:20:15.288252,automation.auto_banheiro,on,on,"{""id"": ""1747870075916"", ""last_triggered"": ""2025-07-04T00:20:15.272672+00:00"", ""mode"": ""single"", ""current"": 1, ""friendly_name"": ""auto-banheiro""}"
2025-07-03T21:20:15.292814,automation.auto_banheiro,on,on,"{""id"": ""1747870075916"", ""last_triggered"": ""2025-07-04T00:20:15.272672+00:00"", ""mode"": ""single"", ""current"": 0, ""friendly_name"": ""auto-banheiro""}"
2025-07-03T21:20:20.276165,automation.auto_banheiro,on,on,"{""id"": ""1747870075916"", ""last_triggered"": ""2025-07-04T00:20:20.271228+00:00"", ""mode"": ""single"", ""current"": 1, ""friendly_name"": ""auto-banheiro""}"
2025-07-03T21:20:20.277829,automation.auto_banheiro,on,on,"{""id"": ""1747870075916"", ""last_triggered"": ""2025-07-04T00:20:20.271228+00:00"", ""mode"": ""single"", ""current"": 0, ""friendly_name"": ""auto-banheiro""}"
2025-07-03T21:20:25.278465,automation.auto_banheiro,on,on,"{""id"": ""1747870075916"", ""last_triggered"": ""2025-07-04T00:20:25.272905+00:00"", ""mode"": ""single"", ""current"": 1, ""friendly_name"": ""auto-banheiro""}"
2025-07-03T21:20:25.280166,automation.auto_banheiro,on,on,"{""id"": ""1747870075916"", ""last_triggered"": ""2025-07-04T00:20:25.272905+00:00"", ""mode"": ""single"", ""current"": 0, ""friendly_name"": ""auto-banheiro""}"
2025-07-03T21:20:30.283584,automation.auto_banheiro,on,on,"{""id"": ""1747870075916"", ""last_triggered"": ""2025-07-04T00:20:30.271966+00:00"", ""mode"": ""single"", ""current"": 1, ""friendly_name"": ""auto-banheiro""}"
2025-07-03T21:20:30.287532,automation.auto_banheiro,on,on,"{""id"": ""1747870075916"", ""last_triggered"": ""2025-07-04T00:20:30.271966+00:00"", ""mode"": ""single"", ""current"": 0, ""friendly_name"": ""auto-banheiro""}"
2025-07-03T21:20:32.720206,sensor.arris_tg1692a_router_download_speed,0.00208556308553339,0.00121544969088598,"{""state_class"": ""measurement"", ""unit_of_measurement"": ""Mbit/s"", ""device_class"": ""data_rate"", ""friendly_name"": ""ARRIS TG1692A Router Download speed""}"
2025-07-03T21:20:32.721843,sensor.arris_tg1692a_router_upload_speed,0.00177090198836814,0.00087492111360178,"{""state_class"": ""measurement"", ""unit_of_measurement"": ""Mbit/s"", ""device_class"": ""data_rate"", ""friendly_name"": ""ARRIS TG1692A Router Upload speed""}"
2025-07-03T21:20:35.276122,automation.auto_banheiro,on,on,"{""id"": ""1747870075916"", ""last_triggered"": ""2025-07-04T00:20:35.271153+00:00"", ""mode"": ""single"", ""current"": 1, ""friendly_name"": ""auto-banheiro""}"
2025-07-03T21:20:35.277801,automation.auto_banheiro,on,on,"{""id"": ""1747870075916"", ""last_triggered"": ""2025-07-04T00:20:35.271153+00:00"", ""mode"": ""single"", ""current"": 0, ""friendly_name"": ""auto-banheiro""}"
2025-07-03T21:20:40.285692,automation.auto_banheiro,on,on,"{""id"": ""1747870075916"", ""last_triggered"": ""2025-07-04T00:20:40.272767+00:00"", ""mode"": ""single"", ""current"": 1, ""friendly_name"": ""auto-banheiro""}"
2025-07-03T21:20:40.289806,automation.auto_banheiro,on,on,"{""id"": ""1747870075916"", ""last_triggered"": ""2025-07-04T00:20:40.272767+00:00"", ""mode"": ""single"", ""current"": 0, ""friendly_name"": ""auto-banheiro""}"
2025-07-03T21:20:45.276150,automation.auto_banheiro,on,on,"{""id"": ""1747870075916"", ""last_triggered"": ""2025-07-04T00:20:45.271373+00:00"", ""mode"": ""single"", ""current"": 1, ""friendly_name"": ""auto-banheiro""}"
2025-07-03T21:20:45.277785,automation.auto_banheiro,on,on,"{""id"": ""1747870075916"", ""last_triggered"": ""2025-07-04T00:20:45.271373+00:00"", ""mode"": ""single"", ""current"": 0, ""friendly_name"": ""auto-banheiro""}"
2025-07-03T21:20:49.601718,media_player.dlna_b13_box,unavailable,unknown,"{""friendly_name"": ""DLNA-B13 Box"", ""supported_features"": 512575}"
2025-07-03T21:20:50.276718,automation.auto_banheiro,on,on,"{""id"": ""1747870075916"", ""last_triggered"": ""2025-07-04T00:20:50.271514+00:00"", ""mode"": ""single"", ""current"": 1, ""friendly_name"": ""auto-banheiro""}"
2025-07-03T21:20:50.278637,automation.auto_banheiro,on,on,"{""id"": ""1747870075916"", ""last_triggered"": ""2025-07-04T00:20:50.271514+00:00"", ""mode"": ""single"", ""current"": 0, ""friendly_name"": ""auto-banheiro""}"
2025-07-03T21:20:55.278745,automation.auto_banheiro,on,on,"{""id"": ""1747870075916"", ""last_triggered"": ""2025-07-04T00:20:55.272984+00:00"", ""mode"": ""single"", ""current"": 1, ""friendly_name"": ""auto-banheiro""}"
2025-07-03T21:20:55.281303,automation.auto_banheiro,on,on,"{""id"": ""1747870075916"", ""last_triggered"": ""2025-07-04T00:20:55.272984+00:00"", ""mode"": ""single"", ""current"": 0, ""friendly_name"": ""auto-banheiro""}"
2025-07-03T21:20:56.416523,camera.192_168_0_33,idle,idle,"{""access_token"": ""86a3f76119c150af1946ac3a42891c3c6e3075d1d1b7e163ac9a43fb8d5bb0e8"", ""entity_picture"": ""/api/camera_proxy/camera.192_168_0_33?token=86a3f76119c150af1946ac3a42891c3c6e3075d1d1b7e163ac9a43fb8d5bb0e8"", ""friendly_name"": ""192_168_0_14"", ""supported_features"": 2}"
2025-07-03T21:20:56.418106,camera.admin_mainstream,idle,idle,"{""access_token"": ""7798d8f212df872279a9d0cc7b9e7ba97628ec02b9fc7d258405010205bd89da"", ""entity_picture"": ""/api/camera_proxy/camera.admin_mainstream?token=7798d8f212df872279a9d0cc7b9e7ba97628ec02b9fc7d258405010205bd89da"", ""friendly_name"": ""admin MainStream"", ""supported_features"": 2}"
2025-07-03T21:20:56.420627,camera.admin_substream,idle,idle,"{""access_token"": ""50e2a97f1d8a3313db0b90084acb5b7f23e58a317c7f8324bd5fe91b505bb5a3"", ""entity_picture"": ""/api/camera_proxy/camera.admin_substream?token=50e2a97f1d8a3313db0b90084acb5b7f23e58a317c7f8324bd5fe91b505bb5a3"", ""friendly_name"": ""admin SubStream"", ""supported_features"": 2}"
2025-07-03T21:20:57.412675,media_player.dlna_b13_box,unknown,unavailable,"{""friendly_name"": ""DLNA-B13 Box"", ""supported_features"": 512575}"
2025-07-03T21:21:00.278967,automation.auto_banheiro,on,on,"{""id"": ""1747870075916"", ""last_triggered"": ""2025-07-04T00:21:00.271658+00:00"", ""mode"": ""single"", ""current"": 1, ""friendly_name"": ""auto-banheiro""}"
2025-07-03T21:21:00.282452,automation.auto_banheiro,on,on,"{""id"": ""1747870075916"", ""last_triggered"": ""2025-07-04T00:21:00.271658+00:00"", ""mode"": ""single"", ""current"": 0, ""friendly_name"": ""auto-banheiro""}"
2025-07-03T21:21:02.725074,sensor.arris_tg1692a_router_download_speed,0.00121544969088598,0.00235526932342709,"{""state_class"": ""measurement"", ""unit_of_measurement"": ""Mbit/s"", ""device_class"": ""data_rate"", ""friendly_name"": ""ARRIS TG1692A Router Download speed""}"
2025-07-03T21:21:02.727029,sensor.arris_tg1692a_router_upload_speed,0.00087492111360178,0.00143844233815282,"{""state_class"": ""measurement"", ""unit_of_measurement"": ""Mbit/s"", ""device_class"": ""data_rate"", ""friendly_name"": ""ARRIS TG1692A Router Upload speed""}"
2025-07-03T21:21:05.283360,automation.auto_banheiro,on,on,"{""id"": ""1747870075916"", ""last_triggered"": ""2025-07-04T00:21:05.273000+00:00"", ""mode"": ""single"", ""current"": 1, ""friendly_name"": ""auto-banheiro""}"
2025-07-03T21:21:05.286821,automation.auto_banheiro,on,on,"{""id"": ""1747870075916"", ""last_triggered"": ""2025-07-04T00:21:05.273000+00:00"", ""mode"": ""single"", ""current"": 0, ""friendly_name"": ""auto-banheiro""}"
2025-07-03T21:21:10.278250,automation.auto_banheiro,on,on,"{""id"": ""1747870075916"", ""last_triggered"": ""2025-07-04T00:21:10.272242+00:00"", ""mode"": ""single"", ""current"": 1, ""friendly_name"": ""auto-banheiro""}"
2025-07-03T21:21:10.280318,automation.auto_banheiro,on,on,"{""id"": ""1747870075916"", ""last_triggered"": ""2025-07-04T00:21:10.272242+00:00"", ""mode"": ""single"", ""current"": 0, ""friendly_name"": ""auto-banheiro""}"
2025-07-03T21:21:15.277884,automation.auto_banheiro,on,on,"{""id"": ""1747870075916"", ""last_triggered"": ""2025-07-04T00:21:15.271733+00:00"", ""mode"": ""single"", ""current"": 1, ""friendly_name"": ""auto-banheiro""}"
2025-07-03T21:21:15.279541,automation.auto_banheiro,on,on,"{""id"": ""1747870075916"", ""last_triggered"": ""2025-07-04T00:21:15.271733+00:00"", ""mode"": ""single"", ""current"": 0, ""friendly_name"": ""auto-banheiro""}"
2025-07-03T21:21:20.277256,automation.auto_banheiro,on,on,"{""id"": ""1747870075916"", ""last_triggered"": ""2025-07-04T00:21:20.272317+00:00"", ""mode"": ""single"", ""current"": 1, ""friendly_name"": ""auto-banheiro""}"
2025-07-03T21:21:20.279150,automation.auto_banheiro,on,on,"{""id"": ""1747870075916"", ""last_triggered"": ""2025-07-04T00:21:20.272317+00:00"", ""mode"": ""single"", ""current"": 0, ""friendly_name"": ""auto-banheiro""}"
2025-07-03T21:21:25.284615,automation.auto_banheiro,on,on,"{""id"": ""1747870075916"", ""last_triggered"": ""2025-07-04T00:21:25.271921+00:00"", ""mode"": ""single"", ""current"": 1, ""friendly_name"": ""auto-banheiro""}"
2025-07-03T21:21:25.288124,automation.auto_banheiro,on,on,"{""id"": ""1747870075916"", ""last_triggered"": ""2025-07-04T00:21:25.271921+00:00"", ""mode"": ""single"", ""current"": 0, ""friendly_name"": ""auto-banheiro""}"
2025-07-03T21:21:30.276642,automation.auto_banheiro,on,on,"{""id"": ""1747870075916"", ""last_triggered"": ""2025-07-04T00:21:30.271754+00:00"", ""mode"": ""single"", ""current"": 1, ""friendly_name"": ""auto-banheiro""}"
2025-07-03T21:21:30.278437,automation.auto_banheiro,on,on,"{""id"": ""1747870075916"", ""last_triggered"": ""2025-07-04T00:21:30.271754+00:00"", ""mode"": ""single"", ""current"": 0, ""friendly_name"": ""auto-banheiro""}"
2025-07-03T21:21:32.728005,sensor.arris_tg1692a_router_download_speed,0.00235526932342709,0.00260419470408634,"{""state_class"": ""measurement"", ""unit_of_measurement"": ""Mbit/s"", ""device_class"": ""data_rate"", ""friendly_name"": ""ARRIS TG1692A Router Download speed""}"
2025-07-03T21:21:32.729714,sensor.arris_tg1692a_router_upload_speed,0.00143844233815282,0.00120903325704766,"{""state_class"": ""measurement"", ""unit_of_measurement"": ""Mbit/s"", ""device_class"": ""data_rate"", ""friendly_name"": ""ARRIS TG1692A Router Upload speed""}"
2025-07-03T21:21:35.276093,automation.auto_banheiro,on,on,"{""id"": ""1747870075916"", ""last_triggered"": ""2025-07-04T00:21:35.271267+00:00"", ""mode"": ""single"", ""current"": 1, ""friendly_name"": ""auto-banheiro""}"
2025-07-03T21:21:35.277755,automation.auto_banheiro,on,on,"{""id"": ""1747870075916"", ""last_triggered"": ""2025-07-04T00:21:35.271267+00:00"", ""mode"": ""single"", ""current"": 0, ""friendly_name"": ""auto-banheiro""}"
2025-07-03T21:21:40.277833,automation.auto_banheiro,on,on,"{""id"": ""1747870075916"", ""last_triggered"": ""2025-07-04T00:21:40.272539+00:00"", ""mode"": ""single"", ""current"": 1, ""friendly_name"": ""auto-banheiro""}"
2025-07-03T21:21:40.279768,automation.auto_banheiro,on,on,"{""id"": ""1747870075916"", ""last_triggered"": ""2025-07-04T00:21:40.272539+00:00"", ""mode"": ""single"", ""current"": 0, ""friendly_name"": ""auto-banheiro""}"
2025-07-03T21:21:45.276125,automation.auto_banheiro,on,on,"{""id"": ""1747870075916"", ""last_triggered"": ""2025-07-04T00:21:45.271158+00:00"", ""mode"": ""single"", ""current"": 1, ""friendly_name"": ""auto-banheiro""}"
2025-07-03T21:21:45.277803,automation.auto_banheiro,on,on,"{""id"": ""1747870075916"", ""last_triggered"": ""2025-07-04T00:21:45.271158+00:00"", ""mode"": ""single"", ""current"": 0, ""friendly_name"": ""auto-banheiro""}"
2025-07-03T21:21:50.277142,automation.auto_banheiro,on,on,"{""id"": ""1747870075916"", ""last_triggered"": ""2025-07-04T00:21:50.271884+00:00"", ""mode"": ""single"", ""current"": 1, ""friendly_name"": ""auto-banheiro""}"
2025-07-03T21:21:50.278888,automation.auto_banheiro,on,on,"{""id"": ""1747870075916"", ""last_triggered"": ""2025-07-04T00:21:50.271884+00:00"", ""mode"": ""single"", ""current"": 0, ""friendly_name"": ""auto-banheiro""}"
2025-07-03T21:21:55.285971,automation.auto_banheiro,on,on,"{""id"": ""1747870075916"", ""last_triggered"": ""2025-07-04T00:21:55.272958+00:00"", ""mode"": ""single"", ""current"": 1, ""friendly_name"": ""auto-banheiro""}"
2025-07-03T21:21:55.289320,automation.auto_banheiro,on,on,"{""id"": ""1747870075916"", ""last_triggered"": ""2025-07-04T00:21:55.272958+00:00"", ""mode"": ""single"", ""current"": 0, ""friendly_name"": ""auto-banheiro""}"
2025-07-03T21:22:00.278751,automation.auto_banheiro,on,on,"{""id"": ""1747870075916"", ""last_triggered"": ""2025-07-04T00:22:00.272140+00:00"", ""mode"": ""single"", ""current"": 1, ""friendly_name"": ""auto-banheiro""}"
2025-07-03T21:22:00.282370,automation.auto_banheiro,on,on,"{""id"": ""1747870075916"", ""last_triggered"": ""2025-07-04T00:22:00.272140+00:00"", ""mode"": ""single"", ""current"": 0, ""friendly_name"": ""auto-banheiro""}"
2025-07-03T21:22:02.722834,sensor.arris_tg1692a_router_download_speed,0.00260419470408634,0.00201975433877846,"{""state_class"": ""measurement"", ""unit_of_measurement"": ""Mbit/s"", ""device_class"": ""data_rate"", ""friendly_name"": ""ARRIS TG1692A Router Download speed""}"
2025-07-03T21:22:02.724517,sensor.arris_tg1692a_router_upload_speed,0.00120903325704766,0.00145494846479737,"{""state_class"": ""measurement"", ""unit_of_measurement"": ""Mbit/s"", ""device_class"": ""data_rate"", ""friendly_name"": ""ARRIS TG1692A Router Upload speed""}"
2025-07-03T21:22:05.277442,automation.auto_banheiro,on,on,"{""id"": ""1747870075916"", ""last_triggered"": ""2025-07-04T00:22:05.271463+00:00"", ""mode"": ""single"", ""current"": 1, ""friendly_name"": ""auto-banheiro""}"
2025-07-03T21:22:05.279347,automation.auto_banheiro,on,on,"{""id"": ""1747870075916"", ""last_triggered"": ""2025-07-04T00:22:05.271463+00:00"", ""mode"": ""single"", ""current"": 0, ""friendly_name"": ""auto-banheiro""}"
2025-07-03T21:22:10.276635,automation.auto_banheiro,on,on,"{""id"": ""1747870075916"", ""last_triggered"": ""2025-07-04T00:22:10.271652+00:00"", ""mode"": ""single"", ""current"": 1, ""friendly_name"": ""auto-banheiro""}"
2025-07-03T21:22:10.278609,automation.auto_banheiro,on,on,"{""id"": ""1747870075916"", ""last_triggered"": ""2025-07-04T00:22:10.271652+00:00"", ""mode"": ""single"", ""current"": 0, ""friendly_name"": ""auto-banheiro""}"
2025-07-03T21:22:15.286581,automation.auto_banheiro,on,on,"{""id"": ""1747870075916"", ""last_triggered"": ""2025-07-04T00:22:15.272486+00:00"", ""mode"": ""single"", ""current"": 1, ""friendly_name"": ""auto-banheiro""}"
2025-07-03T21:22:15.291217,automation.auto_banheiro,on,on,"{""id"": ""1747870075916"", ""last_triggered"": ""2025-07-04T00:22:15.272486+00:00"", ""mode"": ""single"", ""current"": 0, ""friendly_name"": ""auto-banheiro""}"
2025-07-03T21:22:20.277652,automation.auto_banheiro,on,on,"{""id"": ""1747870075916"", ""last_triggered"": ""2025-07-04T00:22:20.272113+00:00"", ""mode"": ""single"", ""current"": 1, ""friendly_name"": ""auto-banheiro""}"
2025-07-03T21:22:20.279085,automation.auto_banheiro,on,on,"{""id"": ""1747870075916"", ""last_triggered"": ""2025-07-04T00:22:20.272113+00:00"", ""mode"": ""single"", ""current"": 0, ""friendly_name"": ""auto-banheiro""}"
2025-07-03T21:22:25.277015,automation.auto_banheiro,on,on,"{""id"": ""1747870075916"", ""last_triggered"": ""2025-07-04T00:22:25.271557+00:00"", ""mode"": ""single"", ""current"": 1, ""friendly_name"": ""auto-banheiro""}"
2025-07-03T21:22:25.278451,automation.auto_banheiro,on,on,"{""id"": ""1747870075916"", ""last_triggered"": ""2025-07-04T00:22:25.271557+00:00"", ""mode"": ""single"", ""current"": 0, ""friendly_name"": ""auto-banheiro""}"
2025-07-03T21:22:30.277239,automation.auto_banheiro,on,on,"{""id"": ""1747870075916"", ""last_triggered"": ""2025-07-04T00:22:30.271149+00:00"", ""mode"": ""single"", ""current"": 1, ""friendly_name"": ""auto-banheiro""}"
2025-07-03T21:22:30.278818,automation.auto_banheiro,on,on,"{""id"": ""1747870075916"", ""last_triggered"": ""2025-07-04T00:22:30.271149+00:00"", ""mode"": ""single"", ""current"": 0, ""friendly_name"": ""auto-banheiro""}"
2025-07-03T21:22:32.718197,sensor.arris_tg1692a_router_download_speed,0.00201975433877846,0.00339926911847208,"{""state_class"": ""measurement"", ""unit_of_measurement"": ""Mbit/s"", ""device_class"": ""data_rate"", ""friendly_name"": ""ARRIS TG1692A Router Download speed""}"
2025-07-03T21:22:32.720479,sensor.arris_tg1692a_router_upload_speed,0.00145494846479737,0.00207070877107835,"{""state_class"": ""measurement"", ""unit_of_measurement"": ""Mbit/s"", ""device_class"": ""data_rate"", ""friendly_name"": ""ARRIS TG1692A Router Upload speed""}"
2025-07-03T21:22:35.280373,automation.auto_banheiro,on,on,"{""id"": ""1747870075916"", ""last_triggered"": ""2025-07-04T00:22:35.273180+00:00"", ""mode"": ""single"", ""current"": 1, ""friendly_name"": ""auto-banheiro""}"
2025-07-03T21:22:35.282232,automation.auto_banheiro,on,on,"{""id"": ""1747870075916"", ""last_triggered"": ""2025-07-04T00:22:35.273180+00:00"", ""mode"": ""single"", ""current"": 0, ""friendly_name"": ""auto-banheiro""}"
2025-07-03T21:22:40.276752,automation.auto_banheiro,on,on,"{""id"": ""1747870075916"", ""last_triggered"": ""2025-07-04T00:22:40.271265+00:00"", ""mode"": ""single"", ""current"": 1, ""friendly_name"": ""auto-banheiro""}"
2025-07-03T21:22:40.279408,automation.auto_banheiro,on,on,"{""id"": ""1747870075916"", ""last_triggered"": ""2025-07-04T00:22:40.271265+00:00"", ""mode"": ""single"", ""current"": 0, ""friendly_name"": ""auto-banheiro""}"
2025-07-03T21:22:45.288117,automation.auto_banheiro,on,on,"{""id"": ""1747870075916"", ""last_triggered"": ""2025-07-04T00:22:45.272341+00:00"", ""mode"": ""single"", ""current"": 1, ""friendly_name"": ""auto-banheiro""}"
2025-07-03T21:22:45.291990,automation.auto_banheiro,on,on,"{""id"": ""1747870075916"", ""last_triggered"": ""2025-07-04T00:22:45.272341+00:00"", ""mode"": ""single"", ""current"": 0, ""friendly_name"": ""auto-banheiro""}"
2025-07-03T21:22:50.277869,automation.auto_banheiro,on,on,"{""id"": ""1747870075916"", ""last_triggered"": ""2025-07-04T00:22:50.271863+00:00"", ""mode"": ""single"", ""current"": 1, ""friendly_name"": ""auto-banheiro""}"
2025-07-03T21:22:50.279747,automation.auto_banheiro,on,on,"{""id"": ""1747870075916"", ""last_triggered"": ""2025-07-04T00:22:50.271863+00:00"", ""mode"": ""single"", ""current"": 0, ""friendly_name"": ""auto-banheiro""}"
2025-07-03T21:22:55.278200,automation.auto_banheiro,on,on,"{""id"": ""1747870075916"", ""last_triggered"": ""2025-07-04T00:22:55.271848+00:00"", ""mode"": ""single"", ""current"": 1, ""friendly_name"": ""auto-banheiro""}"
2025-07-03T21:22:55.280201,automation.auto_banheiro,on,on,"{""id"": ""1747870075916"", ""last_triggered"": ""2025-07-04T00:22:55.271848+00:00"", ""mode"": ""single"", ""current"": 0, ""friendly_name"": ""auto-banheiro""}"
2025-07-03T21:23:00.278760,automation.auto_banheiro,on,on,"{""id"": ""1747870075916"", ""last_triggered"": ""2025-07-04T00:23:00.271634+00:00"", ""mode"": ""single"", ""current"": 1, ""friendly_name"": ""auto-banheiro""}"
2025-07-03T21:23:00.281097,automation.auto_banheiro,on,on,"{""id"": ""1747870075916"", ""last_triggered"": ""2025-07-04T00:23:00.271634+00:00"", ""mode"": ""single"", ""current"": 0, ""friendly_name"": ""auto-banheiro""}"
2025-07-03T21:23:02.719283,sensor.arris_tg1692a_router_download_speed,0.00339926911847208,0.00210584406394038,"{""state_class"": ""measurement"", ""unit_of_measurement"": ""Mbit/s"", ""device_class"": ""data_rate"", ""friendly_name"": ""ARRIS TG1692A Router Download speed""}"
2025-07-03T21:23:02.721325,sensor.arris_tg1692a_router_upload_speed,0.00207070877107835,0.00164798231165652,"{""state_class"": ""measurement"", ""unit_of_measurement"": ""Mbit/s"", ""device_class"": ""data_rate"", ""friendly_name"": ""ARRIS TG1692A Router Upload speed""}"
2025-07-03T21:23:05.276925,automation.auto_banheiro,on,on,"{""id"": ""1747870075916"", ""last_triggered"": ""2025-07-04T00:23:05.271652+00:00"", ""mode"": ""single"", ""current"": 1, ""friendly_name"": ""auto-banheiro""}"
2025-07-03T21:23:05.278831,automation.auto_banheiro,on,on,"{""id"": ""1747870075916"", ""last_triggered"": ""2025-07-04T00:23:05.271652+00:00"", ""mode"": ""single"", ""current"": 0, ""friendly_name"": ""auto-banheiro""}"
2025-07-03T21:23:10.287279,automation.auto_banheiro,on,on,"{""id"": ""1747870075916"", ""last_triggered"": ""2025-07-04T00:23:10.272267+00:00"", ""mode"": ""single"", ""current"": 1, ""friendly_name"": ""auto-banheiro""}"
2025-07-03T21:23:10.290841,automation.auto_banheiro,on,on,"{""id"": ""1747870075916"", ""last_triggered"": ""2025-07-04T00:23:10.272267+00:00"", ""mode"": ""single"", ""current"": 0, ""friendly_name"": ""auto-banheiro""}"
2025-07-03T21:23:15.276928,automation.auto_banheiro,on,on,"{""id"": ""1747870075916"", ""last_triggered"": ""2025-07-04T00:23:15.271678+00:00"", ""mode"": ""single"", ""current"": 1, ""friendly_name"": ""auto-banheiro""}"
2025-07-03T21:23:15.278804,automation.auto_banheiro,on,on,"{""id"": ""1747870075916"", ""last_triggered"": ""2025-07-04T00:23:15.271678+00:00"", ""mode"": ""single"", ""current"": 0, ""friendly_name"": ""auto-banheiro""}"
2025-07-03T21:23:20.276331,automation.auto_banheiro,on,on,"{""id"": ""1747870075916"", ""last_triggered"": ""2025-07-04T00:23:20.271497+00:00"", ""mode"": ""single"", ""current"": 1, ""friendly_name"": ""auto-banheiro""}"
2025-07-03T21:23:20.278345,automation.auto_banheiro,on,on,"{""id"": ""1747870075916"", ""last_triggered"": ""2025-07-04T00:23:20.271497+00:00"", ""mode"": ""single"", ""current"": 0, ""friendly_name"": ""auto-banheiro""}"
2025-07-03T21:23:25.281387,automation.auto_banheiro,on,on,"{""id"": ""1747870075916"", ""last_triggered"": ""2025-07-04T00:23:25.272462+00:00"", ""mode"": ""single"", ""current"": 1, ""friendly_name"": ""auto-banheiro""}"
2025-07-03T21:23:25.284746,automation.auto_banheiro,on,on,"{""id"": ""1747870075916"", ""last_triggered"": ""2025-07-04T00:23:25.272462+00:00"", ""mode"": ""single"", ""current"": 0, ""friendly_name"": ""auto-banheiro""}"
2025-07-03T21:23:30.277944,automation.auto_banheiro,on,on,"{""id"": ""1747870075916"", ""last_triggered"": ""2025-07-04T00:23:30.272027+00:00"", ""mode"": ""single"", ""current"": 1, ""friendly_name"": ""auto-banheiro""}"
2025-07-03T21:23:30.279734,automation.auto_banheiro,on,on,"{""id"": ""1747870075916"", ""last_triggered"": ""2025-07-04T00:23:30.272027+00:00"", ""mode"": ""single"", ""current"": 0, ""friendly_name"": ""auto-banheiro""}"
2025-07-03T21:23:32.717867,sensor.arris_tg1692a_router_download_speed,0.00210584406394038,0.00401837401451471,"{""state_class"": ""measurement"", ""unit_of_measurement"": ""Mbit/s"", ""device_class"": ""data_rate"", ""friendly_name"": ""ARRIS TG1692A Router Download speed""}"
2025-07-03T21:23:32.719669,sensor.arris_tg1692a_router_upload_speed,0.00164798231165652,0.00187118789965158,"{""state_class"": ""measurement"", ""unit_of_measurement"": ""Mbit/s"", ""device_class"": ""data_rate"", ""friendly_name"": ""ARRIS TG1692A Router Upload speed""}"
2025-07-03T21:23:35.284583,automation.auto_banheiro,on,on,"{""id"": ""1747870075916"", ""last_triggered"": ""2025-07-04T00:23:35.272714+00:00"", ""mode"": ""single"", ""current"": 1, ""friendly_name"": ""auto-banheiro""}"
2025-07-03T21:23:35.288152,automation.auto_banheiro,on,on,"{""id"": ""1747870075916"", ""last_triggered"": ""2025-07-04T00:23:35.272714+00:00"", ""mode"": ""single"", ""current"": 0, ""friendly_name"": ""auto-banheiro""}"
2025-07-03T21:23:40.280019,automation.auto_banheiro,on,on,"{""id"": ""1747870075916"", ""last_triggered"": ""2025-07-04T00:23:40.272377+00:00"", ""mode"": ""single"", ""current"": 1, ""friendly_name"": ""auto-banheiro""}"
2025-07-03T21:23:40.282611,automation.auto_banheiro,on,on,"{""id"": ""1747870075916"", ""last_triggered"": ""2025-07-04T00:23:40.272377+00:00"", ""mode"": ""single"", ""current"": 0, ""friendly_name"": ""auto-banheiro""}"
2025-07-03T21:23:45.282709,automation.auto_banheiro,on,on,"{""id"": ""1747870075916"", ""last_triggered"": ""2025-07-04T00:23:45.272009+00:00"", ""mode"": ""single"", ""current"": 1, ""friendly_name"": ""auto-banheiro""}"
2025-07-03T21:23:45.286134,automation.auto_banheiro,on,on,"{""id"": ""1747870075916"", ""last_triggered"": ""2025-07-04T00:23:45.272009+00:00"", ""mode"": ""single"", ""current"": 0, ""friendly_name"": ""auto-banheiro""}"
2025-07-03T21:23:50.280364,automation.auto_banheiro,on,on,"{""id"": ""1747870075916"", ""last_triggered"": ""2025-07-04T00:23:50.272592+00:00"", ""mode"": ""single"", ""current"": 1, ""friendly_name"": ""auto-banheiro""}"
2025-07-03T21:23:50.291525,automation.auto_banheiro,on,on,"{""id"": ""1747870075916"", ""last_triggered"": ""2025-07-04T00:23:50.272592+00:00"", ""mode"": ""single"", ""current"": 0, ""friendly_name"": ""auto-banheiro""}"
2025-07-03T21:23:55.276798,automation.auto_banheiro,on,on,"{""id"": ""1747870075916"", ""last_triggered"": ""2025-07-04T00:23:55.272081+00:00"", ""mode"": ""single"", ""current"": 1, ""friendly_name"": ""auto-banheiro""}"
2025-07-03T21:23:55.278475,automation.auto_banheiro,on,on,"{""id"": ""1747870075916"", ""last_triggered"": ""2025-07-04T00:23:55.272081+00:00"", ""mode"": ""single"", ""current"": 0, ""friendly_name"": ""auto-banheiro""}"
2025-07-03T21:24:00.277285,automation.auto_banheiro,on,on,"{""id"": ""1747870075916"", ""last_triggered"": ""2025-07-04T00:24:00.271811+00:00"", ""mode"": ""single"", ""current"": 1, ""friendly_name"": ""auto-banheiro""}"
2025-07-03T21:24:00.280359,automation.auto_banheiro,on,on,"{""id"": ""1747870075916"", ""last_triggered"": ""2025-07-04T00:24:00.271811+00:00"", ""mode"": ""single"", ""current"": 0, ""friendly_name"": ""auto-banheiro""}"
2025-07-03T21:24:02.718634,sensor.arris_tg1692a_router_download_speed,0.00401837401451471,0.00211990608816029,"{""state_class"": ""measurement"", ""unit_of_measurement"": ""Mbit/s"", ""device_class"": ""data_rate"", ""friendly_name"": ""ARRIS TG1692A Router Download speed""}"
2025-07-03T21:24:02.727573,sensor.arris_tg1692a_router_upload_speed,0.00187118789965158,0.00176525513253096,"{""state_class"": ""measurement"", ""unit_of_measurement"": ""Mbit/s"", ""device_class"": ""data_rate"", ""friendly_name"": ""ARRIS TG1692A Router Upload speed""}"
2025-07-03T21:24:05.281541,automation.auto_banheiro,on,on,"{""id"": ""1747870075916"", ""last_triggered"": ""2025-07-04T00:24:05.272389+00:00"", ""mode"": ""single"", ""current"": 1, ""friendly_name"": ""auto-banheiro""}"
2025-07-03T21:24:05.284881,automation.auto_banheiro,on,on,"{""id"": ""1747870075916"", ""last_triggered"": ""2025-07-04T00:24:05.272389+00:00"", ""mode"": ""single"", ""current"": 0, ""friendly_name"": ""auto-banheiro""}"
2025-07-03T21:24:10.278494,automation.auto_banheiro,on,on,"{""id"": ""1747870075916"", ""last_triggered"": ""2025-07-04T00:24:10.271432+00:00"", ""mode"": ""single"", ""current"": 1, ""friendly_name"": ""auto-banheiro""}"
2025-07-03T21:24:10.280088,automation.auto_banheiro,on,on,"{""id"": ""1747870075916"", ""last_triggered"": ""2025-07-04T00:24:10.271432+00:00"", ""mode"": ""single"", ""current"": 0, ""friendly_name"": ""auto-banheiro""}"
2025-07-03T21:24:15.277230,automation.auto_banheiro,on,on,"{""id"": ""1747870075916"", ""last_triggered"": ""2025-07-04T00:24:15.271385+00:00"", ""mode"": ""single"", ""current"": 1, ""friendly_name"": ""auto-banheiro""}"
2025-07-03T21:24:15.279689,automation.auto_banheiro,on,on,"{""id"": ""1747870075916"", ""last_triggered"": ""2025-07-04T00:24:15.271385+00:00"", ""mode"": ""single"", ""current"": 0, ""friendly_name"": ""auto-banheiro""}"
2025-07-03T21:24:20.278518,automation.auto_banheiro,on,on,"{""id"": ""1747870075916"", ""last_triggered"": ""2025-07-04T00:24:20.273000+00:00"", ""mode"": ""single"", ""current"": 1, ""friendly_name"": ""auto-banheiro""}"
2025-07-03T21:24:20.280236,automation.auto_banheiro,on,on,"{""id"": ""1747870075916"", ""last_triggered"": ""2025-07-04T00:24:20.273000+00:00"", ""mode"": ""single"", ""current"": 0, ""friendly_name"": ""auto-banheiro""}"
2025-07-03T21:24:25.276621,automation.auto_banheiro,on,on,"{""id"": ""1747870075916"", ""last_triggered"": ""2025-07-04T00:24:25.271699+00:00"", ""mode"": ""single"", ""current"": 1, ""friendly_name"": ""auto-banheiro""}"
2025-07-03T21:24:25.278300,automation.auto_banheiro,on,on,"{""id"": ""1747870075916"", ""last_triggered"": ""2025-07-04T00:24:25.271699+00:00"", ""mode"": ""single"", ""current"": 0, ""friendly_name"": ""auto-banheiro""}"
2025-07-03T21:24:30.283741,automation.auto_banheiro,on,on,"{""id"": ""1747870075916"", ""last_triggered"": ""2025-07-04T00:24:30.272385+00:00"", ""mode"": ""single"", ""current"": 1, ""friendly_name"": ""auto-banheiro""}"
2025-07-03T21:24:30.287005,automation.auto_banheiro,on,on,"{""id"": ""1747870075916"", ""last_triggered"": ""2025-07-04T00:24:30.272385+00:00"", ""mode"": ""single"", ""current"": 0, ""friendly_name"": ""auto-banheiro""}"
2025-07-03T21:24:32.719158,sensor.arris_tg1692a_router_download_speed,0.00211990608816029,0.00138566674294812,"{""state_class"": ""measurement"", ""unit_of_measurement"": ""Mbit/s"", ""device_class"": ""data_rate"", ""friendly_name"": ""ARRIS TG1692A Router Download speed""}"
2025-07-03T21:24:32.721147,sensor.arris_tg1692a_router_upload_speed,0.00176525513253096,0.000945645548593924,"{""state_class"": ""measurement"", ""unit_of_measurement"": ""Mbit/s"", ""device_class"": ""data_rate"", ""friendly_name"": ""ARRIS TG1692A Router Upload speed""}"
2025-07-03T21:24:35.277655,automation.auto_banheiro,on,on,"{""id"": ""1747870075916"", ""last_triggered"": ""2025-07-04T00:24:35.272146+00:00"", ""mode"": ""single"", ""current"": 1, ""friendly_name"": ""auto-banheiro""}"
2025-07-03T21:24:35.279373,automation.auto_banheiro,on,on,"{""id"": ""1747870075916"", ""last_triggered"": ""2025-07-04T00:24:35.272146+00:00"", ""mode"": ""single"", ""current"": 0, ""friendly_name"": ""auto-banheiro""}"
2025-07-03T21:24:40.277360,automation.auto_banheiro,on,on,"{""id"": ""1747870075916"", ""last_triggered"": ""2025-07-04T00:24:40.271177+00:00"", ""mode"": ""single"", ""current"": 1, ""friendly_name"": ""auto-banheiro""}"
2025-07-03T21:24:40.280159,automation.auto_banheiro,on,on,"{""id"": ""1747870075916"", ""last_triggered"": ""2025-07-04T00:24:40.271177+00:00"", ""mode"": ""single"", ""current"": 0, ""friendly_name"": ""auto-banheiro""}"
2025-07-03T21:24:45.276948,automation.auto_banheiro,on,on,"{""id"": ""1747870075916"", ""last_triggered"": ""2025-07-04T00:24:45.272108+00:00"", ""mode"": ""single"", ""current"": 1, ""friendly_name"": ""auto-banheiro""}"
2025-07-03T21:24:45.279221,automation.auto_banheiro,on,on,"{""id"": ""1747870075916"", ""last_triggered"": ""2025-07-04T00:24:45.272108+00:00"", ""mode"": ""single"", ""current"": 0, ""friendly_name"": ""auto-banheiro""}"
2025-07-03T21:24:50.278344,automation.auto_banheiro,on,on,"{""id"": ""1747870075916"", ""last_triggered"": ""2025-07-04T00:24:50.271656+00:00"", ""mode"": ""single"", ""current"": 1, ""friendly_name"": ""auto-banheiro""}"
2025-07-03T21:24:50.280002,automation.auto_banheiro,on,on,"{""id"": ""1747870075916"", ""last_triggered"": ""2025-07-04T00:24:50.271656+00:00"", ""mode"": ""single"", ""current"": 0, ""friendly_name"": ""auto-banheiro""}"
2025-07-03T21:24:55.280275,automation.auto_banheiro,on,on,"{""id"": ""1747870075916"", ""last_triggered"": ""2025-07-04T00:24:55.273748+00:00"", ""mode"": ""single"", ""current"": 1, ""friendly_name"": ""auto-banheiro""}"
2025-07-03T21:24:55.282225,automation.auto_banheiro,on,on,"{""id"": ""1747870075916"", ""last_triggered"": ""2025-07-04T00:24:55.273748+00:00"", ""mode"": ""single"", ""current"": 0, ""friendly_name"": ""auto-banheiro""}"
2025-07-03T21:25:00.278804,automation.auto_banheiro,on,on,"{""id"": ""1747870075916"", ""last_triggered"": ""2025-07-04T00:25:00.271729+00:00"", ""mode"": ""single"", ""current"": 1, ""friendly_name"": ""auto-banheiro""}"
2025-07-03T21:25:00.280726,automation.auto_banheiro,on,on,"{""id"": ""1747870075916"", ""last_triggered"": ""2025-07-04T00:25:00.271729+00:00"", ""mode"": ""single"", ""current"": 0, ""friendly_name"": ""auto-banheiro""}"
2025-07-03T21:25:02.732072,sensor.arris_tg1692a_router_download_speed,0.00138566674294812,0.00214851020104017,"{""state_class"": ""measurement"", ""unit_of_measurement"": ""Mbit/s"", ""device_class"": ""data_rate"", ""friendly_name"": ""ARRIS TG1692A Router Download speed""}"
2025-07-03T21:25:02.736539,sensor.arris_tg1692a_router_upload_speed,0.000945645548593924,0.00143438455645961,"{""state_class"": ""measurement"", ""unit_of_measurement"": ""Mbit/s"", ""device_class"": ""data_rate"", ""friendly_name"": ""ARRIS TG1692A Router Upload speed""}"
2025-07-03T21:25:05.277341,automation.auto_banheiro,on,on,"{""id"": ""1747870075916"", ""last_triggered"": ""2025-07-04T00:25:05.271740+00:00"", ""mode"": ""single"", ""current"": 1, ""friendly_name"": ""auto-banheiro""}"
2025-07-03T21:25:05.278829,automation.auto_banheiro,on,on,"{""id"": ""1747870075916"", ""last_triggered"": ""2025-07-04T00:25:05.271740+00:00"", ""mode"": ""single"", ""current"": 0, ""friendly_name"": ""auto-banheiro""}"
2025-07-03T21:25:10.276086,automation.auto_banheiro,on,on,"{""id"": ""1747870075916"", ""last_triggered"": ""2025-07-04T00:25:10.271155+00:00"", ""mode"": ""single"", ""current"": 1, ""friendly_name"": ""auto-banheiro""}"
2025-07-03T21:25:10.277728,automation.auto_banheiro,on,on,"{""id"": ""1747870075916"", ""last_triggered"": ""2025-07-04T00:25:10.271155+00:00"", ""mode"": ""single"", ""current"": 0, ""friendly_name"": ""auto-banheiro""}"
2025-07-03T21:25:15.282525,automation.auto_banheiro,on,on,"{""id"": ""1747870075916"", ""last_triggered"": ""2025-07-04T00:25:15.272054+00:00"", ""mode"": ""single"", ""current"": 1, ""friendly_name"": ""auto-banheiro""}"
2025-07-03T21:25:15.286094,automation.auto_banheiro,on,on,"{""id"": ""1747870075916"", ""last_triggered"": ""2025-07-04T00:25:15.272054+00:00"", ""mode"": ""single"", ""current"": 0, ""friendly_name"": ""auto-banheiro""}"
2025-07-03T21:25:20.277489,automation.auto_banheiro,on,on,"{""id"": ""1747870075916"", ""last_triggered"": ""2025-07-04T00:25:20.271435+00:00"", ""mode"": ""single"", ""current"": 1, ""friendly_name"": ""auto-banheiro""}"
2025-07-03T21:25:20.279270,automation.auto_banheiro,on,on,"{""id"": ""1747870075916"", ""last_triggered"": ""2025-07-04T00:25:20.271435+00:00"", ""mode"": ""single"", ""current"": 0, ""friendly_name"": ""auto-banheiro""}"
2025-07-03T21:25:25.276165,automation.auto_banheiro,on,on,"{""id"": ""1747870075916"", ""last_triggered"": ""2025-07-04T00:25:25.271283+00:00"", ""mode"": ""single"", ""current"": 1, ""friendly_name"": ""auto-banheiro""}"
2025-07-03T21:25:25.278556,automation.auto_banheiro,on,on,"{""id"": ""1747870075916"", ""last_triggered"": ""2025-07-04T00:25:25.271283+00:00"", ""mode"": ""single"", ""current"": 0, ""friendly_name"": ""auto-banheiro""}"
2025-07-03T21:25:30.284785,automation.auto_banheiro,on,on,"{""id"": ""1747870075916"", ""last_triggered"": ""2025-07-04T00:25:30.273520+00:00"", ""mode"": ""single"", ""current"": 1, ""friendly_name"": ""auto-banheiro""}"
2025-07-03T21:25:30.287568,automation.auto_banheiro,on,on,"{""id"": ""1747870075916"", ""last_triggered"": ""2025-07-04T00:25:30.273520+00:00"", ""mode"": ""single"", ""current"": 0, ""friendly_name"": ""auto-banheiro""}"
2025-07-03T21:25:32.718720,sensor.arris_tg1692a_router_download_speed,0.00214851020104017,0.00131788959794567,"{""state_class"": ""measurement"", ""unit_of_measurement"": ""Mbit/s"", ""device_class"": ""data_rate"", ""friendly_name"": ""ARRIS TG1692A Router Download speed""}"
2025-07-03T21:25:32.720384,sensor.arris_tg1692a_router_upload_speed,0.00143438455645961,0.0010165510213211,"{""state_class"": ""measurement"", ""unit_of_measurement"": ""Mbit/s"", ""device_class"": ""data_rate"", ""friendly_name"": ""ARRIS TG1692A Router Upload speed""}"
2025-07-03T21:25:35.280476,automation.auto_banheiro,on,on,"{""id"": ""1747870075916"", ""last_triggered"": ""2025-07-04T00:25:35.271965+00:00"", ""mode"": ""single"", ""current"": 1, ""friendly_name"": ""auto-banheiro""}"
2025-07-03T21:25:35.282319,automation.auto_banheiro,on,on,"{""id"": ""1747870075916"", ""last_triggered"": ""2025-07-04T00:25:35.271965+00:00"", ""mode"": ""single"", ""current"": 0, ""friendly_name"": ""auto-banheiro""}"
2025-07-03T21:25:40.281186,automation.auto_banheiro,on,on,"{""id"": ""1747870075916"", ""last_triggered"": ""2025-07-04T00:25:40.274995+00:00"", ""mode"": ""single"", ""current"": 1, ""friendly_name"": ""auto-banheiro""}"
2025-07-03T21:25:40.282618,automation.auto_banheiro,on,on,"{""id"": ""1747870075916"", ""last_triggered"": ""2025-07-04T00:25:40.274995+00:00"", ""mode"": ""single"", ""current"": 0, ""friendly_name"": ""auto-banheiro""}"
2025-07-03T21:25:45.277107,automation.auto_banheiro,on,on,"{""id"": ""1747870075916"", ""last_triggered"": ""2025-07-04T00:25:45.271278+00:00"", ""mode"": ""single"", ""current"": 1, ""friendly_name"": ""auto-banheiro""}"
2025-07-03T21:25:45.279208,automation.auto_banheiro,on,on,"{""id"": ""1747870075916"", ""last_triggered"": ""2025-07-04T00:25:45.271278+00:00"", ""mode"": ""single"", ""current"": 0, ""friendly_name"": ""auto-banheiro""}"
2025-07-03T21:25:50.276984,automation.auto_banheiro,on,on,"{""id"": ""1747870075916"", ""last_triggered"": ""2025-07-04T00:25:50.271761+00:00"", ""mode"": ""single"", ""current"": 1, ""friendly_name"": ""auto-banheiro""}"
2025-07-03T21:25:50.278934,automation.auto_banheiro,on,on,"{""id"": ""1747870075916"", ""last_triggered"": ""2025-07-04T00:25:50.271761+00:00"", ""mode"": ""single"", ""current"": 0, ""friendly_name"": ""auto-banheiro""}"
2025-07-03T21:25:55.279123,automation.auto_banheiro,on,on,"{""id"": ""1747870075916"", ""last_triggered"": ""2025-07-04T00:25:55.271389+00:00"", ""mode"": ""single"", ""current"": 1, ""friendly_name"": ""auto-banheiro""}"
2025-07-03T21:25:55.280707,automation.auto_banheiro,on,on,"{""id"": ""1747870075916"", ""last_triggered"": ""2025-07-04T00:25:55.271389+00:00"", ""mode"": ""single"", ""current"": 0, ""friendly_name"": ""auto-banheiro""}"
2025-07-03T21:25:56.417385,camera.192_168_0_33,idle,idle,"{""access_token"": ""16bc917036161873effd3772dfd19aba8b1fe15229522e1a2f0981b9ffef2682"", ""entity_picture"": ""/api/camera_proxy/camera.192_168_0_33?token=16bc917036161873effd3772dfd19aba8b1fe15229522e1a2f0981b9ffef2682"", ""friendly_name"": ""192_168_0_14"", ""supported_features"": 2}"
2025-07-03T21:25:56.419094,camera.admin_mainstream,idle,idle,"{""access_token"": ""18e30d3e37b1a40701dd5aa4d5cfa33bb82e59847e2ccdb8eb62d32549b5557"", ""entity_picture"": ""/api/camera_proxy/camera.admin_mainstream?token=18e30d3e37b1a40701dd5aa4d5cfa33bb82e59847e2ccdb8eb62d32549b5557"", ""friendly_name"": ""admin MainStream"", ""supported_features"": 2}"
2025-07-03T21:25:56.420790,camera.admin_substream,idle,idle,"{""access_token"": ""f0e430bd702ea174efbd2b78f0c8c70a053bc96f523836967f513bc5f874e8a7"", ""entity_picture"": ""/api/camera_proxy/camera.admin_substream?token=f0e430bd702ea174efbd2b78f0c8c70a053bc96f523836967f513bc5f874e8a7"", ""friendly_name"": ""admin SubStream"", ""supported_features"": 2}"
2025-07-03T21:26:00.278731,automation.auto_banheiro,on,on,"{""id"": ""1747870075916"", ""last_triggered"": ""2025-07-04T00:26:00.272064+00:00"", ""mode"": ""single"", ""current"": 1, ""friendly_name"": ""auto-banheiro""}"
2025-07-03T21:26:00.280647,automation.auto_banheiro,on,on,"{""id"": ""1747870075916"", ""last_triggered"": ""2025-07-04T00:26:00.272064+00:00"", ""mode"": ""single"", ""current"": 0, ""friendly_name"": ""auto-banheiro""}"
2025-07-03T21:26:02.718824,sensor.arris_tg1692a_router_download_speed,0.00131788959794567,0.00202022808031033,"{""state_class"": ""measurement"", ""unit_of_measurement"": ""Mbit/s"", ""device_class"": ""data_rate"", ""friendly_name"": ""ARRIS TG1692A Router Download speed""}"
2025-07-03T21:26:02.720534,sensor.arris_tg1692a_router_upload_speed,0.0010165510213211,0.00131037497183804,"{""state_class"": ""measurement"", ""unit_of_measurement"": ""Mbit/s"", ""device_class"": ""data_rate"", ""friendly_name"": ""ARRIS TG1692A Router Upload speed""}"
2025-07-03T21:26:05.283610,automation.auto_banheiro,on,on,"{""id"": ""1747870075916"", ""last_triggered"": ""2025-07-04T00:26:05.272368+00:00"", ""mode"": ""single"", ""current"": 1, ""friendly_name"": ""auto-banheiro""}"
2025-07-03T21:26:05.289702,automation.auto_banheiro,on,on,"{""id"": ""1747870075916"", ""last_triggered"": ""2025-07-04T00:26:05.272368+00:00"", ""mode"": ""single"", ""current"": 0, ""friendly_name"": ""auto-banheiro""}"
2025-07-03T21:26:10.276122,automation.auto_banheiro,on,on,"{""id"": ""1747870075916"", ""last_triggered"": ""2025-07-04T00:26:10.271237+00:00"", ""mode"": ""single"", ""current"": 1, ""friendly_name"": ""auto-banheiro""}"
2025-07-03T21:26:10.277787,automation.auto_banheiro,on,on,"{""id"": ""1747870075916"", ""last_triggered"": ""2025-07-04T00:26:10.271237+00:00"", ""mode"": ""single"", ""current"": 0, ""friendly_name"": ""auto-banheiro""}"
2025-07-03T21:26:15.276593,automation.auto_banheiro,on,on,"{""id"": ""1747870075916"", ""last_triggered"": ""2025-07-04T00:26:15.271778+00:00"", ""mode"": ""single"", ""current"": 1, ""friendly_name"": ""auto-banheiro""}"
2025-07-03T21:26:15.278235,automation.auto_banheiro,on,on,"{""id"": ""1747870075916"", ""last_triggered"": ""2025-07-04T00:26:15.271778+00:00"", ""mode"": ""single"", ""current"": 0, ""friendly_name"": ""auto-banheiro""}"
2025-07-03T21:26:20.280714,automation.auto_banheiro,on,on,"{""id"": ""1747870075916"", ""last_triggered"": ""2025-07-04T00:26:20.271742+00:00"", ""mode"": ""single"", ""current"": 1, ""friendly_name"": ""auto-banheiro""}"
2025-07-03T21:26:20.282245,automation.auto_banheiro,on,on,"{""id"": ""1747870075916"", ""last_triggered"": ""2025-07-04T00:26:20.271742+00:00"", ""mode"": ""single"", ""current"": 0, ""friendly_name"": ""auto-banheiro""}"
2025-07-03T21:26:25.278279,automation.auto_banheiro,on,on,"{""id"": ""1747870075916"", ""last_triggered"": ""2025-07-04T00:26:25.271776+00:00"", ""mode"": ""single"", ""current"": 1, ""friendly_name"": ""auto-banheiro""}"
2025-07-03T21:26:25.280059,automation.auto_banheiro,on,on,"{""id"": ""1747870075916"", ""last_triggered"": ""2025-07-04T00:26:25.271776+00:00"", ""mode"": ""single"", ""current"": 0, ""friendly_name"": ""auto-banheiro""}"
2025-07-03T21:26:30.276870,automation.auto_banheiro,on,on,"{""id"": ""1747870075916"", ""last_triggered"": ""2025-07-04T00:26:30.271989+00:00"", ""mode"": ""single"", ""current"": 1, ""friendly_name"": ""auto-banheiro""}"
2025-07-03T21:26:30.278453,automation.auto_banheiro,on,on,"{""id"": ""1747870075916"", ""last_triggered"": ""2025-07-04T00:26:30.271989+00:00"", ""mode"": ""single"", ""current"": 0, ""friendly_name"": ""auto-banheiro""}"
2025-07-03T21:26:32.724705,sensor.arris_tg1692a_router_download_speed,0.00202022808031033,0.00246321839203066,"{""state_class"": ""measurement"", ""unit_of_measurement"": ""Mbit/s"", ""device_class"": ""data_rate"", ""friendly_name"": ""ARRIS TG1692A Router Download speed""}"
2025-07-03T21:26:32.726691,sensor.arris_tg1692a_router_upload_speed,0.00131037497183804,0.00133307662030543,"{""state_class"": ""measurement"", ""unit_of_measurement"": ""Mbit/s"", ""device_class"": ""data_rate"", ""friendly_name"": ""ARRIS TG1692A Router Upload speed""}"
2025-07-03T21:26:35.277314,automation.auto_banheiro,on,on,"{""id"": ""1747870075916"", ""last_triggered"": ""2025-07-04T00:26:35.272513+00:00"", ""mode"": ""single"", ""current"": 1, ""friendly_name"": ""auto-banheiro""}"
2025-07-03T21:26:35.278994,automation.auto_banheiro,on,on,"{""id"": ""1747870075916"", ""last_triggered"": ""2025-07-04T00:26:35.272513+00:00"", ""mode"": ""single"", ""current"": 0, ""friendly_name"": ""auto-banheiro""}"
2025-07-03T21:26:40.276454,automation.auto_banheiro,on,on,"{""id"": ""1747870075916"", ""last_triggered"": ""2025-07-04T00:26:40.271690+00:00"", ""mode"": ""single"", ""current"": 1, ""friendly_name"": ""auto-banheiro""}"
2025-07-03T21:26:40.278199,automation.auto_banheiro,on,on,"{""id"": ""1747870075916"", ""last_triggered"": ""2025-07-04T00:26:40.271690+00:00"", ""mode"": ""single"", ""current"": 0, ""friendly_name"": ""auto-banheiro""}"
2025-07-03T21:26:45.276904,automation.auto_banheiro,on,on,"{""id"": ""1747870075916"", ""last_triggered"": ""2025-07-04T00:26:45.271797+00:00"", ""mode"": ""single"", ""current"": 1, ""friendly_name"": ""auto-banheiro""}"
2025-07-03T21:26:45.278803,automation.auto_banheiro,on,on,"{""id"": ""1747870075916"", ""last_triggered"": ""2025-07-04T00:26:45.271797+00:00"", ""mode"": ""single"", ""current"": 0, ""friendly_name"": ""auto-banheiro""}"
2025-07-03T21:26:50.281823,automation.auto_banheiro,on,on,"{""id"": ""1747870075916"", ""last_triggered"": ""2025-07-04T00:26:50.272438+00:00"", ""mode"": ""single"", ""current"": 1, ""friendly_name"": ""auto-banheiro""}"
2025-07-03T21:26:50.284584,automation.auto_banheiro,on,on,"{""id"": ""1747870075916"", ""last_triggered"": ""2025-07-04T00:26:50.272438+00:00"", ""mode"": ""single"", ""current"": 0, ""friendly_name"": ""auto-banheiro""}"
2025-07-03T21:26:55.279263,automation.auto_banheiro,on,on,"{""id"": ""1747870075916"", ""last_triggered"": ""2025-07-04T00:26:55.272743+00:00"", ""mode"": ""single"", ""current"": 1, ""friendly_name"": ""auto-banheiro""}"
2025-07-03T21:26:55.280991,automation.auto_banheiro,on,on,"{""id"": ""1747870075916"", ""last_triggered"": ""2025-07-04T00:26:55.272743+00:00"", ""mode"": ""single"", ""current"": 0, ""friendly_name"": ""auto-banheiro""}"
2025-07-03T21:27:00.277029,automation.auto_banheiro,on,on,"{""id"": ""1747870075916"", ""last_triggered"": ""2025-07-04T00:27:00.271603+00:00"", ""mode"": ""single"", ""current"": 1, ""friendly_name"": ""auto-banheiro""}"
2025-07-03T21:27:00.278781,automation.auto_banheiro,on,on,"{""id"": ""1747870075916"", ""last_triggered"": ""2025-07-04T00:27:00.271603+00:00"", ""mode"": ""single"", ""current"": 0, ""friendly_name"": ""auto-banheiro""}"
2025-07-03T21:27:02.726629,sensor.arris_tg1692a_router_download_speed,0.00246321839203066,0.00286902018853961,"{""state_class"": ""measurement"", ""unit_of_measurement"": ""Mbit/s"", ""device_class"": ""data_rate"", ""friendly_name"": ""ARRIS TG1692A Router Download speed""}"
2025-07-03T21:27:02.730840,sensor.arris_tg1692a_router_upload_speed,0.00133307662030543,0.00160077406746011,"{""state_class"": ""measurement"", ""unit_of_measurement"": ""Mbit/s"", ""device_class"": ""data_rate"", ""friendly_name"": ""ARRIS TG1692A Router Upload speed""}"
2025-07-03T21:27:05.277373,automation.auto_banheiro,on,on,"{""id"": ""1747870075916"", ""last_triggered"": ""2025-07-04T00:27:05.271897+00:00"", ""mode"": ""single"", ""current"": 1, ""friendly_name"": ""auto-banheiro""}"
2025-07-03T21:27:05.279411,automation.auto_banheiro,on,on,"{""id"": ""1747870075916"", ""last_triggered"": ""2025-07-04T00:27:05.271897+00:00"", ""mode"": ""single"", ""current"": 0, ""friendly_name"": ""auto-banheiro""}"
2025-07-03T21:27:10.281207,automation.auto_banheiro,on,on,"{""id"": ""1747870075916"", ""last_triggered"": ""2025-07-04T00:27:10.273160+00:00"", ""mode"": ""single"", ""current"": 1, ""friendly_name"": ""auto-banheiro""}"
2025-07-03T21:27:10.283454,automation.auto_banheiro,on,on,"{""id"": ""1747870075916"", ""last_triggered"": ""2025-07-04T00:27:10.273160+00:00"", ""mode"": ""single"", ""current"": 0, ""friendly_name"": ""auto-banheiro""}"
2025-07-03T21:27:15.284808,automation.auto_banheiro,on,on,"{""id"": ""1747870075916"", ""last_triggered"": ""2025-07-04T00:27:15.272206+00:00"", ""mode"": ""single"", ""current"": 1, ""friendly_name"": ""auto-banheiro""}"
2025-07-03T21:27:15.288506,automation.auto_banheiro,on,on,"{""id"": ""1747870075916"", ""last_triggered"": ""2025-07-04T00:27:15.272206+00:00"", ""mode"": ""single"", ""current"": 0, ""friendly_name"": ""auto-banheiro""}"
2025-07-03T21:27:20.276879,automation.auto_banheiro,on,on,"{""id"": ""1747870075916"", ""last_triggered"": ""2025-07-04T00:27:20.271752+00:00"", ""mode"": ""single"", ""current"": 1, ""friendly_name"": ""auto-banheiro""}"
2025-07-03T21:27:20.278978,automation.auto_banheiro,on,on,"{""id"": ""1747870075916"", ""last_triggered"": ""2025-07-04T00:27:20.271752+00:00"", ""mode"": ""single"", ""current"": 0, ""friendly_name"": ""auto-banheiro""}"
2025-07-03T21:27:25.276448,automation.auto_banheiro,on,on,"{""id"": ""1747870075916"", ""last_triggered"": ""2025-07-04T00:27:25.271654+00:00"", ""mode"": ""single"", ""current"": 1, ""friendly_name"": ""auto-banheiro""}"
2025-07-03T21:27:25.278080,automation.auto_banheiro,on,on,"{""id"": ""1747870075916"", ""last_triggered"": ""2025-07-04T00:27:25.271654+00:00"", ""mode"": ""single"", ""current"": 0, ""friendly_name"": ""auto-banheiro""}"
2025-07-03T21:27:30.276864,automation.auto_banheiro,on,on,"{""id"": ""1747870075916"", ""last_triggered"": ""2025-07-04T00:27:30.272141+00:00"", ""mode"": ""single"", ""current"": 1, ""friendly_name"": ""auto-banheiro""}"
2025-07-03T21:27:30.278541,automation.auto_banheiro,on,on,"{""id"": ""1747870075916"", ""last_triggered"": ""2025-07-04T00:27:30.272141+00:00"", ""mode"": ""single"", ""current"": 0, ""friendly_name"": ""auto-banheiro""}"
2025-07-03T21:27:32.724120,sensor.arris_tg1692a_router_download_speed,0.00286902018853961,0.00422249233183232,"{""state_class"": ""measurement"", ""unit_of_measurement"": ""Mbit/s"", ""device_class"": ""data_rate"", ""friendly_name"": ""ARRIS TG1692A Router Download speed""}"
2025-07-03T21:27:32.725822,sensor.arris_tg1692a_router_upload_speed,0.00160077406746011,0.00182537324816169,"{""state_class"": ""measurement"", ""unit_of_measurement"": ""Mbit/s"", ""device_class"": ""data_rate"", ""friendly_name"": ""ARRIS TG1692A Router Upload speed""}"
2025-07-03T21:27:35.278216,automation.auto_banheiro,on,on,"{""id"": ""1747870075916"", ""last_triggered"": ""2025-07-04T00:27:35.271397+00:00"", ""mode"": ""single"", ""current"": 1, ""friendly_name"": ""auto-banheiro""}"
2025-07-03T21:27:35.279878,automation.auto_banheiro,on,on,"{""id"": ""1747870075916"", ""last_triggered"": ""2025-07-04T00:27:35.271397+00:00"", ""mode"": ""single"", ""current"": 0, ""friendly_name"": ""auto-banheiro""}"
2025-07-03T21:27:40.277838,automation.auto_banheiro,on,on,"{""id"": ""1747870075916"", ""last_triggered"": ""2025-07-04T00:27:40.271898+00:00"", ""mode"": ""single"", ""current"": 1, ""friendly_name"": ""auto-banheiro""}"
2025-07-03T21:27:40.279651,automation.auto_banheiro,on,on,"{""id"": ""1747870075916"", ""last_triggered"": ""2025-07-04T00:27:40.271898+00:00"", ""mode"": ""single"", ""current"": 0, ""friendly_name"": ""auto-banheiro""}"
2025-07-03T21:27:45.277806,automation.auto_banheiro,on,on,"{""id"": ""1747870075916"", ""last_triggered"": ""2025-07-04T00:27:45.271778+00:00"", ""mode"": ""single"", ""current"": 1, ""friendly_name"": ""auto-banheiro""}"
2025-07-03T21:27:45.280497,automation.auto_banheiro,on,on,"{""id"": ""1747870075916"", ""last_triggered"": ""2025-07-04T00:27:45.271778+00:00"", ""mode"": ""single"", ""current"": 0, ""friendly_name"": ""auto-banheiro""}"
2025-07-03T21:27:50.277800,automation.auto_banheiro,on,on,"{""id"": ""1747870075916"", ""last_triggered"": ""2025-07-04T00:27:50.271651+00:00"", ""mode"": ""single"", ""current"": 1, ""friendly_name"": ""auto-banheiro""}"
2025-07-03T21:27:50.279561,automation.auto_banheiro,on,on,"{""id"": ""1747870075916"", ""last_triggered"": ""2025-07-04T00:27:50.271651+00:00"", ""mode"": ""single"", ""current"": 0, ""friendly_name"": ""auto-banheiro""}"
2025-07-03T21:27:55.282934,automation.auto_banheiro,on,on,"{""id"": ""1747870075916"", ""last_triggered"": ""2025-07-04T00:27:55.272534+00:00"", ""mode"": ""single"", ""current"": 1, ""friendly_name"": ""auto-banheiro""}"
2025-07-03T21:27:55.286778,automation.auto_banheiro,on,on,"{""id"": ""1747870075916"", ""last_triggered"": ""2025-07-04T00:27:55.272534+00:00"", ""mode"": ""single"", ""current"": 0, ""friendly_name"": ""auto-banheiro""}"
2025-07-03T21:28:00.279081,automation.auto_banheiro,on,on,"{""id"": ""1747870075916"", ""last_triggered"": ""2025-07-04T00:28:00.272278+00:00"", ""mode"": ""single"", ""current"": 1, ""friendly_name"": ""auto-banheiro""}"
2025-07-03T21:28:00.283831,automation.auto_banheiro,on,on,"{""id"": ""1747870075916"", ""last_triggered"": ""2025-07-04T00:28:00.272278+00:00"", ""mode"": ""single"", ""current"": 0, ""friendly_name"": ""auto-banheiro""}"
2025-07-03T21:28:02.719251,sensor.arris_tg1692a_router_download_speed,0.00422249233183232,0.00585060465025737,"{""state_class"": ""measurement"", ""unit_of_measurement"": ""Mbit/s"", ""device_class"": ""data_rate"", ""friendly_name"": ""ARRIS TG1692A Router Download speed""}"
2025-07-03T21:28:02.720936,sensor.arris_tg1692a_router_upload_speed,0.00182537324816169,0.00309223388898744,"{""state_class"": ""measurement"", ""unit_of_measurement"": ""Mbit/s"", ""device_class"": ""data_rate"", ""friendly_name"": ""ARRIS TG1692A Router Upload speed""}"
2025-07-03T21:28:05.276949,automation.auto_banheiro,on,on,"{""id"": ""1747870075916"", ""last_triggered"": ""2025-07-04T00:28:05.272097+00:00"", ""mode"": ""single"", ""current"": 1, ""friendly_name"": ""auto-banheiro""}"
2025-07-03T21:28:05.278865,automation.auto_banheiro,on,on,"{""id"": ""1747870075916"", ""last_triggered"": ""2025-07-04T00:28:05.272097+00:00"", ""mode"": ""single"", ""current"": 0, ""friendly_name"": ""auto-banheiro""}"
2025-07-03T21:28:10.277393,automation.auto_banheiro,on,on,"{""id"": ""1747870075916"", ""last_triggered"": ""2025-07-04T00:28:10.271871+00:00"", ""mode"": ""single"", ""current"": 1, ""friendly_name"": ""auto-banheiro""}"
2025-07-03T21:28:10.278922,automation.auto_banheiro,on,on,"{""id"": ""1747870075916"", ""last_triggered"": ""2025-07-04T00:28:10.271871+00:00"", ""mode"": ""single"", ""current"": 0, ""friendly_name"": ""auto-banheiro""}"
2025-07-03T21:28:15.278300,automation.auto_banheiro,on,on,"{""id"": ""1747870075916"", ""last_triggered"": ""2025-07-04T00:28:15.271973+00:00"", ""mode"": ""single"", ""current"": 1, ""friendly_name"": ""auto-banheiro""}"
2025-07-03T21:28:15.279965,automation.auto_banheiro,on,on,"{""id"": ""1747870075916"", ""last_triggered"": ""2025-07-04T00:28:15.271973+00:00"", ""mode"": ""single"", ""current"": 0, ""friendly_name"": ""auto-banheiro""}"
2025-07-03T21:28:20.277322,automation.auto_banheiro,on,on,"{""id"": ""1747870075916"", ""last_triggered"": ""2025-07-04T00:28:20.271250+00:00"", ""mode"": ""single"", ""current"": 1, ""friendly_name"": ""auto-banheiro""}"
2025-07-03T21:28:20.278935,automation.auto_banheiro,on,on,"{""id"": ""1747870075916"", ""last_triggered"": ""2025-07-04T00:28:20.271250+00:00"", ""mode"": ""single"", ""current"": 0, ""friendly_name"": ""auto-banheiro""}"
2025-07-03T21:28:25.278980,automation.auto_banheiro,on,on,"{""id"": ""1747870075916"", ""last_triggered"": ""2025-07-04T00:28:25.271628+00:00"", ""mode"": ""single"", ""current"": 1, ""friendly_name"": ""auto-banheiro""}"
2025-07-03T21:28:25.280984,automation.auto_banheiro,on,on,"{""id"": ""1747870075916"", ""last_triggered"": ""2025-07-04T00:28:25.271628+00:00"", ""mode"": ""single"", ""current"": 0, ""friendly_name"": ""auto-banheiro""}"
2025-07-03T21:28:30.280371,automation.auto_banheiro,on,on,"{""id"": ""1747870075916"", ""last_triggered"": ""2025-07-04T00:28:30.272418+00:00"", ""mode"": ""single"", ""current"": 1, ""friendly_name"": ""auto-banheiro""}"
2025-07-03T21:28:30.282912,automation.auto_banheiro,on,on,"{""id"": ""1747870075916"", ""last_triggered"": ""2025-07-04T00:28:30.272418+00:00"", ""mode"": ""single"", ""current"": 0, ""friendly_name"": ""auto-banheiro""}"
2025-07-03T21:28:32.726993,sensor.arris_tg1692a_router_download_speed,0.00585060465025737,0.00130106792436566,"{""state_class"": ""measurement"", ""unit_of_measurement"": ""Mbit/s"", ""device_class"": ""data_rate"", ""friendly_name"": ""ARRIS TG1692A Router Download speed""}"
2025-07-03T21:28:32.730585,sensor.arris_tg1692a_router_upload_speed,0.00309223388898744,0.00112213441806327,"{""state_class"": ""measurement"", ""unit_of_measurement"": ""Mbit/s"", ""device_class"": ""data_rate"", ""friendly_name"": ""ARRIS TG1692A Router Upload speed""}"
2025-07-03T21:28:35.276055,automation.auto_banheiro,on,on,"{""id"": ""1747870075916"", ""last_triggered"": ""2025-07-04T00:28:35.271260+00:00"", ""mode"": ""single"", ""current"": 1, ""friendly_name"": ""auto-banheiro""}"
2025-07-03T21:28:35.277762,automation.auto_banheiro,on,on,"{""id"": ""1747870075916"", ""last_triggered"": ""2025-07-04T00:28:35.271260+00:00"", ""mode"": ""single"", ""current"": 0, ""friendly_name"": ""auto-banheiro""}"
2025-07-03T21:28:40.282564,automation.auto_banheiro,on,on,"{""id"": ""1747870075916"", ""last_triggered"": ""2025-07-04T00:28:40.272121+00:00"", ""mode"": ""single"", ""current"": 1, ""friendly_name"": ""auto-banheiro""}"
2025-07-03T21:28:40.286783,automation.auto_banheiro,on,on,"{""id"": ""1747870075916"", ""last_triggered"": ""2025-07-04T00:28:40.272121+00:00"", ""mode"": ""single"", ""current"": 0, ""friendly_name"": ""auto-banheiro""}"
2025-07-03T21:28:45.277549,automation.auto_banheiro,on,on,"{""id"": ""1747870075916"", ""last_triggered"": ""2025-07-04T00:28:45.272596+00:00"", ""mode"": ""single"", ""current"": 1, ""friendly_name"": ""auto-banheiro""}"
2025-07-03T21:28:45.279163,automation.auto_banheiro,on,on,"{""id"": ""1747870075916"", ""last_triggered"": ""2025-07-04T00:28:45.272596+00:00"", ""mode"": ""single"", ""current"": 0, ""friendly_name"": ""auto-banheiro""}"
2025-07-03T21:28:50.278692,automation.auto_banheiro,on,on,"{""id"": ""1747870075916"", ""last_triggered"": ""2025-07-04T00:28:50.272407+00:00"", ""mode"": ""single"", ""current"": 1, ""friendly_name"": ""auto-banheiro""}"
2025-07-03T21:28:50.280724,automation.auto_banheiro,on,on,"{""id"": ""1747870075916"", ""last_triggered"": ""2025-07-04T00:28:50.272407+00:00"", ""mode"": ""single"", ""current"": 0, ""friendly_name"": ""auto-banheiro""}"
2025-07-03T21:28:55.276635,automation.auto_banheiro,on,on,"{""id"": ""1747870075916"", ""last_triggered"": ""2025-07-04T00:28:55.271839+00:00"", ""mode"": ""single"", ""current"": 1, ""friendly_name"": ""auto-banheiro""}"
2025-07-03T21:28:55.278314,automation.auto_banheiro,on,on,"{""id"": ""1747870075916"", ""last_triggered"": ""2025-07-04T00:28:55.271839+00:00"", ""mode"": ""single"", ""current"": 0, ""friendly_name"": ""auto-banheiro""}"
2025-07-03T21:29:00.279405,automation.auto_banheiro,on,on,"{""id"": ""1747870075916"", ""last_triggered"": ""2025-07-04T00:29:00.271941+00:00"", ""mode"": ""single"", ""current"": 1, ""friendly_name"": ""auto-banheiro""}"
2025-07-03T21:29:00.281236,automation.auto_banheiro,on,on,"{""id"": ""1747870075916"", ""last_triggered"": ""2025-07-04T00:29:00.271941+00:00"", ""mode"": ""single"", ""current"": 0, ""friendly_name"": ""auto-banheiro""}"
2025-07-03T21:29:02.720212,sensor.arris_tg1692a_router_download_speed,0.00130106792436566,0.00251231423314948,"{""state_class"": ""measurement"", ""unit_of_measurement"": ""Mbit/s"", ""device_class"": ""data_rate"", ""friendly_name"": ""ARRIS TG1692A Router Download speed""}"
2025-07-03T21:29:02.722138,sensor.arris_tg1692a_router_upload_speed,0.00112213441806327,0.00165923141478145,"{""state_class"": ""measurement"", ""unit_of_measurement"": ""Mbit/s"", ""device_class"": ""data_rate"", ""friendly_name"": ""ARRIS TG1692A Router Upload speed""}"
2025-07-03T21:29:05.279191,automation.auto_banheiro,on,on,"{""id"": ""1747870075916"", ""last_triggered"": ""2025-07-04T00:29:05.271900+00:00"", ""mode"": ""single"", ""current"": 1, ""friendly_name"": ""auto-banheiro""}"
2025-07-03T21:29:05.281097,automation.auto_banheiro,on,on,"{""id"": ""1747870075916"", ""last_triggered"": ""2025-07-04T00:29:05.271900+00:00"", ""mode"": ""single"", ""current"": 0, ""friendly_name"": ""auto-banheiro""}"
2025-07-03T21:29:10.284681,automation.auto_banheiro,on,on,"{""id"": ""1747870075916"", ""last_triggered"": ""2025-07-04T00:29:10.272313+00:00"", ""mode"": ""single"", ""current"": 1, ""friendly_name"": ""auto-banheiro""}"
2025-07-03T21:29:10.288663,automation.auto_banheiro,on,on,"{""id"": ""1747870075916"", ""last_triggered"": ""2025-07-04T00:29:10.272313+00:00"", ""mode"": ""single"", ""current"": 0, ""friendly_name"": ""auto-banheiro""}"
2025-07-03T21:29:15.278380,automation.auto_banheiro,on,on,"{""id"": ""1747870075916"", ""last_triggered"": ""2025-07-04T00:29:15.272111+00:00"", ""mode"": ""single"", ""current"": 1, ""friendly_name"": ""auto-banheiro""}"
2025-07-03T21:29:15.279967,automation.auto_banheiro,on,on,"{""id"": ""1747870075916"", ""last_triggered"": ""2025-07-04T00:29:15.272111+00:00"", ""mode"": ""single"", ""current"": 0, ""friendly_name"": ""auto-banheiro""}"
2025-07-03T21:29:20.277301,automation.auto_banheiro,on,on,"{""id"": ""1747870075916"", ""last_triggered"": ""2025-07-04T00:29:20.271874+00:00"", ""mode"": ""single"", ""current"": 1, ""friendly_name"": ""auto-banheiro""}"
2025-07-03T21:29:20.279631,automation.auto_banheiro,on,on,"{""id"": ""1747870075916"", ""last_triggered"": ""2025-07-04T00:29:20.271874+00:00"", ""mode"": ""single"", ""current"": 0, ""friendly_name"": ""auto-banheiro""}"
2025-07-03T21:29:25.282550,automation.auto_banheiro,on,on,"{""id"": ""1747870075916"", ""last_triggered"": ""2025-07-04T00:29:25.272077+00:00"", ""mode"": ""single"", ""current"": 1, ""friendly_name"": ""auto-banheiro""}"
2025-07-03T21:29:25.286007,automation.auto_banheiro,on,on,"{""id"": ""1747870075916"", ""last_triggered"": ""2025-07-04T00:29:25.272077+00:00"", ""mode"": ""single"", ""current"": 0, ""friendly_name"": ""auto-banheiro""}"
2025-07-03T21:29:30.277623,automation.auto_banheiro,on,on,"{""id"": ""1747870075916"", ""last_triggered"": ""2025-07-04T00:29:30.271578+00:00"", ""mode"": ""single"", ""current"": 1, ""friendly_name"": ""auto-banheiro""}"
2025-07-03T21:29:30.279339,automation.auto_banheiro,on,on,"{""id"": ""1747870075916"", ""last_triggered"": ""2025-07-04T00:29:30.271578+00:00"", ""mode"": ""single"", ""current"": 0, ""friendly_name"": ""auto-banheiro""}"
2025-07-03T21:29:32.720363,sensor.arris_tg1692a_router_download_speed,0.00251231423314948,0.00146744964425079,"{""state_class"": ""measurement"", ""unit_of_measurement"": ""Mbit/s"", ""device_class"": ""data_rate"", ""friendly_name"": ""ARRIS TG1692A Router Download speed""}"
2025-07-03T21:29:32.722007,sensor.arris_tg1692a_router_upload_speed,0.00165923141478145,0.00111972034457734,"{""state_class"": ""measurement"", ""unit_of_measurement"": ""Mbit/s"", ""device_class"": ""data_rate"", ""friendly_name"": ""ARRIS TG1692A Router Upload speed""}"
2025-07-03T21:29:35.278280,automation.auto_banheiro,on,on,"{""id"": ""1747870075916"", ""last_triggered"": ""2025-07-04T00:29:35.272156+00:00"", ""mode"": ""single"", ""current"": 1, ""friendly_name"": ""auto-banheiro""}"
2025-07-03T21:29:35.279901,automation.auto_banheiro,on,on,"{""id"": ""1747870075916"", ""last_triggered"": ""2025-07-04T00:29:35.272156+00:00"", ""mode"": ""single"", ""current"": 0, ""friendly_name"": ""auto-banheiro""}"
2025-07-03T21:29:40.283359,automation.auto_banheiro,on,on,"{""id"": ""1747870075916"", ""last_triggered"": ""2025-07-04T00:29:40.271790+00:00"", ""mode"": ""single"", ""current"": 1, ""friendly_name"": ""auto-banheiro""}"
2025-07-03T21:29:40.285063,automation.auto_banheiro,on,on,"{""id"": ""1747870075916"", ""last_triggered"": ""2025-07-04T00:29:40.271790+00:00"", ""mode"": ""single"", ""current"": 0, ""friendly_name"": ""auto-banheiro""}"
2025-07-03T21:29:45.277380,automation.auto_banheiro,on,on,"{""id"": ""1747870075916"", ""last_triggered"": ""2025-07-04T00:29:45.271893+00:00"", ""mode"": ""single"", ""current"": 1, ""friendly_name"": ""auto-banheiro""}"
2025-07-03T21:29:45.279066,automation.auto_banheiro,on,on,"{""id"": ""1747870075916"", ""last_triggered"": ""2025-07-04T00:29:45.271893+00:00"", ""mode"": ""single"", ""current"": 0, ""friendly_name"": ""auto-banheiro""}"
2025-07-03T21:29:50.277707,automation.auto_banheiro,on,on,"{""id"": ""1747870075916"", ""last_triggered"": ""2025-07-04T00:29:50.271617+00:00"", ""mode"": ""single"", ""current"": 1, ""friendly_name"": ""auto-banheiro""}"
2025-07-03T21:29:50.279264,automation.auto_banheiro,on,on,"{""id"": ""1747870075916"", ""last_triggered"": ""2025-07-04T00:29:50.271617+00:00"", ""mode"": ""single"", ""current"": 0, ""friendly_name"": ""auto-banheiro""}"
2025-07-03T21:29:55.278394,automation.auto_banheiro,on,on,"{""id"": ""1747870075916"", ""last_triggered"": ""2025-07-04T00:29:55.271891+00:00"", ""mode"": ""single"", ""current"": 1, ""friendly_name"": ""auto-banheiro""}"
2025-07-03T21:29:55.280605,automation.auto_banheiro,on,on,"{""id"": ""1747870075916"", ""last_triggered"": ""2025-07-04T00:29:55.271891+00:00"", ""mode"": ""single"", ""current"": 0, ""friendly_name"": ""auto-banheiro""}"
2025-07-03T21:30:00.284826,automation.auto_banheiro,on,on,"{""id"": ""1747870075916"", ""last_triggered"": ""2025-07-04T00:30:00.271955+00:00"", ""mode"": ""single"", ""current"": 1, ""friendly_name"": ""auto-banheiro""}"
2025-07-03T21:30:00.286704,automation.auto_banheiro,on,on,"{""id"": ""1747870075916"", ""last_triggered"": ""2025-07-04T00:30:00.271955+00:00"", ""mode"": ""single"", ""current"": 0, ""friendly_name"": ""auto-banheiro""}"
2025-07-03T21:30:02.717606,sensor.arris_tg1692a_router_download_speed,0.00146744964425079,0.00209732326618166,"{""state_class"": ""measurement"", ""unit_of_measurement"": ""Mbit/s"", ""device_class"": ""data_rate"", ""friendly_name"": ""ARRIS TG1692A Router Download speed""}"
2025-07-03T21:30:02.719095,sensor.arris_tg1692a_router_upload_speed,0.00111972034457734,0.00192185744175095,"{""state_class"": ""measurement"", ""unit_of_measurement"": ""Mbit/s"", ""device_class"": ""data_rate"", ""friendly_name"": ""ARRIS TG1692A Router Upload speed""}"
2025-07-03T21:30:05.293326,automation.auto_banheiro,on,on,"{""id"": ""1747870075916"", ""last_triggered"": ""2025-07-04T00:30:05.273046+00:00"", ""mode"": ""single"", ""current"": 1, ""friendly_name"": ""auto-banheiro""}"
2025-07-03T21:30:05.296839,automation.auto_banheiro,on,on,"{""id"": ""1747870075916"", ""last_triggered"": ""2025-07-04T00:30:05.273046+00:00"", ""mode"": ""single"", ""current"": 0, ""friendly_name"": ""auto-banheiro""}"
2025-07-03T21:30:10.277153,automation.auto_banheiro,on,on,"{""id"": ""1747870075916"", ""last_triggered"": ""2025-07-04T00:30:10.272089+00:00"", ""mode"": ""single"", ""current"": 1, ""friendly_name"": ""auto-banheiro""}"
2025-07-03T21:30:10.278976,automation.auto_banheiro,on,on,"{""id"": ""1747870075916"", ""last_triggered"": ""2025-07-04T00:30:10.272089+00:00"", ""mode"": ""single"", ""current"": 0, ""friendly_name"": ""auto-banheiro""}"
2025-07-03T21:30:15.276386,automation.auto_banheiro,on,on,"{""id"": ""1747870075916"", ""last_triggered"": ""2025-07-04T00:30:15.271548+00:00"", ""mode"": ""single"", ""current"": 1, ""friendly_name"": ""auto-banheiro""}"
2025-07-03T21:30:15.278017,automation.auto_banheiro,on,on,"{""id"": ""1747870075916"", ""last_triggered"": ""2025-07-04T00:30:15.271548+00:00"", ""mode"": ""single"", ""current"": 0, ""friendly_name"": ""auto-banheiro""}"
2025-07-03T21:30:20.286772,automation.auto_banheiro,on,on,"{""id"": ""1747870075916"", ""last_triggered"": ""2025-07-04T00:30:20.272685+00:00"", ""mode"": ""single"", ""current"": 1, ""friendly_name"": ""auto-banheiro""}"
2025-07-03T21:30:20.290408,automation.auto_banheiro,on,on,"{""id"": ""1747870075916"", ""last_triggered"": ""2025-07-04T00:30:20.272685+00:00"", ""mode"": ""single"", ""current"": 0, ""friendly_name"": ""auto-banheiro""}"
2025-07-03T21:30:25.276296,automation.auto_banheiro,on,on,"{""id"": ""1747870075916"", ""last_triggered"": ""2025-07-04T00:30:25.271434+00:00"", ""mode"": ""single"", ""current"": 1, ""friendly_name"": ""auto-banheiro""}"
2025-07-03T21:30:25.277932,automation.auto_banheiro,on,on,"{""id"": ""1747870075916"", ""last_triggered"": ""2025-07-04T00:30:25.271434+00:00"", ""mode"": ""single"", ""current"": 0, ""friendly_name"": ""auto-banheiro""}"
2025-07-03T21:30:30.276203,automation.auto_banheiro,on,on,"{""id"": ""1747870075916"", ""last_triggered"": ""2025-07-04T00:30:30.271390+00:00"", ""mode"": ""single"", ""current"": 1, ""friendly_name"": ""auto-banheiro""}"
2025-07-03T21:30:30.278011,automation.auto_banheiro,on,on,"{""id"": ""1747870075916"", ""last_triggered"": ""2025-07-04T00:30:30.271390+00:00"", ""mode"": ""single"", ""current"": 0, ""friendly_name"": ""auto-banheiro""}"
2025-07-03T21:30:32.721934,sensor.arris_tg1692a_router_download_speed,0.00209732326618166,0.00128186683758225,"{""state_class"": ""measurement"", ""unit_of_measurement"": ""Mbit/s"", ""device_class"": ""data_rate"", ""friendly_name"": ""ARRIS TG1692A Router Download speed""}"
2025-07-03T21:30:32.724819,sensor.arris_tg1692a_router_upload_speed,0.00192185744175095,0.00121546682872891,"{""state_class"": ""measurement"", ""unit_of_measurement"": ""Mbit/s"", ""device_class"": ""data_rate"", ""friendly_name"": ""ARRIS TG1692A Router Upload speed""}"
2025-07-03T21:30:35.276777,automation.auto_banheiro,on,on,"{""id"": ""1747870075916"", ""last_triggered"": ""2025-07-04T00:30:35.271902+00:00"", ""mode"": ""single"", ""current"": 1, ""friendly_name"": ""auto-banheiro""}"
2025-07-03T21:30:35.278454,automation.auto_banheiro,on,on,"{""id"": ""1747870075916"", ""last_triggered"": ""2025-07-04T00:30:35.271902+00:00"", ""mode"": ""single"", ""current"": 0, ""friendly_name"": ""auto-banheiro""}"
2025-07-03T21:30:40.280433,automation.auto_banheiro,on,on,"{""id"": ""1747870075916"", ""last_triggered"": ""2025-07-04T00:30:40.271765+00:00"", ""mode"": ""single"", ""current"": 1, ""friendly_name"": ""auto-banheiro""}"
2025-07-03T21:30:40.282898,automation.auto_banheiro,on,on,"{""id"": ""1747870075916"", ""last_triggered"": ""2025-07-04T00:30:40.271765+00:00"", ""mode"": ""single"", ""current"": 0, ""friendly_name"": ""auto-banheiro""}"
2025-07-03T21:30:45.285423,automation.auto_banheiro,on,on,"{""id"": ""1747870075916"", ""last_triggered"": ""2025-07-04T00:30:45.272422+00:00"", ""mode"": ""single"", ""current"": 1, ""friendly_name"": ""auto-banheiro""}"
2025-07-03T21:30:45.288813,automation.auto_banheiro,on,on,"{""id"": ""1747870075916"", ""last_triggered"": ""2025-07-04T00:30:45.272422+00:00"", ""mode"": ""single"", ""current"": 0, ""friendly_name"": ""auto-banheiro""}"
2025-07-03T21:30:49.574241,media_player.dlna_b13_box,unavailable,unknown,"{""friendly_name"": ""DLNA-B13 Box"", ""supported_features"": 512575}"
2025-07-03T21:30:50.277179,automation.auto_banheiro,on,on,"{""id"": ""1747870075916"", ""last_triggered"": ""2025-07-04T00:30:50.272378+00:00"", ""mode"": ""single"", ""current"": 1, ""friendly_name"": ""auto-banheiro""}"
2025-07-03T21:30:50.279051,automation.auto_banheiro,on,on,"{""id"": ""1747870075916"", ""last_triggered"": ""2025-07-04T00:30:50.272378+00:00"", ""mode"": ""single"", ""current"": 0, ""friendly_name"": ""auto-banheiro""}"
2025-07-03T21:30:55.276223,automation.auto_banheiro,on,on,"{""id"": ""1747870075916"", ""last_triggered"": ""2025-07-04T00:30:55.271256+00:00"", ""mode"": ""single"", ""current"": 1, ""friendly_name"": ""auto-banheiro""}"
2025-07-03T21:30:55.278412,automation.auto_banheiro,on,on,"{""id"": ""1747870075916"", ""last_triggered"": ""2025-07-04T00:30:55.271256+00:00"", ""mode"": ""single"", ""current"": 0, ""friendly_name"": ""auto-banheiro""}"
2025-07-03T21:30:56.418034,camera.192_168_0_33,idle,idle,"{""access_token"": ""682a4d4edbb0ad26b8a0bef4ada71512e043b425b785d53dacfd96de308caf3e"", ""entity_picture"": ""/api/camera_proxy/camera.192_168_0_33?token=682a4d4edbb0ad26b8a0bef4ada71512e043b425b785d53dacfd96de308caf3e"", ""friendly_name"": ""192_168_0_14"", ""supported_features"": 2}"
2025-07-03T21:30:56.419885,camera.admin_mainstream,idle,idle,"{""access_token"": ""eb7f566fc547b2b434248e8432a9d580abe05676ec662261221f302b07e642c2"", ""entity_picture"": ""/api/camera_proxy/camera.admin_mainstream?token=eb7f566fc547b2b434248e8432a9d580abe05676ec662261221f302b07e642c2"", ""friendly_name"": ""admin MainStream"", ""supported_features"": 2}"
2025-07-03T21:30:56.421547,camera.admin_substream,idle,idle,"{""access_token"": ""51d704c485ef3ad05c721e35fd3f767e903335defe6a0e44f43fd2faefbda1d1"", ""entity_picture"": ""/api/camera_proxy/camera.admin_substream?token=51d704c485ef3ad05c721e35fd3f767e903335defe6a0e44f43fd2faefbda1d1"", ""friendly_name"": ""admin SubStream"", ""supported_features"": 2}"
2025-07-03T21:30:57.417469,media_player.dlna_b13_box,unknown,unavailable,"{""friendly_name"": ""DLNA-B13 Box"", ""supported_features"": 512575}"
2025-07-03T21:31:00.284725,automation.auto_banheiro,on,on,"{""id"": ""1747870075916"", ""last_triggered"": ""2025-07-04T00:31:00.272924+00:00"", ""mode"": ""single"", ""current"": 1, ""friendly_name"": ""auto-banheiro""}"
2025-07-03T21:31:00.286686,automation.auto_banheiro,on,on,"{""id"": ""1747870075916"", ""last_triggered"": ""2025-07-04T00:31:00.272924+00:00"", ""mode"": ""single"", ""current"": 0, ""friendly_name"": ""auto-banheiro""}"
2025-07-03T21:31:02.730899,sensor.arris_tg1692a_router_download_speed,0.00128186683758225,0.00515274469387362,"{""state_class"": ""measurement"", ""unit_of_measurement"": ""Mbit/s"", ""device_class"": ""data_rate"", ""friendly_name"": ""ARRIS TG1692A Router Download speed""}"
2025-07-03T21:31:02.732957,sensor.arris_tg1692a_router_upload_speed,0.00121546682872891,0.00252743953881562,"{""state_class"": ""measurement"", ""unit_of_measurement"": ""Mbit/s"", ""device_class"": ""data_rate"", ""friendly_name"": ""ARRIS TG1692A Router Upload speed""}"
2025-07-03T21:31:05.283398,automation.auto_banheiro,on,on,"{""id"": ""1747870075916"", ""last_triggered"": ""2025-07-04T00:31:05.271934+00:00"", ""mode"": ""single"", ""current"": 1, ""friendly_name"": ""auto-banheiro""}"
2025-07-03T21:31:05.286472,automation.auto_banheiro,on,on,"{""id"": ""1747870075916"", ""last_triggered"": ""2025-07-04T00:31:05.271934+00:00"", ""mode"": ""single"", ""current"": 0, ""friendly_name"": ""auto-banheiro""}"
2025-07-03T21:31:10.276118,automation.auto_banheiro,on,on,"{""id"": ""1747870075916"", ""last_triggered"": ""2025-07-04T00:31:10.271203+00:00"", ""mode"": ""single"", ""current"": 1, ""friendly_name"": ""auto-banheiro""}"
2025-07-03T21:31:10.277751,automation.auto_banheiro,on,on,"{""id"": ""1747870075916"", ""last_triggered"": ""2025-07-04T00:31:10.271203+00:00"", ""mode"": ""single"", ""current"": 0, ""friendly_name"": ""auto-banheiro""}"
2025-07-03T21:31:15.283378,automation.auto_banheiro,on,on,"{""id"": ""1747870075916"", ""last_triggered"": ""2025-07-04T00:31:15.272755+00:00"", ""mode"": ""single"", ""current"": 1, ""friendly_name"": ""auto-banheiro""}"
2025-07-03T21:31:15.287505,automation.auto_banheiro,on,on,"{""id"": ""1747870075916"", ""last_triggered"": ""2025-07-04T00:31:15.272755+00:00"", ""mode"": ""single"", ""current"": 0, ""friendly_name"": ""auto-banheiro""}"
2025-07-03T21:31:20.277945,automation.auto_banheiro,on,on,"{""id"": ""1747870075916"", ""last_triggered"": ""2025-07-04T00:31:20.271965+00:00"", ""mode"": ""single"", ""current"": 1, ""friendly_name"": ""auto-banheiro""}"
2025-07-03T21:31:20.279806,automation.auto_banheiro,on,on,"{""id"": ""1747870075916"", ""last_triggered"": ""2025-07-04T00:31:20.271965+00:00"", ""mode"": ""single"", ""current"": 0, ""friendly_name"": ""auto-banheiro""}"
2025-07-03T21:31:25.276453,automation.auto_banheiro,on,on,"{""id"": ""1747870075916"", ""last_triggered"": ""2025-07-04T00:31:25.271669+00:00"", ""mode"": ""single"", ""current"": 1, ""friendly_name"": ""auto-banheiro""}"
2025-07-03T21:31:25.278111,automation.auto_banheiro,on,on,"{""id"": ""1747870075916"", ""last_triggered"": ""2025-07-04T00:31:25.271669+00:00"", ""mode"": ""single"", ""current"": 0, ""friendly_name"": ""auto-banheiro""}"
2025-07-03T21:31:30.285478,automation.auto_banheiro,on,on,"{""id"": ""1747870075916"", ""last_triggered"": ""2025-07-04T00:31:30.273621+00:00"", ""mode"": ""single"", ""current"": 1, ""friendly_name"": ""auto-banheiro""}"
2025-07-03T21:31:30.289528,automation.auto_banheiro,on,on,"{""id"": ""1747870075916"", ""last_triggered"": ""2025-07-04T00:31:30.273621+00:00"", ""mode"": ""single"", ""current"": 0, ""friendly_name"": ""auto-banheiro""}"
2025-07-03T21:31:32.728225,sensor.arris_tg1692a_router_download_speed,0.00515274469387362,0.00725432702386487,"{""state_class"": ""measurement"", ""unit_of_measurement"": ""Mbit/s"", ""device_class"": ""data_rate"", ""friendly_name"": ""ARRIS TG1692A Router Download speed""}"
2025-07-03T21:31:32.729837,sensor.arris_tg1692a_router_upload_speed,0.00252743953881562,0.00332808885997256,"{""state_class"": ""measurement"", ""unit_of_measurement"": ""Mbit/s"", ""device_class"": ""data_rate"", ""friendly_name"": ""ARRIS TG1692A Router Upload speed""}"
2025-07-03T21:31:35.276888,automation.auto_banheiro,on,on,"{""id"": ""1747870075916"", ""last_triggered"": ""2025-07-04T00:31:35.271978+00:00"", ""mode"": ""single"", ""current"": 1, ""friendly_name"": ""auto-banheiro""}"
2025-07-03T21:31:35.278783,automation.auto_banheiro,on,on,"{""id"": ""1747870075916"", ""last_triggered"": ""2025-07-04T00:31:35.271978+00:00"", ""mode"": ""single"", ""current"": 0, ""friendly_name"": ""auto-banheiro""}"
2025-07-03T21:31:40.284816,automation.auto_banheiro,on,on,"{""id"": ""1747870075916"", ""last_triggered"": ""2025-07-04T00:31:40.272298+00:00"", ""mode"": ""single"", ""current"": 1, ""friendly_name"": ""auto-banheiro""}"
2025-07-03T21:31:40.286688,automation.auto_banheiro,on,on,"{""id"": ""1747870075916"", ""last_triggered"": ""2025-07-04T00:31:40.272298+00:00"", ""mode"": ""single"", ""current"": 0, ""friendly_name"": ""auto-banheiro""}"
2025-07-03T21:31:45.276896,automation.auto_banheiro,on,on,"{""id"": ""1747870075916"", ""last_triggered"": ""2025-07-04T00:31:45.271801+00:00"", ""mode"": ""single"", ""current"": 1, ""friendly_name"": ""auto-banheiro""}"
2025-07-03T21:31:45.278720,automation.auto_banheiro,on,on,"{""id"": ""1747870075916"", ""last_triggered"": ""2025-07-04T00:31:45.271801+00:00"", ""mode"": ""single"", ""current"": 0, ""friendly_name"": ""auto-banheiro""}"
2025-07-03T21:31:50.286482,automation.auto_banheiro,on,on,"{""id"": ""1747870075916"", ""last_triggered"": ""2025-07-04T00:31:50.272391+00:00"", ""mode"": ""single"", ""current"": 1, ""friendly_name"": ""auto-banheiro""}"
2025-07-03T21:31:50.290476,automation.auto_banheiro,on,on,"{""id"": ""1747870075916"", ""last_triggered"": ""2025-07-04T00:31:50.272391+00:00"", ""mode"": ""single"", ""current"": 0, ""friendly_name"": ""auto-banheiro""}"
2025-07-03T21:31:55.278105,automation.auto_banheiro,on,on,"{""id"": ""1747870075916"", ""last_triggered"": ""2025-07-04T00:31:55.271864+00:00"", ""mode"": ""single"", ""current"": 1, ""friendly_name"": ""auto-banheiro""}"
2025-07-03T21:31:55.279749,automation.auto_banheiro,on,on,"{""id"": ""1747870075916"", ""last_triggered"": ""2025-07-04T00:31:55.271864+00:00"", ""mode"": ""single"", ""current"": 0, ""friendly_name"": ""auto-banheiro""}"
2025-07-03T21:32:00.283614,automation.auto_banheiro,on,on,"{""id"": ""1747870075916"", ""last_triggered"": ""2025-07-04T00:32:00.273256+00:00"", ""mode"": ""single"", ""current"": 1, ""friendly_name"": ""auto-banheiro""}"
2025-07-03T21:32:00.285403,automation.auto_banheiro,on,on,"{""id"": ""1747870075916"", ""last_triggered"": ""2025-07-04T00:32:00.273256+00:00"", ""mode"": ""single"", ""current"": 0, ""friendly_name"": ""auto-banheiro""}"
2025-07-03T21:32:02.722272,sensor.arris_tg1692a_router_download_speed,0.00725432702386487,0.00196068902500118,"{""state_class"": ""measurement"", ""unit_of_measurement"": ""Mbit/s"", ""device_class"": ""data_rate"", ""friendly_name"": ""ARRIS TG1692A Router Download speed""}"
2025-07-03T21:32:02.724642,sensor.arris_tg1692a_router_upload_speed,0.00332808885997256,0.00131645882176402,"{""state_class"": ""measurement"", ""unit_of_measurement"": ""Mbit/s"", ""device_class"": ""data_rate"", ""friendly_name"": ""ARRIS TG1692A Router Upload speed""}"
2025-07-03T21:32:05.284120,automation.auto_banheiro,on,on,"{""id"": ""1747870075916"", ""last_triggered"": ""2025-07-04T00:32:05.273271+00:00"", ""mode"": ""single"", ""current"": 1, ""friendly_name"": ""auto-banheiro""}"
2025-07-03T21:32:05.287566,automation.auto_banheiro,on,on,"{""id"": ""1747870075916"", ""last_triggered"": ""2025-07-04T00:32:05.273271+00:00"", ""mode"": ""single"", ""current"": 0, ""friendly_name"": ""auto-banheiro""}"
2025-07-03T21:32:10.276509,automation.auto_banheiro,on,on,"{""id"": ""1747870075916"", ""last_triggered"": ""2025-07-04T00:32:10.271635+00:00"", ""mode"": ""single"", ""current"": 1, ""friendly_name"": ""auto-banheiro""}"
2025-07-03T21:32:10.278235,automation.auto_banheiro,on,on,"{""id"": ""1747870075916"", ""last_triggered"": ""2025-07-04T00:32:10.271635+00:00"", ""mode"": ""single"", ""current"": 0, ""friendly_name"": ""auto-banheiro""}"
2025-07-03T21:32:15.276603,automation.auto_banheiro,on,on,"{""id"": ""1747870075916"", ""last_triggered"": ""2025-07-04T00:32:15.271816+00:00"", ""mode"": ""single"", ""current"": 1, ""friendly_name"": ""auto-banheiro""}"
2025-07-03T21:32:15.278284,automation.auto_banheiro,on,on,"{""id"": ""1747870075916"", ""last_triggered"": ""2025-07-04T00:32:15.271816+00:00"", ""mode"": ""single"", ""current"": 0, ""friendly_name"": ""auto-banheiro""}"
2025-07-03T21:32:20.276214,automation.auto_banheiro,on,on,"{""id"": ""1747870075916"", ""last_triggered"": ""2025-07-04T00:32:20.271347+00:00"", ""mode"": ""single"", ""current"": 1, ""friendly_name"": ""auto-banheiro""}"
2025-07-03T21:32:20.277859,automation.auto_banheiro,on,on,"{""id"": ""1747870075916"", ""last_triggered"": ""2025-07-04T00:32:20.271347+00:00"", ""mode"": ""single"", ""current"": 0, ""friendly_name"": ""auto-banheiro""}"
2025-07-03T21:32:25.276430,automation.auto_banheiro,on,on,"{""id"": ""1747870075916"", ""last_triggered"": ""2025-07-04T00:32:25.271543+00:00"", ""mode"": ""single"", ""current"": 1, ""friendly_name"": ""auto-banheiro""}"
2025-07-03T21:32:25.278152,automation.auto_banheiro,on,on,"{""id"": ""1747870075916"", ""last_triggered"": ""2025-07-04T00:32:25.271543+00:00"", ""mode"": ""single"", ""current"": 0, ""friendly_name"": ""auto-banheiro""}"
2025-07-03T21:32:29.823069,sensor.tauntaum_energy,204.552,204.562,"{""state_class"": ""total_increasing"", ""unit_of_measurement"": ""kWh"", ""device_class"": ""energy"", ""friendly_name"": ""Tauntaum Energy""}"
2025-07-03T21:32:29.825143,sensor.tauntaum_power,34,34,"{""state_class"": ""measurement"", ""power_consumption_start"": ""2025-07-04T00:15:44Z"", ""power_consumption_end"": ""2025-07-04T00:32:29Z"", ""unit_of_measurement"": ""W"", ""device_class"": ""power"", ""friendly_name"": ""Tauntaum Power""}"
2025-07-03T21:32:29.826753,sensor.tauntaum_energy_difference,0.007,0.01,"{""state_class"": ""total"", ""unit_of_measurement"": ""kWh"", ""device_class"": ""energy"", ""friendly_name"": ""Tauntaum Energy difference""}"
2025-07-03T21:32:29.828216,sensor.tauntaum_power_energy,0.00651972222129504,0.00949773944338163,"{""state_class"": ""total"", ""unit_of_measurement"": ""kWh"", ""device_class"": ""energy"", ""friendly_name"": ""Tauntaum Power energy""}"
2025-07-03T21:32:29.829595,sensor.tauntaum_energy_saved,0.0,0.001,"{""state_class"": ""total_increasing"", ""unit_of_measurement"": ""kWh"", ""device_class"": ""energy"", ""friendly_name"": ""Tauntaum Energy saved""}"
2025-07-03T21:32:30.276008,automation.auto_banheiro,on,on,"{""id"": ""1747870075916"", ""last_triggered"": ""2025-07-04T00:32:30.271165+00:00"", ""mode"": ""single"", ""current"": 1, ""friendly_name"": ""auto-banheiro""}"
2025-07-03T21:32:30.277602,automation.auto_banheiro,on,on,"{""id"": ""1747870075916"", ""last_triggered"": ""2025-07-04T00:32:30.271165+00:00"", ""mode"": ""single"", ""current"": 0, ""friendly_name"": ""auto-banheiro""}"
2025-07-03T21:32:32.722563,sensor.arris_tg1692a_router_download_speed,0.00196068902500118,0.00159154242408605,"{""state_class"": ""measurement"", ""unit_of_measurement"": ""Mbit/s"", ""device_class"": ""data_rate"", ""friendly_name"": ""ARRIS TG1692A Router Download speed""}"
2025-07-03T21:32:32.727517,sensor.arris_tg1692a_router_upload_speed,0.00131645882176402,0.00120459067184931,"{""state_class"": ""measurement"", ""unit_of_measurement"": ""Mbit/s"", ""device_class"": ""data_rate"", ""friendly_name"": ""ARRIS TG1692A Router Upload speed""}"
2025-07-03T21:32:35.276761,automation.auto_banheiro,on,on,"{""id"": ""1747870075916"", ""last_triggered"": ""2025-07-04T00:32:35.271949+00:00"", ""mode"": ""single"", ""current"": 1, ""friendly_name"": ""auto-banheiro""}"
2025-07-03T21:32:35.278469,automation.auto_banheiro,on,on,"{""id"": ""1747870075916"", ""last_triggered"": ""2025-07-04T00:32:35.271949+00:00"", ""mode"": ""single"", ""current"": 0, ""friendly_name"": ""auto-banheiro""}"
2025-07-03T21:32:40.284957,automation.auto_banheiro,on,on,"{""id"": ""1747870075916"", ""last_triggered"": ""2025-07-04T00:32:40.271960+00:00"", ""mode"": ""single"", ""current"": 1, ""friendly_name"": ""auto-banheiro""}"
2025-07-03T21:32:40.288463,automation.auto_banheiro,on,on,"{""id"": ""1747870075916"", ""last_triggered"": ""2025-07-04T00:32:40.271960+00:00"", ""mode"": ""single"", ""current"": 0, ""friendly_name"": ""auto-banheiro""}"
2025-07-03T21:32:45.276867,automation.auto_banheiro,on,on,"{""id"": ""1747870075916"", ""last_triggered"": ""2025-07-04T00:32:45.272072+00:00"", ""mode"": ""single"", ""current"": 1, ""friendly_name"": ""auto-banheiro""}"
2025-07-03T21:32:45.278567,automation.auto_banheiro,on,on,"{""id"": ""1747870075916"", ""last_triggered"": ""2025-07-04T00:32:45.272072+00:00"", ""mode"": ""single"", ""current"": 0, ""friendly_name"": ""auto-banheiro""}"
2025-07-03T21:32:50.276657,automation.auto_banheiro,on,on,"{""id"": ""1747870075916"", ""last_triggered"": ""2025-07-04T00:32:50.271839+00:00"", ""mode"": ""single"", ""current"": 1, ""friendly_name"": ""auto-banheiro""}"
2025-07-03T21:32:50.278297,automation.auto_banheiro,on,on,"{""id"": ""1747870075916"", ""last_triggered"": ""2025-07-04T00:32:50.271839+00:00"", ""mode"": ""single"", ""current"": 0, ""friendly_name"": ""auto-banheiro""}"
2025-07-03T21:32:55.277720,automation.auto_banheiro,on,on,"{""id"": ""1747870075916"", ""last_triggered"": ""2025-07-04T00:32:55.272122+00:00"", ""mode"": ""single"", ""current"": 1, ""friendly_name"": ""auto-banheiro""}"
2025-07-03T21:32:55.279127,automation.auto_banheiro,on,on,"{""id"": ""1747870075916"", ""last_triggered"": ""2025-07-04T00:32:55.272122+00:00"", ""mode"": ""single"", ""current"": 0, ""friendly_name"": ""auto-banheiro""}"
2025-07-03T21:33:00.280587,automation.auto_banheiro,on,on,"{""id"": ""1747870075916"", ""last_triggered"": ""2025-07-04T00:33:00.273089+00:00"", ""mode"": ""single"", ""current"": 1, ""friendly_name"": ""auto-banheiro""}"
2025-07-03T21:33:00.284149,automation.auto_banheiro,on,on,"{""id"": ""1747870075916"", ""last_triggered"": ""2025-07-04T00:33:00.273089+00:00"", ""mode"": ""single"", ""current"": 0, ""friendly_name"": ""auto-banheiro""}"
2025-07-03T21:33:02.728728,sensor.arris_tg1692a_router_download_speed,0.00159154242408605,0.00227009050429249,"{""state_class"": ""measurement"", ""unit_of_measurement"": ""Mbit/s"", ""device_class"": ""data_rate"", ""friendly_name"": ""ARRIS TG1692A Router Download speed""}"
2025-07-03T21:33:02.730863,sensor.arris_tg1692a_router_upload_speed,0.00120459067184931,0.00197836267489087,"{""state_class"": ""measurement"", ""unit_of_measurement"": ""Mbit/s"", ""device_class"": ""data_rate"", ""friendly_name"": ""ARRIS TG1692A Router Upload speed""}"
2025-07-03T21:33:05.289830,automation.auto_banheiro,on,on,"{""id"": ""1747870075916"", ""last_triggered"": ""2025-07-04T00:33:05.272550+00:00"", ""mode"": ""single"", ""current"": 1, ""friendly_name"": ""auto-banheiro""}"
2025-07-03T21:33:05.293312,automation.auto_banheiro,on,on,"{""id"": ""1747870075916"", ""last_triggered"": ""2025-07-04T00:33:05.272550+00:00"", ""mode"": ""single"", ""current"": 0, ""friendly_name"": ""auto-banheiro""}"
2025-07-03T21:33:10.277644,automation.auto_banheiro,on,on,"{""id"": ""1747870075916"", ""last_triggered"": ""2025-07-04T00:33:10.271543+00:00"", ""mode"": ""single"", ""current"": 1, ""friendly_name"": ""auto-banheiro""}"
2025-07-03T21:33:10.279269,automation.auto_banheiro,on,on,"{""id"": ""1747870075916"", ""last_triggered"": ""2025-07-04T00:33:10.271543+00:00"", ""mode"": ""single"", ""current"": 0, ""friendly_name"": ""auto-banheiro""}"
2025-07-03T21:33:15.276885,automation.auto_banheiro,on,on,"{""id"": ""1747870075916"", ""last_triggered"": ""2025-07-04T00:33:15.272089+00:00"", ""mode"": ""single"", ""current"": 1, ""friendly_name"": ""auto-banheiro""}"
2025-07-03T21:33:15.278823,automation.auto_banheiro,on,on,"{""id"": ""1747870075916"", ""last_triggered"": ""2025-07-04T00:33:15.272089+00:00"", ""mode"": ""single"", ""current"": 0, ""friendly_name"": ""auto-banheiro""}"
2025-07-03T21:33:20.276999,automation.auto_banheiro,on,on,"{""id"": ""1747870075916"", ""last_triggered"": ""2025-07-04T00:33:20.271706+00:00"", ""mode"": ""single"", ""current"": 1, ""friendly_name"": ""auto-banheiro""}"
2025-07-03T21:33:20.279047,automation.auto_banheiro,on,on,"{""id"": ""1747870075916"", ""last_triggered"": ""2025-07-04T00:33:20.271706+00:00"", ""mode"": ""single"", ""current"": 0, ""friendly_name"": ""auto-banheiro""}"
2025-07-03T21:33:25.276206,automation.auto_banheiro,on,on,"{""id"": ""1747870075916"", ""last_triggered"": ""2025-07-04T00:33:25.271271+00:00"", ""mode"": ""single"", ""current"": 1, ""friendly_name"": ""auto-banheiro""}"
2025-07-03T21:33:25.277871,automation.auto_banheiro,on,on,"{""id"": ""1747870075916"", ""last_triggered"": ""2025-07-04T00:33:25.271271+00:00"", ""mode"": ""single"", ""current"": 0, ""friendly_name"": ""auto-banheiro""}"
2025-07-03T21:33:30.285156,automation.auto_banheiro,on,on,"{""id"": ""1747870075916"", ""last_triggered"": ""2025-07-04T00:33:30.272369+00:00"", ""mode"": ""single"", ""current"": 1, ""friendly_name"": ""auto-banheiro""}"
2025-07-03T21:33:30.289118,automation.auto_banheiro,on,on,"{""id"": ""1747870075916"", ""last_triggered"": ""2025-07-04T00:33:30.272369+00:00"", ""mode"": ""single"", ""current"": 0, ""friendly_name"": ""auto-banheiro""}"
2025-07-03T21:33:32.718035,sensor.arris_tg1692a_router_download_speed,0.00227009050429249,0.00133814038087267,"{""state_class"": ""measurement"", ""unit_of_measurement"": ""Mbit/s"", ""device_class"": ""data_rate"", ""friendly_name"": ""ARRIS TG1692A Router Download speed""}"
2025-07-03T21:33:32.720026,sensor.arris_tg1692a_router_upload_speed,0.00197836267489087,0.00101787202745934,"{""state_class"": ""measurement"", ""unit_of_measurement"": ""Mbit/s"", ""device_class"": ""data_rate"", ""friendly_name"": ""ARRIS TG1692A Router Upload speed""}"
2025-07-03T21:33:35.277043,automation.auto_banheiro,on,on,"{""id"": ""1747870075916"", ""last_triggered"": ""2025-07-04T00:33:35.271911+00:00"", ""mode"": ""single"", ""current"": 1, ""friendly_name"": ""auto-banheiro""}"
2025-07-03T21:33:35.278878,automation.auto_banheiro,on,on,"{""id"": ""1747870075916"", ""last_triggered"": ""2025-07-04T00:33:35.271911+00:00"", ""mode"": ""single"", ""current"": 0, ""friendly_name"": ""auto-banheiro""}"
2025-07-03T21:33:40.280998,automation.auto_banheiro,on,on,"{""id"": ""1747870075916"", ""last_triggered"": ""2025-07-04T00:33:40.271381+00:00"", ""mode"": ""single"", ""current"": 1, ""friendly_name"": ""auto-banheiro""}"
2025-07-03T21:33:40.282812,automation.auto_banheiro,on,on,"{""id"": ""1747870075916"", ""last_triggered"": ""2025-07-04T00:33:40.271381+00:00"", ""mode"": ""single"", ""current"": 0, ""friendly_name"": ""auto-banheiro""}"
2025-07-03T21:33:45.278628,automation.auto_banheiro,on,on,"{""id"": ""1747870075916"", ""last_triggered"": ""2025-07-04T00:33:45.273028+00:00"", ""mode"": ""single"", ""current"": 1, ""friendly_name"": ""auto-banheiro""}"
2025-07-03T21:33:45.280500,automation.auto_banheiro,on,on,"{""id"": ""1747870075916"", ""last_triggered"": ""2025-07-04T00:33:45.273028+00:00"", ""mode"": ""single"", ""current"": 0, ""friendly_name"": ""auto-banheiro""}"
2025-07-03T21:33:50.283208,automation.auto_banheiro,on,on,"{""id"": ""1747870075916"", ""last_triggered"": ""2025-07-04T00:33:50.271943+00:00"", ""mode"": ""single"", ""current"": 1, ""friendly_name"": ""auto-banheiro""}"
2025-07-03T21:33:50.287915,automation.auto_banheiro,on,on,"{""id"": ""1747870075916"", ""last_triggered"": ""2025-07-04T00:33:50.271943+00:00"", ""mode"": ""single"", ""current"": 0, ""friendly_name"": ""auto-banheiro""}"
2025-07-03T21:33:55.277147,automation.auto_banheiro,on,on,"{""id"": ""1747870075916"", ""last_triggered"": ""2025-07-04T00:33:55.271761+00:00"", ""mode"": ""single"", ""current"": 1, ""friendly_name"": ""auto-banheiro""}"
2025-07-03T21:33:55.279112,automation.auto_banheiro,on,on,"{""id"": ""1747870075916"", ""last_triggered"": ""2025-07-04T00:33:55.271761+00:00"", ""mode"": ""single"", ""current"": 0, ""friendly_name"": ""auto-banheiro""}"
2025-07-03T21:34:00.276982,automation.auto_banheiro,on,on,"{""id"": ""1747870075916"", ""last_triggered"": ""2025-07-04T00:34:00.271539+00:00"", ""mode"": ""single"", ""current"": 1, ""friendly_name"": ""auto-banheiro""}"
2025-07-03T21:34:00.281312,automation.auto_banheiro,on,on,"{""id"": ""1747870075916"", ""last_triggered"": ""2025-07-04T00:34:00.271539+00:00"", ""mode"": ""single"", ""current"": 0, ""friendly_name"": ""auto-banheiro""}"
2025-07-03T21:34:02.716340,sensor.arris_tg1692a_router_download_speed,0.00133814038087267,0.00220319375761769,"{""state_class"": ""measurement"", ""unit_of_measurement"": ""Mbit/s"", ""device_class"": ""data_rate"", ""friendly_name"": ""ARRIS TG1692A Router Download speed""}"
2025-07-03T21:34:02.717874,sensor.arris_tg1692a_router_upload_speed,0.00101787202745934,0.00164239534654652,"{""state_class"": ""measurement"", ""unit_of_measurement"": ""Mbit/s"", ""device_class"": ""data_rate"", ""friendly_name"": ""ARRIS TG1692A Router Upload speed""}"
2025-07-03T21:34:05.277753,automation.auto_banheiro,on,on,"{""id"": ""1747870075916"", ""last_triggered"": ""2025-07-04T00:34:05.272175+00:00"", ""mode"": ""single"", ""current"": 1, ""friendly_name"": ""auto-banheiro""}"
2025-07-03T21:34:05.285050,automation.auto_banheiro,on,on,"{""id"": ""1747870075916"", ""last_triggered"": ""2025-07-04T00:34:05.272175+00:00"", ""mode"": ""single"", ""current"": 0, ""friendly_name"": ""auto-banheiro""}"
2025-07-03T21:34:10.278666,automation.auto_banheiro,on,on,"{""id"": ""1747870075916"", ""last_triggered"": ""2025-07-04T00:34:10.271588+00:00"", ""mode"": ""single"", ""current"": 1, ""friendly_name"": ""auto-banheiro""}"
2025-07-03T21:34:10.280323,automation.auto_banheiro,on,on,"{""id"": ""1747870075916"", ""last_triggered"": ""2025-07-04T00:34:10.271588+00:00"", ""mode"": ""single"", ""current"": 0, ""friendly_name"": ""auto-banheiro""}"
2025-07-03T21:34:15.290157,automation.auto_banheiro,on,on,"{""id"": ""1747870075916"", ""last_triggered"": ""2025-07-04T00:34:15.272237+00:00"", ""mode"": ""single"", ""current"": 1, ""friendly_name"": ""auto-banheiro""}"
2025-07-03T21:34:15.294029,automation.auto_banheiro,on,on,"{""id"": ""1747870075916"", ""last_triggered"": ""2025-07-04T00:34:15.272237+00:00"", ""mode"": ""single"", ""current"": 0, ""friendly_name"": ""auto-banheiro""}"
2025-07-03T21:34:20.276711,automation.auto_banheiro,on,on,"{""id"": ""1747870075916"", ""last_triggered"": ""2025-07-04T00:34:20.271716+00:00"", ""mode"": ""single"", ""current"": 1, ""friendly_name"": ""auto-banheiro""}"
2025-07-03T21:34:20.278446,automation.auto_banheiro,on,on,"{""id"": ""1747870075916"", ""last_triggered"": ""2025-07-04T00:34:20.271716+00:00"", ""mode"": ""single"", ""current"": 0, ""friendly_name"": ""auto-banheiro""}"
2025-07-03T21:34:25.276361,automation.auto_banheiro,on,on,"{""id"": ""1747870075916"", ""last_triggered"": ""2025-07-04T00:34:25.271544+00:00"", ""mode"": ""single"", ""current"": 1, ""friendly_name"": ""auto-banheiro""}"
2025-07-03T21:34:25.278015,automation.auto_banheiro,on,on,"{""id"": ""1747870075916"", ""last_triggered"": ""2025-07-04T00:34:25.271544+00:00"", ""mode"": ""single"", ""current"": 0, ""friendly_name"": ""auto-banheiro""}"
2025-07-03T21:34:30.276178,automation.auto_banheiro,on,on,"{""id"": ""1747870075916"", ""last_triggered"": ""2025-07-04T00:34:30.271249+00:00"", ""mode"": ""single"", ""current"": 1, ""friendly_name"": ""auto-banheiro""}"
2025-07-03T21:34:30.277845,automation.auto_banheiro,on,on,"{""id"": ""1747870075916"", ""last_triggered"": ""2025-07-04T00:34:30.271249+00:00"", ""mode"": ""single"", ""current"": 0, ""friendly_name"": ""auto-banheiro""}"
2025-07-03T21:34:32.720348,sensor.arris_tg1692a_router_download_speed,0.00220319375761769,0.0013357294597179,"{""state_class"": ""measurement"", ""unit_of_measurement"": ""Mbit/s"", ""device_class"": ""data_rate"", ""friendly_name"": ""ARRIS TG1692A Router Download speed""}"
2025-07-03T21:34:32.722005,sensor.arris_tg1692a_router_upload_speed,0.00164239534654652,0.00122586311166364,"{""state_class"": ""measurement"", ""unit_of_measurement"": ""Mbit/s"", ""device_class"": ""data_rate"", ""friendly_name"": ""ARRIS TG1692A Router Upload speed""}"
2025-07-03T21:34:35.278601,automation.auto_banheiro,on,on,"{""id"": ""1747870075916"", ""last_triggered"": ""2025-07-04T00:34:35.272049+00:00"", ""mode"": ""single"", ""current"": 1, ""friendly_name"": ""auto-banheiro""}"
2025-07-03T21:34:35.281070,automation.auto_banheiro,on,on,"{""id"": ""1747870075916"", ""last_triggered"": ""2025-07-04T00:34:35.272049+00:00"", ""mode"": ""single"", ""current"": 0, ""friendly_name"": ""auto-banheiro""}"
2025-07-03T21:34:40.281736,automation.auto_banheiro,on,on,"{""id"": ""1747870075916"", ""last_triggered"": ""2025-07-04T00:34:40.272015+00:00"", ""mode"": ""single"", ""current"": 1, ""friendly_name"": ""auto-banheiro""}"
2025-07-03T21:34:40.283251,automation.auto_banheiro,on,on,"{""id"": ""1747870075916"", ""last_triggered"": ""2025-07-04T00:34:40.272015+00:00"", ""mode"": ""single"", ""current"": 0, ""friendly_name"": ""auto-banheiro""}"
2025-07-03T21:34:45.285097,automation.auto_banheiro,on,on,"{""id"": ""1747870075916"", ""last_triggered"": ""2025-07-04T00:34:45.272389+00:00"", ""mode"": ""single"", ""current"": 1, ""friendly_name"": ""auto-banheiro""}"
2025-07-03T21:34:45.288742,automation.auto_banheiro,on,on,"{""id"": ""1747870075916"", ""last_triggered"": ""2025-07-04T00:34:45.272389+00:00"", ""mode"": ""single"", ""current"": 0, ""friendly_name"": ""auto-banheiro""}"
2025-07-03T21:34:50.276368,automation.auto_banheiro,on,on,"{""id"": ""1747870075916"", ""last_triggered"": ""2025-07-04T00:34:50.271563+00:00"", ""mode"": ""single"", ""current"": 1, ""friendly_name"": ""auto-banheiro""}"
2025-07-03T21:34:50.277992,automation.auto_banheiro,on,on,"{""id"": ""1747870075916"", ""last_triggered"": ""2025-07-04T00:34:50.271563+00:00"", ""mode"": ""single"", ""current"": 0, ""friendly_name"": ""auto-banheiro""}"
2025-07-03T21:34:55.278011,automation.auto_banheiro,on,on,"{""id"": ""1747870075916"", ""last_triggered"": ""2025-07-04T00:34:55.271858+00:00"", ""mode"": ""single"", ""current"": 1, ""friendly_name"": ""auto-banheiro""}"
2025-07-03T21:34:55.280775,automation.auto_banheiro,on,on,"{""id"": ""1747870075916"", ""last_triggered"": ""2025-07-04T00:34:55.271858+00:00"", ""mode"": ""single"", ""current"": 0, ""friendly_name"": ""auto-banheiro""}"
2025-07-03T21:35:00.278911,automation.auto_banheiro,on,on,"{""id"": ""1747870075916"", ""last_triggered"": ""2025-07-04T00:35:00.272063+00:00"", ""mode"": ""single"", ""current"": 1, ""friendly_name"": ""auto-banheiro""}"
2025-07-03T21:35:00.280748,automation.auto_banheiro,on,on,"{""id"": ""1747870075916"", ""last_triggered"": ""2025-07-04T00:35:00.272063+00:00"", ""mode"": ""single"", ""current"": 0, ""friendly_name"": ""auto-banheiro""}"
2025-07-03T21:35:02.727258,sensor.arris_tg1692a_router_download_speed,0.0013357294597179,0.00199599021964792,"{""state_class"": ""measurement"", ""unit_of_measurement"": ""Mbit/s"", ""device_class"": ""data_rate"", ""friendly_name"": ""ARRIS TG1692A Router Download speed""}"
2025-07-03T21:35:02.731016,sensor.arris_tg1692a_router_upload_speed,0.00122586311166364,0.00152265920563656,"{""state_class"": ""measurement"", ""unit_of_measurement"": ""Mbit/s"", ""device_class"": ""data_rate"", ""friendly_name"": ""ARRIS TG1692A Router Upload speed""}"
2025-07-03T21:35:05.277392,automation.auto_banheiro,on,on,"{""id"": ""1747870075916"", ""last_triggered"": ""2025-07-04T00:35:05.272119+00:00"", ""mode"": ""single"", ""current"": 1, ""friendly_name"": ""auto-banheiro""}"
2025-07-03T21:35:05.279336,automation.auto_banheiro,on,on,"{""id"": ""1747870075916"", ""last_triggered"": ""2025-07-04T00:35:05.272119+00:00"", ""mode"": ""single"", ""current"": 0, ""friendly_name"": ""auto-banheiro""}"
2025-07-03T21:35:10.276570,automation.auto_banheiro,on,on,"{""id"": ""1747870075916"", ""last_triggered"": ""2025-07-04T00:35:10.271552+00:00"", ""mode"": ""single"", ""current"": 1, ""friendly_name"": ""auto-banheiro""}"
2025-07-03T21:35:10.278349,automation.auto_banheiro,on,on,"{""id"": ""1747870075916"", ""last_triggered"": ""2025-07-04T00:35:10.271552+00:00"", ""mode"": ""single"", ""current"": 0, ""friendly_name"": ""auto-banheiro""}"
2025-07-03T21:35:15.282896,automation.auto_banheiro,on,on,"{""id"": ""1747870075916"", ""last_triggered"": ""2025-07-04T00:35:15.271976+00:00"", ""mode"": ""single"", ""current"": 1, ""friendly_name"": ""auto-banheiro""}"
2025-07-03T21:35:15.285719,automation.auto_banheiro,on,on,"{""id"": ""1747870075916"", ""last_triggered"": ""2025-07-04T00:35:15.271976+00:00"", ""mode"": ""single"", ""current"": 0, ""friendly_name"": ""auto-banheiro""}"
2025-07-03T21:35:20.283480,automation.auto_banheiro,on,on,"{""id"": ""1747870075916"", ""last_triggered"": ""2025-07-04T00:35:20.272622+00:00"", ""mode"": ""single"", ""current"": 1, ""friendly_name"": ""auto-banheiro""}"
2025-07-03T21:35:20.287120,automation.auto_banheiro,on,on,"{""id"": ""1747870075916"", ""last_triggered"": ""2025-07-04T00:35:20.272622+00:00"", ""mode"": ""single"", ""current"": 0, ""friendly_name"": ""auto-banheiro""}"
2025-07-03T21:35:25.276764,automation.auto_banheiro,on,on,"{""id"": ""1747870075916"", ""last_triggered"": ""2025-07-04T00:35:25.271860+00:00"", ""mode"": ""single"", ""current"": 1, ""friendly_name"": ""auto-banheiro""}"
2025-07-03T21:35:25.278392,automation.auto_banheiro,on,on,"{""id"": ""1747870075916"", ""last_triggered"": ""2025-07-04T00:35:25.271860+00:00"", ""mode"": ""single"", ""current"": 0, ""friendly_name"": ""auto-banheiro""}"
2025-07-03T21:35:30.278107,automation.auto_banheiro,on,on,"{""id"": ""1747870075916"", ""last_triggered"": ""2025-07-04T00:35:30.271908+00:00"", ""mode"": ""single"", ""current"": 1, ""friendly_name"": ""auto-banheiro""}"
2025-07-03T21:35:30.279758,automation.auto_banheiro,on,on,"{""id"": ""1747870075916"", ""last_triggered"": ""2025-07-04T00:35:30.271908+00:00"", ""mode"": ""single"", ""current"": 0, ""friendly_name"": ""auto-banheiro""}"
2025-07-03T21:35:32.765067,sensor.arris_tg1692a_router_download_speed,0.00199599021964792,0.0013792247340969,"{""state_class"": ""measurement"", ""unit_of_measurement"": ""Mbit/s"", ""device_class"": ""data_rate"", ""friendly_name"": ""ARRIS TG1692A Router Download speed""}"
2025-07-03T21:35:32.768624,sensor.arris_tg1692a_router_upload_speed,0.00152265920563656,0.00136642450454611,"{""state_class"": ""measurement"", ""unit_of_measurement"": ""Mbit/s"", ""device_class"": ""data_rate"", ""friendly_name"": ""ARRIS TG1692A Router Upload speed""}"
2025-07-03T21:35:35.277442,automation.auto_banheiro,on,on,"{""id"": ""1747870075916"", ""last_triggered"": ""2025-07-04T00:35:35.271863+00:00"", ""mode"": ""single"", ""current"": 1, ""friendly_name"": ""auto-banheiro""}"
2025-07-03T21:35:35.279083,automation.auto_banheiro,on,on,"{""id"": ""1747870075916"", ""last_triggered"": ""2025-07-04T00:35:35.271863+00:00"", ""mode"": ""single"", ""current"": 0, ""friendly_name"": ""auto-banheiro""}"
2025-07-03T21:35:40.276372,automation.auto_banheiro,on,on,"{""id"": ""1747870075916"", ""last_triggered"": ""2025-07-04T00:35:40.271525+00:00"", ""mode"": ""single"", ""current"": 1, ""friendly_name"": ""auto-banheiro""}"
2025-07-03T21:35:40.278080,automation.auto_banheiro,on,on,"{""id"": ""1747870075916"", ""last_triggered"": ""2025-07-04T00:35:40.271525+00:00"", ""mode"": ""single"", ""current"": 0, ""friendly_name"": ""auto-banheiro""}"
2025-07-03T21:35:41.231693,sun.sun,below_horizon,below_horizon,"{""next_dawn"": ""2025-07-04T08:33:54.986212+00:00"", ""next_dusk"": ""2025-07-04T20:43:18.243884+00:00"", ""next_midnight"": ""2025-07-04T02:38:35+00:00"", ""next_noon"": ""2025-07-04T14:38:28+00:00"", ""next_rising"": ""2025-07-04T08:57:20.754870+00:00"", ""next_setting"": ""2025-07-04T20:19:52.740998+00:00"", ""elevation"": -59.25, ""azimuth"": 293.07, ""rising"": false, ""friendly_name"": ""Sun""}"
2025-07-03T21:35:45.277818,automation.auto_banheiro,on,on,"{""id"": ""1747870075916"", ""last_triggered"": ""2025-07-04T00:35:45.271563+00:00"", ""mode"": ""single"", ""current"": 1, ""friendly_name"": ""auto-banheiro""}"
2025-07-03T21:35:45.279585,automation.auto_banheiro,on,on,"{""id"": ""1747870075916"", ""last_triggered"": ""2025-07-04T00:35:45.271563+00:00"", ""mode"": ""single"", ""current"": 0, ""friendly_name"": ""auto-banheiro""}"
2025-07-03T21:35:50.277366,automation.auto_banheiro,on,on,"{""id"": ""1747870075916"", ""last_triggered"": ""2025-07-04T00:35:50.272013+00:00"", ""mode"": ""single"", ""current"": 1, ""friendly_name"": ""auto-banheiro""}"
2025-07-03T21:35:50.279949,automation.auto_banheiro,on,on,"{""id"": ""1747870075916"", ""last_triggered"": ""2025-07-04T00:35:50.272013+00:00"", ""mode"": ""single"", ""current"": 0, ""friendly_name"": ""auto-banheiro""}"
2025-07-03T21:35:55.286236,automation.auto_banheiro,on,on,"{""id"": ""1747870075916"", ""last_triggered"": ""2025-07-04T00:35:55.272460+00:00"", ""mode"": ""single"", ""current"": 1, ""friendly_name"": ""auto-banheiro""}"
2025-07-03T21:35:55.289795,automation.auto_banheiro,on,on,"{""id"": ""1747870075916"", ""last_triggered"": ""2025-07-04T00:35:55.272460+00:00"", ""mode"": ""single"", ""current"": 0, ""friendly_name"": ""auto-banheiro""}"
2025-07-03T21:35:56.419547,camera.192_168_0_33,idle,idle,"{""access_token"": ""96b4fa91767977e4c9ac99adf28994596d8d2b9cdca4220d4cd3dd211e4cef76"", ""entity_picture"": ""/api/camera_proxy/camera.192_168_0_33?token=96b4fa91767977e4c9ac99adf28994596d8d2b9cdca4220d4cd3dd211e4cef76"", ""friendly_name"": ""192_168_0_14"", ""supported_features"": 2}"
2025-07-03T21:35:56.421276,camera.admin_mainstream,idle,idle,"{""access_token"": ""67626921bcfd65024eef2ad62f9d129fb4a98909e2eaeaf8391930d960e0d2a9"", ""entity_picture"": ""/api/camera_proxy/camera.admin_mainstream?token=67626921bcfd65024eef2ad62f9d129fb4a98909e2eaeaf8391930d960e0d2a9"", ""friendly_name"": ""admin MainStream"", ""supported_features"": 2}"
2025-07-03T21:35:56.423092,camera.admin_substream,idle,idle,"{""access_token"": ""6bdd1bb06ab5fa49880129431c02fa0f2e4d51c82f955c975a941fd275d93c02"", ""entity_picture"": ""/api/camera_proxy/camera.admin_substream?token=6bdd1bb06ab5fa49880129431c02fa0f2e4d51c82f955c975a941fd275d93c02"", ""friendly_name"": ""admin SubStream"", ""supported_features"": 2}"
2025-07-03T21:36:00.279038,automation.auto_banheiro,on,on,"{""id"": ""1747870075916"", ""last_triggered"": ""2025-07-04T00:36:00.271958+00:00"", ""mode"": ""single"", ""current"": 1, ""friendly_name"": ""auto-banheiro""}"
2025-07-03T21:36:00.283275,automation.auto_banheiro,on,on,"{""id"": ""1747870075916"", ""last_triggered"": ""2025-07-04T00:36:00.271958+00:00"", ""mode"": ""single"", ""current"": 0, ""friendly_name"": ""auto-banheiro""}"
2025-07-03T21:36:02.724730,sensor.arris_tg1692a_router_download_speed,0.0013792247340969,0.00959212150020567,"{""state_class"": ""measurement"", ""unit_of_measurement"": ""Mbit/s"", ""device_class"": ""data_rate"", ""friendly_name"": ""ARRIS TG1692A Router Download speed""}"
2025-07-03T21:36:02.726369,sensor.arris_tg1692a_router_upload_speed,0.00136642450454611,0.00404378455460436,"{""state_class"": ""measurement"", ""unit_of_measurement"": ""Mbit/s"", ""device_class"": ""data_rate"", ""friendly_name"": ""ARRIS TG1692A Router Upload speed""}"
2025-07-03T21:36:05.276215,automation.auto_banheiro,on,on,"{""id"": ""1747870075916"", ""last_triggered"": ""2025-07-04T00:36:05.271235+00:00"", ""mode"": ""single"", ""current"": 1, ""friendly_name"": ""auto-banheiro""}"
2025-07-03T21:36:05.277861,automation.auto_banheiro,on,on,"{""id"": ""1747870075916"", ""last_triggered"": ""2025-07-04T00:36:05.271235+00:00"", ""mode"": ""single"", ""current"": 0, ""friendly_name"": ""auto-banheiro""}"
2025-07-03T21:36:10.282693,automation.auto_banheiro,on,on,"{""id"": ""1747870075916"", ""last_triggered"": ""2025-07-04T00:36:10.272126+00:00"", ""mode"": ""single"", ""current"": 1, ""friendly_name"": ""auto-banheiro""}"
2025-07-03T21:36:10.286340,automation.auto_banheiro,on,on,"{""id"": ""1747870075916"", ""last_triggered"": ""2025-07-04T00:36:10.272126+00:00"", ""mode"": ""single"", ""current"": 0, ""friendly_name"": ""auto-banheiro""}"
2025-07-03T21:36:15.277154,automation.auto_banheiro,on,on,"{""id"": ""1747870075916"", ""last_triggered"": ""2025-07-04T00:36:15.271963+00:00"", ""mode"": ""single"", ""current"": 1, ""friendly_name"": ""auto-banheiro""}"
2025-07-03T21:36:15.279108,automation.auto_banheiro,on,on,"{""id"": ""1747870075916"", ""last_triggered"": ""2025-07-04T00:36:15.271963+00:00"", ""mode"": ""single"", ""current"": 0, ""friendly_name"": ""auto-banheiro""}"
2025-07-03T21:36:20.277951,automation.auto_banheiro,on,on,"{""id"": ""1747870075916"", ""last_triggered"": ""2025-07-04T00:36:20.271906+00:00"", ""mode"": ""single"", ""current"": 1, ""friendly_name"": ""auto-banheiro""}"
2025-07-03T21:36:20.279821,automation.auto_banheiro,on,on,"{""id"": ""1747870075916"", ""last_triggered"": ""2025-07-04T00:36:20.271906+00:00"", ""mode"": ""single"", ""current"": 0, ""friendly_name"": ""auto-banheiro""}"
2025-07-03T21:36:25.276598,automation.auto_banheiro,on,on,"{""id"": ""1747870075916"", ""last_triggered"": ""2025-07-04T00:36:25.271441+00:00"", ""mode"": ""single"", ""current"": 1, ""friendly_name"": ""auto-banheiro""}"
2025-07-03T21:36:25.278548,automation.auto_banheiro,on,on,"{""id"": ""1747870075916"", ""last_triggered"": ""2025-07-04T00:36:25.271441+00:00"", ""mode"": ""single"", ""current"": 0, ""friendly_name"": ""auto-banheiro""}"
2025-07-03T21:36:30.283272,automation.auto_banheiro,on,on,"{""id"": ""1747870075916"", ""last_triggered"": ""2025-07-04T00:36:30.272551+00:00"", ""mode"": ""single"", ""current"": 1, ""friendly_name"": ""auto-banheiro""}"
2025-07-03T21:36:30.286469,automation.auto_banheiro,on,on,"{""id"": ""1747870075916"", ""last_triggered"": ""2025-07-04T00:36:30.272551+00:00"", ""mode"": ""single"", ""current"": 0, ""friendly_name"": ""auto-banheiro""}"
2025-07-03T21:36:32.718941,sensor.arris_tg1692a_router_download_speed,0.00959212150020567,0.00274828599627817,"{""state_class"": ""measurement"", ""unit_of_measurement"": ""Mbit/s"", ""device_class"": ""data_rate"", ""friendly_name"": ""ARRIS TG1692A Router Download speed""}"
2025-07-03T21:36:32.720959,sensor.arris_tg1692a_router_upload_speed,0.00404378455460436,0.00154934423038775,"{""state_class"": ""measurement"", ""unit_of_measurement"": ""Mbit/s"", ""device_class"": ""data_rate"", ""friendly_name"": ""ARRIS TG1692A Router Upload speed""}"
2025-07-03T21:36:35.277452,automation.auto_banheiro,on,on,"{""id"": ""1747870075916"", ""last_triggered"": ""2025-07-04T00:36:35.271822+00:00"", ""mode"": ""single"", ""current"": 1, ""friendly_name"": ""auto-banheiro""}"
2025-07-03T21:36:35.279091,automation.auto_banheiro,on,on,"{""id"": ""1747870075916"", ""last_triggered"": ""2025-07-04T00:36:35.271822+00:00"", ""mode"": ""single"", ""current"": 0, ""friendly_name"": ""auto-banheiro""}"
2025-07-03T21:36:40.280320,automation.auto_banheiro,on,on,"{""id"": ""1747870075916"", ""last_triggered"": ""2025-07-04T00:36:40.271938+00:00"", ""mode"": ""single"", ""current"": 1, ""friendly_name"": ""auto-banheiro""}"
2025-07-03T21:36:40.281924,automation.auto_banheiro,on,on,"{""id"": ""1747870075916"", ""last_triggered"": ""2025-07-04T00:36:40.271938+00:00"", ""mode"": ""single"", ""current"": 0, ""friendly_name"": ""auto-banheiro""}"
2025-07-03T21:36:45.279486,automation.auto_banheiro,on,on,"{""id"": ""1747870075916"", ""last_triggered"": ""2025-07-04T00:36:45.271227+00:00"", ""mode"": ""single"", ""current"": 1, ""friendly_name"": ""auto-banheiro""}"
2025-07-03T21:36:45.281848,automation.auto_banheiro,on,on,"{""id"": ""1747870075916"", ""last_triggered"": ""2025-07-04T00:36:45.271227+00:00"", ""mode"": ""single"", ""current"": 0, ""friendly_name"": ""auto-banheiro""}"
2025-07-03T21:36:50.276850,automation.auto_banheiro,on,on,"{""id"": ""1747870075916"", ""last_triggered"": ""2025-07-04T00:36:50.271931+00:00"", ""mode"": ""single"", ""current"": 1, ""friendly_name"": ""auto-banheiro""}"
2025-07-03T21:36:50.280146,automation.auto_banheiro,on,on,"{""id"": ""1747870075916"", ""last_triggered"": ""2025-07-04T00:36:50.271931+00:00"", ""mode"": ""single"", ""current"": 0, ""friendly_name"": ""auto-banheiro""}"
2025-07-03T21:36:55.276884,automation.auto_banheiro,on,on,"{""id"": ""1747870075916"", ""last_triggered"": ""2025-07-04T00:36:55.271565+00:00"", ""mode"": ""single"", ""current"": 1, ""friendly_name"": ""auto-banheiro""}"
2025-07-03T21:36:55.280515,automation.auto_banheiro,on,on,"{""id"": ""1747870075916"", ""last_triggered"": ""2025-07-04T00:36:55.271565+00:00"", ""mode"": ""single"", ""current"": 0, ""friendly_name"": ""auto-banheiro""}"
2025-07-03T21:37:00.283468,automation.auto_banheiro,on,on,"{""id"": ""1747870075916"", ""last_triggered"": ""2025-07-04T00:37:00.271532+00:00"", ""mode"": ""single"", ""current"": 1, ""friendly_name"": ""auto-banheiro""}"
2025-07-03T21:37:00.286612,automation.auto_banheiro,on,on,"{""id"": ""1747870075916"", ""last_triggered"": ""2025-07-04T00:37:00.271532+00:00"", ""mode"": ""single"", ""current"": 0, ""friendly_name"": ""auto-banheiro""}"
2025-07-03T21:37:02.723894,sensor.arris_tg1692a_router_download_speed,0.00274828599627817,0.00210234134467648,"{""state_class"": ""measurement"", ""unit_of_measurement"": ""Mbit/s"", ""device_class"": ""data_rate"", ""friendly_name"": ""ARRIS TG1692A Router Download speed""}"
2025-07-03T21:37:02.726118,sensor.arris_tg1692a_router_upload_speed,0.00154934423038775,0.0015991553835648,"{""state_class"": ""measurement"", ""unit_of_measurement"": ""Mbit/s"", ""device_class"": ""data_rate"", ""friendly_name"": ""ARRIS TG1692A Router Upload speed""}"
2025-07-03T21:37:05.290668,automation.auto_banheiro,on,on,"{""id"": ""1747870075916"", ""last_triggered"": ""2025-07-04T00:37:05.272255+00:00"", ""mode"": ""single"", ""current"": 1, ""friendly_name"": ""auto-banheiro""}"
2025-07-03T21:37:05.294299,automation.auto_banheiro,on,on,"{""id"": ""1747870075916"", ""last_triggered"": ""2025-07-04T00:37:05.272255+00:00"", ""mode"": ""single"", ""current"": 0, ""friendly_name"": ""auto-banheiro""}"
2025-07-03T21:37:10.284281,automation.auto_banheiro,on,on,"{""id"": ""1747870075916"", ""last_triggered"": ""2025-07-04T00:37:10.273758+00:00"", ""mode"": ""single"", ""current"": 1, ""friendly_name"": ""auto-banheiro""}"
2025-07-03T21:37:10.288842,automation.auto_banheiro,on,on,"{""id"": ""1747870075916"", ""last_triggered"": ""2025-07-04T00:37:10.273758+00:00"", ""mode"": ""single"", ""current"": 0, ""friendly_name"": ""auto-banheiro""}"
2025-07-03T21:37:15.277536,automation.auto_banheiro,on,on,"{""id"": ""1747870075916"", ""last_triggered"": ""2025-07-04T00:37:15.271663+00:00"", ""mode"": ""single"", ""current"": 1, ""friendly_name"": ""auto-banheiro""}"
2025-07-03T21:37:15.279230,automation.auto_banheiro,on,on,"{""id"": ""1747870075916"", ""last_triggered"": ""2025-07-04T00:37:15.271663+00:00"", ""mode"": ""single"", ""current"": 0, ""friendly_name"": ""auto-banheiro""}"
2025-07-03T21:37:20.277756,automation.auto_banheiro,on,on,"{""id"": ""1747870075916"", ""last_triggered"": ""2025-07-04T00:37:20.272918+00:00"", ""mode"": ""single"", ""current"": 1, ""friendly_name"": ""auto-banheiro""}"
2025-07-03T21:37:20.279498,automation.auto_banheiro,on,on,"{""id"": ""1747870075916"", ""last_triggered"": ""2025-07-04T00:37:20.272918+00:00"", ""mode"": ""single"", ""current"": 0, ""friendly_name"": ""auto-banheiro""}"
2025-07-03T21:37:25.277192,automation.auto_banheiro,on,on,"{""id"": ""1747870075916"", ""last_triggered"": ""2025-07-04T00:37:25.271247+00:00"", ""mode"": ""single"", ""current"": 1, ""friendly_name"": ""auto-banheiro""}"
2025-07-03T21:37:25.279021,automation.auto_banheiro,on,on,"{""id"": ""1747870075916"", ""last_triggered"": ""2025-07-04T00:37:25.271247+00:00"", ""mode"": ""single"", ""current"": 0, ""friendly_name"": ""auto-banheiro""}"
2025-07-03T21:37:30.276611,automation.auto_banheiro,on,on,"{""id"": ""1747870075916"", ""last_triggered"": ""2025-07-04T00:37:30.271572+00:00"", ""mode"": ""single"", ""current"": 1, ""friendly_name"": ""auto-banheiro""}"
2025-07-03T21:37:30.278321,automation.auto_banheiro,on,on,"{""id"": ""1747870075916"", ""last_triggered"": ""2025-07-04T00:37:30.271572+00:00"", ""mode"": ""single"", ""current"": 0, ""friendly_name"": ""auto-banheiro""}"
2025-07-03T21:37:32.736835,sensor.arris_tg1692a_router_download_speed,0.00210234134467648,0.00132347579864968,"{""state_class"": ""measurement"", ""unit_of_measurement"": ""Mbit/s"", ""device_class"": ""data_rate"", ""friendly_name"": ""ARRIS TG1692A Router Download speed""}"
2025-07-03T21:37:32.738724,sensor.arris_tg1692a_router_upload_speed,0.0015991553835648,0.00115307462288156,"{""state_class"": ""measurement"", ""unit_of_measurement"": ""Mbit/s"", ""device_class"": ""data_rate"", ""friendly_name"": ""ARRIS TG1692A Router Upload speed""}"
2025-07-03T21:37:35.278234,automation.auto_banheiro,on,on,"{""id"": ""1747870075916"", ""last_triggered"": ""2025-07-04T00:37:35.271858+00:00"", ""mode"": ""single"", ""current"": 1, ""friendly_name"": ""auto-banheiro""}"
2025-07-03T21:37:35.279911,automation.auto_banheiro,on,on,"{""id"": ""1747870075916"", ""last_triggered"": ""2025-07-04T00:37:35.271858+00:00"", ""mode"": ""single"", ""current"": 0, ""friendly_name"": ""auto-banheiro""}"
2025-07-03T21:37:40.277215,automation.auto_banheiro,on,on,"{""id"": ""1747870075916"", ""last_triggered"": ""2025-07-04T00:37:40.271204+00:00"", ""mode"": ""single"", ""current"": 1, ""friendly_name"": ""auto-banheiro""}"
2025-07-03T21:37:40.278775,automation.auto_banheiro,on,on,"{""id"": ""1747870075916"", ""last_triggered"": ""2025-07-04T00:37:40.271204+00:00"", ""mode"": ""single"", ""current"": 0, ""friendly_name"": ""auto-banheiro""}"
2025-07-03T21:37:45.276995,automation.auto_banheiro,on,on,"{""id"": ""1747870075916"", ""last_triggered"": ""2025-07-04T00:37:45.272083+00:00"", ""mode"": ""single"", ""current"": 1, ""friendly_name"": ""auto-banheiro""}"
2025-07-03T21:37:45.279204,automation.auto_banheiro,on,on,"{""id"": ""1747870075916"", ""last_triggered"": ""2025-07-04T00:37:45.272083+00:00"", ""mode"": ""single"", ""current"": 0, ""friendly_name"": ""auto-banheiro""}"
2025-07-03T21:37:50.279663,automation.auto_banheiro,on,on,"{""id"": ""1747870075916"", ""last_triggered"": ""2025-07-04T00:37:50.271778+00:00"", ""mode"": ""single"", ""current"": 1, ""friendly_name"": ""auto-banheiro""}"
2025-07-03T21:37:50.281535,automation.auto_banheiro,on,on,"{""id"": ""1747870075916"", ""last_triggered"": ""2025-07-04T00:37:50.271778+00:00"", ""mode"": ""single"", ""current"": 0, ""friendly_name"": ""auto-banheiro""}"
2025-07-03T21:37:55.281799,automation.auto_banheiro,on,on,"{""id"": ""1747870075916"", ""last_triggered"": ""2025-07-04T00:37:55.271492+00:00"", ""mode"": ""single"", ""current"": 1, ""friendly_name"": ""auto-banheiro""}"
2025-07-03T21:37:55.286132,automation.auto_banheiro,on,on,"{""id"": ""1747870075916"", ""last_triggered"": ""2025-07-04T00:37:55.271492+00:00"", ""mode"": ""single"", ""current"": 0, ""friendly_name"": ""auto-banheiro""}"
2025-07-03T21:38:00.283239,automation.auto_banheiro,on,on,"{""id"": ""1747870075916"", ""last_triggered"": ""2025-07-04T00:38:00.272573+00:00"", ""mode"": ""single"", ""current"": 1, ""friendly_name"": ""auto-banheiro""}"
2025-07-03T21:38:00.286896,automation.auto_banheiro,on,on,"{""id"": ""1747870075916"", ""last_triggered"": ""2025-07-04T00:38:00.272573+00:00"", ""mode"": ""single"", ""current"": 0, ""friendly_name"": ""auto-banheiro""}"
2025-07-03T21:38:02.719861,sensor.arris_tg1692a_router_download_speed,0.00132347579864968,0.00273045005825107,"{""state_class"": ""measurement"", ""unit_of_measurement"": ""Mbit/s"", ""device_class"": ""data_rate"", ""friendly_name"": ""ARRIS TG1692A Router Download speed""}"
2025-07-03T21:38:02.721543,sensor.arris_tg1692a_router_upload_speed,0.00115307462288156,0.00172563163658,"{""state_class"": ""measurement"", ""unit_of_measurement"": ""Mbit/s"", ""device_class"": ""data_rate"", ""friendly_name"": ""ARRIS TG1692A Router Upload speed""}"
2025-07-03T21:38:05.278407,automation.auto_banheiro,on,on,"{""id"": ""1747870075916"", ""last_triggered"": ""2025-07-04T00:38:05.272362+00:00"", ""mode"": ""single"", ""current"": 1, ""friendly_name"": ""auto-banheiro""}"
2025-07-03T21:38:05.280085,automation.auto_banheiro,on,on,"{""id"": ""1747870075916"", ""last_triggered"": ""2025-07-04T00:38:05.272362+00:00"", ""mode"": ""single"", ""current"": 0, ""friendly_name"": ""auto-banheiro""}"
2025-07-03T21:38:10.284439,automation.auto_banheiro,on,on,"{""id"": ""1747870075916"", ""last_triggered"": ""2025-07-04T00:38:10.272409+00:00"", ""mode"": ""single"", ""current"": 1, ""friendly_name"": ""auto-banheiro""}"
2025-07-03T21:38:10.287826,automation.auto_banheiro,on,on,"{""id"": ""1747870075916"", ""last_triggered"": ""2025-07-04T00:38:10.272409+00:00"", ""mode"": ""single"", ""current"": 0, ""friendly_name"": ""auto-banheiro""}"
2025-07-03T21:38:15.276719,automation.auto_banheiro,on,on,"{""id"": ""1747870075916"", ""last_triggered"": ""2025-07-04T00:38:15.271939+00:00"", ""mode"": ""single"", ""current"": 1, ""friendly_name"": ""auto-banheiro""}"
2025-07-03T21:38:15.278278,automation.auto_banheiro,on,on,"{""id"": ""1747870075916"", ""last_triggered"": ""2025-07-04T00:38:15.271939+00:00"", ""mode"": ""single"", ""current"": 0, ""friendly_name"": ""auto-banheiro""}"
2025-07-03T21:38:20.276776,automation.auto_banheiro,on,on,"{""id"": ""1747870075916"", ""last_triggered"": ""2025-07-04T00:38:20.271289+00:00"", ""mode"": ""single"", ""current"": 1, ""friendly_name"": ""auto-banheiro""}"
2025-07-03T21:38:20.278864,automation.auto_banheiro,on,on,"{""id"": ""1747870075916"", ""last_triggered"": ""2025-07-04T00:38:20.271289+00:00"", ""mode"": ""single"", ""current"": 0, ""friendly_name"": ""auto-banheiro""}"
2025-07-03T21:38:25.287095,automation.auto_banheiro,on,on,"{""id"": ""1747870075916"", ""last_triggered"": ""2025-07-04T00:38:25.272663+00:00"", ""mode"": ""single"", ""current"": 1, ""friendly_name"": ""auto-banheiro""}"
2025-07-03T21:38:25.291086,automation.auto_banheiro,on,on,"{""id"": ""1747870075916"", ""last_triggered"": ""2025-07-04T00:38:25.272663+00:00"", ""mode"": ""single"", ""current"": 0, ""friendly_name"": ""auto-banheiro""}"
2025-07-03T21:38:30.276698,automation.auto_banheiro,on,on,"{""id"": ""1747870075916"", ""last_triggered"": ""2025-07-04T00:38:30.271666+00:00"", ""mode"": ""single"", ""current"": 1, ""friendly_name"": ""auto-banheiro""}"
2025-07-03T21:38:30.278838,automation.auto_banheiro,on,on,"{""id"": ""1747870075916"", ""last_triggered"": ""2025-07-04T00:38:30.271666+00:00"", ""mode"": ""single"", ""current"": 0, ""friendly_name"": ""auto-banheiro""}"
2025-07-03T21:38:32.727726,sensor.arris_tg1692a_router_download_speed,0.00273045005825107,0.00403112542417965,"{""state_class"": ""measurement"", ""unit_of_measurement"": ""Mbit/s"", ""device_class"": ""data_rate"", ""friendly_name"": ""ARRIS TG1692A Router Download speed""}"
2025-07-03T21:38:32.731656,sensor.arris_tg1692a_router_upload_speed,0.00172563163658,0.00177970040887577,"{""state_class"": ""measurement"", ""unit_of_measurement"": ""Mbit/s"", ""device_class"": ""data_rate"", ""friendly_name"": ""ARRIS TG1692A Router Upload speed""}"
2025-07-03T21:38:35.276877,automation.auto_banheiro,on,on,"{""id"": ""1747870075916"", ""last_triggered"": ""2025-07-04T00:38:35.272093+00:00"", ""mode"": ""single"", ""current"": 1, ""friendly_name"": ""auto-banheiro""}"
2025-07-03T21:38:35.279546,automation.auto_banheiro,on,on,"{""id"": ""1747870075916"", ""last_triggered"": ""2025-07-04T00:38:35.272093+00:00"", ""mode"": ""single"", ""current"": 0, ""friendly_name"": ""auto-banheiro""}"
2025-07-03T21:38:40.292993,automation.auto_banheiro,on,on,"{""id"": ""1747870075916"", ""last_triggered"": ""2025-07-04T00:38:40.272554+00:00"", ""mode"": ""single"", ""current"": 1, ""friendly_name"": ""auto-banheiro""}"
2025-07-03T21:38:40.297208,automation.auto_banheiro,on,on,"{""id"": ""1747870075916"", ""last_triggered"": ""2025-07-04T00:38:40.272554+00:00"", ""mode"": ""single"", ""current"": 0, ""friendly_name"": ""auto-banheiro""}"
2025-07-03T21:38:45.276541,automation.auto_banheiro,on,on,"{""id"": ""1747870075916"", ""last_triggered"": ""2025-07-04T00:38:45.271720+00:00"", ""mode"": ""single"", ""current"": 1, ""friendly_name"": ""auto-banheiro""}"
2025-07-03T21:38:45.278533,automation.auto_banheiro,on,on,"{""id"": ""1747870075916"", ""last_triggered"": ""2025-07-04T00:38:45.271720+00:00"", ""mode"": ""single"", ""current"": 0, ""friendly_name"": ""auto-banheiro""}"
2025-07-03T21:38:50.276711,automation.auto_banheiro,on,on,"{""id"": ""1747870075916"", ""last_triggered"": ""2025-07-04T00:38:50.271635+00:00"", ""mode"": ""single"", ""current"": 1, ""friendly_name"": ""auto-banheiro""}"
2025-07-03T21:38:50.278350,automation.auto_banheiro,on,on,"{""id"": ""1747870075916"", ""last_triggered"": ""2025-07-04T00:38:50.271635+00:00"", ""mode"": ""single"", ""current"": 0, ""friendly_name"": ""auto-banheiro""}"
2025-07-03T21:38:55.289322,automation.auto_banheiro,on,on,"{""id"": ""1747870075916"", ""last_triggered"": ""2025-07-04T00:38:55.273560+00:00"", ""mode"": ""single"", ""current"": 1, ""friendly_name"": ""auto-banheiro""}"
2025-07-03T21:38:55.294414,automation.auto_banheiro,on,on,"{""id"": ""1747870075916"", ""last_triggered"": ""2025-07-04T00:38:55.273560+00:00"", ""mode"": ""single"", ""current"": 0, ""friendly_name"": ""auto-banheiro""}"
2025-07-03T21:39:00.334449,automation.auto_banheiro,on,on,"{""id"": ""1747870075916"", ""last_triggered"": ""2025-07-04T00:39:00.273249+00:00"", ""mode"": ""single"", ""current"": 1, ""friendly_name"": ""auto-banheiro""}"
2025-07-03T21:39:00.336372,automation.auto_banheiro,on,on,"{""id"": ""1747870075916"", ""last_triggered"": ""2025-07-04T00:39:00.273249+00:00"", ""mode"": ""single"", ""current"": 0, ""friendly_name"": ""auto-banheiro""}"
2025-07-03T21:39:02.726202,sensor.arris_tg1692a_router_download_speed,0.00403112542417965,0.00194163119554121,"{""state_class"": ""measurement"", ""unit_of_measurement"": ""Mbit/s"", ""device_class"": ""data_rate"", ""friendly_name"": ""ARRIS TG1692A Router Download speed""}"
2025-07-03T21:39:02.732710,sensor.arris_tg1692a_router_upload_speed,0.00177970040887577,0.00190216389476658,"{""state_class"": ""measurement"", ""unit_of_measurement"": ""Mbit/s"", ""device_class"": ""data_rate"", ""friendly_name"": ""ARRIS TG1692A Router Upload speed""}"
2025-07-03T21:39:05.276635,automation.auto_banheiro,on,on,"{""id"": ""1747870075916"", ""last_triggered"": ""2025-07-04T00:39:05.271787+00:00"", ""mode"": ""single"", ""current"": 1, ""friendly_name"": ""auto-banheiro""}"
2025-07-03T21:39:05.278249,automation.auto_banheiro,on,on,"{""id"": ""1747870075916"", ""last_triggered"": ""2025-07-04T00:39:05.271787+00:00"", ""mode"": ""single"", ""current"": 0, ""friendly_name"": ""auto-banheiro""}"
2025-07-03T21:39:10.276225,automation.auto_banheiro,on,on,"{""id"": ""1747870075916"", ""last_triggered"": ""2025-07-04T00:39:10.271382+00:00"", ""mode"": ""single"", ""current"": 1, ""friendly_name"": ""auto-banheiro""}"
2025-07-03T21:39:10.277840,automation.auto_banheiro,on,on,"{""id"": ""1747870075916"", ""last_triggered"": ""2025-07-04T00:39:10.271382+00:00"", ""mode"": ""single"", ""current"": 0, ""friendly_name"": ""auto-banheiro""}"
2025-07-03T21:39:15.276382,automation.auto_banheiro,on,on,"{""id"": ""1747870075916"", ""last_triggered"": ""2025-07-04T00:39:15.271596+00:00"", ""mode"": ""single"", ""current"": 1, ""friendly_name"": ""auto-banheiro""}"
2025-07-03T21:39:15.278006,automation.auto_banheiro,on,on,"{""id"": ""1747870075916"", ""last_triggered"": ""2025-07-04T00:39:15.271596+00:00"", ""mode"": ""single"", ""current"": 0, ""friendly_name"": ""auto-banheiro""}"
2025-07-03T21:39:20.281237,automation.auto_banheiro,on,on,"{""id"": ""1747870075916"", ""last_triggered"": ""2025-07-04T00:39:20.271879+00:00"", ""mode"": ""single"", ""current"": 1, ""friendly_name"": ""auto-banheiro""}"
2025-07-03T21:39:20.283119,automation.auto_banheiro,on,on,"{""id"": ""1747870075916"", ""last_triggered"": ""2025-07-04T00:39:20.271879+00:00"", ""mode"": ""single"", ""current"": 0, ""friendly_name"": ""auto-banheiro""}"
2025-07-03T21:39:25.284724,automation.auto_banheiro,on,on,"{""id"": ""1747870075916"", ""last_triggered"": ""2025-07-04T00:39:25.272491+00:00"", ""mode"": ""single"", ""current"": 1, ""friendly_name"": ""auto-banheiro""}"
2025-07-03T21:39:25.288886,automation.auto_banheiro,on,on,"{""id"": ""1747870075916"", ""last_triggered"": ""2025-07-04T00:39:25.272491+00:00"", ""mode"": ""single"", ""current"": 0, ""friendly_name"": ""auto-banheiro""}"
2025-07-03T21:39:30.276558,automation.auto_banheiro,on,on,"{""id"": ""1747870075916"", ""last_triggered"": ""2025-07-04T00:39:30.271733+00:00"", ""mode"": ""single"", ""current"": 1, ""friendly_name"": ""auto-banheiro""}"
2025-07-03T21:39:30.278216,automation.auto_banheiro,on,on,"{""id"": ""1747870075916"", ""last_triggered"": ""2025-07-04T00:39:30.271733+00:00"", ""mode"": ""single"", ""current"": 0, ""friendly_name"": ""auto-banheiro""}"
2025-07-03T21:39:32.725423,sensor.arris_tg1692a_router_download_speed,0.00194163119554121,0.0104016954219561,"{""state_class"": ""measurement"", ""unit_of_measurement"": ""Mbit/s"", ""device_class"": ""data_rate"", ""friendly_name"": ""ARRIS TG1692A Router Download speed""}"
2025-07-03T21:39:32.728906,sensor.arris_tg1692a_router_upload_speed,0.00190216389476658,0.00382650557078214,"{""state_class"": ""measurement"", ""unit_of_measurement"": ""Mbit/s"", ""device_class"": ""data_rate"", ""friendly_name"": ""ARRIS TG1692A Router Upload speed""}"
2025-07-03T21:39:35.276701,automation.auto_banheiro,on,on,"{""id"": ""1747870075916"", ""last_triggered"": ""2025-07-04T00:39:35.271912+00:00"", ""mode"": ""single"", ""current"": 1, ""friendly_name"": ""auto-banheiro""}"
2025-07-03T21:39:35.278373,automation.auto_banheiro,on,on,"{""id"": ""1747870075916"", ""last_triggered"": ""2025-07-04T00:39:35.271912+00:00"", ""mode"": ""single"", ""current"": 0, ""friendly_name"": ""auto-banheiro""}"
2025-07-03T21:39:40.276692,automation.auto_banheiro,on,on,"{""id"": ""1747870075916"", ""last_triggered"": ""2025-07-04T00:39:40.271927+00:00"", ""mode"": ""single"", ""current"": 1, ""friendly_name"": ""auto-banheiro""}"
2025-07-03T21:39:40.278390,automation.auto_banheiro,on,on,"{""id"": ""1747870075916"", ""last_triggered"": ""2025-07-04T00:39:40.271927+00:00"", ""mode"": ""single"", ""current"": 0, ""friendly_name"": ""auto-banheiro""}"
2025-07-03T21:39:45.278469,automation.auto_banheiro,on,on,"{""id"": ""1747870075916"", ""last_triggered"": ""2025-07-04T00:39:45.272113+00:00"", ""mode"": ""single"", ""current"": 1, ""friendly_name"": ""auto-banheiro""}"
2025-07-03T21:39:45.280040,automation.auto_banheiro,on,on,"{""id"": ""1747870075916"", ""last_triggered"": ""2025-07-04T00:39:45.272113+00:00"", ""mode"": ""single"", ""current"": 0, ""friendly_name"": ""auto-banheiro""}"
2025-07-03T21:39:50.276675,automation.auto_banheiro,on,on,"{""id"": ""1747870075916"", ""last_triggered"": ""2025-07-04T00:39:50.271213+00:00"", ""mode"": ""single"", ""current"": 1, ""friendly_name"": ""auto-banheiro""}"
2025-07-03T21:39:50.278100,automation.auto_banheiro,on,on,"{""id"": ""1747870075916"", ""last_triggered"": ""2025-07-04T00:39:50.271213+00:00"", ""mode"": ""single"", ""current"": 0, ""friendly_name"": ""auto-banheiro""}"
2025-07-03T21:39:55.284872,automation.auto_banheiro,on,on,"{""id"": ""1747870075916"", ""last_triggered"": ""2025-07-04T00:39:55.272789+00:00"", ""mode"": ""single"", ""current"": 1, ""friendly_name"": ""auto-banheiro""}"
2025-07-03T21:39:55.291028,automation.auto_banheiro,on,on,"{""id"": ""1747870075916"", ""last_triggered"": ""2025-07-04T00:39:55.272789+00:00"", ""mode"": ""single"", ""current"": 0, ""friendly_name"": ""auto-banheiro""}"
2025-07-03T21:40:00.277536,automation.auto_banheiro,on,on,"{""id"": ""1747870075916"", ""last_triggered"": ""2025-07-04T00:40:00.271559+00:00"", ""mode"": ""single"", ""current"": 1, ""friendly_name"": ""auto-banheiro""}"
2025-07-03T21:40:00.279248,automation.auto_banheiro,on,on,"{""id"": ""1747870075916"", ""last_triggered"": ""2025-07-04T00:40:00.271559+00:00"", ""mode"": ""single"", ""current"": 0, ""friendly_name"": ""auto-banheiro""}"
2025-07-03T21:40:02.721933,sensor.arris_tg1692a_router_download_speed,0.0104016954219561,0.00227069255256177,"{""state_class"": ""measurement"", ""unit_of_measurement"": ""Mbit/s"", ""device_class"": ""data_rate"", ""friendly_name"": ""ARRIS TG1692A Router Download speed""}"
2025-07-03T21:40:02.723678,sensor.arris_tg1692a_router_upload_speed,0.00382650557078214,0.00172881970854468,"{""state_class"": ""measurement"", ""unit_of_measurement"": ""Mbit/s"", ""device_class"": ""data_rate"", ""friendly_name"": ""ARRIS TG1692A Router Upload speed""}"
2025-07-03T21:40:05.277076,automation.auto_banheiro,on,on,"{""id"": ""1747870075916"", ""last_triggered"": ""2025-07-04T00:40:05.271573+00:00"", ""mode"": ""single"", ""current"": 1, ""friendly_name"": ""auto-banheiro""}"
2025-07-03T21:40:05.278533,automation.auto_banheiro,on,on,"{""id"": ""1747870075916"", ""last_triggered"": ""2025-07-04T00:40:05.271573+00:00"", ""mode"": ""single"", ""current"": 0, ""friendly_name"": ""auto-banheiro""}"
2025-07-03T21:40:10.276572,automation.auto_banheiro,on,on,"{""id"": ""1747870075916"", ""last_triggered"": ""2025-07-04T00:40:10.271723+00:00"", ""mode"": ""single"", ""current"": 1, ""friendly_name"": ""auto-banheiro""}"
2025-07-03T21:40:10.278219,automation.auto_banheiro,on,on,"{""id"": ""1747870075916"", ""last_triggered"": ""2025-07-04T00:40:10.271723+00:00"", ""mode"": ""single"", ""current"": 0, ""friendly_name"": ""auto-banheiro""}"
2025-07-03T21:40:15.276757,automation.auto_banheiro,on,on,"{""id"": ""1747870075916"", ""last_triggered"": ""2025-07-04T00:40:15.271765+00:00"", ""mode"": ""single"", ""current"": 1, ""friendly_name"": ""auto-banheiro""}"
2025-07-03T21:40:15.278405,automation.auto_banheiro,on,on,"{""id"": ""1747870075916"", ""last_triggered"": ""2025-07-04T00:40:15.271765+00:00"", ""mode"": ""single"", ""current"": 0, ""friendly_name"": ""auto-banheiro""}"
2025-07-03T21:40:20.276819,automation.auto_banheiro,on,on,"{""id"": ""1747870075916"", ""last_triggered"": ""2025-07-04T00:40:20.272046+00:00"", ""mode"": ""single"", ""current"": 1, ""friendly_name"": ""auto-banheiro""}"
2025-07-03T21:40:20.278485,automation.auto_banheiro,on,on,"{""id"": ""1747870075916"", ""last_triggered"": ""2025-07-04T00:40:20.272046+00:00"", ""mode"": ""single"", ""current"": 0, ""friendly_name"": ""auto-banheiro""}"
2025-07-03T21:40:25.283237,automation.auto_banheiro,on,on,"{""id"": ""1747870075916"", ""last_triggered"": ""2025-07-04T00:40:25.272290+00:00"", ""mode"": ""single"", ""current"": 1, ""friendly_name"": ""auto-banheiro""}"
2025-07-03T21:40:25.286795,automation.auto_banheiro,on,on,"{""id"": ""1747870075916"", ""last_triggered"": ""2025-07-04T00:40:25.272290+00:00"", ""mode"": ""single"", ""current"": 0, ""friendly_name"": ""auto-banheiro""}"
2025-07-03T21:40:30.281857,automation.auto_banheiro,on,on,"{""id"": ""1747870075916"", ""last_triggered"": ""2025-07-04T00:40:30.272026+00:00"", ""mode"": ""single"", ""current"": 1, ""friendly_name"": ""auto-banheiro""}"
2025-07-03T21:40:30.283739,automation.auto_banheiro,on,on,"{""id"": ""1747870075916"", ""last_triggered"": ""2025-07-04T00:40:30.272026+00:00"", ""mode"": ""single"", ""current"": 0, ""friendly_name"": ""auto-banheiro""}"
2025-07-03T21:40:32.723098,sensor.arris_tg1692a_router_download_speed,0.00227069255256177,0.00145787585128453,"{""state_class"": ""measurement"", ""unit_of_measurement"": ""Mbit/s"", ""device_class"": ""data_rate"", ""friendly_name"": ""ARRIS TG1692A Router Download speed""}"
2025-07-03T21:40:32.725097,sensor.arris_tg1692a_router_upload_speed,0.00172881970854468,0.0015309429782741,"{""state_class"": ""measurement"", ""unit_of_measurement"": ""Mbit/s"", ""device_class"": ""data_rate"", ""friendly_name"": ""ARRIS TG1692A Router Upload speed""}"
2025-07-03T21:40:35.285946,automation.auto_banheiro,on,on,"{""id"": ""1747870075916"", ""last_triggered"": ""2025-07-04T00:40:35.272430+00:00"", ""mode"": ""single"", ""current"": 1, ""friendly_name"": ""auto-banheiro""}"
2025-07-03T21:40:35.289368,automation.auto_banheiro,on,on,"{""id"": ""1747870075916"", ""last_triggered"": ""2025-07-04T00:40:35.272430+00:00"", ""mode"": ""single"", ""current"": 0, ""friendly_name"": ""auto-banheiro""}"
2025-07-03T21:40:40.281872,automation.auto_banheiro,on,on,"{""id"": ""1747870075916"", ""last_triggered"": ""2025-07-04T00:40:40.271900+00:00"", ""mode"": ""single"", ""current"": 1, ""friendly_name"": ""auto-banheiro""}"
2025-07-03T21:40:40.283457,automation.auto_banheiro,on,on,"{""id"": ""1747870075916"", ""last_triggered"": ""2025-07-04T00:40:40.271900+00:00"", ""mode"": ""single"", ""current"": 0, ""friendly_name"": ""auto-banheiro""}"
2025-07-03T21:40:45.276474,automation.auto_banheiro,on,on,"{""id"": ""1747870075916"", ""last_triggered"": ""2025-07-04T00:40:45.271804+00:00"", ""mode"": ""single"", ""current"": 1, ""friendly_name"": ""auto-banheiro""}"
2025-07-03T21:40:45.278174,automation.auto_banheiro,on,on,"{""id"": ""1747870075916"", ""last_triggered"": ""2025-07-04T00:40:45.271804+00:00"", ""mode"": ""single"", ""current"": 0, ""friendly_name"": ""auto-banheiro""}"
2025-07-03T21:40:49.536371,media_player.dlna_b13_box,unavailable,unknown,"{""friendly_name"": ""DLNA-B13 Box"", ""supported_features"": 512575}"
2025-07-03T21:40:50.282567,automation.auto_banheiro,on,on,"{""id"": ""1747870075916"", ""last_triggered"": ""2025-07-04T00:40:50.272315+00:00"", ""mode"": ""single"", ""current"": 1, ""friendly_name"": ""auto-banheiro""}"
2025-07-03T21:40:50.286696,automation.auto_banheiro,on,on,"{""id"": ""1747870075916"", ""last_triggered"": ""2025-07-04T00:40:50.272315+00:00"", ""mode"": ""single"", ""current"": 0, ""friendly_name"": ""auto-banheiro""}"
2025-07-03T21:40:55.276817,automation.auto_banheiro,on,on,"{""id"": ""1747870075916"", ""last_triggered"": ""2025-07-04T00:40:55.271412+00:00"", ""mode"": ""single"", ""current"": 1, ""friendly_name"": ""auto-banheiro""}"
2025-07-03T21:40:55.278274,automation.auto_banheiro,on,on,"{""id"": ""1747870075916"", ""last_triggered"": ""2025-07-04T00:40:55.271412+00:00"", ""mode"": ""single"", ""current"": 0, ""friendly_name"": ""auto-banheiro""}"
2025-07-03T21:40:56.425011,camera.192_168_0_33,idle,idle,"{""access_token"": ""45fded2c99e3069eeca26e33abbb00f35ba8bfdef55b0105e2b478fc1f98417b"", ""entity_picture"": ""/api/camera_proxy/camera.192_168_0_33?token=45fded2c99e3069eeca26e33abbb00f35ba8bfdef55b0105e2b478fc1f98417b"", ""friendly_name"": ""192_168_0_14"", ""supported_features"": 2}"
2025-07-03T21:40:56.429873,camera.admin_mainstream,idle,idle,"{""access_token"": ""4a6250fb2206647bfc5049ef37a895a5d7b6f4f58c7383513fe6751ade7c01a5"", ""entity_picture"": ""/api/camera_proxy/camera.admin_mainstream?token=4a6250fb2206647bfc5049ef37a895a5d7b6f4f58c7383513fe6751ade7c01a5"", ""friendly_name"": ""admin MainStream"", ""supported_features"": 2}"
2025-07-03T21:40:56.434473,camera.admin_substream,idle,idle,"{""access_token"": ""7311882351aac32f2782a3d3ef144047c3a018d34a83c65bec8f91f204380695"", ""entity_picture"": ""/api/camera_proxy/camera.admin_substream?token=7311882351aac32f2782a3d3ef144047c3a018d34a83c65bec8f91f204380695"", ""friendly_name"": ""admin SubStream"", ""supported_features"": 2}"
2025-07-03T21:40:57.412044,media_player.dlna_b13_box,unknown,unavailable,"{""friendly_name"": ""DLNA-B13 Box"", ""supported_features"": 512575}"
2025-07-03T21:41:00.278496,automation.auto_banheiro,on,on,"{""id"": ""1747870075916"", ""last_triggered"": ""2025-07-04T00:41:00.272747+00:00"", ""mode"": ""single"", ""current"": 1, ""friendly_name"": ""auto-banheiro""}"
2025-07-03T21:41:00.280534,automation.auto_banheiro,on,on,"{""id"": ""1747870075916"", ""last_triggered"": ""2025-07-04T00:41:00.272747+00:00"", ""mode"": ""single"", ""current"": 0, ""friendly_name"": ""auto-banheiro""}"
2025-07-03T21:41:02.739143,sensor.arris_tg1692a_router_download_speed,0.00145787585128453,0.00201966156802562,"{""state_class"": ""measurement"", ""unit_of_measurement"": ""Mbit/s"", ""device_class"": ""data_rate"", ""friendly_name"": ""ARRIS TG1692A Router Download speed""}"
2025-07-03T21:41:02.741996,sensor.arris_tg1692a_router_upload_speed,0.0015309429782741,0.00172740528619883,"{""state_class"": ""measurement"", ""unit_of_measurement"": ""Mbit/s"", ""device_class"": ""data_rate"", ""friendly_name"": ""ARRIS TG1692A Router Upload speed""}"
2025-07-03T21:41:05.276780,automation.auto_banheiro,on,on,"{""id"": ""1747870075916"", ""last_triggered"": ""2025-07-04T00:41:05.271231+00:00"", ""mode"": ""single"", ""current"": 1, ""friendly_name"": ""auto-banheiro""}"
2025-07-03T21:41:05.278280,automation.auto_banheiro,on,on,"{""id"": ""1747870075916"", ""last_triggered"": ""2025-07-04T00:41:05.271231+00:00"", ""mode"": ""single"", ""current"": 0, ""friendly_name"": ""auto-banheiro""}"
2025-07-03T21:41:10.277738,automation.auto_banheiro,on,on,"{""id"": ""1747870075916"", ""last_triggered"": ""2025-07-04T00:41:10.272196+00:00"", ""mode"": ""single"", ""current"": 1, ""friendly_name"": ""auto-banheiro""}"
2025-07-03T21:41:10.279201,automation.auto_banheiro,on,on,"{""id"": ""1747870075916"", ""last_triggered"": ""2025-07-04T00:41:10.272196+00:00"", ""mode"": ""single"", ""current"": 0, ""friendly_name"": ""auto-banheiro""}"
2025-07-03T21:41:15.284762,automation.auto_banheiro,on,on,"{""id"": ""1747870075916"", ""last_triggered"": ""2025-07-04T00:41:15.271981+00:00"", ""mode"": ""single"", ""current"": 1, ""friendly_name"": ""auto-banheiro""}"
2025-07-03T21:41:15.287362,automation.auto_banheiro,on,on,"{""id"": ""1747870075916"", ""last_triggered"": ""2025-07-04T00:41:15.271981+00:00"", ""mode"": ""single"", ""current"": 0, ""friendly_name"": ""auto-banheiro""}"
2025-07-03T21:41:20.276372,automation.auto_banheiro,on,on,"{""id"": ""1747870075916"", ""last_triggered"": ""2025-07-04T00:41:20.271207+00:00"", ""mode"": ""single"", ""current"": 1, ""friendly_name"": ""auto-banheiro""}"
2025-07-03T21:41:20.278933,automation.auto_banheiro,on,on,"{""id"": ""1747870075916"", ""last_triggered"": ""2025-07-04T00:41:20.271207+00:00"", ""mode"": ""single"", ""current"": 0, ""friendly_name"": ""auto-banheiro""}"
2025-07-03T21:41:25.277437,automation.auto_banheiro,on,on,"{""id"": ""1747870075916"", ""last_triggered"": ""2025-07-04T00:41:25.271725+00:00"", ""mode"": ""single"", ""current"": 1, ""friendly_name"": ""auto-banheiro""}"
2025-07-03T21:41:25.279060,automation.auto_banheiro,on,on,"{""id"": ""1747870075916"", ""last_triggered"": ""2025-07-04T00:41:25.271725+00:00"", ""mode"": ""single"", ""current"": 0, ""friendly_name"": ""auto-banheiro""}"
2025-07-03T21:41:30.278615,automation.auto_banheiro,on,on,"{""id"": ""1747870075916"", ""last_triggered"": ""2025-07-04T00:41:30.271984+00:00"", ""mode"": ""single"", ""current"": 1, ""friendly_name"": ""auto-banheiro""}"
2025-07-03T21:41:30.280263,automation.auto_banheiro,on,on,"{""id"": ""1747870075916"", ""last_triggered"": ""2025-07-04T00:41:30.271984+00:00"", ""mode"": ""single"", ""current"": 0, ""friendly_name"": ""auto-banheiro""}"
2025-07-03T21:41:32.721469,sensor.arris_tg1692a_router_download_speed,0.00201966156802562,0.0024819937447464,"{""state_class"": ""measurement"", ""unit_of_measurement"": ""Mbit/s"", ""device_class"": ""data_rate"", ""friendly_name"": ""ARRIS TG1692A Router Download speed""}"
2025-07-03T21:41:32.723238,sensor.arris_tg1692a_router_upload_speed,0.00172740528619883,0.00167981934008355,"{""state_class"": ""measurement"", ""unit_of_measurement"": ""Mbit/s"", ""device_class"": ""data_rate"", ""friendly_name"": ""ARRIS TG1692A Router Upload speed""}"
2025-07-03T21:41:35.276982,automation.auto_banheiro,on,on,"{""id"": ""1747870075916"", ""last_triggered"": ""2025-07-04T00:41:35.272062+00:00"", ""mode"": ""single"", ""current"": 1, ""friendly_name"": ""auto-banheiro""}"
2025-07-03T21:41:35.278761,automation.auto_banheiro,on,on,"{""id"": ""1747870075916"", ""last_triggered"": ""2025-07-04T00:41:35.272062+00:00"", ""mode"": ""single"", ""current"": 0, ""friendly_name"": ""auto-banheiro""}"
2025-07-03T21:41:40.279268,automation.auto_banheiro,on,on,"{""id"": ""1747870075916"", ""last_triggered"": ""2025-07-04T00:41:40.271368+00:00"", ""mode"": ""single"", ""current"": 1, ""friendly_name"": ""auto-banheiro""}"
2025-07-03T21:41:40.281146,automation.auto_banheiro,on,on,"{""id"": ""1747870075916"", ""last_triggered"": ""2025-07-04T00:41:40.271368+00:00"", ""mode"": ""single"", ""current"": 0, ""friendly_name"": ""auto-banheiro""}"
2025-07-03T21:41:45.278710,automation.auto_banheiro,on,on,"{""id"": ""1747870075916"", ""last_triggered"": ""2025-07-04T00:41:45.273126+00:00"", ""mode"": ""single"", ""current"": 1, ""friendly_name"": ""auto-banheiro""}"
2025-07-03T21:41:45.280576,automation.auto_banheiro,on,on,"{""id"": ""1747870075916"", ""last_triggered"": ""2025-07-04T00:41:45.273126+00:00"", ""mode"": ""single"", ""current"": 0, ""friendly_name"": ""auto-banheiro""}"
2025-07-03T21:41:50.281361,automation.auto_banheiro,on,on,"{""id"": ""1747870075916"", ""last_triggered"": ""2025-07-04T00:41:50.272435+00:00"", ""mode"": ""single"", ""current"": 1, ""friendly_name"": ""auto-banheiro""}"
2025-07-03T21:41:50.285053,automation.auto_banheiro,on,on,"{""id"": ""1747870075916"", ""last_triggered"": ""2025-07-04T00:41:50.272435+00:00"", ""mode"": ""single"", ""current"": 0, ""friendly_name"": ""auto-banheiro""}"
2025-07-03T21:41:55.276193,automation.auto_banheiro,on,on,"{""id"": ""1747870075916"", ""last_triggered"": ""2025-07-04T00:41:55.271397+00:00"", ""mode"": ""single"", ""current"": 1, ""friendly_name"": ""auto-banheiro""}"
2025-07-03T21:41:55.277825,automation.auto_banheiro,on,on,"{""id"": ""1747870075916"", ""last_triggered"": ""2025-07-04T00:41:55.271397+00:00"", ""mode"": ""single"", ""current"": 0, ""friendly_name"": ""auto-banheiro""}"
2025-07-03T21:42:00.278398,automation.auto_banheiro,on,on,"{""id"": ""1747870075916"", ""last_triggered"": ""2025-07-04T00:42:00.271978+00:00"", ""mode"": ""single"", ""current"": 1, ""friendly_name"": ""auto-banheiro""}"
2025-07-03T21:42:00.281049,automation.auto_banheiro,on,on,"{""id"": ""1747870075916"", ""last_triggered"": ""2025-07-04T00:42:00.271978+00:00"", ""mode"": ""single"", ""current"": 0, ""friendly_name"": ""auto-banheiro""}"
2025-07-03T21:42:02.717307,sensor.arris_tg1692a_router_download_speed,0.0024819937447464,0.00265837093514444,"{""state_class"": ""measurement"", ""unit_of_measurement"": ""Mbit/s"", ""device_class"": ""data_rate"", ""friendly_name"": ""ARRIS TG1692A Router Download speed""}"
2025-07-03T21:42:02.719782,sensor.arris_tg1692a_router_upload_speed,0.00167981934008355,0.00193624549704923,"{""state_class"": ""measurement"", ""unit_of_measurement"": ""Mbit/s"", ""device_class"": ""data_rate"", ""friendly_name"": ""ARRIS TG1692A Router Upload speed""}"
2025-07-03T21:42:05.288274,automation.auto_banheiro,on,on,"{""id"": ""1747870075916"", ""last_triggered"": ""2025-07-04T00:42:05.271269+00:00"", ""mode"": ""single"", ""current"": 1, ""friendly_name"": ""auto-banheiro""}"
2025-07-03T21:42:05.290047,automation.auto_banheiro,on,on,"{""id"": ""1747870075916"", ""last_triggered"": ""2025-07-04T00:42:05.271269+00:00"", ""mode"": ""single"", ""current"": 0, ""friendly_name"": ""auto-banheiro""}"
2025-07-03T21:42:10.277156,automation.auto_banheiro,on,on,"{""id"": ""1747870075916"", ""last_triggered"": ""2025-07-04T00:42:10.272122+00:00"", ""mode"": ""single"", ""current"": 1, ""friendly_name"": ""auto-banheiro""}"
2025-07-03T21:42:10.279101,automation.auto_banheiro,on,on,"{""id"": ""1747870075916"", ""last_triggered"": ""2025-07-04T00:42:10.272122+00:00"", ""mode"": ""single"", ""current"": 0, ""friendly_name"": ""auto-banheiro""}"
2025-07-03T21:42:15.277092,automation.auto_banheiro,on,on,"{""id"": ""1747870075916"", ""last_triggered"": ""2025-07-04T00:42:15.271825+00:00"", ""mode"": ""single"", ""current"": 1, ""friendly_name"": ""auto-banheiro""}"
2025-07-03T21:42:15.279642,automation.auto_banheiro,on,on,"{""id"": ""1747870075916"", ""last_triggered"": ""2025-07-04T00:42:15.271825+00:00"", ""mode"": ""single"", ""current"": 0, ""friendly_name"": ""auto-banheiro""}"
2025-07-03T21:42:20.278170,automation.auto_banheiro,on,on,"{""id"": ""1747870075916"", ""last_triggered"": ""2025-07-04T00:42:20.271580+00:00"", ""mode"": ""single"", ""current"": 1, ""friendly_name"": ""auto-banheiro""}"
2025-07-03T21:42:20.279881,automation.auto_banheiro,on,on,"{""id"": ""1747870075916"", ""last_triggered"": ""2025-07-04T00:42:20.271580+00:00"", ""mode"": ""single"", ""current"": 0, ""friendly_name"": ""auto-banheiro""}"
2025-07-03T21:42:25.286525,automation.auto_banheiro,on,on,"{""id"": ""1747870075916"", ""last_triggered"": ""2025-07-04T00:42:25.272308+00:00"", ""mode"": ""single"", ""current"": 1, ""friendly_name"": ""auto-banheiro""}"
2025-07-03T21:42:25.290579,automation.auto_banheiro,on,on,"{""id"": ""1747870075916"", ""last_triggered"": ""2025-07-04T00:42:25.272308+00:00"", ""mode"": ""single"", ""current"": 0, ""friendly_name"": ""auto-banheiro""}"
2025-07-03T21:42:30.277477,automation.auto_banheiro,on,on,"{""id"": ""1747870075916"", ""last_triggered"": ""2025-07-04T00:42:30.272196+00:00"", ""mode"": ""single"", ""current"": 1, ""friendly_name"": ""auto-banheiro""}"
2025-07-03T21:42:30.279382,automation.auto_banheiro,on,on,"{""id"": ""1747870075916"", ""last_triggered"": ""2025-07-04T00:42:30.272196+00:00"", ""mode"": ""single"", ""current"": 0, ""friendly_name"": ""auto-banheiro""}"
2025-07-03T21:42:32.718073,sensor.arris_tg1692a_router_download_speed,0.00265837093514444,0.00161763990178424,"{""state_class"": ""measurement"", ""unit_of_measurement"": ""Mbit/s"", ""device_class"": ""data_rate"", ""friendly_name"": ""ARRIS TG1692A Router Download speed""}"
2025-07-03T21:42:32.720135,sensor.arris_tg1692a_router_upload_speed,0.00193624549704923,0.00137550059568136,"{""state_class"": ""measurement"", ""unit_of_measurement"": ""Mbit/s"", ""device_class"": ""data_rate"", ""friendly_name"": ""ARRIS TG1692A Router Upload speed""}"
2025-07-03T21:42:35.283720,automation.auto_banheiro,on,on,"{""id"": ""1747870075916"", ""last_triggered"": ""2025-07-04T00:42:35.272300+00:00"", ""mode"": ""single"", ""current"": 1, ""friendly_name"": ""auto-banheiro""}"
2025-07-03T21:42:35.286882,automation.auto_banheiro,on,on,"{""id"": ""1747870075916"", ""last_triggered"": ""2025-07-04T00:42:35.272300+00:00"", ""mode"": ""single"", ""current"": 0, ""friendly_name"": ""auto-banheiro""}"
2025-07-03T21:42:40.276172,automation.auto_banheiro,on,on,"{""id"": ""1747870075916"", ""last_triggered"": ""2025-07-04T00:42:40.271227+00:00"", ""mode"": ""single"", ""current"": 1, ""friendly_name"": ""auto-banheiro""}"
2025-07-03T21:42:40.278111,automation.auto_banheiro,on,on,"{""id"": ""1747870075916"", ""last_triggered"": ""2025-07-04T00:42:40.271227+00:00"", ""mode"": ""single"", ""current"": 0, ""friendly_name"": ""auto-banheiro""}"
2025-07-03T21:42:45.279543,automation.auto_banheiro,on,on,"{""id"": ""1747870075916"", ""last_triggered"": ""2025-07-04T00:42:45.271534+00:00"", ""mode"": ""single"", ""current"": 1, ""friendly_name"": ""auto-banheiro""}"
2025-07-03T21:42:45.281168,automation.auto_banheiro,on,on,"{""id"": ""1747870075916"", ""last_triggered"": ""2025-07-04T00:42:45.271534+00:00"", ""mode"": ""single"", ""current"": 0, ""friendly_name"": ""auto-banheiro""}"
2025-07-03T21:42:50.285170,automation.auto_banheiro,on,on,"{""id"": ""1747870075916"", ""last_triggered"": ""2025-07-04T00:42:50.272555+00:00"", ""mode"": ""single"", ""current"": 1, ""friendly_name"": ""auto-banheiro""}"
2025-07-03T21:42:50.289365,automation.auto_banheiro,on,on,"{""id"": ""1747870075916"", ""last_triggered"": ""2025-07-04T00:42:50.272555+00:00"", ""mode"": ""single"", ""current"": 0, ""friendly_name"": ""auto-banheiro""}"
2025-07-03T21:42:55.276327,automation.auto_banheiro,on,on,"{""id"": ""1747870075916"", ""last_triggered"": ""2025-07-04T00:42:55.271496+00:00"", ""mode"": ""single"", ""current"": 1, ""friendly_name"": ""auto-banheiro""}"
2025-07-03T21:42:55.277922,automation.auto_banheiro,on,on,"{""id"": ""1747870075916"", ""last_triggered"": ""2025-07-04T00:42:55.271496+00:00"", ""mode"": ""single"", ""current"": 0, ""friendly_name"": ""auto-banheiro""}"
2025-07-03T21:43:00.280350,automation.auto_banheiro,on,on,"{""id"": ""1747870075916"", ""last_triggered"": ""2025-07-04T00:43:00.273244+00:00"", ""mode"": ""single"", ""current"": 1, ""friendly_name"": ""auto-banheiro""}"
2025-07-03T21:43:00.282141,automation.auto_banheiro,on,on,"{""id"": ""1747870075916"", ""last_triggered"": ""2025-07-04T00:43:00.273244+00:00"", ""mode"": ""single"", ""current"": 0, ""friendly_name"": ""auto-banheiro""}"
2025-07-03T21:43:02.721841,sensor.arris_tg1692a_router_download_speed,0.00161763990178424,0.0124397512049759,"{""state_class"": ""measurement"", ""unit_of_measurement"": ""Mbit/s"", ""device_class"": ""data_rate"", ""friendly_name"": ""ARRIS TG1692A Router Download speed""}"
2025-07-03T21:43:02.731914,sensor.arris_tg1692a_router_upload_speed,0.00137550059568136,0.00571561902095291,"{""state_class"": ""measurement"", ""unit_of_measurement"": ""Mbit/s"", ""device_class"": ""data_rate"", ""friendly_name"": ""ARRIS TG1692A Router Upload speed""}"
2025-07-03T21:43:05.279516,automation.auto_banheiro,on,on,"{""id"": ""1747870075916"", ""last_triggered"": ""2025-07-04T00:43:05.271812+00:00"", ""mode"": ""single"", ""current"": 1, ""friendly_name"": ""auto-banheiro""}"
2025-07-03T21:43:05.282166,automation.auto_banheiro,on,on,"{""id"": ""1747870075916"", ""last_triggered"": ""2025-07-04T00:43:05.271812+00:00"", ""mode"": ""single"", ""current"": 0, ""friendly_name"": ""auto-banheiro""}"
2025-07-03T21:43:10.276228,automation.auto_banheiro,on,on,"{""id"": ""1747870075916"", ""last_triggered"": ""2025-07-04T00:43:10.271413+00:00"", ""mode"": ""single"", ""current"": 1, ""friendly_name"": ""auto-banheiro""}"
2025-07-03T21:43:10.277869,automation.auto_banheiro,on,on,"{""id"": ""1747870075916"", ""last_triggered"": ""2025-07-04T00:43:10.271413+00:00"", ""mode"": ""single"", ""current"": 0, ""friendly_name"": ""auto-banheiro""}"
2025-07-03T21:43:15.282624,automation.auto_banheiro,on,on,"{""id"": ""1747870075916"", ""last_triggered"": ""2025-07-04T00:43:15.272996+00:00"", ""mode"": ""single"", ""current"": 1, ""friendly_name"": ""auto-banheiro""}"
2025-07-03T21:43:15.286028,automation.auto_banheiro,on,on,"{""id"": ""1747870075916"", ""last_triggered"": ""2025-07-04T00:43:15.272996+00:00"", ""mode"": ""single"", ""current"": 0, ""friendly_name"": ""auto-banheiro""}"
2025-07-03T21:43:20.282778,automation.auto_banheiro,on,on,"{""id"": ""1747870075916"", ""last_triggered"": ""2025-07-04T00:43:20.271863+00:00"", ""mode"": ""single"", ""current"": 1, ""friendly_name"": ""auto-banheiro""}"
2025-07-03T21:43:20.285184,automation.auto_banheiro,on,on,"{""id"": ""1747870075916"", ""last_triggered"": ""2025-07-04T00:43:20.271863+00:00"", ""mode"": ""single"", ""current"": 0, ""friendly_name"": ""auto-banheiro""}"
2025-07-03T21:43:25.282791,automation.auto_banheiro,on,on,"{""id"": ""1747870075916"", ""last_triggered"": ""2025-07-04T00:43:25.272273+00:00"", ""mode"": ""single"", ""current"": 1, ""friendly_name"": ""auto-banheiro""}"
2025-07-03T21:43:25.286250,automation.auto_banheiro,on,on,"{""id"": ""1747870075916"", ""last_triggered"": ""2025-07-04T00:43:25.272273+00:00"", ""mode"": ""single"", ""current"": 0, ""friendly_name"": ""auto-banheiro""}"
2025-07-03T21:43:30.277781,automation.auto_banheiro,on,on,"{""id"": ""1747870075916"", ""last_triggered"": ""2025-07-04T00:43:30.272979+00:00"", ""mode"": ""single"", ""current"": 1, ""friendly_name"": ""auto-banheiro""}"
2025-07-03T21:43:30.279561,automation.auto_banheiro,on,on,"{""id"": ""1747870075916"", ""last_triggered"": ""2025-07-04T00:43:30.272979+00:00"", ""mode"": ""single"", ""current"": 0, ""friendly_name"": ""auto-banheiro""}"
2025-07-03T21:43:32.739794,sensor.arris_tg1692a_router_download_speed,0.0124397512049759,0.00404920024961846,"{""state_class"": ""measurement"", ""unit_of_measurement"": ""Mbit/s"", ""device_class"": ""data_rate"", ""friendly_name"": ""ARRIS TG1692A Router Download speed""}"
2025-07-03T21:43:32.743275,sensor.arris_tg1692a_router_upload_speed,0.00571561902095291,0.00238445496424684,"{""state_class"": ""measurement"", ""unit_of_measurement"": ""Mbit/s"", ""device_class"": ""data_rate"", ""friendly_name"": ""ARRIS TG1692A Router Upload speed""}"
2025-07-03T21:43:35.281124,automation.auto_banheiro,on,on,"{""id"": ""1747870075916"", ""last_triggered"": ""2025-07-04T00:43:35.272485+00:00"", ""mode"": ""single"", ""current"": 1, ""friendly_name"": ""auto-banheiro""}"
2025-07-03T21:43:35.284970,automation.auto_banheiro,on,on,"{""id"": ""1747870075916"", ""last_triggered"": ""2025-07-04T00:43:35.272485+00:00"", ""mode"": ""single"", ""current"": 0, ""friendly_name"": ""auto-banheiro""}"
2025-07-03T21:43:39.746950,sensor.tauntaum_energy,204.562,204.569,"{""state_class"": ""total_increasing"", ""unit_of_measurement"": ""kWh"", ""device_class"": ""energy"", ""friendly_name"": ""Tauntaum Energy""}"
2025-07-03T21:43:39.749051,sensor.tauntaum_power,34,35,"{""state_class"": ""measurement"", ""power_consumption_start"": ""2025-07-04T00:32:29Z"", ""power_consumption_end"": ""2025-07-04T00:43:39Z"", ""unit_of_measurement"": ""W"", ""device_class"": ""power"", ""friendly_name"": ""Tauntaum Power""}"
2025-07-03T21:43:39.750657,sensor.tauntaum_energy_difference,0.01,0.007,"{""state_class"": ""total"", ""unit_of_measurement"": ""kWh"", ""device_class"": ""energy"", ""friendly_name"": ""Tauntaum Energy difference""}"
2025-07-03T21:43:39.752121,sensor.tauntaum_power_energy,0.00949773944338163,0.00633343499978383,"{""state_class"": ""total"", ""unit_of_measurement"": ""kWh"", ""device_class"": ""energy"", ""friendly_name"": ""Tauntaum Power energy""}"
2025-07-03T21:43:40.276620,automation.auto_banheiro,on,on,"{""id"": ""1747870075916"", ""last_triggered"": ""2025-07-04T00:43:40.271811+00:00"", ""mode"": ""single"", ""current"": 1, ""friendly_name"": ""auto-banheiro""}"
2025-07-03T21:43:40.278199,automation.auto_banheiro,on,on,"{""id"": ""1747870075916"", ""last_triggered"": ""2025-07-04T00:43:40.271811+00:00"", ""mode"": ""single"", ""current"": 0, ""friendly_name"": ""auto-banheiro""}"
2025-07-03T21:43:45.279974,automation.auto_banheiro,on,on,"{""id"": ""1747870075916"", ""last_triggered"": ""2025-07-04T00:43:45.272161+00:00"", ""mode"": ""single"", ""current"": 1, ""friendly_name"": ""auto-banheiro""}"
2025-07-03T21:43:45.281499,automation.auto_banheiro,on,on,"{""id"": ""1747870075916"", ""last_triggered"": ""2025-07-04T00:43:45.272161+00:00"", ""mode"": ""single"", ""current"": 0, ""friendly_name"": ""auto-banheiro""}"
2025-07-03T21:43:50.282786,automation.auto_banheiro,on,on,"{""id"": ""1747870075916"", ""last_triggered"": ""2025-07-04T00:43:50.272354+00:00"", ""mode"": ""single"", ""current"": 1, ""friendly_name"": ""auto-banheiro""}"
2025-07-03T21:43:50.286377,automation.auto_banheiro,on,on,"{""id"": ""1747870075916"", ""last_triggered"": ""2025-07-04T00:43:50.272354+00:00"", ""mode"": ""single"", ""current"": 0, ""friendly_name"": ""auto-banheiro""}"
2025-07-03T21:43:55.277222,automation.auto_banheiro,on,on,"{""id"": ""1747870075916"", ""last_triggered"": ""2025-07-04T00:43:55.271768+00:00"", ""mode"": ""single"", ""current"": 1, ""friendly_name"": ""auto-banheiro""}"
2025-07-03T21:43:55.278781,automation.auto_banheiro,on,on,"{""id"": ""1747870075916"", ""last_triggered"": ""2025-07-04T00:43:55.271768+00:00"", ""mode"": ""single"", ""current"": 0, ""friendly_name"": ""auto-banheiro""}"
2025-07-03T21:44:00.278030,automation.auto_banheiro,on,on,"{""id"": ""1747870075916"", ""last_triggered"": ""2025-07-04T00:44:00.272179+00:00"", ""mode"": ""single"", ""current"": 1, ""friendly_name"": ""auto-banheiro""}"
2025-07-03T21:44:00.280506,automation.auto_banheiro,on,on,"{""id"": ""1747870075916"", ""last_triggered"": ""2025-07-04T00:44:00.272179+00:00"", ""mode"": ""single"", ""current"": 0, ""friendly_name"": ""auto-banheiro""}"
2025-07-03T21:44:02.724831,sensor.arris_tg1692a_router_download_speed,0.00404920024961846,0.00240640978606646,"{""state_class"": ""measurement"", ""unit_of_measurement"": ""Mbit/s"", ""device_class"": ""data_rate"", ""friendly_name"": ""ARRIS TG1692A Router Download speed""}"
2025-07-03T21:44:02.726442,sensor.arris_tg1692a_router_upload_speed,0.00238445496424684,0.00131680535500844,"{""state_class"": ""measurement"", ""unit_of_measurement"": ""Mbit/s"", ""device_class"": ""data_rate"", ""friendly_name"": ""ARRIS TG1692A Router Upload speed""}"
2025-07-03T21:44:05.291239,automation.auto_banheiro,on,on,"{""id"": ""1747870075916"", ""last_triggered"": ""2025-07-04T00:44:05.272124+00:00"", ""mode"": ""single"", ""current"": 1, ""friendly_name"": ""auto-banheiro""}"
2025-07-03T21:44:05.294708,automation.auto_banheiro,on,on,"{""id"": ""1747870075916"", ""last_triggered"": ""2025-07-04T00:44:05.272124+00:00"", ""mode"": ""single"", ""current"": 0, ""friendly_name"": ""auto-banheiro""}"
2025-07-03T21:44:10.276049,automation.auto_banheiro,on,on,"{""id"": ""1747870075916"", ""last_triggered"": ""2025-07-04T00:44:10.271134+00:00"", ""mode"": ""single"", ""current"": 1, ""friendly_name"": ""auto-banheiro""}"
2025-07-03T21:44:10.277685,automation.auto_banheiro,on,on,"{""id"": ""1747870075916"", ""last_triggered"": ""2025-07-04T00:44:10.271134+00:00"", ""mode"": ""single"", ""current"": 0, ""friendly_name"": ""auto-banheiro""}"
2025-07-03T21:44:15.278044,automation.auto_banheiro,on,on,"{""id"": ""1747870075916"", ""last_triggered"": ""2025-07-04T00:44:15.272104+00:00"", ""mode"": ""single"", ""current"": 1, ""friendly_name"": ""auto-banheiro""}"
2025-07-03T21:44:15.280004,automation.auto_banheiro,on,on,"{""id"": ""1747870075916"", ""last_triggered"": ""2025-07-04T00:44:15.272104+00:00"", ""mode"": ""single"", ""current"": 0, ""friendly_name"": ""auto-banheiro""}"
2025-07-03T21:44:20.276306,automation.auto_banheiro,on,on,"{""id"": ""1747870075916"", ""last_triggered"": ""2025-07-04T00:44:20.271414+00:00"", ""mode"": ""single"", ""current"": 1, ""friendly_name"": ""auto-banheiro""}"
2025-07-03T21:44:20.277996,automation.auto_banheiro,on,on,"{""id"": ""1747870075916"", ""last_triggered"": ""2025-07-04T00:44:20.271414+00:00"", ""mode"": ""single"", ""current"": 0, ""friendly_name"": ""auto-banheiro""}"
2025-07-03T21:44:25.276638,automation.auto_banheiro,on,on,"{""id"": ""1747870075916"", ""last_triggered"": ""2025-07-04T00:44:25.271725+00:00"", ""mode"": ""single"", ""current"": 1, ""friendly_name"": ""auto-banheiro""}"
2025-07-03T21:44:25.279066,automation.auto_banheiro,on,on,"{""id"": ""1747870075916"", ""last_triggered"": ""2025-07-04T00:44:25.271725+00:00"", ""mode"": ""single"", ""current"": 0, ""friendly_name"": ""auto-banheiro""}"
2025-07-03T21:44:30.278648,automation.auto_banheiro,on,on,"{""id"": ""1747870075916"", ""last_triggered"": ""2025-07-04T00:44:30.273114+00:00"", ""mode"": ""single"", ""current"": 1, ""friendly_name"": ""auto-banheiro""}"
2025-07-03T21:44:30.280871,automation.auto_banheiro,on,on,"{""id"": ""1747870075916"", ""last_triggered"": ""2025-07-04T00:44:30.273114+00:00"", ""mode"": ""single"", ""current"": 0, ""friendly_name"": ""auto-banheiro""}"
2025-07-03T21:44:32.730217,sensor.arris_tg1692a_router_download_speed,0.00240640978606646,0.00160483193615553,"{""state_class"": ""measurement"", ""unit_of_measurement"": ""Mbit/s"", ""device_class"": ""data_rate"", ""friendly_name"": ""ARRIS TG1692A Router Download speed""}"
2025-07-03T21:44:32.731927,sensor.arris_tg1692a_router_upload_speed,0.00131680535500844,0.00130802602971799,"{""state_class"": ""measurement"", ""unit_of_measurement"": ""Mbit/s"", ""device_class"": ""data_rate"", ""friendly_name"": ""ARRIS TG1692A Router Upload speed""}"
2025-07-03T21:44:35.279085,automation.auto_banheiro,on,on,"{""id"": ""1747870075916"", ""last_triggered"": ""2025-07-04T00:44:35.271572+00:00"", ""mode"": ""single"", ""current"": 1, ""friendly_name"": ""auto-banheiro""}"
2025-07-03T21:44:35.280622,automation.auto_banheiro,on,on,"{""id"": ""1747870075916"", ""last_triggered"": ""2025-07-04T00:44:35.271572+00:00"", ""mode"": ""single"", ""current"": 0, ""friendly_name"": ""auto-banheiro""}"
2025-07-03T21:44:40.276811,automation.auto_banheiro,on,on,"{""id"": ""1747870075916"", ""last_triggered"": ""2025-07-04T00:44:40.271371+00:00"", ""mode"": ""single"", ""current"": 1, ""friendly_name"": ""auto-banheiro""}"
2025-07-03T21:44:40.278475,automation.auto_banheiro,on,on,"{""id"": ""1747870075916"", ""last_triggered"": ""2025-07-04T00:44:40.271371+00:00"", ""mode"": ""single"", ""current"": 0, ""friendly_name"": ""auto-banheiro""}"
2025-07-03T21:44:45.277540,automation.auto_banheiro,on,on,"{""id"": ""1747870075916"", ""last_triggered"": ""2025-07-04T00:44:45.271571+00:00"", ""mode"": ""single"", ""current"": 1, ""friendly_name"": ""auto-banheiro""}"
2025-07-03T21:44:45.279127,automation.auto_banheiro,on,on,"{""id"": ""1747870075916"", ""last_triggered"": ""2025-07-04T00:44:45.271571+00:00"", ""mode"": ""single"", ""current"": 0, ""friendly_name"": ""auto-banheiro""}"
2025-07-03T21:44:50.277549,automation.auto_banheiro,on,on,"{""id"": ""1747870075916"", ""last_triggered"": ""2025-07-04T00:44:50.272702+00:00"", ""mode"": ""single"", ""current"": 1, ""friendly_name"": ""auto-banheiro""}"
2025-07-03T21:44:50.280060,automation.auto_banheiro,on,on,"{""id"": ""1747870075916"", ""last_triggered"": ""2025-07-04T00:44:50.272702+00:00"", ""mode"": ""single"", ""current"": 0, ""friendly_name"": ""auto-banheiro""}"
2025-07-03T21:44:55.277656,automation.auto_banheiro,on,on,"{""id"": ""1747870075916"", ""last_triggered"": ""2025-07-04T00:44:55.272850+00:00"", ""mode"": ""single"", ""current"": 1, ""friendly_name"": ""auto-banheiro""}"
2025-07-03T21:44:55.279448,automation.auto_banheiro,on,on,"{""id"": ""1747870075916"", ""last_triggered"": ""2025-07-04T00:44:55.272850+00:00"", ""mode"": ""single"", ""current"": 0, ""friendly_name"": ""auto-banheiro""}"
2025-07-03T21:45:00.278937,automation.auto_banheiro,on,on,"{""id"": ""1747870075916"", ""last_triggered"": ""2025-07-04T00:45:00.272285+00:00"", ""mode"": ""single"", ""current"": 1, ""friendly_name"": ""auto-banheiro""}"
2025-07-03T21:45:00.281346,automation.auto_banheiro,on,on,"{""id"": ""1747870075916"", ""last_triggered"": ""2025-07-04T00:45:00.272285+00:00"", ""mode"": ""single"", ""current"": 0, ""friendly_name"": ""auto-banheiro""}"
2025-07-03T21:45:02.717565,sensor.arris_tg1692a_router_download_speed,0.00160483193615553,0.0019821383547505,"{""state_class"": ""measurement"", ""unit_of_measurement"": ""Mbit/s"", ""device_class"": ""data_rate"", ""friendly_name"": ""ARRIS TG1692A Router Download speed""}"
2025-07-03T21:45:02.719193,sensor.arris_tg1692a_router_upload_speed,0.00130802602971799,0.00156453729682782,"{""state_class"": ""measurement"", ""unit_of_measurement"": ""Mbit/s"", ""device_class"": ""data_rate"", ""friendly_name"": ""ARRIS TG1692A Router Upload speed""}"
2025-07-03T21:45:05.287342,automation.auto_banheiro,on,on,"{""id"": ""1747870075916"", ""last_triggered"": ""2025-07-04T00:45:05.272503+00:00"", ""mode"": ""single"", ""current"": 1, ""friendly_name"": ""auto-banheiro""}"
2025-07-03T21:45:05.289951,automation.auto_banheiro,on,on,"{""id"": ""1747870075916"", ""last_triggered"": ""2025-07-04T00:45:05.272503+00:00"", ""mode"": ""single"", ""current"": 0, ""friendly_name"": ""auto-banheiro""}"
2025-07-03T21:45:10.282718,automation.auto_banheiro,on,on,"{""id"": ""1747870075916"", ""last_triggered"": ""2025-07-04T00:45:10.272117+00:00"", ""mode"": ""single"", ""current"": 1, ""friendly_name"": ""auto-banheiro""}"
2025-07-03T21:45:10.286243,automation.auto_banheiro,on,on,"{""id"": ""1747870075916"", ""last_triggered"": ""2025-07-04T00:45:10.272117+00:00"", ""mode"": ""single"", ""current"": 0, ""friendly_name"": ""auto-banheiro""}"
2025-07-03T21:45:15.277789,automation.auto_banheiro,on,on,"{""id"": ""1747870075916"", ""last_triggered"": ""2025-07-04T00:45:15.272164+00:00"", ""mode"": ""single"", ""current"": 1, ""friendly_name"": ""auto-banheiro""}"
2025-07-03T21:45:15.279378,automation.auto_banheiro,on,on,"{""id"": ""1747870075916"", ""last_triggered"": ""2025-07-04T00:45:15.272164+00:00"", ""mode"": ""single"", ""current"": 0, ""friendly_name"": ""auto-banheiro""}"
2025-07-03T21:45:20.276709,automation.auto_banheiro,on,on,"{""id"": ""1747870075916"", ""last_triggered"": ""2025-07-04T00:45:20.271803+00:00"", ""mode"": ""single"", ""current"": 1, ""friendly_name"": ""auto-banheiro""}"
2025-07-03T21:45:20.278391,automation.auto_banheiro,on,on,"{""id"": ""1747870075916"", ""last_triggered"": ""2025-07-04T00:45:20.271803+00:00"", ""mode"": ""single"", ""current"": 0, ""friendly_name"": ""auto-banheiro""}"
2025-07-03T21:45:25.285329,automation.auto_banheiro,on,on,"{""id"": ""1747870075916"", ""last_triggered"": ""2025-07-04T00:45:25.273265+00:00"", ""mode"": ""single"", ""current"": 1, ""friendly_name"": ""auto-banheiro""}"
2025-07-03T21:45:25.289455,automation.auto_banheiro,on,on,"{""id"": ""1747870075916"", ""last_triggered"": ""2025-07-04T00:45:25.273265+00:00"", ""mode"": ""single"", ""current"": 0, ""friendly_name"": ""auto-banheiro""}"
2025-07-03T21:45:30.276465,automation.auto_banheiro,on,on,"{""id"": ""1747870075916"", ""last_triggered"": ""2025-07-04T00:45:30.271595+00:00"", ""mode"": ""single"", ""current"": 1, ""friendly_name"": ""auto-banheiro""}"
2025-07-03T21:45:30.278077,automation.auto_banheiro,on,on,"{""id"": ""1747870075916"", ""last_triggered"": ""2025-07-04T00:45:30.271595+00:00"", ""mode"": ""single"", ""current"": 0, ""friendly_name"": ""auto-banheiro""}"
2025-07-03T21:45:32.727133,sensor.arris_tg1692a_router_download_speed,0.0019821383547505,0.00116958853803233,"{""state_class"": ""measurement"", ""unit_of_measurement"": ""Mbit/s"", ""device_class"": ""data_rate"", ""friendly_name"": ""ARRIS TG1692A Router Download speed""}"
2025-07-03T21:45:32.731917,sensor.arris_tg1692a_router_upload_speed,0.00156453729682782,0.00120852148982273,"{""state_class"": ""measurement"", ""unit_of_measurement"": ""Mbit/s"", ""device_class"": ""data_rate"", ""friendly_name"": ""ARRIS TG1692A Router Upload speed""}"
2025-07-03T21:45:35.277528,automation.auto_banheiro,on,on,"{""id"": ""1747870075916"", ""last_triggered"": ""2025-07-04T00:45:35.272763+00:00"", ""mode"": ""single"", ""current"": 1, ""friendly_name"": ""auto-banheiro""}"
2025-07-03T21:45:35.279213,automation.auto_banheiro,on,on,"{""id"": ""1747870075916"", ""last_triggered"": ""2025-07-04T00:45:35.272763+00:00"", ""mode"": ""single"", ""current"": 0, ""friendly_name"": ""auto-banheiro""}"
2025-07-03T21:45:40.280932,automation.auto_banheiro,on,on,"{""id"": ""1747870075916"", ""last_triggered"": ""2025-07-04T00:45:40.271467+00:00"", ""mode"": ""single"", ""current"": 1, ""friendly_name"": ""auto-banheiro""}"
2025-07-03T21:45:40.282461,automation.auto_banheiro,on,on,"{""id"": ""1747870075916"", ""last_triggered"": ""2025-07-04T00:45:40.271467+00:00"", ""mode"": ""single"", ""current"": 0, ""friendly_name"": ""auto-banheiro""}"
2025-07-03T21:45:45.279979,automation.auto_banheiro,on,on,"{""id"": ""1747870075916"", ""last_triggered"": ""2025-07-04T00:45:45.271788+00:00"", ""mode"": ""single"", ""current"": 1, ""friendly_name"": ""auto-banheiro""}"
2025-07-03T21:45:45.283478,automation.auto_banheiro,on,on,"{""id"": ""1747870075916"", ""last_triggered"": ""2025-07-04T00:45:45.271788+00:00"", ""mode"": ""single"", ""current"": 0, ""friendly_name"": ""auto-banheiro""}"
2025-07-03T21:45:50.276391,automation.auto_banheiro,on,on,"{""id"": ""1747870075916"", ""last_triggered"": ""2025-07-04T00:45:50.271558+00:00"", ""mode"": ""single"", ""current"": 1, ""friendly_name"": ""auto-banheiro""}"
2025-07-03T21:45:50.278091,automation.auto_banheiro,on,on,"{""id"": ""1747870075916"", ""last_triggered"": ""2025-07-04T00:45:50.271558+00:00"", ""mode"": ""single"", ""current"": 0, ""friendly_name"": ""auto-banheiro""}"
2025-07-03T21:45:55.284276,automation.auto_banheiro,on,on,"{""id"": ""1747870075916"", ""last_triggered"": ""2025-07-04T00:45:55.273754+00:00"", ""mode"": ""single"", ""current"": 1, ""friendly_name"": ""auto-banheiro""}"
2025-07-03T21:45:55.287681,automation.auto_banheiro,on,on,"{""id"": ""1747870075916"", ""last_triggered"": ""2025-07-04T00:45:55.273754+00:00"", ""mode"": ""single"", ""current"": 0, ""friendly_name"": ""auto-banheiro""}"
2025-07-03T21:45:56.420081,camera.192_168_0_33,idle,idle,"{""access_token"": ""9b71f630453e8bd2c3bd3bfebe1c197b0fcdad9cba91bcfd9751304d483ae737"", ""entity_picture"": ""/api/camera_proxy/camera.192_168_0_33?token=9b71f630453e8bd2c3bd3bfebe1c197b0fcdad9cba91bcfd9751304d483ae737"", ""friendly_name"": ""192_168_0_14"", ""supported_features"": 2}"
2025-07-03T21:45:56.422490,camera.admin_mainstream,idle,idle,"{""access_token"": ""3938249f57f0e2b84311c961a85b192ff036051697e09e7360c5e278bdd948c9"", ""entity_picture"": ""/api/camera_proxy/camera.admin_mainstream?token=3938249f57f0e2b84311c961a85b192ff036051697e09e7360c5e278bdd948c9"", ""friendly_name"": ""admin MainStream"", ""supported_features"": 2}"
2025-07-03T21:45:56.424515,camera.admin_substream,idle,idle,"{""access_token"": ""aafc72810e9b52eb407db3c67cbfa6a67f67732ad8e73b406eaea0f4cc6188b8"", ""entity_picture"": ""/api/camera_proxy/camera.admin_substream?token=aafc72810e9b52eb407db3c67cbfa6a67f67732ad8e73b406eaea0f4cc6188b8"", ""friendly_name"": ""admin SubStream"", ""supported_features"": 2}"
2025-07-03T21:46:00.283229,automation.auto_banheiro,on,on,"{""id"": ""1747870075916"", ""last_triggered"": ""2025-07-04T00:46:00.272260+00:00"", ""mode"": ""single"", ""current"": 1, ""friendly_name"": ""auto-banheiro""}"
2025-07-03T21:46:00.288328,automation.auto_banheiro,on,on,"{""id"": ""1747870075916"", ""last_triggered"": ""2025-07-04T00:46:00.272260+00:00"", ""mode"": ""single"", ""current"": 0, ""friendly_name"": ""auto-banheiro""}"
2025-07-03T21:46:02.722337,sensor.arris_tg1692a_router_download_speed,0.00116958853803233,0.00206727138977199,"{""state_class"": ""measurement"", ""unit_of_measurement"": ""Mbit/s"", ""device_class"": ""data_rate"", ""friendly_name"": ""ARRIS TG1692A Router Download speed""}"
2025-07-03T21:46:02.724100,sensor.arris_tg1692a_router_upload_speed,0.00120852148982273,0.00150405193992699,"{""state_class"": ""measurement"", ""unit_of_measurement"": ""Mbit/s"", ""device_class"": ""data_rate"", ""friendly_name"": ""ARRIS TG1692A Router Upload speed""}"
2025-07-03T21:46:05.276643,automation.auto_banheiro,on,on,"{""id"": ""1747870075916"", ""last_triggered"": ""2025-07-04T00:46:05.271819+00:00"", ""mode"": ""single"", ""current"": 1, ""friendly_name"": ""auto-banheiro""}"
2025-07-03T21:46:05.278284,automation.auto_banheiro,on,on,"{""id"": ""1747870075916"", ""last_triggered"": ""2025-07-04T00:46:05.271819+00:00"", ""mode"": ""single"", ""current"": 0, ""friendly_name"": ""auto-banheiro""}"
2025-07-03T21:46:10.277924,automation.auto_banheiro,on,on,"{""id"": ""1747870075916"", ""last_triggered"": ""2025-07-04T00:46:10.271526+00:00"", ""mode"": ""single"", ""current"": 1, ""friendly_name"": ""auto-banheiro""}"
2025-07-03T21:46:10.279560,automation.auto_banheiro,on,on,"{""id"": ""1747870075916"", ""last_triggered"": ""2025-07-04T00:46:10.271526+00:00"", ""mode"": ""single"", ""current"": 0, ""friendly_name"": ""auto-banheiro""}"
2025-07-03T21:46:15.285674,automation.auto_banheiro,on,on,"{""id"": ""1747870075916"", ""last_triggered"": ""2025-07-04T00:46:15.273615+00:00"", ""mode"": ""single"", ""current"": 1, ""friendly_name"": ""auto-banheiro""}"
2025-07-03T21:46:15.289683,automation.auto_banheiro,on,on,"{""id"": ""1747870075916"", ""last_triggered"": ""2025-07-04T00:46:15.273615+00:00"", ""mode"": ""single"", ""current"": 0, ""friendly_name"": ""auto-banheiro""}"
2025-07-03T21:46:20.284667,automation.auto_banheiro,on,on,"{""id"": ""1747870075916"", ""last_triggered"": ""2025-07-04T00:46:20.271884+00:00"", ""mode"": ""single"", ""current"": 1, ""friendly_name"": ""auto-banheiro""}"
2025-07-03T21:46:20.286204,automation.auto_banheiro,on,on,"{""id"": ""1747870075916"", ""last_triggered"": ""2025-07-04T00:46:20.271884+00:00"", ""mode"": ""single"", ""current"": 0, ""friendly_name"": ""auto-banheiro""}"
2025-07-03T21:46:25.276319,automation.auto_banheiro,on,on,"{""id"": ""1747870075916"", ""last_triggered"": ""2025-07-04T00:46:25.271371+00:00"", ""mode"": ""single"", ""current"": 1, ""friendly_name"": ""auto-banheiro""}"
2025-07-03T21:46:25.277922,automation.auto_banheiro,on,on,"{""id"": ""1747870075916"", ""last_triggered"": ""2025-07-04T00:46:25.271371+00:00"", ""mode"": ""single"", ""current"": 0, ""friendly_name"": ""auto-banheiro""}"
2025-07-03T21:46:30.279798,automation.auto_banheiro,on,on,"{""id"": ""1747870075916"", ""last_triggered"": ""2025-07-04T00:46:30.272242+00:00"", ""mode"": ""single"", ""current"": 1, ""friendly_name"": ""auto-banheiro""}"
2025-07-03T21:46:30.281418,automation.auto_banheiro,on,on,"{""id"": ""1747870075916"", ""last_triggered"": ""2025-07-04T00:46:30.272242+00:00"", ""mode"": ""single"", ""current"": 0, ""friendly_name"": ""auto-banheiro""}"
2025-07-03T21:46:32.722281,sensor.arris_tg1692a_router_download_speed,0.00206727138977199,0.00235460607480367,"{""state_class"": ""measurement"", ""unit_of_measurement"": ""Mbit/s"", ""device_class"": ""data_rate"", ""friendly_name"": ""ARRIS TG1692A Router Download speed""}"
2025-07-03T21:46:32.725656,sensor.arris_tg1692a_router_upload_speed,0.00150405193992699,0.00147702865779587,"{""state_class"": ""measurement"", ""unit_of_measurement"": ""Mbit/s"", ""device_class"": ""data_rate"", ""friendly_name"": ""ARRIS TG1692A Router Upload speed""}"
2025-07-03T21:46:35.279131,automation.auto_banheiro,on,on,"{""id"": ""1747870075916"", ""last_triggered"": ""2025-07-04T00:46:35.272994+00:00"", ""mode"": ""single"", ""current"": 1, ""friendly_name"": ""auto-banheiro""}"
2025-07-03T21:46:35.281728,automation.auto_banheiro,on,on,"{""id"": ""1747870075916"", ""last_triggered"": ""2025-07-04T00:46:35.272994+00:00"", ""mode"": ""single"", ""current"": 0, ""friendly_name"": ""auto-banheiro""}"
2025-07-03T21:46:40.279383,automation.auto_banheiro,on,on,"{""id"": ""1747870075916"", ""last_triggered"": ""2025-07-04T00:46:40.271663+00:00"", ""mode"": ""single"", ""current"": 1, ""friendly_name"": ""auto-banheiro""}"
2025-07-03T21:46:40.281229,automation.auto_banheiro,on,on,"{""id"": ""1747870075916"", ""last_triggered"": ""2025-07-04T00:46:40.271663+00:00"", ""mode"": ""single"", ""current"": 0, ""friendly_name"": ""auto-banheiro""}"
2025-07-03T21:46:45.276562,automation.auto_banheiro,on,on,"{""id"": ""1747870075916"", ""last_triggered"": ""2025-07-04T00:46:45.271792+00:00"", ""mode"": ""single"", ""current"": 1, ""friendly_name"": ""auto-banheiro""}"
2025-07-03T21:46:45.278164,automation.auto_banheiro,on,on,"{""id"": ""1747870075916"", ""last_triggered"": ""2025-07-04T00:46:45.271792+00:00"", ""mode"": ""single"", ""current"": 0, ""friendly_name"": ""auto-banheiro""}"
2025-07-03T21:46:50.289159,automation.auto_banheiro,on,on,"{""id"": ""1747870075916"", ""last_triggered"": ""2025-07-04T00:46:50.272602+00:00"", ""mode"": ""single"", ""current"": 1, ""friendly_name"": ""auto-banheiro""}"
2025-07-03T21:46:50.293776,automation.auto_banheiro,on,on,"{""id"": ""1747870075916"", ""last_triggered"": ""2025-07-04T00:46:50.272602+00:00"", ""mode"": ""single"", ""current"": 0, ""friendly_name"": ""auto-banheiro""}"
2025-07-03T21:46:55.276214,automation.auto_banheiro,on,on,"{""id"": ""1747870075916"", ""last_triggered"": ""2025-07-04T00:46:55.271406+00:00"", ""mode"": ""single"", ""current"": 1, ""friendly_name"": ""auto-banheiro""}"
2025-07-03T21:46:55.277833,automation.auto_banheiro,on,on,"{""id"": ""1747870075916"", ""last_triggered"": ""2025-07-04T00:46:55.271406+00:00"", ""mode"": ""single"", ""current"": 0, ""friendly_name"": ""auto-banheiro""}"
2025-07-03T21:47:00.335763,automation.auto_banheiro,on,on,"{""id"": ""1747870075916"", ""last_triggered"": ""2025-07-04T00:47:00.272313+00:00"", ""mode"": ""single"", ""current"": 1, ""friendly_name"": ""auto-banheiro""}"
2025-07-03T21:47:00.337599,automation.auto_banheiro,on,on,"{""id"": ""1747870075916"", ""last_triggered"": ""2025-07-04T00:47:00.272313+00:00"", ""mode"": ""single"", ""current"": 0, ""friendly_name"": ""auto-banheiro""}"
2025-07-03T21:47:02.724310,sensor.arris_tg1692a_router_download_speed,0.00235460607480367,0.00203086272700586,"{""state_class"": ""measurement"", ""unit_of_measurement"": ""Mbit/s"", ""device_class"": ""data_rate"", ""friendly_name"": ""ARRIS TG1692A Router Download speed""}"
2025-07-03T21:47:02.726227,sensor.arris_tg1692a_router_upload_speed,0.00147702865779587,0.00188953430719059,"{""state_class"": ""measurement"", ""unit_of_measurement"": ""Mbit/s"", ""device_class"": ""data_rate"", ""friendly_name"": ""ARRIS TG1692A Router Upload speed""}"
2025-07-03T21:47:05.276280,automation.auto_banheiro,on,on,"{""id"": ""1747870075916"", ""last_triggered"": ""2025-07-04T00:47:05.271443+00:00"", ""mode"": ""single"", ""current"": 1, ""friendly_name"": ""auto-banheiro""}"
2025-07-03T21:47:05.277864,automation.auto_banheiro,on,on,"{""id"": ""1747870075916"", ""last_triggered"": ""2025-07-04T00:47:05.271443+00:00"", ""mode"": ""single"", ""current"": 0, ""friendly_name"": ""auto-banheiro""}"
2025-07-03T21:47:10.278584,automation.auto_banheiro,on,on,"{""id"": ""1747870075916"", ""last_triggered"": ""2025-07-04T00:47:10.272869+00:00"", ""mode"": ""single"", ""current"": 1, ""friendly_name"": ""auto-banheiro""}"
2025-07-03T21:47:10.280608,automation.auto_banheiro,on,on,"{""id"": ""1747870075916"", ""last_triggered"": ""2025-07-04T00:47:10.272869+00:00"", ""mode"": ""single"", ""current"": 0, ""friendly_name"": ""auto-banheiro""}"
2025-07-03T21:47:15.277101,automation.auto_banheiro,on,on,"{""id"": ""1747870075916"", ""last_triggered"": ""2025-07-04T00:47:15.271346+00:00"", ""mode"": ""single"", ""current"": 1, ""friendly_name"": ""auto-banheiro""}"
2025-07-03T21:47:15.279013,automation.auto_banheiro,on,on,"{""id"": ""1747870075916"", ""last_triggered"": ""2025-07-04T00:47:15.271346+00:00"", ""mode"": ""single"", ""current"": 0, ""friendly_name"": ""auto-banheiro""}"
2025-07-03T21:47:20.295962,automation.auto_banheiro,on,on,"{""id"": ""1747870075916"", ""last_triggered"": ""2025-07-04T00:47:20.272306+00:00"", ""mode"": ""single"", ""current"": 1, ""friendly_name"": ""auto-banheiro""}"
2025-07-03T21:47:20.299877,automation.auto_banheiro,on,on,"{""id"": ""1747870075916"", ""last_triggered"": ""2025-07-04T00:47:20.272306+00:00"", ""mode"": ""single"", ""current"": 0, ""friendly_name"": ""auto-banheiro""}"
2025-07-03T21:47:25.278263,automation.auto_banheiro,on,on,"{""id"": ""1747870075916"", ""last_triggered"": ""2025-07-04T00:47:25.272237+00:00"", ""mode"": ""single"", ""current"": 1, ""friendly_name"": ""auto-banheiro""}"
2025-07-03T21:47:25.279992,automation.auto_banheiro,on,on,"{""id"": ""1747870075916"", ""last_triggered"": ""2025-07-04T00:47:25.272237+00:00"", ""mode"": ""single"", ""current"": 0, ""friendly_name"": ""auto-banheiro""}"
2025-07-03T21:47:30.276776,automation.auto_banheiro,on,on,"{""id"": ""1747870075916"", ""last_triggered"": ""2025-07-04T00:47:30.271981+00:00"", ""mode"": ""single"", ""current"": 1, ""friendly_name"": ""auto-banheiro""}"
2025-07-03T21:47:30.278459,automation.auto_banheiro,on,on,"{""id"": ""1747870075916"", ""last_triggered"": ""2025-07-04T00:47:30.271981+00:00"", ""mode"": ""single"", ""current"": 0, ""friendly_name"": ""auto-banheiro""}"
2025-07-03T21:47:32.724943,sensor.arris_tg1692a_router_download_speed,0.00203086272700586,0.0018287971958443,"{""state_class"": ""measurement"", ""unit_of_measurement"": ""Mbit/s"", ""device_class"": ""data_rate"", ""friendly_name"": ""ARRIS TG1692A Router Download speed""}"
2025-07-03T21:47:32.730522,sensor.arris_tg1692a_router_upload_speed,0.00188953430719059,0.00142986447420781,"{""state_class"": ""measurement"", ""unit_of_measurement"": ""Mbit/s"", ""device_class"": ""data_rate"", ""friendly_name"": ""ARRIS TG1692A Router Upload speed""}"
2025-07-03T21:47:35.278733,automation.auto_banheiro,on,on,"{""id"": ""1747870075916"", ""last_triggered"": ""2025-07-04T00:47:35.271533+00:00"", ""mode"": ""single"", ""current"": 1, ""friendly_name"": ""auto-banheiro""}"
2025-07-03T21:47:35.280384,automation.auto_banheiro,on,on,"{""id"": ""1747870075916"", ""last_triggered"": ""2025-07-04T00:47:35.271533+00:00"", ""mode"": ""single"", ""current"": 0, ""friendly_name"": ""auto-banheiro""}"
2025-07-03T21:47:40.281159,automation.auto_banheiro,on,on,"{""id"": ""1747870075916"", ""last_triggered"": ""2025-07-04T00:47:40.271877+00:00"", ""mode"": ""single"", ""current"": 1, ""friendly_name"": ""auto-banheiro""}"
2025-07-03T21:47:40.282761,automation.auto_banheiro,on,on,"{""id"": ""1747870075916"", ""last_triggered"": ""2025-07-04T00:47:40.271877+00:00"", ""mode"": ""single"", ""current"": 0, ""friendly_name"": ""auto-banheiro""}"
2025-07-03T21:47:45.278829,automation.auto_banheiro,on,on,"{""id"": ""1747870075916"", ""last_triggered"": ""2025-07-04T00:47:45.271895+00:00"", ""mode"": ""single"", ""current"": 1, ""friendly_name"": ""auto-banheiro""}"
2025-07-03T21:47:45.280556,automation.auto_banheiro,on,on,"{""id"": ""1747870075916"", ""last_triggered"": ""2025-07-04T00:47:45.271895+00:00"", ""mode"": ""single"", ""current"": 0, ""friendly_name"": ""auto-banheiro""}"
2025-07-03T21:47:50.284922,automation.auto_banheiro,on,on,"{""id"": ""1747870075916"", ""last_triggered"": ""2025-07-04T00:47:50.272362+00:00"", ""mode"": ""single"", ""current"": 1, ""friendly_name"": ""auto-banheiro""}"
2025-07-03T21:47:50.288651,automation.auto_banheiro,on,on,"{""id"": ""1747870075916"", ""last_triggered"": ""2025-07-04T00:47:50.272362+00:00"", ""mode"": ""single"", ""current"": 0, ""friendly_name"": ""auto-banheiro""}"
2025-07-03T21:47:55.276282,automation.auto_banheiro,on,on,"{""id"": ""1747870075916"", ""last_triggered"": ""2025-07-04T00:47:55.271446+00:00"", ""mode"": ""single"", ""current"": 1, ""friendly_name"": ""auto-banheiro""}"
2025-07-03T21:47:55.277929,automation.auto_banheiro,on,on,"{""id"": ""1747870075916"", ""last_triggered"": ""2025-07-04T00:47:55.271446+00:00"", ""mode"": ""single"", ""current"": 0, ""friendly_name"": ""auto-banheiro""}"
2025-07-03T21:48:00.279125,automation.auto_banheiro,on,on,"{""id"": ""1747870075916"", ""last_triggered"": ""2025-07-04T00:48:00.272235+00:00"", ""mode"": ""single"", ""current"": 1, ""friendly_name"": ""auto-banheiro""}"
2025-07-03T21:48:00.281536,automation.auto_banheiro,on,on,"{""id"": ""1747870075916"", ""last_triggered"": ""2025-07-04T00:48:00.272235+00:00"", ""mode"": ""single"", ""current"": 0, ""friendly_name"": ""auto-banheiro""}"
2025-07-03T21:48:02.729160,sensor.arris_tg1692a_router_download_speed,0.0018287971958443,0.00763473007483024,"{""state_class"": ""measurement"", ""unit_of_measurement"": ""Mbit/s"", ""device_class"": ""data_rate"", ""friendly_name"": ""ARRIS TG1692A Router Download speed""}"
2025-07-03T21:48:02.738650,sensor.arris_tg1692a_router_upload_speed,0.00142986447420781,0.00367722564538874,"{""state_class"": ""measurement"", ""unit_of_measurement"": ""Mbit/s"", ""device_class"": ""data_rate"", ""friendly_name"": ""ARRIS TG1692A Router Upload speed""}"
2025-07-03T21:48:05.286640,automation.auto_banheiro,on,on,"{""id"": ""1747870075916"", ""last_triggered"": ""2025-07-04T00:48:05.272913+00:00"", ""mode"": ""single"", ""current"": 1, ""friendly_name"": ""auto-banheiro""}"
2025-07-03T21:48:05.290621,automation.auto_banheiro,on,on,"{""id"": ""1747870075916"", ""last_triggered"": ""2025-07-04T00:48:05.272913+00:00"", ""mode"": ""single"", ""current"": 0, ""friendly_name"": ""auto-banheiro""}"
2025-07-03T21:48:10.276078,automation.auto_banheiro,on,on,"{""id"": ""1747870075916"", ""last_triggered"": ""2025-07-04T00:48:10.271235+00:00"", ""mode"": ""single"", ""current"": 1, ""friendly_name"": ""auto-banheiro""}"
2025-07-03T21:48:10.277730,automation.auto_banheiro,on,on,"{""id"": ""1747870075916"", ""last_triggered"": ""2025-07-04T00:48:10.271235+00:00"", ""mode"": ""single"", ""current"": 0, ""friendly_name"": ""auto-banheiro""}"
2025-07-03T21:48:15.276112,automation.auto_banheiro,on,on,"{""id"": ""1747870075916"", ""last_triggered"": ""2025-07-04T00:48:15.271205+00:00"", ""mode"": ""single"", ""current"": 1, ""friendly_name"": ""auto-banheiro""}"
2025-07-03T21:48:15.277703,automation.auto_banheiro,on,on,"{""id"": ""1747870075916"", ""last_triggered"": ""2025-07-04T00:48:15.271205+00:00"", ""mode"": ""single"", ""current"": 0, ""friendly_name"": ""auto-banheiro""}"
2025-07-03T21:48:20.285674,automation.auto_banheiro,on,on,"{""id"": ""1747870075916"", ""last_triggered"": ""2025-07-04T00:48:20.272561+00:00"", ""mode"": ""single"", ""current"": 1, ""friendly_name"": ""auto-banheiro""}"
2025-07-03T21:48:20.289653,automation.auto_banheiro,on,on,"{""id"": ""1747870075916"", ""last_triggered"": ""2025-07-04T00:48:20.272561+00:00"", ""mode"": ""single"", ""current"": 0, ""friendly_name"": ""auto-banheiro""}"
2025-07-03T21:48:25.276803,automation.auto_banheiro,on,on,"{""id"": ""1747870075916"", ""last_triggered"": ""2025-07-04T00:48:25.272078+00:00"", ""mode"": ""single"", ""current"": 1, ""friendly_name"": ""auto-banheiro""}"
2025-07-03T21:48:25.278484,automation.auto_banheiro,on,on,"{""id"": ""1747870075916"", ""last_triggered"": ""2025-07-04T00:48:25.272078+00:00"", ""mode"": ""single"", ""current"": 0, ""friendly_name"": ""auto-banheiro""}"
2025-07-03T21:48:30.277751,automation.auto_banheiro,on,on,"{""id"": ""1747870075916"", ""last_triggered"": ""2025-07-04T00:48:30.271636+00:00"", ""mode"": ""single"", ""current"": 1, ""friendly_name"": ""auto-banheiro""}"
2025-07-03T21:48:30.279598,automation.auto_banheiro,on,on,"{""id"": ""1747870075916"", ""last_triggered"": ""2025-07-04T00:48:30.271636+00:00"", ""mode"": ""single"", ""current"": 0, ""friendly_name"": ""auto-banheiro""}"
2025-07-03T21:48:32.725184,sensor.arris_tg1692a_router_download_speed,0.00763473007483024,0.0036480161728717,"{""state_class"": ""measurement"", ""unit_of_measurement"": ""Mbit/s"", ""device_class"": ""data_rate"", ""friendly_name"": ""ARRIS TG1692A Router Download speed""}"
2025-07-03T21:48:32.727142,sensor.arris_tg1692a_router_upload_speed,0.00367722564538874,0.00193680858651807,"{""state_class"": ""measurement"", ""unit_of_measurement"": ""Mbit/s"", ""device_class"": ""data_rate"", ""friendly_name"": ""ARRIS TG1692A Router Upload speed""}"
2025-07-03T21:48:35.282590,automation.auto_banheiro,on,on,"{""id"": ""1747870075916"", ""last_triggered"": ""2025-07-04T00:48:35.272291+00:00"", ""mode"": ""single"", ""current"": 1, ""friendly_name"": ""auto-banheiro""}"
2025-07-03T21:48:35.286163,automation.auto_banheiro,on,on,"{""id"": ""1747870075916"", ""last_triggered"": ""2025-07-04T00:48:35.272291+00:00"", ""mode"": ""single"", ""current"": 0, ""friendly_name"": ""auto-banheiro""}"
2025-07-03T21:48:40.276307,automation.auto_banheiro,on,on,"{""id"": ""1747870075916"", ""last_triggered"": ""2025-07-04T00:48:40.271461+00:00"", ""mode"": ""single"", ""current"": 1, ""friendly_name"": ""auto-banheiro""}"
2025-07-03T21:48:40.277941,automation.auto_banheiro,on,on,"{""id"": ""1747870075916"", ""last_triggered"": ""2025-07-04T00:48:40.271461+00:00"", ""mode"": ""single"", ""current"": 0, ""friendly_name"": ""auto-banheiro""}"
2025-07-03T21:48:45.277394,automation.auto_banheiro,on,on,"{""id"": ""1747870075916"", ""last_triggered"": ""2025-07-04T00:48:45.271925+00:00"", ""mode"": ""single"", ""current"": 1, ""friendly_name"": ""auto-banheiro""}"
2025-07-03T21:48:45.278947,automation.auto_banheiro,on,on,"{""id"": ""1747870075916"", ""last_triggered"": ""2025-07-04T00:48:45.271925+00:00"", ""mode"": ""single"", ""current"": 0, ""friendly_name"": ""auto-banheiro""}"
2025-07-03T21:48:50.277135,automation.auto_banheiro,on,on,"{""id"": ""1747870075916"", ""last_triggered"": ""2025-07-04T00:48:50.271255+00:00"", ""mode"": ""single"", ""current"": 1, ""friendly_name"": ""auto-banheiro""}"
2025-07-03T21:48:50.278883,automation.auto_banheiro,on,on,"{""id"": ""1747870075916"", ""last_triggered"": ""2025-07-04T00:48:50.271255+00:00"", ""mode"": ""single"", ""current"": 0, ""friendly_name"": ""auto-banheiro""}"
2025-07-03T21:48:55.278878,automation.auto_banheiro,on,on,"{""id"": ""1747870075916"", ""last_triggered"": ""2025-07-04T00:48:55.271601+00:00"", ""mode"": ""single"", ""current"": 1, ""friendly_name"": ""auto-banheiro""}"
2025-07-03T21:48:55.280794,automation.auto_banheiro,on,on,"{""id"": ""1747870075916"", ""last_triggered"": ""2025-07-04T00:48:55.271601+00:00"", ""mode"": ""single"", ""current"": 0, ""friendly_name"": ""auto-banheiro""}"
2025-07-03T21:49:00.279272,automation.auto_banheiro,on,on,"{""id"": ""1747870075916"", ""last_triggered"": ""2025-07-04T00:49:00.271960+00:00"", ""mode"": ""single"", ""current"": 1, ""friendly_name"": ""auto-banheiro""}"
2025-07-03T21:49:00.282833,automation.auto_banheiro,on,on,"{""id"": ""1747870075916"", ""last_triggered"": ""2025-07-04T00:49:00.271960+00:00"", ""mode"": ""single"", ""current"": 0, ""friendly_name"": ""auto-banheiro""}"
2025-07-03T21:49:02.743433,sensor.arris_tg1692a_router_download_speed,0.0036480161728717,0.00207548188686717,"{""state_class"": ""measurement"", ""unit_of_measurement"": ""Mbit/s"", ""device_class"": ""data_rate"", ""friendly_name"": ""ARRIS TG1692A Router Download speed""}"
2025-07-03T21:49:02.745846,sensor.arris_tg1692a_router_upload_speed,0.00193680858651807,0.00134614320505017,"{""state_class"": ""measurement"", ""unit_of_measurement"": ""Mbit/s"", ""device_class"": ""data_rate"", ""friendly_name"": ""ARRIS TG1692A Router Upload speed""}"
2025-07-03T21:49:05.283033,automation.auto_banheiro,on,on,"{""id"": ""1747870075916"", ""last_triggered"": ""2025-07-04T00:49:05.272575+00:00"", ""mode"": ""single"", ""current"": 1, ""friendly_name"": ""auto-banheiro""}"
2025-07-03T21:49:05.290049,automation.auto_banheiro,on,on,"{""id"": ""1747870075916"", ""last_triggered"": ""2025-07-04T00:49:05.272575+00:00"", ""mode"": ""single"", ""current"": 0, ""friendly_name"": ""auto-banheiro""}"
2025-07-03T21:49:10.276600,automation.auto_banheiro,on,on,"{""id"": ""1747870075916"", ""last_triggered"": ""2025-07-04T00:49:10.271691+00:00"", ""mode"": ""single"", ""current"": 1, ""friendly_name"": ""auto-banheiro""}"
2025-07-03T21:49:10.278205,automation.auto_banheiro,on,on,"{""id"": ""1747870075916"", ""last_triggered"": ""2025-07-04T00:49:10.271691+00:00"", ""mode"": ""single"", ""current"": 0, ""friendly_name"": ""auto-banheiro""}"
2025-07-03T21:49:15.289005,automation.auto_banheiro,on,on,"{""id"": ""1747870075916"", ""last_triggered"": ""2025-07-04T00:49:15.272408+00:00"", ""mode"": ""single"", ""current"": 1, ""friendly_name"": ""auto-banheiro""}"
2025-07-03T21:49:15.291899,automation.auto_banheiro,on,on,"{""id"": ""1747870075916"", ""last_triggered"": ""2025-07-04T00:49:15.272408+00:00"", ""mode"": ""single"", ""current"": 0, ""friendly_name"": ""auto-banheiro""}"
2025-07-03T21:49:20.277830,automation.auto_banheiro,on,on,"{""id"": ""1747870075916"", ""last_triggered"": ""2025-07-04T00:49:20.271925+00:00"", ""mode"": ""single"", ""current"": 1, ""friendly_name"": ""auto-banheiro""}"
2025-07-03T21:49:20.279453,automation.auto_banheiro,on,on,"{""id"": ""1747870075916"", ""last_triggered"": ""2025-07-04T00:49:20.271925+00:00"", ""mode"": ""single"", ""current"": 0, ""friendly_name"": ""auto-banheiro""}"
2025-07-03T21:49:25.276808,automation.auto_banheiro,on,on,"{""id"": ""1747870075916"", ""last_triggered"": ""2025-07-04T00:49:25.271982+00:00"", ""mode"": ""single"", ""current"": 1, ""friendly_name"": ""auto-banheiro""}"
2025-07-03T21:49:25.278470,automation.auto_banheiro,on,on,"{""id"": ""1747870075916"", ""last_triggered"": ""2025-07-04T00:49:25.271982+00:00"", ""mode"": ""single"", ""current"": 0, ""friendly_name"": ""auto-banheiro""}"
2025-07-03T21:49:30.276944,automation.auto_banheiro,on,on,"{""id"": ""1747870075916"", ""last_triggered"": ""2025-07-04T00:49:30.272122+00:00"", ""mode"": ""single"", ""current"": 1, ""friendly_name"": ""auto-banheiro""}"
2025-07-03T21:49:30.278624,automation.auto_banheiro,on,on,"{""id"": ""1747870075916"", ""last_triggered"": ""2025-07-04T00:49:30.272122+00:00"", ""mode"": ""single"", ""current"": 0, ""friendly_name"": ""auto-banheiro""}"
2025-07-03T21:49:32.719021,sensor.arris_tg1692a_router_download_speed,0.00207548188686717,0.00131304859036441,"{""state_class"": ""measurement"", ""unit_of_measurement"": ""Mbit/s"", ""device_class"": ""data_rate"", ""friendly_name"": ""ARRIS TG1692A Router Download speed""}"
2025-07-03T21:49:32.721018,sensor.arris_tg1692a_router_upload_speed,0.00134614320505017,0.0010415856608374,"{""state_class"": ""measurement"", ""unit_of_measurement"": ""Mbit/s"", ""device_class"": ""data_rate"", ""friendly_name"": ""ARRIS TG1692A Router Upload speed""}"
2025-07-03T21:49:35.278374,automation.auto_banheiro,on,on,"{""id"": ""1747870075916"", ""last_triggered"": ""2025-07-04T00:49:35.271465+00:00"", ""mode"": ""single"", ""current"": 1, ""friendly_name"": ""auto-banheiro""}"
2025-07-03T21:49:35.279999,automation.auto_banheiro,on,on,"{""id"": ""1747870075916"", ""last_triggered"": ""2025-07-04T00:49:35.271465+00:00"", ""mode"": ""single"", ""current"": 0, ""friendly_name"": ""auto-banheiro""}"
2025-07-03T21:49:40.278594,automation.auto_banheiro,on,on,"{""id"": ""1747870075916"", ""last_triggered"": ""2025-07-04T00:49:40.271926+00:00"", ""mode"": ""single"", ""current"": 1, ""friendly_name"": ""auto-banheiro""}"
2025-07-03T21:49:40.280592,automation.auto_banheiro,on,on,"{""id"": ""1747870075916"", ""last_triggered"": ""2025-07-04T00:49:40.271926+00:00"", ""mode"": ""single"", ""current"": 0, ""friendly_name"": ""auto-banheiro""}"
2025-07-03T21:49:45.280737,automation.auto_banheiro,on,on,"{""id"": ""1747870075916"", ""last_triggered"": ""2025-07-04T00:49:45.271763+00:00"", ""mode"": ""single"", ""current"": 1, ""friendly_name"": ""auto-banheiro""}"
2025-07-03T21:49:45.282963,automation.auto_banheiro,on,on,"{""id"": ""1747870075916"", ""last_triggered"": ""2025-07-04T00:49:45.271763+00:00"", ""mode"": ""single"", ""current"": 0, ""friendly_name"": ""auto-banheiro""}"
2025-07-03T21:49:50.282680,automation.auto_banheiro,on,on,"{""id"": ""1747870075916"", ""last_triggered"": ""2025-07-04T00:49:50.271968+00:00"", ""mode"": ""single"", ""current"": 1, ""friendly_name"": ""auto-banheiro""}"
2025-07-03T21:49:50.286229,automation.auto_banheiro,on,on,"{""id"": ""1747870075916"", ""last_triggered"": ""2025-07-04T00:49:50.271968+00:00"", ""mode"": ""single"", ""current"": 0, ""friendly_name"": ""auto-banheiro""}"
2025-07-03T21:49:55.277709,automation.auto_banheiro,on,on,"{""id"": ""1747870075916"", ""last_triggered"": ""2025-07-04T00:49:55.271252+00:00"", ""mode"": ""single"", ""current"": 1, ""friendly_name"": ""auto-banheiro""}"
2025-07-03T21:49:55.279220,automation.auto_banheiro,on,on,"{""id"": ""1747870075916"", ""last_triggered"": ""2025-07-04T00:49:55.271252+00:00"", ""mode"": ""single"", ""current"": 0, ""friendly_name"": ""auto-banheiro""}"
2025-07-03T21:50:00.282680,automation.auto_banheiro,on,on,"{""id"": ""1747870075916"", ""last_triggered"": ""2025-07-04T00:50:00.272149+00:00"", ""mode"": ""single"", ""current"": 1, ""friendly_name"": ""auto-banheiro""}"
2025-07-03T21:50:00.285598,automation.auto_banheiro,on,on,"{""id"": ""1747870075916"", ""last_triggered"": ""2025-07-04T00:50:00.272149+00:00"", ""mode"": ""single"", ""current"": 0, ""friendly_name"": ""auto-banheiro""}"
2025-07-03T21:50:02.736773,sensor.arris_tg1692a_router_download_speed,0.00131304859036441,0.00190157781492549,"{""state_class"": ""measurement"", ""unit_of_measurement"": ""Mbit/s"", ""device_class"": ""data_rate"", ""friendly_name"": ""ARRIS TG1692A Router Download speed""}"
2025-07-03T21:50:02.740193,sensor.arris_tg1692a_router_upload_speed,0.0010415856608374,0.00126345192639419,"{""state_class"": ""measurement"", ""unit_of_measurement"": ""Mbit/s"", ""device_class"": ""data_rate"", ""friendly_name"": ""ARRIS TG1692A Router Upload speed""}"
2025-07-03T21:50:05.285152,automation.auto_banheiro,on,on,"{""id"": ""1747870075916"", ""last_triggered"": ""2025-07-04T00:50:05.272062+00:00"", ""mode"": ""single"", ""current"": 1, ""friendly_name"": ""auto-banheiro""}"
2025-07-03T21:50:05.305377,automation.auto_banheiro,on,on,"{""id"": ""1747870075916"", ""last_triggered"": ""2025-07-04T00:50:05.272062+00:00"", ""mode"": ""single"", ""current"": 0, ""friendly_name"": ""auto-banheiro""}"
2025-07-03T21:50:10.282410,automation.auto_banheiro,on,on,"{""id"": ""1747870075916"", ""last_triggered"": ""2025-07-04T00:50:10.272048+00:00"", ""mode"": ""single"", ""current"": 1, ""friendly_name"": ""auto-banheiro""}"
2025-07-03T21:50:10.286074,automation.auto_banheiro,on,on,"{""id"": ""1747870075916"", ""last_triggered"": ""2025-07-04T00:50:10.272048+00:00"", ""mode"": ""single"", ""current"": 0, ""friendly_name"": ""auto-banheiro""}"
2025-07-03T21:50:15.281939,automation.auto_banheiro,on,on,"{""id"": ""1747870075916"", ""last_triggered"": ""2025-07-04T00:50:15.273252+00:00"", ""mode"": ""single"", ""current"": 1, ""friendly_name"": ""auto-banheiro""}"
2025-07-03T21:50:15.284237,automation.auto_banheiro,on,on,"{""id"": ""1747870075916"", ""last_triggered"": ""2025-07-04T00:50:15.273252+00:00"", ""mode"": ""single"", ""current"": 0, ""friendly_name"": ""auto-banheiro""}"
2025-07-03T21:50:20.277066,automation.auto_banheiro,on,on,"{""id"": ""1747870075916"", ""last_triggered"": ""2025-07-04T00:50:20.272106+00:00"", ""mode"": ""single"", ""current"": 1, ""friendly_name"": ""auto-banheiro""}"
2025-07-03T21:50:20.278673,automation.auto_banheiro,on,on,"{""id"": ""1747870075916"", ""last_triggered"": ""2025-07-04T00:50:20.272106+00:00"", ""mode"": ""single"", ""current"": 0, ""friendly_name"": ""auto-banheiro""}"
2025-07-03T21:50:25.276527,automation.auto_banheiro,on,on,"{""id"": ""1747870075916"", ""last_triggered"": ""2025-07-04T00:50:25.271734+00:00"", ""mode"": ""single"", ""current"": 1, ""friendly_name"": ""auto-banheiro""}"
2025-07-03T21:50:25.278180,automation.auto_banheiro,on,on,"{""id"": ""1747870075916"", ""last_triggered"": ""2025-07-04T00:50:25.271734+00:00"", ""mode"": ""single"", ""current"": 0, ""friendly_name"": ""auto-banheiro""}"
2025-07-03T21:50:30.276130,automation.auto_banheiro,on,on,"{""id"": ""1747870075916"", ""last_triggered"": ""2025-07-04T00:50:30.271224+00:00"", ""mode"": ""single"", ""current"": 1, ""friendly_name"": ""auto-banheiro""}"
2025-07-03T21:50:30.278211,automation.auto_banheiro,on,on,"{""id"": ""1747870075916"", ""last_triggered"": ""2025-07-04T00:50:30.271224+00:00"", ""mode"": ""single"", ""current"": 0, ""friendly_name"": ""auto-banheiro""}"
2025-07-03T21:50:32.728141,sensor.arris_tg1692a_router_download_speed,0.00190157781492549,0.00118320974176021,"{""state_class"": ""measurement"", ""unit_of_measurement"": ""Mbit/s"", ""device_class"": ""data_rate"", ""friendly_name"": ""ARRIS TG1692A Router Download speed""}"
2025-07-03T21:50:32.729907,sensor.arris_tg1692a_router_upload_speed,0.00126345192639419,0.00109547568608315,"{""state_class"": ""measurement"", ""unit_of_measurement"": ""Mbit/s"", ""device_class"": ""data_rate"", ""friendly_name"": ""ARRIS TG1692A Router Upload speed""}"
2025-07-03T21:50:35.286534,automation.auto_banheiro,on,on,"{""id"": ""1747870075916"", ""last_triggered"": ""2025-07-04T00:50:35.273105+00:00"", ""mode"": ""single"", ""current"": 1, ""friendly_name"": ""auto-banheiro""}"
2025-07-03T21:50:35.290200,automation.auto_banheiro,on,on,"{""id"": ""1747870075916"", ""last_triggered"": ""2025-07-04T00:50:35.273105+00:00"", ""mode"": ""single"", ""current"": 0, ""friendly_name"": ""auto-banheiro""}"
2025-07-03T21:50:40.276518,automation.auto_banheiro,on,on,"{""id"": ""1747870075916"", ""last_triggered"": ""2025-07-04T00:50:40.271711+00:00"", ""mode"": ""single"", ""current"": 1, ""friendly_name"": ""auto-banheiro""}"
2025-07-03T21:50:40.278158,automation.auto_banheiro,on,on,"{""id"": ""1747870075916"", ""last_triggered"": ""2025-07-04T00:50:40.271711+00:00"", ""mode"": ""single"", ""current"": 0, ""friendly_name"": ""auto-banheiro""}"
2025-07-03T21:50:45.276256,automation.auto_banheiro,on,on,"{""id"": ""1747870075916"", ""last_triggered"": ""2025-07-04T00:50:45.271423+00:00"", ""mode"": ""single"", ""current"": 1, ""friendly_name"": ""auto-banheiro""}"
2025-07-03T21:50:45.277877,automation.auto_banheiro,on,on,"{""id"": ""1747870075916"", ""last_triggered"": ""2025-07-04T00:50:45.271423+00:00"", ""mode"": ""single"", ""current"": 0, ""friendly_name"": ""auto-banheiro""}"
2025-07-03T21:50:49.611126,media_player.dlna_b13_box,unavailable,unknown,"{""friendly_name"": ""DLNA-B13 Box"", ""supported_features"": 512575}"
2025-07-03T21:50:50.283008,automation.auto_banheiro,on,on,"{""id"": ""1747870075916"", ""last_triggered"": ""2025-07-04T00:50:50.272623+00:00"", ""mode"": ""single"", ""current"": 1, ""friendly_name"": ""auto-banheiro""}"
2025-07-03T21:50:50.286727,automation.auto_banheiro,on,on,"{""id"": ""1747870075916"", ""last_triggered"": ""2025-07-04T00:50:50.272623+00:00"", ""mode"": ""single"", ""current"": 0, ""friendly_name"": ""auto-banheiro""}"
2025-07-03T21:50:55.276939,automation.auto_banheiro,on,on,"{""id"": ""1747870075916"", ""last_triggered"": ""2025-07-04T00:50:55.272114+00:00"", ""mode"": ""single"", ""current"": 1, ""friendly_name"": ""auto-banheiro""}"
2025-07-03T21:50:55.278594,automation.auto_banheiro,on,on,"{""id"": ""1747870075916"", ""last_triggered"": ""2025-07-04T00:50:55.272114+00:00"", ""mode"": ""single"", ""current"": 0, ""friendly_name"": ""auto-banheiro""}"
2025-07-03T21:50:56.420861,camera.192_168_0_33,idle,idle,"{""access_token"": ""d2bc355d3894cdc5f38722f72adcbff92c30787fa4cfd9f8e91f918ab8c6c13f"", ""entity_picture"": ""/api/camera_proxy/camera.192_168_0_33?token=d2bc355d3894cdc5f38722f72adcbff92c30787fa4cfd9f8e91f918ab8c6c13f"", ""friendly_name"": ""192_168_0_14"", ""supported_features"": 2}"
2025-07-03T21:50:56.423547,camera.admin_mainstream,idle,idle,"{""access_token"": ""415c899e6e70cff51929533e63ee63c105022236bfa3863aebcc19c4830db4f0"", ""entity_picture"": ""/api/camera_proxy/camera.admin_mainstream?token=415c899e6e70cff51929533e63ee63c105022236bfa3863aebcc19c4830db4f0"", ""friendly_name"": ""admin MainStream"", ""supported_features"": 2}"
2025-07-03T21:50:56.427401,camera.admin_substream,idle,idle,"{""access_token"": ""9ef98396cf046acc22044c06cdba4191d814bd81e5705b78edf41645f80b342a"", ""entity_picture"": ""/api/camera_proxy/camera.admin_substream?token=9ef98396cf046acc22044c06cdba4191d814bd81e5705b78edf41645f80b342a"", ""friendly_name"": ""admin SubStream"", ""supported_features"": 2}"
2025-07-03T21:50:57.415211,media_player.dlna_b13_box,unknown,unavailable,"{""friendly_name"": ""DLNA-B13 Box"", ""supported_features"": 512575}"
2025-07-03T21:51:00.277860,automation.auto_banheiro,on,on,"{""id"": ""1747870075916"", ""last_triggered"": ""2025-07-04T00:51:00.271570+00:00"", ""mode"": ""single"", ""current"": 1, ""friendly_name"": ""auto-banheiro""}"
2025-07-03T21:51:00.280596,automation.auto_banheiro,on,on,"{""id"": ""1747870075916"", ""last_triggered"": ""2025-07-04T00:51:00.271570+00:00"", ""mode"": ""single"", ""current"": 0, ""friendly_name"": ""auto-banheiro""}"
2025-07-03T21:51:02.730534,sensor.arris_tg1692a_router_download_speed,0.00118320974176021,0.00204964235927542,"{""state_class"": ""measurement"", ""unit_of_measurement"": ""Mbit/s"", ""device_class"": ""data_rate"", ""friendly_name"": ""ARRIS TG1692A Router Download speed""}"
2025-07-03T21:51:02.732588,sensor.arris_tg1692a_router_upload_speed,0.00109547568608315,0.0016949683626795,"{""state_class"": ""measurement"", ""unit_of_measurement"": ""Mbit/s"", ""device_class"": ""data_rate"", ""friendly_name"": ""ARRIS TG1692A Router Upload speed""}"
2025-07-03T21:51:05.284311,automation.auto_banheiro,on,on,"{""id"": ""1747870075916"", ""last_triggered"": ""2025-07-04T00:51:05.272502+00:00"", ""mode"": ""single"", ""current"": 1, ""friendly_name"": ""auto-banheiro""}"
2025-07-03T21:51:05.287790,automation.auto_banheiro,on,on,"{""id"": ""1747870075916"", ""last_triggered"": ""2025-07-04T00:51:05.272502+00:00"", ""mode"": ""single"", ""current"": 0, ""friendly_name"": ""auto-banheiro""}"
2025-07-03T21:51:10.287098,automation.auto_banheiro,on,on,"{""id"": ""1747870075916"", ""last_triggered"": ""2025-07-04T00:51:10.272302+00:00"", ""mode"": ""single"", ""current"": 1, ""friendly_name"": ""auto-banheiro""}"
2025-07-03T21:51:10.291123,automation.auto_banheiro,on,on,"{""id"": ""1747870075916"", ""last_triggered"": ""2025-07-04T00:51:10.272302+00:00"", ""mode"": ""single"", ""current"": 0, ""friendly_name"": ""auto-banheiro""}"
2025-07-03T21:51:15.276583,automation.auto_banheiro,on,on,"{""id"": ""1747870075916"", ""last_triggered"": ""2025-07-04T00:51:15.271658+00:00"", ""mode"": ""single"", ""current"": 1, ""friendly_name"": ""auto-banheiro""}"
2025-07-03T21:51:15.278590,automation.auto_banheiro,on,on,"{""id"": ""1747870075916"", ""last_triggered"": ""2025-07-04T00:51:15.271658+00:00"", ""mode"": ""single"", ""current"": 0, ""friendly_name"": ""auto-banheiro""}"
2025-07-03T21:51:20.278430,automation.auto_banheiro,on,on,"{""id"": ""1747870075916"", ""last_triggered"": ""2025-07-04T00:51:20.271593+00:00"", ""mode"": ""single"", ""current"": 1, ""friendly_name"": ""auto-banheiro""}"
2025-07-03T21:51:20.281540,automation.auto_banheiro,on,on,"{""id"": ""1747870075916"", ""last_triggered"": ""2025-07-04T00:51:20.271593+00:00"", ""mode"": ""single"", ""current"": 0, ""friendly_name"": ""auto-banheiro""}"
2025-07-03T21:51:25.277556,automation.auto_banheiro,on,on,"{""id"": ""1747870075916"", ""last_triggered"": ""2025-07-04T00:51:25.272740+00:00"", ""mode"": ""single"", ""current"": 1, ""friendly_name"": ""auto-banheiro""}"
2025-07-03T21:51:25.280158,automation.auto_banheiro,on,on,"{""id"": ""1747870075916"", ""last_triggered"": ""2025-07-04T00:51:25.272740+00:00"", ""mode"": ""single"", ""current"": 0, ""friendly_name"": ""auto-banheiro""}"
2025-07-03T21:51:30.278323,automation.auto_banheiro,on,on,"{""id"": ""1747870075916"", ""last_triggered"": ""2025-07-04T00:51:30.271926+00:00"", ""mode"": ""single"", ""current"": 1, ""friendly_name"": ""auto-banheiro""}"
2025-07-03T21:51:30.280014,automation.auto_banheiro,on,on,"{""id"": ""1747870075916"", ""last_triggered"": ""2025-07-04T00:51:30.271926+00:00"", ""mode"": ""single"", ""current"": 0, ""friendly_name"": ""auto-banheiro""}"
2025-07-03T21:51:32.722958,sensor.arris_tg1692a_router_download_speed,0.00204964235927542,0.00241380310318495,"{""state_class"": ""measurement"", ""unit_of_measurement"": ""Mbit/s"", ""device_class"": ""data_rate"", ""friendly_name"": ""ARRIS TG1692A Router Download speed""}"
2025-07-03T21:51:32.724983,sensor.arris_tg1692a_router_upload_speed,0.0016949683626795,0.0012143680216421,"{""state_class"": ""measurement"", ""unit_of_measurement"": ""Mbit/s"", ""device_class"": ""data_rate"", ""friendly_name"": ""ARRIS TG1692A Router Upload speed""}"
2025-07-03T21:51:35.280175,automation.auto_banheiro,on,on,"{""id"": ""1747870075916"", ""last_triggered"": ""2025-07-04T00:51:35.271759+00:00"", ""mode"": ""single"", ""current"": 1, ""friendly_name"": ""auto-banheiro""}"
2025-07-03T21:51:35.283220,automation.auto_banheiro,on,on,"{""id"": ""1747870075916"", ""last_triggered"": ""2025-07-04T00:51:35.271759+00:00"", ""mode"": ""single"", ""current"": 0, ""friendly_name"": ""auto-banheiro""}"
2025-07-03T21:51:40.281690,automation.auto_banheiro,on,on,"{""id"": ""1747870075916"", ""last_triggered"": ""2025-07-04T00:51:40.271246+00:00"", ""mode"": ""single"", ""current"": 1, ""friendly_name"": ""auto-banheiro""}"
2025-07-03T21:51:40.283580,automation.auto_banheiro,on,on,"{""id"": ""1747870075916"", ""last_triggered"": ""2025-07-04T00:51:40.271246+00:00"", ""mode"": ""single"", ""current"": 0, ""friendly_name"": ""auto-banheiro""}"
2025-07-03T21:51:45.276727,automation.auto_banheiro,on,on,"{""id"": ""1747870075916"", ""last_triggered"": ""2025-07-04T00:51:45.271974+00:00"", ""mode"": ""single"", ""current"": 1, ""friendly_name"": ""auto-banheiro""}"
2025-07-03T21:51:45.278466,automation.auto_banheiro,on,on,"{""id"": ""1747870075916"", ""last_triggered"": ""2025-07-04T00:51:45.271974+00:00"", ""mode"": ""single"", ""current"": 0, ""friendly_name"": ""auto-banheiro""}"
2025-07-03T21:51:50.287120,automation.auto_banheiro,on,on,"{""id"": ""1747870075916"", ""last_triggered"": ""2025-07-04T00:51:50.272390+00:00"", ""mode"": ""single"", ""current"": 1, ""friendly_name"": ""auto-banheiro""}"
2025-07-03T21:51:50.291084,automation.auto_banheiro,on,on,"{""id"": ""1747870075916"", ""last_triggered"": ""2025-07-04T00:51:50.272390+00:00"", ""mode"": ""single"", ""current"": 0, ""friendly_name"": ""auto-banheiro""}"
2025-07-03T21:51:55.277561,automation.auto_banheiro,on,on,"{""id"": ""1747870075916"", ""last_triggered"": ""2025-07-04T00:51:55.271246+00:00"", ""mode"": ""single"", ""current"": 1, ""friendly_name"": ""auto-banheiro""}"
2025-07-03T21:51:55.279454,automation.auto_banheiro,on,on,"{""id"": ""1747870075916"", ""last_triggered"": ""2025-07-04T00:51:55.271246+00:00"", ""mode"": ""single"", ""current"": 0, ""friendly_name"": ""auto-banheiro""}"
2025-07-03T21:52:00.282574,automation.auto_banheiro,on,on,"{""id"": ""1747870075916"", ""last_triggered"": ""2025-07-04T00:52:00.271655+00:00"", ""mode"": ""single"", ""current"": 1, ""friendly_name"": ""auto-banheiro""}"
2025-07-03T21:52:00.286561,automation.auto_banheiro,on,on,"{""id"": ""1747870075916"", ""last_triggered"": ""2025-07-04T00:52:00.271655+00:00"", ""mode"": ""single"", ""current"": 0, ""friendly_name"": ""auto-banheiro""}"
2025-07-03T21:52:02.719519,sensor.arris_tg1692a_router_download_speed,0.00241380310318495,0.0019861935812053,"{""state_class"": ""measurement"", ""unit_of_measurement"": ""Mbit/s"", ""device_class"": ""data_rate"", ""friendly_name"": ""ARRIS TG1692A Router Download speed""}"
2025-07-03T21:52:02.721244,sensor.arris_tg1692a_router_upload_speed,0.0012143680216421,0.00172218557296238,"{""state_class"": ""measurement"", ""unit_of_measurement"": ""Mbit/s"", ""device_class"": ""data_rate"", ""friendly_name"": ""ARRIS TG1692A Router Upload speed""}"
2025-07-03T21:52:05.276354,automation.auto_banheiro,on,on,"{""id"": ""1747870075916"", ""last_triggered"": ""2025-07-04T00:52:05.271435+00:00"", ""mode"": ""single"", ""current"": 1, ""friendly_name"": ""auto-banheiro""}"
2025-07-03T21:52:05.278018,automation.auto_banheiro,on,on,"{""id"": ""1747870075916"", ""last_triggered"": ""2025-07-04T00:52:05.271435+00:00"", ""mode"": ""single"", ""current"": 0, ""friendly_name"": ""auto-banheiro""}"
2025-07-03T21:52:10.278007,automation.auto_banheiro,on,on,"{""id"": ""1747870075916"", ""last_triggered"": ""2025-07-04T00:52:10.272605+00:00"", ""mode"": ""single"", ""current"": 1, ""friendly_name"": ""auto-banheiro""}"
2025-07-03T21:52:10.279550,automation.auto_banheiro,on,on,"{""id"": ""1747870075916"", ""last_triggered"": ""2025-07-04T00:52:10.272605+00:00"", ""mode"": ""single"", ""current"": 0, ""friendly_name"": ""auto-banheiro""}"
2025-07-03T21:52:15.284891,automation.auto_banheiro,on,on,"{""id"": ""1747870075916"", ""last_triggered"": ""2025-07-04T00:52:15.272099+00:00"", ""mode"": ""single"", ""current"": 1, ""friendly_name"": ""auto-banheiro""}"
2025-07-03T21:52:15.288417,automation.auto_banheiro,on,on,"{""id"": ""1747870075916"", ""last_triggered"": ""2025-07-04T00:52:15.272099+00:00"", ""mode"": ""single"", ""current"": 0, ""friendly_name"": ""auto-banheiro""}"
2025-07-03T21:52:20.287289,automation.auto_banheiro,on,on,"{""id"": ""1747870075916"", ""last_triggered"": ""2025-07-04T00:52:20.271913+00:00"", ""mode"": ""single"", ""current"": 1, ""friendly_name"": ""auto-banheiro""}"
2025-07-03T21:52:20.290288,automation.auto_banheiro,on,on,"{""id"": ""1747870075916"", ""last_triggered"": ""2025-07-04T00:52:20.271913+00:00"", ""mode"": ""single"", ""current"": 0, ""friendly_name"": ""auto-banheiro""}"
2025-07-03T21:52:25.276220,automation.auto_banheiro,on,on,"{""id"": ""1747870075916"", ""last_triggered"": ""2025-07-04T00:52:25.271446+00:00"", ""mode"": ""single"", ""current"": 1, ""friendly_name"": ""auto-banheiro""}"
2025-07-03T21:52:25.278505,automation.auto_banheiro,on,on,"{""id"": ""1747870075916"", ""last_triggered"": ""2025-07-04T00:52:25.271446+00:00"", ""mode"": ""single"", ""current"": 0, ""friendly_name"": ""auto-banheiro""}"
2025-07-03T21:52:30.277568,automation.auto_banheiro,on,on,"{""id"": ""1747870075916"", ""last_triggered"": ""2025-07-04T00:52:30.271492+00:00"", ""mode"": ""single"", ""current"": 1, ""friendly_name"": ""auto-banheiro""}"
2025-07-03T21:52:30.279570,automation.auto_banheiro,on,on,"{""id"": ""1747870075916"", ""last_triggered"": ""2025-07-04T00:52:30.271492+00:00"", ""mode"": ""single"", ""current"": 0, ""friendly_name"": ""auto-banheiro""}"
2025-07-03T21:52:32.722021,sensor.arris_tg1692a_router_download_speed,0.0019861935812053,0.00115945901423717,"{""state_class"": ""measurement"", ""unit_of_measurement"": ""Mbit/s"", ""device_class"": ""data_rate"", ""friendly_name"": ""ARRIS TG1692A Router Download speed""}"
2025-07-03T21:52:32.723725,sensor.arris_tg1692a_router_upload_speed,0.00172218557296238,0.000904260698546056,"{""state_class"": ""measurement"", ""unit_of_measurement"": ""Mbit/s"", ""device_class"": ""data_rate"", ""friendly_name"": ""ARRIS TG1692A Router Upload speed""}"
2025-07-03T21:52:35.276920,automation.auto_banheiro,on,on,"{""id"": ""1747870075916"", ""last_triggered"": ""2025-07-04T00:52:35.271718+00:00"", ""mode"": ""single"", ""current"": 1, ""friendly_name"": ""auto-banheiro""}"
2025-07-03T21:52:35.279029,automation.auto_banheiro,on,on,"{""id"": ""1747870075916"", ""last_triggered"": ""2025-07-04T00:52:35.271718+00:00"", ""mode"": ""single"", ""current"": 0, ""friendly_name"": ""auto-banheiro""}"
2025-07-03T21:52:40.280908,automation.auto_banheiro,on,on,"{""id"": ""1747870075916"", ""last_triggered"": ""2025-07-04T00:52:40.271668+00:00"", ""mode"": ""single"", ""current"": 1, ""friendly_name"": ""auto-banheiro""}"
2025-07-03T21:52:40.282596,automation.auto_banheiro,on,on,"{""id"": ""1747870075916"", ""last_triggered"": ""2025-07-04T00:52:40.271668+00:00"", ""mode"": ""single"", ""current"": 0, ""friendly_name"": ""auto-banheiro""}"
2025-07-03T21:52:45.287017,automation.auto_banheiro,on,on,"{""id"": ""1747870075916"", ""last_triggered"": ""2025-07-04T00:52:45.272416+00:00"", ""mode"": ""single"", ""current"": 1, ""friendly_name"": ""auto-banheiro""}"
2025-07-03T21:52:45.291603,automation.auto_banheiro,on,on,"{""id"": ""1747870075916"", ""last_triggered"": ""2025-07-04T00:52:45.272416+00:00"", ""mode"": ""single"", ""current"": 0, ""friendly_name"": ""auto-banheiro""}"
2025-07-03T21:52:50.284816,automation.auto_banheiro,on,on,"{""id"": ""1747870075916"", ""last_triggered"": ""2025-07-04T00:52:50.272413+00:00"", ""mode"": ""single"", ""current"": 1, ""friendly_name"": ""auto-banheiro""}"
2025-07-03T21:52:50.288369,automation.auto_banheiro,on,on,"{""id"": ""1747870075916"", ""last_triggered"": ""2025-07-04T00:52:50.272413+00:00"", ""mode"": ""single"", ""current"": 0, ""friendly_name"": ""auto-banheiro""}"
2025-07-03T21:52:55.277533,automation.auto_banheiro,on,on,"{""id"": ""1747870075916"", ""last_triggered"": ""2025-07-04T00:52:55.272010+00:00"", ""mode"": ""single"", ""current"": 1, ""friendly_name"": ""auto-banheiro""}"
2025-07-03T21:52:55.279270,automation.auto_banheiro,on,on,"{""id"": ""1747870075916"", ""last_triggered"": ""2025-07-04T00:52:55.272010+00:00"", ""mode"": ""single"", ""current"": 0, ""friendly_name"": ""auto-banheiro""}"
2025-07-03T21:53:00.297225,automation.auto_banheiro,on,on,"{""id"": ""1747870075916"", ""last_triggered"": ""2025-07-04T00:53:00.271805+00:00"", ""mode"": ""single"", ""current"": 1, ""friendly_name"": ""auto-banheiro""}"
2025-07-03T21:53:00.299367,automation.auto_banheiro,on,on,"{""id"": ""1747870075916"", ""last_triggered"": ""2025-07-04T00:53:00.271805+00:00"", ""mode"": ""single"", ""current"": 0, ""friendly_name"": ""auto-banheiro""}"
2025-07-03T21:53:02.722800,sensor.arris_tg1692a_router_download_speed,0.00115945901423717,0.0020767732096256,"{""state_class"": ""measurement"", ""unit_of_measurement"": ""Mbit/s"", ""device_class"": ""data_rate"", ""friendly_name"": ""ARRIS TG1692A Router Download speed""}"
2025-07-03T21:53:02.724554,sensor.arris_tg1692a_router_upload_speed,0.000904260698546056,0.00145651454429571,"{""state_class"": ""measurement"", ""unit_of_measurement"": ""Mbit/s"", ""device_class"": ""data_rate"", ""friendly_name"": ""ARRIS TG1692A Router Upload speed""}"
2025-07-03T21:53:05.284076,automation.auto_banheiro,on,on,"{""id"": ""1747870075916"", ""last_triggered"": ""2025-07-04T00:53:05.272533+00:00"", ""mode"": ""single"", ""current"": 1, ""friendly_name"": ""auto-banheiro""}"
2025-07-03T21:53:05.287233,automation.auto_banheiro,on,on,"{""id"": ""1747870075916"", ""last_triggered"": ""2025-07-04T00:53:05.272533+00:00"", ""mode"": ""single"", ""current"": 0, ""friendly_name"": ""auto-banheiro""}"
2025-07-03T21:53:10.277072,automation.auto_banheiro,on,on,"{""id"": ""1747870075916"", ""last_triggered"": ""2025-07-04T00:53:10.272117+00:00"", ""mode"": ""single"", ""current"": 1, ""friendly_name"": ""auto-banheiro""}"
2025-07-03T21:53:10.278719,automation.auto_banheiro,on,on,"{""id"": ""1747870075916"", ""last_triggered"": ""2025-07-04T00:53:10.272117+00:00"", ""mode"": ""single"", ""current"": 0, ""friendly_name"": ""auto-banheiro""}"
2025-07-03T21:53:15.278219,automation.auto_banheiro,on,on,"{""id"": ""1747870075916"", ""last_triggered"": ""2025-07-04T00:53:15.271945+00:00"", ""mode"": ""single"", ""current"": 1, ""friendly_name"": ""auto-banheiro""}"
2025-07-03T21:53:15.280828,automation.auto_banheiro,on,on,"{""id"": ""1747870075916"", ""last_triggered"": ""2025-07-04T00:53:15.271945+00:00"", ""mode"": ""single"", ""current"": 0, ""friendly_name"": ""auto-banheiro""}"
2025-07-03T21:53:20.283658,automation.auto_banheiro,on,on,"{""id"": ""1747870075916"", ""last_triggered"": ""2025-07-04T00:53:20.271916+00:00"", ""mode"": ""single"", ""current"": 1, ""friendly_name"": ""auto-banheiro""}"
2025-07-03T21:53:20.285381,automation.auto_banheiro,on,on,"{""id"": ""1747870075916"", ""last_triggered"": ""2025-07-04T00:53:20.271916+00:00"", ""mode"": ""single"", ""current"": 0, ""friendly_name"": ""auto-banheiro""}"
2025-07-03T21:53:25.276773,automation.auto_banheiro,on,on,"{""id"": ""1747870075916"", ""last_triggered"": ""2025-07-04T00:53:25.271959+00:00"", ""mode"": ""single"", ""current"": 1, ""friendly_name"": ""auto-banheiro""}"
2025-07-03T21:53:25.278410,automation.auto_banheiro,on,on,"{""id"": ""1747870075916"", ""last_triggered"": ""2025-07-04T00:53:25.271959+00:00"", ""mode"": ""single"", ""current"": 0, ""friendly_name"": ""auto-banheiro""}"
2025-07-03T21:53:30.276858,automation.auto_banheiro,on,on,"{""id"": ""1747870075916"", ""last_triggered"": ""2025-07-04T00:53:30.272016+00:00"", ""mode"": ""single"", ""current"": 1, ""friendly_name"": ""auto-banheiro""}"
2025-07-03T21:53:30.278587,automation.auto_banheiro,on,on,"{""id"": ""1747870075916"", ""last_triggered"": ""2025-07-04T00:53:30.272016+00:00"", ""mode"": ""single"", ""current"": 0, ""friendly_name"": ""auto-banheiro""}"
2025-07-03T21:53:32.718292,sensor.arris_tg1692a_router_download_speed,0.0020767732096256,0.00255680997155889,"{""state_class"": ""measurement"", ""unit_of_measurement"": ""Mbit/s"", ""device_class"": ""data_rate"", ""friendly_name"": ""ARRIS TG1692A Router Download speed""}"
2025-07-03T21:53:32.719980,sensor.arris_tg1692a_router_upload_speed,0.00145651454429571,0.00130187174396647,"{""state_class"": ""measurement"", ""unit_of_measurement"": ""Mbit/s"", ""device_class"": ""data_rate"", ""friendly_name"": ""ARRIS TG1692A Router Upload speed""}"
2025-07-03T21:53:35.285318,automation.auto_banheiro,on,on,"{""id"": ""1747870075916"", ""last_triggered"": ""2025-07-04T00:53:35.272059+00:00"", ""mode"": ""single"", ""current"": 1, ""friendly_name"": ""auto-banheiro""}"
2025-07-03T21:53:35.288767,automation.auto_banheiro,on,on,"{""id"": ""1747870075916"", ""last_triggered"": ""2025-07-04T00:53:35.272059+00:00"", ""mode"": ""single"", ""current"": 0, ""friendly_name"": ""auto-banheiro""}"
2025-07-03T21:53:40.276879,automation.auto_banheiro,on,on,"{""id"": ""1747870075916"", ""last_triggered"": ""2025-07-04T00:53:40.272068+00:00"", ""mode"": ""single"", ""current"": 1, ""friendly_name"": ""auto-banheiro""}"
2025-07-03T21:53:40.278531,automation.auto_banheiro,on,on,"{""id"": ""1747870075916"", ""last_triggered"": ""2025-07-04T00:53:40.272068+00:00"", ""mode"": ""single"", ""current"": 0, ""friendly_name"": ""auto-banheiro""}"
2025-07-03T21:53:45.276956,automation.auto_banheiro,on,on,"{""id"": ""1747870075916"", ""last_triggered"": ""2025-07-04T00:53:45.272105+00:00"", ""mode"": ""single"", ""current"": 1, ""friendly_name"": ""auto-banheiro""}"
2025-07-03T21:53:45.278657,automation.auto_banheiro,on,on,"{""id"": ""1747870075916"", ""last_triggered"": ""2025-07-04T00:53:45.272105+00:00"", ""mode"": ""single"", ""current"": 0, ""friendly_name"": ""auto-banheiro""}"
2025-07-03T21:53:50.276017,automation.auto_banheiro,on,on,"{""id"": ""1747870075916"", ""last_triggered"": ""2025-07-04T00:53:50.271192+00:00"", ""mode"": ""single"", ""current"": 1, ""friendly_name"": ""auto-banheiro""}"
2025-07-03T21:53:50.277658,automation.auto_banheiro,on,on,"{""id"": ""1747870075916"", ""last_triggered"": ""2025-07-04T00:53:50.271192+00:00"", ""mode"": ""single"", ""current"": 0, ""friendly_name"": ""auto-banheiro""}"
2025-07-03T21:53:55.276536,automation.auto_banheiro,on,on,"{""id"": ""1747870075916"", ""last_triggered"": ""2025-07-04T00:53:55.271547+00:00"", ""mode"": ""single"", ""current"": 1, ""friendly_name"": ""auto-banheiro""}"
2025-07-03T21:53:55.279736,automation.auto_banheiro,on,on,"{""id"": ""1747870075916"", ""last_triggered"": ""2025-07-04T00:53:55.271547+00:00"", ""mode"": ""single"", ""current"": 0, ""friendly_name"": ""auto-banheiro""}"
2025-07-03T21:54:00.282810,automation.auto_banheiro,on,on,"{""id"": ""1747870075916"", ""last_triggered"": ""2025-07-04T00:54:00.271632+00:00"", ""mode"": ""single"", ""current"": 1, ""friendly_name"": ""auto-banheiro""}"
2025-07-03T21:54:00.287769,automation.auto_banheiro,on,on,"{""id"": ""1747870075916"", ""last_triggered"": ""2025-07-04T00:54:00.271632+00:00"", ""mode"": ""single"", ""current"": 0, ""friendly_name"": ""auto-banheiro""}"
2025-07-03T21:54:02.718441,sensor.arris_tg1692a_router_download_speed,0.00255680997155889,0.00199814059324416,"{""state_class"": ""measurement"", ""unit_of_measurement"": ""Mbit/s"", ""device_class"": ""data_rate"", ""friendly_name"": ""ARRIS TG1692A Router Download speed""}"
2025-07-03T21:54:02.720122,sensor.arris_tg1692a_router_upload_speed,0.00130187174396647,0.00139547173688064,"{""state_class"": ""measurement"", ""unit_of_measurement"": ""Mbit/s"", ""device_class"": ""data_rate"", ""friendly_name"": ""ARRIS TG1692A Router Upload speed""}"
2025-07-03T21:54:05.278889,automation.auto_banheiro,on,on,"{""id"": ""1747870075916"", ""last_triggered"": ""2025-07-04T00:54:05.272094+00:00"", ""mode"": ""single"", ""current"": 1, ""friendly_name"": ""auto-banheiro""}"
2025-07-03T21:54:05.280809,automation.auto_banheiro,on,on,"{""id"": ""1747870075916"", ""last_triggered"": ""2025-07-04T00:54:05.272094+00:00"", ""mode"": ""single"", ""current"": 0, ""friendly_name"": ""auto-banheiro""}"
2025-07-03T21:54:10.277365,automation.auto_banheiro,on,on,"{""id"": ""1747870075916"", ""last_triggered"": ""2025-07-04T00:54:10.272093+00:00"", ""mode"": ""single"", ""current"": 1, ""friendly_name"": ""auto-banheiro""}"
2025-07-03T21:54:10.279285,automation.auto_banheiro,on,on,"{""id"": ""1747870075916"", ""last_triggered"": ""2025-07-04T00:54:10.272093+00:00"", ""mode"": ""single"", ""current"": 0, ""friendly_name"": ""auto-banheiro""}"
2025-07-03T21:54:15.276618,automation.auto_banheiro,on,on,"{""id"": ""1747870075916"", ""last_triggered"": ""2025-07-04T00:54:15.271827+00:00"", ""mode"": ""single"", ""current"": 1, ""friendly_name"": ""auto-banheiro""}"
2025-07-03T21:54:15.278300,automation.auto_banheiro,on,on,"{""id"": ""1747870075916"", ""last_triggered"": ""2025-07-04T00:54:15.271827+00:00"", ""mode"": ""single"", ""current"": 0, ""friendly_name"": ""auto-banheiro""}"
2025-07-03T21:54:20.286064,automation.auto_banheiro,on,on,"{""id"": ""1747870075916"", ""last_triggered"": ""2025-07-04T00:54:20.273541+00:00"", ""mode"": ""single"", ""current"": 1, ""friendly_name"": ""auto-banheiro""}"
2025-07-03T21:54:20.289511,automation.auto_banheiro,on,on,"{""id"": ""1747870075916"", ""last_triggered"": ""2025-07-04T00:54:20.273541+00:00"", ""mode"": ""single"", ""current"": 0, ""friendly_name"": ""auto-banheiro""}"
2025-07-03T21:54:25.277099,automation.auto_banheiro,on,on,"{""id"": ""1747870075916"", ""last_triggered"": ""2025-07-04T00:54:25.271782+00:00"", ""mode"": ""single"", ""current"": 1, ""friendly_name"": ""auto-banheiro""}"
2025-07-03T21:54:25.279038,automation.auto_banheiro,on,on,"{""id"": ""1747870075916"", ""last_triggered"": ""2025-07-04T00:54:25.271782+00:00"", ""mode"": ""single"", ""current"": 0, ""friendly_name"": ""auto-banheiro""}"
2025-07-03T21:54:30.277524,automation.auto_banheiro,on,on,"{""id"": ""1747870075916"", ""last_triggered"": ""2025-07-04T00:54:30.271522+00:00"", ""mode"": ""single"", ""current"": 1, ""friendly_name"": ""auto-banheiro""}"
2025-07-03T21:54:30.279217,automation.auto_banheiro,on,on,"{""id"": ""1747870075916"", ""last_triggered"": ""2025-07-04T00:54:30.271522+00:00"", ""mode"": ""single"", ""current"": 0, ""friendly_name"": ""auto-banheiro""}"
2025-07-03T21:54:32.724726,sensor.arris_tg1692a_router_download_speed,0.00199814059324416,0.00114955758132525,"{""state_class"": ""measurement"", ""unit_of_measurement"": ""Mbit/s"", ""device_class"": ""data_rate"", ""friendly_name"": ""ARRIS TG1692A Router Download speed""}"
2025-07-03T21:54:32.728378,sensor.arris_tg1692a_router_upload_speed,0.00139547173688064,0.000887167263527976,"{""state_class"": ""measurement"", ""unit_of_measurement"": ""Mbit/s"", ""device_class"": ""data_rate"", ""friendly_name"": ""ARRIS TG1692A Router Upload speed""}"
2025-07-03T21:54:35.277336,automation.auto_banheiro,on,on,"{""id"": ""1747870075916"", ""last_triggered"": ""2025-07-04T00:54:35.271246+00:00"", ""mode"": ""single"", ""current"": 1, ""friendly_name"": ""auto-banheiro""}"
2025-07-03T21:54:35.280550,automation.auto_banheiro,on,on,"{""id"": ""1747870075916"", ""last_triggered"": ""2025-07-04T00:54:35.271246+00:00"", ""mode"": ""single"", ""current"": 0, ""friendly_name"": ""auto-banheiro""}"
2025-07-03T21:54:40.277141,automation.auto_banheiro,on,on,"{""id"": ""1747870075916"", ""last_triggered"": ""2025-07-04T00:54:40.272258+00:00"", ""mode"": ""single"", ""current"": 1, ""friendly_name"": ""auto-banheiro""}"
2025-07-03T21:54:40.278790,automation.auto_banheiro,on,on,"{""id"": ""1747870075916"", ""last_triggered"": ""2025-07-04T00:54:40.272258+00:00"", ""mode"": ""single"", ""current"": 0, ""friendly_name"": ""auto-banheiro""}"
2025-07-03T21:54:45.285857,automation.auto_banheiro,on,on,"{""id"": ""1747870075916"", ""last_triggered"": ""2025-07-04T00:54:45.272025+00:00"", ""mode"": ""single"", ""current"": 1, ""friendly_name"": ""auto-banheiro""}"
2025-07-03T21:54:45.289519,automation.auto_banheiro,on,on,"{""id"": ""1747870075916"", ""last_triggered"": ""2025-07-04T00:54:45.272025+00:00"", ""mode"": ""single"", ""current"": 0, ""friendly_name"": ""auto-banheiro""}"
2025-07-03T21:54:50.277537,automation.auto_banheiro,on,on,"{""id"": ""1747870075916"", ""last_triggered"": ""2025-07-04T00:54:50.272044+00:00"", ""mode"": ""single"", ""current"": 1, ""friendly_name"": ""auto-banheiro""}"
2025-07-03T21:54:50.278976,automation.auto_banheiro,on,on,"{""id"": ""1747870075916"", ""last_triggered"": ""2025-07-04T00:54:50.272044+00:00"", ""mode"": ""single"", ""current"": 0, ""friendly_name"": ""auto-banheiro""}"
2025-07-03T21:54:55.277785,automation.auto_banheiro,on,on,"{""id"": ""1747870075916"", ""last_triggered"": ""2025-07-04T00:54:55.272994+00:00"", ""mode"": ""single"", ""current"": 1, ""friendly_name"": ""auto-banheiro""}"
2025-07-03T21:54:55.279534,automation.auto_banheiro,on,on,"{""id"": ""1747870075916"", ""last_triggered"": ""2025-07-04T00:54:55.272994+00:00"", ""mode"": ""single"", ""current"": 0, ""friendly_name"": ""auto-banheiro""}"
2025-07-03T21:55:00.279789,automation.auto_banheiro,on,on,"{""id"": ""1747870075916"", ""last_triggered"": ""2025-07-04T00:55:00.272784+00:00"", ""mode"": ""single"", ""current"": 1, ""friendly_name"": ""auto-banheiro""}"
2025-07-03T21:55:00.281552,automation.auto_banheiro,on,on,"{""id"": ""1747870075916"", ""last_triggered"": ""2025-07-04T00:55:00.272784+00:00"", ""mode"": ""single"", ""current"": 0, ""friendly_name"": ""auto-banheiro""}"
2025-07-03T21:55:02.729924,sensor.arris_tg1692a_router_download_speed,0.00114955758132525,0.00192701086340374,"{""state_class"": ""measurement"", ""unit_of_measurement"": ""Mbit/s"", ""device_class"": ""data_rate"", ""friendly_name"": ""ARRIS TG1692A Router Download speed""}"
2025-07-03T21:55:02.734143,sensor.arris_tg1692a_router_upload_speed,0.000887167263527976,0.00133632043129202,"{""state_class"": ""measurement"", ""unit_of_measurement"": ""Mbit/s"", ""device_class"": ""data_rate"", ""friendly_name"": ""ARRIS TG1692A Router Upload speed""}"
2025-07-03T21:55:05.277789,automation.auto_banheiro,on,on,"{""id"": ""1747870075916"", ""last_triggered"": ""2025-07-04T00:55:05.272088+00:00"", ""mode"": ""single"", ""current"": 1, ""friendly_name"": ""auto-banheiro""}"
2025-07-03T21:55:05.280046,automation.auto_banheiro,on,on,"{""id"": ""1747870075916"", ""last_triggered"": ""2025-07-04T00:55:05.272088+00:00"", ""mode"": ""single"", ""current"": 0, ""friendly_name"": ""auto-banheiro""}"
2025-07-03T21:55:10.276144,automation.auto_banheiro,on,on,"{""id"": ""1747870075916"", ""last_triggered"": ""2025-07-04T00:55:10.271390+00:00"", ""mode"": ""single"", ""current"": 1, ""friendly_name"": ""auto-banheiro""}"
2025-07-03T21:55:10.277782,automation.auto_banheiro,on,on,"{""id"": ""1747870075916"", ""last_triggered"": ""2025-07-04T00:55:10.271390+00:00"", ""mode"": ""single"", ""current"": 0, ""friendly_name"": ""auto-banheiro""}"
2025-07-03T21:55:15.283957,automation.auto_banheiro,on,on,"{""id"": ""1747870075916"", ""last_triggered"": ""2025-07-04T00:55:15.272554+00:00"", ""mode"": ""single"", ""current"": 1, ""friendly_name"": ""auto-banheiro""}"
2025-07-03T21:55:15.290088,automation.auto_banheiro,on,on,"{""id"": ""1747870075916"", ""last_triggered"": ""2025-07-04T00:55:15.272554+00:00"", ""mode"": ""single"", ""current"": 0, ""friendly_name"": ""auto-banheiro""}"
2025-07-03T21:55:20.278281,automation.auto_banheiro,on,on,"{""id"": ""1747870075916"", ""last_triggered"": ""2025-07-04T00:55:20.271428+00:00"", ""mode"": ""single"", ""current"": 1, ""friendly_name"": ""auto-banheiro""}"
2025-07-03T21:55:20.279862,automation.auto_banheiro,on,on,"{""id"": ""1747870075916"", ""last_triggered"": ""2025-07-04T00:55:20.271428+00:00"", ""mode"": ""single"", ""current"": 0, ""friendly_name"": ""auto-banheiro""}"
2025-07-03T21:55:25.277916,automation.auto_banheiro,on,on,"{""id"": ""1747870075916"", ""last_triggered"": ""2025-07-04T00:55:25.272016+00:00"", ""mode"": ""single"", ""current"": 1, ""friendly_name"": ""auto-banheiro""}"
2025-07-03T21:55:25.279868,automation.auto_banheiro,on,on,"{""id"": ""1747870075916"", ""last_triggered"": ""2025-07-04T00:55:25.272016+00:00"", ""mode"": ""single"", ""current"": 0, ""friendly_name"": ""auto-banheiro""}"
2025-07-03T21:55:30.276789,automation.auto_banheiro,on,on,"{""id"": ""1747870075916"", ""last_triggered"": ""2025-07-04T00:55:30.271833+00:00"", ""mode"": ""single"", ""current"": 1, ""friendly_name"": ""auto-banheiro""}"
2025-07-03T21:55:30.278442,automation.auto_banheiro,on,on,"{""id"": ""1747870075916"", ""last_triggered"": ""2025-07-04T00:55:30.271833+00:00"", ""mode"": ""single"", ""current"": 0, ""friendly_name"": ""auto-banheiro""}"
2025-07-03T21:55:32.726942,sensor.arris_tg1692a_router_download_speed,0.00192701086340374,0.00150743460855732,"{""state_class"": ""measurement"", ""unit_of_measurement"": ""Mbit/s"", ""device_class"": ""data_rate"", ""friendly_name"": ""ARRIS TG1692A Router Download speed""}"
2025-07-03T21:55:32.728950,sensor.arris_tg1692a_router_upload_speed,0.00133632043129202,0.00105597754287759,"{""state_class"": ""measurement"", ""unit_of_measurement"": ""Mbit/s"", ""device_class"": ""data_rate"", ""friendly_name"": ""ARRIS TG1692A Router Upload speed""}"
2025-07-03T21:55:35.279225,automation.auto_banheiro,on,on,"{""id"": ""1747870075916"", ""last_triggered"": ""2025-07-04T00:55:35.271855+00:00"", ""mode"": ""single"", ""current"": 1, ""friendly_name"": ""auto-banheiro""}"
2025-07-03T21:55:35.282129,automation.auto_banheiro,on,on,"{""id"": ""1747870075916"", ""last_triggered"": ""2025-07-04T00:55:35.271855+00:00"", ""mode"": ""single"", ""current"": 0, ""friendly_name"": ""auto-banheiro""}"
2025-07-03T21:55:40.279087,automation.auto_banheiro,on,on,"{""id"": ""1747870075916"", ""last_triggered"": ""2025-07-04T00:55:40.271925+00:00"", ""mode"": ""single"", ""current"": 1, ""friendly_name"": ""auto-banheiro""}"
2025-07-03T21:55:40.281955,automation.auto_banheiro,on,on,"{""id"": ""1747870075916"", ""last_triggered"": ""2025-07-04T00:55:40.271925+00:00"", ""mode"": ""single"", ""current"": 0, ""friendly_name"": ""auto-banheiro""}"
2025-07-03T21:55:41.235524,sun.sun,below_horizon,below_horizon,"{""next_dawn"": ""2025-07-04T08:33:54.986212+00:00"", ""next_dusk"": ""2025-07-04T20:43:18.243884+00:00"", ""next_midnight"": ""2025-07-04T02:38:35+00:00"", ""next_noon"": ""2025-07-04T14:38:28+00:00"", ""next_rising"": ""2025-07-04T08:57:20.754870+00:00"", ""next_setting"": ""2025-07-04T20:19:52.740998+00:00"", ""elevation"": -63.69, ""azimuth"": 295.64, ""rising"": false, ""friendly_name"": ""Sun""}"
2025-07-03T21:55:45.276255,automation.auto_banheiro,on,on,"{""id"": ""1747870075916"", ""last_triggered"": ""2025-07-04T00:55:45.271268+00:00"", ""mode"": ""single"", ""current"": 1, ""friendly_name"": ""auto-banheiro""}"
2025-07-03T21:55:45.277856,automation.auto_banheiro,on,on,"{""id"": ""1747870075916"", ""last_triggered"": ""2025-07-04T00:55:45.271268+00:00"", ""mode"": ""single"", ""current"": 0, ""friendly_name"": ""auto-banheiro""}"
2025-07-03T21:55:50.282989,automation.auto_banheiro,on,on,"{""id"": ""1747870075916"", ""last_triggered"": ""2025-07-04T00:55:50.272577+00:00"", ""mode"": ""single"", ""current"": 1, ""friendly_name"": ""auto-banheiro""}"
2025-07-03T21:55:50.286535,automation.auto_banheiro,on,on,"{""id"": ""1747870075916"", ""last_triggered"": ""2025-07-04T00:55:50.272577+00:00"", ""mode"": ""single"", ""current"": 0, ""friendly_name"": ""auto-banheiro""}"
2025-07-03T21:55:55.276222,automation.auto_banheiro,on,on,"{""id"": ""1747870075916"", ""last_triggered"": ""2025-07-04T00:55:55.271341+00:00"", ""mode"": ""single"", ""current"": 1, ""friendly_name"": ""auto-banheiro""}"
2025-07-03T21:55:55.277831,automation.auto_banheiro,on,on,"{""id"": ""1747870075916"", ""last_triggered"": ""2025-07-04T00:55:55.271341+00:00"", ""mode"": ""single"", ""current"": 0, ""friendly_name"": ""auto-banheiro""}"
2025-07-03T21:55:56.421120,camera.192_168_0_33,idle,idle,"{""access_token"": ""5a5c64092ab7cfbc7526c2f80e9891f470c95e46faa5d72dbb5decf76038b5e8"", ""entity_picture"": ""/api/camera_proxy/camera.192_168_0_33?token=5a5c64092ab7cfbc7526c2f80e9891f470c95e46faa5d72dbb5decf76038b5e8"", ""friendly_name"": ""192_168_0_14"", ""supported_features"": 2}"
2025-07-03T21:55:56.422822,camera.admin_mainstream,idle,idle,"{""access_token"": ""4b43de24d5a036d74caadccef160bf4b1aea30ccc80f8251d3092c015f63c310"", ""entity_picture"": ""/api/camera_proxy/camera.admin_mainstream?token=4b43de24d5a036d74caadccef160bf4b1aea30ccc80f8251d3092c015f63c310"", ""friendly_name"": ""admin MainStream"", ""supported_features"": 2}"
2025-07-03T21:55:56.424583,camera.admin_substream,idle,idle,"{""access_token"": ""257a66f5d7d5da340cbb274355c0a3679fca29f30252bdd8fe5a4c7794d8e10a"", ""entity_picture"": ""/api/camera_proxy/camera.admin_substream?token=257a66f5d7d5da340cbb274355c0a3679fca29f30252bdd8fe5a4c7794d8e10a"", ""friendly_name"": ""admin SubStream"", ""supported_features"": 2}"
2025-07-03T21:56:00.277516,automation.auto_banheiro,on,on,"{""id"": ""1747870075916"", ""last_triggered"": ""2025-07-04T00:56:00.272212+00:00"", ""mode"": ""single"", ""current"": 1, ""friendly_name"": ""auto-banheiro""}"
2025-07-03T21:56:00.279430,automation.auto_banheiro,on,on,"{""id"": ""1747870075916"", ""last_triggered"": ""2025-07-04T00:56:00.272212+00:00"", ""mode"": ""single"", ""current"": 0, ""friendly_name"": ""auto-banheiro""}"
2025-07-03T21:56:02.716443,sensor.arris_tg1692a_router_download_speed,0.00150743460855732,0.00215952662952275,"{""state_class"": ""measurement"", ""unit_of_measurement"": ""Mbit/s"", ""device_class"": ""data_rate"", ""friendly_name"": ""ARRIS TG1692A Router Download speed""}"
2025-07-03T21:56:02.717916,sensor.arris_tg1692a_router_upload_speed,0.00105597754287759,0.00156644349491438,"{""state_class"": ""measurement"", ""unit_of_measurement"": ""Mbit/s"", ""device_class"": ""data_rate"", ""friendly_name"": ""ARRIS TG1692A Router Upload speed""}"
2025-07-03T21:56:05.279357,automation.auto_banheiro,on,on,"{""id"": ""1747870075916"", ""last_triggered"": ""2025-07-04T00:56:05.273462+00:00"", ""mode"": ""single"", ""current"": 1, ""friendly_name"": ""auto-banheiro""}"
2025-07-03T21:56:05.281249,automation.auto_banheiro,on,on,"{""id"": ""1747870075916"", ""last_triggered"": ""2025-07-04T00:56:05.273462+00:00"", ""mode"": ""single"", ""current"": 0, ""friendly_name"": ""auto-banheiro""}"
2025-07-03T21:56:10.277286,automation.auto_banheiro,on,on,"{""id"": ""1747870075916"", ""last_triggered"": ""2025-07-04T00:56:10.271704+00:00"", ""mode"": ""single"", ""current"": 1, ""friendly_name"": ""auto-banheiro""}"
2025-07-03T21:56:10.278693,automation.auto_banheiro,on,on,"{""id"": ""1747870075916"", ""last_triggered"": ""2025-07-04T00:56:10.271704+00:00"", ""mode"": ""single"", ""current"": 0, ""friendly_name"": ""auto-banheiro""}"
2025-07-03T21:56:15.276143,automation.auto_banheiro,on,on,"{""id"": ""1747870075916"", ""last_triggered"": ""2025-07-04T00:56:15.271213+00:00"", ""mode"": ""single"", ""current"": 1, ""friendly_name"": ""auto-banheiro""}"
2025-07-03T21:56:15.278064,automation.auto_banheiro,on,on,"{""id"": ""1747870075916"", ""last_triggered"": ""2025-07-04T00:56:15.271213+00:00"", ""mode"": ""single"", ""current"": 0, ""friendly_name"": ""auto-banheiro""}"
2025-07-03T21:56:20.277927,automation.auto_banheiro,on,on,"{""id"": ""1747870075916"", ""last_triggered"": ""2025-07-04T00:56:20.271951+00:00"", ""mode"": ""single"", ""current"": 1, ""friendly_name"": ""auto-banheiro""}"
2025-07-03T21:56:20.279848,automation.auto_banheiro,on,on,"{""id"": ""1747870075916"", ""last_triggered"": ""2025-07-04T00:56:20.271951+00:00"", ""mode"": ""single"", ""current"": 0, ""friendly_name"": ""auto-banheiro""}"
2025-07-03T21:56:25.282501,automation.auto_banheiro,on,on,"{""id"": ""1747870075916"", ""last_triggered"": ""2025-07-04T00:56:25.272049+00:00"", ""mode"": ""single"", ""current"": 1, ""friendly_name"": ""auto-banheiro""}"
2025-07-03T21:56:25.286654,automation.auto_banheiro,on,on,"{""id"": ""1747870075916"", ""last_triggered"": ""2025-07-04T00:56:25.272049+00:00"", ""mode"": ""single"", ""current"": 0, ""friendly_name"": ""auto-banheiro""}"
2025-07-03T21:56:30.276328,automation.auto_banheiro,on,on,"{""id"": ""1747870075916"", ""last_triggered"": ""2025-07-04T00:56:30.271522+00:00"", ""mode"": ""single"", ""current"": 1, ""friendly_name"": ""auto-banheiro""}"
2025-07-03T21:56:30.277982,automation.auto_banheiro,on,on,"{""id"": ""1747870075916"", ""last_triggered"": ""2025-07-04T00:56:30.271522+00:00"", ""mode"": ""single"", ""current"": 0, ""friendly_name"": ""auto-banheiro""}"
2025-07-03T21:56:32.722513,sensor.arris_tg1692a_router_download_speed,0.00215952662952275,0.00225169813178587,"{""state_class"": ""measurement"", ""unit_of_measurement"": ""Mbit/s"", ""device_class"": ""data_rate"", ""friendly_name"": ""ARRIS TG1692A Router Download speed""}"
2025-07-03T21:56:32.726617,sensor.arris_tg1692a_router_upload_speed,0.00156644349491438,0.00120291452776955,"{""state_class"": ""measurement"", ""unit_of_measurement"": ""Mbit/s"", ""device_class"": ""data_rate"", ""friendly_name"": ""ARRIS TG1692A Router Upload speed""}"
2025-07-03T21:56:35.282240,automation.auto_banheiro,on,on,"{""id"": ""1747870075916"", ""last_triggered"": ""2025-07-04T00:56:35.272454+00:00"", ""mode"": ""single"", ""current"": 1, ""friendly_name"": ""auto-banheiro""}"
2025-07-03T21:56:35.286630,automation.auto_banheiro,on,on,"{""id"": ""1747870075916"", ""last_triggered"": ""2025-07-04T00:56:35.272454+00:00"", ""mode"": ""single"", ""current"": 0, ""friendly_name"": ""auto-banheiro""}"
2025-07-03T21:56:40.277728,automation.auto_banheiro,on,on,"{""id"": ""1747870075916"", ""last_triggered"": ""2025-07-04T00:56:40.272577+00:00"", ""mode"": ""single"", ""current"": 1, ""friendly_name"": ""auto-banheiro""}"
2025-07-03T21:56:40.279704,automation.auto_banheiro,on,on,"{""id"": ""1747870075916"", ""last_triggered"": ""2025-07-04T00:56:40.272577+00:00"", ""mode"": ""single"", ""current"": 0, ""friendly_name"": ""auto-banheiro""}"
2025-07-03T21:56:45.283519,automation.auto_banheiro,on,on,"{""id"": ""1747870075916"", ""last_triggered"": ""2025-07-04T00:56:45.272089+00:00"", ""mode"": ""single"", ""current"": 1, ""friendly_name"": ""auto-banheiro""}"
2025-07-03T21:56:45.286892,automation.auto_banheiro,on,on,"{""id"": ""1747870075916"", ""last_triggered"": ""2025-07-04T00:56:45.272089+00:00"", ""mode"": ""single"", ""current"": 0, ""friendly_name"": ""auto-banheiro""}"
2025-07-03T21:56:50.282947,automation.auto_banheiro,on,on,"{""id"": ""1747870075916"", ""last_triggered"": ""2025-07-04T00:56:50.272210+00:00"", ""mode"": ""single"", ""current"": 1, ""friendly_name"": ""auto-banheiro""}"
2025-07-03T21:56:50.286922,automation.auto_banheiro,on,on,"{""id"": ""1747870075916"", ""last_triggered"": ""2025-07-04T00:56:50.272210+00:00"", ""mode"": ""single"", ""current"": 0, ""friendly_name"": ""auto-banheiro""}"
2025-07-03T21:56:55.277588,automation.auto_banheiro,on,on,"{""id"": ""1747870075916"", ""last_triggered"": ""2025-07-04T00:56:55.271636+00:00"", ""mode"": ""single"", ""current"": 1, ""friendly_name"": ""auto-banheiro""}"
2025-07-03T21:56:55.279133,automation.auto_banheiro,on,on,"{""id"": ""1747870075916"", ""last_triggered"": ""2025-07-04T00:56:55.271636+00:00"", ""mode"": ""single"", ""current"": 0, ""friendly_name"": ""auto-banheiro""}"
2025-07-03T21:57:00.277662,automation.auto_banheiro,on,on,"{""id"": ""1747870075916"", ""last_triggered"": ""2025-07-04T00:57:00.271931+00:00"", ""mode"": ""single"", ""current"": 1, ""friendly_name"": ""auto-banheiro""}"
2025-07-03T21:57:00.280954,automation.auto_banheiro,on,on,"{""id"": ""1747870075916"", ""last_triggered"": ""2025-07-04T00:57:00.271931+00:00"", ""mode"": ""single"", ""current"": 0, ""friendly_name"": ""auto-banheiro""}"
2025-07-03T21:57:02.718976,sensor.arris_tg1692a_router_download_speed,0.00225169813178587,0.00200986733662245,"{""state_class"": ""measurement"", ""unit_of_measurement"": ""Mbit/s"", ""device_class"": ""data_rate"", ""friendly_name"": ""ARRIS TG1692A Router Download speed""}"
2025-07-03T21:57:02.720733,sensor.arris_tg1692a_router_upload_speed,0.00120291452776955,0.00140106713368904,"{""state_class"": ""measurement"", ""unit_of_measurement"": ""Mbit/s"", ""device_class"": ""data_rate"", ""friendly_name"": ""ARRIS TG1692A Router Upload speed""}"
2025-07-03T21:57:05.282082,automation.auto_banheiro,on,on,"{""id"": ""1747870075916"", ""last_triggered"": ""2025-07-04T00:57:05.272375+00:00"", ""mode"": ""single"", ""current"": 1, ""friendly_name"": ""auto-banheiro""}"
2025-07-03T21:57:05.285537,automation.auto_banheiro,on,on,"{""id"": ""1747870075916"", ""last_triggered"": ""2025-07-04T00:57:05.272375+00:00"", ""mode"": ""single"", ""current"": 0, ""friendly_name"": ""auto-banheiro""}"
2025-07-03T21:57:10.283255,automation.auto_banheiro,on,on,"{""id"": ""1747870075916"", ""last_triggered"": ""2025-07-04T00:57:10.271938+00:00"", ""mode"": ""single"", ""current"": 1, ""friendly_name"": ""auto-banheiro""}"
2025-07-03T21:57:10.287149,automation.auto_banheiro,on,on,"{""id"": ""1747870075916"", ""last_triggered"": ""2025-07-04T00:57:10.271938+00:00"", ""mode"": ""single"", ""current"": 0, ""friendly_name"": ""auto-banheiro""}"
2025-07-03T21:57:15.276845,automation.auto_banheiro,on,on,"{""id"": ""1747870075916"", ""last_triggered"": ""2025-07-04T00:57:15.272047+00:00"", ""mode"": ""single"", ""current"": 1, ""friendly_name"": ""auto-banheiro""}"
2025-07-03T21:57:15.278465,automation.auto_banheiro,on,on,"{""id"": ""1747870075916"", ""last_triggered"": ""2025-07-04T00:57:15.272047+00:00"", ""mode"": ""single"", ""current"": 0, ""friendly_name"": ""auto-banheiro""}"
2025-07-03T21:57:20.281561,automation.auto_banheiro,on,on,"{""id"": ""1747870075916"", ""last_triggered"": ""2025-07-04T00:57:20.272785+00:00"", ""mode"": ""single"", ""current"": 1, ""friendly_name"": ""auto-banheiro""}"
2025-07-03T21:57:20.284163,automation.auto_banheiro,on,on,"{""id"": ""1747870075916"", ""last_triggered"": ""2025-07-04T00:57:20.272785+00:00"", ""mode"": ""single"", ""current"": 0, ""friendly_name"": ""auto-banheiro""}"
2025-07-03T21:57:25.283606,automation.auto_banheiro,on,on,"{""id"": ""1747870075916"", ""last_triggered"": ""2025-07-04T00:57:25.273005+00:00"", ""mode"": ""single"", ""current"": 1, ""friendly_name"": ""auto-banheiro""}"
2025-07-03T21:57:25.286954,automation.auto_banheiro,on,on,"{""id"": ""1747870075916"", ""last_triggered"": ""2025-07-04T00:57:25.273005+00:00"", ""mode"": ""single"", ""current"": 0, ""friendly_name"": ""auto-banheiro""}"
2025-07-03T21:57:30.276059,automation.auto_banheiro,on,on,"{""id"": ""1747870075916"", ""last_triggered"": ""2025-07-04T00:57:30.271113+00:00"", ""mode"": ""single"", ""current"": 1, ""friendly_name"": ""auto-banheiro""}"
2025-07-03T21:57:30.277700,automation.auto_banheiro,on,on,"{""id"": ""1747870075916"", ""last_triggered"": ""2025-07-04T00:57:30.271113+00:00"", ""mode"": ""single"", ""current"": 0, ""friendly_name"": ""auto-banheiro""}"
2025-07-03T21:57:32.741819,sensor.arris_tg1692a_router_download_speed,0.00200986733662245,0.00136934483582995,"{""state_class"": ""measurement"", ""unit_of_measurement"": ""Mbit/s"", ""device_class"": ""data_rate"", ""friendly_name"": ""ARRIS TG1692A Router Download speed""}"
2025-07-03T21:57:32.743512,sensor.arris_tg1692a_router_upload_speed,0.00140106713368904,0.00111067599634504,"{""state_class"": ""measurement"", ""unit_of_measurement"": ""Mbit/s"", ""device_class"": ""data_rate"", ""friendly_name"": ""ARRIS TG1692A Router Upload speed""}"
2025-07-03T21:57:35.280090,automation.auto_banheiro,on,on,"{""id"": ""1747870075916"", ""last_triggered"": ""2025-07-04T00:57:35.272259+00:00"", ""mode"": ""single"", ""current"": 1, ""friendly_name"": ""auto-banheiro""}"
2025-07-03T21:57:35.282812,automation.auto_banheiro,on,on,"{""id"": ""1747870075916"", ""last_triggered"": ""2025-07-04T00:57:35.272259+00:00"", ""mode"": ""single"", ""current"": 0, ""friendly_name"": ""auto-banheiro""}"
2025-07-03T21:57:40.278718,automation.auto_banheiro,on,on,"{""id"": ""1747870075916"", ""last_triggered"": ""2025-07-04T00:57:40.271693+00:00"", ""mode"": ""single"", ""current"": 1, ""friendly_name"": ""auto-banheiro""}"
2025-07-03T21:57:40.280403,automation.auto_banheiro,on,on,"{""id"": ""1747870075916"", ""last_triggered"": ""2025-07-04T00:57:40.271693+00:00"", ""mode"": ""single"", ""current"": 0, ""friendly_name"": ""auto-banheiro""}"
2025-07-03T21:57:45.278585,automation.auto_banheiro,on,on,"{""id"": ""1747870075916"", ""last_triggered"": ""2025-07-04T00:57:45.271857+00:00"", ""mode"": ""single"", ""current"": 1, ""friendly_name"": ""auto-banheiro""}"
2025-07-03T21:57:45.280230,automation.auto_banheiro,on,on,"{""id"": ""1747870075916"", ""last_triggered"": ""2025-07-04T00:57:45.271857+00:00"", ""mode"": ""single"", ""current"": 0, ""friendly_name"": ""auto-banheiro""}"
2025-07-03T21:57:50.284203,automation.auto_banheiro,on,on,"{""id"": ""1747870075916"", ""last_triggered"": ""2025-07-04T00:57:50.273395+00:00"", ""mode"": ""single"", ""current"": 1, ""friendly_name"": ""auto-banheiro""}"
2025-07-03T21:57:50.287782,automation.auto_banheiro,on,on,"{""id"": ""1747870075916"", ""last_triggered"": ""2025-07-04T00:57:50.273395+00:00"", ""mode"": ""single"", ""current"": 0, ""friendly_name"": ""auto-banheiro""}"
2025-07-03T21:57:55.276826,automation.auto_banheiro,on,on,"{""id"": ""1747870075916"", ""last_triggered"": ""2025-07-04T00:57:55.271995+00:00"", ""mode"": ""single"", ""current"": 1, ""friendly_name"": ""auto-banheiro""}"
2025-07-03T21:57:55.278419,automation.auto_banheiro,on,on,"{""id"": ""1747870075916"", ""last_triggered"": ""2025-07-04T00:57:55.271995+00:00"", ""mode"": ""single"", ""current"": 0, ""friendly_name"": ""auto-banheiro""}"
2025-07-03T21:58:00.282053,automation.auto_banheiro,on,on,"{""id"": ""1747870075916"", ""last_triggered"": ""2025-07-04T00:58:00.271673+00:00"", ""mode"": ""single"", ""current"": 1, ""friendly_name"": ""auto-banheiro""}"
2025-07-03T21:58:00.287987,automation.auto_banheiro,on,on,"{""id"": ""1747870075916"", ""last_triggered"": ""2025-07-04T00:58:00.271673+00:00"", ""mode"": ""single"", ""current"": 0, ""friendly_name"": ""auto-banheiro""}"
2025-07-03T21:58:02.717172,sensor.arris_tg1692a_router_download_speed,0.00136934483582995,0.0020647570530533,"{""state_class"": ""measurement"", ""unit_of_measurement"": ""Mbit/s"", ""device_class"": ""data_rate"", ""friendly_name"": ""ARRIS TG1692A Router Download speed""}"
2025-07-03T21:58:02.719070,sensor.arris_tg1692a_router_upload_speed,0.00111067599634504,0.00153676803522487,"{""state_class"": ""measurement"", ""unit_of_measurement"": ""Mbit/s"", ""device_class"": ""data_rate"", ""friendly_name"": ""ARRIS TG1692A Router Upload speed""}"
2025-07-03T21:58:05.285171,automation.auto_banheiro,on,on,"{""id"": ""1747870075916"", ""last_triggered"": ""2025-07-04T00:58:05.273272+00:00"", ""mode"": ""single"", ""current"": 1, ""friendly_name"": ""auto-banheiro""}"
2025-07-03T21:58:05.288709,automation.auto_banheiro,on,on,"{""id"": ""1747870075916"", ""last_triggered"": ""2025-07-04T00:58:05.273272+00:00"", ""mode"": ""single"", ""current"": 0, ""friendly_name"": ""auto-banheiro""}"
2025-07-03T21:58:10.283407,automation.auto_banheiro,on,on,"{""id"": ""1747870075916"", ""last_triggered"": ""2025-07-04T00:58:10.271754+00:00"", ""mode"": ""single"", ""current"": 1, ""friendly_name"": ""auto-banheiro""}"
2025-07-03T21:58:10.286880,automation.auto_banheiro,on,on,"{""id"": ""1747870075916"", ""last_triggered"": ""2025-07-04T00:58:10.271754+00:00"", ""mode"": ""single"", ""current"": 0, ""friendly_name"": ""auto-banheiro""}"
2025-07-03T21:58:10.841228,sensor.tauntaum_energy,204.569,204.577,"{""state_class"": ""total_increasing"", ""unit_of_measurement"": ""kWh"", ""device_class"": ""energy"", ""friendly_name"": ""Tauntaum Energy""}"
2025-07-03T21:58:10.845137,sensor.tauntaum_power,35,35,"{""state_class"": ""measurement"", ""power_consumption_start"": ""2025-07-04T00:43:39Z"", ""power_consumption_end"": ""2025-07-04T00:58:10Z"", ""unit_of_measurement"": ""W"", ""device_class"": ""power"", ""friendly_name"": ""Tauntaum Power""}"
2025-07-03T21:58:10.848726,sensor.tauntaum_energy_difference,0.007,0.008,"{""state_class"": ""total"", ""unit_of_measurement"": ""kWh"", ""device_class"": ""energy"", ""friendly_name"": ""Tauntaum Energy difference""}"
2025-07-03T21:58:10.852132,sensor.tauntaum_power_energy,0.00633343499978383,0.00847465694348017,"{""state_class"": ""total"", ""unit_of_measurement"": ""kWh"", ""device_class"": ""energy"", ""friendly_name"": ""Tauntaum Power energy""}"
2025-07-03T21:58:15.278232,automation.auto_banheiro,on,on,"{""id"": ""1747870075916"", ""last_triggered"": ""2025-07-04T00:58:15.272084+00:00"", ""mode"": ""single"", ""current"": 1, ""friendly_name"": ""auto-banheiro""}"
2025-07-03T21:58:15.280201,automation.auto_banheiro,on,on,"{""id"": ""1747870075916"", ""last_triggered"": ""2025-07-04T00:58:15.272084+00:00"", ""mode"": ""single"", ""current"": 0, ""friendly_name"": ""auto-banheiro""}"
2025-07-03T21:58:20.278656,automation.auto_banheiro,on,on,"{""id"": ""1747870075916"", ""last_triggered"": ""2025-07-04T00:58:20.272155+00:00"", ""mode"": ""single"", ""current"": 1, ""friendly_name"": ""auto-banheiro""}"
2025-07-03T21:58:20.281031,automation.auto_banheiro,on,on,"{""id"": ""1747870075916"", ""last_triggered"": ""2025-07-04T00:58:20.272155+00:00"", ""mode"": ""single"", ""current"": 0, ""friendly_name"": ""auto-banheiro""}"
2025-07-03T21:58:25.276706,automation.auto_banheiro,on,on,"{""id"": ""1747870075916"", ""last_triggered"": ""2025-07-04T00:58:25.271938+00:00"", ""mode"": ""single"", ""current"": 1, ""friendly_name"": ""auto-banheiro""}"
2025-07-03T21:58:25.278283,automation.auto_banheiro,on,on,"{""id"": ""1747870075916"", ""last_triggered"": ""2025-07-04T00:58:25.271938+00:00"", ""mode"": ""single"", ""current"": 0, ""friendly_name"": ""auto-banheiro""}"
2025-07-03T21:58:30.285092,automation.auto_banheiro,on,on,"{""id"": ""1747870075916"", ""last_triggered"": ""2025-07-04T00:58:30.272218+00:00"", ""mode"": ""single"", ""current"": 1, ""friendly_name"": ""auto-banheiro""}"
2025-07-03T21:58:30.289082,automation.auto_banheiro,on,on,"{""id"": ""1747870075916"", ""last_triggered"": ""2025-07-04T00:58:30.272218+00:00"", ""mode"": ""single"", ""current"": 0, ""friendly_name"": ""auto-banheiro""}"
2025-07-03T21:58:32.715164,sensor.arris_tg1692a_router_download_speed,0.0020647570530533,0.001378134114276,"{""state_class"": ""measurement"", ""unit_of_measurement"": ""Mbit/s"", ""device_class"": ""data_rate"", ""friendly_name"": ""ARRIS TG1692A Router Download speed""}"
2025-07-03T21:58:32.717059,sensor.arris_tg1692a_router_upload_speed,0.00153676803522487,0.00120720068408039,"{""state_class"": ""measurement"", ""unit_of_measurement"": ""Mbit/s"", ""device_class"": ""data_rate"", ""friendly_name"": ""ARRIS TG1692A Router Upload speed""}"
2025-07-03T21:58:35.276881,automation.auto_banheiro,on,on,"{""id"": ""1747870075916"", ""last_triggered"": ""2025-07-04T00:58:35.272071+00:00"", ""mode"": ""single"", ""current"": 1, ""friendly_name"": ""auto-banheiro""}"
2025-07-03T21:58:35.278548,automation.auto_banheiro,on,on,"{""id"": ""1747870075916"", ""last_triggered"": ""2025-07-04T00:58:35.272071+00:00"", ""mode"": ""single"", ""current"": 0, ""friendly_name"": ""auto-banheiro""}"
2025-07-03T21:58:40.277528,automation.auto_banheiro,on,on,"{""id"": ""1747870075916"", ""last_triggered"": ""2025-07-04T00:58:40.271510+00:00"", ""mode"": ""single"", ""current"": 1, ""friendly_name"": ""auto-banheiro""}"
2025-07-03T21:58:40.279167,automation.auto_banheiro,on,on,"{""id"": ""1747870075916"", ""last_triggered"": ""2025-07-04T00:58:40.271510+00:00"", ""mode"": ""single"", ""current"": 0, ""friendly_name"": ""auto-banheiro""}"
2025-07-03T21:58:45.285589,automation.auto_banheiro,on,on,"{""id"": ""1747870075916"", ""last_triggered"": ""2025-07-04T00:58:45.272783+00:00"", ""mode"": ""single"", ""current"": 1, ""friendly_name"": ""auto-banheiro""}"
2025-07-03T21:58:45.288258,automation.auto_banheiro,on,on,"{""id"": ""1747870075916"", ""last_triggered"": ""2025-07-04T00:58:45.272783+00:00"", ""mode"": ""single"", ""current"": 0, ""friendly_name"": ""auto-banheiro""}"
2025-07-03T21:58:50.276841,automation.auto_banheiro,on,on,"{""id"": ""1747870075916"", ""last_triggered"": ""2025-07-04T00:58:50.271979+00:00"", ""mode"": ""single"", ""current"": 1, ""friendly_name"": ""auto-banheiro""}"
2025-07-03T21:58:50.278565,automation.auto_banheiro,on,on,"{""id"": ""1747870075916"", ""last_triggered"": ""2025-07-04T00:58:50.271979+00:00"", ""mode"": ""single"", ""current"": 0, ""friendly_name"": ""auto-banheiro""}"
2025-07-03T21:58:55.276244,automation.auto_banheiro,on,on,"{""id"": ""1747870075916"", ""last_triggered"": ""2025-07-04T00:58:55.271416+00:00"", ""mode"": ""single"", ""current"": 1, ""friendly_name"": ""auto-banheiro""}"
2025-07-03T21:58:55.277910,automation.auto_banheiro,on,on,"{""id"": ""1747870075916"", ""last_triggered"": ""2025-07-04T00:58:55.271416+00:00"", ""mode"": ""single"", ""current"": 0, ""friendly_name"": ""auto-banheiro""}"
2025-07-03T21:59:00.277158,automation.auto_banheiro,on,on,"{""id"": ""1747870075916"", ""last_triggered"": ""2025-07-04T00:59:00.271465+00:00"", ""mode"": ""single"", ""current"": 1, ""friendly_name"": ""auto-banheiro""}"
2025-07-03T21:59:00.279036,automation.auto_banheiro,on,on,"{""id"": ""1747870075916"", ""last_triggered"": ""2025-07-04T00:59:00.271465+00:00"", ""mode"": ""single"", ""current"": 0, ""friendly_name"": ""auto-banheiro""}"
2025-07-03T21:59:02.718791,sensor.arris_tg1692a_router_download_speed,0.001378134114276,0.00574044768211691,"{""state_class"": ""measurement"", ""unit_of_measurement"": ""Mbit/s"", ""device_class"": ""data_rate"", ""friendly_name"": ""ARRIS TG1692A Router Download speed""}"
2025-07-03T21:59:02.722054,sensor.arris_tg1692a_router_upload_speed,0.00120720068408039,0.0024152761617083,"{""state_class"": ""measurement"", ""unit_of_measurement"": ""Mbit/s"", ""device_class"": ""data_rate"", ""friendly_name"": ""ARRIS TG1692A Router Upload speed""}"
2025-07-03T21:59:05.276416,automation.auto_banheiro,on,on,"{""id"": ""1747870075916"", ""last_triggered"": ""2025-07-04T00:59:05.271622+00:00"", ""mode"": ""single"", ""current"": 1, ""friendly_name"": ""auto-banheiro""}"
2025-07-03T21:59:05.278366,automation.auto_banheiro,on,on,"{""id"": ""1747870075916"", ""last_triggered"": ""2025-07-04T00:59:05.271622+00:00"", ""mode"": ""single"", ""current"": 0, ""friendly_name"": ""auto-banheiro""}"
2025-07-03T21:59:10.288563,automation.auto_banheiro,on,on,"{""id"": ""1747870075916"", ""last_triggered"": ""2025-07-04T00:59:10.272862+00:00"", ""mode"": ""single"", ""current"": 1, ""friendly_name"": ""auto-banheiro""}"
2025-07-03T21:59:10.292583,automation.auto_banheiro,on,on,"{""id"": ""1747870075916"", ""last_triggered"": ""2025-07-04T00:59:10.272862+00:00"", ""mode"": ""single"", ""current"": 0, ""friendly_name"": ""auto-banheiro""}"
2025-07-03T21:59:15.276504,automation.auto_banheiro,on,on,"{""id"": ""1747870075916"", ""last_triggered"": ""2025-07-04T00:59:15.271712+00:00"", ""mode"": ""single"", ""current"": 1, ""friendly_name"": ""auto-banheiro""}"
2025-07-03T21:59:15.278101,automation.auto_banheiro,on,on,"{""id"": ""1747870075916"", ""last_triggered"": ""2025-07-04T00:59:15.271712+00:00"", ""mode"": ""single"", ""current"": 0, ""friendly_name"": ""auto-banheiro""}"
2025-07-03T21:59:20.276060,automation.auto_banheiro,on,on,"{""id"": ""1747870075916"", ""last_triggered"": ""2025-07-04T00:59:20.271259+00:00"", ""mode"": ""single"", ""current"": 1, ""friendly_name"": ""auto-banheiro""}"
2025-07-03T21:59:20.278081,automation.auto_banheiro,on,on,"{""id"": ""1747870075916"", ""last_triggered"": ""2025-07-04T00:59:20.271259+00:00"", ""mode"": ""single"", ""current"": 0, ""friendly_name"": ""auto-banheiro""}"
2025-07-03T21:59:25.277649,automation.auto_banheiro,on,on,"{""id"": ""1747870075916"", ""last_triggered"": ""2025-07-04T00:59:25.271662+00:00"", ""mode"": ""single"", ""current"": 1, ""friendly_name"": ""auto-banheiro""}"
2025-07-03T21:59:25.279492,automation.auto_banheiro,on,on,"{""id"": ""1747870075916"", ""last_triggered"": ""2025-07-04T00:59:25.271662+00:00"", ""mode"": ""single"", ""current"": 0, ""friendly_name"": ""auto-banheiro""}"
2025-07-03T21:59:30.276070,automation.auto_banheiro,on,on,"{""id"": ""1747870075916"", ""last_triggered"": ""2025-07-04T00:59:30.271142+00:00"", ""mode"": ""single"", ""current"": 1, ""friendly_name"": ""auto-banheiro""}"
2025-07-03T21:59:30.277747,automation.auto_banheiro,on,on,"{""id"": ""1747870075916"", ""last_triggered"": ""2025-07-04T00:59:30.271142+00:00"", ""mode"": ""single"", ""current"": 0, ""friendly_name"": ""auto-banheiro""}"
2025-07-03T21:59:32.716223,sensor.arris_tg1692a_router_download_speed,0.00574044768211691,0.00124074201598979,"{""state_class"": ""measurement"", ""unit_of_measurement"": ""Mbit/s"", ""device_class"": ""data_rate"", ""friendly_name"": ""ARRIS TG1692A Router Download speed""}"
2025-07-03T21:59:32.717926,sensor.arris_tg1692a_router_upload_speed,0.0024152761617083,0.000931689792363703,"{""state_class"": ""measurement"", ""unit_of_measurement"": ""Mbit/s"", ""device_class"": ""data_rate"", ""friendly_name"": ""ARRIS TG1692A Router Upload speed""}"
2025-07-03T21:59:35.277910,automation.auto_banheiro,on,on,"{""id"": ""1747870075916"", ""last_triggered"": ""2025-07-04T00:59:35.271705+00:00"", ""mode"": ""single"", ""current"": 1, ""friendly_name"": ""auto-banheiro""}"
2025-07-03T21:59:35.279775,automation.auto_banheiro,on,on,"{""id"": ""1747870075916"", ""last_triggered"": ""2025-07-04T00:59:35.271705+00:00"", ""mode"": ""single"", ""current"": 0, ""friendly_name"": ""auto-banheiro""}"
2025-07-03T21:59:40.277926,automation.auto_banheiro,on,on,"{""id"": ""1747870075916"", ""last_triggered"": ""2025-07-04T00:59:40.271465+00:00"", ""mode"": ""single"", ""current"": 1, ""friendly_name"": ""auto-banheiro""}"
2025-07-03T21:59:40.279543,automation.auto_banheiro,on,on,"{""id"": ""1747870075916"", ""last_triggered"": ""2025-07-04T00:59:40.271465+00:00"", ""mode"": ""single"", ""current"": 0, ""friendly_name"": ""auto-banheiro""}"
2025-07-03T21:59:45.286351,automation.auto_banheiro,on,on,"{""id"": ""1747870075916"", ""last_triggered"": ""2025-07-04T00:59:45.272281+00:00"", ""mode"": ""single"", ""current"": 1, ""friendly_name"": ""auto-banheiro""}"
2025-07-03T21:59:45.289892,automation.auto_banheiro,on,on,"{""id"": ""1747870075916"", ""last_triggered"": ""2025-07-04T00:59:45.272281+00:00"", ""mode"": ""single"", ""current"": 0, ""friendly_name"": ""auto-banheiro""}"
2025-07-03T21:59:50.276635,automation.auto_banheiro,on,on,"{""id"": ""1747870075916"", ""last_triggered"": ""2025-07-04T00:59:50.271843+00:00"", ""mode"": ""single"", ""current"": 1, ""friendly_name"": ""auto-banheiro""}"
2025-07-03T21:59:50.278298,automation.auto_banheiro,on,on,"{""id"": ""1747870075916"", ""last_triggered"": ""2025-07-04T00:59:50.271843+00:00"", ""mode"": ""single"", ""current"": 0, ""friendly_name"": ""auto-banheiro""}"
2025-07-03T21:59:55.276459,automation.auto_banheiro,on,on,"{""id"": ""1747870075916"", ""last_triggered"": ""2025-07-04T00:59:55.271637+00:00"", ""mode"": ""single"", ""current"": 1, ""friendly_name"": ""auto-banheiro""}"
2025-07-03T21:59:55.278105,automation.auto_banheiro,on,on,"{""id"": ""1747870075916"", ""last_triggered"": ""2025-07-04T00:59:55.271637+00:00"", ""mode"": ""single"", ""current"": 0, ""friendly_name"": ""auto-banheiro""}"
