timestamp,entity_id,old_state,new_state,attributes
2025-07-20T05:00:08.238787,sensor.upnp_igd_data_received,3432005824,3433694102,"{""state_class"": ""total_increasing"", ""unit_of_measurement"": ""B"", ""device_class"": ""data_size"", ""friendly_name"": ""UPNP IGD Data received""}"
2025-07-20T05:00:08.241595,sensor.upnp_igd_data_sent,1207948197,1208091203,"{""state_class"": ""total_increasing"", ""unit_of_measurement"": ""B"", ""device_class"": ""data_size"", ""friendly_name"": ""UPNP IGD Data sent""}"
2025-07-20T05:00:08.243402,sensor.upnp_igd_packets_received,9628755,9631773,"{""state_class"": ""total_increasing"", ""unit_of_measurement"": ""packets"", ""friendly_name"": ""UPNP IGD Packets received""}"
2025-07-20T05:00:08.244855,sensor.upnp_igd_packets_sent,4701371,4702289,"{""state_class"": ""total_increasing"", ""unit_of_measurement"": ""packets"", ""friendly_name"": ""UPNP IGD Packets sent""}"
2025-07-20T05:00:08.246150,sensor.upnp_igd_uptime,1752998306,1752998336,"{""unit_of_measurement"": ""s"", ""device_class"": ""duration"", ""friendly_name"": ""UPNP IGD Uptime""}"
2025-07-20T05:00:08.247555,sensor.upnp_igd_download_speed,6.2864674094821,54.9568287537614,"{""state_class"": ""measurement"", ""unit_of_measurement"": ""KiB/s"", ""device_class"": ""data_rate"", ""friendly_name"": ""UPNP IGD Download speed""}"
2025-07-20T05:00:08.249045,sensor.upnp_igd_upload_speed,3.41742313809303,4.65513159133769,"{""state_class"": ""measurement"", ""unit_of_measurement"": ""KiB/s"", ""device_class"": ""data_rate"", ""friendly_name"": ""UPNP IGD Upload speed""}"
2025-07-20T05:00:08.250399,sensor.upnp_igd_packet_download_speed,63.4340818554992,100.599748500629,"{""state_class"": ""measurement"", ""unit_of_measurement"": ""packets/s"", ""friendly_name"": ""UPNP IGD Packet download speed""}"
2025-07-20T05:00:08.251781,sensor.upnp_igd_packet_upload_speed,21.3335850696372,30.5999235001912,"{""state_class"": ""measurement"", ""unit_of_measurement"": ""packets/s"", ""friendly_name"": ""UPNP IGD Packet upload speed""}"
2025-07-20T05:00:10.259862,automation.aut_status_bruno,on,on,"{""id"": ""1751855857509"", ""last_triggered"": ""2025-07-20T08:00:10.252364+00:00"", ""mode"": ""single"", ""current"": 1, ""friendly_name"": ""aut-status-bruno""}"
2025-07-20T05:00:10.263046,automation.aut_status_bruno,on,on,"{""id"": ""1751855857509"", ""last_triggered"": ""2025-07-20T08:00:10.252364+00:00"", ""mode"": ""single"", ""current"": 0, ""friendly_name"": ""aut-status-bruno""}"
2025-07-20T05:00:38.240535,sensor.upnp_igd_data_received,3433694102,3433913620,"{""state_class"": ""total_increasing"", ""unit_of_measurement"": ""B"", ""device_class"": ""data_size"", ""friendly_name"": ""UPNP IGD Data received""}"
2025-07-20T05:00:38.242940,sensor.upnp_igd_data_sent,1208091203,1208199340,"{""state_class"": ""total_increasing"", ""unit_of_measurement"": ""B"", ""device_class"": ""data_size"", ""friendly_name"": ""UPNP IGD Data sent""}"
2025-07-20T05:00:38.244816,sensor.upnp_igd_packets_received,9631773,9633589,"{""state_class"": ""total_increasing"", ""unit_of_measurement"": ""packets"", ""friendly_name"": ""UPNP IGD Packets received""}"
2025-07-20T05:00:38.246526,sensor.upnp_igd_packets_sent,4702289,4702964,"{""state_class"": ""total_increasing"", ""unit_of_measurement"": ""packets"", ""friendly_name"": ""UPNP IGD Packets sent""}"
2025-07-20T05:00:38.248210,sensor.upnp_igd_uptime,1752998336,1752998366,"{""unit_of_measurement"": ""s"", ""device_class"": ""duration"", ""friendly_name"": ""UPNP IGD Uptime""}"
2025-07-20T05:00:38.249999,sensor.upnp_igd_download_speed,54.9568287537614,7.14587637009573,"{""state_class"": ""measurement"", ""unit_of_measurement"": ""KiB/s"", ""device_class"": ""data_rate"", ""friendly_name"": ""UPNP IGD Download speed""}"
2025-07-20T05:00:38.251765,sensor.upnp_igd_upload_speed,4.65513159133769,3.52013790683699,"{""state_class"": ""measurement"", ""unit_of_measurement"": ""KiB/s"", ""device_class"": ""data_rate"", ""friendly_name"": ""UPNP IGD Upload speed""}"
2025-07-20T05:00:38.253547,sensor.upnp_igd_packet_download_speed,100.599748500629,60.5342494183079,"{""state_class"": ""measurement"", ""unit_of_measurement"": ""packets/s"", ""friendly_name"": ""UPNP IGD Packet download speed""}"
2025-07-20T05:00:38.255278,sensor.upnp_igd_packet_upload_speed,30.5999235001912,22.500340505153,"{""state_class"": ""measurement"", ""unit_of_measurement"": ""packets/s"", ""friendly_name"": ""UPNP IGD Packet upload speed""}"
2025-07-20T05:01:08.237403,sensor.upnp_igd_data_received,3433913620,3434350282,"{""state_class"": ""total_increasing"", ""unit_of_measurement"": ""B"", ""device_class"": ""data_size"", ""friendly_name"": ""UPNP IGD Data received""}"
2025-07-20T05:01:08.240218,sensor.upnp_igd_data_sent,1208199340,1208338407,"{""state_class"": ""total_increasing"", ""unit_of_measurement"": ""B"", ""device_class"": ""data_size"", ""friendly_name"": ""UPNP IGD Data sent""}"
2025-07-20T05:01:08.241691,sensor.upnp_igd_packets_received,9633589,9635597,"{""state_class"": ""total_increasing"", ""unit_of_measurement"": ""packets"", ""friendly_name"": ""UPNP IGD Packets received""}"
2025-07-20T05:01:08.243135,sensor.upnp_igd_packets_sent,4702964,4703647,"{""state_class"": ""total_increasing"", ""unit_of_measurement"": ""packets"", ""friendly_name"": ""UPNP IGD Packets sent""}"
2025-07-20T05:01:08.244870,sensor.upnp_igd_uptime,1752998366,1752998396,"{""unit_of_measurement"": ""s"", ""device_class"": ""duration"", ""friendly_name"": ""UPNP IGD Uptime""}"
2025-07-20T05:01:08.247286,sensor.upnp_igd_download_speed,7.14587637009573,14.2142530744156,"{""state_class"": ""measurement"", ""unit_of_measurement"": ""KiB/s"", ""device_class"": ""data_rate"", ""friendly_name"": ""UPNP IGD Download speed""}"
2025-07-20T05:01:08.248852,sensor.upnp_igd_upload_speed,3.52013790683699,4.52691906394365,"{""state_class"": ""measurement"", ""unit_of_measurement"": ""KiB/s"", ""device_class"": ""data_rate"", ""friendly_name"": ""UPNP IGD Upload speed""}"
2025-07-20T05:01:08.250283,sensor.upnp_igd_packet_download_speed,60.5342494183079,66.9333110222297,"{""state_class"": ""measurement"", ""unit_of_measurement"": ""packets/s"", ""friendly_name"": ""UPNP IGD Packet download speed""}"
2025-07-20T05:01:08.251772,sensor.upnp_igd_packet_upload_speed,22.500340505153,22.7666590777803,"{""state_class"": ""measurement"", ""unit_of_measurement"": ""packets/s"", ""friendly_name"": ""UPNP IGD Packet upload speed""}"
2025-07-20T05:01:10.260233,automation.aut_status_bruno,on,on,"{""id"": ""1751855857509"", ""last_triggered"": ""2025-07-20T08:01:10.252517+00:00"", ""mode"": ""single"", ""current"": 1, ""friendly_name"": ""aut-status-bruno""}"
2025-07-20T05:01:10.263056,automation.aut_status_bruno,on,on,"{""id"": ""1751855857509"", ""last_triggered"": ""2025-07-20T08:01:10.252517+00:00"", ""mode"": ""single"", ""current"": 0, ""friendly_name"": ""aut-status-bruno""}"
2025-07-20T05:01:38.241050,sensor.upnp_igd_data_received,3434350282,3434485807,"{""state_class"": ""total_increasing"", ""unit_of_measurement"": ""B"", ""device_class"": ""data_size"", ""friendly_name"": ""UPNP IGD Data received""}"
2025-07-20T05:01:38.243613,sensor.upnp_igd_data_sent,1208338407,1208432455,"{""state_class"": ""total_increasing"", ""unit_of_measurement"": ""B"", ""device_class"": ""data_size"", ""friendly_name"": ""UPNP IGD Data sent""}"
2025-07-20T05:01:38.245374,sensor.upnp_igd_packets_received,9635597,9637082,"{""state_class"": ""total_increasing"", ""unit_of_measurement"": ""packets"", ""friendly_name"": ""UPNP IGD Packets received""}"
2025-07-20T05:01:38.247592,sensor.upnp_igd_packets_sent,4703647,4704231,"{""state_class"": ""total_increasing"", ""unit_of_measurement"": ""packets"", ""friendly_name"": ""UPNP IGD Packets sent""}"
2025-07-20T05:01:38.249227,sensor.upnp_igd_uptime,1752998396,1752998426,"{""unit_of_measurement"": ""s"", ""device_class"": ""duration"", ""friendly_name"": ""UPNP IGD Uptime""}"
2025-07-20T05:01:38.250726,sensor.upnp_igd_download_speed,14.2142530744156,4.41141596290772,"{""state_class"": ""measurement"", ""unit_of_measurement"": ""KiB/s"", ""device_class"": ""data_rate"", ""friendly_name"": ""UPNP IGD Download speed""}"
2025-07-20T05:01:38.252237,sensor.upnp_igd_upload_speed,4.52691906394365,3.06131598214016,"{""state_class"": ""measurement"", ""unit_of_measurement"": ""KiB/s"", ""device_class"": ""data_rate"", ""friendly_name"": ""UPNP IGD Upload speed""}"
2025-07-20T05:01:38.253676,sensor.upnp_igd_packet_download_speed,66.9333110222297,49.4976983570264,"{""state_class"": ""measurement"", ""unit_of_measurement"": ""packets/s"", ""friendly_name"": ""UPNP IGD Packet download speed""}"
2025-07-20T05:01:38.255014,sensor.upnp_igd_packet_upload_speed,22.7666590777803,19.4657615087565,"{""state_class"": ""measurement"", ""unit_of_measurement"": ""packets/s"", ""friendly_name"": ""UPNP IGD Packet upload speed""}"
2025-07-20T05:02:08.238923,sensor.upnp_igd_data_received,3434485807,3434664709,"{""state_class"": ""total_increasing"", ""unit_of_measurement"": ""B"", ""device_class"": ""data_size"", ""friendly_name"": ""UPNP IGD Data received""}"
2025-07-20T05:02:08.241437,sensor.upnp_igd_data_sent,1208432455,1208557395,"{""state_class"": ""total_increasing"", ""unit_of_measurement"": ""B"", ""device_class"": ""data_size"", ""friendly_name"": ""UPNP IGD Data sent""}"
2025-07-20T05:02:08.242898,sensor.upnp_igd_packets_received,9637082,9638484,"{""state_class"": ""total_increasing"", ""unit_of_measurement"": ""packets"", ""friendly_name"": ""UPNP IGD Packets received""}"
2025-07-20T05:02:08.245142,sensor.upnp_igd_packets_sent,4704231,4704936,"{""state_class"": ""total_increasing"", ""unit_of_measurement"": ""packets"", ""friendly_name"": ""UPNP IGD Packets sent""}"
2025-07-20T05:02:08.246676,sensor.upnp_igd_uptime,1752998426,1752998456,"{""unit_of_measurement"": ""s"", ""device_class"": ""duration"", ""friendly_name"": ""UPNP IGD Uptime""}"
2025-07-20T05:02:08.248260,sensor.upnp_igd_download_speed,4.41141596290772,5.8237657884855,"{""state_class"": ""measurement"", ""unit_of_measurement"": ""KiB/s"", ""device_class"": ""data_rate"", ""friendly_name"": ""UPNP IGD Download speed""}"
2025-07-20T05:02:08.249692,sensor.upnp_igd_upload_speed,3.06131598214016,4.06715015826195,"{""state_class"": ""measurement"", ""unit_of_measurement"": ""KiB/s"", ""device_class"": ""data_rate"", ""friendly_name"": ""UPNP IGD Upload speed""}"
2025-07-20T05:02:08.251071,sensor.upnp_igd_packet_download_speed,49.4976983570264,46.7344004354766,"{""state_class"": ""measurement"", ""unit_of_measurement"": ""packets/s"", ""friendly_name"": ""UPNP IGD Packet download speed""}"
2025-07-20T05:02:08.252529,sensor.upnp_igd_packet_upload_speed,19.4657615087565,23.5005365955856,"{""state_class"": ""measurement"", ""unit_of_measurement"": ""packets/s"", ""friendly_name"": ""UPNP IGD Packet upload speed""}"
2025-07-20T05:02:10.260848,automation.aut_status_bruno,on,on,"{""id"": ""1751855857509"", ""last_triggered"": ""2025-07-20T08:02:10.253040+00:00"", ""mode"": ""single"", ""current"": 1, ""friendly_name"": ""aut-status-bruno""}"
2025-07-20T05:02:10.263746,automation.aut_status_bruno,on,on,"{""id"": ""1751855857509"", ""last_triggered"": ""2025-07-20T08:02:10.253040+00:00"", ""mode"": ""single"", ""current"": 0, ""friendly_name"": ""aut-status-bruno""}"
2025-07-20T05:02:38.239771,sensor.upnp_igd_data_received,3434664709,3436124038,"{""state_class"": ""total_increasing"", ""unit_of_measurement"": ""B"", ""device_class"": ""data_size"", ""friendly_name"": ""UPNP IGD Data received""}"
2025-07-20T05:02:38.242273,sensor.upnp_igd_data_sent,1208557395,1208738663,"{""state_class"": ""total_increasing"", ""unit_of_measurement"": ""B"", ""device_class"": ""data_size"", ""friendly_name"": ""UPNP IGD Data sent""}"
2025-07-20T05:02:38.244116,sensor.upnp_igd_packets_received,9638484,9640734,"{""state_class"": ""total_increasing"", ""unit_of_measurement"": ""packets"", ""friendly_name"": ""UPNP IGD Packets received""}"
2025-07-20T05:02:38.257023,sensor.upnp_igd_packets_sent,4704936,4705946,"{""state_class"": ""total_increasing"", ""unit_of_measurement"": ""packets"", ""friendly_name"": ""UPNP IGD Packets sent""}"
2025-07-20T05:02:38.258475,sensor.upnp_igd_uptime,1752998456,1752998486,"{""unit_of_measurement"": ""s"", ""device_class"": ""duration"", ""friendly_name"": ""UPNP IGD Uptime""}"
2025-07-20T05:02:38.260045,sensor.upnp_igd_download_speed,5.8237657884855,47.5047835275874,"{""state_class"": ""measurement"", ""unit_of_measurement"": ""KiB/s"", ""device_class"": ""data_rate"", ""friendly_name"": ""UPNP IGD Download speed""}"
2025-07-20T05:02:38.261483,sensor.upnp_igd_upload_speed,4.06715015826195,5.9007236205672,"{""state_class"": ""measurement"", ""unit_of_measurement"": ""KiB/s"", ""device_class"": ""data_rate"", ""friendly_name"": ""UPNP IGD Upload speed""}"
2025-07-20T05:02:38.262962,sensor.upnp_igd_packet_download_speed,46.7344004354766,75.0009225113469,"{""state_class"": ""measurement"", ""unit_of_measurement"": ""packets/s"", ""friendly_name"": ""UPNP IGD Packet download speed""}"
2025-07-20T05:02:38.264442,sensor.upnp_igd_packet_upload_speed,23.5005365955856,33.6670807717602,"{""state_class"": ""measurement"", ""unit_of_measurement"": ""packets/s"", ""friendly_name"": ""UPNP IGD Packet upload speed""}"
2025-07-20T05:02:51.317235,camera.192_168_0_33,idle,idle,"{""access_token"": ""9e18c6df6d329a44eeaef7d77c1c3ec8daa1510fb1084698918f4a7d657856b2"", ""entity_picture"": ""/api/camera_proxy/camera.192_168_0_33?token=9e18c6df6d329a44eeaef7d77c1c3ec8daa1510fb1084698918f4a7d657856b2"", ""friendly_name"": ""192_168_0_14"", ""supported_features"": 2}"
2025-07-20T05:02:51.319163,camera.admin_mainstream,idle,idle,"{""access_token"": ""c79e9a37e44ab498b9488fee432077f9fd68a76ac73876e64c1f04788cfbb1c9"", ""entity_picture"": ""/api/camera_proxy/camera.admin_mainstream?token=c79e9a37e44ab498b9488fee432077f9fd68a76ac73876e64c1f04788cfbb1c9"", ""friendly_name"": ""admin MainStream"", ""supported_features"": 2}"
2025-07-20T05:02:51.321249,camera.admin_substream,idle,idle,"{""access_token"": ""452ddcba3799075c64053c53f441524d966b2386b5b84b1fbeb63fadf35cf5ff"", ""entity_picture"": ""/api/camera_proxy/camera.admin_substream?token=452ddcba3799075c64053c53f441524d966b2386b5b84b1fbeb63fadf35cf5ff"", ""friendly_name"": ""admin SubStream"", ""supported_features"": 2}"
2025-07-20T05:03:08.238486,sensor.upnp_igd_data_received,3436124038,3436787891,"{""state_class"": ""total_increasing"", ""unit_of_measurement"": ""B"", ""device_class"": ""data_size"", ""friendly_name"": ""UPNP IGD Data received""}"
2025-07-20T05:03:08.240996,sensor.upnp_igd_data_sent,1208738663,1208893700,"{""state_class"": ""total_increasing"", ""unit_of_measurement"": ""B"", ""device_class"": ""data_size"", ""friendly_name"": ""UPNP IGD Data sent""}"
2025-07-20T05:03:08.242607,sensor.upnp_igd_packets_received,9640734,9642382,"{""state_class"": ""total_increasing"", ""unit_of_measurement"": ""packets"", ""friendly_name"": ""UPNP IGD Packets received""}"
2025-07-20T05:03:08.244073,sensor.upnp_igd_packets_sent,4705946,4706868,"{""state_class"": ""total_increasing"", ""unit_of_measurement"": ""packets"", ""friendly_name"": ""UPNP IGD Packets sent""}"
2025-07-20T05:03:08.245403,sensor.upnp_igd_uptime,1752998486,1752998516,"{""unit_of_measurement"": ""s"", ""device_class"": ""duration"", ""friendly_name"": ""UPNP IGD Uptime""}"
2025-07-20T05:03:08.246777,sensor.upnp_igd_download_speed,47.5047835275874,21.609756398221,"{""state_class"": ""measurement"", ""unit_of_measurement"": ""KiB/s"", ""device_class"": ""data_rate"", ""friendly_name"": ""UPNP IGD Download speed""}"
2025-07-20T05:03:08.248221,sensor.upnp_igd_upload_speed,5.9007236205672,5.046767586666,"{""state_class"": ""measurement"", ""unit_of_measurement"": ""KiB/s"", ""device_class"": ""data_rate"", ""friendly_name"": ""UPNP IGD Upload speed""}"
2025-07-20T05:03:08.249612,sensor.upnp_igd_packet_download_speed,75.0009225113469,54.9332271290942,"{""state_class"": ""measurement"", ""unit_of_measurement"": ""packets/s"", ""friendly_name"": ""UPNP IGD Packet download speed""}"
2025-07-20T05:03:08.250966,sensor.upnp_igd_packet_upload_speed,33.6670807717602,30.7332739156704,"{""state_class"": ""measurement"", ""unit_of_measurement"": ""packets/s"", ""friendly_name"": ""UPNP IGD Packet upload speed""}"
2025-07-20T05:03:10.265565,automation.aut_status_bruno,on,on,"{""id"": ""1751855857509"", ""last_triggered"": ""2025-07-20T08:03:10.253779+00:00"", ""mode"": ""single"", ""current"": 1, ""friendly_name"": ""aut-status-bruno""}"
2025-07-20T05:03:10.268162,automation.aut_status_bruno,on,on,"{""id"": ""1751855857509"", ""last_triggered"": ""2025-07-20T08:03:10.253779+00:00"", ""mode"": ""single"", ""current"": 0, ""friendly_name"": ""aut-status-bruno""}"
2025-07-20T05:03:38.256556,sensor.upnp_igd_data_received,3436787891,3436914474,"{""state_class"": ""total_increasing"", ""unit_of_measurement"": ""B"", ""device_class"": ""data_size"", ""friendly_name"": ""UPNP IGD Data received""}"
2025-07-20T05:03:38.261655,sensor.upnp_igd_data_sent,1208893700,1209023060,"{""state_class"": ""total_increasing"", ""unit_of_measurement"": ""B"", ""device_class"": ""data_size"", ""friendly_name"": ""UPNP IGD Data sent""}"
2025-07-20T05:03:38.264094,sensor.upnp_igd_packets_received,9642382,9643660,"{""state_class"": ""total_increasing"", ""unit_of_measurement"": ""packets"", ""friendly_name"": ""UPNP IGD Packets received""}"
2025-07-20T05:03:38.266063,sensor.upnp_igd_packets_sent,4706868,4707571,"{""state_class"": ""total_increasing"", ""unit_of_measurement"": ""packets"", ""friendly_name"": ""UPNP IGD Packets sent""}"
2025-07-20T05:03:38.267891,sensor.upnp_igd_uptime,1752998516,1752998546,"{""unit_of_measurement"": ""s"", ""device_class"": ""duration"", ""friendly_name"": ""UPNP IGD Uptime""}"
2025-07-20T05:03:38.269642,sensor.upnp_igd_download_speed,21.609756398221,4.1204631745732,"{""state_class"": ""measurement"", ""unit_of_measurement"": ""KiB/s"", ""device_class"": ""data_rate"", ""friendly_name"": ""UPNP IGD Download speed""}"
2025-07-20T05:03:38.271355,sensor.upnp_igd_upload_speed,5.046767586666,4.21085861658192,"{""state_class"": ""measurement"", ""unit_of_measurement"": ""KiB/s"", ""device_class"": ""data_rate"", ""friendly_name"": ""UPNP IGD Upload speed""}"
2025-07-20T05:03:38.273216,sensor.upnp_igd_packet_download_speed,54.9332271290942,42.5992019749497,"{""state_class"": ""measurement"", ""unit_of_measurement"": ""packets/s"", ""friendly_name"": ""UPNP IGD Packet download speed""}"
2025-07-20T05:03:38.275515,sensor.upnp_igd_packet_upload_speed,30.7332739156704,23.4328943571124,"{""state_class"": ""measurement"", ""unit_of_measurement"": ""packets/s"", ""friendly_name"": ""UPNP IGD Packet upload speed""}"
2025-07-20T05:03:59.723826,sensor.tauntaum_energy,217.884,217.901,"{""state_class"": ""total_increasing"", ""unit_of_measurement"": ""kWh"", ""device_class"": ""energy"", ""friendly_name"": ""Tauntaum Energy""}"
2025-07-20T05:03:59.728296,sensor.tauntaum_power,35,66,"{""state_class"": ""measurement"", ""power_consumption_start"": ""2025-07-20T07:48:21Z"", ""power_consumption_end"": ""2025-07-20T08:03:59Z"", ""unit_of_measurement"": ""W"", ""device_class"": ""power"", ""friendly_name"": ""Tauntaum Power""}"
2025-07-20T05:03:59.729815,sensor.tauntaum_energy_difference,0.008,0.017,"{""state_class"": ""total"", ""unit_of_measurement"": ""kWh"", ""device_class"": ""energy"", ""friendly_name"": ""Tauntaum Energy difference""}"
2025-07-20T05:03:59.731065,sensor.tauntaum_power_energy,0.00847132222188843,0.00912500555581517,"{""state_class"": ""total"", ""unit_of_measurement"": ""kWh"", ""device_class"": ""energy"", ""friendly_name"": ""Tauntaum Power energy""}"
2025-07-20T05:04:08.239977,sensor.upnp_igd_data_received,3436914474,3437082602,"{""state_class"": ""total_increasing"", ""unit_of_measurement"": ""B"", ""device_class"": ""data_size"", ""friendly_name"": ""UPNP IGD Data received""}"
2025-07-20T05:04:08.242387,sensor.upnp_igd_data_sent,1209023060,1209236666,"{""state_class"": ""total_increasing"", ""unit_of_measurement"": ""B"", ""device_class"": ""data_size"", ""friendly_name"": ""UPNP IGD Data sent""}"
2025-07-20T05:04:08.244035,sensor.upnp_igd_packets_received,9643660,9644995,"{""state_class"": ""total_increasing"", ""unit_of_measurement"": ""packets"", ""friendly_name"": ""UPNP IGD Packets received""}"
2025-07-20T05:04:08.245459,sensor.upnp_igd_packets_sent,4707571,4708399,"{""state_class"": ""total_increasing"", ""unit_of_measurement"": ""packets"", ""friendly_name"": ""UPNP IGD Packets sent""}"
2025-07-20T05:04:08.246824,sensor.upnp_igd_uptime,1752998546,1752998575,"{""unit_of_measurement"": ""s"", ""device_class"": ""duration"", ""friendly_name"": ""UPNP IGD Uptime""}"
2025-07-20T05:04:08.248246,sensor.upnp_igd_download_speed,4.1204631745732,5.47291484236172,"{""state_class"": ""measurement"", ""unit_of_measurement"": ""KiB/s"", ""device_class"": ""data_rate"", ""friendly_name"": ""UPNP IGD Download speed""}"
2025-07-20T05:04:08.249644,sensor.upnp_igd_upload_speed,4.21085861658192,6.95331799472734,"{""state_class"": ""measurement"", ""unit_of_measurement"": ""KiB/s"", ""device_class"": ""data_rate"", ""friendly_name"": ""UPNP IGD Upload speed""}"
2025-07-20T05:04:08.251070,sensor.upnp_igd_packet_download_speed,42.5992019749497,44.4999851666716,"{""state_class"": ""measurement"", ""unit_of_measurement"": ""packets/s"", ""friendly_name"": ""UPNP IGD Packet download speed""}"
2025-07-20T05:04:08.252506,sensor.upnp_igd_packet_upload_speed,23.4328943571124,27.5999908000031,"{""state_class"": ""measurement"", ""unit_of_measurement"": ""packets/s"", ""friendly_name"": ""UPNP IGD Packet upload speed""}"
2025-07-20T05:04:10.261118,automation.aut_status_bruno,on,on,"{""id"": ""1751855857509"", ""last_triggered"": ""2025-07-20T08:04:10.252307+00:00"", ""mode"": ""single"", ""current"": 1, ""friendly_name"": ""aut-status-bruno""}"
2025-07-20T05:04:10.265168,automation.aut_status_bruno,on,on,"{""id"": ""1751855857509"", ""last_triggered"": ""2025-07-20T08:04:10.252307+00:00"", ""mode"": ""single"", ""current"": 0, ""friendly_name"": ""aut-status-bruno""}"
2025-07-20T05:04:38.242814,sensor.upnp_igd_data_received,3437082602,3437173214,"{""state_class"": ""total_increasing"", ""unit_of_measurement"": ""B"", ""device_class"": ""data_size"", ""friendly_name"": ""UPNP IGD Data received""}"
2025-07-20T05:04:38.244902,sensor.upnp_igd_data_sent,1209236666,1209343033,"{""state_class"": ""total_increasing"", ""unit_of_measurement"": ""B"", ""device_class"": ""data_size"", ""friendly_name"": ""UPNP IGD Data sent""}"
2025-07-20T05:04:38.246675,sensor.upnp_igd_packets_received,9644995,9646200,"{""state_class"": ""total_increasing"", ""unit_of_measurement"": ""packets"", ""friendly_name"": ""UPNP IGD Packets received""}"
2025-07-20T05:04:38.248161,sensor.upnp_igd_packets_sent,4708399,4709027,"{""state_class"": ""total_increasing"", ""unit_of_measurement"": ""packets"", ""friendly_name"": ""UPNP IGD Packets sent""}"
2025-07-20T05:04:38.250109,sensor.upnp_igd_uptime,1752998575,1752998605,"{""unit_of_measurement"": ""s"", ""device_class"": ""duration"", ""friendly_name"": ""UPNP IGD Uptime""}"
2025-07-20T05:04:38.251908,sensor.upnp_igd_download_speed,5.47291484236172,2.94965342315779,"{""state_class"": ""measurement"", ""unit_of_measurement"": ""KiB/s"", ""device_class"": ""data_rate"", ""friendly_name"": ""UPNP IGD Download speed""}"
2025-07-20T05:04:38.253647,sensor.upnp_igd_upload_speed,6.95331799472734,3.46251915486938,"{""state_class"": ""measurement"", ""unit_of_measurement"": ""KiB/s"", ""device_class"": ""data_rate"", ""friendly_name"": ""UPNP IGD Upload speed""}"
2025-07-20T05:04:38.255376,sensor.upnp_igd_packet_download_speed,44.4999851666716,40.1672664978464,"{""state_class"": ""measurement"", ""unit_of_measurement"": ""packets/s"", ""friendly_name"": ""UPNP IGD Packet download speed""}"
2025-07-20T05:04:38.257775,sensor.upnp_igd_packet_upload_speed,27.5999908000031,20.9336459424461,"{""state_class"": ""measurement"", ""unit_of_measurement"": ""packets/s"", ""friendly_name"": ""UPNP IGD Packet upload speed""}"
2025-07-20T05:05:08.253435,sensor.upnp_igd_data_received,3437173214,3437260690,"{""state_class"": ""total_increasing"", ""unit_of_measurement"": ""B"", ""device_class"": ""data_size"", ""friendly_name"": ""UPNP IGD Data received""}"
2025-07-20T05:05:08.258180,sensor.upnp_igd_data_sent,1209343033,1209444377,"{""state_class"": ""total_increasing"", ""unit_of_measurement"": ""B"", ""device_class"": ""data_size"", ""friendly_name"": ""UPNP IGD Data sent""}"
2025-07-20T05:05:08.260582,sensor.upnp_igd_packets_received,9646200,9647346,"{""state_class"": ""total_increasing"", ""unit_of_measurement"": ""packets"", ""friendly_name"": ""UPNP IGD Packets received""}"
2025-07-20T05:05:08.262754,sensor.upnp_igd_packets_sent,4709027,4709592,"{""state_class"": ""total_increasing"", ""unit_of_measurement"": ""packets"", ""friendly_name"": ""UPNP IGD Packets sent""}"
2025-07-20T05:05:08.264374,sensor.upnp_igd_uptime,1752998605,1752998635,"{""unit_of_measurement"": ""s"", ""device_class"": ""duration"", ""friendly_name"": ""UPNP IGD Uptime""}"
2025-07-20T05:05:08.265824,sensor.upnp_igd_download_speed,2.94965342315779,2.84757824726787,"{""state_class"": ""measurement"", ""unit_of_measurement"": ""KiB/s"", ""device_class"": ""data_rate"", ""friendly_name"": ""UPNP IGD Download speed""}"
2025-07-20T05:05:08.267245,sensor.upnp_igd_upload_speed,3.46251915486938,3.29901881534495,"{""state_class"": ""measurement"", ""unit_of_measurement"": ""KiB/s"", ""device_class"": ""data_rate"", ""friendly_name"": ""UPNP IGD Upload speed""}"
2025-07-20T05:05:08.268748,sensor.upnp_igd_packet_download_speed,40.1672664978464,38.200700346173,"{""state_class"": ""measurement"", ""unit_of_measurement"": ""packets/s"", ""friendly_name"": ""UPNP IGD Packet download speed""}"
2025-07-20T05:05:08.270113,sensor.upnp_igd_packet_upload_speed,20.9336459424461,18.8336786174413,"{""state_class"": ""measurement"", ""unit_of_measurement"": ""packets/s"", ""friendly_name"": ""UPNP IGD Packet upload speed""}"
2025-07-20T05:05:10.260707,automation.aut_status_bruno,on,on,"{""id"": ""1751855857509"", ""last_triggered"": ""2025-07-20T08:05:10.252569+00:00"", ""mode"": ""single"", ""current"": 1, ""friendly_name"": ""aut-status-bruno""}"
2025-07-20T05:05:10.263531,automation.aut_status_bruno,on,on,"{""id"": ""1751855857509"", ""last_triggered"": ""2025-07-20T08:05:10.252569+00:00"", ""mode"": ""single"", ""current"": 0, ""friendly_name"": ""aut-status-bruno""}"
2025-07-20T05:05:38.239852,sensor.upnp_igd_data_received,3437260690,3437380299,"{""state_class"": ""total_increasing"", ""unit_of_measurement"": ""B"", ""device_class"": ""data_size"", ""friendly_name"": ""UPNP IGD Data received""}"
2025-07-20T05:05:38.242920,sensor.upnp_igd_data_sent,1209444377,1209565214,"{""state_class"": ""total_increasing"", ""unit_of_measurement"": ""B"", ""device_class"": ""data_size"", ""friendly_name"": ""UPNP IGD Data sent""}"
2025-07-20T05:05:38.244579,sensor.upnp_igd_packets_received,9647346,9648591,"{""state_class"": ""total_increasing"", ""unit_of_measurement"": ""packets"", ""friendly_name"": ""UPNP IGD Packets received""}"
2025-07-20T05:05:38.246023,sensor.upnp_igd_packets_sent,4709592,4710233,"{""state_class"": ""total_increasing"", ""unit_of_measurement"": ""packets"", ""friendly_name"": ""UPNP IGD Packets sent""}"
2025-07-20T05:05:38.247441,sensor.upnp_igd_uptime,1752998635,1752998666,"{""unit_of_measurement"": ""s"", ""device_class"": ""duration"", ""friendly_name"": ""UPNP IGD Uptime""}"
2025-07-20T05:05:38.250239,sensor.upnp_igd_download_speed,2.84757824726787,3.89343686914923,"{""state_class"": ""measurement"", ""unit_of_measurement"": ""KiB/s"", ""device_class"": ""data_rate"", ""friendly_name"": ""UPNP IGD Download speed""}"
2025-07-20T05:05:38.251894,sensor.upnp_igd_upload_speed,3.29901881534495,3.93340995207205,"{""state_class"": ""measurement"", ""unit_of_measurement"": ""KiB/s"", ""device_class"": ""data_rate"", ""friendly_name"": ""UPNP IGD Upload speed""}"
2025-07-20T05:05:38.253343,sensor.upnp_igd_packet_download_speed,38.200700346173,41.4990911699034,"{""state_class"": ""measurement"", ""unit_of_measurement"": ""packets/s"", ""friendly_name"": ""UPNP IGD Packet download speed""}"
2025-07-20T05:05:38.254730,sensor.upnp_igd_packet_upload_speed,18.8336786174413,21.3661987469141,"{""state_class"": ""measurement"", ""unit_of_measurement"": ""packets/s"", ""friendly_name"": ""UPNP IGD Packet upload speed""}"
2025-07-20T05:06:08.240946,sensor.upnp_igd_data_received,3437380299,3437461829,"{""state_class"": ""total_increasing"", ""unit_of_measurement"": ""B"", ""device_class"": ""data_size"", ""friendly_name"": ""UPNP IGD Data received""}"
2025-07-20T05:06:08.243796,sensor.upnp_igd_data_sent,1209565214,1209664328,"{""state_class"": ""total_increasing"", ""unit_of_measurement"": ""B"", ""device_class"": ""data_size"", ""friendly_name"": ""UPNP IGD Data sent""}"
2025-07-20T05:06:08.245296,sensor.upnp_igd_packets_received,9648591,9649721,"{""state_class"": ""total_increasing"", ""unit_of_measurement"": ""packets"", ""friendly_name"": ""UPNP IGD Packets received""}"
2025-07-20T05:06:08.246700,sensor.upnp_igd_packets_sent,4710233,4710796,"{""state_class"": ""total_increasing"", ""unit_of_measurement"": ""packets"", ""friendly_name"": ""UPNP IGD Packets sent""}"
2025-07-20T05:06:08.248108,sensor.upnp_igd_uptime,1752998666,1752998695,"{""unit_of_measurement"": ""s"", ""device_class"": ""duration"", ""friendly_name"": ""UPNP IGD Uptime""}"
2025-07-20T05:06:08.249534,sensor.upnp_igd_download_speed,3.89343686914923,2.65400479462708,"{""state_class"": ""measurement"", ""unit_of_measurement"": ""KiB/s"", ""device_class"": ""data_rate"", ""friendly_name"": ""UPNP IGD Download speed""}"
2025-07-20T05:06:08.250913,sensor.upnp_igd_upload_speed,3.93340995207205,3.22640784023879,"{""state_class"": ""measurement"", ""unit_of_measurement"": ""KiB/s"", ""device_class"": ""data_rate"", ""friendly_name"": ""UPNP IGD Upload speed""}"
2025-07-20T05:06:08.252342,sensor.upnp_igd_packet_download_speed,41.4990911699034,37.6671412726467,"{""state_class"": ""measurement"", ""unit_of_measurement"": ""packets/s"", ""friendly_name"": ""UPNP IGD Packet download speed""}"
2025-07-20T05:06:08.253747,sensor.upnp_igd_packet_upload_speed,21.3661987469141,18.7669031296461,"{""state_class"": ""measurement"", ""unit_of_measurement"": ""packets/s"", ""friendly_name"": ""UPNP IGD Packet upload speed""}"
2025-07-20T05:06:10.260547,automation.aut_status_bruno,on,on,"{""id"": ""1751855857509"", ""last_triggered"": ""2025-07-20T08:06:10.252771+00:00"", ""mode"": ""single"", ""current"": 1, ""friendly_name"": ""aut-status-bruno""}"
2025-07-20T05:06:10.263518,automation.aut_status_bruno,on,on,"{""id"": ""1751855857509"", ""last_triggered"": ""2025-07-20T08:06:10.252771+00:00"", ""mode"": ""single"", ""current"": 0, ""friendly_name"": ""aut-status-bruno""}"
2025-07-20T05:06:38.275676,sensor.upnp_igd_data_received,3437461829,3437571516,"{""state_class"": ""total_increasing"", ""unit_of_measurement"": ""B"", ""device_class"": ""data_size"", ""friendly_name"": ""UPNP IGD Data received""}"
2025-07-20T05:06:38.277486,sensor.upnp_igd_data_sent,1209664328,1209776088,"{""state_class"": ""total_increasing"", ""unit_of_measurement"": ""B"", ""device_class"": ""data_size"", ""friendly_name"": ""UPNP IGD Data sent""}"
2025-07-20T05:06:38.279040,sensor.upnp_igd_packets_received,9649721,9650954,"{""state_class"": ""total_increasing"", ""unit_of_measurement"": ""packets"", ""friendly_name"": ""UPNP IGD Packets received""}"
2025-07-20T05:06:38.280556,sensor.upnp_igd_packets_sent,4710796,4711410,"{""state_class"": ""total_increasing"", ""unit_of_measurement"": ""packets"", ""friendly_name"": ""UPNP IGD Packets sent""}"
2025-07-20T05:06:38.281880,sensor.upnp_igd_uptime,1752998695,1752998725,"{""unit_of_measurement"": ""s"", ""device_class"": ""duration"", ""friendly_name"": ""UPNP IGD Uptime""}"
2025-07-20T05:06:38.283298,sensor.upnp_igd_download_speed,2.65400479462708,3.57048847348419,"{""state_class"": ""measurement"", ""unit_of_measurement"": ""KiB/s"", ""device_class"": ""data_rate"", ""friendly_name"": ""UPNP IGD Download speed""}"
2025-07-20T05:06:38.284717,sensor.upnp_igd_upload_speed,3.22640784023879,3.63796796153229,"{""state_class"": ""measurement"", ""unit_of_measurement"": ""KiB/s"", ""device_class"": ""data_rate"", ""friendly_name"": ""UPNP IGD Upload speed""}"
2025-07-20T05:06:38.286102,sensor.upnp_igd_packet_download_speed,37.6671412726467,41.0994026886809,"{""state_class"": ""measurement"", ""unit_of_measurement"": ""packets/s"", ""friendly_name"": ""UPNP IGD Packet download speed""}"
2025-07-20T05:06:38.287519,sensor.upnp_igd_packet_upload_speed,18.7669031296461,20.4663692221006,"{""state_class"": ""measurement"", ""unit_of_measurement"": ""packets/s"", ""friendly_name"": ""UPNP IGD Packet upload speed""}"
2025-07-20T05:07:08.241923,sensor.upnp_igd_data_received,3437571516,3437707976,"{""state_class"": ""total_increasing"", ""unit_of_measurement"": ""B"", ""device_class"": ""data_size"", ""friendly_name"": ""UPNP IGD Data received""}"
2025-07-20T05:07:08.243826,sensor.upnp_igd_data_sent,1209776088,1209903047,"{""state_class"": ""total_increasing"", ""unit_of_measurement"": ""B"", ""device_class"": ""data_size"", ""friendly_name"": ""UPNP IGD Data sent""}"
2025-07-20T05:07:08.245205,sensor.upnp_igd_packets_received,9650954,9652225,"{""state_class"": ""total_increasing"", ""unit_of_measurement"": ""packets"", ""friendly_name"": ""UPNP IGD Packets received""}"
2025-07-20T05:07:08.247050,sensor.upnp_igd_packets_sent,4711410,4712033,"{""state_class"": ""total_increasing"", ""unit_of_measurement"": ""packets"", ""friendly_name"": ""UPNP IGD Packets sent""}"
2025-07-20T05:07:08.249514,sensor.upnp_igd_uptime,1752998725,1752998755,"{""unit_of_measurement"": ""s"", ""device_class"": ""duration"", ""friendly_name"": ""UPNP IGD Uptime""}"
2025-07-20T05:07:08.250974,sensor.upnp_igd_download_speed,3.57048847348419,4.44214879993195,"{""state_class"": ""measurement"", ""unit_of_measurement"": ""KiB/s"", ""device_class"": ""data_rate"", ""friendly_name"": ""UPNP IGD Download speed""}"
2025-07-20T05:07:08.252375,sensor.upnp_igd_upload_speed,3.63796796153229,4.13286508493742,"{""state_class"": ""measurement"", ""unit_of_measurement"": ""KiB/s"", ""device_class"": ""data_rate"", ""friendly_name"": ""UPNP IGD Upload speed""}"
2025-07-20T05:07:08.254673,sensor.upnp_igd_packet_download_speed,41.0994026886809,42.3675394379791,"{""state_class"": ""measurement"", ""unit_of_measurement"": ""packets/s"", ""friendly_name"": ""UPNP IGD Packet download speed""}"
2025-07-20T05:07:08.256456,sensor.upnp_igd_packet_upload_speed,20.4663692221006,20.7670944688127,"{""state_class"": ""measurement"", ""unit_of_measurement"": ""packets/s"", ""friendly_name"": ""UPNP IGD Packet upload speed""}"
2025-07-20T05:07:10.263224,automation.aut_status_bruno,on,on,"{""id"": ""1751855857509"", ""last_triggered"": ""2025-07-20T08:07:10.252331+00:00"", ""mode"": ""single"", ""current"": 1, ""friendly_name"": ""aut-status-bruno""}"
2025-07-20T05:07:10.266121,automation.aut_status_bruno,on,on,"{""id"": ""1751855857509"", ""last_triggered"": ""2025-07-20T08:07:10.252331+00:00"", ""mode"": ""single"", ""current"": 0, ""friendly_name"": ""aut-status-bruno""}"
2025-07-20T05:07:38.257910,sensor.upnp_igd_data_received,3437707976,3437814307,"{""state_class"": ""total_increasing"", ""unit_of_measurement"": ""B"", ""device_class"": ""data_size"", ""friendly_name"": ""UPNP IGD Data received""}"
2025-07-20T05:07:38.260720,sensor.upnp_igd_data_sent,1209903047,1210008397,"{""state_class"": ""total_increasing"", ""unit_of_measurement"": ""B"", ""device_class"": ""data_size"", ""friendly_name"": ""UPNP IGD Data sent""}"
2025-07-20T05:07:38.262094,sensor.upnp_igd_packets_received,9652225,9653421,"{""state_class"": ""total_increasing"", ""unit_of_measurement"": ""packets"", ""friendly_name"": ""UPNP IGD Packets received""}"
2025-07-20T05:07:38.263989,sensor.upnp_igd_packets_sent,4712033,4712609,"{""state_class"": ""total_increasing"", ""unit_of_measurement"": ""packets"", ""friendly_name"": ""UPNP IGD Packets sent""}"
2025-07-20T05:07:38.265732,sensor.upnp_igd_uptime,1752998755,1752998785,"{""unit_of_measurement"": ""s"", ""device_class"": ""duration"", ""friendly_name"": ""UPNP IGD Uptime""}"
2025-07-20T05:07:38.267507,sensor.upnp_igd_download_speed,4.44214879993195,3.46124792307026,"{""state_class"": ""measurement"", ""unit_of_measurement"": ""KiB/s"", ""device_class"": ""data_rate"", ""friendly_name"": ""UPNP IGD Download speed""}"
2025-07-20T05:07:38.269364,sensor.upnp_igd_upload_speed,4.13286508493742,3.42931476893335,"{""state_class"": ""measurement"", ""unit_of_measurement"": ""KiB/s"", ""device_class"": ""data_rate"", ""friendly_name"": ""UPNP IGD Upload speed""}"
2025-07-20T05:07:38.271085,sensor.upnp_igd_packet_download_speed,42.3675394379791,39.866117843111,"{""state_class"": ""measurement"", ""unit_of_measurement"": ""packets/s"", ""friendly_name"": ""UPNP IGD Packet download speed""}"
2025-07-20T05:07:38.272848,sensor.upnp_igd_packet_upload_speed,20.7670944688127,19.1997356836388,"{""state_class"": ""measurement"", ""unit_of_measurement"": ""packets/s"", ""friendly_name"": ""UPNP IGD Packet upload speed""}"
2025-07-20T05:07:48.537832,media_player.dlna_b13_box,unavailable,unknown,"{""friendly_name"": ""DLNA-B13 Box"", ""supported_features"": 512575}"
2025-07-20T05:07:51.317010,camera.192_168_0_33,idle,idle,"{""access_token"": ""2730ac991542d139cff565df768fb15322604f6fb8bcb4eb30751cc031eba032"", ""entity_picture"": ""/api/camera_proxy/camera.192_168_0_33?token=2730ac991542d139cff565df768fb15322604f6fb8bcb4eb30751cc031eba032"", ""friendly_name"": ""192_168_0_14"", ""supported_features"": 2}"
2025-07-20T05:07:51.318708,camera.admin_mainstream,idle,idle,"{""access_token"": ""fec297108c6aec6c782463a7ee86c0234ab0c8b54c0e59faf8ac7617590c7203"", ""entity_picture"": ""/api/camera_proxy/camera.admin_mainstream?token=fec297108c6aec6c782463a7ee86c0234ab0c8b54c0e59faf8ac7617590c7203"", ""friendly_name"": ""admin MainStream"", ""supported_features"": 2}"
2025-07-20T05:07:51.320390,camera.admin_substream,idle,idle,"{""access_token"": ""293f803d88bb631d231b6dfda0ad484f909cb9cac9f80d174ce005232049ce4e"", ""entity_picture"": ""/api/camera_proxy/camera.admin_substream?token=293f803d88bb631d231b6dfda0ad484f909cb9cac9f80d174ce005232049ce4e"", ""friendly_name"": ""admin SubStream"", ""supported_features"": 2}"
2025-07-20T05:07:53.575585,sun.sun,below_horizon,below_horizon,"{""next_dawn"": ""2025-07-20T08:33:51.151304+00:00"", ""next_dusk"": ""2025-07-20T20:47:13.005418+00:00"", ""next_midnight"": ""2025-07-21T02:40:32+00:00"", ""next_noon"": ""2025-07-20T14:40:27+00:00"", ""next_rising"": ""2025-07-20T08:56:54.429420+00:00"", ""next_setting"": ""2025-07-20T20:24:10.176365+00:00"", ""elevation"": -12.0, ""azimuth"": 71.35, ""rising"": true, ""friendly_name"": ""Sun""}"
2025-07-20T05:07:55.794862,media_player.dlna_b13_box,unknown,unavailable,"{""friendly_name"": ""DLNA-B13 Box"", ""supported_features"": 512575}"
2025-07-20T05:08:08.260367,sensor.upnp_igd_data_received,3437814307,3438615484,"{""state_class"": ""total_increasing"", ""unit_of_measurement"": ""B"", ""device_class"": ""data_size"", ""friendly_name"": ""UPNP IGD Data received""}"
2025-07-20T05:08:08.264202,sensor.upnp_igd_data_sent,1210008397,1210274847,"{""state_class"": ""total_increasing"", ""unit_of_measurement"": ""B"", ""device_class"": ""data_size"", ""friendly_name"": ""UPNP IGD Data sent""}"
2025-07-20T05:08:08.265714,sensor.upnp_igd_packets_received,9653421,9655295,"{""state_class"": ""total_increasing"", ""unit_of_measurement"": ""packets"", ""friendly_name"": ""UPNP IGD Packets received""}"
2025-07-20T05:08:08.267112,sensor.upnp_igd_packets_sent,4712609,4713726,"{""state_class"": ""total_increasing"", ""unit_of_measurement"": ""packets"", ""friendly_name"": ""UPNP IGD Packets sent""}"
2025-07-20T05:08:08.268543,sensor.upnp_igd_uptime,1752998785,1752998815,"{""unit_of_measurement"": ""s"", ""device_class"": ""duration"", ""friendly_name"": ""UPNP IGD Uptime""}"
2025-07-20T05:08:08.269938,sensor.upnp_igd_download_speed,3.46124792307026,26.0801239094315,"{""state_class"": ""measurement"", ""unit_of_measurement"": ""KiB/s"", ""device_class"": ""data_rate"", ""friendly_name"": ""UPNP IGD Download speed""}"
2025-07-20T05:08:08.271307,sensor.upnp_igd_upload_speed,3.42931476893335,8.67355030869336,"{""state_class"": ""measurement"", ""unit_of_measurement"": ""KiB/s"", ""device_class"": ""data_rate"", ""friendly_name"": ""UPNP IGD Upload speed""}"
2025-07-20T05:08:08.272772,sensor.upnp_igd_packet_download_speed,39.866117843111,62.467010235223,"{""state_class"": ""measurement"", ""unit_of_measurement"": ""packets/s"", ""friendly_name"": ""UPNP IGD Packet download speed""}"
2025-07-20T05:08:08.274117,sensor.upnp_igd_packet_upload_speed,19.1997356836388,37.233538117793,"{""state_class"": ""measurement"", ""unit_of_measurement"": ""packets/s"", ""friendly_name"": ""UPNP IGD Packet upload speed""}"
2025-07-20T05:08:10.261565,automation.aut_status_bruno,on,on,"{""id"": ""1751855857509"", ""last_triggered"": ""2025-07-20T08:08:10.253917+00:00"", ""mode"": ""single"", ""current"": 1, ""friendly_name"": ""aut-status-bruno""}"
2025-07-20T05:08:10.264372,automation.aut_status_bruno,on,on,"{""id"": ""1751855857509"", ""last_triggered"": ""2025-07-20T08:08:10.253917+00:00"", ""mode"": ""single"", ""current"": 0, ""friendly_name"": ""aut-status-bruno""}"
2025-07-20T05:08:38.238542,sensor.upnp_igd_data_received,3438615484,3438726209,"{""state_class"": ""total_increasing"", ""unit_of_measurement"": ""B"", ""device_class"": ""data_size"", ""friendly_name"": ""UPNP IGD Data received""}"
2025-07-20T05:08:38.241314,sensor.upnp_igd_data_sent,1210274847,1210398255,"{""state_class"": ""total_increasing"", ""unit_of_measurement"": ""B"", ""device_class"": ""data_size"", ""friendly_name"": ""UPNP IGD Data sent""}"
2025-07-20T05:08:38.242823,sensor.upnp_igd_packets_received,9655295,9656547,"{""state_class"": ""total_increasing"", ""unit_of_measurement"": ""packets"", ""friendly_name"": ""UPNP IGD Packets received""}"
2025-07-20T05:08:38.244353,sensor.upnp_igd_packets_sent,4713726,4714392,"{""state_class"": ""total_increasing"", ""unit_of_measurement"": ""packets"", ""friendly_name"": ""UPNP IGD Packets sent""}"
2025-07-20T05:08:38.245736,sensor.upnp_igd_uptime,1752998815,1752998845,"{""unit_of_measurement"": ""s"", ""device_class"": ""duration"", ""friendly_name"": ""UPNP IGD Uptime""}"
2025-07-20T05:08:38.247196,sensor.upnp_igd_download_speed,26.0801239094315,3.60434768911162,"{""state_class"": ""measurement"", ""unit_of_measurement"": ""KiB/s"", ""device_class"": ""data_rate"", ""friendly_name"": ""UPNP IGD Download speed""}"
2025-07-20T05:08:38.248652,sensor.upnp_igd_upload_speed,8.67355030869336,4.01720785385313,"{""state_class"": ""measurement"", ""unit_of_measurement"": ""KiB/s"", ""device_class"": ""data_rate"", ""friendly_name"": ""UPNP IGD Upload speed""}"
2025-07-20T05:08:38.250023,sensor.upnp_igd_packet_download_speed,62.467010235223,41.7335447832936,"{""state_class"": ""measurement"", ""unit_of_measurement"": ""packets/s"", ""friendly_name"": ""UPNP IGD Packet download speed""}"
2025-07-20T05:08:38.251832,sensor.upnp_igd_packet_upload_speed,37.233538117793,22.2001124805699,"{""state_class"": ""measurement"", ""unit_of_measurement"": ""packets/s"", ""friendly_name"": ""UPNP IGD Packet upload speed""}"
2025-07-20T05:09:08.238220,sensor.upnp_igd_data_received,3438726209,3438809906,"{""state_class"": ""total_increasing"", ""unit_of_measurement"": ""B"", ""device_class"": ""data_size"", ""friendly_name"": ""UPNP IGD Data received""}"
2025-07-20T05:09:08.240205,sensor.upnp_igd_data_sent,1210398255,1210500278,"{""state_class"": ""total_increasing"", ""unit_of_measurement"": ""B"", ""device_class"": ""data_size"", ""friendly_name"": ""UPNP IGD Data sent""}"
2025-07-20T05:09:08.241721,sensor.upnp_igd_packets_received,9656547,9657697,"{""state_class"": ""total_increasing"", ""unit_of_measurement"": ""packets"", ""friendly_name"": ""UPNP IGD Packets received""}"
2025-07-20T05:09:08.243082,sensor.upnp_igd_packets_sent,4714392,4715009,"{""state_class"": ""total_increasing"", ""unit_of_measurement"": ""packets"", ""friendly_name"": ""UPNP IGD Packets sent""}"
2025-07-20T05:09:08.244506,sensor.upnp_igd_uptime,1752998845,1752998875,"{""unit_of_measurement"": ""s"", ""device_class"": ""duration"", ""friendly_name"": ""UPNP IGD Uptime""}"
2025-07-20T05:09:08.245879,sensor.upnp_igd_download_speed,3.60434768911162,2.72450181972672,"{""state_class"": ""measurement"", ""unit_of_measurement"": ""KiB/s"", ""device_class"": ""data_rate"", ""friendly_name"": ""UPNP IGD Download speed""}"
2025-07-20T05:09:08.247375,sensor.upnp_igd_upload_speed,4.01720785385313,3.32104913143816,"{""state_class"": ""measurement"", ""unit_of_measurement"": ""KiB/s"", ""device_class"": ""data_rate"", ""friendly_name"": ""UPNP IGD Upload speed""}"
2025-07-20T05:09:08.248784,sensor.upnp_igd_packet_download_speed,41.7335447832936,38.3331940560616,"{""state_class"": ""measurement"", ""unit_of_measurement"": ""packets/s"", ""friendly_name"": ""UPNP IGD Packet download speed""}"
2025-07-20T05:09:08.250163,sensor.upnp_igd_packet_upload_speed,22.2001124805699,20.5665919413826,"{""state_class"": ""measurement"", ""unit_of_measurement"": ""packets/s"", ""friendly_name"": ""UPNP IGD Packet upload speed""}"
2025-07-20T05:09:10.262484,automation.aut_status_bruno,on,on,"{""id"": ""1751855857509"", ""last_triggered"": ""2025-07-20T08:09:10.253249+00:00"", ""mode"": ""single"", ""current"": 1, ""friendly_name"": ""aut-status-bruno""}"
2025-07-20T05:09:10.265038,automation.aut_status_bruno,on,on,"{""id"": ""1751855857509"", ""last_triggered"": ""2025-07-20T08:09:10.253249+00:00"", ""mode"": ""single"", ""current"": 0, ""friendly_name"": ""aut-status-bruno""}"
2025-07-20T05:09:38.238709,sensor.upnp_igd_data_received,3438809906,3438896082,"{""state_class"": ""total_increasing"", ""unit_of_measurement"": ""B"", ""device_class"": ""data_size"", ""friendly_name"": ""UPNP IGD Data received""}"
2025-07-20T05:09:38.241387,sensor.upnp_igd_data_sent,1210500278,1210598880,"{""state_class"": ""total_increasing"", ""unit_of_measurement"": ""B"", ""device_class"": ""data_size"", ""friendly_name"": ""UPNP IGD Data sent""}"
2025-07-20T05:09:38.242939,sensor.upnp_igd_packets_received,9657697,9658819,"{""state_class"": ""total_increasing"", ""unit_of_measurement"": ""packets"", ""friendly_name"": ""UPNP IGD Packets received""}"
2025-07-20T05:09:38.244375,sensor.upnp_igd_packets_sent,4715009,4715561,"{""state_class"": ""total_increasing"", ""unit_of_measurement"": ""packets"", ""friendly_name"": ""UPNP IGD Packets sent""}"
2025-07-20T05:09:38.245765,sensor.upnp_igd_uptime,1752998875,1752998905,"{""unit_of_measurement"": ""s"", ""device_class"": ""duration"", ""friendly_name"": ""UPNP IGD Uptime""}"
2025-07-20T05:09:38.247126,sensor.upnp_igd_download_speed,2.72450181972672,2.80515746647794,"{""state_class"": ""measurement"", ""unit_of_measurement"": ""KiB/s"", ""device_class"": ""data_rate"", ""friendly_name"": ""UPNP IGD Download speed""}"
2025-07-20T05:09:38.248640,sensor.upnp_igd_upload_speed,3.32104913143816,3.20964231931928,"{""state_class"": ""measurement"", ""unit_of_measurement"": ""KiB/s"", ""device_class"": ""data_rate"", ""friendly_name"": ""UPNP IGD Upload speed""}"
2025-07-20T05:09:38.250179,sensor.upnp_igd_packet_download_speed,38.3331940560616,37.3993218256309,"{""state_class"": ""measurement"", ""unit_of_measurement"": ""packets/s"", ""friendly_name"": ""UPNP IGD Packet download speed""}"
2025-07-20T05:09:38.251782,sensor.upnp_igd_packet_upload_speed,20.5665919413826,18.3996663527168,"{""state_class"": ""measurement"", ""unit_of_measurement"": ""packets/s"", ""friendly_name"": ""UPNP IGD Packet upload speed""}"
2025-07-20T05:10:00.168199,automation.automacao_cortina,on,on,"{""id"": ""1747703519499"", ""last_triggered"": ""2025-07-20T08:10:00.161566+00:00"", ""mode"": ""single"", ""current"": 1, ""friendly_name"": ""automacao-cortina""}"
2025-07-20T05:10:00.170234,automation.automacao_cortina,on,on,"{""id"": ""1747703519499"", ""last_triggered"": ""2025-07-20T08:10:00.161566+00:00"", ""mode"": ""single"", ""current"": 0, ""friendly_name"": ""automacao-cortina""}"
2025-07-20T05:10:08.239135,sensor.upnp_igd_data_received,3438896082,3439004693,"{""state_class"": ""total_increasing"", ""unit_of_measurement"": ""B"", ""device_class"": ""data_size"", ""friendly_name"": ""UPNP IGD Data received""}"
2025-07-20T05:10:08.241661,sensor.upnp_igd_data_sent,1210598880,1210717279,"{""state_class"": ""total_increasing"", ""unit_of_measurement"": ""B"", ""device_class"": ""data_size"", ""friendly_name"": ""UPNP IGD Data sent""}"
2025-07-20T05:10:08.243388,sensor.upnp_igd_packets_received,9658819,9660032,"{""state_class"": ""total_increasing"", ""unit_of_measurement"": ""packets"", ""friendly_name"": ""UPNP IGD Packets received""}"
2025-07-20T05:10:08.245990,sensor.upnp_igd_packets_sent,4715561,4716232,"{""state_class"": ""total_increasing"", ""unit_of_measurement"": ""packets"", ""friendly_name"": ""UPNP IGD Packets sent""}"
2025-07-20T05:10:08.247496,sensor.upnp_igd_uptime,1752998905,1752998935,"{""unit_of_measurement"": ""s"", ""device_class"": ""duration"", ""friendly_name"": ""UPNP IGD Uptime""}"
2025-07-20T05:10:08.248915,sensor.upnp_igd_download_speed,2.80515746647794,3.53550972675402,"{""state_class"": ""measurement"", ""unit_of_measurement"": ""KiB/s"", ""device_class"": ""data_rate"", ""friendly_name"": ""UPNP IGD Download speed""}"
2025-07-20T05:10:08.250307,sensor.upnp_igd_upload_speed,3.20964231931928,3.8541291042155,"{""state_class"": ""measurement"", ""unit_of_measurement"": ""KiB/s"", ""device_class"": ""data_rate"", ""friendly_name"": ""UPNP IGD Upload speed""}"
2025-07-20T05:10:08.251714,sensor.upnp_igd_packet_download_speed,37.3993218256309,40.4332807700683,"{""state_class"": ""measurement"", ""unit_of_measurement"": ""packets/s"", ""friendly_name"": ""UPNP IGD Packet download speed""}"
2025-07-20T05:10:08.253128,sensor.upnp_igd_packet_upload_speed,18.3996663527168,22.3666375900378,"{""state_class"": ""measurement"", ""unit_of_measurement"": ""packets/s"", ""friendly_name"": ""UPNP IGD Packet upload speed""}"
2025-07-20T05:10:10.261937,automation.aut_status_bruno,on,on,"{""id"": ""1751855857509"", ""last_triggered"": ""2025-07-20T08:10:10.254106+00:00"", ""mode"": ""single"", ""current"": 1, ""friendly_name"": ""aut-status-bruno""}"
2025-07-20T05:10:10.265105,automation.aut_status_bruno,on,on,"{""id"": ""1751855857509"", ""last_triggered"": ""2025-07-20T08:10:10.254106+00:00"", ""mode"": ""single"", ""current"": 0, ""friendly_name"": ""aut-status-bruno""}"
2025-07-20T05:10:38.252070,sensor.upnp_igd_data_received,3439004693,3439090955,"{""state_class"": ""total_increasing"", ""unit_of_measurement"": ""B"", ""device_class"": ""data_size"", ""friendly_name"": ""UPNP IGD Data received""}"
2025-07-20T05:10:38.253844,sensor.upnp_igd_data_sent,1210717279,1210819212,"{""state_class"": ""total_increasing"", ""unit_of_measurement"": ""B"", ""device_class"": ""data_size"", ""friendly_name"": ""UPNP IGD Data sent""}"
2025-07-20T05:10:38.255873,sensor.upnp_igd_packets_received,9660032,9661189,"{""state_class"": ""total_increasing"", ""unit_of_measurement"": ""packets"", ""friendly_name"": ""UPNP IGD Packets received""}"
2025-07-20T05:10:38.257740,sensor.upnp_igd_packets_sent,4716232,4716820,"{""state_class"": ""total_increasing"", ""unit_of_measurement"": ""packets"", ""friendly_name"": ""UPNP IGD Packets sent""}"
2025-07-20T05:10:38.259707,sensor.upnp_igd_uptime,1752998935,1752998966,"{""unit_of_measurement"": ""s"", ""device_class"": ""duration"", ""friendly_name"": ""UPNP IGD Uptime""}"
2025-07-20T05:10:38.261562,sensor.upnp_igd_download_speed,3.53550972675402,2.80798806298396,"{""state_class"": ""measurement"", ""unit_of_measurement"": ""KiB/s"", ""device_class"": ""data_rate"", ""friendly_name"": ""UPNP IGD Download speed""}"
2025-07-20T05:10:38.263462,sensor.upnp_igd_upload_speed,3.8541291042155,3.31810817305585,"{""state_class"": ""measurement"", ""unit_of_measurement"": ""KiB/s"", ""device_class"": ""data_rate"", ""friendly_name"": ""UPNP IGD Upload speed""}"
2025-07-20T05:10:38.265236,sensor.upnp_igd_packet_download_speed,40.4332807700683,38.5663954163522,"{""state_class"": ""measurement"", ""unit_of_measurement"": ""packets/s"", ""friendly_name"": ""UPNP IGD Packet download speed""}"
2025-07-20T05:10:38.267091,sensor.upnp_igd_packet_upload_speed,22.3666375900378,19.5998621476362,"{""state_class"": ""measurement"", ""unit_of_measurement"": ""packets/s"", ""friendly_name"": ""UPNP IGD Packet upload speed""}"
2025-07-20T05:11:08.237058,sensor.upnp_igd_data_received,3439090955,3439179380,"{""state_class"": ""total_increasing"", ""unit_of_measurement"": ""B"", ""device_class"": ""data_size"", ""friendly_name"": ""UPNP IGD Data received""}"
2025-07-20T05:11:08.241178,sensor.upnp_igd_data_sent,1210819212,1210924232,"{""state_class"": ""total_increasing"", ""unit_of_measurement"": ""B"", ""device_class"": ""data_size"", ""friendly_name"": ""UPNP IGD Data sent""}"
2025-07-20T05:11:08.242757,sensor.upnp_igd_packets_received,9661189,9662351,"{""state_class"": ""total_increasing"", ""unit_of_measurement"": ""packets"", ""friendly_name"": ""UPNP IGD Packets received""}"
2025-07-20T05:11:08.244198,sensor.upnp_igd_packets_sent,4716820,4717399,"{""state_class"": ""total_increasing"", ""unit_of_measurement"": ""packets"", ""friendly_name"": ""UPNP IGD Packets sent""}"
2025-07-20T05:11:08.245616,sensor.upnp_igd_uptime,1752998966,1752998995,"{""unit_of_measurement"": ""s"", ""device_class"": ""duration"", ""friendly_name"": ""UPNP IGD Uptime""}"
2025-07-20T05:11:08.247046,sensor.upnp_igd_download_speed,2.80798806298396,2.87848628482449,"{""state_class"": ""measurement"", ""unit_of_measurement"": ""KiB/s"", ""device_class"": ""data_rate"", ""friendly_name"": ""UPNP IGD Download speed""}"
2025-07-20T05:11:08.248537,sensor.upnp_igd_upload_speed,3.31810817305585,3.41870092883538,"{""state_class"": ""measurement"", ""unit_of_measurement"": ""KiB/s"", ""device_class"": ""data_rate"", ""friendly_name"": ""UPNP IGD Upload speed""}"
2025-07-20T05:11:08.249923,sensor.upnp_igd_packet_download_speed,38.5663954163522,38.7342526262623,"{""state_class"": ""measurement"", ""unit_of_measurement"": ""packets/s"", ""friendly_name"": ""UPNP IGD Packet download speed""}"
2025-07-20T05:11:08.251308,sensor.upnp_igd_packet_upload_speed,19.5998621476362,19.3004580642047,"{""state_class"": ""measurement"", ""unit_of_measurement"": ""packets/s"", ""friendly_name"": ""UPNP IGD Packet upload speed""}"
2025-07-20T05:11:10.280528,automation.aut_status_bruno,on,on,"{""id"": ""1751855857509"", ""last_triggered"": ""2025-07-20T08:11:10.253833+00:00"", ""mode"": ""single"", ""current"": 1, ""friendly_name"": ""aut-status-bruno""}"
2025-07-20T05:11:10.287731,automation.aut_status_bruno,on,on,"{""id"": ""1751855857509"", ""last_triggered"": ""2025-07-20T08:11:10.253833+00:00"", ""mode"": ""single"", ""current"": 0, ""friendly_name"": ""aut-status-bruno""}"
2025-07-20T05:11:38.253818,sensor.upnp_igd_data_received,3439179380,3439268288,"{""state_class"": ""total_increasing"", ""unit_of_measurement"": ""B"", ""device_class"": ""data_size"", ""friendly_name"": ""UPNP IGD Data received""}"
2025-07-20T05:11:38.256814,sensor.upnp_igd_data_sent,1210924232,1211026379,"{""state_class"": ""total_increasing"", ""unit_of_measurement"": ""B"", ""device_class"": ""data_size"", ""friendly_name"": ""UPNP IGD Data sent""}"
2025-07-20T05:11:38.258454,sensor.upnp_igd_packets_received,9662351,9663494,"{""state_class"": ""total_increasing"", ""unit_of_measurement"": ""packets"", ""friendly_name"": ""UPNP IGD Packets received""}"
2025-07-20T05:11:38.259992,sensor.upnp_igd_packets_sent,4717399,4717994,"{""state_class"": ""total_increasing"", ""unit_of_measurement"": ""packets"", ""friendly_name"": ""UPNP IGD Packets sent""}"
2025-07-20T05:11:38.261335,sensor.upnp_igd_uptime,1752998995,1752999025,"{""unit_of_measurement"": ""s"", ""device_class"": ""duration"", ""friendly_name"": ""UPNP IGD Uptime""}"
2025-07-20T05:11:38.262720,sensor.upnp_igd_download_speed,2.87848628482449,2.89412528613598,"{""state_class"": ""measurement"", ""unit_of_measurement"": ""KiB/s"", ""device_class"": ""data_rate"", ""friendly_name"": ""UPNP IGD Download speed""}"
2025-07-20T05:11:38.264190,sensor.upnp_igd_upload_speed,3.41870092883538,3.32508003332582,"{""state_class"": ""measurement"", ""unit_of_measurement"": ""KiB/s"", ""device_class"": ""data_rate"", ""friendly_name"": ""UPNP IGD Upload speed""}"
2025-07-20T05:11:38.265573,sensor.upnp_igd_packet_download_speed,38.7342526262623,38.0997980710702,"{""state_class"": ""measurement"", ""unit_of_measurement"": ""packets/s"", ""friendly_name"": ""UPNP IGD Packet download speed""}"
2025-07-20T05:11:38.266959,sensor.upnp_igd_packet_upload_speed,19.3004580642047,19.8332282172238,"{""state_class"": ""measurement"", ""unit_of_measurement"": ""packets/s"", ""friendly_name"": ""UPNP IGD Packet upload speed""}"
2025-07-20T05:11:53.575440,sun.sun,below_horizon,below_horizon,"{""next_dawn"": ""2025-07-20T08:33:51.151304+00:00"", ""next_dusk"": ""2025-07-20T20:47:13.005418+00:00"", ""next_midnight"": ""2025-07-21T02:40:32+00:00"", ""next_noon"": ""2025-07-20T14:40:27+00:00"", ""next_rising"": ""2025-07-20T08:56:54.429420+00:00"", ""next_setting"": ""2025-07-20T20:24:10.176365+00:00"", ""elevation"": -11.08, ""azimuth"": 71.19, ""rising"": true, ""friendly_name"": ""Sun""}"
2025-07-20T05:12:08.275754,sensor.upnp_igd_data_received,3439268288,3439374975,"{""state_class"": ""total_increasing"", ""unit_of_measurement"": ""B"", ""device_class"": ""data_size"", ""friendly_name"": ""UPNP IGD Data received""}"
2025-07-20T05:12:08.281642,sensor.upnp_igd_data_sent,1211026379,1211140726,"{""state_class"": ""total_increasing"", ""unit_of_measurement"": ""B"", ""device_class"": ""data_size"", ""friendly_name"": ""UPNP IGD Data sent""}"
2025-07-20T05:12:08.286086,sensor.upnp_igd_packets_received,9663494,9664721,"{""state_class"": ""total_increasing"", ""unit_of_measurement"": ""packets"", ""friendly_name"": ""UPNP IGD Packets received""}"
2025-07-20T05:12:08.291689,sensor.upnp_igd_packets_sent,4717994,4718606,"{""state_class"": ""total_increasing"", ""unit_of_measurement"": ""packets"", ""friendly_name"": ""UPNP IGD Packets sent""}"
2025-07-20T05:12:08.295628,sensor.upnp_igd_uptime,1752999025,1752999055,"{""unit_of_measurement"": ""s"", ""device_class"": ""duration"", ""friendly_name"": ""UPNP IGD Uptime""}"
2025-07-20T05:12:08.300479,sensor.upnp_igd_download_speed,2.89412528613598,3.47289592242947,"{""state_class"": ""measurement"", ""unit_of_measurement"": ""KiB/s"", ""device_class"": ""data_rate"", ""friendly_name"": ""UPNP IGD Download speed""}"
2025-07-20T05:12:08.304379,sensor.upnp_igd_upload_speed,3.32508003332582,3.72224572855214,"{""state_class"": ""measurement"", ""unit_of_measurement"": ""KiB/s"", ""device_class"": ""data_rate"", ""friendly_name"": ""UPNP IGD Upload speed""}"
2025-07-20T05:12:08.308359,sensor.upnp_igd_packet_download_speed,38.0997980710702,40.9001390604728,"{""state_class"": ""measurement"", ""unit_of_measurement"": ""packets/s"", ""friendly_name"": ""UPNP IGD Packet download speed""}"
2025-07-20T05:12:08.312565,sensor.upnp_igd_packet_upload_speed,19.8332282172238,20.4000693602358,"{""state_class"": ""measurement"", ""unit_of_measurement"": ""packets/s"", ""friendly_name"": ""UPNP IGD Packet upload speed""}"
2025-07-20T05:12:10.260603,automation.aut_status_bruno,on,on,"{""id"": ""1751855857509"", ""last_triggered"": ""2025-07-20T08:12:10.252238+00:00"", ""mode"": ""single"", ""current"": 1, ""friendly_name"": ""aut-status-bruno""}"
2025-07-20T05:12:10.263211,automation.aut_status_bruno,on,on,"{""id"": ""1751855857509"", ""last_triggered"": ""2025-07-20T08:12:10.252238+00:00"", ""mode"": ""single"", ""current"": 0, ""friendly_name"": ""aut-status-bruno""}"
2025-07-20T05:12:38.238598,sensor.upnp_igd_data_received,3439374975,3439470281,"{""state_class"": ""total_increasing"", ""unit_of_measurement"": ""B"", ""device_class"": ""data_size"", ""friendly_name"": ""UPNP IGD Data received""}"
2025-07-20T05:12:38.241360,sensor.upnp_igd_data_sent,1211140726,1211251232,"{""state_class"": ""total_increasing"", ""unit_of_measurement"": ""B"", ""device_class"": ""data_size"", ""friendly_name"": ""UPNP IGD Data sent""}"
2025-07-20T05:12:38.242840,sensor.upnp_igd_packets_received,9664721,9665914,"{""state_class"": ""total_increasing"", ""unit_of_measurement"": ""packets"", ""friendly_name"": ""UPNP IGD Packets received""}"
2025-07-20T05:12:38.244481,sensor.upnp_igd_packets_sent,4718606,4719191,"{""state_class"": ""total_increasing"", ""unit_of_measurement"": ""packets"", ""friendly_name"": ""UPNP IGD Packets sent""}"
2025-07-20T05:12:38.247050,sensor.upnp_igd_uptime,1752999055,1752999085,"{""unit_of_measurement"": ""s"", ""device_class"": ""duration"", ""friendly_name"": ""UPNP IGD Uptime""}"
2025-07-20T05:12:38.248613,sensor.upnp_igd_download_speed,3.47289592242947,3.10243098484103,"{""state_class"": ""measurement"", ""unit_of_measurement"": ""KiB/s"", ""device_class"": ""data_rate"", ""friendly_name"": ""UPNP IGD Download speed""}"
2025-07-20T05:12:38.249993,sensor.upnp_igd_upload_speed,3.72224572855214,3.59722618104676,"{""state_class"": ""measurement"", ""unit_of_measurement"": ""KiB/s"", ""device_class"": ""data_rate"", ""friendly_name"": ""UPNP IGD Upload speed""}"
2025-07-20T05:12:38.251535,sensor.upnp_igd_packet_download_speed,40.9001390604728,39.7669503375791,"{""state_class"": ""measurement"", ""unit_of_measurement"": ""packets/s"", ""friendly_name"": ""UPNP IGD Packet download speed""}"
2025-07-20T05:12:38.252977,sensor.upnp_igd_packet_upload_speed,20.4000693602358,19.5001391009923,"{""state_class"": ""measurement"", ""unit_of_measurement"": ""packets/s"", ""friendly_name"": ""UPNP IGD Packet upload speed""}"
2025-07-20T05:12:51.317496,camera.192_168_0_33,idle,idle,"{""access_token"": ""d4d7b74eb976174d5278ca1b24b65858aa17545ab366f800f6407d434143ebec"", ""entity_picture"": ""/api/camera_proxy/camera.192_168_0_33?token=d4d7b74eb976174d5278ca1b24b65858aa17545ab366f800f6407d434143ebec"", ""friendly_name"": ""192_168_0_14"", ""supported_features"": 2}"
2025-07-20T05:12:51.319304,camera.admin_mainstream,idle,idle,"{""access_token"": ""36dee5f79122708265d43653359b8362ce06aa443b84cb3aa199a47f56f32589"", ""entity_picture"": ""/api/camera_proxy/camera.admin_mainstream?token=36dee5f79122708265d43653359b8362ce06aa443b84cb3aa199a47f56f32589"", ""friendly_name"": ""admin MainStream"", ""supported_features"": 2}"
2025-07-20T05:12:51.321045,camera.admin_substream,idle,idle,"{""access_token"": ""52fb84c523771f8de23e66574485c1141d127912ba462eec9cbb7a4acfce9f3f"", ""entity_picture"": ""/api/camera_proxy/camera.admin_substream?token=52fb84c523771f8de23e66574485c1141d127912ba462eec9cbb7a4acfce9f3f"", ""friendly_name"": ""admin SubStream"", ""supported_features"": 2}"
2025-07-20T05:13:08.253967,sensor.upnp_igd_data_received,3439470281,3440126171,"{""state_class"": ""total_increasing"", ""unit_of_measurement"": ""B"", ""device_class"": ""data_size"", ""friendly_name"": ""UPNP IGD Data received""}"
2025-07-20T05:13:08.257026,sensor.upnp_igd_data_sent,1211251232,1211382633,"{""state_class"": ""total_increasing"", ""unit_of_measurement"": ""B"", ""device_class"": ""data_size"", ""friendly_name"": ""UPNP IGD Data sent""}"
2025-07-20T05:13:08.259255,sensor.upnp_igd_packets_received,9665914,9667529,"{""state_class"": ""total_increasing"", ""unit_of_measurement"": ""packets"", ""friendly_name"": ""UPNP IGD Packets received""}"
2025-07-20T05:13:08.261046,sensor.upnp_igd_packets_sent,4719191,4719909,"{""state_class"": ""total_increasing"", ""unit_of_measurement"": ""packets"", ""friendly_name"": ""UPNP IGD Packets sent""}"
2025-07-20T05:13:08.262473,sensor.upnp_igd_uptime,1752999085,1752999115,"{""unit_of_measurement"": ""s"", ""device_class"": ""duration"", ""friendly_name"": ""UPNP IGD Uptime""}"
2025-07-20T05:13:08.264042,sensor.upnp_igd_download_speed,3.10243098484103,21.3504080174332,"{""state_class"": ""measurement"", ""unit_of_measurement"": ""KiB/s"", ""device_class"": ""data_rate"", ""friendly_name"": ""UPNP IGD Download speed""}"
2025-07-20T05:13:08.265496,sensor.upnp_igd_upload_speed,3.59722618104676,4.27734065757785,"{""state_class"": ""measurement"", ""unit_of_measurement"": ""KiB/s"", ""device_class"": ""data_rate"", ""friendly_name"": ""UPNP IGD Upload speed""}"
2025-07-20T05:13:08.266897,sensor.upnp_igd_packet_download_speed,39.7669503375791,53.8328847259606,"{""state_class"": ""measurement"", ""unit_of_measurement"": ""packets/s"", ""friendly_name"": ""UPNP IGD Packet download speed""}"
2025-07-20T05:13:08.268342,sensor.upnp_igd_packet_upload_speed,19.5001391009923,23.9331338905509,"{""state_class"": ""measurement"", ""unit_of_measurement"": ""packets/s"", ""friendly_name"": ""UPNP IGD Packet upload speed""}"
2025-07-20T05:13:10.261368,automation.aut_status_bruno,on,on,"{""id"": ""1751855857509"", ""last_triggered"": ""2025-07-20T08:13:10.252618+00:00"", ""mode"": ""single"", ""current"": 1, ""friendly_name"": ""aut-status-bruno""}"
2025-07-20T05:13:10.264365,automation.aut_status_bruno,on,on,"{""id"": ""1751855857509"", ""last_triggered"": ""2025-07-20T08:13:10.252618+00:00"", ""mode"": ""single"", ""current"": 0, ""friendly_name"": ""aut-status-bruno""}"
2025-07-20T05:13:38.239232,sensor.upnp_igd_data_received,3440126171,3443481847,"{""state_class"": ""total_increasing"", ""unit_of_measurement"": ""B"", ""device_class"": ""data_size"", ""friendly_name"": ""UPNP IGD Data received""}"
2025-07-20T05:13:38.241796,sensor.upnp_igd_data_sent,1211382633,1215073975,"{""state_class"": ""total_increasing"", ""unit_of_measurement"": ""B"", ""device_class"": ""data_size"", ""friendly_name"": ""UPNP IGD Data sent""}"
2025-07-20T05:13:38.243450,sensor.upnp_igd_packets_received,9667529,9672948,"{""state_class"": ""total_increasing"", ""unit_of_measurement"": ""packets"", ""friendly_name"": ""UPNP IGD Packets received""}"
2025-07-20T05:13:38.244873,sensor.upnp_igd_packets_sent,4719909,4724722,"{""state_class"": ""total_increasing"", ""unit_of_measurement"": ""packets"", ""friendly_name"": ""UPNP IGD Packets sent""}"
2025-07-20T05:13:38.246231,sensor.upnp_igd_uptime,1752999115,1752999145,"{""unit_of_measurement"": ""s"", ""device_class"": ""duration"", ""friendly_name"": ""UPNP IGD Uptime""}"
2025-07-20T05:13:38.247719,sensor.upnp_igd_download_speed,21.3504080174332,109.235115031416,"{""state_class"": ""measurement"", ""unit_of_measurement"": ""KiB/s"", ""device_class"": ""data_rate"", ""friendly_name"": ""UPNP IGD Download speed""}"
2025-07-20T05:13:38.249322,sensor.upnp_igd_upload_speed,4.27734065757785,120.161829685076,"{""state_class"": ""measurement"", ""unit_of_measurement"": ""KiB/s"", ""device_class"": ""data_rate"", ""friendly_name"": ""UPNP IGD Upload speed""}"
2025-07-20T05:13:38.251579,sensor.upnp_igd_packet_download_speed,53.8328847259606,180.634772390353,"{""state_class"": ""measurement"", ""unit_of_measurement"": ""packets/s"", ""friendly_name"": ""UPNP IGD Packet download speed""}"
2025-07-20T05:13:38.253443,sensor.upnp_igd_packet_upload_speed,23.9331338905509,160.434611462405,"{""state_class"": ""measurement"", ""unit_of_measurement"": ""packets/s"", ""friendly_name"": ""UPNP IGD Packet upload speed""}"
2025-07-20T05:14:08.307061,sensor.upnp_igd_data_received,3443481847,3445120391,"{""state_class"": ""total_increasing"", ""unit_of_measurement"": ""B"", ""device_class"": ""data_size"", ""friendly_name"": ""UPNP IGD Data received""}"
2025-07-20T05:14:08.309626,sensor.upnp_igd_data_sent,1215073975,1215523647,"{""state_class"": ""total_increasing"", ""unit_of_measurement"": ""B"", ""device_class"": ""data_size"", ""friendly_name"": ""UPNP IGD Data sent""}"
2025-07-20T05:14:08.311198,sensor.upnp_igd_packets_received,9672948,9676369,"{""state_class"": ""total_increasing"", ""unit_of_measurement"": ""packets"", ""friendly_name"": ""UPNP IGD Packets received""}"
2025-07-20T05:14:08.312681,sensor.upnp_igd_packets_sent,4724722,4726639,"{""state_class"": ""total_increasing"", ""unit_of_measurement"": ""packets"", ""friendly_name"": ""UPNP IGD Packets sent""}"
2025-07-20T05:14:08.314047,sensor.upnp_igd_uptime,1752999145,1752999176,"{""unit_of_measurement"": ""s"", ""device_class"": ""duration"", ""friendly_name"": ""UPNP IGD Uptime""}"
2025-07-20T05:14:08.315479,sensor.upnp_igd_download_speed,109.235115031416,53.3381595125481,"{""state_class"": ""measurement"", ""unit_of_measurement"": ""KiB/s"", ""device_class"": ""data_rate"", ""friendly_name"": ""UPNP IGD Download speed""}"
2025-07-20T05:14:08.316889,sensor.upnp_igd_upload_speed,120.161829685076,14.6377984749427,"{""state_class"": ""measurement"", ""unit_of_measurement"": ""KiB/s"", ""device_class"": ""data_rate"", ""friendly_name"": ""UPNP IGD Upload speed""}"
2025-07-20T05:14:08.318299,sensor.upnp_igd_packet_download_speed,180.634772390353,114.033629820771,"{""state_class"": ""measurement"", ""unit_of_measurement"": ""packets/s"", ""friendly_name"": ""UPNP IGD Packet download speed""}"
2025-07-20T05:14:08.319716,sensor.upnp_igd_packet_upload_speed,160.434611462405,63.900166140432,"{""state_class"": ""measurement"", ""unit_of_measurement"": ""packets/s"", ""friendly_name"": ""UPNP IGD Packet upload speed""}"
2025-07-20T05:14:10.261730,automation.aut_status_bruno,on,on,"{""id"": ""1751855857509"", ""last_triggered"": ""2025-07-20T08:14:10.252595+00:00"", ""mode"": ""single"", ""current"": 1, ""friendly_name"": ""aut-status-bruno""}"
2025-07-20T05:14:10.264589,automation.aut_status_bruno,on,on,"{""id"": ""1751855857509"", ""last_triggered"": ""2025-07-20T08:14:10.252595+00:00"", ""mode"": ""single"", ""current"": 0, ""friendly_name"": ""aut-status-bruno""}"
2025-07-20T05:14:38.238863,sensor.upnp_igd_data_received,3445120391,3445268930,"{""state_class"": ""total_increasing"", ""unit_of_measurement"": ""B"", ""device_class"": ""data_size"", ""friendly_name"": ""UPNP IGD Data received""}"
2025-07-20T05:14:38.240854,sensor.upnp_igd_data_sent,1215523647,1215658438,"{""state_class"": ""total_increasing"", ""unit_of_measurement"": ""B"", ""device_class"": ""data_size"", ""friendly_name"": ""UPNP IGD Data sent""}"
2025-07-20T05:14:38.242320,sensor.upnp_igd_packets_received,9676369,9677808,"{""state_class"": ""total_increasing"", ""unit_of_measurement"": ""packets"", ""friendly_name"": ""UPNP IGD Packets received""}"
2025-07-20T05:14:38.243717,sensor.upnp_igd_packets_sent,4726639,4727403,"{""state_class"": ""total_increasing"", ""unit_of_measurement"": ""packets"", ""friendly_name"": ""UPNP IGD Packets sent""}"
2025-07-20T05:14:38.245035,sensor.upnp_igd_uptime,1752999176,1752999205,"{""unit_of_measurement"": ""s"", ""device_class"": ""duration"", ""friendly_name"": ""UPNP IGD Uptime""}"
2025-07-20T05:14:38.246458,sensor.upnp_igd_download_speed,53.3381595125481,4.83520990583986,"{""state_class"": ""measurement"", ""unit_of_measurement"": ""KiB/s"", ""device_class"": ""data_rate"", ""friendly_name"": ""UPNP IGD Download speed""}"
2025-07-20T05:14:38.247857,sensor.upnp_igd_upload_speed,14.6377984749427,4.38768793662311,"{""state_class"": ""measurement"", ""unit_of_measurement"": ""KiB/s"", ""device_class"": ""data_rate"", ""friendly_name"": ""UPNP IGD Upload speed""}"
2025-07-20T05:14:38.249230,sensor.upnp_igd_packet_download_speed,114.033629820771,47.9662301739721,"{""state_class"": ""measurement"", ""unit_of_measurement"": ""packets/s"", ""friendly_name"": ""UPNP IGD Packet download speed""}"
2025-07-20T05:14:38.250617,sensor.upnp_igd_packet_upload_speed,63.900166140432,25.4664349221089,"{""state_class"": ""measurement"", ""unit_of_measurement"": ""packets/s"", ""friendly_name"": ""UPNP IGD Packet upload speed""}"
2025-07-20T05:15:08.240186,sensor.upnp_igd_data_received,3445268930,3445403552,"{""state_class"": ""total_increasing"", ""unit_of_measurement"": ""B"", ""device_class"": ""data_size"", ""friendly_name"": ""UPNP IGD Data received""}"
2025-07-20T05:15:08.241884,sensor.upnp_igd_data_sent,1215658438,1215779610,"{""state_class"": ""total_increasing"", ""unit_of_measurement"": ""B"", ""device_class"": ""data_size"", ""friendly_name"": ""UPNP IGD Data sent""}"
2025-07-20T05:15:08.243351,sensor.upnp_igd_packets_received,9677808,9679248,"{""state_class"": ""total_increasing"", ""unit_of_measurement"": ""packets"", ""friendly_name"": ""UPNP IGD Packets received""}"
2025-07-20T05:15:08.244773,sensor.upnp_igd_packets_sent,4727403,4728129,"{""state_class"": ""total_increasing"", ""unit_of_measurement"": ""packets"", ""friendly_name"": ""UPNP IGD Packets sent""}"
2025-07-20T05:15:08.246080,sensor.upnp_igd_uptime,1752999205,1752999235,"{""unit_of_measurement"": ""s"", ""device_class"": ""duration"", ""friendly_name"": ""UPNP IGD Uptime""}"
2025-07-20T05:15:08.247516,sensor.upnp_igd_download_speed,4.83520990583986,4.38223795631869,"{""state_class"": ""measurement"", ""unit_of_measurement"": ""KiB/s"", ""device_class"": ""data_rate"", ""friendly_name"": ""UPNP IGD Download speed""}"
2025-07-20T05:15:08.248981,sensor.upnp_igd_upload_speed,4.38768793662311,3.94441129713604,"{""state_class"": ""measurement"", ""unit_of_measurement"": ""KiB/s"", ""device_class"": ""data_rate"", ""friendly_name"": ""UPNP IGD Upload speed""}"
2025-07-20T05:15:08.250360,sensor.upnp_igd_packet_download_speed,47.9662301739721,48.0001248003245,"{""state_class"": ""measurement"", ""unit_of_measurement"": ""packets/s"", ""friendly_name"": ""UPNP IGD Packet download speed""}"
2025-07-20T05:15:08.252543,sensor.upnp_igd_packet_upload_speed,25.4664349221089,24.2000629201636,"{""state_class"": ""measurement"", ""unit_of_measurement"": ""packets/s"", ""friendly_name"": ""UPNP IGD Packet upload speed""}"
2025-07-20T05:15:10.262223,automation.aut_status_bruno,on,on,"{""id"": ""1751855857509"", ""last_triggered"": ""2025-07-20T08:15:10.253104+00:00"", ""mode"": ""single"", ""current"": 1, ""friendly_name"": ""aut-status-bruno""}"
2025-07-20T05:15:10.264978,automation.aut_status_bruno,on,on,"{""id"": ""1751855857509"", ""last_triggered"": ""2025-07-20T08:15:10.253104+00:00"", ""mode"": ""single"", ""current"": 0, ""friendly_name"": ""aut-status-bruno""}"
2025-07-20T05:15:38.239777,sensor.upnp_igd_data_received,3445403552,3445517646,"{""state_class"": ""total_increasing"", ""unit_of_measurement"": ""B"", ""device_class"": ""data_size"", ""friendly_name"": ""UPNP IGD Data received""}"
2025-07-20T05:15:38.242169,sensor.upnp_igd_data_sent,1215779610,1215909223,"{""state_class"": ""total_increasing"", ""unit_of_measurement"": ""B"", ""device_class"": ""data_size"", ""friendly_name"": ""UPNP IGD Data sent""}"
2025-07-20T05:15:38.243729,sensor.upnp_igd_packets_received,9679248,9680586,"{""state_class"": ""total_increasing"", ""unit_of_measurement"": ""packets"", ""friendly_name"": ""UPNP IGD Packets received""}"
2025-07-20T05:15:38.245133,sensor.upnp_igd_packets_sent,4728129,4728924,"{""state_class"": ""total_increasing"", ""unit_of_measurement"": ""packets"", ""friendly_name"": ""UPNP IGD Packets sent""}"
2025-07-20T05:15:38.246468,sensor.upnp_igd_uptime,1752999235,1752999265,"{""unit_of_measurement"": ""s"", ""device_class"": ""duration"", ""friendly_name"": ""UPNP IGD Uptime""}"
2025-07-20T05:15:38.247934,sensor.upnp_igd_download_speed,4.38223795631869,3.71392212701156,"{""state_class"": ""measurement"", ""unit_of_measurement"": ""KiB/s"", ""device_class"": ""data_rate"", ""friendly_name"": ""UPNP IGD Download speed""}"
2025-07-20T05:15:38.249311,sensor.upnp_igd_upload_speed,3.94441129713604,4.21908767023988,"{""state_class"": ""measurement"", ""unit_of_measurement"": ""KiB/s"", ""device_class"": ""data_rate"", ""friendly_name"": ""UPNP IGD Upload speed""}"
2025-07-20T05:15:38.250748,sensor.upnp_igd_packet_download_speed,48.0001248003245,44.5990961249852,"{""state_class"": ""measurement"", ""unit_of_measurement"": ""packets/s"", ""friendly_name"": ""UPNP IGD Packet download speed""}"
2025-07-20T05:15:38.252172,sensor.upnp_igd_packet_upload_speed,24.2000629201636,26.4994629442177,"{""state_class"": ""measurement"", ""unit_of_measurement"": ""packets/s"", ""friendly_name"": ""UPNP IGD Packet upload speed""}"
2025-07-20T05:15:53.575266,sun.sun,below_horizon,below_horizon,"{""next_dawn"": ""2025-07-20T08:33:51.151304+00:00"", ""next_dusk"": ""2025-07-20T20:47:13.005418+00:00"", ""next_midnight"": ""2025-07-21T02:40:32+00:00"", ""next_noon"": ""2025-07-20T14:40:27+00:00"", ""next_rising"": ""2025-07-20T08:56:54.429420+00:00"", ""next_setting"": ""2025-07-20T20:24:10.176365+00:00"", ""elevation"": -10.15, ""azimuth"": 71.03, ""rising"": true, ""friendly_name"": ""Sun""}"
2025-07-20T05:16:08.239903,sensor.upnp_igd_data_received,3445517646,3445655733,"{""state_class"": ""total_increasing"", ""unit_of_measurement"": ""B"", ""device_class"": ""data_size"", ""friendly_name"": ""UPNP IGD Data received""}"
2025-07-20T05:16:08.242337,sensor.upnp_igd_data_sent,1215909223,1216101322,"{""state_class"": ""total_increasing"", ""unit_of_measurement"": ""B"", ""device_class"": ""data_size"", ""friendly_name"": ""UPNP IGD Data sent""}"
2025-07-20T05:16:08.244019,sensor.upnp_igd_packets_received,9680586,9681927,"{""state_class"": ""total_increasing"", ""unit_of_measurement"": ""packets"", ""friendly_name"": ""UPNP IGD Packets received""}"
2025-07-20T05:16:08.245511,sensor.upnp_igd_packets_sent,4728924,4729716,"{""state_class"": ""total_increasing"", ""unit_of_measurement"": ""packets"", ""friendly_name"": ""UPNP IGD Packets sent""}"
2025-07-20T05:16:08.246829,sensor.upnp_igd_uptime,1752999265,1752999295,"{""unit_of_measurement"": ""s"", ""device_class"": ""duration"", ""friendly_name"": ""UPNP IGD Uptime""}"
2025-07-20T05:16:08.248251,sensor.upnp_igd_download_speed,3.71392212701156,4.49510299032885,"{""state_class"": ""measurement"", ""unit_of_measurement"": ""KiB/s"", ""device_class"": ""data_rate"", ""friendly_name"": ""UPNP IGD Download speed""}"
2025-07-20T05:16:08.249641,sensor.upnp_igd_upload_speed,4.21908767023988,6.25333875990631,"{""state_class"": ""measurement"", ""unit_of_measurement"": ""KiB/s"", ""device_class"": ""data_rate"", ""friendly_name"": ""UPNP IGD Upload speed""}"
2025-07-20T05:16:08.251056,sensor.upnp_igd_packet_download_speed,44.5990961249852,44.7008299454093,"{""state_class"": ""measurement"", ""unit_of_measurement"": ""packets/s"", ""friendly_name"": ""UPNP IGD Packet download speed""}"
2025-07-20T05:16:08.252476,sensor.upnp_igd_packet_upload_speed,26.4994629442177,26.4004901691008,"{""state_class"": ""measurement"", ""unit_of_measurement"": ""packets/s"", ""friendly_name"": ""UPNP IGD Packet upload speed""}"
2025-07-20T05:16:10.284035,automation.aut_status_bruno,on,on,"{""id"": ""1751855857509"", ""last_triggered"": ""2025-07-20T08:16:10.255879+00:00"", ""mode"": ""single"", ""current"": 1, ""friendly_name"": ""aut-status-bruno""}"
2025-07-20T05:16:10.292313,automation.aut_status_bruno,on,on,"{""id"": ""1751855857509"", ""last_triggered"": ""2025-07-20T08:16:10.255879+00:00"", ""mode"": ""single"", ""current"": 0, ""friendly_name"": ""aut-status-bruno""}"
2025-07-20T05:16:38.286546,sensor.upnp_igd_data_received,3445655733,3445765519,"{""state_class"": ""total_increasing"", ""unit_of_measurement"": ""B"", ""device_class"": ""data_size"", ""friendly_name"": ""UPNP IGD Data received""}"
2025-07-20T05:16:38.289381,sensor.upnp_igd_data_sent,1216101322,1216201521,"{""state_class"": ""total_increasing"", ""unit_of_measurement"": ""B"", ""device_class"": ""data_size"", ""friendly_name"": ""UPNP IGD Data sent""}"
2025-07-20T05:16:38.290732,sensor.upnp_igd_packets_received,9681927,9683278,"{""state_class"": ""total_increasing"", ""unit_of_measurement"": ""packets"", ""friendly_name"": ""UPNP IGD Packets received""}"
2025-07-20T05:16:38.292137,sensor.upnp_igd_packets_sent,4729716,4730288,"{""state_class"": ""total_increasing"", ""unit_of_measurement"": ""packets"", ""friendly_name"": ""UPNP IGD Packets sent""}"
2025-07-20T05:16:38.293484,sensor.upnp_igd_uptime,1752999295,1752999326,"{""unit_of_measurement"": ""s"", ""device_class"": ""duration"", ""friendly_name"": ""UPNP IGD Uptime""}"
2025-07-20T05:16:38.294909,sensor.upnp_igd_download_speed,4.49510299032885,3.57381186292879,"{""state_class"": ""measurement"", ""unit_of_measurement"": ""KiB/s"", ""device_class"": ""data_rate"", ""friendly_name"": ""UPNP IGD Download speed""}"
2025-07-20T05:16:38.296535,sensor.upnp_igd_upload_speed,6.25333875990631,3.26173077490392,"{""state_class"": ""measurement"", ""unit_of_measurement"": ""KiB/s"", ""device_class"": ""data_rate"", ""friendly_name"": ""UPNP IGD Upload speed""}"
2025-07-20T05:16:38.297998,sensor.upnp_igd_packet_download_speed,44.7008299454093,45.0339487973002,"{""state_class"": ""measurement"", ""unit_of_measurement"": ""packets/s"", ""friendly_name"": ""UPNP IGD Packet download speed""}"
2025-07-20T05:16:38.299451,sensor.upnp_igd_packet_upload_speed,26.4004901691008,19.0669272480057,"{""state_class"": ""measurement"", ""unit_of_measurement"": ""packets/s"", ""friendly_name"": ""UPNP IGD Packet upload speed""}"
2025-07-20T05:17:08.238499,sensor.upnp_igd_data_received,3445765519,3445894148,"{""state_class"": ""total_increasing"", ""unit_of_measurement"": ""B"", ""device_class"": ""data_size"", ""friendly_name"": ""UPNP IGD Data received""}"
2025-07-20T05:17:08.241301,sensor.upnp_igd_data_sent,1216201521,1216328692,"{""state_class"": ""total_increasing"", ""unit_of_measurement"": ""B"", ""device_class"": ""data_size"", ""friendly_name"": ""UPNP IGD Data sent""}"
2025-07-20T05:17:08.242818,sensor.upnp_igd_packets_received,9683278,9684582,"{""state_class"": ""total_increasing"", ""unit_of_measurement"": ""packets"", ""friendly_name"": ""UPNP IGD Packets received""}"
2025-07-20T05:17:08.244302,sensor.upnp_igd_packets_sent,4730288,4731003,"{""state_class"": ""total_increasing"", ""unit_of_measurement"": ""packets"", ""friendly_name"": ""UPNP IGD Packets sent""}"
2025-07-20T05:17:08.245669,sensor.upnp_igd_uptime,1752999326,1752999355,"{""unit_of_measurement"": ""s"", ""device_class"": ""duration"", ""friendly_name"": ""UPNP IGD Uptime""}"
2025-07-20T05:17:08.247071,sensor.upnp_igd_download_speed,3.57381186292879,4.18704953285698,"{""state_class"": ""measurement"", ""unit_of_measurement"": ""KiB/s"", ""device_class"": ""data_rate"", ""friendly_name"": ""UPNP IGD Download speed""}"
2025-07-20T05:17:08.248557,sensor.upnp_igd_upload_speed,3.26173077490392,4.13958964263855,"{""state_class"": ""measurement"", ""unit_of_measurement"": ""KiB/s"", ""device_class"": ""data_rate"", ""friendly_name"": ""UPNP IGD Upload speed""}"
2025-07-20T05:17:08.249953,sensor.upnp_igd_packet_download_speed,45.0339487973002,43.4657075233873,"{""state_class"": ""measurement"", ""unit_of_measurement"": ""packets/s"", ""friendly_name"": ""UPNP IGD Packet download speed""}"
2025-07-20T05:17:08.252444,sensor.upnp_igd_packet_upload_speed,19.0669272480057,23.8328074227162,"{""state_class"": ""measurement"", ""unit_of_measurement"": ""packets/s"", ""friendly_name"": ""UPNP IGD Packet upload speed""}"
2025-07-20T05:17:10.262050,automation.aut_status_bruno,on,on,"{""id"": ""1751855857509"", ""last_triggered"": ""2025-07-20T08:17:10.252976+00:00"", ""mode"": ""single"", ""current"": 1, ""friendly_name"": ""aut-status-bruno""}"
2025-07-20T05:17:10.267149,automation.aut_status_bruno,on,on,"{""id"": ""1751855857509"", ""last_triggered"": ""2025-07-20T08:17:10.252976+00:00"", ""mode"": ""single"", ""current"": 0, ""friendly_name"": ""aut-status-bruno""}"
2025-07-20T05:17:38.243804,sensor.upnp_igd_data_received,3445894148,3446007545,"{""state_class"": ""total_increasing"", ""unit_of_measurement"": ""B"", ""device_class"": ""data_size"", ""friendly_name"": ""UPNP IGD Data received""}"
2025-07-20T05:17:38.245497,sensor.upnp_igd_data_sent,1216328692,1216444096,"{""state_class"": ""total_increasing"", ""unit_of_measurement"": ""B"", ""device_class"": ""data_size"", ""friendly_name"": ""UPNP IGD Data sent""}"
2025-07-20T05:17:38.246917,sensor.upnp_igd_packets_received,9684582,9685920,"{""state_class"": ""total_increasing"", ""unit_of_measurement"": ""packets"", ""friendly_name"": ""UPNP IGD Packets received""}"
2025-07-20T05:17:38.248337,sensor.upnp_igd_packets_sent,4731003,4731684,"{""state_class"": ""total_increasing"", ""unit_of_measurement"": ""packets"", ""friendly_name"": ""UPNP IGD Packets sent""}"
2025-07-20T05:17:38.249675,sensor.upnp_igd_uptime,1752999355,1752999385,"{""unit_of_measurement"": ""s"", ""device_class"": ""duration"", ""friendly_name"": ""UPNP IGD Uptime""}"
2025-07-20T05:17:38.251048,sensor.upnp_igd_download_speed,4.18704953285698,3.69135350521765,"{""state_class"": ""measurement"", ""unit_of_measurement"": ""KiB/s"", ""device_class"": ""data_rate"", ""friendly_name"": ""UPNP IGD Download speed""}"
2025-07-20T05:17:38.252450,sensor.upnp_igd_upload_speed,4.13958964263855,3.75668633135036,"{""state_class"": ""measurement"", ""unit_of_measurement"": ""KiB/s"", ""device_class"": ""data_rate"", ""friendly_name"": ""UPNP IGD Upload speed""}"
2025-07-20T05:17:38.253852,sensor.upnp_igd_packet_download_speed,43.4657075233873,44.6005426399354,"{""state_class"": ""measurement"", ""unit_of_measurement"": ""packets/s"", ""friendly_name"": ""UPNP IGD Packet download speed""}"
2025-07-20T05:17:38.255400,sensor.upnp_igd_packet_upload_speed,23.8328074227162,22.7002761866936,"{""state_class"": ""measurement"", ""unit_of_measurement"": ""packets/s"", ""friendly_name"": ""UPNP IGD Packet upload speed""}"
2025-07-20T05:17:48.507020,media_player.dlna_b13_box,unavailable,unknown,"{""friendly_name"": ""DLNA-B13 Box"", ""supported_features"": 512575}"
2025-07-20T05:17:51.318438,camera.192_168_0_33,idle,idle,"{""access_token"": ""be03a818759003e5459660953e07da55b4481b597bf7afa9954b62f7abda03bc"", ""entity_picture"": ""/api/camera_proxy/camera.192_168_0_33?token=be03a818759003e5459660953e07da55b4481b597bf7afa9954b62f7abda03bc"", ""friendly_name"": ""192_168_0_14"", ""supported_features"": 2}"
2025-07-20T05:17:51.320370,camera.admin_mainstream,idle,idle,"{""access_token"": ""3cf5269c95cb21cb92f53f32edb763a028676318d2c8037b7b57e82d8b9a80d3"", ""entity_picture"": ""/api/camera_proxy/camera.admin_mainstream?token=3cf5269c95cb21cb92f53f32edb763a028676318d2c8037b7b57e82d8b9a80d3"", ""friendly_name"": ""admin MainStream"", ""supported_features"": 2}"
2025-07-20T05:17:51.322065,camera.admin_substream,idle,idle,"{""access_token"": ""516ca84fc88333d20338a01ed5bab440d29578f47350b811b96209e97d06f87e"", ""entity_picture"": ""/api/camera_proxy/camera.admin_substream?token=516ca84fc88333d20338a01ed5bab440d29578f47350b811b96209e97d06f87e"", ""friendly_name"": ""admin SubStream"", ""supported_features"": 2}"
2025-07-20T05:17:55.788972,media_player.dlna_b13_box,unknown,unavailable,"{""friendly_name"": ""DLNA-B13 Box"", ""supported_features"": 512575}"
2025-07-20T05:18:08.240984,sensor.upnp_igd_data_received,3446007545,3446644572,"{""state_class"": ""total_increasing"", ""unit_of_measurement"": ""B"", ""device_class"": ""data_size"", ""friendly_name"": ""UPNP IGD Data received""}"
2025-07-20T05:18:08.243858,sensor.upnp_igd_data_sent,1216444096,1216571350,"{""state_class"": ""total_increasing"", ""unit_of_measurement"": ""B"", ""device_class"": ""data_size"", ""friendly_name"": ""UPNP IGD Data sent""}"
2025-07-20T05:18:08.245308,sensor.upnp_igd_packets_received,9685920,9687616,"{""state_class"": ""total_increasing"", ""unit_of_measurement"": ""packets"", ""friendly_name"": ""UPNP IGD Packets received""}"
2025-07-20T05:18:08.246726,sensor.upnp_igd_packets_sent,4731684,4732346,"{""state_class"": ""total_increasing"", ""unit_of_measurement"": ""packets"", ""friendly_name"": ""UPNP IGD Packets sent""}"
2025-07-20T05:18:08.248126,sensor.upnp_igd_uptime,1752999385,1752999415,"{""unit_of_measurement"": ""s"", ""device_class"": ""duration"", ""friendly_name"": ""UPNP IGD Uptime""}"
2025-07-20T05:18:08.249537,sensor.upnp_igd_download_speed,3.69135350521765,20.7362069301,"{""state_class"": ""measurement"", ""unit_of_measurement"": ""KiB/s"", ""device_class"": ""data_rate"", ""friendly_name"": ""UPNP IGD Download speed""}"
2025-07-20T05:18:08.250976,sensor.upnp_igd_upload_speed,3.75668633135036,4.14231308356309,"{""state_class"": ""measurement"", ""unit_of_measurement"": ""KiB/s"", ""device_class"": ""data_rate"", ""friendly_name"": ""UPNP IGD Upload speed""}"
2025-07-20T05:18:08.252394,sensor.upnp_igd_packet_download_speed,44.6005426399354,56.532381704908,"{""state_class"": ""measurement"", ""unit_of_measurement"": ""packets/s"", ""friendly_name"": ""UPNP IGD Packet download speed""}"
2025-07-20T05:18:08.253756,sensor.upnp_igd_packet_upload_speed,22.7002761866936,22.0662952173638,"{""state_class"": ""measurement"", ""unit_of_measurement"": ""packets/s"", ""friendly_name"": ""UPNP IGD Packet upload speed""}"
2025-07-20T05:18:10.260984,automation.aut_status_bruno,on,on,"{""id"": ""1751855857509"", ""last_triggered"": ""2025-07-20T08:18:10.253151+00:00"", ""mode"": ""single"", ""current"": 1, ""friendly_name"": ""aut-status-bruno""}"
2025-07-20T05:18:10.263736,automation.aut_status_bruno,on,on,"{""id"": ""1751855857509"", ""last_triggered"": ""2025-07-20T08:18:10.253151+00:00"", ""mode"": ""single"", ""current"": 0, ""friendly_name"": ""aut-status-bruno""}"
2025-07-20T05:18:38.248502,sensor.upnp_igd_data_received,3446644572,3446775354,"{""state_class"": ""total_increasing"", ""unit_of_measurement"": ""B"", ""device_class"": ""data_size"", ""friendly_name"": ""UPNP IGD Data received""}"
2025-07-20T05:18:38.250956,sensor.upnp_igd_data_sent,1216571350,1216688137,"{""state_class"": ""total_increasing"", ""unit_of_measurement"": ""B"", ""device_class"": ""data_size"", ""friendly_name"": ""UPNP IGD Data sent""}"
2025-07-20T05:18:38.252541,sensor.upnp_igd_packets_received,9687616,9688979,"{""state_class"": ""total_increasing"", ""unit_of_measurement"": ""packets"", ""friendly_name"": ""UPNP IGD Packets received""}"
2025-07-20T05:18:38.253927,sensor.upnp_igd_packets_sent,4732346,4732967,"{""state_class"": ""total_increasing"", ""unit_of_measurement"": ""packets"", ""friendly_name"": ""UPNP IGD Packets sent""}"
2025-07-20T05:18:38.255347,sensor.upnp_igd_uptime,1752999415,1752999445,"{""unit_of_measurement"": ""s"", ""device_class"": ""duration"", ""friendly_name"": ""UPNP IGD Uptime""}"
2025-07-20T05:18:38.256797,sensor.upnp_igd_download_speed,20.7362069301,4.25676158224317,"{""state_class"": ""measurement"", ""unit_of_measurement"": ""KiB/s"", ""device_class"": ""data_rate"", ""friendly_name"": ""UPNP IGD Download speed""}"
2025-07-20T05:18:38.258163,sensor.upnp_igd_upload_speed,4.14231308356309,3.80124493359509,"{""state_class"": ""measurement"", ""unit_of_measurement"": ""KiB/s"", ""device_class"": ""data_rate"", ""friendly_name"": ""UPNP IGD Upload speed""}"
2025-07-20T05:18:38.259592,sensor.upnp_igd_packet_download_speed,56.532381704908,45.4283710409366,"{""state_class"": ""measurement"", ""unit_of_measurement"": ""packets/s"", ""friendly_name"": ""UPNP IGD Packet download speed""}"
2025-07-20T05:18:38.261028,sensor.upnp_igd_packet_upload_speed,22.0662952173638,20.6977391169638,"{""state_class"": ""measurement"", ""unit_of_measurement"": ""packets/s"", ""friendly_name"": ""UPNP IGD Packet upload speed""}"
2025-07-20T05:19:08.242942,sensor.upnp_igd_data_received,3446775354,3446887360,"{""state_class"": ""total_increasing"", ""unit_of_measurement"": ""B"", ""device_class"": ""data_size"", ""friendly_name"": ""UPNP IGD Data received""}"
2025-07-20T05:19:08.245930,sensor.upnp_igd_data_sent,1216688137,1216790249,"{""state_class"": ""total_increasing"", ""unit_of_measurement"": ""B"", ""device_class"": ""data_size"", ""friendly_name"": ""UPNP IGD Data sent""}"
2025-07-20T05:19:08.247658,sensor.upnp_igd_packets_received,9688979,9690301,"{""state_class"": ""total_increasing"", ""unit_of_measurement"": ""packets"", ""friendly_name"": ""UPNP IGD Packets received""}"
2025-07-20T05:19:08.249070,sensor.upnp_igd_packets_sent,4732967,4733560,"{""state_class"": ""total_increasing"", ""unit_of_measurement"": ""packets"", ""friendly_name"": ""UPNP IGD Packets sent""}"
2025-07-20T05:19:08.250475,sensor.upnp_igd_uptime,1752999445,1752999475,"{""unit_of_measurement"": ""s"", ""device_class"": ""duration"", ""friendly_name"": ""UPNP IGD Uptime""}"
2025-07-20T05:19:08.251979,sensor.upnp_igd_download_speed,4.25676158224317,3.64650293431499,"{""state_class"": ""measurement"", ""unit_of_measurement"": ""KiB/s"", ""device_class"": ""data_rate"", ""friendly_name"": ""UPNP IGD Download speed""}"
2025-07-20T05:19:08.253372,sensor.upnp_igd_upload_speed,3.80124493359509,3.32439072575373,"{""state_class"": ""measurement"", ""unit_of_measurement"": ""KiB/s"", ""device_class"": ""data_rate"", ""friendly_name"": ""UPNP IGD Upload speed""}"
2025-07-20T05:19:08.254748,sensor.upnp_igd_packet_download_speed,45.4283710409366,44.0723990166988,"{""state_class"": ""measurement"", ""unit_of_measurement"": ""packets/s"", ""friendly_name"": ""UPNP IGD Packet download speed""}"
2025-07-20T05:19:08.256171,sensor.upnp_igd_packet_upload_speed,20.6977391169638,19.769237985554,"{""state_class"": ""measurement"", ""unit_of_measurement"": ""packets/s"", ""friendly_name"": ""UPNP IGD Packet upload speed""}"
2025-07-20T05:19:10.262717,automation.aut_status_bruno,on,on,"{""id"": ""1751855857509"", ""last_triggered"": ""2025-07-20T08:19:10.253101+00:00"", ""mode"": ""single"", ""current"": 1, ""friendly_name"": ""aut-status-bruno""}"
2025-07-20T05:19:10.266853,automation.aut_status_bruno,on,on,"{""id"": ""1751855857509"", ""last_triggered"": ""2025-07-20T08:19:10.253101+00:00"", ""mode"": ""single"", ""current"": 0, ""friendly_name"": ""aut-status-bruno""}"
2025-07-20T05:19:38.256437,sensor.upnp_igd_data_received,3446887360,3447055186,"{""state_class"": ""total_increasing"", ""unit_of_measurement"": ""B"", ""device_class"": ""data_size"", ""friendly_name"": ""UPNP IGD Data received""}"
2025-07-20T05:19:38.258284,sensor.upnp_igd_data_sent,1216790249,1216931138,"{""state_class"": ""total_increasing"", ""unit_of_measurement"": ""B"", ""device_class"": ""data_size"", ""friendly_name"": ""UPNP IGD Data sent""}"
2025-07-20T05:19:38.260059,sensor.upnp_igd_packets_received,9690301,9691687,"{""state_class"": ""total_increasing"", ""unit_of_measurement"": ""packets"", ""friendly_name"": ""UPNP IGD Packets received""}"
2025-07-20T05:19:38.261878,sensor.upnp_igd_packets_sent,4733560,4734246,"{""state_class"": ""total_increasing"", ""unit_of_measurement"": ""packets"", ""friendly_name"": ""UPNP IGD Packets sent""}"
2025-07-20T05:19:38.263598,sensor.upnp_igd_uptime,1752999475,1752999505,"{""unit_of_measurement"": ""s"", ""device_class"": ""duration"", ""friendly_name"": ""UPNP IGD Uptime""}"
2025-07-20T05:19:38.265414,sensor.upnp_igd_download_speed,3.64650293431499,5.46276636566761,"{""state_class"": ""measurement"", ""unit_of_measurement"": ""KiB/s"", ""device_class"": ""data_rate"", ""friendly_name"": ""UPNP IGD Download speed""}"
2025-07-20T05:19:38.267197,sensor.upnp_igd_upload_speed,3.32439072575373,4.58596218996189,"{""state_class"": ""measurement"", ""unit_of_measurement"": ""KiB/s"", ""device_class"": ""data_rate"", ""friendly_name"": ""UPNP IGD Upload speed""}"
2025-07-20T05:19:38.269041,sensor.upnp_igd_packet_download_speed,44.0723990166988,46.1972974580987,"{""state_class"": ""measurement"", ""unit_of_measurement"": ""packets/s"", ""friendly_name"": ""UPNP IGD Packet download speed""}"
2025-07-20T05:19:38.270817,sensor.upnp_igd_packet_upload_speed,19.769237985554,22.8653290449175,"{""state_class"": ""measurement"", ""unit_of_measurement"": ""packets/s"", ""friendly_name"": ""UPNP IGD Packet upload speed""}"
2025-07-20T05:19:53.575938,sun.sun,below_horizon,below_horizon,"{""next_dawn"": ""2025-07-20T08:33:51.151304+00:00"", ""next_dusk"": ""2025-07-20T20:47:13.005418+00:00"", ""next_midnight"": ""2025-07-21T02:40:32+00:00"", ""next_noon"": ""2025-07-20T14:40:27+00:00"", ""next_rising"": ""2025-07-20T08:56:54.429420+00:00"", ""next_setting"": ""2025-07-20T20:24:10.176365+00:00"", ""elevation"": -9.23, ""azimuth"": 70.86, ""rising"": true, ""friendly_name"": ""Sun""}"
2025-07-20T05:20:08.243992,sensor.upnp_igd_data_received,3447055186,3447155205,"{""state_class"": ""total_increasing"", ""unit_of_measurement"": ""B"", ""device_class"": ""data_size"", ""friendly_name"": ""UPNP IGD Data received""}"
2025-07-20T05:20:08.246618,sensor.upnp_igd_data_sent,1216931138,1217022429,"{""state_class"": ""total_increasing"", ""unit_of_measurement"": ""B"", ""device_class"": ""data_size"", ""friendly_name"": ""UPNP IGD Data sent""}"
2025-07-20T05:20:08.248151,sensor.upnp_igd_packets_received,9691687,9692959,"{""state_class"": ""total_increasing"", ""unit_of_measurement"": ""packets"", ""friendly_name"": ""UPNP IGD Packets received""}"
2025-07-20T05:20:08.249559,sensor.upnp_igd_packets_sent,4734246,4734793,"{""state_class"": ""total_increasing"", ""unit_of_measurement"": ""packets"", ""friendly_name"": ""UPNP IGD Packets sent""}"
2025-07-20T05:20:08.250873,sensor.upnp_igd_uptime,1752999505,1752999535,"{""unit_of_measurement"": ""s"", ""device_class"": ""duration"", ""friendly_name"": ""UPNP IGD Uptime""}"
2025-07-20T05:20:08.252303,sensor.upnp_igd_download_speed,5.46276636566761,3.25598604063405,"{""state_class"": ""measurement"", ""unit_of_measurement"": ""KiB/s"", ""device_class"": ""data_rate"", ""friendly_name"": ""UPNP IGD Download speed""}"
2025-07-20T05:20:08.253792,sensor.upnp_igd_upload_speed,4.58596218996189,2.97185756341818,"{""state_class"": ""measurement"", ""unit_of_measurement"": ""KiB/s"", ""device_class"": ""data_rate"", ""friendly_name"": ""UPNP IGD Upload speed""}"
2025-07-20T05:20:08.255132,sensor.upnp_igd_packet_download_speed,46.1972974580987,42.4020734613923,"{""state_class"": ""measurement"", ""unit_of_measurement"": ""packets/s"", ""friendly_name"": ""UPNP IGD Packet download speed""}"
2025-07-20T05:20:08.256606,sensor.upnp_igd_packet_upload_speed,22.8653290449175,18.2342249869352,"{""state_class"": ""measurement"", ""unit_of_measurement"": ""packets/s"", ""friendly_name"": ""UPNP IGD Packet upload speed""}"
2025-07-20T05:20:10.264659,automation.aut_status_bruno,on,on,"{""id"": ""1751855857509"", ""last_triggered"": ""2025-07-20T08:20:10.252531+00:00"", ""mode"": ""single"", ""current"": 1, ""friendly_name"": ""aut-status-bruno""}"
2025-07-20T05:20:10.267123,automation.aut_status_bruno,on,on,"{""id"": ""1751855857509"", ""last_triggered"": ""2025-07-20T08:20:10.252531+00:00"", ""mode"": ""single"", ""current"": 0, ""friendly_name"": ""aut-status-bruno""}"
2025-07-20T05:20:38.287194,sensor.upnp_igd_data_received,3447155205,3447292435,"{""state_class"": ""total_increasing"", ""unit_of_measurement"": ""B"", ""device_class"": ""data_size"", ""friendly_name"": ""UPNP IGD Data received""}"
2025-07-20T05:20:38.290573,sensor.upnp_igd_data_sent,1217022429,1217154755,"{""state_class"": ""total_increasing"", ""unit_of_measurement"": ""B"", ""device_class"": ""data_size"", ""friendly_name"": ""UPNP IGD Data sent""}"
2025-07-20T05:20:38.293558,sensor.upnp_igd_packets_received,9692959,9694368,"{""state_class"": ""total_increasing"", ""unit_of_measurement"": ""packets"", ""friendly_name"": ""UPNP IGD Packets received""}"
2025-07-20T05:20:38.296446,sensor.upnp_igd_packets_sent,4734793,4735534,"{""state_class"": ""total_increasing"", ""unit_of_measurement"": ""packets"", ""friendly_name"": ""UPNP IGD Packets sent""}"
2025-07-20T05:20:38.300688,sensor.upnp_igd_uptime,1752999535,1752999566,"{""unit_of_measurement"": ""s"", ""device_class"": ""duration"", ""friendly_name"": ""UPNP IGD Uptime""}"
2025-07-20T05:20:38.304748,sensor.upnp_igd_download_speed,3.25598604063405,4.46605203202966,"{""state_class"": ""measurement"", ""unit_of_measurement"": ""KiB/s"", ""device_class"": ""data_rate"", ""friendly_name"": ""UPNP IGD Download speed""}"
2025-07-20T05:20:38.308839,sensor.upnp_igd_upload_speed,2.97185756341818,4.30645486548391,"{""state_class"": ""measurement"", ""unit_of_measurement"": ""KiB/s"", ""device_class"": ""data_rate"", ""friendly_name"": ""UPNP IGD Upload speed""}"
2025-07-20T05:20:38.310957,sensor.upnp_igd_packet_download_speed,42.4020734613923,46.9554130193464,"{""state_class"": ""measurement"", ""unit_of_measurement"": ""packets/s"", ""friendly_name"": ""UPNP IGD Packet download speed""}"
2025-07-20T05:20:38.312989,sensor.upnp_igd_packet_upload_speed,18.2342249869352,24.6940816517641,"{""state_class"": ""measurement"", ""unit_of_measurement"": ""packets/s"", ""friendly_name"": ""UPNP IGD Packet upload speed""}"
2025-07-20T05:20:44.776847,sensor.tauntaum_energy,217.901,217.905,"{""state_class"": ""total_increasing"", ""unit_of_measurement"": ""kWh"", ""device_class"": ""energy"", ""friendly_name"": ""Tauntaum Energy""}"
2025-07-20T05:20:44.778899,sensor.tauntaum_power,66,1,"{""state_class"": ""measurement"", ""power_consumption_start"": ""2025-07-20T08:03:59Z"", ""power_consumption_end"": ""2025-07-20T08:20:44Z"", ""unit_of_measurement"": ""W"", ""device_class"": ""power"", ""friendly_name"": ""Tauntaum Power""}"
2025-07-20T05:20:44.780624,sensor.tauntaum_energy_difference,0.017,0.004,"{""state_class"": ""total"", ""unit_of_measurement"": ""kWh"", ""device_class"": ""energy"", ""friendly_name"": ""Tauntaum Energy difference""}"
2025-07-20T05:20:44.782289,sensor.tauntaum_power_energy,0.00912500555581517,0.0184364033329487,"{""state_class"": ""total"", ""unit_of_measurement"": ""kWh"", ""device_class"": ""energy"", ""friendly_name"": ""Tauntaum Power energy""}"
2025-07-20T05:21:08.256481,sensor.upnp_igd_data_received,3447292435,3448255729,"{""state_class"": ""total_increasing"", ""unit_of_measurement"": ""B"", ""device_class"": ""data_size"", ""friendly_name"": ""UPNP IGD Data received""}"
2025-07-20T05:21:08.258913,sensor.upnp_igd_data_sent,1217154755,1217348480,"{""state_class"": ""total_increasing"", ""unit_of_measurement"": ""B"", ""device_class"": ""data_size"", ""friendly_name"": ""UPNP IGD Data sent""}"
2025-07-20T05:21:08.260574,sensor.upnp_igd_packets_received,9694368,9696599,"{""state_class"": ""total_increasing"", ""unit_of_measurement"": ""packets"", ""friendly_name"": ""UPNP IGD Packets received""}"
2025-07-20T05:21:08.261971,sensor.upnp_igd_packets_sent,4735534,4736670,"{""state_class"": ""total_increasing"", ""unit_of_measurement"": ""packets"", ""friendly_name"": ""UPNP IGD Packets sent""}"
2025-07-20T05:21:08.263298,sensor.upnp_igd_uptime,1752999566,1752999595,"{""unit_of_measurement"": ""s"", ""device_class"": ""duration"", ""friendly_name"": ""UPNP IGD Uptime""}"
2025-07-20T05:21:08.264813,sensor.upnp_igd_download_speed,4.46605203202966,31.3642019610161,"{""state_class"": ""measurement"", ""unit_of_measurement"": ""KiB/s"", ""device_class"": ""data_rate"", ""friendly_name"": ""UPNP IGD Download speed""}"
2025-07-20T05:21:08.266226,sensor.upnp_igd_upload_speed,4.30645486548391,6.30755514401403,"{""state_class"": ""measurement"", ""unit_of_measurement"": ""KiB/s"", ""device_class"": ""data_rate"", ""friendly_name"": ""UPNP IGD Upload speed""}"
2025-07-20T05:21:08.267647,sensor.upnp_igd_packet_download_speed,46.9554130193464,74.3832094924578,"{""state_class"": ""measurement"", ""unit_of_measurement"": ""packets/s"", ""friendly_name"": ""UPNP IGD Packet download speed""}"
2025-07-20T05:21:08.269109,sensor.upnp_igd_packet_upload_speed,24.6940816517641,37.8750900867019,"{""state_class"": ""measurement"", ""unit_of_measurement"": ""packets/s"", ""friendly_name"": ""UPNP IGD Packet upload speed""}"
2025-07-20T05:21:10.261745,automation.aut_status_bruno,on,on,"{""id"": ""1751855857509"", ""last_triggered"": ""2025-07-20T08:21:10.252488+00:00"", ""mode"": ""single"", ""current"": 1, ""friendly_name"": ""aut-status-bruno""}"
2025-07-20T05:21:10.264927,automation.aut_status_bruno,on,on,"{""id"": ""1751855857509"", ""last_triggered"": ""2025-07-20T08:21:10.252488+00:00"", ""mode"": ""single"", ""current"": 0, ""friendly_name"": ""aut-status-bruno""}"
2025-07-20T05:21:38.255008,sensor.upnp_igd_data_received,3448255729,3448379977,"{""state_class"": ""total_increasing"", ""unit_of_measurement"": ""B"", ""device_class"": ""data_size"", ""friendly_name"": ""UPNP IGD Data received""}"
2025-07-20T05:21:38.256861,sensor.upnp_igd_data_sent,1217348480,1217478622,"{""state_class"": ""total_increasing"", ""unit_of_measurement"": ""B"", ""device_class"": ""data_size"", ""friendly_name"": ""UPNP IGD Data sent""}"
2025-07-20T05:21:38.258584,sensor.upnp_igd_packets_received,9696599,9697933,"{""state_class"": ""total_increasing"", ""unit_of_measurement"": ""packets"", ""friendly_name"": ""UPNP IGD Packets received""}"
2025-07-20T05:21:38.260254,sensor.upnp_igd_packets_sent,4736670,4737400,"{""state_class"": ""total_increasing"", ""unit_of_measurement"": ""packets"", ""friendly_name"": ""UPNP IGD Packets sent""}"
2025-07-20T05:21:38.261661,sensor.upnp_igd_uptime,1752999595,1752999625,"{""unit_of_measurement"": ""s"", ""device_class"": ""duration"", ""friendly_name"": ""UPNP IGD Uptime""}"
2025-07-20T05:21:38.263047,sensor.upnp_igd_download_speed,31.3642019610161,4.04462184952943,"{""state_class"": ""measurement"", ""unit_of_measurement"": ""KiB/s"", ""device_class"": ""data_rate"", ""friendly_name"": ""UPNP IGD Download speed""}"
2025-07-20T05:21:38.264578,sensor.upnp_igd_upload_speed,6.30755514401403,4.2364881265007,"{""state_class"": ""measurement"", ""unit_of_measurement"": ""KiB/s"", ""device_class"": ""data_rate"", ""friendly_name"": ""UPNP IGD Upload speed""}"
2025-07-20T05:21:38.267097,sensor.upnp_igd_packet_download_speed,74.3832094924578,44.4676627423121,"{""state_class"": ""measurement"", ""unit_of_measurement"": ""packets/s"", ""friendly_name"": ""UPNP IGD Packet download speed""}"
2025-07-20T05:21:38.268816,sensor.upnp_igd_packet_upload_speed,37.8750900867019,24.3338784122098,"{""state_class"": ""measurement"", ""unit_of_measurement"": ""packets/s"", ""friendly_name"": ""UPNP IGD Packet upload speed""}"
2025-07-20T05:22:08.275667,sensor.upnp_igd_data_received,3448379977,3448498763,"{""state_class"": ""total_increasing"", ""unit_of_measurement"": ""B"", ""device_class"": ""data_size"", ""friendly_name"": ""UPNP IGD Data received""}"
2025-07-20T05:22:08.278400,sensor.upnp_igd_data_sent,1217478622,1217608542,"{""state_class"": ""total_increasing"", ""unit_of_measurement"": ""B"", ""device_class"": ""data_size"", ""friendly_name"": ""UPNP IGD Data sent""}"
2025-07-20T05:22:08.279965,sensor.upnp_igd_packets_received,9697933,9699294,"{""state_class"": ""total_increasing"", ""unit_of_measurement"": ""packets"", ""friendly_name"": ""UPNP IGD Packets received""}"
2025-07-20T05:22:08.281613,sensor.upnp_igd_packets_sent,4737400,4738170,"{""state_class"": ""total_increasing"", ""unit_of_measurement"": ""packets"", ""friendly_name"": ""UPNP IGD Packets sent""}"
2025-07-20T05:22:08.283443,sensor.upnp_igd_uptime,1752999625,1752999656,"{""unit_of_measurement"": ""s"", ""device_class"": ""duration"", ""friendly_name"": ""UPNP IGD Uptime""}"
2025-07-20T05:22:08.284938,sensor.upnp_igd_download_speed,4.04462184952943,3.86675394022259,"{""state_class"": ""measurement"", ""unit_of_measurement"": ""KiB/s"", ""device_class"": ""data_rate"", ""friendly_name"": ""UPNP IGD Download speed""}"
2025-07-20T05:22:08.286341,sensor.upnp_igd_upload_speed,4.2364881265007,4.22919091402791,"{""state_class"": ""measurement"", ""unit_of_measurement"": ""KiB/s"", ""device_class"": ""data_rate"", ""friendly_name"": ""UPNP IGD Upload speed""}"
2025-07-20T05:22:08.287793,sensor.upnp_igd_packet_download_speed,44.4676627423121,45.3669267703801,"{""state_class"": ""measurement"", ""unit_of_measurement"": ""packets/s"", ""friendly_name"": ""UPNP IGD Packet download speed""}"
2025-07-20T05:22:08.289175,sensor.upnp_igd_packet_upload_speed,24.3338784122098,25.6668138230659,"{""state_class"": ""measurement"", ""unit_of_measurement"": ""packets/s"", ""friendly_name"": ""UPNP IGD Packet upload speed""}"
2025-07-20T05:22:10.260893,automation.aut_status_bruno,on,on,"{""id"": ""1751855857509"", ""last_triggered"": ""2025-07-20T08:22:10.252589+00:00"", ""mode"": ""single"", ""current"": 1, ""friendly_name"": ""aut-status-bruno""}"
2025-07-20T05:22:10.263485,automation.aut_status_bruno,on,on,"{""id"": ""1751855857509"", ""last_triggered"": ""2025-07-20T08:22:10.252589+00:00"", ""mode"": ""single"", ""current"": 0, ""friendly_name"": ""aut-status-bruno""}"
2025-07-20T05:22:38.266355,sensor.upnp_igd_data_received,3448498763,3448631454,"{""state_class"": ""total_increasing"", ""unit_of_measurement"": ""B"", ""device_class"": ""data_size"", ""friendly_name"": ""UPNP IGD Data received""}"
2025-07-20T05:22:38.268856,sensor.upnp_igd_data_sent,1217608542,1217718230,"{""state_class"": ""total_increasing"", ""unit_of_measurement"": ""B"", ""device_class"": ""data_size"", ""friendly_name"": ""UPNP IGD Data sent""}"
2025-07-20T05:22:38.270419,sensor.upnp_igd_packets_received,9699294,9700716,"{""state_class"": ""total_increasing"", ""unit_of_measurement"": ""packets"", ""friendly_name"": ""UPNP IGD Packets received""}"
2025-07-20T05:22:38.271930,sensor.upnp_igd_packets_sent,4738170,4738825,"{""state_class"": ""total_increasing"", ""unit_of_measurement"": ""packets"", ""friendly_name"": ""UPNP IGD Packets sent""}"
2025-07-20T05:22:38.273297,sensor.upnp_igd_uptime,1752999656,1752999685,"{""unit_of_measurement"": ""s"", ""device_class"": ""duration"", ""friendly_name"": ""UPNP IGD Uptime""}"
2025-07-20T05:22:38.274696,sensor.upnp_igd_download_speed,3.86675394022259,4.31891615509802,"{""state_class"": ""measurement"", ""unit_of_measurement"": ""KiB/s"", ""device_class"": ""data_rate"", ""friendly_name"": ""UPNP IGD Download speed""}"
2025-07-20T05:22:38.276170,sensor.upnp_igd_upload_speed,4.22919091402791,3.57019899782496,"{""state_class"": ""measurement"", ""unit_of_measurement"": ""KiB/s"", ""device_class"": ""data_rate"", ""friendly_name"": ""UPNP IGD Upload speed""}"
2025-07-20T05:22:38.277558,sensor.upnp_igd_packet_download_speed,45.3669267703801,47.3950361598795,"{""state_class"": ""measurement"", ""unit_of_measurement"": ""packets/s"", ""friendly_name"": ""UPNP IGD Packet download speed""}"
2025-07-20T05:22:38.279051,sensor.upnp_igd_packet_upload_speed,25.6668138230659,21.8310468950219,"{""state_class"": ""measurement"", ""unit_of_measurement"": ""packets/s"", ""friendly_name"": ""UPNP IGD Packet upload speed""}"
2025-07-20T05:22:51.320449,camera.192_168_0_33,idle,idle,"{""access_token"": ""a470b6170768c72e99ecd4334bb35c2700ae255cfe9ec5100493b227c17eda0d"", ""entity_picture"": ""/api/camera_proxy/camera.192_168_0_33?token=a470b6170768c72e99ecd4334bb35c2700ae255cfe9ec5100493b227c17eda0d"", ""friendly_name"": ""192_168_0_14"", ""supported_features"": 2}"
2025-07-20T05:22:51.322226,camera.admin_mainstream,idle,idle,"{""access_token"": ""a1614f3a15eede252ba6f1c812c2926ffa9b77f6299c45f6eccad3496e6bdd55"", ""entity_picture"": ""/api/camera_proxy/camera.admin_mainstream?token=a1614f3a15eede252ba6f1c812c2926ffa9b77f6299c45f6eccad3496e6bdd55"", ""friendly_name"": ""admin MainStream"", ""supported_features"": 2}"
2025-07-20T05:22:51.323920,camera.admin_substream,idle,idle,"{""access_token"": ""3d83e590f41e84ea77244dc182454bf9666be9684493fa4a11f55916d0be2da7"", ""entity_picture"": ""/api/camera_proxy/camera.admin_substream?token=3d83e590f41e84ea77244dc182454bf9666be9684493fa4a11f55916d0be2da7"", ""friendly_name"": ""admin SubStream"", ""supported_features"": 2}"
2025-07-20T05:23:08.258961,sensor.upnp_igd_data_received,3448631454,3449261393,"{""state_class"": ""total_increasing"", ""unit_of_measurement"": ""B"", ""device_class"": ""data_size"", ""friendly_name"": ""UPNP IGD Data received""}"
2025-07-20T05:23:08.261552,sensor.upnp_igd_data_sent,1217718230,1217811696,"{""state_class"": ""total_increasing"", ""unit_of_measurement"": ""B"", ""device_class"": ""data_size"", ""friendly_name"": ""UPNP IGD Data sent""}"
2025-07-20T05:23:08.263056,sensor.upnp_igd_packets_received,9700716,9702355,"{""state_class"": ""total_increasing"", ""unit_of_measurement"": ""packets"", ""friendly_name"": ""UPNP IGD Packets received""}"
2025-07-20T05:23:08.264606,sensor.upnp_igd_packets_sent,4738825,4739458,"{""state_class"": ""total_increasing"", ""unit_of_measurement"": ""packets"", ""friendly_name"": ""UPNP IGD Packets sent""}"
2025-07-20T05:23:08.265961,sensor.upnp_igd_uptime,1752999685,1752999715,"{""unit_of_measurement"": ""s"", ""device_class"": ""duration"", ""friendly_name"": ""UPNP IGD Uptime""}"
2025-07-20T05:23:08.267803,sensor.upnp_igd_download_speed,4.31891615509802,20.5069403497777,"{""state_class"": ""measurement"", ""unit_of_measurement"": ""KiB/s"", ""device_class"": ""data_rate"", ""friendly_name"": ""UPNP IGD Download speed""}"
2025-07-20T05:23:08.269453,sensor.upnp_igd_upload_speed,3.57019899782496,3.04267823826167,"{""state_class"": ""measurement"", ""unit_of_measurement"": ""KiB/s"", ""device_class"": ""data_rate"", ""friendly_name"": ""UPNP IGD Upload speed""}"
2025-07-20T05:23:08.270915,sensor.upnp_igd_packet_download_speed,47.3950361598795,54.6363000844279,"{""state_class"": ""measurement"", ""unit_of_measurement"": ""packets/s"", ""friendly_name"": ""UPNP IGD Packet download speed""}"
2025-07-20T05:23:08.272379,sensor.upnp_igd_packet_upload_speed,21.8310468950219,21.1011457922165,"{""state_class"": ""measurement"", ""unit_of_measurement"": ""packets/s"", ""friendly_name"": ""UPNP IGD Packet upload speed""}"
2025-07-20T05:23:10.261443,automation.aut_status_bruno,on,on,"{""id"": ""1751855857509"", ""last_triggered"": ""2025-07-20T08:23:10.252909+00:00"", ""mode"": ""single"", ""current"": 1, ""friendly_name"": ""aut-status-bruno""}"
2025-07-20T05:23:10.264134,automation.aut_status_bruno,on,on,"{""id"": ""1751855857509"", ""last_triggered"": ""2025-07-20T08:23:10.252909+00:00"", ""mode"": ""single"", ""current"": 0, ""friendly_name"": ""aut-status-bruno""}"
2025-07-20T05:23:38.274145,sensor.upnp_igd_data_received,3449261393,3449369711,"{""state_class"": ""total_increasing"", ""unit_of_measurement"": ""B"", ""device_class"": ""data_size"", ""friendly_name"": ""UPNP IGD Data received""}"
2025-07-20T05:23:38.275895,sensor.upnp_igd_data_sent,1217811696,1217903690,"{""state_class"": ""total_increasing"", ""unit_of_measurement"": ""B"", ""device_class"": ""data_size"", ""friendly_name"": ""UPNP IGD Data sent""}"
2025-07-20T05:23:38.277317,sensor.upnp_igd_packets_received,9702355,9703640,"{""state_class"": ""total_increasing"", ""unit_of_measurement"": ""packets"", ""friendly_name"": ""UPNP IGD Packets received""}"
2025-07-20T05:23:38.278656,sensor.upnp_igd_packets_sent,4739458,4740014,"{""state_class"": ""total_increasing"", ""unit_of_measurement"": ""packets"", ""friendly_name"": ""UPNP IGD Packets sent""}"
2025-07-20T05:23:38.280121,sensor.upnp_igd_uptime,1752999715,1752999745,"{""unit_of_measurement"": ""s"", ""device_class"": ""duration"", ""friendly_name"": ""UPNP IGD Uptime""}"
2025-07-20T05:23:38.281530,sensor.upnp_igd_download_speed,20.5069403497777,3.52496266573858,"{""state_class"": ""measurement"", ""unit_of_measurement"": ""KiB/s"", ""device_class"": ""data_rate"", ""friendly_name"": ""UPNP IGD Download speed""}"
2025-07-20T05:23:38.282921,sensor.upnp_igd_upload_speed,3.04267823826167,2.99373525611583,"{""state_class"": ""measurement"", ""unit_of_measurement"": ""KiB/s"", ""device_class"": ""data_rate"", ""friendly_name"": ""UPNP IGD Upload speed""}"
2025-07-20T05:23:38.284355,sensor.upnp_igd_packet_download_speed,54.6363000844279,42.8210165815972,"{""state_class"": ""measurement"", ""unit_of_measurement"": ""packets/s"", ""friendly_name"": ""UPNP IGD Packet download speed""}"
2025-07-20T05:23:38.285762,sensor.upnp_igd_packet_upload_speed,21.1011457922165,18.528004061765,"{""state_class"": ""measurement"", ""unit_of_measurement"": ""packets/s"", ""friendly_name"": ""UPNP IGD Packet upload speed""}"
2025-07-20T05:23:53.576290,sun.sun,below_horizon,below_horizon,"{""next_dawn"": ""2025-07-20T08:33:51.151304+00:00"", ""next_dusk"": ""2025-07-20T20:47:13.005418+00:00"", ""next_midnight"": ""2025-07-21T02:40:32+00:00"", ""next_noon"": ""2025-07-20T14:40:27+00:00"", ""next_rising"": ""2025-07-20T08:56:54.429420+00:00"", ""next_setting"": ""2025-07-20T20:24:10.176365+00:00"", ""elevation"": -8.3, ""azimuth"": 70.68, ""rising"": true, ""friendly_name"": ""Sun""}"
2025-07-20T05:24:08.258522,sensor.upnp_igd_data_received,3449369711,3449482259,"{""state_class"": ""total_increasing"", ""unit_of_measurement"": ""B"", ""device_class"": ""data_size"", ""friendly_name"": ""UPNP IGD Data received""}"
2025-07-20T05:24:08.260993,sensor.upnp_igd_data_sent,1217903690,1217994871,"{""state_class"": ""total_increasing"", ""unit_of_measurement"": ""B"", ""device_class"": ""data_size"", ""friendly_name"": ""UPNP IGD Data sent""}"
2025-07-20T05:24:08.262471,sensor.upnp_igd_packets_received,9703640,9704900,"{""state_class"": ""total_increasing"", ""unit_of_measurement"": ""packets"", ""friendly_name"": ""UPNP IGD Packets received""}"
2025-07-20T05:24:08.263993,sensor.upnp_igd_packets_sent,4740014,4740567,"{""state_class"": ""total_increasing"", ""unit_of_measurement"": ""packets"", ""friendly_name"": ""UPNP IGD Packets sent""}"
2025-07-20T05:24:08.265398,sensor.upnp_igd_uptime,1752999745,1752999775,"{""unit_of_measurement"": ""s"", ""device_class"": ""duration"", ""friendly_name"": ""UPNP IGD Uptime""}"
2025-07-20T05:24:08.267558,sensor.upnp_igd_download_speed,3.52496266573858,3.66490438234378,"{""state_class"": ""measurement"", ""unit_of_measurement"": ""KiB/s"", ""device_class"": ""data_rate"", ""friendly_name"": ""UPNP IGD Download speed""}"
2025-07-20T05:24:08.269207,sensor.upnp_igd_upload_speed,2.99373525611583,2.96913002884537,"{""state_class"": ""measurement"", ""unit_of_measurement"": ""KiB/s"", ""device_class"": ""data_rate"", ""friendly_name"": ""UPNP IGD Upload speed""}"
2025-07-20T05:24:08.270696,sensor.upnp_igd_packet_download_speed,42.8210165815972,42.014129351701,"{""state_class"": ""measurement"", ""unit_of_measurement"": ""packets/s"", ""friendly_name"": ""UPNP IGD Packet download speed""}"
2025-07-20T05:24:08.272183,sensor.upnp_igd_packet_upload_speed,18.528004061765,18.4395345488021,"{""state_class"": ""measurement"", ""unit_of_measurement"": ""packets/s"", ""friendly_name"": ""UPNP IGD Packet upload speed""}"
2025-07-20T05:24:10.261469,automation.aut_status_bruno,on,on,"{""id"": ""1751855857509"", ""last_triggered"": ""2025-07-20T08:24:10.252971+00:00"", ""mode"": ""single"", ""current"": 1, ""friendly_name"": ""aut-status-bruno""}"
2025-07-20T05:24:10.264006,automation.aut_status_bruno,on,on,"{""id"": ""1751855857509"", ""last_triggered"": ""2025-07-20T08:24:10.252971+00:00"", ""mode"": ""single"", ""current"": 0, ""friendly_name"": ""aut-status-bruno""}"
2025-07-20T05:24:38.263413,sensor.upnp_igd_data_received,3449482259,3449591730,"{""state_class"": ""total_increasing"", ""unit_of_measurement"": ""B"", ""device_class"": ""data_size"", ""friendly_name"": ""UPNP IGD Data received""}"
2025-07-20T05:24:38.265307,sensor.upnp_igd_data_sent,1217994871,1218081848,"{""state_class"": ""total_increasing"", ""unit_of_measurement"": ""B"", ""device_class"": ""data_size"", ""friendly_name"": ""UPNP IGD Data sent""}"
2025-07-20T05:24:38.266977,sensor.upnp_igd_packets_received,9704900,9706233,"{""state_class"": ""total_increasing"", ""unit_of_measurement"": ""packets"", ""friendly_name"": ""UPNP IGD Packets received""}"
2025-07-20T05:24:38.268420,sensor.upnp_igd_packets_sent,4740567,4741092,"{""state_class"": ""total_increasing"", ""unit_of_measurement"": ""packets"", ""friendly_name"": ""UPNP IGD Packets sent""}"
2025-07-20T05:24:38.269750,sensor.upnp_igd_uptime,1752999775,1752999805,"{""unit_of_measurement"": ""s"", ""device_class"": ""duration"", ""friendly_name"": ""UPNP IGD Uptime""}"
2025-07-20T05:24:38.271167,sensor.upnp_igd_download_speed,3.66490438234378,3.56265253415904,"{""state_class"": ""measurement"", ""unit_of_measurement"": ""KiB/s"", ""device_class"": ""data_rate"", ""friendly_name"": ""UPNP IGD Download speed""}"
2025-07-20T05:24:38.272658,sensor.upnp_igd_upload_speed,2.96913002884537,2.8306019810137,"{""state_class"": ""measurement"", ""unit_of_measurement"": ""KiB/s"", ""device_class"": ""data_rate"", ""friendly_name"": ""UPNP IGD Upload speed""}"
2025-07-20T05:24:38.274046,sensor.upnp_igd_packet_download_speed,42.014129351701,44.4226526468819,"{""state_class"": ""measurement"", ""unit_of_measurement"": ""packets/s"", ""friendly_name"": ""UPNP IGD Packet download speed""}"
2025-07-20T05:24:38.275437,sensor.upnp_igd_packet_upload_speed,18.4395345488021,17.4957934280668,"{""state_class"": ""measurement"", ""unit_of_measurement"": ""packets/s"", ""friendly_name"": ""UPNP IGD Packet upload speed""}"
2025-07-20T05:25:08.261936,sensor.upnp_igd_data_received,3449591730,3449729633,"{""state_class"": ""total_increasing"", ""unit_of_measurement"": ""B"", ""device_class"": ""data_size"", ""friendly_name"": ""UPNP IGD Data received""}"
2025-07-20T05:25:08.264590,sensor.upnp_igd_data_sent,1218081848,1218200123,"{""state_class"": ""total_increasing"", ""unit_of_measurement"": ""B"", ""device_class"": ""data_size"", ""friendly_name"": ""UPNP IGD Data sent""}"
2025-07-20T05:25:08.266271,sensor.upnp_igd_packets_received,9706233,9707542,"{""state_class"": ""total_increasing"", ""unit_of_measurement"": ""packets"", ""friendly_name"": ""UPNP IGD Packets received""}"
2025-07-20T05:25:08.267770,sensor.upnp_igd_packets_sent,4741092,4741743,"{""state_class"": ""total_increasing"", ""unit_of_measurement"": ""packets"", ""friendly_name"": ""UPNP IGD Packets sent""}"
2025-07-20T05:25:08.269249,sensor.upnp_igd_uptime,1752999805,1752999835,"{""unit_of_measurement"": ""s"", ""device_class"": ""duration"", ""friendly_name"": ""UPNP IGD Uptime""}"
2025-07-20T05:25:08.273036,sensor.upnp_igd_download_speed,3.56265253415904,4.49008541732877,"{""state_class"": ""measurement"", ""unit_of_measurement"": ""KiB/s"", ""device_class"": ""data_rate"", ""friendly_name"": ""UPNP IGD Download speed""}"
2025-07-20T05:25:08.274610,sensor.upnp_igd_upload_speed,2.8306019810137,3.85100289866471,"{""state_class"": ""measurement"", ""unit_of_measurement"": ""KiB/s"", ""device_class"": ""data_rate"", ""friendly_name"": ""UPNP IGD Upload speed""}"
2025-07-20T05:25:08.276094,sensor.upnp_igd_packet_download_speed,44.4226526468819,43.6435924871406,"{""state_class"": ""measurement"", ""unit_of_measurement"": ""packets/s"", ""friendly_name"": ""UPNP IGD Packet download speed""}"
2025-07-20T05:25:08.277519,sensor.upnp_igd_packet_upload_speed,17.4957934280668,21.7051021460111,"{""state_class"": ""measurement"", ""unit_of_measurement"": ""packets/s"", ""friendly_name"": ""UPNP IGD Packet upload speed""}"
2025-07-20T05:25:10.260796,automation.aut_status_bruno,on,on,"{""id"": ""1751855857509"", ""last_triggered"": ""2025-07-20T08:25:10.252618+00:00"", ""mode"": ""single"", ""current"": 1, ""friendly_name"": ""aut-status-bruno""}"
2025-07-20T05:25:10.263618,automation.aut_status_bruno,on,on,"{""id"": ""1751855857509"", ""last_triggered"": ""2025-07-20T08:25:10.252618+00:00"", ""mode"": ""single"", ""current"": 0, ""friendly_name"": ""aut-status-bruno""}"
2025-07-20T05:25:38.258370,sensor.upnp_igd_data_received,3449729633,3449843199,"{""state_class"": ""total_increasing"", ""unit_of_measurement"": ""B"", ""device_class"": ""data_size"", ""friendly_name"": ""UPNP IGD Data received""}"
2025-07-20T05:25:38.261256,sensor.upnp_igd_data_sent,1218200123,1218315057,"{""state_class"": ""total_increasing"", ""unit_of_measurement"": ""B"", ""device_class"": ""data_size"", ""friendly_name"": ""UPNP IGD Data sent""}"
2025-07-20T05:25:38.262752,sensor.upnp_igd_packets_received,9707542,9708859,"{""state_class"": ""total_increasing"", ""unit_of_measurement"": ""packets"", ""friendly_name"": ""UPNP IGD Packets received""}"
2025-07-20T05:25:38.265356,sensor.upnp_igd_packets_sent,4741743,4742430,"{""state_class"": ""total_increasing"", ""unit_of_measurement"": ""packets"", ""friendly_name"": ""UPNP IGD Packets sent""}"
2025-07-20T05:25:38.267122,sensor.upnp_igd_uptime,1752999835,1752999865,"{""unit_of_measurement"": ""s"", ""device_class"": ""duration"", ""friendly_name"": ""UPNP IGD Uptime""}"
2025-07-20T05:25:38.268931,sensor.upnp_igd_download_speed,4.49008541732877,3.69681581073863,"{""state_class"": ""measurement"", ""unit_of_measurement"": ""KiB/s"", ""device_class"": ""data_rate"", ""friendly_name"": ""UPNP IGD Download speed""}"
2025-07-20T05:25:38.270395,sensor.upnp_igd_upload_speed,3.85100289866471,3.74134713198874,"{""state_class"": ""measurement"", ""unit_of_measurement"": ""KiB/s"", ""device_class"": ""data_rate"", ""friendly_name"": ""UPNP IGD Upload speed""}"
2025-07-20T05:25:38.272178,sensor.upnp_igd_packet_download_speed,43.6435924871406,43.9000702401124,"{""state_class"": ""measurement"", ""unit_of_measurement"": ""packets/s"", ""friendly_name"": ""UPNP IGD Packet download speed""}"
2025-07-20T05:25:38.273959,sensor.upnp_igd_packet_upload_speed,21.7051021460111,22.9000366400586,"{""state_class"": ""measurement"", ""unit_of_measurement"": ""packets/s"", ""friendly_name"": ""UPNP IGD Packet upload speed""}"
2025-07-20T05:26:08.272020,sensor.upnp_igd_data_received,3449843199,3450016289,"{""state_class"": ""total_increasing"", ""unit_of_measurement"": ""B"", ""device_class"": ""data_size"", ""friendly_name"": ""UPNP IGD Data received""}"
2025-07-20T05:26:08.274886,sensor.upnp_igd_data_sent,1218315057,1218472810,"{""state_class"": ""total_increasing"", ""unit_of_measurement"": ""B"", ""device_class"": ""data_size"", ""friendly_name"": ""UPNP IGD Data sent""}"
2025-07-20T05:26:08.276425,sensor.upnp_igd_packets_received,9708859,9710300,"{""state_class"": ""total_increasing"", ""unit_of_measurement"": ""packets"", ""friendly_name"": ""UPNP IGD Packets received""}"
2025-07-20T05:26:08.277849,sensor.upnp_igd_packets_sent,4742430,4743231,"{""state_class"": ""total_increasing"", ""unit_of_measurement"": ""packets"", ""friendly_name"": ""UPNP IGD Packets sent""}"
2025-07-20T05:26:08.279178,sensor.upnp_igd_uptime,1752999865,1752999895,"{""unit_of_measurement"": ""s"", ""device_class"": ""duration"", ""friendly_name"": ""UPNP IGD Uptime""}"
2025-07-20T05:26:08.280655,sensor.upnp_igd_download_speed,3.69681581073863,5.63444498735232,"{""state_class"": ""measurement"", ""unit_of_measurement"": ""KiB/s"", ""device_class"": ""data_rate"", ""friendly_name"": ""UPNP IGD Download speed""}"
2025-07-20T05:26:08.282020,sensor.upnp_igd_upload_speed,3.74134713198874,5.13519325258415,"{""state_class"": ""measurement"", ""unit_of_measurement"": ""KiB/s"", ""device_class"": ""data_rate"", ""friendly_name"": ""UPNP IGD Upload speed""}"
2025-07-20T05:26:08.283444,sensor.upnp_igd_packet_download_speed,43.9000702401124,48.0333749622583,"{""state_class"": ""measurement"", ""unit_of_measurement"": ""packets/s"", ""friendly_name"": ""UPNP IGD Packet download speed""}"
2025-07-20T05:26:08.284839,sensor.upnp_igd_packet_upload_speed,22.9000366400586,26.7000231400201,"{""state_class"": ""measurement"", ""unit_of_measurement"": ""packets/s"", ""friendly_name"": ""UPNP IGD Packet upload speed""}"
2025-07-20T05:26:10.260363,automation.aut_status_bruno,on,on,"{""id"": ""1751855857509"", ""last_triggered"": ""2025-07-20T08:26:10.252589+00:00"", ""mode"": ""single"", ""current"": 1, ""friendly_name"": ""aut-status-bruno""}"
2025-07-20T05:26:10.263173,automation.aut_status_bruno,on,on,"{""id"": ""1751855857509"", ""last_triggered"": ""2025-07-20T08:26:10.252589+00:00"", ""mode"": ""single"", ""current"": 0, ""friendly_name"": ""aut-status-bruno""}"
2025-07-20T05:26:38.259408,sensor.upnp_igd_data_received,3450016289,3450217123,"{""state_class"": ""total_increasing"", ""unit_of_measurement"": ""B"", ""device_class"": ""data_size"", ""friendly_name"": ""UPNP IGD Data received""}"
2025-07-20T05:26:38.261191,sensor.upnp_igd_data_sent,1218472810,1218625599,"{""state_class"": ""total_increasing"", ""unit_of_measurement"": ""B"", ""device_class"": ""data_size"", ""friendly_name"": ""UPNP IGD Data sent""}"
2025-07-20T05:26:38.262878,sensor.upnp_igd_packets_received,9710300,9711756,"{""state_class"": ""total_increasing"", ""unit_of_measurement"": ""packets"", ""friendly_name"": ""UPNP IGD Packets received""}"
2025-07-20T05:26:38.264513,sensor.upnp_igd_packets_sent,4743231,4744045,"{""state_class"": ""total_increasing"", ""unit_of_measurement"": ""packets"", ""friendly_name"": ""UPNP IGD Packets sent""}"
2025-07-20T05:26:38.266051,sensor.upnp_igd_uptime,1752999895,1752999925,"{""unit_of_measurement"": ""s"", ""device_class"": ""duration"", ""friendly_name"": ""UPNP IGD Uptime""}"
2025-07-20T05:26:38.267702,sensor.upnp_igd_download_speed,5.63444498735232,6.53741953762496,"{""state_class"": ""measurement"", ""unit_of_measurement"": ""KiB/s"", ""device_class"": ""data_rate"", ""friendly_name"": ""UPNP IGD Download speed""}"
2025-07-20T05:26:38.269387,sensor.upnp_igd_upload_speed,5.13519325258415,4.97348951738341,"{""state_class"": ""measurement"", ""unit_of_measurement"": ""KiB/s"", ""device_class"": ""data_rate"", ""friendly_name"": ""UPNP IGD Upload speed""}"
2025-07-20T05:26:38.271054,sensor.upnp_igd_packet_download_speed,48.0333749622583,48.5322526818403,"{""state_class"": ""measurement"", ""unit_of_measurement"": ""packets/s"", ""friendly_name"": ""UPNP IGD Packet download speed""}"
2025-07-20T05:26:38.272718,sensor.upnp_igd_packet_upload_speed,26.7000231400201,27.132729177897,"{""state_class"": ""measurement"", ""unit_of_measurement"": ""packets/s"", ""friendly_name"": ""UPNP IGD Packet upload speed""}"
2025-07-20T05:27:08.265187,sensor.upnp_igd_data_received,3450217123,3450383720,"{""state_class"": ""total_increasing"", ""unit_of_measurement"": ""B"", ""device_class"": ""data_size"", ""friendly_name"": ""UPNP IGD Data received""}"
2025-07-20T05:27:08.268113,sensor.upnp_igd_data_sent,1218625599,1218791675,"{""state_class"": ""total_increasing"", ""unit_of_measurement"": ""B"", ""device_class"": ""data_size"", ""friendly_name"": ""UPNP IGD Data sent""}"
2025-07-20T05:27:08.269868,sensor.upnp_igd_packets_received,9711756,9713191,"{""state_class"": ""total_increasing"", ""unit_of_measurement"": ""packets"", ""friendly_name"": ""UPNP IGD Packets received""}"
2025-07-20T05:27:08.271291,sensor.upnp_igd_packets_sent,4744045,4744970,"{""state_class"": ""total_increasing"", ""unit_of_measurement"": ""packets"", ""friendly_name"": ""UPNP IGD Packets sent""}"
2025-07-20T05:27:08.272751,sensor.upnp_igd_uptime,1752999925,1752999955,"{""unit_of_measurement"": ""s"", ""device_class"": ""duration"", ""friendly_name"": ""UPNP IGD Uptime""}"
2025-07-20T05:27:08.274161,sensor.upnp_igd_download_speed,6.53741953762496,5.42288293795821,"{""state_class"": ""measurement"", ""unit_of_measurement"": ""KiB/s"", ""device_class"": ""data_rate"", ""friendly_name"": ""UPNP IGD Download speed""}"
2025-07-20T05:27:08.275675,sensor.upnp_igd_upload_speed,4.97348951738341,5.40592391702341,"{""state_class"": ""measurement"", ""unit_of_measurement"": ""KiB/s"", ""device_class"": ""data_rate"", ""friendly_name"": ""UPNP IGD Upload speed""}"
2025-07-20T05:27:08.277119,sensor.upnp_igd_packet_download_speed,48.5322526818403,47.8316002350182,"{""state_class"": ""measurement"", ""unit_of_measurement"": ""packets/s"", ""friendly_name"": ""UPNP IGD Packet download speed""}"
2025-07-20T05:27:08.278489,sensor.upnp_igd_packet_upload_speed,27.132729177897,30.8322161793671,"{""state_class"": ""measurement"", ""unit_of_measurement"": ""packets/s"", ""friendly_name"": ""UPNP IGD Packet upload speed""}"
2025-07-20T05:27:10.260822,automation.aut_status_bruno,on,on,"{""id"": ""1751855857509"", ""last_triggered"": ""2025-07-20T08:27:10.252249+00:00"", ""mode"": ""single"", ""current"": 1, ""friendly_name"": ""aut-status-bruno""}"
2025-07-20T05:27:10.263910,automation.aut_status_bruno,on,on,"{""id"": ""1751855857509"", ""last_triggered"": ""2025-07-20T08:27:10.252249+00:00"", ""mode"": ""single"", ""current"": 0, ""friendly_name"": ""aut-status-bruno""}"
2025-07-20T05:27:38.272099,sensor.upnp_igd_data_received,3450383720,3450541773,"{""state_class"": ""total_increasing"", ""unit_of_measurement"": ""B"", ""device_class"": ""data_size"", ""friendly_name"": ""UPNP IGD Data received""}"
2025-07-20T05:27:38.273565,sensor.upnp_igd_data_sent,1218791675,1218934172,"{""state_class"": ""total_increasing"", ""unit_of_measurement"": ""B"", ""device_class"": ""data_size"", ""friendly_name"": ""UPNP IGD Data sent""}"
2025-07-20T05:27:38.274829,sensor.upnp_igd_packets_received,9713191,9714627,"{""state_class"": ""total_increasing"", ""unit_of_measurement"": ""packets"", ""friendly_name"": ""UPNP IGD Packets received""}"
2025-07-20T05:27:38.278159,sensor.upnp_igd_packets_sent,4744970,4745884,"{""state_class"": ""total_increasing"", ""unit_of_measurement"": ""packets"", ""friendly_name"": ""UPNP IGD Packets sent""}"
2025-07-20T05:27:38.279974,sensor.upnp_igd_uptime,1752999955,1752999985,"{""unit_of_measurement"": ""s"", ""device_class"": ""duration"", ""friendly_name"": ""UPNP IGD Uptime""}"
2025-07-20T05:27:38.281737,sensor.upnp_igd_download_speed,5.42288293795821,5.14532231762904,"{""state_class"": ""measurement"", ""unit_of_measurement"": ""KiB/s"", ""device_class"": ""data_rate"", ""friendly_name"": ""UPNP IGD Download speed""}"
2025-07-20T05:27:38.283786,sensor.upnp_igd_upload_speed,5.40592391702341,4.63890590052189,"{""state_class"": ""measurement"", ""unit_of_measurement"": ""KiB/s"", ""device_class"": ""data_rate"", ""friendly_name"": ""UPNP IGD Upload speed""}"
2025-07-20T05:27:38.285919,sensor.upnp_igd_packet_download_speed,47.8316002350182,47.8700893780572,"{""state_class"": ""measurement"", ""unit_of_measurement"": ""packets/s"", ""friendly_name"": ""UPNP IGD Packet download speed""}"
2025-07-20T05:27:38.287649,sensor.upnp_igd_packet_upload_speed,30.8322161793671,30.4688451890977,"{""state_class"": ""measurement"", ""unit_of_measurement"": ""packets/s"", ""friendly_name"": ""UPNP IGD Packet upload speed""}"
2025-07-20T05:27:48.467602,media_player.dlna_b13_box,unavailable,unknown,"{""friendly_name"": ""DLNA-B13 Box"", ""supported_features"": 512575}"
2025-07-20T05:27:51.321204,camera.192_168_0_33,idle,idle,"{""access_token"": ""72c570c3da9cd1410fcaeed9b6997f6544b0b3d83cdd73c74e17444a4f41b520"", ""entity_picture"": ""/api/camera_proxy/camera.192_168_0_33?token=72c570c3da9cd1410fcaeed9b6997f6544b0b3d83cdd73c74e17444a4f41b520"", ""friendly_name"": ""192_168_0_14"", ""supported_features"": 2}"
2025-07-20T05:27:51.322944,camera.admin_mainstream,idle,idle,"{""access_token"": ""d63eb736d1ee0315aa78b2663a3d7ef72e2d408371b7762f35af4dab8b398ea"", ""entity_picture"": ""/api/camera_proxy/camera.admin_mainstream?token=d63eb736d1ee0315aa78b2663a3d7ef72e2d408371b7762f35af4dab8b398ea"", ""friendly_name"": ""admin MainStream"", ""supported_features"": 2}"
2025-07-20T05:27:51.324653,camera.admin_substream,idle,idle,"{""access_token"": ""ce50fef98c6bac1a68b385c4d7f392ac99a3ecd12660b54eba86c02d6cdc5ac9"", ""entity_picture"": ""/api/camera_proxy/camera.admin_substream?token=ce50fef98c6bac1a68b385c4d7f392ac99a3ecd12660b54eba86c02d6cdc5ac9"", ""friendly_name"": ""admin SubStream"", ""supported_features"": 2}"
2025-07-20T05:27:53.577046,sun.sun,below_horizon,below_horizon,"{""next_dawn"": ""2025-07-20T08:33:51.151304+00:00"", ""next_dusk"": ""2025-07-20T20:47:13.005418+00:00"", ""next_midnight"": ""2025-07-21T02:40:32+00:00"", ""next_noon"": ""2025-07-20T14:40:27+00:00"", ""next_rising"": ""2025-07-20T08:56:54.429420+00:00"", ""next_setting"": ""2025-07-20T20:24:10.176365+00:00"", ""elevation"": -7.38, ""azimuth"": 70.5, ""rising"": true, ""friendly_name"": ""Sun""}"
2025-07-20T05:27:55.788190,media_player.dlna_b13_box,unknown,unavailable,"{""friendly_name"": ""DLNA-B13 Box"", ""supported_features"": 512575}"
2025-07-20T05:28:08.254452,sensor.upnp_igd_data_received,3450541773,3451337341,"{""state_class"": ""total_increasing"", ""unit_of_measurement"": ""B"", ""device_class"": ""data_size"", ""friendly_name"": ""UPNP IGD Data received""}"
2025-07-20T05:28:08.256257,sensor.upnp_igd_data_sent,1218934172,1219108055,"{""state_class"": ""total_increasing"", ""unit_of_measurement"": ""B"", ""device_class"": ""data_size"", ""friendly_name"": ""UPNP IGD Data sent""}"
2025-07-20T05:28:08.257708,sensor.upnp_igd_packets_received,9714627,9716684,"{""state_class"": ""total_increasing"", ""unit_of_measurement"": ""packets"", ""friendly_name"": ""UPNP IGD Packets received""}"
2025-07-20T05:28:08.259128,sensor.upnp_igd_packets_sent,4745884,4746957,"{""state_class"": ""total_increasing"", ""unit_of_measurement"": ""packets"", ""friendly_name"": ""UPNP IGD Packets sent""}"
2025-07-20T05:28:08.260532,sensor.upnp_igd_uptime,1752999985,1753000015,"{""unit_of_measurement"": ""s"", ""device_class"": ""duration"", ""friendly_name"": ""UPNP IGD Uptime""}"
2025-07-20T05:28:08.261913,sensor.upnp_igd_download_speed,5.14532231762904,25.8965205309394,"{""state_class"": ""measurement"", ""unit_of_measurement"": ""KiB/s"", ""device_class"": ""data_rate"", ""friendly_name"": ""UPNP IGD Download speed""}"
2025-07-20T05:28:08.263293,sensor.upnp_igd_upload_speed,4.63890590052189,5.66006259613425,"{""state_class"": ""measurement"", ""unit_of_measurement"": ""KiB/s"", ""device_class"": ""data_rate"", ""friendly_name"": ""UPNP IGD Upload speed""}"
2025-07-20T05:28:08.264745,sensor.upnp_igd_packet_download_speed,47.8700893780572,68.564349191664,"{""state_class"": ""measurement"", ""unit_of_measurement"": ""packets/s"", ""friendly_name"": ""UPNP IGD Packet download speed""}"
2025-07-20T05:28:08.266094,sensor.upnp_igd_packet_upload_speed,30.4688451890977,35.7654577941932,"{""state_class"": ""measurement"", ""unit_of_measurement"": ""packets/s"", ""friendly_name"": ""UPNP IGD Packet upload speed""}"
2025-07-20T05:28:10.265641,automation.aut_status_bruno,on,on,"{""id"": ""1751855857509"", ""last_triggered"": ""2025-07-20T08:28:10.252694+00:00"", ""mode"": ""single"", ""current"": 1, ""friendly_name"": ""aut-status-bruno""}"
2025-07-20T05:28:10.268418,automation.aut_status_bruno,on,on,"{""id"": ""1751855857509"", ""last_triggered"": ""2025-07-20T08:28:10.252694+00:00"", ""mode"": ""single"", ""current"": 0, ""friendly_name"": ""aut-status-bruno""}"
2025-07-20T05:28:38.284741,sensor.upnp_igd_data_received,3451337341,3451514161,"{""state_class"": ""total_increasing"", ""unit_of_measurement"": ""B"", ""device_class"": ""data_size"", ""friendly_name"": ""UPNP IGD Data received""}"
2025-07-20T05:28:38.286840,sensor.upnp_igd_data_sent,1219108055,1219270127,"{""state_class"": ""total_increasing"", ""unit_of_measurement"": ""B"", ""device_class"": ""data_size"", ""friendly_name"": ""UPNP IGD Data sent""}"
2025-07-20T05:28:38.288823,sensor.upnp_igd_packets_received,9716684,9718156,"{""state_class"": ""total_increasing"", ""unit_of_measurement"": ""packets"", ""friendly_name"": ""UPNP IGD Packets received""}"
2025-07-20T05:28:38.290967,sensor.upnp_igd_packets_sent,4746957,4747779,"{""state_class"": ""total_increasing"", ""unit_of_measurement"": ""packets"", ""friendly_name"": ""UPNP IGD Packets sent""}"
2025-07-20T05:28:38.292995,sensor.upnp_igd_uptime,1753000015,1753000045,"{""unit_of_measurement"": ""s"", ""device_class"": ""duration"", ""friendly_name"": ""UPNP IGD Uptime""}"
2025-07-20T05:28:38.294792,sensor.upnp_igd_download_speed,25.8965205309394,5.75587453213627,"{""state_class"": ""measurement"", ""unit_of_measurement"": ""KiB/s"", ""device_class"": ""data_rate"", ""friendly_name"": ""UPNP IGD Download speed""}"
2025-07-20T05:28:38.296564,sensor.upnp_igd_upload_speed,5.66006259613425,5.27579514292721,"{""state_class"": ""measurement"", ""unit_of_measurement"": ""KiB/s"", ""device_class"": ""data_rate"", ""friendly_name"": ""UPNP IGD Upload speed""}"
2025-07-20T05:28:38.298299,sensor.upnp_igd_packet_download_speed,68.564349191664,49.0667958758958,"{""state_class"": ""measurement"", ""unit_of_measurement"": ""packets/s"", ""friendly_name"": ""UPNP IGD Packet download speed""}"
2025-07-20T05:28:38.300056,sensor.upnp_igd_packet_upload_speed,35.7654577941932,27.4000721535233,"{""state_class"": ""measurement"", ""unit_of_measurement"": ""packets/s"", ""friendly_name"": ""UPNP IGD Packet upload speed""}"
2025-07-20T05:29:08.265697,sensor.upnp_igd_data_received,3451514161,3451649696,"{""state_class"": ""total_increasing"", ""unit_of_measurement"": ""B"", ""device_class"": ""data_size"", ""friendly_name"": ""UPNP IGD Data received""}"
2025-07-20T05:29:08.268604,sensor.upnp_igd_data_sent,1219270127,1219412540,"{""state_class"": ""total_increasing"", ""unit_of_measurement"": ""B"", ""device_class"": ""data_size"", ""friendly_name"": ""UPNP IGD Data sent""}"
2025-07-20T05:29:08.269994,sensor.upnp_igd_packets_received,9718156,9719565,"{""state_class"": ""total_increasing"", ""unit_of_measurement"": ""packets"", ""friendly_name"": ""UPNP IGD Packets received""}"
2025-07-20T05:29:08.271269,sensor.upnp_igd_packets_sent,4747779,4748521,"{""state_class"": ""total_increasing"", ""unit_of_measurement"": ""packets"", ""friendly_name"": ""UPNP IGD Packets sent""}"
2025-07-20T05:29:08.273703,sensor.upnp_igd_uptime,1753000045,1753000075,"{""unit_of_measurement"": ""s"", ""device_class"": ""duration"", ""friendly_name"": ""UPNP IGD Uptime""}"
2025-07-20T05:29:08.275687,sensor.upnp_igd_download_speed,5.75587453213627,4.41206985840138,"{""state_class"": ""measurement"", ""unit_of_measurement"": ""KiB/s"", ""device_class"": ""data_rate"", ""friendly_name"": ""UPNP IGD Download speed""}"
2025-07-20T05:29:08.277600,sensor.upnp_igd_upload_speed,5.27579514292721,4.63596934182695,"{""state_class"": ""measurement"", ""unit_of_measurement"": ""KiB/s"", ""device_class"": ""data_rate"", ""friendly_name"": ""UPNP IGD Upload speed""}"
2025-07-20T05:29:08.279369,sensor.upnp_igd_packet_download_speed,49.0667958758958,46.96797863887,"{""state_class"": ""measurement"", ""unit_of_measurement"": ""packets/s"", ""friendly_name"": ""UPNP IGD Packet download speed""}"
2025-07-20T05:29:08.283218,sensor.upnp_igd_packet_upload_speed,27.4000721535233,24.734024237077,"{""state_class"": ""measurement"", ""unit_of_measurement"": ""packets/s"", ""friendly_name"": ""UPNP IGD Packet upload speed""}"
2025-07-20T05:29:10.264704,automation.aut_status_bruno,on,on,"{""id"": ""1751855857509"", ""last_triggered"": ""2025-07-20T08:29:10.253176+00:00"", ""mode"": ""single"", ""current"": 1, ""friendly_name"": ""aut-status-bruno""}"
2025-07-20T05:29:10.268130,automation.aut_status_bruno,on,on,"{""id"": ""1751855857509"", ""last_triggered"": ""2025-07-20T08:29:10.253176+00:00"", ""mode"": ""single"", ""current"": 0, ""friendly_name"": ""aut-status-bruno""}"
2025-07-20T05:29:12.910192,sensor.tomada_mesa_de_trabalho_current,0.301,0.337,"{""state_class"": ""measurement"", ""unit_of_measurement"": ""A"", ""device_class"": ""current"", ""friendly_name"": ""Tomada mesa de trabalho Current""}"
2025-07-20T05:29:12.911866,sensor.tomada_mesa_de_trabalho_power,35.5,41.3,"{""state_class"": ""measurement"", ""unit_of_measurement"": ""W"", ""device_class"": ""power"", ""friendly_name"": ""Tomada mesa de trabalho Power""}"
2025-07-20T05:29:38.272812,sensor.upnp_igd_data_received,3451649696,3454762885,"{""state_class"": ""total_increasing"", ""unit_of_measurement"": ""B"", ""device_class"": ""data_size"", ""friendly_name"": ""UPNP IGD Data received""}"
2025-07-20T05:29:38.274461,sensor.upnp_igd_data_sent,1219412540,1222759344,"{""state_class"": ""total_increasing"", ""unit_of_measurement"": ""B"", ""device_class"": ""data_size"", ""friendly_name"": ""UPNP IGD Data sent""}"
2025-07-20T05:29:38.276306,sensor.upnp_igd_packets_received,9719565,9724626,"{""state_class"": ""total_increasing"", ""unit_of_measurement"": ""packets"", ""friendly_name"": ""UPNP IGD Packets received""}"
2025-07-20T05:29:38.278195,sensor.upnp_igd_packets_sent,4748521,4752613,"{""state_class"": ""total_increasing"", ""unit_of_measurement"": ""packets"", ""friendly_name"": ""UPNP IGD Packets sent""}"
2025-07-20T05:29:38.279951,sensor.upnp_igd_uptime,1753000075,1753000105,"{""unit_of_measurement"": ""s"", ""device_class"": ""duration"", ""friendly_name"": ""UPNP IGD Uptime""}"
2025-07-20T05:29:38.281453,sensor.upnp_igd_download_speed,4.41206985840138,101.340963418087,"{""state_class"": ""measurement"", ""unit_of_measurement"": ""KiB/s"", ""device_class"": ""data_rate"", ""friendly_name"": ""UPNP IGD Download speed""}"
2025-07-20T05:29:38.282873,sensor.upnp_igd_upload_speed,4.63596934182695,108.945631547428,"{""state_class"": ""measurement"", ""unit_of_measurement"": ""KiB/s"", ""device_class"": ""data_rate"", ""friendly_name"": ""UPNP IGD Upload speed""}"
2025-07-20T05:29:38.284470,sensor.upnp_igd_packet_download_speed,46.96797863887,168.70029241384,"{""state_class"": ""measurement"", ""unit_of_measurement"": ""packets/s"", ""friendly_name"": ""UPNP IGD Packet download speed""}"
2025-07-20T05:29:38.286171,sensor.upnp_igd_packet_upload_speed,24.734024237077,136.400236427076,"{""state_class"": ""measurement"", ""unit_of_measurement"": ""packets/s"", ""friendly_name"": ""UPNP IGD Packet upload speed""}"
2025-07-20T05:30:08.297896,sensor.upnp_igd_data_received,3454762885,3455125154,"{""state_class"": ""total_increasing"", ""unit_of_measurement"": ""B"", ""device_class"": ""data_size"", ""friendly_name"": ""UPNP IGD Data received""}"
2025-07-20T05:30:08.301594,sensor.upnp_igd_data_sent,1222759344,1223071217,"{""state_class"": ""total_increasing"", ""unit_of_measurement"": ""B"", ""device_class"": ""data_size"", ""friendly_name"": ""UPNP IGD Data sent""}"
2025-07-20T05:30:08.303235,sensor.upnp_igd_packets_received,9724626,9727124,"{""state_class"": ""total_increasing"", ""unit_of_measurement"": ""packets"", ""friendly_name"": ""UPNP IGD Packets received""}"
2025-07-20T05:30:08.304751,sensor.upnp_igd_packets_sent,4752613,4753918,"{""state_class"": ""total_increasing"", ""unit_of_measurement"": ""packets"", ""friendly_name"": ""UPNP IGD Packets sent""}"
2025-07-20T05:30:08.306089,sensor.upnp_igd_uptime,1753000105,1753000136,"{""unit_of_measurement"": ""s"", ""device_class"": ""duration"", ""friendly_name"": ""UPNP IGD Uptime""}"
2025-07-20T05:30:08.307564,sensor.upnp_igd_download_speed,101.340963418087,11.7924369351792,"{""state_class"": ""measurement"", ""unit_of_measurement"": ""KiB/s"", ""device_class"": ""data_rate"", ""friendly_name"": ""UPNP IGD Download speed""}"
2025-07-20T05:30:08.308991,sensor.upnp_igd_upload_speed,108.945631547428,10.151966313113,"{""state_class"": ""measurement"", ""unit_of_measurement"": ""KiB/s"", ""device_class"": ""data_rate"", ""friendly_name"": ""UPNP IGD Upload speed""}"
2025-07-20T05:30:08.311383,sensor.upnp_igd_packet_download_speed,168.70029241384,83.2654398891856,"{""state_class"": ""measurement"", ""unit_of_measurement"": ""packets/s"", ""friendly_name"": ""UPNP IGD Packet download speed""}"
2025-07-20T05:30:08.313101,sensor.upnp_igd_packet_upload_speed,136.400236427076,43.4993591094425,"{""state_class"": ""measurement"", ""unit_of_measurement"": ""packets/s"", ""friendly_name"": ""UPNP IGD Packet upload speed""}"
2025-07-20T05:30:10.260634,automation.aut_status_bruno,on,on,"{""id"": ""1751855857509"", ""last_triggered"": ""2025-07-20T08:30:10.252281+00:00"", ""mode"": ""single"", ""current"": 1, ""friendly_name"": ""aut-status-bruno""}"
2025-07-20T05:30:10.265179,input_boolean.trabalhando,off,on,"{""editable"": true, ""icon"": ""mdi:toggle-switch"", ""friendly_name"": ""trabalhando?""}"
2025-07-20T05:30:10.266681,automation.aut_status_bruno,on,on,"{""id"": ""1751855857509"", ""last_triggered"": ""2025-07-20T08:30:10.252281+00:00"", ""mode"": ""single"", ""current"": 0, ""friendly_name"": ""aut-status-bruno""}"
2025-07-20T05:30:38.244901,sensor.upnp_igd_data_received,3455125154,3455330968,"{""state_class"": ""total_increasing"", ""unit_of_measurement"": ""B"", ""device_class"": ""data_size"", ""friendly_name"": ""UPNP IGD Data received""}"
2025-07-20T05:30:38.248329,sensor.upnp_igd_data_sent,1223071217,1223214003,"{""state_class"": ""total_increasing"", ""unit_of_measurement"": ""B"", ""device_class"": ""data_size"", ""friendly_name"": ""UPNP IGD Data sent""}"
2025-07-20T05:30:38.249840,sensor.upnp_igd_packets_received,9727124,9728988,"{""state_class"": ""total_increasing"", ""unit_of_measurement"": ""packets"", ""friendly_name"": ""UPNP IGD Packets received""}"
2025-07-20T05:30:38.251240,sensor.upnp_igd_packets_sent,4753918,4754726,"{""state_class"": ""total_increasing"", ""unit_of_measurement"": ""packets"", ""friendly_name"": ""UPNP IGD Packets sent""}"
2025-07-20T05:30:38.252657,sensor.upnp_igd_uptime,1753000136,1753000165,"{""unit_of_measurement"": ""s"", ""device_class"": ""duration"", ""friendly_name"": ""UPNP IGD Uptime""}"
2025-07-20T05:30:38.254101,sensor.upnp_igd_download_speed,11.7924369351792,6.69964500072866,"{""state_class"": ""measurement"", ""unit_of_measurement"": ""KiB/s"", ""device_class"": ""data_rate"", ""friendly_name"": ""UPNP IGD Download speed""}"
2025-07-20T05:30:38.255782,sensor.upnp_igd_upload_speed,10.151966313113,4.64796131980353,"{""state_class"": ""measurement"", ""unit_of_measurement"": ""KiB/s"", ""device_class"": ""data_rate"", ""friendly_name"": ""UPNP IGD Upload speed""}"
2025-07-20T05:30:38.257281,sensor.upnp_igd_packet_download_speed,83.2654398891856,62.1330599478696,"{""state_class"": ""measurement"", ""unit_of_measurement"": ""packets/s"", ""friendly_name"": ""UPNP IGD Packet download speed""}"
2025-07-20T05:30:38.258839,sensor.upnp_igd_packet_upload_speed,43.4993591094425,26.9332148271881,"{""state_class"": ""measurement"", ""unit_of_measurement"": ""packets/s"", ""friendly_name"": ""UPNP IGD Packet upload speed""}"
2025-07-20T05:31:08.244635,sensor.upnp_igd_data_received,3455330968,3455500176,"{""state_class"": ""total_increasing"", ""unit_of_measurement"": ""B"", ""device_class"": ""data_size"", ""friendly_name"": ""UPNP IGD Data received""}"
2025-07-20T05:31:08.248011,sensor.upnp_igd_data_sent,1223214003,1223369128,"{""state_class"": ""total_increasing"", ""unit_of_measurement"": ""B"", ""device_class"": ""data_size"", ""friendly_name"": ""UPNP IGD Data sent""}"
2025-07-20T05:31:08.249865,sensor.upnp_igd_packets_received,9728988,9730757,"{""state_class"": ""total_increasing"", ""unit_of_measurement"": ""packets"", ""friendly_name"": ""UPNP IGD Packets received""}"
2025-07-20T05:31:08.251523,sensor.upnp_igd_packets_sent,4754726,4755515,"{""state_class"": ""total_increasing"", ""unit_of_measurement"": ""packets"", ""friendly_name"": ""UPNP IGD Packets sent""}"
2025-07-20T05:31:08.252886,sensor.upnp_igd_uptime,1753000165,1753000195,"{""unit_of_measurement"": ""s"", ""device_class"": ""duration"", ""friendly_name"": ""UPNP IGD Uptime""}"
2025-07-20T05:31:08.254257,sensor.upnp_igd_download_speed,6.69964500072866,5.50811569636524,"{""state_class"": ""measurement"", ""unit_of_measurement"": ""KiB/s"", ""device_class"": ""data_rate"", ""friendly_name"": ""UPNP IGD Download speed""}"
2025-07-20T05:31:08.255687,sensor.upnp_igd_upload_speed,4.64796131980353,5.04968114627357,"{""state_class"": ""measurement"", ""unit_of_measurement"": ""KiB/s"", ""device_class"": ""data_rate"", ""friendly_name"": ""UPNP IGD Upload speed""}"
2025-07-20T05:31:08.257084,sensor.upnp_igd_packet_download_speed,62.1330599478696,58.9671246446681,"{""state_class"": ""measurement"", ""unit_of_measurement"": ""packets/s"", ""friendly_name"": ""UPNP IGD Packet download speed""}"
2025-07-20T05:31:08.258443,sensor.upnp_igd_packet_upload_speed,26.9332148271881,26.3002042649198,"{""state_class"": ""measurement"", ""unit_of_measurement"": ""packets/s"", ""friendly_name"": ""UPNP IGD Packet upload speed""}"
2025-07-20T05:31:10.262344,automation.aut_status_bruno,on,on,"{""id"": ""1751855857509"", ""last_triggered"": ""2025-07-20T08:31:10.253122+00:00"", ""mode"": ""single"", ""current"": 1, ""friendly_name"": ""aut-status-bruno""}"
2025-07-20T05:31:10.265243,automation.aut_status_bruno,on,on,"{""id"": ""1751855857509"", ""last_triggered"": ""2025-07-20T08:31:10.253122+00:00"", ""mode"": ""single"", ""current"": 0, ""friendly_name"": ""aut-status-bruno""}"
2025-07-20T05:31:38.308671,sensor.upnp_igd_data_received,3455500176,3455647545,"{""state_class"": ""total_increasing"", ""unit_of_measurement"": ""B"", ""device_class"": ""data_size"", ""friendly_name"": ""UPNP IGD Data received""}"
2025-07-20T05:31:38.312836,sensor.upnp_igd_data_sent,1223369128,1223493559,"{""state_class"": ""total_increasing"", ""unit_of_measurement"": ""B"", ""device_class"": ""data_size"", ""friendly_name"": ""UPNP IGD Data sent""}"
2025-07-20T05:31:38.314565,sensor.upnp_igd_packets_received,9730757,9732261,"{""state_class"": ""total_increasing"", ""unit_of_measurement"": ""packets"", ""friendly_name"": ""UPNP IGD Packets received""}"
2025-07-20T05:31:38.316532,sensor.upnp_igd_packets_sent,4755515,4756246,"{""state_class"": ""total_increasing"", ""unit_of_measurement"": ""packets"", ""friendly_name"": ""UPNP IGD Packets sent""}"
2025-07-20T05:31:38.318198,sensor.upnp_igd_uptime,1753000195,1753000225,"{""unit_of_measurement"": ""s"", ""device_class"": ""duration"", ""friendly_name"": ""UPNP IGD Uptime""}"
2025-07-20T05:31:38.320128,sensor.upnp_igd_download_speed,5.50811569636524,4.79692492455382,"{""state_class"": ""measurement"", ""unit_of_measurement"": ""KiB/s"", ""device_class"": ""data_rate"", ""friendly_name"": ""UPNP IGD Download speed""}"
2025-07-20T05:31:38.321936,sensor.upnp_igd_upload_speed,5.04968114627357,4.05028306690794,"{""state_class"": ""measurement"", ""unit_of_measurement"": ""KiB/s"", ""device_class"": ""data_rate"", ""friendly_name"": ""UPNP IGD Upload speed""}"
2025-07-20T05:31:38.323663,sensor.upnp_igd_packet_download_speed,58.9671246446681,50.1307933731358,"{""state_class"": ""measurement"", ""unit_of_measurement"": ""packets/s"", ""friendly_name"": ""UPNP IGD Packet download speed""}"
2025-07-20T05:31:38.325304,sensor.upnp_igd_packet_upload_speed,26.3002042649198,24.3654321514377,"{""state_class"": ""measurement"", ""unit_of_measurement"": ""packets/s"", ""friendly_name"": ""UPNP IGD Packet upload speed""}"
2025-07-20T05:31:53.577308,sun.sun,below_horizon,below_horizon,"{""next_dawn"": ""2025-07-20T08:33:51.151304+00:00"", ""next_dusk"": ""2025-07-20T20:47:13.005418+00:00"", ""next_midnight"": ""2025-07-21T02:40:32+00:00"", ""next_noon"": ""2025-07-20T14:40:27+00:00"", ""next_rising"": ""2025-07-20T08:56:54.429420+00:00"", ""next_setting"": ""2025-07-20T20:24:10.176365+00:00"", ""elevation"": -6.46, ""azimuth"": 70.32, ""rising"": true, ""friendly_name"": ""Sun""}"
2025-07-20T05:32:08.240648,sensor.upnp_igd_data_received,3455647545,3455787450,"{""state_class"": ""total_increasing"", ""unit_of_measurement"": ""B"", ""device_class"": ""data_size"", ""friendly_name"": ""UPNP IGD Data received""}"
2025-07-20T05:32:08.243493,sensor.upnp_igd_data_sent,1223493559,1223619556,"{""state_class"": ""total_increasing"", ""unit_of_measurement"": ""B"", ""device_class"": ""data_size"", ""friendly_name"": ""UPNP IGD Data sent""}"
2025-07-20T05:32:08.244994,sensor.upnp_igd_packets_received,9732261,9733796,"{""state_class"": ""total_increasing"", ""unit_of_measurement"": ""packets"", ""friendly_name"": ""UPNP IGD Packets received""}"
2025-07-20T05:32:08.246460,sensor.upnp_igd_packets_sent,4756246,4757005,"{""state_class"": ""total_increasing"", ""unit_of_measurement"": ""packets"", ""friendly_name"": ""UPNP IGD Packets sent""}"
2025-07-20T05:32:08.248254,sensor.upnp_igd_uptime,1753000225,1753000255,"{""unit_of_measurement"": ""s"", ""device_class"": ""duration"", ""friendly_name"": ""UPNP IGD Uptime""}"
2025-07-20T05:32:08.250081,sensor.upnp_igd_download_speed,4.79692492455382,4.55447036155219,"{""state_class"": ""measurement"", ""unit_of_measurement"": ""KiB/s"", ""device_class"": ""data_rate"", ""friendly_name"": ""UPNP IGD Download speed""}"
2025-07-20T05:32:08.251675,sensor.upnp_igd_upload_speed,4.05028306690794,4.10170903216105,"{""state_class"": ""measurement"", ""unit_of_measurement"": ""KiB/s"", ""device_class"": ""data_rate"", ""friendly_name"": ""UPNP IGD Upload speed""}"
2025-07-20T05:32:08.253104,sensor.upnp_igd_packet_download_speed,50.1307933731358,51.1697129702455,"{""state_class"": ""measurement"", ""unit_of_measurement"": ""packets/s"", ""friendly_name"": ""UPNP IGD Packet download speed""}"
2025-07-20T05:32:08.254536,sensor.upnp_igd_packet_upload_speed,24.3654321514377,25.3015062830074,"{""state_class"": ""measurement"", ""unit_of_measurement"": ""packets/s"", ""friendly_name"": ""UPNP IGD Packet upload speed""}"
2025-07-20T05:32:10.264525,automation.aut_status_bruno,on,on,"{""id"": ""1751855857509"", ""last_triggered"": ""2025-07-20T08:32:10.252969+00:00"", ""mode"": ""single"", ""current"": 1, ""friendly_name"": ""aut-status-bruno""}"
2025-07-20T05:32:10.320641,automation.aut_status_bruno,on,on,"{""id"": ""1751855857509"", ""last_triggered"": ""2025-07-20T08:32:10.252969+00:00"", ""mode"": ""single"", ""current"": 0, ""friendly_name"": ""aut-status-bruno""}"
2025-07-20T05:32:38.260720,sensor.upnp_igd_data_received,3455787450,3455943401,"{""state_class"": ""total_increasing"", ""unit_of_measurement"": ""B"", ""device_class"": ""data_size"", ""friendly_name"": ""UPNP IGD Data received""}"
2025-07-20T05:32:38.262380,sensor.upnp_igd_data_sent,1223619556,1223756571,"{""state_class"": ""total_increasing"", ""unit_of_measurement"": ""B"", ""device_class"": ""data_size"", ""friendly_name"": ""UPNP IGD Data sent""}"
2025-07-20T05:32:38.264163,sensor.upnp_igd_packets_received,9733796,9735361,"{""state_class"": ""total_increasing"", ""unit_of_measurement"": ""packets"", ""friendly_name"": ""UPNP IGD Packets received""}"
2025-07-20T05:32:38.265752,sensor.upnp_igd_packets_sent,4757005,4757789,"{""state_class"": ""total_increasing"", ""unit_of_measurement"": ""packets"", ""friendly_name"": ""UPNP IGD Packets sent""}"
2025-07-20T05:32:38.267300,sensor.upnp_igd_uptime,1753000255,1753000285,"{""unit_of_measurement"": ""s"", ""device_class"": ""duration"", ""friendly_name"": ""UPNP IGD Uptime""}"
2025-07-20T05:32:38.268940,sensor.upnp_igd_download_speed,4.55447036155219,5.07647241456263,"{""state_class"": ""measurement"", ""unit_of_measurement"": ""KiB/s"", ""device_class"": ""data_rate"", ""friendly_name"": ""UPNP IGD Download speed""}"
2025-07-20T05:32:38.270669,sensor.upnp_igd_upload_speed,4.10170903216105,4.46007315042096,"{""state_class"": ""measurement"", ""unit_of_measurement"": ""KiB/s"", ""device_class"": ""data_rate"", ""friendly_name"": ""UPNP IGD Upload speed""}"
2025-07-20T05:32:38.272337,sensor.upnp_igd_packet_download_speed,51.1697129702455,52.1660754511449,"{""state_class"": ""measurement"", ""unit_of_measurement"": ""packets/s"", ""friendly_name"": ""UPNP IGD Packet download speed""}"
2025-07-20T05:32:38.273911,sensor.upnp_igd_packet_upload_speed,25.3015062830074,26.1330371589122,"{""state_class"": ""measurement"", ""unit_of_measurement"": ""packets/s"", ""friendly_name"": ""UPNP IGD Packet upload speed""}"
2025-07-20T05:32:51.321557,camera.192_168_0_33,idle,idle,"{""access_token"": ""66e27f346cd7002741b9bfbf045365054f14b74de2586fe3246139d0a2ea77ef"", ""entity_picture"": ""/api/camera_proxy/camera.192_168_0_33?token=66e27f346cd7002741b9bfbf045365054f14b74de2586fe3246139d0a2ea77ef"", ""friendly_name"": ""192_168_0_14"", ""supported_features"": 2}"
2025-07-20T05:32:51.323512,camera.admin_mainstream,idle,idle,"{""access_token"": ""992e1290911aef8133248b991e10f07be0eb2b88a050acfb75a25a707a8d8158"", ""entity_picture"": ""/api/camera_proxy/camera.admin_mainstream?token=992e1290911aef8133248b991e10f07be0eb2b88a050acfb75a25a707a8d8158"", ""friendly_name"": ""admin MainStream"", ""supported_features"": 2}"
2025-07-20T05:32:51.325139,camera.admin_substream,idle,idle,"{""access_token"": ""e788451c4879175d2dc67c157fca85e63ec4f500b9fd7a6ac1ca5d08c6133ff6"", ""entity_picture"": ""/api/camera_proxy/camera.admin_substream?token=e788451c4879175d2dc67c157fca85e63ec4f500b9fd7a6ac1ca5d08c6133ff6"", ""friendly_name"": ""admin SubStream"", ""supported_features"": 2}"
2025-07-20T05:33:08.240253,sensor.upnp_igd_data_received,3455943401,3456599805,"{""state_class"": ""total_increasing"", ""unit_of_measurement"": ""B"", ""device_class"": ""data_size"", ""friendly_name"": ""UPNP IGD Data received""}"
2025-07-20T05:33:08.243296,sensor.upnp_igd_data_sent,1223756571,1223896053,"{""state_class"": ""total_increasing"", ""unit_of_measurement"": ""B"", ""device_class"": ""data_size"", ""friendly_name"": ""UPNP IGD Data sent""}"
2025-07-20T05:33:08.244986,sensor.upnp_igd_packets_received,9735361,9737199,"{""state_class"": ""total_increasing"", ""unit_of_measurement"": ""packets"", ""friendly_name"": ""UPNP IGD Packets received""}"
2025-07-20T05:33:08.246430,sensor.upnp_igd_packets_sent,4757789,4758683,"{""state_class"": ""total_increasing"", ""unit_of_measurement"": ""packets"", ""friendly_name"": ""UPNP IGD Packets sent""}"
2025-07-20T05:33:08.247881,sensor.upnp_igd_uptime,1753000285,1753000315,"{""unit_of_measurement"": ""s"", ""device_class"": ""duration"", ""friendly_name"": ""UPNP IGD Uptime""}"
2025-07-20T05:33:08.249274,sensor.upnp_igd_download_speed,5.07647241456263,21.3675612985321,"{""state_class"": ""measurement"", ""unit_of_measurement"": ""KiB/s"", ""device_class"": ""data_rate"", ""friendly_name"": ""UPNP IGD Download speed""}"
2025-07-20T05:33:08.250666,sensor.upnp_igd_upload_speed,4.46007315042096,4.54048144898852,"{""state_class"": ""measurement"", ""unit_of_measurement"": ""KiB/s"", ""device_class"": ""data_rate"", ""friendly_name"": ""UPNP IGD Upload speed""}"
2025-07-20T05:33:08.252154,sensor.upnp_igd_packet_download_speed,52.1660754511449,61.267365114629,"{""state_class"": ""measurement"", ""unit_of_measurement"": ""packets/s"", ""friendly_name"": ""UPNP IGD Packet download speed""}"
2025-07-20T05:33:08.253547,sensor.upnp_igd_packet_upload_speed,26.1330371589122,29.8003397238729,"{""state_class"": ""measurement"", ""unit_of_measurement"": ""packets/s"", ""friendly_name"": ""UPNP IGD Packet upload speed""}"
2025-07-20T05:33:10.265022,automation.aut_status_bruno,on,on,"{""id"": ""1751855857509"", ""last_triggered"": ""2025-07-20T08:33:10.252841+00:00"", ""mode"": ""single"", ""current"": 1, ""friendly_name"": ""aut-status-bruno""}"
2025-07-20T05:33:10.270952,automation.aut_status_bruno,on,on,"{""id"": ""1751855857509"", ""last_triggered"": ""2025-07-20T08:33:10.252841+00:00"", ""mode"": ""single"", ""current"": 0, ""friendly_name"": ""aut-status-bruno""}"
2025-07-20T05:33:38.246265,sensor.upnp_igd_data_received,3456599805,3456758668,"{""state_class"": ""total_increasing"", ""unit_of_measurement"": ""B"", ""device_class"": ""data_size"", ""friendly_name"": ""UPNP IGD Data received""}"
2025-07-20T05:33:38.249196,sensor.upnp_igd_data_sent,1223896053,1224052089,"{""state_class"": ""total_increasing"", ""unit_of_measurement"": ""B"", ""device_class"": ""data_size"", ""friendly_name"": ""UPNP IGD Data sent""}"
2025-07-20T05:33:38.251245,sensor.upnp_igd_packets_received,9737199,9738860,"{""state_class"": ""total_increasing"", ""unit_of_measurement"": ""packets"", ""friendly_name"": ""UPNP IGD Packets received""}"
2025-07-20T05:33:38.253044,sensor.upnp_igd_packets_sent,4758683,4759467,"{""state_class"": ""total_increasing"", ""unit_of_measurement"": ""packets"", ""friendly_name"": ""UPNP IGD Packets sent""}"
2025-07-20T05:33:38.254658,sensor.upnp_igd_uptime,1753000315,1753000345,"{""unit_of_measurement"": ""s"", ""device_class"": ""duration"", ""friendly_name"": ""UPNP IGD Uptime""}"
2025-07-20T05:33:38.256307,sensor.upnp_igd_download_speed,21.3675612985321,5.17129782661333,"{""state_class"": ""measurement"", ""unit_of_measurement"": ""KiB/s"", ""device_class"": ""data_rate"", ""friendly_name"": ""UPNP IGD Download speed""}"
2025-07-20T05:33:38.257773,sensor.upnp_igd_upload_speed,4.54048144898852,5.07927351034185,"{""state_class"": ""measurement"", ""unit_of_measurement"": ""KiB/s"", ""device_class"": ""data_rate"", ""friendly_name"": ""UPNP IGD Upload speed""}"
2025-07-20T05:33:38.259164,sensor.upnp_igd_packet_download_speed,61.267365114629,55.3664119811716,"{""state_class"": ""measurement"", ""unit_of_measurement"": ""packets/s"", ""friendly_name"": ""UPNP IGD Packet download speed""}"
2025-07-20T05:33:38.261035,sensor.upnp_igd_packet_upload_speed,29.8003397238729,26.133213120553,"{""state_class"": ""measurement"", ""unit_of_measurement"": ""packets/s"", ""friendly_name"": ""UPNP IGD Packet upload speed""}"
2025-07-20T05:33:51.157189,sun.sun,below_horizon,below_horizon,"{""next_dawn"": ""2025-07-21T08:33:43.946702+00:00"", ""next_dusk"": ""2025-07-20T20:47:13.005418+00:00"", ""next_midnight"": ""2025-07-21T02:40:32+00:00"", ""next_noon"": ""2025-07-20T14:40:27+00:00"", ""next_rising"": ""2025-07-20T08:56:54.429420+00:00"", ""next_setting"": ""2025-07-20T20:24:10.176365+00:00"", ""elevation"": -6.0, ""azimuth"": 70.23, ""rising"": true, ""friendly_name"": ""Sun""}"
2025-07-20T05:33:51.158821,sensor.sun_next_dawn,2025-07-20T08:33:51+00:00,2025-07-21T08:33:43+00:00,"{""device_class"": ""timestamp"", ""friendly_name"": ""Sun Next dawn""}"
2025-07-20T05:34:08.262195,sensor.upnp_igd_data_received,3456758668,3456911560,"{""state_class"": ""total_increasing"", ""unit_of_measurement"": ""B"", ""device_class"": ""data_size"", ""friendly_name"": ""UPNP IGD Data received""}"
2025-07-20T05:34:08.269721,sensor.upnp_igd_data_sent,1224052089,1224261681,"{""state_class"": ""total_increasing"", ""unit_of_measurement"": ""B"", ""device_class"": ""data_size"", ""friendly_name"": ""UPNP IGD Data sent""}"
2025-07-20T05:34:08.274293,sensor.upnp_igd_packets_received,9738860,9740390,"{""state_class"": ""total_increasing"", ""unit_of_measurement"": ""packets"", ""friendly_name"": ""UPNP IGD Packets received""}"
2025-07-20T05:34:08.280755,sensor.upnp_igd_packets_sent,4759467,4760289,"{""state_class"": ""total_increasing"", ""unit_of_measurement"": ""packets"", ""friendly_name"": ""UPNP IGD Packets sent""}"
2025-07-20T05:34:08.286660,sensor.upnp_igd_uptime,1753000345,1753000375,"{""unit_of_measurement"": ""s"", ""device_class"": ""duration"", ""friendly_name"": ""UPNP IGD Uptime""}"
2025-07-20T05:34:08.292334,sensor.upnp_igd_download_speed,5.17129782661333,4.97679104750489,"{""state_class"": ""measurement"", ""unit_of_measurement"": ""KiB/s"", ""device_class"": ""data_rate"", ""friendly_name"": ""UPNP IGD Download speed""}"
2025-07-20T05:34:08.301290,sensor.upnp_igd_upload_speed,5.07927351034185,6.82243406606392,"{""state_class"": ""measurement"", ""unit_of_measurement"": ""KiB/s"", ""device_class"": ""data_rate"", ""friendly_name"": ""UPNP IGD Upload speed""}"
2025-07-20T05:34:08.305179,sensor.upnp_igd_packet_download_speed,55.3664119811716,50.9983391540882,"{""state_class"": ""measurement"", ""unit_of_measurement"": ""packets/s"", ""friendly_name"": ""UPNP IGD Packet download speed""}"
2025-07-20T05:34:08.309026,sensor.upnp_igd_packet_upload_speed,26.133213120553,27.3991077023925,"{""state_class"": ""measurement"", ""unit_of_measurement"": ""packets/s"", ""friendly_name"": ""UPNP IGD Packet upload speed""}"
2025-07-20T05:34:10.261531,automation.aut_status_bruno,on,on,"{""id"": ""1751855857509"", ""last_triggered"": ""2025-07-20T08:34:10.252903+00:00"", ""mode"": ""single"", ""current"": 1, ""friendly_name"": ""aut-status-bruno""}"
2025-07-20T05:34:10.265318,automation.aut_status_bruno,on,on,"{""id"": ""1751855857509"", ""last_triggered"": ""2025-07-20T08:34:10.252903+00:00"", ""mode"": ""single"", ""current"": 0, ""friendly_name"": ""aut-status-bruno""}"
2025-07-20T05:34:38.239583,sensor.upnp_igd_data_received,3456911560,3457040250,"{""state_class"": ""total_increasing"", ""unit_of_measurement"": ""B"", ""device_class"": ""data_size"", ""friendly_name"": ""UPNP IGD Data received""}"
2025-07-20T05:34:38.242985,sensor.upnp_igd_data_sent,1224261681,1224376561,"{""state_class"": ""total_increasing"", ""unit_of_measurement"": ""B"", ""device_class"": ""data_size"", ""friendly_name"": ""UPNP IGD Data sent""}"
2025-07-20T05:34:38.245102,sensor.upnp_igd_packets_received,9740390,9741768,"{""state_class"": ""total_increasing"", ""unit_of_measurement"": ""packets"", ""friendly_name"": ""UPNP IGD Packets received""}"
2025-07-20T05:34:38.247198,sensor.upnp_igd_packets_sent,4760289,4760954,"{""state_class"": ""total_increasing"", ""unit_of_measurement"": ""packets"", ""friendly_name"": ""UPNP IGD Packets sent""}"
2025-07-20T05:34:38.249540,sensor.upnp_igd_uptime,1753000375,1753000405,"{""unit_of_measurement"": ""s"", ""device_class"": ""duration"", ""friendly_name"": ""UPNP IGD Uptime""}"
2025-07-20T05:34:38.251865,sensor.upnp_igd_download_speed,4.97679104750489,4.18911503682156,"{""state_class"": ""measurement"", ""unit_of_measurement"": ""KiB/s"", ""device_class"": ""data_rate"", ""friendly_name"": ""UPNP IGD Download speed""}"
2025-07-20T05:34:38.254335,sensor.upnp_igd_upload_speed,6.82243406606392,3.73957211461699,"{""state_class"": ""measurement"", ""unit_of_measurement"": ""KiB/s"", ""device_class"": ""data_rate"", ""friendly_name"": ""UPNP IGD Upload speed""}"
2025-07-20T05:34:38.256660,sensor.upnp_igd_packet_download_speed,50.9983391540882,45.9331955337467,"{""state_class"": ""measurement"", ""unit_of_measurement"": ""packets/s"", ""friendly_name"": ""UPNP IGD Packet download speed""}"
2025-07-20T05:34:38.258498,sensor.upnp_igd_packet_upload_speed,27.3991077023925,22.1666001668662,"{""state_class"": ""measurement"", ""unit_of_measurement"": ""packets/s"", ""friendly_name"": ""UPNP IGD Packet upload speed""}"
2025-07-20T05:35:08.237560,sensor.upnp_igd_data_received,3457040250,3457167601,"{""state_class"": ""total_increasing"", ""unit_of_measurement"": ""B"", ""device_class"": ""data_size"", ""friendly_name"": ""UPNP IGD Data received""}"
2025-07-20T05:35:08.241100,sensor.upnp_igd_data_sent,1224376561,1224487950,"{""state_class"": ""total_increasing"", ""unit_of_measurement"": ""B"", ""device_class"": ""data_size"", ""friendly_name"": ""UPNP IGD Data sent""}"
2025-07-20T05:35:08.242832,sensor.upnp_igd_packets_received,9741768,9743140,"{""state_class"": ""total_increasing"", ""unit_of_measurement"": ""packets"", ""friendly_name"": ""UPNP IGD Packets received""}"
2025-07-20T05:35:08.244532,sensor.upnp_igd_packets_sent,4760954,4761564,"{""state_class"": ""total_increasing"", ""unit_of_measurement"": ""packets"", ""friendly_name"": ""UPNP IGD Packets sent""}"
2025-07-20T05:35:08.246366,sensor.upnp_igd_uptime,1753000405,1753000435,"{""unit_of_measurement"": ""s"", ""device_class"": ""duration"", ""friendly_name"": ""UPNP IGD Uptime""}"
2025-07-20T05:35:08.247955,sensor.upnp_igd_download_speed,4.18911503682156,4.14566680742096,"{""state_class"": ""measurement"", ""unit_of_measurement"": ""KiB/s"", ""device_class"": ""data_rate"", ""friendly_name"": ""UPNP IGD Download speed""}"
2025-07-20T05:35:08.249408,sensor.upnp_igd_upload_speed,3.73957211461699,3.62605460508212,"{""state_class"": ""measurement"", ""unit_of_measurement"": ""KiB/s"", ""device_class"": ""data_rate"", ""friendly_name"": ""UPNP IGD Upload speed""}"
2025-07-20T05:35:08.250791,sensor.upnp_igd_packet_download_speed,45.9331955337467,45.7347282425447,"{""state_class"": ""measurement"", ""unit_of_measurement"": ""packets/s"", ""friendly_name"": ""UPNP IGD Packet download speed""}"
2025-07-20T05:35:08.252181,sensor.upnp_igd_packet_upload_speed,22.1666001668662,20.3339535189157,"{""state_class"": ""measurement"", ""unit_of_measurement"": ""packets/s"", ""friendly_name"": ""UPNP IGD Packet upload speed""}"
2025-07-20T05:35:10.262856,automation.aut_status_bruno,on,on,"{""id"": ""1751855857509"", ""last_triggered"": ""2025-07-20T08:35:10.253381+00:00"", ""mode"": ""single"", ""current"": 1, ""friendly_name"": ""aut-status-bruno""}"
2025-07-20T05:35:10.266544,automation.aut_status_bruno,on,on,"{""id"": ""1751855857509"", ""last_triggered"": ""2025-07-20T08:35:10.253381+00:00"", ""mode"": ""single"", ""current"": 0, ""friendly_name"": ""aut-status-bruno""}"
2025-07-20T05:35:38.238332,sensor.upnp_igd_data_received,3457167601,3457281273,"{""state_class"": ""total_increasing"", ""unit_of_measurement"": ""B"", ""device_class"": ""data_size"", ""friendly_name"": ""UPNP IGD Data received""}"
2025-07-20T05:35:38.243082,sensor.upnp_igd_data_sent,1224487950,1224600515,"{""state_class"": ""total_increasing"", ""unit_of_measurement"": ""B"", ""device_class"": ""data_size"", ""friendly_name"": ""UPNP IGD Data sent""}"
2025-07-20T05:35:38.245131,sensor.upnp_igd_packets_received,9743140,9744469,"{""state_class"": ""total_increasing"", ""unit_of_measurement"": ""packets"", ""friendly_name"": ""UPNP IGD Packets received""}"
2025-07-20T05:35:38.247187,sensor.upnp_igd_packets_sent,4761564,4762205,"{""state_class"": ""total_increasing"", ""unit_of_measurement"": ""packets"", ""friendly_name"": ""UPNP IGD Packets sent""}"
2025-07-20T05:35:38.249075,sensor.upnp_igd_uptime,1753000435,1753000465,"{""unit_of_measurement"": ""s"", ""device_class"": ""duration"", ""friendly_name"": ""UPNP IGD Uptime""}"
2025-07-20T05:35:38.250917,sensor.upnp_igd_download_speed,4.14566680742096,3.70026239013994,"{""state_class"": ""measurement"", ""unit_of_measurement"": ""KiB/s"", ""device_class"": ""data_rate"", ""friendly_name"": ""UPNP IGD Download speed""}"
2025-07-20T05:35:38.252894,sensor.upnp_igd_upload_speed,3.62605460508212,3.66422721467118,"{""state_class"": ""measurement"", ""unit_of_measurement"": ""KiB/s"", ""device_class"": ""data_rate"", ""friendly_name"": ""UPNP IGD Upload speed""}"
2025-07-20T05:35:38.254843,sensor.upnp_igd_packet_download_speed,45.7347282425447,44.3000236266793,"{""state_class"": ""measurement"", ""unit_of_measurement"": ""packets/s"", ""friendly_name"": ""UPNP IGD Packet download speed""}"
2025-07-20T05:35:38.256925,sensor.upnp_igd_packet_upload_speed,20.3339535189157,21.3666780622283,"{""state_class"": ""measurement"", ""unit_of_measurement"": ""packets/s"", ""friendly_name"": ""UPNP IGD Packet upload speed""}"
2025-07-20T05:35:51.157723,sun.sun,below_horizon,below_horizon,"{""next_dawn"": ""2025-07-21T08:33:43.946702+00:00"", ""next_dusk"": ""2025-07-20T20:47:13.005418+00:00"", ""next_midnight"": ""2025-07-21T02:40:32+00:00"", ""next_noon"": ""2025-07-20T14:40:27+00:00"", ""next_rising"": ""2025-07-20T08:56:54.429420+00:00"", ""next_setting"": ""2025-07-20T20:24:10.176365+00:00"", ""elevation"": -5.54, ""azimuth"": 70.13, ""rising"": true, ""friendly_name"": ""Sun""}"
2025-07-20T05:36:08.238314,sensor.upnp_igd_data_received,3457281273,3457401025,"{""state_class"": ""total_increasing"", ""unit_of_measurement"": ""B"", ""device_class"": ""data_size"", ""friendly_name"": ""UPNP IGD Data received""}"
2025-07-20T05:36:08.241350,sensor.upnp_igd_data_sent,1224600515,1224720807,"{""state_class"": ""total_increasing"", ""unit_of_measurement"": ""B"", ""device_class"": ""data_size"", ""friendly_name"": ""UPNP IGD Data sent""}"
2025-07-20T05:36:08.242890,sensor.upnp_igd_packets_received,9744469,9745799,"{""state_class"": ""total_increasing"", ""unit_of_measurement"": ""packets"", ""friendly_name"": ""UPNP IGD Packets received""}"
2025-07-20T05:36:08.244389,sensor.upnp_igd_packets_sent,4762205,4762871,"{""state_class"": ""total_increasing"", ""unit_of_measurement"": ""packets"", ""friendly_name"": ""UPNP IGD Packets sent""}"
2025-07-20T05:36:08.246077,sensor.upnp_igd_uptime,1753000465,1753000495,"{""unit_of_measurement"": ""s"", ""device_class"": ""duration"", ""friendly_name"": ""UPNP IGD Uptime""}"
2025-07-20T05:36:08.247881,sensor.upnp_igd_download_speed,3.70026239013994,3.89819683419729,"{""state_class"": ""measurement"", ""unit_of_measurement"": ""KiB/s"", ""device_class"": ""data_rate"", ""friendly_name"": ""UPNP IGD Download speed""}"
2025-07-20T05:36:08.249344,sensor.upnp_igd_upload_speed,3.66422721467118,3.91577504826024,"{""state_class"": ""measurement"", ""unit_of_measurement"": ""KiB/s"", ""device_class"": ""data_rate"", ""friendly_name"": ""UPNP IGD Upload speed""}"
2025-07-20T05:36:08.251291,sensor.upnp_igd_packet_download_speed,44.3000236266793,44.3335579566936,"{""state_class"": ""measurement"", ""unit_of_measurement"": ""packets/s"", ""friendly_name"": ""UPNP IGD Packet download speed""}"
2025-07-20T05:36:08.252900,sensor.upnp_igd_packet_upload_speed,21.3666780622283,22.2001124805699,"{""state_class"": ""measurement"", ""unit_of_measurement"": ""packets/s"", ""friendly_name"": ""UPNP IGD Packet upload speed""}"
2025-07-20T05:36:10.261952,automation.aut_status_bruno,on,on,"{""id"": ""1751855857509"", ""last_triggered"": ""2025-07-20T08:36:10.253129+00:00"", ""mode"": ""single"", ""current"": 1, ""friendly_name"": ""aut-status-bruno""}"
2025-07-20T05:36:10.265368,automation.aut_status_bruno,on,on,"{""id"": ""1751855857509"", ""last_triggered"": ""2025-07-20T08:36:10.253129+00:00"", ""mode"": ""single"", ""current"": 0, ""friendly_name"": ""aut-status-bruno""}"
2025-07-20T05:36:22.788248,sensor.tauntaum_power,1,1,"{""state_class"": ""measurement"", ""power_consumption_start"": ""2025-07-20T08:20:44Z"", ""power_consumption_end"": ""2025-07-20T08:36:22Z"", ""unit_of_measurement"": ""W"", ""device_class"": ""power"", ""friendly_name"": ""Tauntaum Power""}"
2025-07-20T05:36:22.790004,sensor.tauntaum_energy_difference,0.004,0.0,"{""state_class"": ""total"", ""unit_of_measurement"": ""kWh"", ""device_class"": ""energy"", ""friendly_name"": ""Tauntaum Energy difference""}"
2025-07-20T05:36:22.791912,sensor.tauntaum_power_energy,0.0184364033329487,0.000260733888877763,"{""state_class"": ""total"", ""unit_of_measurement"": ""kWh"", ""device_class"": ""energy"", ""friendly_name"": ""Tauntaum Power energy""}"
2025-07-20T05:36:22.793668,sensor.tauntaum_energy_saved,0.001,0.0,"{""state_class"": ""total_increasing"", ""unit_of_measurement"": ""kWh"", ""device_class"": ""energy"", ""friendly_name"": ""Tauntaum Energy saved""}"
2025-07-20T05:36:38.241895,sensor.upnp_igd_data_received,3457401025,3457523214,"{""state_class"": ""total_increasing"", ""unit_of_measurement"": ""B"", ""device_class"": ""data_size"", ""friendly_name"": ""UPNP IGD Data received""}"
2025-07-20T05:36:38.244611,sensor.upnp_igd_data_sent,1224720807,1224825588,"{""state_class"": ""total_increasing"", ""unit_of_measurement"": ""B"", ""device_class"": ""data_size"", ""friendly_name"": ""UPNP IGD Data sent""}"
2025-07-20T05:36:38.246906,sensor.upnp_igd_packets_received,9745799,9747217,"{""state_class"": ""total_increasing"", ""unit_of_measurement"": ""packets"", ""friendly_name"": ""UPNP IGD Packets received""}"
2025-07-20T05:36:38.248416,sensor.upnp_igd_packets_sent,4762871,4763461,"{""state_class"": ""total_increasing"", ""unit_of_measurement"": ""packets"", ""friendly_name"": ""UPNP IGD Packets sent""}"
2025-07-20T05:36:38.249797,sensor.upnp_igd_uptime,1753000495,1753000525,"{""unit_of_measurement"": ""s"", ""device_class"": ""duration"", ""friendly_name"": ""UPNP IGD Uptime""}"
2025-07-20T05:36:38.251209,sensor.upnp_igd_download_speed,3.89819683419729,3.97745215190392,"{""state_class"": ""measurement"", ""unit_of_measurement"": ""KiB/s"", ""device_class"": ""data_rate"", ""friendly_name"": ""UPNP IGD Download speed""}"
2025-07-20T05:36:38.254078,sensor.upnp_igd_upload_speed,3.91577504826024,3.41079322957586,"{""state_class"": ""measurement"", ""unit_of_measurement"": ""KiB/s"", ""device_class"": ""data_rate"", ""friendly_name"": ""UPNP IGD Upload speed""}"
2025-07-20T05:36:38.257079,sensor.upnp_igd_packet_download_speed,44.3335579566936,47.2660206977171,"{""state_class"": ""measurement"", ""unit_of_measurement"": ""packets/s"", ""friendly_name"": ""UPNP IGD Packet download speed""}"
2025-07-20T05:36:38.258922,sensor.upnp_igd_packet_upload_speed,22.2001124805699,19.6663978925621,"{""state_class"": ""measurement"", ""unit_of_measurement"": ""packets/s"", ""friendly_name"": ""UPNP IGD Packet upload speed""}"
2025-07-20T05:37:08.243550,sensor.upnp_igd_data_received,3457523214,3457656280,"{""state_class"": ""total_increasing"", ""unit_of_measurement"": ""B"", ""device_class"": ""data_size"", ""friendly_name"": ""UPNP IGD Data received""}"
2025-07-20T05:37:08.245379,sensor.upnp_igd_data_sent,1224825588,1224943282,"{""state_class"": ""total_increasing"", ""unit_of_measurement"": ""B"", ""device_class"": ""data_size"", ""friendly_name"": ""UPNP IGD Data sent""}"
2025-07-20T05:37:08.246886,sensor.upnp_igd_packets_received,9747217,9748605,"{""state_class"": ""total_increasing"", ""unit_of_measurement"": ""packets"", ""friendly_name"": ""UPNP IGD Packets received""}"
2025-07-20T05:37:08.248400,sensor.upnp_igd_packets_sent,4763461,4764141,"{""state_class"": ""total_increasing"", ""unit_of_measurement"": ""packets"", ""friendly_name"": ""UPNP IGD Packets sent""}"
2025-07-20T05:37:08.249744,sensor.upnp_igd_uptime,1753000525,1753000555,"{""unit_of_measurement"": ""s"", ""device_class"": ""duration"", ""friendly_name"": ""UPNP IGD Uptime""}"
2025-07-20T05:37:08.251147,sensor.upnp_igd_download_speed,3.97745215190392,4.33151170322757,"{""state_class"": ""measurement"", ""unit_of_measurement"": ""KiB/s"", ""device_class"": ""data_rate"", ""friendly_name"": ""UPNP IGD Download speed""}"
2025-07-20T05:37:08.252586,sensor.upnp_igd_upload_speed,3.41079322957586,3.83112845054083,"{""state_class"": ""measurement"", ""unit_of_measurement"": ""KiB/s"", ""device_class"": ""data_rate"", ""friendly_name"": ""UPNP IGD Upload speed""}"
2025-07-20T05:37:08.254316,sensor.upnp_igd_packet_download_speed,47.2660206977171,46.2659850144875,"{""state_class"": ""measurement"", ""unit_of_measurement"": ""packets/s"", ""friendly_name"": ""UPNP IGD Packet download speed""}"
2025-07-20T05:37:08.256080,sensor.upnp_igd_packet_upload_speed,19.6663978925621,22.6663327160313,"{""state_class"": ""measurement"", ""unit_of_measurement"": ""packets/s"", ""friendly_name"": ""UPNP IGD Packet upload speed""}"
2025-07-20T05:37:10.263247,automation.aut_status_bruno,on,on,"{""id"": ""1751855857509"", ""last_triggered"": ""2025-07-20T08:37:10.252596+00:00"", ""mode"": ""single"", ""current"": 1, ""friendly_name"": ""aut-status-bruno""}"
2025-07-20T05:37:10.266278,automation.aut_status_bruno,on,on,"{""id"": ""1751855857509"", ""last_triggered"": ""2025-07-20T08:37:10.252596+00:00"", ""mode"": ""single"", ""current"": 0, ""friendly_name"": ""aut-status-bruno""}"
2025-07-20T05:37:38.240310,sensor.upnp_igd_data_received,3457656280,3457768901,"{""state_class"": ""total_increasing"", ""unit_of_measurement"": ""B"", ""device_class"": ""data_size"", ""friendly_name"": ""UPNP IGD Data received""}"
2025-07-20T05:37:38.243257,sensor.upnp_igd_data_sent,1224943282,1225046070,"{""state_class"": ""total_increasing"", ""unit_of_measurement"": ""B"", ""device_class"": ""data_size"", ""friendly_name"": ""UPNP IGD Data sent""}"
2025-07-20T05:37:38.245135,sensor.upnp_igd_packets_received,9748605,9749937,"{""state_class"": ""total_increasing"", ""unit_of_measurement"": ""packets"", ""friendly_name"": ""UPNP IGD Packets received""}"
2025-07-20T05:37:38.246584,sensor.upnp_igd_packets_sent,4764141,4764734,"{""state_class"": ""total_increasing"", ""unit_of_measurement"": ""packets"", ""friendly_name"": ""UPNP IGD Packets sent""}"
2025-07-20T05:37:38.247999,sensor.upnp_igd_uptime,1753000555,1753000585,"{""unit_of_measurement"": ""s"", ""device_class"": ""duration"", ""friendly_name"": ""UPNP IGD Uptime""}"
2025-07-20T05:37:38.249409,sensor.upnp_igd_download_speed,4.33151170322757,3.66606907367705,"{""state_class"": ""measurement"", ""unit_of_measurement"": ""KiB/s"", ""device_class"": ""data_rate"", ""friendly_name"": ""UPNP IGD Download speed""}"
2025-07-20T05:37:38.250801,sensor.upnp_igd_upload_speed,3.83112845054083,3.34598261376757,"{""state_class"": ""measurement"", ""unit_of_measurement"": ""KiB/s"", ""device_class"": ""data_rate"", ""friendly_name"": ""UPNP IGD Upload speed""}"
2025-07-20T05:37:38.252257,sensor.upnp_igd_packet_download_speed,46.2659850144875,44.4002530814426,"{""state_class"": ""measurement"", ""unit_of_measurement"": ""packets/s"", ""friendly_name"": ""UPNP IGD Packet download speed""}"
2025-07-20T05:37:38.253662,sensor.upnp_igd_packet_upload_speed,22.6663327160313,19.7667793373089,"{""state_class"": ""measurement"", ""unit_of_measurement"": ""packets/s"", ""friendly_name"": ""UPNP IGD Packet upload speed""}"
2025-07-20T05:37:48.527825,media_player.dlna_b13_box,unavailable,unknown,"{""friendly_name"": ""DLNA-B13 Box"", ""supported_features"": 512575}"
2025-07-20T05:37:51.158532,sun.sun,below_horizon,below_horizon,"{""next_dawn"": ""2025-07-21T08:33:43.946702+00:00"", ""next_dusk"": ""2025-07-20T20:47:13.005418+00:00"", ""next_midnight"": ""2025-07-21T02:40:32+00:00"", ""next_noon"": ""2025-07-20T14:40:27+00:00"", ""next_rising"": ""2025-07-20T08:56:54.429420+00:00"", ""next_setting"": ""2025-07-20T20:24:10.176365+00:00"", ""elevation"": -5.07, ""azimuth"": 70.03, ""rising"": true, ""friendly_name"": ""Sun""}"
2025-07-20T05:37:51.322783,camera.192_168_0_33,idle,idle,"{""access_token"": ""5084a2ebc7745603477eed8d35db9a9ce2f0e548321dd279128245e37564f575"", ""entity_picture"": ""/api/camera_proxy/camera.192_168_0_33?token=5084a2ebc7745603477eed8d35db9a9ce2f0e548321dd279128245e37564f575"", ""friendly_name"": ""192_168_0_14"", ""supported_features"": 2}"
2025-07-20T05:37:51.324600,camera.admin_mainstream,idle,idle,"{""access_token"": ""d7ee41def917b85eb680203f5df499f3f5d1c5d25d756c08dc2b2673788d1dd2"", ""entity_picture"": ""/api/camera_proxy/camera.admin_mainstream?token=d7ee41def917b85eb680203f5df499f3f5d1c5d25d756c08dc2b2673788d1dd2"", ""friendly_name"": ""admin MainStream"", ""supported_features"": 2}"
2025-07-20T05:37:51.327231,camera.admin_substream,idle,idle,"{""access_token"": ""19b4a55e35f61b80a4df96159bf5d3b374579cd80d7bffe6bc076a430f580eac"", ""entity_picture"": ""/api/camera_proxy/camera.admin_substream?token=19b4a55e35f61b80a4df96159bf5d3b374579cd80d7bffe6bc076a430f580eac"", ""friendly_name"": ""admin SubStream"", ""supported_features"": 2}"
2025-07-20T05:37:55.788178,media_player.dlna_b13_box,unknown,unavailable,"{""friendly_name"": ""DLNA-B13 Box"", ""supported_features"": 512575}"
2025-07-20T05:38:08.244359,sensor.upnp_igd_data_received,3457768901,3458419026,"{""state_class"": ""total_increasing"", ""unit_of_measurement"": ""B"", ""device_class"": ""data_size"", ""friendly_name"": ""UPNP IGD Data received""}"
2025-07-20T05:38:08.247282,sensor.upnp_igd_data_sent,1225046070,1225176547,"{""state_class"": ""total_increasing"", ""unit_of_measurement"": ""B"", ""device_class"": ""data_size"", ""friendly_name"": ""UPNP IGD Data sent""}"
2025-07-20T05:38:08.250101,sensor.upnp_igd_packets_received,9749937,9751734,"{""state_class"": ""total_increasing"", ""unit_of_measurement"": ""packets"", ""friendly_name"": ""UPNP IGD Packets received""}"
2025-07-20T05:38:08.251856,sensor.upnp_igd_packets_sent,4764734,4765517,"{""state_class"": ""total_increasing"", ""unit_of_measurement"": ""packets"", ""friendly_name"": ""UPNP IGD Packets sent""}"
2025-07-20T05:38:08.253285,sensor.upnp_igd_uptime,1753000585,1753000615,"{""unit_of_measurement"": ""s"", ""device_class"": ""duration"", ""friendly_name"": ""UPNP IGD Uptime""}"
2025-07-20T05:38:08.254652,sensor.upnp_igd_download_speed,3.66606907367705,21.1627940840394,"{""state_class"": ""measurement"", ""unit_of_measurement"": ""KiB/s"", ""device_class"": ""data_rate"", ""friendly_name"": ""UPNP IGD Download speed""}"
2025-07-20T05:38:08.256066,sensor.upnp_igd_upload_speed,3.34598261376757,4.24727226872249,"{""state_class"": ""measurement"", ""unit_of_measurement"": ""KiB/s"", ""device_class"": ""data_rate"", ""friendly_name"": ""UPNP IGD Upload speed""}"
2025-07-20T05:38:08.257459,sensor.upnp_igd_packet_download_speed,44.4002530814426,59.8996346122289,"{""state_class"": ""measurement"", ""unit_of_measurement"": ""packets/s"", ""friendly_name"": ""UPNP IGD Packet download speed""}"
2025-07-20T05:38:08.258793,sensor.upnp_igd_packet_upload_speed,19.7667793373089,26.0998407909712,"{""state_class"": ""measurement"", ""unit_of_measurement"": ""packets/s"", ""friendly_name"": ""UPNP IGD Packet upload speed""}"
2025-07-20T05:38:10.274696,automation.aut_status_bruno,on,on,"{""id"": ""1751855857509"", ""last_triggered"": ""2025-07-20T08:38:10.253621+00:00"", ""mode"": ""single"", ""current"": 1, ""friendly_name"": ""aut-status-bruno""}"
2025-07-20T05:38:10.284519,automation.aut_status_bruno,on,on,"{""id"": ""1751855857509"", ""last_triggered"": ""2025-07-20T08:38:10.253621+00:00"", ""mode"": ""single"", ""current"": 0, ""friendly_name"": ""aut-status-bruno""}"
2025-07-20T05:38:38.240415,sensor.upnp_igd_data_received,3458419026,3458549413,"{""state_class"": ""total_increasing"", ""unit_of_measurement"": ""B"", ""device_class"": ""data_size"", ""friendly_name"": ""UPNP IGD Data received""}"
2025-07-20T05:38:38.241948,sensor.upnp_igd_data_sent,1225176547,1225312007,"{""state_class"": ""total_increasing"", ""unit_of_measurement"": ""B"", ""device_class"": ""data_size"", ""friendly_name"": ""UPNP IGD Data sent""}"
2025-07-20T05:38:38.243290,sensor.upnp_igd_packets_received,9751734,9753163,"{""state_class"": ""total_increasing"", ""unit_of_measurement"": ""packets"", ""friendly_name"": ""UPNP IGD Packets received""}"
2025-07-20T05:38:38.245586,sensor.upnp_igd_packets_sent,4765517,4766296,"{""state_class"": ""total_increasing"", ""unit_of_measurement"": ""packets"", ""friendly_name"": ""UPNP IGD Packets sent""}"
2025-07-20T05:38:38.247073,sensor.upnp_igd_uptime,1753000615,1753000645,"{""unit_of_measurement"": ""s"", ""device_class"": ""duration"", ""friendly_name"": ""UPNP IGD Uptime""}"
2025-07-20T05:38:38.248707,sensor.upnp_igd_download_speed,21.1627940840394,4.24437103620595,"{""state_class"": ""measurement"", ""unit_of_measurement"": ""KiB/s"", ""device_class"": ""data_rate"", ""friendly_name"": ""UPNP IGD Download speed""}"
2025-07-20T05:38:38.250199,sensor.upnp_igd_upload_speed,4.24727226872249,4.40950785403805,"{""state_class"": ""measurement"", ""unit_of_measurement"": ""KiB/s"", ""device_class"": ""data_rate"", ""friendly_name"": ""UPNP IGD Upload speed""}"
2025-07-20T05:38:38.251666,sensor.upnp_igd_packet_download_speed,59.8996346122289,47.6333619133505,"{""state_class"": ""measurement"", ""unit_of_measurement"": ""packets/s"", ""friendly_name"": ""UPNP IGD Packet download speed""}"
2025-07-20T05:38:38.253066,sensor.upnp_igd_packet_upload_speed,26.0998407909712,25.966682246676,"{""state_class"": ""measurement"", ""unit_of_measurement"": ""packets/s"", ""friendly_name"": ""UPNP IGD Packet upload speed""}"
2025-07-20T05:39:08.237692,sensor.upnp_igd_data_received,3458549413,3458701565,"{""state_class"": ""total_increasing"", ""unit_of_measurement"": ""B"", ""device_class"": ""data_size"", ""friendly_name"": ""UPNP IGD Data received""}"
2025-07-20T05:39:08.240240,sensor.upnp_igd_data_sent,1225312007,1225473901,"{""state_class"": ""total_increasing"", ""unit_of_measurement"": ""B"", ""device_class"": ""data_size"", ""friendly_name"": ""UPNP IGD Data sent""}"
2025-07-20T05:39:08.241836,sensor.upnp_igd_packets_received,9753163,9754577,"{""state_class"": ""total_increasing"", ""unit_of_measurement"": ""packets"", ""friendly_name"": ""UPNP IGD Packets received""}"
2025-07-20T05:39:08.243389,sensor.upnp_igd_packets_sent,4766296,4767065,"{""state_class"": ""total_increasing"", ""unit_of_measurement"": ""packets"", ""friendly_name"": ""UPNP IGD Packets sent""}"
2025-07-20T05:39:08.245164,sensor.upnp_igd_uptime,1753000645,1753000675,"{""unit_of_measurement"": ""s"", ""device_class"": ""duration"", ""friendly_name"": ""UPNP IGD Uptime""}"
2025-07-20T05:39:08.246894,sensor.upnp_igd_download_speed,4.24437103620595,4.95290453676326,"{""state_class"": ""measurement"", ""unit_of_measurement"": ""KiB/s"", ""device_class"": ""data_rate"", ""friendly_name"": ""UPNP IGD Download speed""}"
2025-07-20T05:39:08.248607,sensor.upnp_igd_upload_speed,4.40950785403805,5.27002949073789,"{""state_class"": ""measurement"", ""unit_of_measurement"": ""KiB/s"", ""device_class"": ""data_rate"", ""friendly_name"": ""UPNP IGD Upload speed""}"
2025-07-20T05:39:08.250031,sensor.upnp_igd_packet_download_speed,47.6333619133505,47.1337135452893,"{""state_class"": ""measurement"", ""unit_of_measurement"": ""packets/s"", ""friendly_name"": ""UPNP IGD Packet download speed""}"
2025-07-20T05:39:08.251472,sensor.upnp_igd_packet_upload_speed,25.966682246676,25.6335401105569,"{""state_class"": ""measurement"", ""unit_of_measurement"": ""packets/s"", ""friendly_name"": ""UPNP IGD Packet upload speed""}"
2025-07-20T05:39:10.260870,automation.aut_status_bruno,on,on,"{""id"": ""1751855857509"", ""last_triggered"": ""2025-07-20T08:39:10.252417+00:00"", ""mode"": ""single"", ""current"": 1, ""friendly_name"": ""aut-status-bruno""}"
2025-07-20T05:39:10.263698,automation.aut_status_bruno,on,on,"{""id"": ""1751855857509"", ""last_triggered"": ""2025-07-20T08:39:10.252417+00:00"", ""mode"": ""single"", ""current"": 0, ""friendly_name"": ""aut-status-bruno""}"
2025-07-20T05:39:38.243433,sensor.upnp_igd_data_received,3458701565,3458828591,"{""state_class"": ""total_increasing"", ""unit_of_measurement"": ""B"", ""device_class"": ""data_size"", ""friendly_name"": ""UPNP IGD Data received""}"
2025-07-20T05:39:38.245325,sensor.upnp_igd_data_sent,1225473901,1225585956,"{""state_class"": ""total_increasing"", ""unit_of_measurement"": ""B"", ""device_class"": ""data_size"", ""friendly_name"": ""UPNP IGD Data sent""}"
2025-07-20T05:39:38.247105,sensor.upnp_igd_packets_received,9754577,9755921,"{""state_class"": ""total_increasing"", ""unit_of_measurement"": ""packets"", ""friendly_name"": ""UPNP IGD Packets received""}"
2025-07-20T05:39:38.248709,sensor.upnp_igd_packets_sent,4767065,4767771,"{""state_class"": ""total_increasing"", ""unit_of_measurement"": ""packets"", ""friendly_name"": ""UPNP IGD Packets sent""}"
2025-07-20T05:39:38.250100,sensor.upnp_igd_uptime,1753000675,1753000705,"{""unit_of_measurement"": ""s"", ""device_class"": ""duration"", ""friendly_name"": ""UPNP IGD Uptime""}"
2025-07-20T05:39:38.251936,sensor.upnp_igd_download_speed,4.95290453676326,4.13505742217318,"{""state_class"": ""measurement"", ""unit_of_measurement"": ""KiB/s"", ""device_class"": ""data_rate"", ""friendly_name"": ""UPNP IGD Download speed""}"
2025-07-20T05:39:38.253637,sensor.upnp_igd_upload_speed,5.27002949073789,3.64770881112226,"{""state_class"": ""measurement"", ""unit_of_measurement"": ""KiB/s"", ""device_class"": ""data_rate"", ""friendly_name"": ""UPNP IGD Upload speed""}"
2025-07-20T05:39:38.255045,sensor.upnp_igd_packet_download_speed,47.1337135452893,44.801045357725,"{""state_class"": ""measurement"", ""unit_of_measurement"": ""packets/s"", ""friendly_name"": ""UPNP IGD Packet download speed""}"
2025-07-20T05:39:38.256508,sensor.upnp_igd_packet_upload_speed,25.6335401105569,23.5338824572573,"{""state_class"": ""measurement"", ""unit_of_measurement"": ""packets/s"", ""friendly_name"": ""UPNP IGD Packet upload speed""}"
2025-07-20T05:39:51.159573,sun.sun,below_horizon,below_horizon,"{""next_dawn"": ""2025-07-21T08:33:43.946702+00:00"", ""next_dusk"": ""2025-07-20T20:47:13.005418+00:00"", ""next_midnight"": ""2025-07-21T02:40:32+00:00"", ""next_noon"": ""2025-07-20T14:40:27+00:00"", ""next_rising"": ""2025-07-20T08:56:54.429420+00:00"", ""next_setting"": ""2025-07-20T20:24:10.176365+00:00"", ""elevation"": -4.61, ""azimuth"": 69.94, ""rising"": true, ""friendly_name"": ""Sun""}"
2025-07-20T05:40:08.238094,sensor.upnp_igd_data_received,3458828591,3459230706,"{""state_class"": ""total_increasing"", ""unit_of_measurement"": ""B"", ""device_class"": ""data_size"", ""friendly_name"": ""UPNP IGD Data received""}"
2025-07-20T05:40:08.239819,sensor.upnp_igd_data_sent,1225585956,1225717503,"{""state_class"": ""total_increasing"", ""unit_of_measurement"": ""B"", ""device_class"": ""data_size"", ""friendly_name"": ""UPNP IGD Data sent""}"
2025-07-20T05:40:08.241128,sensor.upnp_igd_packets_received,9755921,9757501,"{""state_class"": ""total_increasing"", ""unit_of_measurement"": ""packets"", ""friendly_name"": ""UPNP IGD Packets received""}"
2025-07-20T05:40:08.243362,sensor.upnp_igd_packets_sent,4767771,4768594,"{""state_class"": ""total_increasing"", ""unit_of_measurement"": ""packets"", ""friendly_name"": ""UPNP IGD Packets sent""}"
2025-07-20T05:40:08.245180,sensor.upnp_igd_uptime,1753000705,1753000735,"{""unit_of_measurement"": ""s"", ""device_class"": ""duration"", ""friendly_name"": ""UPNP IGD Uptime""}"
2025-07-20T05:40:08.247031,sensor.upnp_igd_download_speed,4.13505742217318,13.0895291510452,"{""state_class"": ""measurement"", ""unit_of_measurement"": ""KiB/s"", ""device_class"": ""data_rate"", ""friendly_name"": ""UPNP IGD Download speed""}"
2025-07-20T05:40:08.248991,sensor.upnp_igd_upload_speed,3.64770881112226,4.28207923413088,"{""state_class"": ""measurement"", ""unit_of_measurement"": ""KiB/s"", ""device_class"": ""data_rate"", ""friendly_name"": ""UPNP IGD Upload speed""}"
2025-07-20T05:40:08.251269,sensor.upnp_igd_packet_download_speed,44.801045357725,52.6660557404201,"{""state_class"": ""measurement"", ""unit_of_measurement"": ""packets/s"", ""friendly_name"": ""UPNP IGD Packet download speed""}"
2025-07-20T05:40:08.253154,sensor.upnp_igd_packet_upload_speed,23.5338824572573,27.4330151103581,"{""state_class"": ""measurement"", ""unit_of_measurement"": ""packets/s"", ""friendly_name"": ""UPNP IGD Packet upload speed""}"
2025-07-20T05:40:10.260708,automation.aut_status_bruno,on,on,"{""id"": ""1751855857509"", ""last_triggered"": ""2025-07-20T08:40:10.252907+00:00"", ""mode"": ""single"", ""current"": 1, ""friendly_name"": ""aut-status-bruno""}"
2025-07-20T05:40:10.263746,automation.aut_status_bruno,on,on,"{""id"": ""1751855857509"", ""last_triggered"": ""2025-07-20T08:40:10.252907+00:00"", ""mode"": ""single"", ""current"": 0, ""friendly_name"": ""aut-status-bruno""}"
2025-07-20T05:40:38.238698,sensor.upnp_igd_data_received,3459230706,3459360087,"{""state_class"": ""total_increasing"", ""unit_of_measurement"": ""B"", ""device_class"": ""data_size"", ""friendly_name"": ""UPNP IGD Data received""}"
2025-07-20T05:40:38.240595,sensor.upnp_igd_data_sent,1225717503,1225829160,"{""state_class"": ""total_increasing"", ""unit_of_measurement"": ""B"", ""device_class"": ""data_size"", ""friendly_name"": ""UPNP IGD Data sent""}"
2025-07-20T05:40:38.242249,sensor.upnp_igd_packets_received,9757501,9758851,"{""state_class"": ""total_increasing"", ""unit_of_measurement"": ""packets"", ""friendly_name"": ""UPNP IGD Packets received""}"
2025-07-20T05:40:38.243719,sensor.upnp_igd_packets_sent,4768594,4769234,"{""state_class"": ""total_increasing"", ""unit_of_measurement"": ""packets"", ""friendly_name"": ""UPNP IGD Packets sent""}"
2025-07-20T05:40:38.245158,sensor.upnp_igd_uptime,1753000735,1753000765,"{""unit_of_measurement"": ""s"", ""device_class"": ""duration"", ""friendly_name"": ""UPNP IGD Uptime""}"
2025-07-20T05:40:38.246657,sensor.upnp_igd_download_speed,13.0895291510452,4.21151678851754,"{""state_class"": ""measurement"", ""unit_of_measurement"": ""KiB/s"", ""device_class"": ""data_rate"", ""friendly_name"": ""UPNP IGD Download speed""}"
2025-07-20T05:40:38.248214,sensor.upnp_igd_upload_speed,4.28207923413088,3.63457795236938,"{""state_class"": ""measurement"", ""unit_of_measurement"": ""KiB/s"", ""device_class"": ""data_rate"", ""friendly_name"": ""UPNP IGD Upload speed""}"
2025-07-20T05:40:38.249733,sensor.upnp_igd_packet_download_speed,52.6660557404201,44.9988855276018,"{""state_class"": ""measurement"", ""unit_of_measurement"": ""packets/s"", ""friendly_name"": ""UPNP IGD Packet download speed""}"
2025-07-20T05:40:38.251154,sensor.upnp_igd_packet_upload_speed,27.4330151103581,21.3328049908631,"{""state_class"": ""measurement"", ""unit_of_measurement"": ""packets/s"", ""friendly_name"": ""UPNP IGD Packet upload speed""}"
2025-07-20T05:41:08.238060,sensor.upnp_igd_data_received,3459360087,3459468925,"{""state_class"": ""total_increasing"", ""unit_of_measurement"": ""B"", ""device_class"": ""data_size"", ""friendly_name"": ""UPNP IGD Data received""}"
2025-07-20T05:41:08.241447,sensor.upnp_igd_data_sent,1225829160,1225944832,"{""state_class"": ""total_increasing"", ""unit_of_measurement"": ""B"", ""device_class"": ""data_size"", ""friendly_name"": ""UPNP IGD Data sent""}"
2025-07-20T05:41:08.243385,sensor.upnp_igd_packets_received,9758851,9760135,"{""state_class"": ""total_increasing"", ""unit_of_measurement"": ""packets"", ""friendly_name"": ""UPNP IGD Packets received""}"
2025-07-20T05:41:08.245183,sensor.upnp_igd_packets_sent,4769234,4769908,"{""state_class"": ""total_increasing"", ""unit_of_measurement"": ""packets"", ""friendly_name"": ""UPNP IGD Packets sent""}"
2025-07-20T05:41:08.246979,sensor.upnp_igd_uptime,1753000765,1753000795,"{""unit_of_measurement"": ""s"", ""device_class"": ""duration"", ""friendly_name"": ""UPNP IGD Uptime""}"
2025-07-20T05:41:08.249337,sensor.upnp_igd_download_speed,4.21151678851754,3.54297202519342,"{""state_class"": ""measurement"", ""unit_of_measurement"": ""KiB/s"", ""device_class"": ""data_rate"", ""friendly_name"": ""UPNP IGD Download speed""}"
2025-07-20T05:41:08.251344,sensor.upnp_igd_upload_speed,3.63457795236938,3.76543725627238,"{""state_class"": ""measurement"", ""unit_of_measurement"": ""KiB/s"", ""device_class"": ""data_rate"", ""friendly_name"": ""UPNP IGD Upload speed""}"
2025-07-20T05:41:08.253694,sensor.upnp_igd_packet_download_speed,44.9988855276018,42.8008260559429,"{""state_class"": ""measurement"", ""unit_of_measurement"": ""packets/s"", ""friendly_name"": ""UPNP IGD Packet download speed""}"
2025-07-20T05:41:08.255534,sensor.upnp_igd_packet_upload_speed,21.3328049908631,22.4671002817021,"{""state_class"": ""measurement"", ""unit_of_measurement"": ""packets/s"", ""friendly_name"": ""UPNP IGD Packet upload speed""}"
2025-07-20T05:41:10.265487,automation.aut_status_bruno,on,on,"{""id"": ""1751855857509"", ""last_triggered"": ""2025-07-20T08:41:10.252402+00:00"", ""mode"": ""single"", ""current"": 1, ""friendly_name"": ""aut-status-bruno""}"
2025-07-20T05:41:10.268182,automation.aut_status_bruno,on,on,"{""id"": ""1751855857509"", ""last_triggered"": ""2025-07-20T08:41:10.252402+00:00"", ""mode"": ""single"", ""current"": 0, ""friendly_name"": ""aut-status-bruno""}"
2025-07-20T05:41:38.240713,sensor.upnp_igd_data_received,3459468925,3459585791,"{""state_class"": ""total_increasing"", ""unit_of_measurement"": ""B"", ""device_class"": ""data_size"", ""friendly_name"": ""UPNP IGD Data received""}"
2025-07-20T05:41:38.243616,sensor.upnp_igd_data_sent,1225944832,1226062418,"{""state_class"": ""total_increasing"", ""unit_of_measurement"": ""B"", ""device_class"": ""data_size"", ""friendly_name"": ""UPNP IGD Data sent""}"
2025-07-20T05:41:38.245130,sensor.upnp_igd_packets_received,9760135,9761420,"{""state_class"": ""total_increasing"", ""unit_of_measurement"": ""packets"", ""friendly_name"": ""UPNP IGD Packets received""}"
2025-07-20T05:41:38.246653,sensor.upnp_igd_packets_sent,4769908,4770577,"{""state_class"": ""total_increasing"", ""unit_of_measurement"": ""packets"", ""friendly_name"": ""UPNP IGD Packets sent""}"
2025-07-20T05:41:38.248240,sensor.upnp_igd_uptime,1753000795,1753000825,"{""unit_of_measurement"": ""s"", ""device_class"": ""duration"", ""friendly_name"": ""UPNP IGD Uptime""}"
2025-07-20T05:41:38.249786,sensor.upnp_igd_download_speed,3.54297202519342,3.80421959733062,"{""state_class"": ""measurement"", ""unit_of_measurement"": ""KiB/s"", ""device_class"": ""data_rate"", ""friendly_name"": ""UPNP IGD Download speed""}"
2025-07-20T05:41:38.251254,sensor.upnp_igd_upload_speed,3.76543725627238,3.82765702233086,"{""state_class"": ""measurement"", ""unit_of_measurement"": ""KiB/s"", ""device_class"": ""data_rate"", ""friendly_name"": ""UPNP IGD Upload speed""}"
2025-07-20T05:41:38.252844,sensor.upnp_igd_packet_download_speed,42.8008260559429,42.8331962671053,"{""state_class"": ""measurement"", ""unit_of_measurement"": ""packets/s"", ""friendly_name"": ""UPNP IGD Packet download speed""}"
2025-07-20T05:41:38.254229,sensor.upnp_igd_packet_upload_speed,22.4671002817021,22.2999286402284,"{""state_class"": ""measurement"", ""unit_of_measurement"": ""packets/s"", ""friendly_name"": ""UPNP IGD Packet upload speed""}"
2025-07-20T05:41:51.163820,sun.sun,below_horizon,below_horizon,"{""next_dawn"": ""2025-07-21T08:33:43.946702+00:00"", ""next_dusk"": ""2025-07-20T20:47:13.005418+00:00"", ""next_midnight"": ""2025-07-21T02:40:32+00:00"", ""next_noon"": ""2025-07-20T14:40:27+00:00"", ""next_rising"": ""2025-07-20T08:56:54.429420+00:00"", ""next_setting"": ""2025-07-20T20:24:10.176365+00:00"", ""elevation"": -4.15, ""azimuth"": 69.84, ""rising"": true, ""friendly_name"": ""Sun""}"
2025-07-20T05:42:08.239136,sensor.upnp_igd_data_received,3459585791,3459708692,"{""state_class"": ""total_increasing"", ""unit_of_measurement"": ""B"", ""device_class"": ""data_size"", ""friendly_name"": ""UPNP IGD Data received""}"
2025-07-20T05:42:08.240774,sensor.upnp_igd_data_sent,1226062418,1226181333,"{""state_class"": ""total_increasing"", ""unit_of_measurement"": ""B"", ""device_class"": ""data_size"", ""friendly_name"": ""UPNP IGD Data sent""}"
2025-07-20T05:42:08.242202,sensor.upnp_igd_packets_received,9761420,9762780,"{""state_class"": ""total_increasing"", ""unit_of_measurement"": ""packets"", ""friendly_name"": ""UPNP IGD Packets received""}"
2025-07-20T05:42:08.243632,sensor.upnp_igd_packets_sent,4770577,4771271,"{""state_class"": ""total_increasing"", ""unit_of_measurement"": ""packets"", ""friendly_name"": ""UPNP IGD Packets sent""}"
2025-07-20T05:42:08.244980,sensor.upnp_igd_uptime,1753000825,1753000855,"{""unit_of_measurement"": ""s"", ""device_class"": ""duration"", ""friendly_name"": ""UPNP IGD Uptime""}"
2025-07-20T05:42:08.246371,sensor.upnp_igd_download_speed,3.80421959733062,4.00067119166931,"{""state_class"": ""measurement"", ""unit_of_measurement"": ""KiB/s"", ""device_class"": ""data_rate"", ""friendly_name"": ""UPNP IGD Download speed""}"
2025-07-20T05:42:08.247825,sensor.upnp_igd_upload_speed,3.82765702233086,3.87091898973447,"{""state_class"": ""measurement"", ""unit_of_measurement"": ""KiB/s"", ""device_class"": ""data_rate"", ""friendly_name"": ""UPNP IGD Upload speed""}"
2025-07-20T05:42:08.249353,sensor.upnp_igd_packet_download_speed,42.8331962671053,45.3331928004357,"{""state_class"": ""measurement"", ""unit_of_measurement"": ""packets/s"", ""friendly_name"": ""UPNP IGD Packet download speed""}"
2025-07-20T05:42:08.250869,sensor.upnp_igd_packet_upload_speed,22.2999286402284,23.1332616202223,"{""state_class"": ""measurement"", ""unit_of_measurement"": ""packets/s"", ""friendly_name"": ""UPNP IGD Packet upload speed""}"
2025-07-20T05:42:10.262060,automation.aut_status_bruno,on,on,"{""id"": ""1751855857509"", ""last_triggered"": ""2025-07-20T08:42:10.253020+00:00"", ""mode"": ""single"", ""current"": 1, ""friendly_name"": ""aut-status-bruno""}"
2025-07-20T05:42:10.265213,automation.aut_status_bruno,on,on,"{""id"": ""1751855857509"", ""last_triggered"": ""2025-07-20T08:42:10.253020+00:00"", ""mode"": ""single"", ""current"": 0, ""friendly_name"": ""aut-status-bruno""}"
2025-07-20T05:42:38.277579,sensor.upnp_igd_data_received,3459708692,3460895607,"{""state_class"": ""total_increasing"", ""unit_of_measurement"": ""B"", ""device_class"": ""data_size"", ""friendly_name"": ""UPNP IGD Data received""}"
2025-07-20T05:42:38.281801,sensor.upnp_igd_data_sent,1226181333,1226563350,"{""state_class"": ""total_increasing"", ""unit_of_measurement"": ""B"", ""device_class"": ""data_size"", ""friendly_name"": ""UPNP IGD Data sent""}"
2025-07-20T05:42:38.285598,sensor.upnp_igd_packets_received,9762780,9764958,"{""state_class"": ""total_increasing"", ""unit_of_measurement"": ""packets"", ""friendly_name"": ""UPNP IGD Packets received""}"
2025-07-20T05:42:38.289005,sensor.upnp_igd_packets_sent,4771271,4772139,"{""state_class"": ""total_increasing"", ""unit_of_measurement"": ""packets"", ""friendly_name"": ""UPNP IGD Packets sent""}"
2025-07-20T05:42:38.292395,sensor.upnp_igd_uptime,1753000855,1753000885,"{""unit_of_measurement"": ""s"", ""device_class"": ""duration"", ""friendly_name"": ""UPNP IGD Uptime""}"
2025-07-20T05:42:38.296125,sensor.upnp_igd_download_speed,4.00067119166931,38.6368766756597,"{""state_class"": ""measurement"", ""unit_of_measurement"": ""KiB/s"", ""device_class"": ""data_rate"", ""friendly_name"": ""UPNP IGD Download speed""}"
2025-07-20T05:42:38.299684,sensor.upnp_igd_upload_speed,3.87091898973447,12.4355524338352,"{""state_class"": ""measurement"", ""unit_of_measurement"": ""KiB/s"", ""device_class"": ""data_rate"", ""friendly_name"": ""UPNP IGD Upload speed""}"
2025-07-20T05:42:38.302895,sensor.upnp_igd_packet_download_speed,45.3331928004357,72.6006025850015,"{""state_class"": ""measurement"", ""unit_of_measurement"": ""packets/s"", ""friendly_name"": ""UPNP IGD Packet download speed""}"
2025-07-20T05:42:38.306549,sensor.upnp_igd_packet_upload_speed,23.1332616202223,28.9335734819932,"{""state_class"": ""measurement"", ""unit_of_measurement"": ""packets/s"", ""friendly_name"": ""UPNP IGD Packet upload speed""}"
2025-07-20T05:42:51.322965,camera.192_168_0_33,idle,idle,"{""access_token"": ""f5b97334db3e6043b7d50461d3b8c721a3aa08c8bb3edcdb2891e34f42abcc47"", ""entity_picture"": ""/api/camera_proxy/camera.192_168_0_33?token=f5b97334db3e6043b7d50461d3b8c721a3aa08c8bb3edcdb2891e34f42abcc47"", ""friendly_name"": ""192_168_0_14"", ""supported_features"": 2}"
2025-07-20T05:42:51.324926,camera.admin_mainstream,idle,idle,"{""access_token"": ""32dd833128b04ee509d647ab489626f09db319c0b4d06dace2cf3d1f2a36d787"", ""entity_picture"": ""/api/camera_proxy/camera.admin_mainstream?token=32dd833128b04ee509d647ab489626f09db319c0b4d06dace2cf3d1f2a36d787"", ""friendly_name"": ""admin MainStream"", ""supported_features"": 2}"
2025-07-20T05:42:51.326719,camera.admin_substream,idle,idle,"{""access_token"": ""42c54e30be4232aa90c387c759d854256c643633e8487e776aca0606072842b9"", ""entity_picture"": ""/api/camera_proxy/camera.admin_substream?token=42c54e30be4232aa90c387c759d854256c643633e8487e776aca0606072842b9"", ""friendly_name"": ""admin SubStream"", ""supported_features"": 2}"
2025-07-20T05:43:08.238717,sensor.upnp_igd_data_received,3460895607,3461543954,"{""state_class"": ""total_increasing"", ""unit_of_measurement"": ""B"", ""device_class"": ""data_size"", ""friendly_name"": ""UPNP IGD Data received""}"
2025-07-20T05:43:08.240791,sensor.upnp_igd_data_sent,1226563350,1226704383,"{""state_class"": ""total_increasing"", ""unit_of_measurement"": ""B"", ""device_class"": ""data_size"", ""friendly_name"": ""UPNP IGD Data sent""}"
2025-07-20T05:43:08.242362,sensor.upnp_igd_packets_received,9764958,9766686,"{""state_class"": ""total_increasing"", ""unit_of_measurement"": ""packets"", ""friendly_name"": ""UPNP IGD Packets received""}"
2025-07-20T05:43:08.243835,sensor.upnp_igd_packets_sent,4772139,4772941,"{""state_class"": ""total_increasing"", ""unit_of_measurement"": ""packets"", ""friendly_name"": ""UPNP IGD Packets sent""}"
2025-07-20T05:43:08.245158,sensor.upnp_igd_uptime,1753000885,1753000915,"{""unit_of_measurement"": ""s"", ""device_class"": ""duration"", ""friendly_name"": ""UPNP IGD Uptime""}"
2025-07-20T05:43:08.246525,sensor.upnp_igd_download_speed,38.6368766756597,21.1052488868143,"{""state_class"": ""measurement"", ""unit_of_measurement"": ""KiB/s"", ""device_class"": ""data_rate"", ""friendly_name"": ""UPNP IGD Download speed""}"
2025-07-20T05:43:08.248085,sensor.upnp_igd_upload_speed,12.4355524338352,4.59096219501915,"{""state_class"": ""measurement"", ""unit_of_measurement"": ""KiB/s"", ""device_class"": ""data_rate"", ""friendly_name"": ""UPNP IGD Upload speed""}"
2025-07-20T05:43:08.249618,sensor.upnp_igd_packet_download_speed,72.6006025850015,57.6005548853454,"{""state_class"": ""measurement"", ""unit_of_measurement"": ""packets/s"", ""friendly_name"": ""UPNP IGD Packet download speed""}"
2025-07-20T05:43:08.251093,sensor.upnp_igd_packet_upload_speed,28.9335734819932,26.7335908669254,"{""state_class"": ""measurement"", ""unit_of_measurement"": ""packets/s"", ""friendly_name"": ""UPNP IGD Packet upload speed""}"
2025-07-20T05:43:10.261325,automation.aut_status_bruno,on,on,"{""id"": ""1751855857509"", ""last_triggered"": ""2025-07-20T08:43:10.252502+00:00"", ""mode"": ""single"", ""current"": 1, ""friendly_name"": ""aut-status-bruno""}"
2025-07-20T05:43:10.264331,automation.aut_status_bruno,on,on,"{""id"": ""1751855857509"", ""last_triggered"": ""2025-07-20T08:43:10.252502+00:00"", ""mode"": ""single"", ""current"": 0, ""friendly_name"": ""aut-status-bruno""}"
2025-07-20T05:43:38.238271,sensor.upnp_igd_data_received,3461543954,3461671508,"{""state_class"": ""total_increasing"", ""unit_of_measurement"": ""B"", ""device_class"": ""data_size"", ""friendly_name"": ""UPNP IGD Data received""}"
2025-07-20T05:43:38.241116,sensor.upnp_igd_data_sent,1226704383,1226840765,"{""state_class"": ""total_increasing"", ""unit_of_measurement"": ""B"", ""device_class"": ""data_size"", ""friendly_name"": ""UPNP IGD Data sent""}"
2025-07-20T05:43:38.242592,sensor.upnp_igd_packets_received,9766686,9768066,"{""state_class"": ""total_increasing"", ""unit_of_measurement"": ""packets"", ""friendly_name"": ""UPNP IGD Packets received""}"
2025-07-20T05:43:38.244214,sensor.upnp_igd_packets_sent,4772941,4773621,"{""state_class"": ""total_increasing"", ""unit_of_measurement"": ""packets"", ""friendly_name"": ""UPNP IGD Packets sent""}"
2025-07-20T05:43:38.245872,sensor.upnp_igd_uptime,1753000915,1753000945,"{""unit_of_measurement"": ""s"", ""device_class"": ""duration"", ""friendly_name"": ""UPNP IGD Uptime""}"
2025-07-20T05:43:38.247343,sensor.upnp_igd_download_speed,21.1052488868143,4.15204159162971,"{""state_class"": ""measurement"", ""unit_of_measurement"": ""KiB/s"", ""device_class"": ""data_rate"", ""friendly_name"": ""UPNP IGD Download speed""}"
2025-07-20T05:43:38.248889,sensor.upnp_igd_upload_speed,4.59096219501915,4.43940398850403,"{""state_class"": ""measurement"", ""unit_of_measurement"": ""KiB/s"", ""device_class"": ""data_rate"", ""friendly_name"": ""UPNP IGD Upload speed""}"
2025-07-20T05:43:38.250438,sensor.upnp_igd_packet_download_speed,57.6005548853454,45.9988162971273,"{""state_class"": ""measurement"", ""unit_of_measurement"": ""packets/s"", ""friendly_name"": ""UPNP IGD Packet download speed""}"
2025-07-20T05:43:38.252069,sensor.upnp_igd_packet_upload_speed,26.7335908669254,22.6660833927874,"{""state_class"": ""measurement"", ""unit_of_measurement"": ""packets/s"", ""friendly_name"": ""UPNP IGD Packet upload speed""}"
2025-07-20T05:43:51.160704,sun.sun,below_horizon,below_horizon,"{""next_dawn"": ""2025-07-21T08:33:43.946702+00:00"", ""next_dusk"": ""2025-07-20T20:47:13.005418+00:00"", ""next_midnight"": ""2025-07-21T02:40:32+00:00"", ""next_noon"": ""2025-07-20T14:40:27+00:00"", ""next_rising"": ""2025-07-20T08:56:54.429420+00:00"", ""next_setting"": ""2025-07-20T20:24:10.176365+00:00"", ""elevation"": -3.68, ""azimuth"": 69.74, ""rising"": true, ""friendly_name"": ""Sun""}"
2025-07-20T05:44:08.294993,sensor.upnp_igd_data_received,3461671508,3461801821,"{""state_class"": ""total_increasing"", ""unit_of_measurement"": ""B"", ""device_class"": ""data_size"", ""friendly_name"": ""UPNP IGD Data received""}"
2025-07-20T05:44:08.298538,sensor.upnp_igd_data_sent,1226840765,1226973209,"{""state_class"": ""total_increasing"", ""unit_of_measurement"": ""B"", ""device_class"": ""data_size"", ""friendly_name"": ""UPNP IGD Data sent""}"
2025-07-20T05:44:08.300283,sensor.upnp_igd_packets_received,9768066,9769466,"{""state_class"": ""total_increasing"", ""unit_of_measurement"": ""packets"", ""friendly_name"": ""UPNP IGD Packets received""}"
2025-07-20T05:44:08.301709,sensor.upnp_igd_packets_sent,4773621,4774312,"{""state_class"": ""total_increasing"", ""unit_of_measurement"": ""packets"", ""friendly_name"": ""UPNP IGD Packets sent""}"
2025-07-20T05:44:08.303037,sensor.upnp_igd_uptime,1753000945,1753000975,"{""unit_of_measurement"": ""s"", ""device_class"": ""duration"", ""friendly_name"": ""UPNP IGD Uptime""}"
2025-07-20T05:44:08.304474,sensor.upnp_igd_download_speed,4.15204159162971,4.24207077767104,"{""state_class"": ""measurement"", ""unit_of_measurement"": ""KiB/s"", ""device_class"": ""data_rate"", ""friendly_name"": ""UPNP IGD Download speed""}"
2025-07-20T05:44:08.305885,sensor.upnp_igd_upload_speed,4.43940398850403,4.31144108475642,"{""state_class"": ""measurement"", ""unit_of_measurement"": ""KiB/s"", ""device_class"": ""data_rate"", ""friendly_name"": ""UPNP IGD Upload speed""}"
2025-07-20T05:44:08.307286,sensor.upnp_igd_packet_download_speed,45.9988162971273,46.667889365368,"{""state_class"": ""measurement"", ""unit_of_measurement"": ""packets/s"", ""friendly_name"": ""UPNP IGD Packet download speed""}"
2025-07-20T05:44:08.308708,sensor.upnp_igd_packet_upload_speed,22.6660833927874,23.0339368224781,"{""state_class"": ""measurement"", ""unit_of_measurement"": ""packets/s"", ""friendly_name"": ""UPNP IGD Packet upload speed""}"
2025-07-20T05:44:10.261099,automation.aut_status_bruno,on,on,"{""id"": ""1751855857509"", ""last_triggered"": ""2025-07-20T08:44:10.252951+00:00"", ""mode"": ""single"", ""current"": 1, ""friendly_name"": ""aut-status-bruno""}"
2025-07-20T05:44:10.264232,automation.aut_status_bruno,on,on,"{""id"": ""1751855857509"", ""last_triggered"": ""2025-07-20T08:44:10.252951+00:00"", ""mode"": ""single"", ""current"": 0, ""friendly_name"": ""aut-status-bruno""}"
2025-07-20T05:44:38.239024,sensor.upnp_igd_data_received,3461801821,3461928874,"{""state_class"": ""total_increasing"", ""unit_of_measurement"": ""B"", ""device_class"": ""data_size"", ""friendly_name"": ""UPNP IGD Data received""}"
2025-07-20T05:44:38.240900,sensor.upnp_igd_data_sent,1226973209,1227109301,"{""state_class"": ""total_increasing"", ""unit_of_measurement"": ""B"", ""device_class"": ""data_size"", ""friendly_name"": ""UPNP IGD Data sent""}"
2025-07-20T05:44:38.242656,sensor.upnp_igd_packets_received,9769466,9770810,"{""state_class"": ""total_increasing"", ""unit_of_measurement"": ""packets"", ""friendly_name"": ""UPNP IGD Packets received""}"
2025-07-20T05:44:38.244186,sensor.upnp_igd_packets_sent,4774312,4774991,"{""state_class"": ""total_increasing"", ""unit_of_measurement"": ""packets"", ""friendly_name"": ""UPNP IGD Packets sent""}"
2025-07-20T05:44:38.245521,sensor.upnp_igd_uptime,1753000975,1753001005,"{""unit_of_measurement"": ""s"", ""device_class"": ""duration"", ""friendly_name"": ""UPNP IGD Uptime""}"
2025-07-20T05:44:38.246964,sensor.upnp_igd_download_speed,4.24207077767104,4.13575313079269,"{""state_class"": ""measurement"", ""unit_of_measurement"": ""KiB/s"", ""device_class"": ""data_rate"", ""friendly_name"": ""UPNP IGD Download speed""}"
2025-07-20T05:44:38.248406,sensor.upnp_igd_upload_speed,4.31144108475642,4.42998524297607,"{""state_class"": ""measurement"", ""unit_of_measurement"": ""KiB/s"", ""device_class"": ""data_rate"", ""friendly_name"": ""UPNP IGD Upload speed""}"
2025-07-20T05:44:38.249823,sensor.upnp_igd_packet_download_speed,46.667889365368,44.7990607130271,"{""state_class"": ""measurement"", ""unit_of_measurement"": ""packets/s"", ""friendly_name"": ""UPNP IGD Packet download speed""}"
2025-07-20T05:44:38.251259,sensor.upnp_igd_packet_upload_speed,23.0339368224781,22.6328587977272,"{""state_class"": ""measurement"", ""unit_of_measurement"": ""packets/s"", ""friendly_name"": ""UPNP IGD Packet upload speed""}"
2025-07-20T05:45:08.239848,sensor.upnp_igd_data_received,3461928874,3462530828,"{""state_class"": ""total_increasing"", ""unit_of_measurement"": ""B"", ""device_class"": ""data_size"", ""friendly_name"": ""UPNP IGD Data received""}"
2025-07-20T05:45:08.242294,sensor.upnp_igd_data_sent,1227109301,1227515299,"{""state_class"": ""total_increasing"", ""unit_of_measurement"": ""B"", ""device_class"": ""data_size"", ""friendly_name"": ""UPNP IGD Data sent""}"
2025-07-20T05:45:08.243911,sensor.upnp_igd_packets_received,9770810,9773076,"{""state_class"": ""total_increasing"", ""unit_of_measurement"": ""packets"", ""friendly_name"": ""UPNP IGD Packets received""}"
2025-07-20T05:45:08.245337,sensor.upnp_igd_packets_sent,4774991,4776581,"{""state_class"": ""total_increasing"", ""unit_of_measurement"": ""packets"", ""friendly_name"": ""UPNP IGD Packets sent""}"
2025-07-20T05:45:08.246665,sensor.upnp_igd_uptime,1753001005,1753001035,"{""unit_of_measurement"": ""s"", ""device_class"": ""duration"", ""friendly_name"": ""UPNP IGD Uptime""}"
2025-07-20T05:45:08.248107,sensor.upnp_igd_download_speed,4.13575313079269,19.5950984437141,"{""state_class"": ""measurement"", ""unit_of_measurement"": ""KiB/s"", ""device_class"": ""data_rate"", ""friendly_name"": ""UPNP IGD Download speed""}"
2025-07-20T05:45:08.249517,sensor.upnp_igd_upload_speed,4.42998524297607,13.216243729506,"{""state_class"": ""measurement"", ""unit_of_measurement"": ""KiB/s"", ""device_class"": ""data_rate"", ""friendly_name"": ""UPNP IGD Upload speed""}"
2025-07-20T05:45:08.250880,sensor.upnp_igd_packet_download_speed,44.7990607130271,75.5342649226007,"{""state_class"": ""measurement"", ""unit_of_measurement"": ""packets/s"", ""friendly_name"": ""UPNP IGD Packet download speed""}"
2025-07-20T05:45:08.252418,sensor.upnp_igd_packet_upload_speed,22.6328587977272,53.0006536747287,"{""state_class"": ""measurement"", ""unit_of_measurement"": ""packets/s"", ""friendly_name"": ""UPNP IGD Packet upload speed""}"
2025-07-20T05:45:10.264608,automation.aut_status_bruno,on,on,"{""id"": ""1751855857509"", ""last_triggered"": ""2025-07-20T08:45:10.253127+00:00"", ""mode"": ""single"", ""current"": 1, ""friendly_name"": ""aut-status-bruno""}"
2025-07-20T05:45:10.267701,automation.aut_status_bruno,on,on,"{""id"": ""1751855857509"", ""last_triggered"": ""2025-07-20T08:45:10.253127+00:00"", ""mode"": ""single"", ""current"": 0, ""friendly_name"": ""aut-status-bruno""}"
2025-07-20T05:45:38.238452,sensor.upnp_igd_data_received,3462530828,3464727285,"{""state_class"": ""total_increasing"", ""unit_of_measurement"": ""B"", ""device_class"": ""data_size"", ""friendly_name"": ""UPNP IGD Data received""}"
2025-07-20T05:45:38.241249,sensor.upnp_igd_data_sent,1227515299,1231176219,"{""state_class"": ""total_increasing"", ""unit_of_measurement"": ""B"", ""device_class"": ""data_size"", ""friendly_name"": ""UPNP IGD Data sent""}"
2025-07-20T05:45:38.242747,sensor.upnp_igd_packets_received,9773076,9777587,"{""state_class"": ""total_increasing"", ""unit_of_measurement"": ""packets"", ""friendly_name"": ""UPNP IGD Packets received""}"
2025-07-20T05:45:38.244262,sensor.upnp_igd_packets_sent,4776581,4780979,"{""state_class"": ""total_increasing"", ""unit_of_measurement"": ""packets"", ""friendly_name"": ""UPNP IGD Packets sent""}"
2025-07-20T05:45:38.245635,sensor.upnp_igd_uptime,1753001035,1753001065,"{""unit_of_measurement"": ""s"", ""device_class"": ""duration"", ""friendly_name"": ""UPNP IGD Uptime""}"
2025-07-20T05:45:38.247038,sensor.upnp_igd_download_speed,19.5950984437141,71.4992870517269,"{""state_class"": ""measurement"", ""unit_of_measurement"": ""KiB/s"", ""device_class"": ""data_rate"", ""friendly_name"": ""UPNP IGD Download speed""}"
2025-07-20T05:45:38.248497,sensor.upnp_igd_upload_speed,13.216243729506,119.170632501983,"{""state_class"": ""measurement"", ""unit_of_measurement"": ""KiB/s"", ""device_class"": ""data_rate"", ""friendly_name"": ""UPNP IGD Upload speed""}"
2025-07-20T05:45:38.249895,sensor.upnp_igd_packet_download_speed,75.5342649226007,150.366741850038,"{""state_class"": ""measurement"", ""unit_of_measurement"": ""packets/s"", ""friendly_name"": ""UPNP IGD Packet download speed""}"
2025-07-20T05:45:38.251384,sensor.upnp_igd_packet_upload_speed,53.0006536747287,146.600073300037,"{""state_class"": ""measurement"", ""unit_of_measurement"": ""packets/s"", ""friendly_name"": ""UPNP IGD Packet upload speed""}"
2025-07-20T05:45:51.162349,sun.sun,below_horizon,below_horizon,"{""next_dawn"": ""2025-07-21T08:33:43.946702+00:00"", ""next_dusk"": ""2025-07-20T20:47:13.005418+00:00"", ""next_midnight"": ""2025-07-21T02:40:32+00:00"", ""next_noon"": ""2025-07-20T14:40:27+00:00"", ""next_rising"": ""2025-07-20T08:56:54.429420+00:00"", ""next_setting"": ""2025-07-20T20:24:10.176365+00:00"", ""elevation"": -3.21, ""azimuth"": 69.63, ""rising"": true, ""friendly_name"": ""Sun""}"
2025-07-20T05:46:08.241397,sensor.upnp_igd_data_received,3464727285,3466223821,"{""state_class"": ""total_increasing"", ""unit_of_measurement"": ""B"", ""device_class"": ""data_size"", ""friendly_name"": ""UPNP IGD Data received""}"
2025-07-20T05:46:08.243969,sensor.upnp_igd_data_sent,1231176219,1231837692,"{""state_class"": ""total_increasing"", ""unit_of_measurement"": ""B"", ""device_class"": ""data_size"", ""friendly_name"": ""UPNP IGD Data sent""}"
2025-07-20T05:46:08.245447,sensor.upnp_igd_packets_received,9777587,9781447,"{""state_class"": ""total_increasing"", ""unit_of_measurement"": ""packets"", ""friendly_name"": ""UPNP IGD Packets received""}"
2025-07-20T05:46:08.246808,sensor.upnp_igd_packets_sent,4780979,4782749,"{""state_class"": ""total_increasing"", ""unit_of_measurement"": ""packets"", ""friendly_name"": ""UPNP IGD Packets sent""}"
2025-07-20T05:46:08.248216,sensor.upnp_igd_uptime,1753001065,1753001095,"{""unit_of_measurement"": ""s"", ""device_class"": ""duration"", ""friendly_name"": ""UPNP IGD Uptime""}"
2025-07-20T05:46:08.249727,sensor.upnp_igd_download_speed,71.4992870517269,48.7152622812825,"{""state_class"": ""measurement"", ""unit_of_measurement"": ""KiB/s"", ""device_class"": ""data_rate"", ""friendly_name"": ""UPNP IGD Download speed""}"
2025-07-20T05:46:08.251258,sensor.upnp_igd_upload_speed,119.170632501983,21.5322790009641,"{""state_class"": ""measurement"", ""unit_of_measurement"": ""KiB/s"", ""device_class"": ""data_rate"", ""friendly_name"": ""UPNP IGD Upload speed""}"
2025-07-20T05:46:08.252723,sensor.upnp_igd_packet_download_speed,150.366741850038,128.666396467234,"{""state_class"": ""measurement"", ""unit_of_measurement"": ""packets/s"", ""friendly_name"": ""UPNP IGD Packet download speed""}"
2025-07-20T05:46:08.254083,sensor.upnp_igd_packet_upload_speed,146.600073300037,58.9998761002602,"{""state_class"": ""measurement"", ""unit_of_measurement"": ""packets/s"", ""friendly_name"": ""UPNP IGD Packet upload speed""}"
2025-07-20T05:46:10.263233,automation.aut_status_bruno,on,on,"{""id"": ""1751855857509"", ""last_triggered"": ""2025-07-20T08:46:10.253232+00:00"", ""mode"": ""single"", ""current"": 1, ""friendly_name"": ""aut-status-bruno""}"
2025-07-20T05:46:10.266021,automation.aut_status_bruno,on,on,"{""id"": ""1751855857509"", ""last_triggered"": ""2025-07-20T08:46:10.253232+00:00"", ""mode"": ""single"", ""current"": 0, ""friendly_name"": ""aut-status-bruno""}"
2025-07-20T05:46:38.238617,sensor.upnp_igd_data_received,3466223821,3467121087,"{""state_class"": ""total_increasing"", ""unit_of_measurement"": ""B"", ""device_class"": ""data_size"", ""friendly_name"": ""UPNP IGD Data received""}"
2025-07-20T05:46:38.241085,sensor.upnp_igd_data_sent,1231837692,1231994524,"{""state_class"": ""total_increasing"", ""unit_of_measurement"": ""B"", ""device_class"": ""data_size"", ""friendly_name"": ""UPNP IGD Data sent""}"
2025-07-20T05:46:38.243534,sensor.upnp_igd_packets_received,9781447,9784102,"{""state_class"": ""total_increasing"", ""unit_of_measurement"": ""packets"", ""friendly_name"": ""UPNP IGD Packets received""}"
2025-07-20T05:46:38.245009,sensor.upnp_igd_packets_sent,4782749,4783712,"{""state_class"": ""total_increasing"", ""unit_of_measurement"": ""packets"", ""friendly_name"": ""UPNP IGD Packets sent""}"
2025-07-20T05:46:38.246403,sensor.upnp_igd_uptime,1753001095,1753001125,"{""unit_of_measurement"": ""s"", ""device_class"": ""duration"", ""friendly_name"": ""UPNP IGD Uptime""}"
2025-07-20T05:46:38.247839,sensor.upnp_igd_download_speed,48.7152622812825,29.20802948592,"{""state_class"": ""measurement"", ""unit_of_measurement"": ""KiB/s"", ""device_class"": ""data_rate"", ""friendly_name"": ""UPNP IGD Download speed""}"
2025-07-20T05:46:38.249230,sensor.upnp_igd_upload_speed,21.5322790009641,5.10523488055471,"{""state_class"": ""measurement"", ""unit_of_measurement"": ""KiB/s"", ""device_class"": ""data_rate"", ""friendly_name"": ""UPNP IGD Upload speed""}"
2025-07-20T05:46:38.250561,sensor.upnp_igd_packet_download_speed,128.666396467234,88.5004602023931,"{""state_class"": ""measurement"", ""unit_of_measurement"": ""packets/s"", ""friendly_name"": ""UPNP IGD Packet download speed""}"
2025-07-20T05:46:38.252094,sensor.upnp_igd_packet_upload_speed,58.9998761002602,32.100166920868,"{""state_class"": ""measurement"", ""unit_of_measurement"": ""packets/s"", ""friendly_name"": ""UPNP IGD Packet upload speed""}"
2025-07-20T05:47:07.083555,weather.forecast_home,clear-night,clear-night,"{""temperature"": 24.1, ""dew_point"": 19.4, ""temperature_unit"": ""\u00b0C"", ""humidity"": 75, ""cloud_coverage"": 7.8, ""uv_index"": 0.0, ""pressure"": 1018.3, ""pressure_unit"": ""hPa"", ""wind_bearing"": 137.7, ""wind_speed"": 18.4, ""wind_speed_unit"": ""km/h"", ""visibility_unit"": ""km"", ""precipitation_unit"": ""mm"", ""attribution"": ""Weather forecast from met.no, delivered by the Norwegian Meteorological Institute."", ""friendly_name"": ""Forecast Home"", ""supported_features"": 3}"
2025-07-20T05:47:08.239240,sensor.upnp_igd_data_received,3467121087,3467400886,"{""state_class"": ""total_increasing"", ""unit_of_measurement"": ""B"", ""device_class"": ""data_size"", ""friendly_name"": ""UPNP IGD Data received""}"
2025-07-20T05:47:08.241126,sensor.upnp_igd_data_sent,1231994524,1232182420,"{""state_class"": ""total_increasing"", ""unit_of_measurement"": ""B"", ""device_class"": ""data_size"", ""friendly_name"": ""UPNP IGD Data sent""}"
2025-07-20T05:47:08.242593,sensor.upnp_igd_packets_received,9784102,9786430,"{""state_class"": ""total_increasing"", ""unit_of_measurement"": ""packets"", ""friendly_name"": ""UPNP IGD Packets received""}"
2025-07-20T05:47:08.243992,sensor.upnp_igd_packets_sent,4783712,4784772,"{""state_class"": ""total_increasing"", ""unit_of_measurement"": ""packets"", ""friendly_name"": ""UPNP IGD Packets sent""}"
2025-07-20T05:47:08.245478,sensor.upnp_igd_uptime,1753001125,1753001155,"{""unit_of_measurement"": ""s"", ""device_class"": ""duration"", ""friendly_name"": ""UPNP IGD Uptime""}"
2025-07-20T05:47:08.248327,sensor.upnp_igd_download_speed,29.20802948592,9.10757952105957,"{""state_class"": ""measurement"", ""unit_of_measurement"": ""KiB/s"", ""device_class"": ""data_rate"", ""friendly_name"": ""UPNP IGD Download speed""}"
2025-07-20T05:47:08.250601,sensor.upnp_igd_upload_speed,5.10523488055471,6.11609677550316,"{""state_class"": ""measurement"", ""unit_of_measurement"": ""KiB/s"", ""device_class"": ""data_rate"", ""friendly_name"": ""UPNP IGD Upload speed""}"
2025-07-20T05:47:08.252151,sensor.upnp_igd_packet_download_speed,88.5004602023931,77.5960736386739,"{""state_class"": ""measurement"", ""unit_of_measurement"": ""packets/s"", ""friendly_name"": ""UPNP IGD Packet download speed""}"
2025-07-20T05:47:08.253632,sensor.upnp_igd_packet_upload_speed,32.100166920868,35.3315455571281,"{""state_class"": ""measurement"", ""unit_of_measurement"": ""packets/s"", ""friendly_name"": ""UPNP IGD Packet upload speed""}"
2025-07-20T05:47:10.262233,automation.aut_status_bruno,on,on,"{""id"": ""1751855857509"", ""last_triggered"": ""2025-07-20T08:47:10.253069+00:00"", ""mode"": ""single"", ""current"": 1, ""friendly_name"": ""aut-status-bruno""}"
2025-07-20T05:47:10.267118,automation.aut_status_bruno,on,on,"{""id"": ""1751855857509"", ""last_triggered"": ""2025-07-20T08:47:10.253069+00:00"", ""mode"": ""single"", ""current"": 0, ""friendly_name"": ""aut-status-bruno""}"
2025-07-20T05:47:38.239248,sensor.upnp_igd_data_received,3467400886,3467973125,"{""state_class"": ""total_increasing"", ""unit_of_measurement"": ""B"", ""device_class"": ""data_size"", ""friendly_name"": ""UPNP IGD Data received""}"
2025-07-20T05:47:38.241787,sensor.upnp_igd_data_sent,1232182420,1232349092,"{""state_class"": ""total_increasing"", ""unit_of_measurement"": ""B"", ""device_class"": ""data_size"", ""friendly_name"": ""UPNP IGD Data sent""}"
2025-07-20T05:47:38.243364,sensor.upnp_igd_packets_received,9786430,9788753,"{""state_class"": ""total_increasing"", ""unit_of_measurement"": ""packets"", ""friendly_name"": ""UPNP IGD Packets received""}"
2025-07-20T05:47:38.244774,sensor.upnp_igd_packets_sent,4784772,4785726,"{""state_class"": ""total_increasing"", ""unit_of_measurement"": ""packets"", ""friendly_name"": ""UPNP IGD Packets sent""}"
2025-07-20T05:47:38.246151,sensor.upnp_igd_uptime,1753001155,1753001185,"{""unit_of_measurement"": ""s"", ""device_class"": ""duration"", ""friendly_name"": ""UPNP IGD Uptime""}"
2025-07-20T05:47:38.247660,sensor.upnp_igd_download_speed,9.10757952105957,18.6286471084764,"{""state_class"": ""measurement"", ""unit_of_measurement"": ""KiB/s"", ""device_class"": ""data_rate"", ""friendly_name"": ""UPNP IGD Download speed""}"
2025-07-20T05:47:38.249158,sensor.upnp_igd_upload_speed,6.11609677550316,5.42583408482116,"{""state_class"": ""measurement"", ""unit_of_measurement"": ""KiB/s"", ""device_class"": ""data_rate"", ""friendly_name"": ""UPNP IGD Upload speed""}"
2025-07-20T05:47:38.250639,sensor.upnp_igd_packet_download_speed,77.5960736386739,77.4378040758886,"{""state_class"": ""measurement"", ""unit_of_measurement"": ""packets/s"", ""friendly_name"": ""UPNP IGD Packet download speed""}"
2025-07-20T05:47:38.252168,sensor.upnp_igd_packet_upload_speed,35.3315455571281,31.8018360259999,"{""state_class"": ""measurement"", ""unit_of_measurement"": ""packets/s"", ""friendly_name"": ""UPNP IGD Packet upload speed""}"
2025-07-20T05:47:48.498316,media_player.dlna_b13_box,unavailable,unknown,"{""friendly_name"": ""DLNA-B13 Box"", ""supported_features"": 512575}"
2025-07-20T05:47:51.162815,sun.sun,below_horizon,below_horizon,"{""next_dawn"": ""2025-07-21T08:33:43.946702+00:00"", ""next_dusk"": ""2025-07-20T20:47:13.005418+00:00"", ""next_midnight"": ""2025-07-21T02:40:32+00:00"", ""next_noon"": ""2025-07-20T14:40:27+00:00"", ""next_rising"": ""2025-07-20T08:56:54.429420+00:00"", ""next_setting"": ""2025-07-20T20:24:10.176365+00:00"", ""elevation"": -2.74, ""azimuth"": 69.53, ""rising"": true, ""friendly_name"": ""Sun""}"
2025-07-20T05:47:51.323590,camera.192_168_0_33,idle,idle,"{""access_token"": ""1414a36de953e62c63522c3e5334a87ac9ac97dd01b1aa0184ed06060f629b81"", ""entity_picture"": ""/api/camera_proxy/camera.192_168_0_33?token=1414a36de953e62c63522c3e5334a87ac9ac97dd01b1aa0184ed06060f629b81"", ""friendly_name"": ""192_168_0_14"", ""supported_features"": 2}"
2025-07-20T05:47:51.325349,camera.admin_mainstream,idle,idle,"{""access_token"": ""a7c60fd9222dc1c4ca14651d0ba1076a3efeb5ce09cc4f3b148bc28e7d24ffdb"", ""entity_picture"": ""/api/camera_proxy/camera.admin_mainstream?token=a7c60fd9222dc1c4ca14651d0ba1076a3efeb5ce09cc4f3b148bc28e7d24ffdb"", ""friendly_name"": ""admin MainStream"", ""supported_features"": 2}"
2025-07-20T05:47:51.326965,camera.admin_substream,idle,idle,"{""access_token"": ""9b5e1b6f90ba8112a2d222a4e76a8755908c3c9bc585ccf8f9a53ea03240f575"", ""entity_picture"": ""/api/camera_proxy/camera.admin_substream?token=9b5e1b6f90ba8112a2d222a4e76a8755908c3c9bc585ccf8f9a53ea03240f575"", ""friendly_name"": ""admin SubStream"", ""supported_features"": 2}"
2025-07-20T05:47:55.788919,media_player.dlna_b13_box,unknown,unavailable,"{""friendly_name"": ""DLNA-B13 Box"", ""supported_features"": 512575}"
2025-07-20T05:48:08.239643,sensor.upnp_igd_data_received,3467973125,3468713861,"{""state_class"": ""total_increasing"", ""unit_of_measurement"": ""B"", ""device_class"": ""data_size"", ""friendly_name"": ""UPNP IGD Data received""}"
2025-07-20T05:48:08.242018,sensor.upnp_igd_data_sent,1232349092,1232548922,"{""state_class"": ""total_increasing"", ""unit_of_measurement"": ""B"", ""device_class"": ""data_size"", ""friendly_name"": ""UPNP IGD Data sent""}"
2025-07-20T05:48:08.243570,sensor.upnp_igd_packets_received,9788753,9791088,"{""state_class"": ""total_increasing"", ""unit_of_measurement"": ""packets"", ""friendly_name"": ""UPNP IGD Packets received""}"
2025-07-20T05:48:08.244974,sensor.upnp_igd_packets_sent,4785726,4786866,"{""state_class"": ""total_increasing"", ""unit_of_measurement"": ""packets"", ""friendly_name"": ""UPNP IGD Packets sent""}"
2025-07-20T05:48:08.246341,sensor.upnp_igd_uptime,1753001185,1753001215,"{""unit_of_measurement"": ""s"", ""device_class"": ""duration"", ""friendly_name"": ""UPNP IGD Uptime""}"
2025-07-20T05:48:08.247847,sensor.upnp_igd_download_speed,18.6286471084764,24.1114021274898,"{""state_class"": ""measurement"", ""unit_of_measurement"": ""KiB/s"", ""device_class"": ""data_rate"", ""friendly_name"": ""UPNP IGD Download speed""}"
2025-07-20T05:48:08.249231,sensor.upnp_igd_upload_speed,5.42583408482116,6.50458663698846,"{""state_class"": ""measurement"", ""unit_of_measurement"": ""KiB/s"", ""device_class"": ""data_rate"", ""friendly_name"": ""UPNP IGD Upload speed""}"
2025-07-20T05:48:08.250600,sensor.upnp_igd_packet_download_speed,77.4378040758886,77.8297894835855,"{""state_class"": ""measurement"", ""unit_of_measurement"": ""packets/s"", ""friendly_name"": ""UPNP IGD Packet download speed""}"
2025-07-20T05:48:08.252088,sensor.upnp_igd_packet_upload_speed,31.8018360259999,37.9982698121146,"{""state_class"": ""measurement"", ""unit_of_measurement"": ""packets/s"", ""friendly_name"": ""UPNP IGD Packet upload speed""}"
2025-07-20T05:48:10.261172,automation.aut_status_bruno,on,on,"{""id"": ""1751855857509"", ""last_triggered"": ""2025-07-20T08:48:10.252726+00:00"", ""mode"": ""single"", ""current"": 1, ""friendly_name"": ""aut-status-bruno""}"
2025-07-20T05:48:10.264149,automation.aut_status_bruno,on,on,"{""id"": ""1751855857509"", ""last_triggered"": ""2025-07-20T08:48:10.252726+00:00"", ""mode"": ""single"", ""current"": 0, ""friendly_name"": ""aut-status-bruno""}"
2025-07-20T05:48:38.239485,sensor.upnp_igd_data_received,3468713861,3468954378,"{""state_class"": ""total_increasing"", ""unit_of_measurement"": ""B"", ""device_class"": ""data_size"", ""friendly_name"": ""UPNP IGD Data received""}"
2025-07-20T05:48:38.241623,sensor.upnp_igd_data_sent,1232548922,1233544653,"{""state_class"": ""total_increasing"", ""unit_of_measurement"": ""B"", ""device_class"": ""data_size"", ""friendly_name"": ""UPNP IGD Data sent""}"
2025-07-20T05:48:38.243417,sensor.upnp_igd_packets_received,9791088,9793225,"{""state_class"": ""total_increasing"", ""unit_of_measurement"": ""packets"", ""friendly_name"": ""UPNP IGD Packets received""}"
2025-07-20T05:48:38.245138,sensor.upnp_igd_packets_sent,4786866,4788422,"{""state_class"": ""total_increasing"", ""unit_of_measurement"": ""packets"", ""friendly_name"": ""UPNP IGD Packets sent""}"
2025-07-20T05:48:38.247483,sensor.upnp_igd_uptime,1753001215,1753001245,"{""unit_of_measurement"": ""s"", ""device_class"": ""duration"", ""friendly_name"": ""UPNP IGD Uptime""}"
2025-07-20T05:48:38.250282,sensor.upnp_igd_download_speed,24.1114021274898,7.82962616991517,"{""state_class"": ""measurement"", ""unit_of_measurement"": ""KiB/s"", ""device_class"": ""data_rate"", ""friendly_name"": ""UPNP IGD Download speed""}"
2025-07-20T05:48:38.252095,sensor.upnp_igd_upload_speed,6.50458663698846,32.4143469933344,"{""state_class"": ""measurement"", ""unit_of_measurement"": ""KiB/s"", ""device_class"": ""data_rate"", ""friendly_name"": ""UPNP IGD Upload speed""}"
2025-07-20T05:48:38.253848,sensor.upnp_igd_packet_download_speed,77.8297894835855,71.2360331789908,"{""state_class"": ""measurement"", ""unit_of_measurement"": ""packets/s"", ""friendly_name"": ""UPNP IGD Packet download speed""}"
2025-07-20T05:48:38.255691,sensor.upnp_igd_packet_upload_speed,37.9982698121146,51.868632487838,"{""state_class"": ""measurement"", ""unit_of_measurement"": ""packets/s"", ""friendly_name"": ""UPNP IGD Packet upload speed""}"
2025-07-20T05:48:39.689013,sensor.tauntaum_energy,217.905,217.906,"{""state_class"": ""total_increasing"", ""unit_of_measurement"": ""kWh"", ""device_class"": ""energy"", ""friendly_name"": ""Tauntaum Energy""}"
2025-07-20T05:48:39.692191,sensor.tauntaum_power,1,1,"{""state_class"": ""measurement"", ""power_consumption_start"": ""2025-07-20T08:36:22Z"", ""power_consumption_end"": ""2025-07-20T08:48:39Z"", ""unit_of_measurement"": ""W"", ""device_class"": ""power"", ""friendly_name"": ""Tauntaum Power""}"
2025-07-20T05:48:39.693721,sensor.tauntaum_energy_difference,0.0,0.001,"{""state_class"": ""total"", ""unit_of_measurement"": ""kWh"", ""device_class"": ""energy"", ""friendly_name"": ""Tauntaum Energy difference""}"
2025-07-20T05:48:39.695103,sensor.tauntaum_power_energy,0.000260733888877763,0.0002048783333434,"{""state_class"": ""total"", ""unit_of_measurement"": ""kWh"", ""device_class"": ""energy"", ""friendly_name"": ""Tauntaum Power energy""}"
2025-07-20T05:49:08.238756,sensor.upnp_igd_data_received,3468954378,3469192854,"{""state_class"": ""total_increasing"", ""unit_of_measurement"": ""B"", ""device_class"": ""data_size"", ""friendly_name"": ""UPNP IGD Data received""}"
2025-07-20T05:49:08.243028,sensor.upnp_igd_data_sent,1233544653,1233734214,"{""state_class"": ""total_increasing"", ""unit_of_measurement"": ""B"", ""device_class"": ""data_size"", ""friendly_name"": ""UPNP IGD Data sent""}"
2025-07-20T05:49:08.244617,sensor.upnp_igd_packets_received,9793225,9795316,"{""state_class"": ""total_increasing"", ""unit_of_measurement"": ""packets"", ""friendly_name"": ""UPNP IGD Packets received""}"
2025-07-20T05:49:08.245985,sensor.upnp_igd_packets_sent,4788422,4789375,"{""state_class"": ""total_increasing"", ""unit_of_measurement"": ""packets"", ""friendly_name"": ""UPNP IGD Packets sent""}"
2025-07-20T05:49:08.247293,sensor.upnp_igd_uptime,1753001245,1753001275,"{""unit_of_measurement"": ""s"", ""device_class"": ""duration"", ""friendly_name"": ""UPNP IGD Uptime""}"
2025-07-20T05:49:08.248860,sensor.upnp_igd_download_speed,7.82962616991517,7.76282334719766,"{""state_class"": ""measurement"", ""unit_of_measurement"": ""KiB/s"", ""device_class"": ""data_rate"", ""friendly_name"": ""UPNP IGD Download speed""}"
2025-07-20T05:49:08.250255,sensor.upnp_igd_upload_speed,32.4143469933344,6.17055199063275,"{""state_class"": ""measurement"", ""unit_of_measurement"": ""KiB/s"", ""device_class"": ""data_rate"", ""friendly_name"": ""UPNP IGD Upload speed""}"
2025-07-20T05:49:08.251673,sensor.upnp_igd_packet_download_speed,71.2360331789908,69.6993959385685,"{""state_class"": ""measurement"", ""unit_of_measurement"": ""packets/s"", ""friendly_name"": ""UPNP IGD Packet download speed""}"
2025-07-20T05:49:08.253235,sensor.upnp_igd_packet_upload_speed,51.868632487838,31.7663913579416,"{""state_class"": ""measurement"", ""unit_of_measurement"": ""packets/s"", ""friendly_name"": ""UPNP IGD Packet upload speed""}"
2025-07-20T05:49:10.261396,automation.aut_status_bruno,on,on,"{""id"": ""1751855857509"", ""last_triggered"": ""2025-07-20T08:49:10.252928+00:00"", ""mode"": ""single"", ""current"": 1, ""friendly_name"": ""aut-status-bruno""}"
2025-07-20T05:49:10.264640,automation.aut_status_bruno,on,on,"{""id"": ""1751855857509"", ""last_triggered"": ""2025-07-20T08:49:10.252928+00:00"", ""mode"": ""single"", ""current"": 0, ""friendly_name"": ""aut-status-bruno""}"
2025-07-20T05:49:38.240101,sensor.upnp_igd_data_received,3469192854,3469428024,"{""state_class"": ""total_increasing"", ""unit_of_measurement"": ""B"", ""device_class"": ""data_size"", ""friendly_name"": ""UPNP IGD Data received""}"
2025-07-20T05:49:38.241771,sensor.upnp_igd_data_sent,1233734214,1233887389,"{""state_class"": ""total_increasing"", ""unit_of_measurement"": ""B"", ""device_class"": ""data_size"", ""friendly_name"": ""UPNP IGD Data sent""}"
2025-07-20T05:49:38.243204,sensor.upnp_igd_packets_received,9795316,9797375,"{""state_class"": ""total_increasing"", ""unit_of_measurement"": ""packets"", ""friendly_name"": ""UPNP IGD Packets received""}"
2025-07-20T05:49:38.244784,sensor.upnp_igd_packets_sent,4789375,4790238,"{""state_class"": ""total_increasing"", ""unit_of_measurement"": ""packets"", ""friendly_name"": ""UPNP IGD Packets sent""}"
2025-07-20T05:49:38.246084,sensor.upnp_igd_uptime,1753001275,1753001305,"{""unit_of_measurement"": ""s"", ""device_class"": ""duration"", ""friendly_name"": ""UPNP IGD Uptime""}"
2025-07-20T05:49:38.247483,sensor.upnp_igd_download_speed,7.76282334719766,7.65535943270429,"{""state_class"": ""measurement"", ""unit_of_measurement"": ""KiB/s"", ""device_class"": ""data_rate"", ""friendly_name"": ""UPNP IGD Download speed""}"
2025-07-20T05:49:38.248991,sensor.upnp_igd_upload_speed,6.17055199063275,4.98622137647013,"{""state_class"": ""measurement"", ""unit_of_measurement"": ""KiB/s"", ""device_class"": ""data_rate"", ""friendly_name"": ""UPNP IGD Upload speed""}"
2025-07-20T05:49:38.250424,sensor.upnp_igd_packet_download_speed,69.6993959385685,68.6341043231052,"{""state_class"": ""measurement"", ""unit_of_measurement"": ""packets/s"", ""friendly_name"": ""UPNP IGD Packet download speed""}"
2025-07-20T05:49:38.251851,sensor.upnp_igd_packet_upload_speed,31.7663913579416,28.7669898158523,"{""state_class"": ""measurement"", ""unit_of_measurement"": ""packets/s"", ""friendly_name"": ""UPNP IGD Packet upload speed""}"
2025-07-20T05:49:51.163714,sun.sun,below_horizon,below_horizon,"{""next_dawn"": ""2025-07-21T08:33:43.946702+00:00"", ""next_dusk"": ""2025-07-20T20:47:13.005418+00:00"", ""next_midnight"": ""2025-07-21T02:40:32+00:00"", ""next_noon"": ""2025-07-20T14:40:27+00:00"", ""next_rising"": ""2025-07-20T08:56:54.429420+00:00"", ""next_setting"": ""2025-07-20T20:24:10.176365+00:00"", ""elevation"": -2.26, ""azimuth"": 69.43, ""rising"": true, ""friendly_name"": ""Sun""}"
2025-07-20T05:50:08.238175,sensor.upnp_igd_data_received,3469428024,3470440105,"{""state_class"": ""total_increasing"", ""unit_of_measurement"": ""B"", ""device_class"": ""data_size"", ""friendly_name"": ""UPNP IGD Data received""}"
2025-07-20T05:50:08.240645,sensor.upnp_igd_data_sent,1233887389,1234471258,"{""state_class"": ""total_increasing"", ""unit_of_measurement"": ""B"", ""device_class"": ""data_size"", ""friendly_name"": ""UPNP IGD Data sent""}"
2025-07-20T05:50:08.242220,sensor.upnp_igd_packets_received,9797375,9799896,"{""state_class"": ""total_increasing"", ""unit_of_measurement"": ""packets"", ""friendly_name"": ""UPNP IGD Packets received""}"
2025-07-20T05:50:08.243690,sensor.upnp_igd_packets_sent,4790238,4791473,"{""state_class"": ""total_increasing"", ""unit_of_measurement"": ""packets"", ""friendly_name"": ""UPNP IGD Packets sent""}"
2025-07-20T05:50:08.245029,sensor.upnp_igd_uptime,1753001305,1753001335,"{""unit_of_measurement"": ""s"", ""device_class"": ""duration"", ""friendly_name"": ""UPNP IGD Uptime""}"
2025-07-20T05:50:08.246389,sensor.upnp_igd_download_speed,7.65535943270429,32.9453714083805,"{""state_class"": ""measurement"", ""unit_of_measurement"": ""KiB/s"", ""device_class"": ""data_rate"", ""friendly_name"": ""UPNP IGD Download speed""}"
2025-07-20T05:50:08.247851,sensor.upnp_igd_upload_speed,4.98622137647013,19.006167548684,"{""state_class"": ""measurement"", ""unit_of_measurement"": ""KiB/s"", ""device_class"": ""data_rate"", ""friendly_name"": ""UPNP IGD Upload speed""}"
2025-07-20T05:50:08.249364,sensor.upnp_igd_packet_download_speed,68.6341043231052,84.0334005600538,"{""state_class"": ""measurement"", ""unit_of_measurement"": ""packets/s"", ""friendly_name"": ""UPNP IGD Packet download speed""}"
2025-07-20T05:50:08.250807,sensor.upnp_igd_packet_upload_speed,28.7669898158523,41.1666996000263,"{""state_class"": ""measurement"", ""unit_of_measurement"": ""packets/s"", ""friendly_name"": ""UPNP IGD Packet upload speed""}"
2025-07-20T05:50:10.307385,automation.aut_status_bruno,on,on,"{""id"": ""1751855857509"", ""last_triggered"": ""2025-07-20T08:50:10.254060+00:00"", ""mode"": ""single"", ""current"": 1, ""friendly_name"": ""aut-status-bruno""}"
2025-07-20T05:50:10.310622,automation.aut_status_bruno,on,on,"{""id"": ""1751855857509"", ""last_triggered"": ""2025-07-20T08:50:10.254060+00:00"", ""mode"": ""single"", ""current"": 0, ""friendly_name"": ""aut-status-bruno""}"
2025-07-20T05:50:38.237872,sensor.upnp_igd_data_received,3470440105,3471450351,"{""state_class"": ""total_increasing"", ""unit_of_measurement"": ""B"", ""device_class"": ""data_size"", ""friendly_name"": ""UPNP IGD Data received""}"
2025-07-20T05:50:38.240398,sensor.upnp_igd_data_sent,1234471258,1234712785,"{""state_class"": ""total_increasing"", ""unit_of_measurement"": ""B"", ""device_class"": ""data_size"", ""friendly_name"": ""UPNP IGD Data sent""}"
2025-07-20T05:50:38.242009,sensor.upnp_igd_packets_received,9799896,9802300,"{""state_class"": ""total_increasing"", ""unit_of_measurement"": ""packets"", ""friendly_name"": ""UPNP IGD Packets received""}"
2025-07-20T05:50:38.243464,sensor.upnp_igd_packets_sent,4791473,4792502,"{""state_class"": ""total_increasing"", ""unit_of_measurement"": ""packets"", ""friendly_name"": ""UPNP IGD Packets sent""}"
2025-07-20T05:50:38.244866,sensor.upnp_igd_uptime,1753001335,1753001365,"{""unit_of_measurement"": ""s"", ""device_class"": ""duration"", ""friendly_name"": ""UPNP IGD Uptime""}"
2025-07-20T05:50:38.246291,sensor.upnp_igd_download_speed,32.9453714083805,32.8858224484303,"{""state_class"": ""measurement"", ""unit_of_measurement"": ""KiB/s"", ""device_class"": ""data_rate"", ""friendly_name"": ""UPNP IGD Download speed""}"
2025-07-20T05:50:38.247764,sensor.upnp_igd_upload_speed,19.006167548684,7.86225734969704,"{""state_class"": ""measurement"", ""unit_of_measurement"": ""KiB/s"", ""device_class"": ""data_rate"", ""friendly_name"": ""UPNP IGD Upload speed""}"
2025-07-20T05:50:38.249175,sensor.upnp_igd_packet_download_speed,84.0334005600538,80.1338461899489,"{""state_class"": ""measurement"", ""unit_of_measurement"": ""packets/s"", ""friendly_name"": ""UPNP IGD Packet download speed""}"
2025-07-20T05:50:38.250633,sensor.upnp_igd_packet_upload_speed,41.1666996000263,34.3002195214049,"{""state_class"": ""measurement"", ""unit_of_measurement"": ""packets/s"", ""friendly_name"": ""UPNP IGD Packet upload speed""}"
2025-07-20T05:51:08.250400,sensor.upnp_igd_data_received,3471450351,3471628692,"{""state_class"": ""total_increasing"", ""unit_of_measurement"": ""B"", ""device_class"": ""data_size"", ""friendly_name"": ""UPNP IGD Data received""}"
2025-07-20T05:51:08.255442,sensor.upnp_igd_data_sent,1234712785,1234901466,"{""state_class"": ""total_increasing"", ""unit_of_measurement"": ""B"", ""device_class"": ""data_size"", ""friendly_name"": ""UPNP IGD Data sent""}"
2025-07-20T05:51:08.258537,sensor.upnp_igd_packets_received,9802300,9803921,"{""state_class"": ""total_increasing"", ""unit_of_measurement"": ""packets"", ""friendly_name"": ""UPNP IGD Packets received""}"
2025-07-20T05:51:08.261586,sensor.upnp_igd_packets_sent,4792502,4793532,"{""state_class"": ""total_increasing"", ""unit_of_measurement"": ""packets"", ""friendly_name"": ""UPNP IGD Packets sent""}"
2025-07-20T05:51:08.264541,sensor.upnp_igd_uptime,1753001365,1753001395,"{""unit_of_measurement"": ""s"", ""device_class"": ""duration"", ""friendly_name"": ""UPNP IGD Uptime""}"
2025-07-20T05:51:08.267473,sensor.upnp_igd_download_speed,32.8858224484303,5.80500499143521,"{""state_class"": ""measurement"", ""unit_of_measurement"": ""KiB/s"", ""device_class"": ""data_rate"", ""friendly_name"": ""UPNP IGD Download speed""}"
2025-07-20T05:51:08.270296,sensor.upnp_igd_upload_speed,7.86225734969704,6.14157230692318,"{""state_class"": ""measurement"", ""unit_of_measurement"": ""KiB/s"", ""device_class"": ""data_rate"", ""friendly_name"": ""UPNP IGD Upload speed""}"
2025-07-20T05:51:08.273155,sensor.upnp_igd_packet_download_speed,80.1338461899489,54.02992584601,"{""state_class"": ""measurement"", ""unit_of_measurement"": ""packets/s"", ""friendly_name"": ""UPNP IGD Packet download speed""}"
2025-07-20T05:51:08.276107,sensor.upnp_igd_packet_upload_speed,34.3002195214049,34.3311681809934,"{""state_class"": ""measurement"", ""unit_of_measurement"": ""packets/s"", ""friendly_name"": ""UPNP IGD Packet upload speed""}"
2025-07-20T05:51:10.262164,automation.aut_status_bruno,on,on,"{""id"": ""1751855857509"", ""last_triggered"": ""2025-07-20T08:51:10.253850+00:00"", ""mode"": ""single"", ""current"": 1, ""friendly_name"": ""aut-status-bruno""}"
2025-07-20T05:51:10.265872,automation.aut_status_bruno,on,on,"{""id"": ""1751855857509"", ""last_triggered"": ""2025-07-20T08:51:10.253850+00:00"", ""mode"": ""single"", ""current"": 0, ""friendly_name"": ""aut-status-bruno""}"
2025-07-20T05:51:38.254909,sensor.upnp_igd_data_received,3471628692,3471769901,"{""state_class"": ""total_increasing"", ""unit_of_measurement"": ""B"", ""device_class"": ""data_size"", ""friendly_name"": ""UPNP IGD Data received""}"
2025-07-20T05:51:38.257212,sensor.upnp_igd_data_sent,1234901466,1235072993,"{""state_class"": ""total_increasing"", ""unit_of_measurement"": ""B"", ""device_class"": ""data_size"", ""friendly_name"": ""UPNP IGD Data sent""}"
2025-07-20T05:51:38.258976,sensor.upnp_igd_packets_received,9803921,9805429,"{""state_class"": ""total_increasing"", ""unit_of_measurement"": ""packets"", ""friendly_name"": ""UPNP IGD Packets received""}"
2025-07-20T05:51:38.261032,sensor.upnp_igd_packets_sent,4793532,4794520,"{""state_class"": ""total_increasing"", ""unit_of_measurement"": ""packets"", ""friendly_name"": ""UPNP IGD Packets sent""}"
2025-07-20T05:51:38.262437,sensor.upnp_igd_uptime,1753001395,1753001425,"{""unit_of_measurement"": ""s"", ""device_class"": ""duration"", ""friendly_name"": ""UPNP IGD Uptime""}"
2025-07-20T05:51:38.264579,sensor.upnp_igd_download_speed,5.80500499143521,4.59690394911729,"{""state_class"": ""measurement"", ""unit_of_measurement"": ""KiB/s"", ""device_class"": ""data_rate"", ""friendly_name"": ""UPNP IGD Download speed""}"
2025-07-20T05:51:38.266448,sensor.upnp_igd_upload_speed,6.14157230692318,5.58387315029666,"{""state_class"": ""measurement"", ""unit_of_measurement"": ""KiB/s"", ""device_class"": ""data_rate"", ""friendly_name"": ""UPNP IGD Upload speed""}"
2025-07-20T05:51:38.268295,sensor.upnp_igd_packet_download_speed,54.02992584601,50.2694750546731,"{""state_class"": ""measurement"", ""unit_of_measurement"": ""packets/s"", ""friendly_name"": ""UPNP IGD Packet download speed""}"
2025-07-20T05:51:38.270043,sensor.upnp_igd_packet_upload_speed,34.3311681809934,32.9351733116823,"{""state_class"": ""measurement"", ""unit_of_measurement"": ""packets/s"", ""friendly_name"": ""UPNP IGD Packet upload speed""}"
2025-07-20T05:51:51.165555,sun.sun,below_horizon,below_horizon,"{""next_dawn"": ""2025-07-21T08:33:43.946702+00:00"", ""next_dusk"": ""2025-07-20T20:47:13.005418+00:00"", ""next_midnight"": ""2025-07-21T02:40:32+00:00"", ""next_noon"": ""2025-07-20T14:40:27+00:00"", ""next_rising"": ""2025-07-20T08:56:54.429420+00:00"", ""next_setting"": ""2025-07-20T20:24:10.176365+00:00"", ""elevation"": -1.77, ""azimuth"": 69.32, ""rising"": true, ""friendly_name"": ""Sun""}"
2025-07-20T05:52:08.241300,sensor.upnp_igd_data_received,3471769901,3471951404,"{""state_class"": ""total_increasing"", ""unit_of_measurement"": ""B"", ""device_class"": ""data_size"", ""friendly_name"": ""UPNP IGD Data received""}"
2025-07-20T05:52:08.244055,sensor.upnp_igd_data_sent,1235072993,1235635198,"{""state_class"": ""total_increasing"", ""unit_of_measurement"": ""B"", ""device_class"": ""data_size"", ""friendly_name"": ""UPNP IGD Data sent""}"
2025-07-20T05:52:08.245584,sensor.upnp_igd_packets_received,9805429,9807075,"{""state_class"": ""total_increasing"", ""unit_of_measurement"": ""packets"", ""friendly_name"": ""UPNP IGD Packets received""}"
2025-07-20T05:52:08.247076,sensor.upnp_igd_packets_sent,4794520,4795719,"{""state_class"": ""total_increasing"", ""unit_of_measurement"": ""packets"", ""friendly_name"": ""UPNP IGD Packets sent""}"
2025-07-20T05:52:08.248629,sensor.upnp_igd_uptime,1753001425,1753001455,"{""unit_of_measurement"": ""s"", ""device_class"": ""duration"", ""friendly_name"": ""UPNP IGD Uptime""}"
2025-07-20T05:52:08.250353,sensor.upnp_igd_download_speed,4.59690394911729,5.9081920705159,"{""state_class"": ""measurement"", ""unit_of_measurement"": ""KiB/s"", ""device_class"": ""data_rate"", ""friendly_name"": ""UPNP IGD Download speed""}"
2025-07-20T05:52:08.252241,sensor.upnp_igd_upload_speed,5.58387315029666,18.3006072792427,"{""state_class"": ""measurement"", ""unit_of_measurement"": ""KiB/s"", ""device_class"": ""data_rate"", ""friendly_name"": ""UPNP IGD Upload speed""}"
2025-07-20T05:52:08.253701,sensor.upnp_igd_packet_download_speed,50.2694750546731,54.8656571385753,"{""state_class"": ""measurement"", ""unit_of_measurement"": ""packets/s"", ""friendly_name"": ""UPNP IGD Packet download speed""}"
2025-07-20T05:52:08.255264,sensor.upnp_igd_packet_upload_speed,32.9351733116823,39.9659312935309,"{""state_class"": ""measurement"", ""unit_of_measurement"": ""packets/s"", ""friendly_name"": ""UPNP IGD Packet upload speed""}"
2025-07-20T05:52:10.260556,automation.aut_status_bruno,on,on,"{""id"": ""1751855857509"", ""last_triggered"": ""2025-07-20T08:52:10.252629+00:00"", ""mode"": ""single"", ""current"": 1, ""friendly_name"": ""aut-status-bruno""}"
2025-07-20T05:52:10.263918,automation.aut_status_bruno,on,on,"{""id"": ""1751855857509"", ""last_triggered"": ""2025-07-20T08:52:10.252629+00:00"", ""mode"": ""single"", ""current"": 0, ""friendly_name"": ""aut-status-bruno""}"
2025-07-20T05:52:38.236643,sensor.upnp_igd_data_received,3471951404,3472659417,"{""state_class"": ""total_increasing"", ""unit_of_measurement"": ""B"", ""device_class"": ""data_size"", ""friendly_name"": ""UPNP IGD Data received""}"
2025-07-20T05:52:38.239083,sensor.upnp_igd_data_sent,1235635198,1235774283,"{""state_class"": ""total_increasing"", ""unit_of_measurement"": ""B"", ""device_class"": ""data_size"", ""friendly_name"": ""UPNP IGD Data sent""}"
2025-07-20T05:52:38.242679,sensor.upnp_igd_packets_received,9807075,9809176,"{""state_class"": ""total_increasing"", ""unit_of_measurement"": ""packets"", ""friendly_name"": ""UPNP IGD Packets received""}"
2025-07-20T05:52:38.244462,sensor.upnp_igd_packets_sent,4795719,4796464,"{""state_class"": ""total_increasing"", ""unit_of_measurement"": ""packets"", ""friendly_name"": ""UPNP IGD Packets sent""}"
2025-07-20T05:52:38.245908,sensor.upnp_igd_uptime,1753001455,1753001485,"{""unit_of_measurement"": ""s"", ""device_class"": ""duration"", ""friendly_name"": ""UPNP IGD Uptime""}"
2025-07-20T05:52:38.247382,sensor.upnp_igd_download_speed,5.9081920705159,23.0476969022397,"{""state_class"": ""measurement"", ""unit_of_measurement"": ""KiB/s"", ""device_class"": ""data_rate"", ""friendly_name"": ""UPNP IGD Download speed""}"
2025-07-20T05:52:38.248791,sensor.upnp_igd_upload_speed,18.3006072792427,4.52758483763436,"{""state_class"": ""measurement"", ""unit_of_measurement"": ""KiB/s"", ""device_class"": ""data_rate"", ""friendly_name"": ""UPNP IGD Upload speed""}"
2025-07-20T05:52:38.250193,sensor.upnp_igd_packet_download_speed,54.8656571385753,70.0345449309606,"{""state_class"": ""measurement"", ""unit_of_measurement"": ""packets/s"", ""friendly_name"": ""UPNP IGD Packet download speed""}"
2025-07-20T05:52:38.251614,sensor.upnp_igd_packet_upload_speed,39.9659312935309,24.8337629574325,"{""state_class"": ""measurement"", ""unit_of_measurement"": ""packets/s"", ""friendly_name"": ""UPNP IGD Packet upload speed""}"
2025-07-20T05:52:51.323265,camera.192_168_0_33,idle,idle,"{""access_token"": ""3de89447b3ca4b124a1e12cca3e6d12dcfaec54ef1b032cdb77fb29b3ae41fa"", ""entity_picture"": ""/api/camera_proxy/camera.192_168_0_33?token=3de89447b3ca4b124a1e12cca3e6d12dcfaec54ef1b032cdb77fb29b3ae41fa"", ""friendly_name"": ""192_168_0_14"", ""supported_features"": 2}"
2025-07-20T05:52:51.325664,camera.admin_mainstream,idle,idle,"{""access_token"": ""c319af3dfe049395d9200e21a4b21dbd185219514566bc77fc3e80581c6c5cac"", ""entity_picture"": ""/api/camera_proxy/camera.admin_mainstream?token=c319af3dfe049395d9200e21a4b21dbd185219514566bc77fc3e80581c6c5cac"", ""friendly_name"": ""admin MainStream"", ""supported_features"": 2}"
2025-07-20T05:52:51.327497,camera.admin_substream,idle,idle,"{""access_token"": ""b625c53f71f516b805e463856360f994eb0baacd0a8f3032811ec2a05fb7b8b8"", ""entity_picture"": ""/api/camera_proxy/camera.admin_substream?token=b625c53f71f516b805e463856360f994eb0baacd0a8f3032811ec2a05fb7b8b8"", ""friendly_name"": ""admin SubStream"", ""supported_features"": 2}"
2025-07-20T05:53:08.248747,sensor.upnp_igd_data_received,3472659417,3473310272,"{""state_class"": ""total_increasing"", ""unit_of_measurement"": ""B"", ""device_class"": ""data_size"", ""friendly_name"": ""UPNP IGD Data received""}"
2025-07-20T05:53:08.252190,sensor.upnp_igd_data_sent,1235774283,1235910295,"{""state_class"": ""total_increasing"", ""unit_of_measurement"": ""B"", ""device_class"": ""data_size"", ""friendly_name"": ""UPNP IGD Data sent""}"
2025-07-20T05:53:08.253522,sensor.upnp_igd_packets_received,9809176,9811003,"{""state_class"": ""total_increasing"", ""unit_of_measurement"": ""packets"", ""friendly_name"": ""UPNP IGD Packets received""}"
2025-07-20T05:53:08.254693,sensor.upnp_igd_packets_sent,4796464,4797283,"{""state_class"": ""total_increasing"", ""unit_of_measurement"": ""packets"", ""friendly_name"": ""UPNP IGD Packets sent""}"
2025-07-20T05:53:08.256907,sensor.upnp_igd_uptime,1753001485,1753001515,"{""unit_of_measurement"": ""s"", ""device_class"": ""duration"", ""friendly_name"": ""UPNP IGD Uptime""}"
2025-07-20T05:53:08.258675,sensor.upnp_igd_download_speed,23.0476969022397,21.1866628925875,"{""state_class"": ""measurement"", ""unit_of_measurement"": ""KiB/s"", ""device_class"": ""data_rate"", ""friendly_name"": ""UPNP IGD Download speed""}"
2025-07-20T05:53:08.260435,sensor.upnp_igd_upload_speed,4.52758483763436,4.42746908811734,"{""state_class"": ""measurement"", ""unit_of_measurement"": ""KiB/s"", ""device_class"": ""data_rate"", ""friendly_name"": ""UPNP IGD Upload speed""}"
2025-07-20T05:53:08.262175,sensor.upnp_igd_packet_download_speed,70.0345449309606,60.8999330100737,"{""state_class"": ""measurement"", ""unit_of_measurement"": ""packets/s"", ""friendly_name"": ""UPNP IGD Packet download speed""}"
2025-07-20T05:53:08.264226,sensor.upnp_igd_packet_upload_speed,24.8337629574325,27.299969970033,"{""state_class"": ""measurement"", ""unit_of_measurement"": ""packets/s"", ""friendly_name"": ""UPNP IGD Packet upload speed""}"
2025-07-20T05:53:10.261669,automation.aut_status_bruno,on,on,"{""id"": ""1751855857509"", ""last_triggered"": ""2025-07-20T08:53:10.254113+00:00"", ""mode"": ""single"", ""current"": 1, ""friendly_name"": ""aut-status-bruno""}"
2025-07-20T05:53:10.265870,automation.aut_status_bruno,on,on,"{""id"": ""1751855857509"", ""last_triggered"": ""2025-07-20T08:53:10.254113+00:00"", ""mode"": ""single"", ""current"": 0, ""friendly_name"": ""aut-status-bruno""}"
2025-07-20T05:53:38.240510,sensor.upnp_igd_data_received,3473310272,3473439771,"{""state_class"": ""total_increasing"", ""unit_of_measurement"": ""B"", ""device_class"": ""data_size"", ""friendly_name"": ""UPNP IGD Data received""}"
2025-07-20T05:53:38.243559,sensor.upnp_igd_data_sent,1235910295,1236045751,"{""state_class"": ""total_increasing"", ""unit_of_measurement"": ""B"", ""device_class"": ""data_size"", ""friendly_name"": ""UPNP IGD Data sent""}"
2025-07-20T05:53:38.246136,sensor.upnp_igd_packets_received,9811003,9812361,"{""state_class"": ""total_increasing"", ""unit_of_measurement"": ""packets"", ""friendly_name"": ""UPNP IGD Packets received""}"
2025-07-20T05:53:38.247835,sensor.upnp_igd_packets_sent,4797283,4797991,"{""state_class"": ""total_increasing"", ""unit_of_measurement"": ""packets"", ""friendly_name"": ""UPNP IGD Packets sent""}"
2025-07-20T05:53:38.249202,sensor.upnp_igd_uptime,1753001515,1753001545,"{""unit_of_measurement"": ""s"", ""device_class"": ""duration"", ""friendly_name"": ""UPNP IGD Uptime""}"
2025-07-20T05:53:38.250623,sensor.upnp_igd_download_speed,21.1866628925875,4.21540336444968,"{""state_class"": ""measurement"", ""unit_of_measurement"": ""KiB/s"", ""device_class"": ""data_rate"", ""friendly_name"": ""UPNP IGD Download speed""}"
2025-07-20T05:53:38.252106,sensor.upnp_igd_upload_speed,4.42746908811734,4.40931341658928,"{""state_class"": ""measurement"", ""unit_of_measurement"": ""KiB/s"", ""device_class"": ""data_rate"", ""friendly_name"": ""UPNP IGD Upload speed""}"
2025-07-20T05:53:38.253488,sensor.upnp_igd_packet_download_speed,60.8999330100737,45.2660344510522,"{""state_class"": ""measurement"", ""unit_of_measurement"": ""packets/s"", ""friendly_name"": ""UPNP IGD Packet download speed""}"
2025-07-20T05:53:38.254868,sensor.upnp_igd_packet_upload_speed,27.299969970033,23.5996703912702,"{""state_class"": ""measurement"", ""unit_of_measurement"": ""packets/s"", ""friendly_name"": ""UPNP IGD Packet upload speed""}"
2025-07-20T05:53:51.166137,sun.sun,below_horizon,below_horizon,"{""next_dawn"": ""2025-07-21T08:33:43.946702+00:00"", ""next_dusk"": ""2025-07-20T20:47:13.005418+00:00"", ""next_midnight"": ""2025-07-21T02:40:32+00:00"", ""next_noon"": ""2025-07-20T14:40:27+00:00"", ""next_rising"": ""2025-07-20T08:56:54.429420+00:00"", ""next_setting"": ""2025-07-20T20:24:10.176365+00:00"", ""elevation"": -1.26, ""azimuth"": 69.21, ""rising"": true, ""friendly_name"": ""Sun""}"
2025-07-20T05:54:08.308092,sensor.upnp_igd_data_received,3473439771,3473584268,"{""state_class"": ""total_increasing"", ""unit_of_measurement"": ""B"", ""device_class"": ""data_size"", ""friendly_name"": ""UPNP IGD Data received""}"
2025-07-20T05:54:08.311116,sensor.upnp_igd_data_sent,1236045751,1236194616,"{""state_class"": ""total_increasing"", ""unit_of_measurement"": ""B"", ""device_class"": ""data_size"", ""friendly_name"": ""UPNP IGD Data sent""}"
2025-07-20T05:54:08.313015,sensor.upnp_igd_packets_received,9812361,9813854,"{""state_class"": ""total_increasing"", ""unit_of_measurement"": ""packets"", ""friendly_name"": ""UPNP IGD Packets received""}"
2025-07-20T05:54:08.314450,sensor.upnp_igd_packets_sent,4797991,4798778,"{""state_class"": ""total_increasing"", ""unit_of_measurement"": ""packets"", ""friendly_name"": ""UPNP IGD Packets sent""}"
2025-07-20T05:54:08.315855,sensor.upnp_igd_uptime,1753001545,1753001575,"{""unit_of_measurement"": ""s"", ""device_class"": ""duration"", ""friendly_name"": ""UPNP IGD Uptime""}"
2025-07-20T05:54:08.317253,sensor.upnp_igd_download_speed,4.21540336444968,4.70370503974523,"{""state_class"": ""measurement"", ""unit_of_measurement"": ""KiB/s"", ""device_class"": ""data_rate"", ""friendly_name"": ""UPNP IGD Download speed""}"
2025-07-20T05:54:08.318653,sensor.upnp_igd_upload_speed,4.40931341658928,4.84589334547896,"{""state_class"": ""measurement"", ""unit_of_measurement"": ""KiB/s"", ""device_class"": ""data_rate"", ""friendly_name"": ""UPNP IGD Upload speed""}"
2025-07-20T05:54:08.320087,sensor.upnp_igd_packet_download_speed,45.2660344510522,49.7669486793759,"{""state_class"": ""measurement"", ""unit_of_measurement"": ""packets/s"", ""friendly_name"": ""UPNP IGD Packet download speed""}"
2025-07-20T05:54:08.321471,sensor.upnp_igd_packet_upload_speed,23.5996703912702,26.2334819897313,"{""state_class"": ""measurement"", ""unit_of_measurement"": ""packets/s"", ""friendly_name"": ""UPNP IGD Packet upload speed""}"
2025-07-20T05:54:10.265539,automation.aut_status_bruno,on,on,"{""id"": ""1751855857509"", ""last_triggered"": ""2025-07-20T08:54:10.252265+00:00"", ""mode"": ""single"", ""current"": 1, ""friendly_name"": ""aut-status-bruno""}"
2025-07-20T05:54:10.268793,automation.aut_status_bruno,on,on,"{""id"": ""1751855857509"", ""last_triggered"": ""2025-07-20T08:54:10.252265+00:00"", ""mode"": ""single"", ""current"": 0, ""friendly_name"": ""aut-status-bruno""}"
2025-07-20T05:54:38.244773,sensor.upnp_igd_data_received,3473584268,3473721500,"{""state_class"": ""total_increasing"", ""unit_of_measurement"": ""B"", ""device_class"": ""data_size"", ""friendly_name"": ""UPNP IGD Data received""}"
2025-07-20T05:54:38.246435,sensor.upnp_igd_data_sent,1236194616,1236318566,"{""state_class"": ""total_increasing"", ""unit_of_measurement"": ""B"", ""device_class"": ""data_size"", ""friendly_name"": ""UPNP IGD Data sent""}"
2025-07-20T05:54:38.248006,sensor.upnp_igd_packets_received,9813854,9815256,"{""state_class"": ""total_increasing"", ""unit_of_measurement"": ""packets"", ""friendly_name"": ""UPNP IGD Packets received""}"
2025-07-20T05:54:38.249392,sensor.upnp_igd_packets_sent,4798778,4799463,"{""state_class"": ""total_increasing"", ""unit_of_measurement"": ""packets"", ""friendly_name"": ""UPNP IGD Packets sent""}"
2025-07-20T05:54:38.250747,sensor.upnp_igd_uptime,1753001575,1753001605,"{""unit_of_measurement"": ""s"", ""device_class"": ""duration"", ""friendly_name"": ""UPNP IGD Uptime""}"
2025-07-20T05:54:38.252168,sensor.upnp_igd_download_speed,4.70370503974523,4.46701939117025,"{""state_class"": ""measurement"", ""unit_of_measurement"": ""KiB/s"", ""device_class"": ""data_rate"", ""friendly_name"": ""UPNP IGD Download speed""}"
2025-07-20T05:54:38.253545,sensor.upnp_igd_upload_speed,4.84589334547896,4.03467889075108,"{""state_class"": ""measurement"", ""unit_of_measurement"": ""KiB/s"", ""device_class"": ""data_rate"", ""friendly_name"": ""UPNP IGD Upload speed""}"
2025-07-20T05:54:38.254910,sensor.upnp_igd_packet_download_speed,49.7669486793759,46.7315746684066,"{""state_class"": ""measurement"", ""unit_of_measurement"": ""packets/s"", ""friendly_name"": ""UPNP IGD Packet download speed""}"
2025-07-20T05:54:38.256308,sensor.upnp_igd_packet_upload_speed,26.2334819897313,22.8324740712258,"{""state_class"": ""measurement"", ""unit_of_measurement"": ""packets/s"", ""friendly_name"": ""UPNP IGD Packet upload speed""}"
2025-07-20T05:55:08.238578,sensor.upnp_igd_data_received,3473721500,3473846712,"{""state_class"": ""total_increasing"", ""unit_of_measurement"": ""B"", ""device_class"": ""data_size"", ""friendly_name"": ""UPNP IGD Data received""}"
2025-07-20T05:55:08.240889,sensor.upnp_igd_data_sent,1236318566,1236446680,"{""state_class"": ""total_increasing"", ""unit_of_measurement"": ""B"", ""device_class"": ""data_size"", ""friendly_name"": ""UPNP IGD Data sent""}"
2025-07-20T05:55:08.242365,sensor.upnp_igd_packets_received,9815256,9816648,"{""state_class"": ""total_increasing"", ""unit_of_measurement"": ""packets"", ""friendly_name"": ""UPNP IGD Packets received""}"
2025-07-20T05:55:08.243806,sensor.upnp_igd_packets_sent,4799463,4800183,"{""state_class"": ""total_increasing"", ""unit_of_measurement"": ""packets"", ""friendly_name"": ""UPNP IGD Packets sent""}"
2025-07-20T05:55:08.245175,sensor.upnp_igd_uptime,1753001605,1753001635,"{""unit_of_measurement"": ""s"", ""device_class"": ""duration"", ""friendly_name"": ""UPNP IGD Uptime""}"
2025-07-20T05:55:08.246631,sensor.upnp_igd_download_speed,4.46701939117025,4.0760132227968,"{""state_class"": ""measurement"", ""unit_of_measurement"": ""KiB/s"", ""device_class"": ""data_rate"", ""friendly_name"": ""UPNP IGD Download speed""}"
2025-07-20T05:55:08.248081,sensor.upnp_igd_upload_speed,4.03467889075108,4.17048172719379,"{""state_class"": ""measurement"", ""unit_of_measurement"": ""KiB/s"", ""device_class"": ""data_rate"", ""friendly_name"": ""UPNP IGD Upload speed""}"
2025-07-20T05:55:08.249460,sensor.upnp_igd_packet_download_speed,46.7315746684066,46.4011584822568,"{""state_class"": ""measurement"", ""unit_of_measurement"": ""packets/s"", ""friendly_name"": ""UPNP IGD Packet download speed""}"
2025-07-20T05:55:08.250838,sensor.upnp_igd_packet_upload_speed,22.8324740712258,24.0005992149604,"{""state_class"": ""measurement"", ""unit_of_measurement"": ""packets/s"", ""friendly_name"": ""UPNP IGD Packet upload speed""}"
2025-07-20T05:55:10.274418,automation.aut_status_bruno,on,on,"{""id"": ""1751855857509"", ""last_triggered"": ""2025-07-20T08:55:10.254080+00:00"", ""mode"": ""single"", ""current"": 1, ""friendly_name"": ""aut-status-bruno""}"
2025-07-20T05:55:10.284000,automation.aut_status_bruno,on,on,"{""id"": ""1751855857509"", ""last_triggered"": ""2025-07-20T08:55:10.254080+00:00"", ""mode"": ""single"", ""current"": 0, ""friendly_name"": ""aut-status-bruno""}"
2025-07-20T05:55:38.240480,sensor.upnp_igd_data_received,3473846712,3473977569,"{""state_class"": ""total_increasing"", ""unit_of_measurement"": ""B"", ""device_class"": ""data_size"", ""friendly_name"": ""UPNP IGD Data received""}"
2025-07-20T05:55:38.243157,sensor.upnp_igd_data_sent,1236446680,1236576146,"{""state_class"": ""total_increasing"", ""unit_of_measurement"": ""B"", ""device_class"": ""data_size"", ""friendly_name"": ""UPNP IGD Data sent""}"
2025-07-20T05:55:38.244730,sensor.upnp_igd_packets_received,9816648,9818058,"{""state_class"": ""total_increasing"", ""unit_of_measurement"": ""packets"", ""friendly_name"": ""UPNP IGD Packets received""}"
2025-07-20T05:55:38.246165,sensor.upnp_igd_packets_sent,4800183,4800897,"{""state_class"": ""total_increasing"", ""unit_of_measurement"": ""packets"", ""friendly_name"": ""UPNP IGD Packets sent""}"
2025-07-20T05:55:38.247593,sensor.upnp_igd_uptime,1753001635,1753001665,"{""unit_of_measurement"": ""s"", ""device_class"": ""duration"", ""friendly_name"": ""UPNP IGD Uptime""}"
2025-07-20T05:55:38.249007,sensor.upnp_igd_download_speed,4.0760132227968,4.25974606409451,"{""state_class"": ""measurement"", ""unit_of_measurement"": ""KiB/s"", ""device_class"": ""data_rate"", ""friendly_name"": ""UPNP IGD Download speed""}"
2025-07-20T05:55:38.250436,sensor.upnp_igd_upload_speed,4.17048172719379,4.21446528603024,"{""state_class"": ""measurement"", ""unit_of_measurement"": ""KiB/s"", ""device_class"": ""data_rate"", ""friendly_name"": ""UPNP IGD Upload speed""}"
2025-07-20T05:55:38.251902,sensor.upnp_igd_packet_download_speed,46.4011584822568,47.0008616824642,"{""state_class"": ""measurement"", ""unit_of_measurement"": ""packets/s"", ""friendly_name"": ""UPNP IGD Packet download speed""}"
2025-07-20T05:55:38.253264,sensor.upnp_igd_packet_upload_speed,24.0005992149604,23.8004363413329,"{""state_class"": ""measurement"", ""unit_of_measurement"": ""packets/s"", ""friendly_name"": ""UPNP IGD Packet upload speed""}"
2025-07-20T05:55:51.165889,sun.sun,below_horizon,above_horizon,"{""next_dawn"": ""2025-07-21T08:33:43.946702+00:00"", ""next_dusk"": ""2025-07-20T20:47:13.005418+00:00"", ""next_midnight"": ""2025-07-21T02:40:32+00:00"", ""next_noon"": ""2025-07-20T14:40:27+00:00"", ""next_rising"": ""2025-07-20T08:56:54.429420+00:00"", ""next_setting"": ""2025-07-20T20:24:10.176365+00:00"", ""elevation"": -0.71, ""azimuth"": 69.1, ""rising"": true, ""friendly_name"": ""Sun""}"
2025-07-20T05:56:08.270149,sensor.upnp_igd_data_received,3473977569,3474083704,"{""state_class"": ""total_increasing"", ""unit_of_measurement"": ""B"", ""device_class"": ""data_size"", ""friendly_name"": ""UPNP IGD Data received""}"
2025-07-20T05:56:08.275570,sensor.upnp_igd_data_sent,1236576146,1236686680,"{""state_class"": ""total_increasing"", ""unit_of_measurement"": ""B"", ""device_class"": ""data_size"", ""friendly_name"": ""UPNP IGD Data sent""}"
2025-07-20T05:56:08.278103,sensor.upnp_igd_packets_received,9818058,9819375,"{""state_class"": ""total_increasing"", ""unit_of_measurement"": ""packets"", ""friendly_name"": ""UPNP IGD Packets received""}"
2025-07-20T05:56:08.280707,sensor.upnp_igd_packets_sent,4800897,4801529,"{""state_class"": ""total_increasing"", ""unit_of_measurement"": ""packets"", ""friendly_name"": ""UPNP IGD Packets sent""}"
2025-07-20T05:56:08.283120,sensor.upnp_igd_uptime,1753001665,1753001695,"{""unit_of_measurement"": ""s"", ""device_class"": ""duration"", ""friendly_name"": ""UPNP IGD Uptime""}"
2025-07-20T05:56:08.285628,sensor.upnp_igd_download_speed,4.25974606409451,3.4548056169249,"{""state_class"": ""measurement"", ""unit_of_measurement"": ""KiB/s"", ""device_class"": ""data_rate"", ""friendly_name"": ""UPNP IGD Download speed""}"
2025-07-20T05:56:08.288453,sensor.upnp_igd_upload_speed,4.21446528603024,3.59799768277361,"{""state_class"": ""measurement"", ""unit_of_measurement"": ""KiB/s"", ""device_class"": ""data_rate"", ""friendly_name"": ""UPNP IGD Upload speed""}"
2025-07-20T05:56:08.290788,sensor.upnp_igd_packet_download_speed,47.0008616824642,43.8986054876323,"{""state_class"": ""measurement"", ""unit_of_measurement"": ""packets/s"", ""friendly_name"": ""UPNP IGD Packet download speed""}"
2025-07-20T05:56:08.293292,sensor.upnp_igd_packet_upload_speed,23.8004363413329,21.065997470147,"{""state_class"": ""measurement"", ""unit_of_measurement"": ""packets/s"", ""friendly_name"": ""UPNP IGD Packet upload speed""}"
2025-07-20T05:56:10.260024,automation.aut_status_bruno,on,on,"{""id"": ""1751855857509"", ""last_triggered"": ""2025-07-20T08:56:10.252301+00:00"", ""mode"": ""single"", ""current"": 1, ""friendly_name"": ""aut-status-bruno""}"
2025-07-20T05:56:10.263011,automation.aut_status_bruno,on,on,"{""id"": ""1751855857509"", ""last_triggered"": ""2025-07-20T08:56:10.252301+00:00"", ""mode"": ""single"", ""current"": 0, ""friendly_name"": ""aut-status-bruno""}"
2025-07-20T05:56:38.241099,sensor.upnp_igd_data_received,3474083704,3474209435,"{""state_class"": ""total_increasing"", ""unit_of_measurement"": ""B"", ""device_class"": ""data_size"", ""friendly_name"": ""UPNP IGD Data received""}"
2025-07-20T05:56:38.243834,sensor.upnp_igd_data_sent,1236686680,1236912793,"{""state_class"": ""total_increasing"", ""unit_of_measurement"": ""B"", ""device_class"": ""data_size"", ""friendly_name"": ""UPNP IGD Data sent""}"
2025-07-20T05:56:38.245414,sensor.upnp_igd_packets_received,9819375,9820786,"{""state_class"": ""total_increasing"", ""unit_of_measurement"": ""packets"", ""friendly_name"": ""UPNP IGD Packets received""}"
2025-07-20T05:56:38.246806,sensor.upnp_igd_packets_sent,4801529,4802246,"{""state_class"": ""total_increasing"", ""unit_of_measurement"": ""packets"", ""friendly_name"": ""UPNP IGD Packets sent""}"
2025-07-20T05:56:38.248213,sensor.upnp_igd_uptime,1753001695,1753001725,"{""unit_of_measurement"": ""s"", ""device_class"": ""duration"", ""friendly_name"": ""UPNP IGD Uptime""}"
2025-07-20T05:56:38.249661,sensor.upnp_igd_download_speed,3.4548056169249,4.0928933046405,"{""state_class"": ""measurement"", ""unit_of_measurement"": ""KiB/s"", ""device_class"": ""data_rate"", ""friendly_name"": ""UPNP IGD Download speed""}"
2025-07-20T05:56:38.251028,sensor.upnp_igd_upload_speed,3.59799768277361,7.36060624501656,"{""state_class"": ""measurement"", ""unit_of_measurement"": ""KiB/s"", ""device_class"": ""data_rate"", ""friendly_name"": ""UPNP IGD Upload speed""}"
2025-07-20T05:56:38.252509,sensor.upnp_igd_packet_download_speed,43.8986054876323,47.034336732517,"{""state_class"": ""measurement"", ""unit_of_measurement"": ""packets/s"", ""friendly_name"": ""UPNP IGD Packet download speed""}"
2025-07-20T05:56:38.253885,sensor.upnp_igd_packet_upload_speed,21.065997470147,23.9005098775441,"{""state_class"": ""measurement"", ""unit_of_measurement"": ""packets/s"", ""friendly_name"": ""UPNP IGD Packet upload speed""}"
2025-07-20T05:56:54.435735,sun.sun,above_horizon,above_horizon,"{""next_dawn"": ""2025-07-21T08:33:43.946702+00:00"", ""next_dusk"": ""2025-07-20T20:47:13.005418+00:00"", ""next_midnight"": ""2025-07-21T02:40:32+00:00"", ""next_noon"": ""2025-07-20T14:40:27+00:00"", ""next_rising"": ""2025-07-21T08:56:45.447181+00:00"", ""next_setting"": ""2025-07-20T20:24:10.176365+00:00"", ""elevation"": -0.37, ""azimuth"": 69.05, ""rising"": true, ""friendly_name"": ""Sun""}"
2025-07-20T05:56:54.437348,sensor.sun_next_rising,2025-07-20T08:56:54+00:00,2025-07-21T08:56:45+00:00,"{""device_class"": ""timestamp"", ""friendly_name"": ""Sun Next rising""}"
2025-07-20T05:57:08.240526,sensor.upnp_igd_data_received,3474209435,3474362882,"{""state_class"": ""total_increasing"", ""unit_of_measurement"": ""B"", ""device_class"": ""data_size"", ""friendly_name"": ""UPNP IGD Data received""}"
2025-07-20T05:57:08.243031,sensor.upnp_igd_data_sent,1236912793,1237023655,"{""state_class"": ""total_increasing"", ""unit_of_measurement"": ""B"", ""device_class"": ""data_size"", ""friendly_name"": ""UPNP IGD Data sent""}"
2025-07-20T05:57:08.244757,sensor.upnp_igd_packets_received,9820786,9822388,"{""state_class"": ""total_increasing"", ""unit_of_measurement"": ""packets"", ""friendly_name"": ""UPNP IGD Packets received""}"
2025-07-20T05:57:08.246166,sensor.upnp_igd_packets_sent,4802246,4802942,"{""state_class"": ""total_increasing"", ""unit_of_measurement"": ""packets"", ""friendly_name"": ""UPNP IGD Packets sent""}"
2025-07-20T05:57:08.247540,sensor.upnp_igd_uptime,1753001725,1753001755,"{""unit_of_measurement"": ""s"", ""device_class"": ""duration"", ""friendly_name"": ""UPNP IGD Uptime""}"
2025-07-20T05:57:08.248942,sensor.upnp_igd_download_speed,4.0928933046405,4.99504667100358,"{""state_class"": ""measurement"", ""unit_of_measurement"": ""KiB/s"", ""device_class"": ""data_rate"", ""friendly_name"": ""UPNP IGD Download speed""}"
2025-07-20T05:57:08.250349,sensor.upnp_igd_upload_speed,7.36060624501656,3.60880867036044,"{""state_class"": ""measurement"", ""unit_of_measurement"": ""KiB/s"", ""device_class"": ""data_rate"", ""friendly_name"": ""UPNP IGD Upload speed""}"
2025-07-20T05:57:08.253056,sensor.upnp_igd_packet_download_speed,47.034336732517,53.4002901415764,"{""state_class"": ""measurement"", ""unit_of_measurement"": ""packets/s"", ""friendly_name"": ""UPNP IGD Packet download speed""}"
2025-07-20T05:57:08.254773,sensor.upnp_igd_packet_upload_speed,23.9005098775441,23.2001260540182,"{""state_class"": ""measurement"", ""unit_of_measurement"": ""packets/s"", ""friendly_name"": ""UPNP IGD Packet upload speed""}"
2025-07-20T05:57:10.260615,automation.aut_status_bruno,on,on,"{""id"": ""1751855857509"", ""last_triggered"": ""2025-07-20T08:57:10.252783+00:00"", ""mode"": ""single"", ""current"": 1, ""friendly_name"": ""aut-status-bruno""}"
2025-07-20T05:57:10.263697,automation.aut_status_bruno,on,on,"{""id"": ""1751855857509"", ""last_triggered"": ""2025-07-20T08:57:10.252783+00:00"", ""mode"": ""single"", ""current"": 0, ""friendly_name"": ""aut-status-bruno""}"
2025-07-20T05:57:38.285799,sensor.upnp_igd_data_received,3474362882,3474479986,"{""state_class"": ""total_increasing"", ""unit_of_measurement"": ""B"", ""device_class"": ""data_size"", ""friendly_name"": ""UPNP IGD Data received""}"
2025-07-20T05:57:38.287775,sensor.upnp_igd_data_sent,1237023655,1237151261,"{""state_class"": ""total_increasing"", ""unit_of_measurement"": ""B"", ""device_class"": ""data_size"", ""friendly_name"": ""UPNP IGD Data sent""}"
2025-07-20T05:57:38.289233,sensor.upnp_igd_packets_received,9822388,9823793,"{""state_class"": ""total_increasing"", ""unit_of_measurement"": ""packets"", ""friendly_name"": ""UPNP IGD Packets received""}"
2025-07-20T05:57:38.290463,sensor.upnp_igd_packets_sent,4802942,4803683,"{""state_class"": ""total_increasing"", ""unit_of_measurement"": ""packets"", ""friendly_name"": ""UPNP IGD Packets sent""}"
2025-07-20T05:57:38.291672,sensor.upnp_igd_uptime,1753001755,1753001785,"{""unit_of_measurement"": ""s"", ""device_class"": ""duration"", ""friendly_name"": ""UPNP IGD Uptime""}"
2025-07-20T05:57:38.292899,sensor.upnp_igd_download_speed,4.99504667100358,3.81195731144475,"{""state_class"": ""measurement"", ""unit_of_measurement"": ""KiB/s"", ""device_class"": ""data_rate"", ""friendly_name"": ""UPNP IGD Download speed""}"
2025-07-20T05:57:38.294072,sensor.upnp_igd_upload_speed,3.60880867036044,4.15381733061397,"{""state_class"": ""measurement"", ""unit_of_measurement"": ""KiB/s"", ""device_class"": ""data_rate"", ""friendly_name"": ""UPNP IGD Upload speed""}"
2025-07-20T05:57:38.295254,sensor.upnp_igd_packet_download_speed,53.4002901415764,46.8330648237617,"{""state_class"": ""measurement"", ""unit_of_measurement"": ""packets/s"", ""friendly_name"": ""UPNP IGD Packet download speed""}"
2025-07-20T05:57:38.296563,sensor.upnp_igd_packet_upload_speed,23.2001260540182,24.6998583874786,"{""state_class"": ""measurement"", ""unit_of_measurement"": ""packets/s"", ""friendly_name"": ""UPNP IGD Packet upload speed""}"
2025-07-20T05:57:48.458526,media_player.dlna_b13_box,unavailable,unknown,"{""friendly_name"": ""DLNA-B13 Box"", ""supported_features"": 512575}"
2025-07-20T05:57:51.323788,camera.192_168_0_33,idle,idle,"{""access_token"": ""702d93517442564c7ec252192aa0fce361750aab4a3a2a19e0c0bc9f94e2418b"", ""entity_picture"": ""/api/camera_proxy/camera.192_168_0_33?token=702d93517442564c7ec252192aa0fce361750aab4a3a2a19e0c0bc9f94e2418b"", ""friendly_name"": ""192_168_0_14"", ""supported_features"": 2}"
2025-07-20T05:57:51.325550,camera.admin_mainstream,idle,idle,"{""access_token"": ""8dd00ed7cf5061e0c1e0fe4c5a33052f509e639bf5bf05a65cf6231b52d5b544"", ""entity_picture"": ""/api/camera_proxy/camera.admin_mainstream?token=8dd00ed7cf5061e0c1e0fe4c5a33052f509e639bf5bf05a65cf6231b52d5b544"", ""friendly_name"": ""admin MainStream"", ""supported_features"": 2}"
2025-07-20T05:57:51.327028,camera.admin_substream,idle,idle,"{""access_token"": ""13b5155551c3d6baac0dfdace5dcc768236536b0bfa4e518bd3a769b37251854"", ""entity_picture"": ""/api/camera_proxy/camera.admin_substream?token=13b5155551c3d6baac0dfdace5dcc768236536b0bfa4e518bd3a769b37251854"", ""friendly_name"": ""admin SubStream"", ""supported_features"": 2}"
2025-07-20T05:57:55.787170,media_player.dlna_b13_box,unknown,unavailable,"{""friendly_name"": ""DLNA-B13 Box"", ""supported_features"": 512575}"
2025-07-20T05:58:08.244195,sensor.upnp_igd_data_received,3474479986,3475113862,"{""state_class"": ""total_increasing"", ""unit_of_measurement"": ""B"", ""device_class"": ""data_size"", ""friendly_name"": ""UPNP IGD Data received""}"
2025-07-20T05:58:08.245922,sensor.upnp_igd_data_sent,1237151261,1237290944,"{""state_class"": ""total_increasing"", ""unit_of_measurement"": ""B"", ""device_class"": ""data_size"", ""friendly_name"": ""UPNP IGD Data sent""}"
2025-07-20T05:58:08.247383,sensor.upnp_igd_packets_received,9823793,9825579,"{""state_class"": ""total_increasing"", ""unit_of_measurement"": ""packets"", ""friendly_name"": ""UPNP IGD Packets received""}"
2025-07-20T05:58:08.248809,sensor.upnp_igd_packets_sent,4803683,4804565,"{""state_class"": ""total_increasing"", ""unit_of_measurement"": ""packets"", ""friendly_name"": ""UPNP IGD Packets sent""}"
2025-07-20T05:58:08.250117,sensor.upnp_igd_uptime,1753001785,1753001815,"{""unit_of_measurement"": ""s"", ""device_class"": ""duration"", ""friendly_name"": ""UPNP IGD Uptime""}"
2025-07-20T05:58:08.251522,sensor.upnp_igd_download_speed,3.81195731144475,20.6333296106737,"{""state_class"": ""measurement"", ""unit_of_measurement"": ""KiB/s"", ""device_class"": ""data_rate"", ""friendly_name"": ""UPNP IGD Download speed""}"
2025-07-20T05:58:08.252937,sensor.upnp_igd_upload_speed,4.15381733061397,4.54682837022972,"{""state_class"": ""measurement"", ""unit_of_measurement"": ""KiB/s"", ""device_class"": ""data_rate"", ""friendly_name"": ""UPNP IGD Upload speed""}"
2025-07-20T05:58:08.254346,sensor.upnp_igd_packet_download_speed,46.8330648237617,59.5314442021706,"{""state_class"": ""measurement"", ""unit_of_measurement"": ""packets/s"", ""friendly_name"": ""UPNP IGD Packet download speed""}"
2025-07-20T05:58:08.255745,sensor.upnp_igd_packet_upload_speed,24.6998583874786,29.399067069605,"{""state_class"": ""measurement"", ""unit_of_measurement"": ""packets/s"", ""friendly_name"": ""UPNP IGD Packet upload speed""}"
2025-07-20T05:58:10.260856,automation.aut_status_bruno,on,on,"{""id"": ""1751855857509"", ""last_triggered"": ""2025-07-20T08:58:10.252712+00:00"", ""mode"": ""single"", ""current"": 1, ""friendly_name"": ""aut-status-bruno""}"
2025-07-20T05:58:10.264627,automation.aut_status_bruno,on,on,"{""id"": ""1751855857509"", ""last_triggered"": ""2025-07-20T08:58:10.252712+00:00"", ""mode"": ""single"", ""current"": 0, ""friendly_name"": ""aut-status-bruno""}"
2025-07-20T05:58:11.648155,weather.home,partlycloudy,partlycloudy,"{""temperature"": 23.8, ""temperature_unit"": ""\u00b0C"", ""pressure_unit"": ""hPa"", ""wind_bearing"": 153, ""wind_speed"": 6.4, ""wind_speed_unit"": ""km/h"", ""visibility_unit"": ""km"", ""precipitation_unit"": ""mm"", ""friendly_name"": ""Home"", ""supported_features"": 3}"
2025-07-20T05:58:38.254126,sensor.upnp_igd_data_received,3475113862,3475238819,"{""state_class"": ""total_increasing"", ""unit_of_measurement"": ""B"", ""device_class"": ""data_size"", ""friendly_name"": ""UPNP IGD Data received""}"
2025-07-20T05:58:38.256703,sensor.upnp_igd_data_sent,1237290944,1237426221,"{""state_class"": ""total_increasing"", ""unit_of_measurement"": ""B"", ""device_class"": ""data_size"", ""friendly_name"": ""UPNP IGD Data sent""}"
2025-07-20T05:58:38.258192,sensor.upnp_igd_packets_received,9825579,9826954,"{""state_class"": ""total_increasing"", ""unit_of_measurement"": ""packets"", ""friendly_name"": ""UPNP IGD Packets received""}"
2025-07-20T05:58:38.259632,sensor.upnp_igd_packets_sent,4804565,4805288,"{""state_class"": ""total_increasing"", ""unit_of_measurement"": ""packets"", ""friendly_name"": ""UPNP IGD Packets sent""}"
2025-07-20T05:58:38.260977,sensor.upnp_igd_uptime,1753001815,1753001845,"{""unit_of_measurement"": ""s"", ""device_class"": ""duration"", ""friendly_name"": ""UPNP IGD Uptime""}"
2025-07-20T05:58:38.262362,sensor.upnp_igd_download_speed,20.6333296106737,4.06776945568442,"{""state_class"": ""measurement"", ""unit_of_measurement"": ""KiB/s"", ""device_class"": ""data_rate"", ""friendly_name"": ""UPNP IGD Download speed""}"
2025-07-20T05:58:38.263819,sensor.upnp_igd_upload_speed,4.54682837022972,4.40372006895669,"{""state_class"": ""measurement"", ""unit_of_measurement"": ""KiB/s"", ""device_class"": ""data_rate"", ""friendly_name"": ""UPNP IGD Upload speed""}"
2025-07-20T05:58:38.265241,sensor.upnp_igd_packet_download_speed,59.5314442021706,45.8351224309456,"{""state_class"": ""measurement"", ""unit_of_measurement"": ""packets/s"", ""friendly_name"": ""UPNP IGD Packet download speed""}"
2025-07-20T05:58:38.266569,sensor.upnp_igd_packet_upload_speed,29.399067069605,24.1009407400536,"{""state_class"": ""measurement"", ""unit_of_measurement"": ""packets/s"", ""friendly_name"": ""UPNP IGD Packet upload speed""}"
2025-07-20T05:58:54.436428,sun.sun,above_horizon,above_horizon,"{""next_dawn"": ""2025-07-21T08:33:43.946702+00:00"", ""next_dusk"": ""2025-07-20T20:47:13.005418+00:00"", ""next_midnight"": ""2025-07-21T02:40:32+00:00"", ""next_noon"": ""2025-07-20T14:40:27+00:00"", ""next_rising"": ""2025-07-21T08:56:45.447181+00:00"", ""next_setting"": ""2025-07-20T20:24:10.176365+00:00"", ""elevation"": 0.2, ""azimuth"": 68.94, ""rising"": true, ""friendly_name"": ""Sun""}"
2025-07-20T05:59:08.238959,sensor.upnp_igd_data_received,3475238819,3475361126,"{""state_class"": ""total_increasing"", ""unit_of_measurement"": ""B"", ""device_class"": ""data_size"", ""friendly_name"": ""UPNP IGD Data received""}"
2025-07-20T05:59:08.241561,sensor.upnp_igd_data_sent,1237426221,1237532776,"{""state_class"": ""total_increasing"", ""unit_of_measurement"": ""B"", ""device_class"": ""data_size"", ""friendly_name"": ""UPNP IGD Data sent""}"
2025-07-20T05:59:08.243178,sensor.upnp_igd_packets_received,9826954,9828325,"{""state_class"": ""total_increasing"", ""unit_of_measurement"": ""packets"", ""friendly_name"": ""UPNP IGD Packets received""}"
2025-07-20T05:59:08.244713,sensor.upnp_igd_packets_sent,4805288,4805940,"{""state_class"": ""total_increasing"", ""unit_of_measurement"": ""packets"", ""friendly_name"": ""UPNP IGD Packets sent""}"
2025-07-20T05:59:08.246087,sensor.upnp_igd_uptime,1753001845,1753001875,"{""unit_of_measurement"": ""s"", ""device_class"": ""duration"", ""friendly_name"": ""UPNP IGD Uptime""}"
2025-07-20T05:59:08.247573,sensor.upnp_igd_download_speed,4.06776945568442,3.98130771046264,"{""state_class"": ""measurement"", ""unit_of_measurement"": ""KiB/s"", ""device_class"": ""data_rate"", ""friendly_name"": ""UPNP IGD Download speed""}"
2025-07-20T05:59:08.249075,sensor.upnp_igd_upload_speed,4.40372006895669,3.46855243844053,"{""state_class"": ""measurement"", ""unit_of_measurement"": ""KiB/s"", ""device_class"": ""data_rate"", ""friendly_name"": ""UPNP IGD Upload speed""}"
2025-07-20T05:59:08.250485,sensor.upnp_igd_packet_download_speed,45.8351224309456,45.6995414812671,"{""state_class"": ""measurement"", ""unit_of_measurement"": ""packets/s"", ""friendly_name"": ""UPNP IGD Packet download speed""}"
2025-07-20T05:59:08.251938,sensor.upnp_igd_packet_upload_speed,24.1009407400536,21.7331152777434,"{""state_class"": ""measurement"", ""unit_of_measurement"": ""packets/s"", ""friendly_name"": ""UPNP IGD Packet upload speed""}"
2025-07-20T05:59:10.261678,automation.aut_status_bruno,on,on,"{""id"": ""1751855857509"", ""last_triggered"": ""2025-07-20T08:59:10.253885+00:00"", ""mode"": ""single"", ""current"": 1, ""friendly_name"": ""aut-status-bruno""}"
2025-07-20T05:59:10.266279,automation.aut_status_bruno,on,on,"{""id"": ""1751855857509"", ""last_triggered"": ""2025-07-20T08:59:10.253885+00:00"", ""mode"": ""single"", ""current"": 0, ""friendly_name"": ""aut-status-bruno""}"
2025-07-20T05:59:38.238592,sensor.upnp_igd_data_received,3475361126,3475484607,"{""state_class"": ""total_increasing"", ""unit_of_measurement"": ""B"", ""device_class"": ""data_size"", ""friendly_name"": ""UPNP IGD Data received""}"
2025-07-20T05:59:38.241771,sensor.upnp_igd_data_sent,1237532776,1237670521,"{""state_class"": ""total_increasing"", ""unit_of_measurement"": ""B"", ""device_class"": ""data_size"", ""friendly_name"": ""UPNP IGD Data sent""}"
2025-07-20T05:59:38.243416,sensor.upnp_igd_packets_received,9828325,9829684,"{""state_class"": ""total_increasing"", ""unit_of_measurement"": ""packets"", ""friendly_name"": ""UPNP IGD Packets received""}"
2025-07-20T05:59:38.244827,sensor.upnp_igd_packets_sent,4805940,4806703,"{""state_class"": ""total_increasing"", ""unit_of_measurement"": ""packets"", ""friendly_name"": ""UPNP IGD Packets sent""}"
2025-07-20T05:59:38.246173,sensor.upnp_igd_uptime,1753001875,1753001905,"{""unit_of_measurement"": ""s"", ""device_class"": ""duration"", ""friendly_name"": ""UPNP IGD Uptime""}"
2025-07-20T05:59:38.247646,sensor.upnp_igd_download_speed,3.98130771046264,4.01945889420619,"{""state_class"": ""measurement"", ""unit_of_measurement"": ""KiB/s"", ""device_class"": ""data_rate"", ""friendly_name"": ""UPNP IGD Download speed""}"
2025-07-20T05:59:38.249108,sensor.upnp_igd_upload_speed,3.46855243844053,4.48376969236103,"{""state_class"": ""measurement"", ""unit_of_measurement"": ""KiB/s"", ""device_class"": ""data_rate"", ""friendly_name"": ""UPNP IGD Upload speed""}"
2025-07-20T05:59:38.250501,sensor.upnp_igd_packet_download_speed,45.6995414812671,45.298817700858,"{""state_class"": ""measurement"", ""unit_of_measurement"": ""packets/s"", ""friendly_name"": ""UPNP IGD Packet download speed""}"
2025-07-20T05:59:38.251951,sensor.upnp_igd_packet_upload_speed,21.7331152777434,25.4326695406583,"{""state_class"": ""measurement"", ""unit_of_measurement"": ""packets/s"", ""friendly_name"": ""UPNP IGD Packet upload speed""}"
