timestamp,entity_id,old_state,new_state,attributes
2025-07-25T06:00:00.580518,sun.sun,above_horizon,above_horizon,"{""next_dawn"": ""2025-07-26T08:32:54.909961+00:00"", ""next_dusk"": ""2025-07-25T20:48:15.098712+00:00"", ""next_midnight"": ""2025-07-26T02:40:37+00:00"", ""next_noon"": ""2025-07-25T14:40:37+00:00"", ""next_rising"": ""2025-07-26T08:55:47.118508+00:00"", ""next_setting"": ""2025-07-25T20:25:21.448131+00:00"", ""elevation"": 0.59, ""azimuth"": 69.87, ""rising"": true, ""friendly_name"": ""Sun""}"
2025-07-25T06:00:09.238753,sensor.upnp_igd_data_received,2302204626,2320259902,"{""state_class"": ""total_increasing"", ""unit_of_measurement"": ""B"", ""device_class"": ""data_size"", ""friendly_name"": ""UPNP IGD Data received""}"
2025-07-25T06:00:09.240905,sensor.upnp_igd_data_sent,2893723211,2893835237,"{""state_class"": ""total_increasing"", ""unit_of_measurement"": ""B"", ""device_class"": ""data_size"", ""friendly_name"": ""UPNP IGD Data sent""}"
2025-07-25T06:00:09.242802,sensor.upnp_igd_packets_received,32277094,32290279,"{""state_class"": ""total_increasing"", ""unit_of_measurement"": ""packets"", ""friendly_name"": ""UPNP IGD Packets received""}"
2025-07-25T06:00:09.245214,sensor.upnp_igd_packets_sent,10400079,10400991,"{""state_class"": ""total_increasing"", ""unit_of_measurement"": ""packets"", ""friendly_name"": ""UPNP IGD Packets sent""}"
2025-07-25T06:00:09.246518,sensor.upnp_igd_uptime,250536,250566,"{""unit_of_measurement"": ""s"", ""device_class"": ""duration"", ""friendly_name"": ""UPNP IGD Uptime""}"
2025-07-25T06:00:09.248250,sensor.upnp_igd_download_speed,2.39880749525554,587.742452103043,"{""state_class"": ""measurement"", ""unit_of_measurement"": ""KiB/s"", ""device_class"": ""data_rate"", ""friendly_name"": ""UPNP IGD Download speed""}"
2025-07-25T06:00:09.249993,sensor.upnp_igd_upload_speed,0.312367105309561,3.64671445284445,"{""state_class"": ""measurement"", ""unit_of_measurement"": ""KiB/s"", ""device_class"": ""data_rate"", ""friendly_name"": ""UPNP IGD Upload speed""}"
2025-07-25T06:00:09.251707,sensor.upnp_igd_packet_download_speed,34.7663676759047,439.504189939944,"{""state_class"": ""measurement"", ""unit_of_measurement"": ""packets/s"", ""friendly_name"": ""UPNP IGD Packet download speed""}"
2025-07-25T06:00:09.253897,sensor.upnp_igd_packet_upload_speed,2.73330982686882,30.4002898160962,"{""state_class"": ""measurement"", ""unit_of_measurement"": ""packets/s"", ""friendly_name"": ""UPNP IGD Packet upload speed""}"
2025-07-25T06:00:10.263977,automation.aut_status_bruno,on,on,"{""id"": ""1751855857509"", ""last_triggered"": ""2025-07-25T09:00:10.256722+00:00"", ""mode"": ""single"", ""current"": 1, ""friendly_name"": ""aut-status-bruno""}"
2025-07-25T06:00:10.266674,automation.aut_status_bruno,on,on,"{""id"": ""1751855857509"", ""last_triggered"": ""2025-07-25T09:00:10.256722+00:00"", ""mode"": ""single"", ""current"": 0, ""friendly_name"": ""aut-status-bruno""}"
2025-07-25T06:00:39.255716,sensor.upnp_igd_data_received,2320259902,2320343786,"{""state_class"": ""total_increasing"", ""unit_of_measurement"": ""B"", ""device_class"": ""data_size"", ""friendly_name"": ""UPNP IGD Data received""}"
2025-07-25T06:00:39.257214,sensor.upnp_igd_data_sent,2893835237,2893844399,"{""state_class"": ""total_increasing"", ""unit_of_measurement"": ""B"", ""device_class"": ""data_size"", ""friendly_name"": ""UPNP IGD Data sent""}"
2025-07-25T06:00:39.258450,sensor.upnp_igd_packets_received,32290279,32291337,"{""state_class"": ""total_increasing"", ""unit_of_measurement"": ""packets"", ""friendly_name"": ""UPNP IGD Packets received""}"
2025-07-25T06:00:39.259827,sensor.upnp_igd_packets_sent,10400991,10401059,"{""state_class"": ""total_increasing"", ""unit_of_measurement"": ""packets"", ""friendly_name"": ""UPNP IGD Packets sent""}"
2025-07-25T06:00:39.261507,sensor.upnp_igd_uptime,250566,250596,"{""unit_of_measurement"": ""s"", ""device_class"": ""duration"", ""friendly_name"": ""UPNP IGD Uptime""}"
2025-07-25T06:00:39.263271,sensor.upnp_igd_download_speed,587.742452103043,2.73049902206913,"{""state_class"": ""measurement"", ""unit_of_measurement"": ""KiB/s"", ""device_class"": ""data_rate"", ""friendly_name"": ""UPNP IGD Download speed""}"
2025-07-25T06:00:39.265096,sensor.upnp_igd_upload_speed,3.64671445284445,0.298231272235436,"{""state_class"": ""measurement"", ""unit_of_measurement"": ""KiB/s"", ""device_class"": ""data_rate"", ""friendly_name"": ""UPNP IGD Upload speed""}"
2025-07-25T06:00:39.266772,sensor.upnp_igd_packet_download_speed,439.504189939944,35.2653759539068,"{""state_class"": ""measurement"", ""unit_of_measurement"": ""packets/s"", ""friendly_name"": ""UPNP IGD Packet download speed""}"
2025-07-25T06:00:39.268506,sensor.upnp_igd_packet_upload_speed,30.4002898160962,2.26658370970289,"{""state_class"": ""measurement"", ""unit_of_measurement"": ""packets/s"", ""friendly_name"": ""UPNP IGD Packet upload speed""}"
2025-07-25T06:01:09.237447,sensor.upnp_igd_data_received,2320343786,2320489819,"{""state_class"": ""total_increasing"", ""unit_of_measurement"": ""B"", ""device_class"": ""data_size"", ""friendly_name"": ""UPNP IGD Data received""}"
2025-07-25T06:01:09.240416,sensor.upnp_igd_data_sent,2893844399,2893869556,"{""state_class"": ""total_increasing"", ""unit_of_measurement"": ""B"", ""device_class"": ""data_size"", ""friendly_name"": ""UPNP IGD Data sent""}"
2025-07-25T06:01:09.241879,sensor.upnp_igd_packets_received,32291337,32292488,"{""state_class"": ""total_increasing"", ""unit_of_measurement"": ""packets"", ""friendly_name"": ""UPNP IGD Packets received""}"
2025-07-25T06:01:09.243269,sensor.upnp_igd_packets_sent,10401059,10401185,"{""state_class"": ""total_increasing"", ""unit_of_measurement"": ""packets"", ""friendly_name"": ""UPNP IGD Packets sent""}"
2025-07-25T06:01:09.244688,sensor.upnp_igd_uptime,250596,250626,"{""unit_of_measurement"": ""s"", ""device_class"": ""duration"", ""friendly_name"": ""UPNP IGD Uptime""}"
2025-07-25T06:01:09.246085,sensor.upnp_igd_download_speed,2.73049902206913,4.7538151368321,"{""state_class"": ""measurement"", ""unit_of_measurement"": ""KiB/s"", ""device_class"": ""data_rate"", ""friendly_name"": ""UPNP IGD Download speed""}"
2025-07-25T06:01:09.247509,sensor.upnp_igd_upload_speed,0.298231272235436,0.818936318484762,"{""state_class"": ""measurement"", ""unit_of_measurement"": ""KiB/s"", ""device_class"": ""data_rate"", ""friendly_name"": ""UPNP IGD Upload speed""}"
2025-07-25T06:01:09.248972,sensor.upnp_igd_packet_download_speed,35.2653759539068,38.3677703795279,"{""state_class"": ""measurement"", ""unit_of_measurement"": ""packets/s"", ""friendly_name"": ""UPNP IGD Packet download speed""}"
2025-07-25T06:01:09.250341,sensor.upnp_igd_packet_upload_speed,2.26658370970289,4.20012082347569,"{""state_class"": ""measurement"", ""unit_of_measurement"": ""packets/s"", ""friendly_name"": ""UPNP IGD Packet upload speed""}"
2025-07-25T06:01:10.260752,automation.aut_status_bruno,on,on,"{""id"": ""1751855857509"", ""last_triggered"": ""2025-07-25T09:01:10.252536+00:00"", ""mode"": ""single"", ""current"": 1, ""friendly_name"": ""aut-status-bruno""}"
2025-07-25T06:01:10.262838,automation.aut_status_bruno,on,on,"{""id"": ""1751855857509"", ""last_triggered"": ""2025-07-25T09:01:10.252536+00:00"", ""mode"": ""single"", ""current"": 0, ""friendly_name"": ""aut-status-bruno""}"
2025-07-25T06:01:39.239569,sensor.upnp_igd_data_received,2320489819,2320555025,"{""state_class"": ""total_increasing"", ""unit_of_measurement"": ""B"", ""device_class"": ""data_size"", ""friendly_name"": ""UPNP IGD Data received""}"
2025-07-25T06:01:39.241383,sensor.upnp_igd_data_sent,2893869556,2893872874,"{""state_class"": ""total_increasing"", ""unit_of_measurement"": ""B"", ""device_class"": ""data_size"", ""friendly_name"": ""UPNP IGD Data sent""}"
2025-07-25T06:01:39.242935,sensor.upnp_igd_packets_received,32292488,32293480,"{""state_class"": ""total_increasing"", ""unit_of_measurement"": ""packets"", ""friendly_name"": ""UPNP IGD Packets received""}"
2025-07-25T06:01:39.244368,sensor.upnp_igd_packets_sent,10401185,10401219,"{""state_class"": ""total_increasing"", ""unit_of_measurement"": ""packets"", ""friendly_name"": ""UPNP IGD Packets sent""}"
2025-07-25T06:01:39.245763,sensor.upnp_igd_uptime,250626,250656,"{""unit_of_measurement"": ""s"", ""device_class"": ""duration"", ""friendly_name"": ""UPNP IGD Uptime""}"
2025-07-25T06:01:39.247151,sensor.upnp_igd_download_speed,4.7538151368321,2.12252456931268,"{""state_class"": ""measurement"", ""unit_of_measurement"": ""KiB/s"", ""device_class"": ""data_rate"", ""friendly_name"": ""UPNP IGD Download speed""}"
2025-07-25T06:01:39.248575,sensor.upnp_igd_upload_speed,0.818936318484762,0.10800442476121,"{""state_class"": ""measurement"", ""unit_of_measurement"": ""KiB/s"", ""device_class"": ""data_rate"", ""friendly_name"": ""UPNP IGD Upload speed""}"
2025-07-25T06:01:39.249912,sensor.upnp_igd_packet_download_speed,38.3677703795279,33.0656295080878,"{""state_class"": ""measurement"", ""unit_of_measurement"": ""packets/s"", ""friendly_name"": ""UPNP IGD Packet download speed""}"
2025-07-25T06:01:39.251236,sensor.upnp_igd_packet_upload_speed,4.20012082347569,1.13329778555946,"{""state_class"": ""measurement"", ""unit_of_measurement"": ""packets/s"", ""friendly_name"": ""UPNP IGD Packet upload speed""}"
2025-07-25T06:02:00.581610,sun.sun,above_horizon,above_horizon,"{""next_dawn"": ""2025-07-26T08:32:54.909961+00:00"", ""next_dusk"": ""2025-07-25T20:48:15.098712+00:00"", ""next_midnight"": ""2025-07-26T02:40:37+00:00"", ""next_noon"": ""2025-07-25T14:40:37+00:00"", ""next_rising"": ""2025-07-26T08:55:47.118508+00:00"", ""next_setting"": ""2025-07-25T20:25:21.448131+00:00"", ""elevation"": 0.99, ""azimuth"": 69.76, ""rising"": true, ""friendly_name"": ""Sun""}"
2025-07-25T06:02:09.238377,sensor.upnp_igd_data_received,2320555025,2320630026,"{""state_class"": ""total_increasing"", ""unit_of_measurement"": ""B"", ""device_class"": ""data_size"", ""friendly_name"": ""UPNP IGD Data received""}"
2025-07-25T06:02:09.241249,sensor.upnp_igd_data_sent,2893872874,2893885402,"{""state_class"": ""total_increasing"", ""unit_of_measurement"": ""B"", ""device_class"": ""data_size"", ""friendly_name"": ""UPNP IGD Data sent""}"
2025-07-25T06:02:09.242619,sensor.upnp_igd_packets_received,32293480,32294554,"{""state_class"": ""total_increasing"", ""unit_of_measurement"": ""packets"", ""friendly_name"": ""UPNP IGD Packets received""}"
2025-07-25T06:02:09.244739,sensor.upnp_igd_packets_sent,10401219,10401289,"{""state_class"": ""total_increasing"", ""unit_of_measurement"": ""packets"", ""friendly_name"": ""UPNP IGD Packets sent""}"
2025-07-25T06:02:09.246474,sensor.upnp_igd_uptime,250656,250686,"{""unit_of_measurement"": ""s"", ""device_class"": ""duration"", ""friendly_name"": ""UPNP IGD Uptime""}"
2025-07-25T06:02:09.248350,sensor.upnp_igd_download_speed,2.12252456931268,2.44150862923013,"{""state_class"": ""measurement"", ""unit_of_measurement"": ""KiB/s"", ""device_class"": ""data_rate"", ""friendly_name"": ""UPNP IGD Download speed""}"
2025-07-25T06:02:09.250037,sensor.upnp_igd_upload_speed,0.10800442476121,0.407824163771084,"{""state_class"": ""measurement"", ""unit_of_measurement"": ""KiB/s"", ""device_class"": ""data_rate"", ""friendly_name"": ""UPNP IGD Upload speed""}"
2025-07-25T06:02:09.251798,sensor.upnp_igd_packet_download_speed,33.0656295080878,35.8010239092838,"{""state_class"": ""measurement"", ""unit_of_measurement"": ""packets/s"", ""friendly_name"": ""UPNP IGD Packet download speed""}"
2025-07-25T06:02:09.253537,sensor.upnp_igd_packet_upload_speed,1.13329778555946,2.33340006857529,"{""state_class"": ""measurement"", ""unit_of_measurement"": ""packets/s"", ""friendly_name"": ""UPNP IGD Packet upload speed""}"
2025-07-25T06:02:10.269502,automation.aut_status_bruno,on,on,"{""id"": ""1751855857509"", ""last_triggered"": ""2025-07-25T09:02:10.253246+00:00"", ""mode"": ""single"", ""current"": 1, ""friendly_name"": ""aut-status-bruno""}"
2025-07-25T06:02:10.275095,automation.aut_status_bruno,on,on,"{""id"": ""1751855857509"", ""last_triggered"": ""2025-07-25T09:02:10.253246+00:00"", ""mode"": ""single"", ""current"": 0, ""friendly_name"": ""aut-status-bruno""}"
2025-07-25T06:02:39.238419,sensor.upnp_igd_data_received,2320630026,2320712306,"{""state_class"": ""total_increasing"", ""unit_of_measurement"": ""B"", ""device_class"": ""data_size"", ""friendly_name"": ""UPNP IGD Data received""}"
2025-07-25T06:02:39.242055,sensor.upnp_igd_data_sent,2893885402,2893903506,"{""state_class"": ""total_increasing"", ""unit_of_measurement"": ""B"", ""device_class"": ""data_size"", ""friendly_name"": ""UPNP IGD Data sent""}"
2025-07-25T06:02:39.244109,sensor.upnp_igd_packets_received,32294554,32295673,"{""state_class"": ""total_increasing"", ""unit_of_measurement"": ""packets"", ""friendly_name"": ""UPNP IGD Packets received""}"
2025-07-25T06:02:39.245851,sensor.upnp_igd_packets_sent,10401289,10401385,"{""state_class"": ""total_increasing"", ""unit_of_measurement"": ""packets"", ""friendly_name"": ""UPNP IGD Packets sent""}"
2025-07-25T06:02:39.247439,sensor.upnp_igd_uptime,250686,250716,"{""unit_of_measurement"": ""s"", ""device_class"": ""duration"", ""friendly_name"": ""UPNP IGD Uptime""}"
2025-07-25T06:02:39.248925,sensor.upnp_igd_download_speed,2.44150862923013,2.67832801116963,"{""state_class"": ""measurement"", ""unit_of_measurement"": ""KiB/s"", ""device_class"": ""data_rate"", ""friendly_name"": ""UPNP IGD Download speed""}"
2025-07-25T06:02:39.250579,sensor.upnp_igd_upload_speed,0.407824163771084,0.589310285782875,"{""state_class"": ""measurement"", ""unit_of_measurement"": ""KiB/s"", ""device_class"": ""data_rate"", ""friendly_name"": ""UPNP IGD Upload speed""}"
2025-07-25T06:02:39.252483,sensor.upnp_igd_packet_download_speed,35.8010239092838,37.2992005538015,"{""state_class"": ""measurement"", ""unit_of_measurement"": ""packets/s"", ""friendly_name"": ""UPNP IGD Packet download speed""}"
2025-07-25T06:02:39.253995,sensor.upnp_igd_packet_upload_speed,2.33340006857529,3.19993141480334,"{""state_class"": ""measurement"", ""unit_of_measurement"": ""packets/s"", ""friendly_name"": ""UPNP IGD Packet upload speed""}"
2025-07-25T06:02:52.446562,camera.192_168_0_33,idle,idle,"{""access_token"": ""614b582f3e5f395b7561b0b760b20aed08b6e18d526540a7fd41e7ff54c04fc5"", ""entity_picture"": ""/api/camera_proxy/camera.192_168_0_33?token=614b582f3e5f395b7561b0b760b20aed08b6e18d526540a7fd41e7ff54c04fc5"", ""friendly_name"": ""192_168_0_14"", ""supported_features"": 2}"
2025-07-25T06:02:52.451418,camera.admin_mainstream,idle,idle,"{""access_token"": ""ed410b313a57c6d71a25ff7a112793e26167376e530606d579ac376f39242a80"", ""entity_picture"": ""/api/camera_proxy/camera.admin_mainstream?token=ed410b313a57c6d71a25ff7a112793e26167376e530606d579ac376f39242a80"", ""friendly_name"": ""admin MainStream"", ""supported_features"": 2}"
2025-07-25T06:02:52.457443,camera.admin_substream,idle,idle,"{""access_token"": ""c3d9c9ba0b29428b0deb25859cbf1b656853fc919b58c166f2a0b676a908d4af"", ""entity_picture"": ""/api/camera_proxy/camera.admin_substream?token=c3d9c9ba0b29428b0deb25859cbf1b656853fc919b58c166f2a0b676a908d4af"", ""friendly_name"": ""admin SubStream"", ""supported_features"": 2}"
2025-07-25T06:03:09.250213,sensor.upnp_igd_data_received,2320712306,2321057255,"{""state_class"": ""total_increasing"", ""unit_of_measurement"": ""B"", ""device_class"": ""data_size"", ""friendly_name"": ""UPNP IGD Data received""}"
2025-07-25T06:03:09.252304,sensor.upnp_igd_data_sent,2893903506,2893918621,"{""state_class"": ""total_increasing"", ""unit_of_measurement"": ""B"", ""device_class"": ""data_size"", ""friendly_name"": ""UPNP IGD Data sent""}"
2025-07-25T06:03:09.253821,sensor.upnp_igd_packets_received,32295673,32296978,"{""state_class"": ""total_increasing"", ""unit_of_measurement"": ""packets"", ""friendly_name"": ""UPNP IGD Packets received""}"
2025-07-25T06:03:09.255213,sensor.upnp_igd_packets_sent,10401385,10401521,"{""state_class"": ""total_increasing"", ""unit_of_measurement"": ""packets"", ""friendly_name"": ""UPNP IGD Packets sent""}"
2025-07-25T06:03:09.256697,sensor.upnp_igd_uptime,250716,250746,"{""unit_of_measurement"": ""s"", ""device_class"": ""duration"", ""friendly_name"": ""UPNP IGD Uptime""}"
2025-07-25T06:03:09.258125,sensor.upnp_igd_download_speed,2.67832801116963,11.2288658609659,"{""state_class"": ""measurement"", ""unit_of_measurement"": ""KiB/s"", ""device_class"": ""data_rate"", ""friendly_name"": ""UPNP IGD Download speed""}"
2025-07-25T06:03:09.259549,sensor.upnp_igd_upload_speed,0.589310285782875,0.492027248922303,"{""state_class"": ""measurement"", ""unit_of_measurement"": ""KiB/s"", ""device_class"": ""data_rate"", ""friendly_name"": ""UPNP IGD Upload speed""}"
2025-07-25T06:03:09.260951,sensor.upnp_igd_packet_download_speed,37.2992005538015,43.5002218511314,"{""state_class"": ""measurement"", ""unit_of_measurement"": ""packets/s"", ""friendly_name"": ""UPNP IGD Packet download speed""}"
2025-07-25T06:03:09.262306,sensor.upnp_igd_packet_upload_speed,3.19993141480334,4.53335645345125,"{""state_class"": ""measurement"", ""unit_of_measurement"": ""packets/s"", ""friendly_name"": ""UPNP IGD Packet upload speed""}"
2025-07-25T06:03:10.259200,automation.aut_status_bruno,on,on,"{""id"": ""1751855857509"", ""last_triggered"": ""2025-07-25T09:03:10.252706+00:00"", ""mode"": ""single"", ""current"": 1, ""friendly_name"": ""aut-status-bruno""}"
2025-07-25T06:03:10.261706,automation.aut_status_bruno,on,on,"{""id"": ""1751855857509"", ""last_triggered"": ""2025-07-25T09:03:10.252706+00:00"", ""mode"": ""single"", ""current"": 0, ""friendly_name"": ""aut-status-bruno""}"
2025-07-25T06:03:39.242952,sensor.upnp_igd_data_received,2321057255,2321122639,"{""state_class"": ""total_increasing"", ""unit_of_measurement"": ""B"", ""device_class"": ""data_size"", ""friendly_name"": ""UPNP IGD Data received""}"
2025-07-25T06:03:39.245646,sensor.upnp_igd_data_sent,2893918621,2893921602,"{""state_class"": ""total_increasing"", ""unit_of_measurement"": ""B"", ""device_class"": ""data_size"", ""friendly_name"": ""UPNP IGD Data sent""}"
2025-07-25T06:03:39.247296,sensor.upnp_igd_packets_received,32296978,32297973,"{""state_class"": ""total_increasing"", ""unit_of_measurement"": ""packets"", ""friendly_name"": ""UPNP IGD Packets received""}"
2025-07-25T06:03:39.248766,sensor.upnp_igd_packets_sent,10401521,10401555,"{""state_class"": ""total_increasing"", ""unit_of_measurement"": ""packets"", ""friendly_name"": ""UPNP IGD Packets sent""}"
2025-07-25T06:03:39.250062,sensor.upnp_igd_uptime,250746,250776,"{""unit_of_measurement"": ""s"", ""device_class"": ""duration"", ""friendly_name"": ""UPNP IGD Uptime""}"
2025-07-25T06:03:39.251543,sensor.upnp_igd_download_speed,11.2288658609659,2.12842230932003,"{""state_class"": ""measurement"", ""unit_of_measurement"": ""KiB/s"", ""device_class"": ""data_rate"", ""friendly_name"": ""UPNP IGD Download speed""}"
2025-07-25T06:03:39.253008,sensor.upnp_igd_upload_speed,0.492027248922303,0.0970394424336689,"{""state_class"": ""measurement"", ""unit_of_measurement"": ""KiB/s"", ""device_class"": ""data_rate"", ""friendly_name"": ""UPNP IGD Upload speed""}"
2025-07-25T06:03:39.254418,sensor.upnp_igd_packet_download_speed,43.5002218511314,33.1672415655205,"{""state_class"": ""measurement"", ""unit_of_measurement"": ""packets/s"", ""friendly_name"": ""UPNP IGD Packet download speed""}"
2025-07-25T06:03:39.255829,sensor.upnp_igd_packet_upload_speed,4.53335645345125,1.13335297811829,"{""state_class"": ""measurement"", ""unit_of_measurement"": ""packets/s"", ""friendly_name"": ""UPNP IGD Packet upload speed""}"
2025-07-25T06:04:00.582491,sun.sun,above_horizon,above_horizon,"{""next_dawn"": ""2025-07-26T08:32:54.909961+00:00"", ""next_dusk"": ""2025-07-25T20:48:15.098712+00:00"", ""next_midnight"": ""2025-07-26T02:40:37+00:00"", ""next_noon"": ""2025-07-25T14:40:37+00:00"", ""next_rising"": ""2025-07-26T08:55:47.118508+00:00"", ""next_setting"": ""2025-07-25T20:25:21.448131+00:00"", ""elevation"": 1.4, ""azimuth"": 69.65, ""rising"": true, ""friendly_name"": ""Sun""}"
2025-07-25T06:04:09.238883,sensor.upnp_igd_data_received,2321122639,2321195422,"{""state_class"": ""total_increasing"", ""unit_of_measurement"": ""B"", ""device_class"": ""data_size"", ""friendly_name"": ""UPNP IGD Data received""}"
2025-07-25T06:04:09.241394,sensor.upnp_igd_data_sent,2893921602,2893930877,"{""state_class"": ""total_increasing"", ""unit_of_measurement"": ""B"", ""device_class"": ""data_size"", ""friendly_name"": ""UPNP IGD Data sent""}"
2025-07-25T06:04:09.242890,sensor.upnp_igd_packets_received,32297973,32299015,"{""state_class"": ""total_increasing"", ""unit_of_measurement"": ""packets"", ""friendly_name"": ""UPNP IGD Packets received""}"
2025-07-25T06:04:09.244312,sensor.upnp_igd_packets_sent,10401555,10401618,"{""state_class"": ""total_increasing"", ""unit_of_measurement"": ""packets"", ""friendly_name"": ""UPNP IGD Packets sent""}"
2025-07-25T06:04:09.245660,sensor.upnp_igd_uptime,250776,250806,"{""unit_of_measurement"": ""s"", ""device_class"": ""duration"", ""friendly_name"": ""UPNP IGD Uptime""}"
2025-07-25T06:04:09.247094,sensor.upnp_igd_download_speed,2.12842230932003,2.36918655401024,"{""state_class"": ""measurement"", ""unit_of_measurement"": ""KiB/s"", ""device_class"": ""data_rate"", ""friendly_name"": ""UPNP IGD Download speed""}"
2025-07-25T06:04:09.248618,sensor.upnp_igd_upload_speed,0.0970394424336689,0.301913981128079,"{""state_class"": ""measurement"", ""unit_of_measurement"": ""KiB/s"", ""device_class"": ""data_rate"", ""friendly_name"": ""UPNP IGD Upload speed""}"
2025-07-25T06:04:09.249971,sensor.upnp_igd_packet_download_speed,33.1672415655205,34.7325750054457,"{""state_class"": ""measurement"", ""unit_of_measurement"": ""packets/s"", ""friendly_name"": ""UPNP IGD Packet download speed""}"
2025-07-25T06:04:09.251291,sensor.upnp_igd_packet_upload_speed,1.13335297811829,2.09995415100104,"{""state_class"": ""measurement"", ""unit_of_measurement"": ""packets/s"", ""friendly_name"": ""UPNP IGD Packet upload speed""}"
2025-07-25T06:04:10.259166,automation.aut_status_bruno,on,on,"{""id"": ""1751855857509"", ""last_triggered"": ""2025-07-25T09:04:10.252787+00:00"", ""mode"": ""single"", ""current"": 1, ""friendly_name"": ""aut-status-bruno""}"
2025-07-25T06:04:10.261404,automation.aut_status_bruno,on,on,"{""id"": ""1751855857509"", ""last_triggered"": ""2025-07-25T09:04:10.252787+00:00"", ""mode"": ""single"", ""current"": 0, ""friendly_name"": ""aut-status-bruno""}"
2025-07-25T06:04:39.251619,sensor.upnp_igd_data_received,2321195422,2321264195,"{""state_class"": ""total_increasing"", ""unit_of_measurement"": ""B"", ""device_class"": ""data_size"", ""friendly_name"": ""UPNP IGD Data received""}"
2025-07-25T06:04:39.254830,sensor.upnp_igd_data_sent,2893930877,2893935754,"{""state_class"": ""total_increasing"", ""unit_of_measurement"": ""B"", ""device_class"": ""data_size"", ""friendly_name"": ""UPNP IGD Data sent""}"
2025-07-25T06:04:39.256504,sensor.upnp_igd_packets_received,32299015,32300044,"{""state_class"": ""total_increasing"", ""unit_of_measurement"": ""packets"", ""friendly_name"": ""UPNP IGD Packets received""}"
2025-07-25T06:04:39.257931,sensor.upnp_igd_packets_sent,10401618,10401665,"{""state_class"": ""total_increasing"", ""unit_of_measurement"": ""packets"", ""friendly_name"": ""UPNP IGD Packets sent""}"
2025-07-25T06:04:39.259308,sensor.upnp_igd_uptime,250806,250836,"{""unit_of_measurement"": ""s"", ""device_class"": ""duration"", ""friendly_name"": ""UPNP IGD Uptime""}"
2025-07-25T06:04:39.260791,sensor.upnp_igd_download_speed,2.36918655401024,2.23874539612408,"{""state_class"": ""measurement"", ""unit_of_measurement"": ""KiB/s"", ""device_class"": ""data_rate"", ""friendly_name"": ""UPNP IGD Download speed""}"
2025-07-25T06:04:39.262181,sensor.upnp_igd_upload_speed,0.301913981128079,0.158759415713974,"{""state_class"": ""measurement"", ""unit_of_measurement"": ""KiB/s"", ""device_class"": ""data_rate"", ""friendly_name"": ""UPNP IGD Upload speed""}"
2025-07-25T06:04:39.263620,sensor.upnp_igd_packet_download_speed,34.7325750054457,34.3006277014869,"{""state_class"": ""measurement"", ""unit_of_measurement"": ""packets/s"", ""friendly_name"": ""UPNP IGD Packet download speed""}"
2025-07-25T06:04:39.265062,sensor.upnp_igd_packet_upload_speed,2.09995415100104,1.56669533719134,"{""state_class"": ""measurement"", ""unit_of_measurement"": ""packets/s"", ""friendly_name"": ""UPNP IGD Packet upload speed""}"
2025-07-25T06:05:08.542941,sensor.tauntaum_energy,222.494,222.502,"{""state_class"": ""total_increasing"", ""unit_of_measurement"": ""kWh"", ""device_class"": ""energy"", ""friendly_name"": ""Tauntaum Energy""}"
2025-07-25T06:05:08.545112,sensor.tauntaum_power,45,46,"{""state_class"": ""measurement"", ""power_consumption_start"": ""2025-07-25T08:53:58Z"", ""power_consumption_end"": ""2025-07-25T09:05:08Z"", ""unit_of_measurement"": ""W"", ""device_class"": ""power"", ""friendly_name"": ""Tauntaum Power""}"
2025-07-25T06:05:08.546645,sensor.tauntaum_energy_difference,0.01,0.008,"{""state_class"": ""total"", ""unit_of_measurement"": ""kWh"", ""device_class"": ""energy"", ""friendly_name"": ""Tauntaum Energy difference""}"
2025-07-25T06:05:08.548124,sensor.tauntaum_power_energy,0.0100384938899014,0.00838048749864101,"{""state_class"": ""total"", ""unit_of_measurement"": ""kWh"", ""device_class"": ""energy"", ""friendly_name"": ""Tauntaum Power energy""}"
2025-07-25T06:05:08.549529,sensor.tauntaum_energy_saved,0.001,0.0,"{""state_class"": ""total_increasing"", ""unit_of_measurement"": ""kWh"", ""device_class"": ""energy"", ""friendly_name"": ""Tauntaum Energy saved""}"
2025-07-25T06:05:09.244947,sensor.upnp_igd_data_received,2321264195,2321337258,"{""state_class"": ""total_increasing"", ""unit_of_measurement"": ""B"", ""device_class"": ""data_size"", ""friendly_name"": ""UPNP IGD Data received""}"
2025-07-25T06:05:09.252138,sensor.upnp_igd_data_sent,2893935754,2893943761,"{""state_class"": ""total_increasing"", ""unit_of_measurement"": ""B"", ""device_class"": ""data_size"", ""friendly_name"": ""UPNP IGD Data sent""}"
2025-07-25T06:05:09.253992,sensor.upnp_igd_packets_received,32300044,32301088,"{""state_class"": ""total_increasing"", ""unit_of_measurement"": ""packets"", ""friendly_name"": ""UPNP IGD Packets received""}"
2025-07-25T06:05:09.258042,sensor.upnp_igd_packets_sent,10401665,10401717,"{""state_class"": ""total_increasing"", ""unit_of_measurement"": ""packets"", ""friendly_name"": ""UPNP IGD Packets sent""}"
2025-07-25T06:05:09.261108,sensor.upnp_igd_uptime,250836,250866,"{""unit_of_measurement"": ""s"", ""device_class"": ""duration"", ""friendly_name"": ""UPNP IGD Uptime""}"
2025-07-25T06:05:09.263671,sensor.upnp_igd_download_speed,2.23874539612408,2.3782510754373,"{""state_class"": ""measurement"", ""unit_of_measurement"": ""KiB/s"", ""device_class"": ""data_rate"", ""friendly_name"": ""UPNP IGD Download speed""}"
2025-07-25T06:05:09.266059,sensor.upnp_igd_upload_speed,0.158759415713974,0.260633376141501,"{""state_class"": ""measurement"", ""unit_of_measurement"": ""KiB/s"", ""device_class"": ""data_rate"", ""friendly_name"": ""UPNP IGD Upload speed""}"
2025-07-25T06:05:09.268562,sensor.upnp_igd_packet_download_speed,34.3006277014869,34.7985106237453,"{""state_class"": ""measurement"", ""unit_of_measurement"": ""packets/s"", ""friendly_name"": ""UPNP IGD Packet download speed""}"
2025-07-25T06:05:09.270959,sensor.upnp_igd_packet_upload_speed,1.56669533719134,1.73325914984172,"{""state_class"": ""measurement"", ""unit_of_measurement"": ""packets/s"", ""friendly_name"": ""UPNP IGD Packet upload speed""}"
2025-07-25T06:05:10.258636,automation.aut_status_bruno,on,on,"{""id"": ""1751855857509"", ""last_triggered"": ""2025-07-25T09:05:10.252219+00:00"", ""mode"": ""single"", ""current"": 1, ""friendly_name"": ""aut-status-bruno""}"
2025-07-25T06:05:10.261052,automation.aut_status_bruno,on,on,"{""id"": ""1751855857509"", ""last_triggered"": ""2025-07-25T09:05:10.252219+00:00"", ""mode"": ""single"", ""current"": 0, ""friendly_name"": ""aut-status-bruno""}"
2025-07-25T06:05:39.238629,sensor.upnp_igd_data_received,2321337258,2321403988,"{""state_class"": ""total_increasing"", ""unit_of_measurement"": ""B"", ""device_class"": ""data_size"", ""friendly_name"": ""UPNP IGD Data received""}"
2025-07-25T06:05:39.241864,sensor.upnp_igd_data_sent,2893943761,2893947358,"{""state_class"": ""total_increasing"", ""unit_of_measurement"": ""B"", ""device_class"": ""data_size"", ""friendly_name"": ""UPNP IGD Data sent""}"
2025-07-25T06:05:39.243746,sensor.upnp_igd_packets_received,32301088,32302105,"{""state_class"": ""total_increasing"", ""unit_of_measurement"": ""packets"", ""friendly_name"": ""UPNP IGD Packets received""}"
2025-07-25T06:05:39.245428,sensor.upnp_igd_packets_sent,10401717,10401756,"{""state_class"": ""total_increasing"", ""unit_of_measurement"": ""packets"", ""friendly_name"": ""UPNP IGD Packets sent""}"
2025-07-25T06:05:39.246865,sensor.upnp_igd_uptime,250866,250896,"{""unit_of_measurement"": ""s"", ""device_class"": ""duration"", ""friendly_name"": ""UPNP IGD Uptime""}"
2025-07-25T06:05:39.248451,sensor.upnp_igd_download_speed,2.3782510754373,2.17230558801361,"{""state_class"": ""measurement"", ""unit_of_measurement"": ""KiB/s"", ""device_class"": ""data_rate"", ""friendly_name"": ""UPNP IGD Download speed""}"
2025-07-25T06:05:39.249891,sensor.upnp_igd_upload_speed,0.260633376141501,0.117095507269368,"{""state_class"": ""measurement"", ""unit_of_measurement"": ""KiB/s"", ""device_class"": ""data_rate"", ""friendly_name"": ""UPNP IGD Upload speed""}"
2025-07-25T06:05:39.251249,sensor.upnp_igd_packet_download_speed,34.7985106237453,33.9016397093073,"{""state_class"": ""measurement"", ""unit_of_measurement"": ""packets/s"", ""friendly_name"": ""UPNP IGD Packet download speed""}"
2025-07-25T06:05:39.252790,sensor.upnp_igd_packet_upload_speed,1.73325914984172,1.30006287970795,"{""state_class"": ""measurement"", ""unit_of_measurement"": ""packets/s"", ""friendly_name"": ""UPNP IGD Packet upload speed""}"
2025-07-25T06:06:00.583253,sun.sun,above_horizon,above_horizon,"{""next_dawn"": ""2025-07-26T08:32:54.909961+00:00"", ""next_dusk"": ""2025-07-25T20:48:15.098712+00:00"", ""next_midnight"": ""2025-07-26T02:40:37+00:00"", ""next_noon"": ""2025-07-25T14:40:37+00:00"", ""next_rising"": ""2025-07-26T08:55:47.118508+00:00"", ""next_setting"": ""2025-07-25T20:25:21.448131+00:00"", ""elevation"": 1.82, ""azimuth"": 69.53, ""rising"": true, ""friendly_name"": ""Sun""}"
2025-07-25T06:06:09.239471,sensor.upnp_igd_data_received,2321403988,2321476500,"{""state_class"": ""total_increasing"", ""unit_of_measurement"": ""B"", ""device_class"": ""data_size"", ""friendly_name"": ""UPNP IGD Data received""}"
2025-07-25T06:06:09.241310,sensor.upnp_igd_data_sent,2893947358,2893954960,"{""state_class"": ""total_increasing"", ""unit_of_measurement"": ""B"", ""device_class"": ""data_size"", ""friendly_name"": ""UPNP IGD Data sent""}"
2025-07-25T06:06:09.242808,sensor.upnp_igd_packets_received,32302105,32303146,"{""state_class"": ""total_increasing"", ""unit_of_measurement"": ""packets"", ""friendly_name"": ""UPNP IGD Packets received""}"
2025-07-25T06:06:09.244270,sensor.upnp_igd_packets_sent,10401756,10401808,"{""state_class"": ""total_increasing"", ""unit_of_measurement"": ""packets"", ""friendly_name"": ""UPNP IGD Packets sent""}"
2025-07-25T06:06:09.245643,sensor.upnp_igd_uptime,250896,250926,"{""unit_of_measurement"": ""s"", ""device_class"": ""duration"", ""friendly_name"": ""UPNP IGD Uptime""}"
2025-07-25T06:06:09.247039,sensor.upnp_igd_download_speed,2.17230558801361,2.36035104890751,"{""state_class"": ""measurement"", ""unit_of_measurement"": ""KiB/s"", ""device_class"": ""data_rate"", ""friendly_name"": ""UPNP IGD Download speed""}"
2025-07-25T06:06:09.248481,sensor.upnp_igd_upload_speed,0.117095507269368,0.24745405827718,"{""state_class"": ""measurement"", ""unit_of_measurement"": ""KiB/s"", ""device_class"": ""data_rate"", ""friendly_name"": ""UPNP IGD Upload speed""}"
2025-07-25T06:06:09.249888,sensor.upnp_igd_packet_download_speed,33.9016397093073,34.6990353668168,"{""state_class"": ""measurement"", ""unit_of_measurement"": ""packets/s"", ""friendly_name"": ""UPNP IGD Packet download speed""}"
2025-07-25T06:06:09.251355,sensor.upnp_igd_packet_upload_speed,1.30006287970795,1.73328514800622,"{""state_class"": ""measurement"", ""unit_of_measurement"": ""packets/s"", ""friendly_name"": ""UPNP IGD Packet upload speed""}"
2025-07-25T06:06:10.262382,automation.aut_status_bruno,on,on,"{""id"": ""1751855857509"", ""last_triggered"": ""2025-07-25T09:06:10.253088+00:00"", ""mode"": ""single"", ""current"": 1, ""friendly_name"": ""aut-status-bruno""}"
2025-07-25T06:06:10.265609,automation.aut_status_bruno,on,on,"{""id"": ""1751855857509"", ""last_triggered"": ""2025-07-25T09:06:10.253088+00:00"", ""mode"": ""single"", ""current"": 0, ""friendly_name"": ""aut-status-bruno""}"
2025-07-25T06:06:39.253890,sensor.upnp_igd_data_received,2321476500,2321558442,"{""state_class"": ""total_increasing"", ""unit_of_measurement"": ""B"", ""device_class"": ""data_size"", ""friendly_name"": ""UPNP IGD Data received""}"
2025-07-25T06:06:39.256439,sensor.upnp_igd_data_sent,2893954960,2893974771,"{""state_class"": ""total_increasing"", ""unit_of_measurement"": ""B"", ""device_class"": ""data_size"", ""friendly_name"": ""UPNP IGD Data sent""}"
2025-07-25T06:06:39.257940,sensor.upnp_igd_packets_received,32303146,32304223,"{""state_class"": ""total_increasing"", ""unit_of_measurement"": ""packets"", ""friendly_name"": ""UPNP IGD Packets received""}"
2025-07-25T06:06:39.259393,sensor.upnp_igd_packets_sent,10401808,10401887,"{""state_class"": ""total_increasing"", ""unit_of_measurement"": ""packets"", ""friendly_name"": ""UPNP IGD Packets sent""}"
2025-07-25T06:06:39.260794,sensor.upnp_igd_uptime,250926,250956,"{""unit_of_measurement"": ""s"", ""device_class"": ""duration"", ""friendly_name"": ""UPNP IGD Uptime""}"
2025-07-25T06:06:39.262351,sensor.upnp_igd_download_speed,2.36035104890751,2.66741855590865,"{""state_class"": ""measurement"", ""unit_of_measurement"": ""KiB/s"", ""device_class"": ""data_rate"", ""friendly_name"": ""UPNP IGD Download speed""}"
2025-07-25T06:06:39.263915,sensor.upnp_igd_upload_speed,0.24745405827718,0.644897964549392,"{""state_class"": ""measurement"", ""unit_of_measurement"": ""KiB/s"", ""device_class"": ""data_rate"", ""friendly_name"": ""UPNP IGD Upload speed""}"
2025-07-25T06:06:39.265313,sensor.upnp_igd_packet_download_speed,34.6990353668168,35.9004810664463,"{""state_class"": ""measurement"", ""unit_of_measurement"": ""packets/s"", ""friendly_name"": ""UPNP IGD Packet download speed""}"
2025-07-25T06:06:39.266693,sensor.upnp_igd_packet_upload_speed,1.73328514800622,2.63336862047285,"{""state_class"": ""measurement"", ""unit_of_measurement"": ""packets/s"", ""friendly_name"": ""UPNP IGD Packet upload speed""}"
2025-07-25T06:07:09.241224,sensor.upnp_igd_data_received,2321558442,2321631307,"{""state_class"": ""total_increasing"", ""unit_of_measurement"": ""B"", ""device_class"": ""data_size"", ""friendly_name"": ""UPNP IGD Data received""}"
2025-07-25T06:07:09.242977,sensor.upnp_igd_data_sent,2893974771,2893982580,"{""state_class"": ""total_increasing"", ""unit_of_measurement"": ""B"", ""device_class"": ""data_size"", ""friendly_name"": ""UPNP IGD Data sent""}"
2025-07-25T06:07:09.244492,sensor.upnp_igd_packets_received,32304223,32305274,"{""state_class"": ""total_increasing"", ""unit_of_measurement"": ""packets"", ""friendly_name"": ""UPNP IGD Packets received""}"
2025-07-25T06:07:09.245886,sensor.upnp_igd_packets_sent,10401887,10401941,"{""state_class"": ""total_increasing"", ""unit_of_measurement"": ""packets"", ""friendly_name"": ""UPNP IGD Packets sent""}"
2025-07-25T06:07:09.247234,sensor.upnp_igd_uptime,250956,250986,"{""unit_of_measurement"": ""s"", ""device_class"": ""duration"", ""friendly_name"": ""UPNP IGD Uptime""}"
2025-07-25T06:07:09.248692,sensor.upnp_igd_download_speed,2.66741855590865,2.37194352656015,"{""state_class"": ""measurement"", ""unit_of_measurement"": ""KiB/s"", ""device_class"": ""data_rate"", ""friendly_name"": ""UPNP IGD Download speed""}"
2025-07-25T06:07:09.250093,sensor.upnp_igd_upload_speed,0.644897964549392,0.254203074163291,"{""state_class"": ""measurement"", ""unit_of_measurement"": ""KiB/s"", ""device_class"": ""data_rate"", ""friendly_name"": ""UPNP IGD Upload speed""}"
2025-07-25T06:07:09.251561,sensor.upnp_igd_packet_download_speed,35.9004810664463,35.033864680281,"{""state_class"": ""measurement"", ""unit_of_measurement"": ""packets/s"", ""friendly_name"": ""UPNP IGD Packet download speed""}"
2025-07-25T06:07:09.252998,sensor.upnp_igd_packet_upload_speed,2.63336862047285,1.80002730041406,"{""state_class"": ""measurement"", ""unit_of_measurement"": ""packets/s"", ""friendly_name"": ""UPNP IGD Packet upload speed""}"
2025-07-25T06:07:10.278556,automation.aut_status_bruno,on,on,"{""id"": ""1751855857509"", ""last_triggered"": ""2025-07-25T09:07:10.260022+00:00"", ""mode"": ""single"", ""current"": 1, ""friendly_name"": ""aut-status-bruno""}"
2025-07-25T06:07:10.282832,automation.aut_status_bruno,on,on,"{""id"": ""1751855857509"", ""last_triggered"": ""2025-07-25T09:07:10.260022+00:00"", ""mode"": ""single"", ""current"": 0, ""friendly_name"": ""aut-status-bruno""}"
2025-07-25T06:07:39.238562,sensor.upnp_igd_data_received,2321631307,2321709099,"{""state_class"": ""total_increasing"", ""unit_of_measurement"": ""B"", ""device_class"": ""data_size"", ""friendly_name"": ""UPNP IGD Data received""}"
2025-07-25T06:07:39.241277,sensor.upnp_igd_data_sent,2893982580,2893996903,"{""state_class"": ""total_increasing"", ""unit_of_measurement"": ""B"", ""device_class"": ""data_size"", ""friendly_name"": ""UPNP IGD Data sent""}"
2025-07-25T06:07:39.242686,sensor.upnp_igd_packets_received,32305274,32306325,"{""state_class"": ""total_increasing"", ""unit_of_measurement"": ""packets"", ""friendly_name"": ""UPNP IGD Packets received""}"
2025-07-25T06:07:39.244225,sensor.upnp_igd_packets_sent,10401941,10402027,"{""state_class"": ""total_increasing"", ""unit_of_measurement"": ""packets"", ""friendly_name"": ""UPNP IGD Packets sent""}"
2025-07-25T06:07:39.245593,sensor.upnp_igd_uptime,250986,251016,"{""unit_of_measurement"": ""s"", ""device_class"": ""duration"", ""friendly_name"": ""UPNP IGD Uptime""}"
2025-07-25T06:07:39.247003,sensor.upnp_igd_download_speed,2.37194352656015,2.5322792584983,"{""state_class"": ""measurement"", ""unit_of_measurement"": ""KiB/s"", ""device_class"": ""data_rate"", ""friendly_name"": ""UPNP IGD Download speed""}"
2025-07-25T06:07:39.248467,sensor.upnp_igd_upload_speed,0.254203074163291,0.466241205001429,"{""state_class"": ""measurement"", ""unit_of_measurement"": ""KiB/s"", ""device_class"": ""data_rate"", ""friendly_name"": ""UPNP IGD Upload speed""}"
2025-07-25T06:07:39.249856,sensor.upnp_igd_packet_download_speed,35.033864680281,35.0331616708411,"{""state_class"": ""measurement"", ""unit_of_measurement"": ""packets/s"", ""friendly_name"": ""UPNP IGD Packet download speed""}"
2025-07-25T06:07:39.251270,sensor.upnp_igd_packet_upload_speed,1.80002730041406,2.86665262006883,"{""state_class"": ""measurement"", ""unit_of_measurement"": ""packets/s"", ""friendly_name"": ""UPNP IGD Packet upload speed""}"
2025-07-25T06:07:49.015725,media_player.dlna_b13_box,unavailable,unknown,"{""friendly_name"": ""DLNA-B13 Box"", ""supported_features"": 512575}"
2025-07-25T06:07:52.435899,camera.192_168_0_33,idle,idle,"{""access_token"": ""c26fe5e3b2a0bc8359d2c541c3db123b60ad6d6aea3b014e30cb8982c4a55d2a"", ""entity_picture"": ""/api/camera_proxy/camera.192_168_0_33?token=c26fe5e3b2a0bc8359d2c541c3db123b60ad6d6aea3b014e30cb8982c4a55d2a"", ""friendly_name"": ""192_168_0_14"", ""supported_features"": 2}"
2025-07-25T06:07:52.438007,camera.admin_mainstream,idle,idle,"{""access_token"": ""c5eaf216f9fab66a526dc62ea738b7f2337a47b8f225ba2978588525d6c9508c"", ""entity_picture"": ""/api/camera_proxy/camera.admin_mainstream?token=c5eaf216f9fab66a526dc62ea738b7f2337a47b8f225ba2978588525d6c9508c"", ""friendly_name"": ""admin MainStream"", ""supported_features"": 2}"
2025-07-25T06:07:52.440128,camera.admin_substream,idle,idle,"{""access_token"": ""30290849408696009b90eed439665b91d7101a665100bc2191148398613de7cf"", ""entity_picture"": ""/api/camera_proxy/camera.admin_substream?token=30290849408696009b90eed439665b91d7101a665100bc2191148398613de7cf"", ""friendly_name"": ""admin SubStream"", ""supported_features"": 2}"
2025-07-25T06:08:00.583397,sun.sun,above_horizon,above_horizon,"{""next_dawn"": ""2025-07-26T08:32:54.909961+00:00"", ""next_dusk"": ""2025-07-25T20:48:15.098712+00:00"", ""next_midnight"": ""2025-07-26T02:40:37+00:00"", ""next_noon"": ""2025-07-25T14:40:37+00:00"", ""next_rising"": ""2025-07-26T08:55:47.118508+00:00"", ""next_setting"": ""2025-07-25T20:25:21.448131+00:00"", ""elevation"": 2.24, ""azimuth"": 69.41, ""rising"": true, ""friendly_name"": ""Sun""}"
2025-07-25T06:08:00.788210,media_player.dlna_b13_box,unknown,unavailable,"{""friendly_name"": ""DLNA-B13 Box"", ""supported_features"": 512575}"
2025-07-25T06:08:09.237714,sensor.upnp_igd_data_received,2321709099,2322052006,"{""state_class"": ""total_increasing"", ""unit_of_measurement"": ""B"", ""device_class"": ""data_size"", ""friendly_name"": ""UPNP IGD Data received""}"
2025-07-25T06:08:09.240426,sensor.upnp_igd_data_sent,2893996903,2894089336,"{""state_class"": ""total_increasing"", ""unit_of_measurement"": ""B"", ""device_class"": ""data_size"", ""friendly_name"": ""UPNP IGD Data sent""}"
2025-07-25T06:08:09.242208,sensor.upnp_igd_packets_received,32306325,32307556,"{""state_class"": ""total_increasing"", ""unit_of_measurement"": ""packets"", ""friendly_name"": ""UPNP IGD Packets received""}"
2025-07-25T06:08:09.244034,sensor.upnp_igd_packets_sent,10402027,10402215,"{""state_class"": ""total_increasing"", ""unit_of_measurement"": ""packets"", ""friendly_name"": ""UPNP IGD Packets sent""}"
2025-07-25T06:08:09.245635,sensor.upnp_igd_uptime,251016,251046,"{""unit_of_measurement"": ""s"", ""device_class"": ""duration"", ""friendly_name"": ""UPNP IGD Uptime""}"
2025-07-25T06:08:09.247255,sensor.upnp_igd_download_speed,2.5322792584983,11.1623201240258,"{""state_class"": ""measurement"", ""unit_of_measurement"": ""KiB/s"", ""device_class"": ""data_rate"", ""friendly_name"": ""UPNP IGD Download speed""}"
2025-07-25T06:08:09.249868,sensor.upnp_igd_upload_speed,0.466241205001429,3.00888210513077,"{""state_class"": ""measurement"", ""unit_of_measurement"": ""KiB/s"", ""device_class"": ""data_rate"", ""friendly_name"": ""UPNP IGD Upload speed""}"
2025-07-25T06:08:09.251910,sensor.upnp_igd_packet_download_speed,35.0331616708411,41.033270415652,"{""state_class"": ""measurement"", ""unit_of_measurement"": ""packets/s"", ""friendly_name"": ""UPNP IGD Packet download speed""}"
2025-07-25T06:08:09.253634,sensor.upnp_igd_packet_upload_speed,2.86665262006883,6.26665705779251,"{""state_class"": ""measurement"", ""unit_of_measurement"": ""packets/s"", ""friendly_name"": ""UPNP IGD Packet upload speed""}"
2025-07-25T06:08:10.260821,automation.aut_status_bruno,on,on,"{""id"": ""1751855857509"", ""last_triggered"": ""2025-07-25T09:08:10.253043+00:00"", ""mode"": ""single"", ""current"": 1, ""friendly_name"": ""aut-status-bruno""}"
2025-07-25T06:08:10.262833,automation.aut_status_bruno,on,on,"{""id"": ""1751855857509"", ""last_triggered"": ""2025-07-25T09:08:10.253043+00:00"", ""mode"": ""single"", ""current"": 0, ""friendly_name"": ""aut-status-bruno""}"
2025-07-25T06:08:39.272769,sensor.upnp_igd_data_received,2322052006,2322118691,"{""state_class"": ""total_increasing"", ""unit_of_measurement"": ""B"", ""device_class"": ""data_size"", ""friendly_name"": ""UPNP IGD Data received""}"
2025-07-25T06:08:39.275564,sensor.upnp_igd_data_sent,2894089336,2894095354,"{""state_class"": ""total_increasing"", ""unit_of_measurement"": ""B"", ""device_class"": ""data_size"", ""friendly_name"": ""UPNP IGD Data sent""}"
2025-07-25T06:08:39.277035,sensor.upnp_igd_packets_received,32307556,32308561,"{""state_class"": ""total_increasing"", ""unit_of_measurement"": ""packets"", ""friendly_name"": ""UPNP IGD Packets received""}"
2025-07-25T06:08:39.278441,sensor.upnp_igd_packets_sent,10402215,10402273,"{""state_class"": ""total_increasing"", ""unit_of_measurement"": ""packets"", ""friendly_name"": ""UPNP IGD Packets sent""}"
2025-07-25T06:08:39.279890,sensor.upnp_igd_uptime,251046,251076,"{""unit_of_measurement"": ""s"", ""device_class"": ""duration"", ""friendly_name"": ""UPNP IGD Uptime""}"
2025-07-25T06:08:39.281291,sensor.upnp_igd_download_speed,11.1623201240258,2.17075007639217,"{""state_class"": ""measurement"", ""unit_of_measurement"": ""KiB/s"", ""device_class"": ""data_rate"", ""friendly_name"": ""UPNP IGD Download speed""}"
2025-07-25T06:08:39.282701,sensor.upnp_igd_upload_speed,3.00888210513077,0.195899736968255,"{""state_class"": ""measurement"", ""unit_of_measurement"": ""KiB/s"", ""device_class"": ""data_rate"", ""friendly_name"": ""UPNP IGD Upload speed""}"
2025-07-25T06:08:39.284109,sensor.upnp_igd_packet_download_speed,41.033270415652,33.5002222181407,"{""state_class"": ""measurement"", ""unit_of_measurement"": ""packets/s"", ""friendly_name"": ""UPNP IGD Packet download speed""}"
2025-07-25T06:08:39.285548,sensor.upnp_igd_packet_upload_speed,6.26665705779251,1.93334615786285,"{""state_class"": ""measurement"", ""unit_of_measurement"": ""packets/s"", ""friendly_name"": ""UPNP IGD Packet upload speed""}"
2025-07-25T06:09:09.238104,sensor.upnp_igd_data_received,2322118691,2322437349,"{""state_class"": ""total_increasing"", ""unit_of_measurement"": ""B"", ""device_class"": ""data_size"", ""friendly_name"": ""UPNP IGD Data received""}"
2025-07-25T06:09:09.240746,sensor.upnp_igd_data_sent,2894095354,2894262228,"{""state_class"": ""total_increasing"", ""unit_of_measurement"": ""B"", ""device_class"": ""data_size"", ""friendly_name"": ""UPNP IGD Data sent""}"
2025-07-25T06:09:09.242268,sensor.upnp_igd_packets_received,32308561,32310256,"{""state_class"": ""total_increasing"", ""unit_of_measurement"": ""packets"", ""friendly_name"": ""UPNP IGD Packets received""}"
2025-07-25T06:09:09.243689,sensor.upnp_igd_packets_sent,10402273,10403013,"{""state_class"": ""total_increasing"", ""unit_of_measurement"": ""packets"", ""friendly_name"": ""UPNP IGD Packets sent""}"
2025-07-25T06:09:09.245030,sensor.upnp_igd_uptime,251076,251106,"{""unit_of_measurement"": ""s"", ""device_class"": ""duration"", ""friendly_name"": ""UPNP IGD Uptime""}"
2025-07-25T06:09:09.246398,sensor.upnp_igd_download_speed,2.17075007639217,10.3729803877693,"{""state_class"": ""measurement"", ""unit_of_measurement"": ""KiB/s"", ""device_class"": ""data_rate"", ""friendly_name"": ""UPNP IGD Download speed""}"
2025-07-25T06:09:09.247809,sensor.upnp_igd_upload_speed,0.195899736968255,5.43209562988725,"{""state_class"": ""measurement"", ""unit_of_measurement"": ""KiB/s"", ""device_class"": ""data_rate"", ""friendly_name"": ""UPNP IGD Upload speed""}"
2025-07-25T06:09:09.249182,sensor.upnp_igd_packet_download_speed,33.5002222181407,56.4999924666677,"{""state_class"": ""measurement"", ""unit_of_measurement"": ""packets/s"", ""friendly_name"": ""UPNP IGD Packet download speed""}"
2025-07-25T06:09:09.250503,sensor.upnp_igd_packet_upload_speed,1.93334615786285,24.6666633777782,"{""state_class"": ""measurement"", ""unit_of_measurement"": ""packets/s"", ""friendly_name"": ""UPNP IGD Packet upload speed""}"
2025-07-25T06:09:10.262736,automation.aut_status_bruno,on,on,"{""id"": ""1751855857509"", ""last_triggered"": ""2025-07-25T09:09:10.253011+00:00"", ""mode"": ""single"", ""current"": 1, ""friendly_name"": ""aut-status-bruno""}"
2025-07-25T06:09:10.264766,automation.aut_status_bruno,on,on,"{""id"": ""1751855857509"", ""last_triggered"": ""2025-07-25T09:09:10.253011+00:00"", ""mode"": ""single"", ""current"": 0, ""friendly_name"": ""aut-status-bruno""}"
2025-07-25T06:09:39.237923,sensor.upnp_igd_data_received,2322437349,2323329724,"{""state_class"": ""total_increasing"", ""unit_of_measurement"": ""B"", ""device_class"": ""data_size"", ""friendly_name"": ""UPNP IGD Data received""}"
2025-07-25T06:09:39.240849,sensor.upnp_igd_data_sent,2894262228,2894825616,"{""state_class"": ""total_increasing"", ""unit_of_measurement"": ""B"", ""device_class"": ""data_size"", ""friendly_name"": ""UPNP IGD Data sent""}"
2025-07-25T06:09:39.242343,sensor.upnp_igd_packets_received,32310256,32312812,"{""state_class"": ""total_increasing"", ""unit_of_measurement"": ""packets"", ""friendly_name"": ""UPNP IGD Packets received""}"
2025-07-25T06:09:39.243804,sensor.upnp_igd_packets_sent,10403013,10404200,"{""state_class"": ""total_increasing"", ""unit_of_measurement"": ""packets"", ""friendly_name"": ""UPNP IGD Packets sent""}"
2025-07-25T06:09:39.245198,sensor.upnp_igd_uptime,251106,251136,"{""unit_of_measurement"": ""s"", ""device_class"": ""duration"", ""friendly_name"": ""UPNP IGD Uptime""}"
2025-07-25T06:09:39.246570,sensor.upnp_igd_download_speed,10.3729803877693,29.0487157156906,"{""state_class"": ""measurement"", ""unit_of_measurement"": ""KiB/s"", ""device_class"": ""data_rate"", ""friendly_name"": ""UPNP IGD Download speed""}"
2025-07-25T06:09:39.248034,sensor.upnp_igd_upload_speed,5.43209562988725,18.3394849134405,"{""state_class"": ""measurement"", ""unit_of_measurement"": ""KiB/s"", ""device_class"": ""data_rate"", ""friendly_name"": ""UPNP IGD Upload speed""}"
2025-07-25T06:09:39.249505,sensor.upnp_igd_packet_download_speed,56.4999924666677,85.200147680256,"{""state_class"": ""measurement"", ""unit_of_measurement"": ""packets/s"", ""friendly_name"": ""UPNP IGD Packet download speed""}"
2025-07-25T06:09:39.250877,sensor.upnp_igd_packet_upload_speed,24.6666633777782,39.5667352490078,"{""state_class"": ""measurement"", ""unit_of_measurement"": ""packets/s"", ""friendly_name"": ""UPNP IGD Packet upload speed""}"
2025-07-25T06:10:00.173212,automation.automacao_cortina,on,on,"{""id"": ""1747703519499"", ""last_triggered"": ""2025-07-25T09:10:00.161284+00:00"", ""mode"": ""single"", ""current"": 1, ""friendly_name"": ""automacao-cortina""}"
2025-07-25T06:10:00.584203,sun.sun,above_horizon,above_horizon,"{""next_dawn"": ""2025-07-26T08:32:54.909961+00:00"", ""next_dusk"": ""2025-07-25T20:48:15.098712+00:00"", ""next_midnight"": ""2025-07-26T02:40:37+00:00"", ""next_noon"": ""2025-07-25T14:40:37+00:00"", ""next_rising"": ""2025-07-26T08:55:47.118508+00:00"", ""next_setting"": ""2025-07-25T20:25:21.448131+00:00"", ""elevation"": 2.67, ""azimuth"": 69.29, ""rising"": true, ""friendly_name"": ""Sun""}"
2025-07-25T06:10:00.982657,automation.automacao_cortina,on,on,"{""id"": ""1747703519499"", ""last_triggered"": ""2025-07-25T09:10:00.161284+00:00"", ""mode"": ""single"", ""current"": 0, ""friendly_name"": ""automacao-cortina""}"
2025-07-25T06:10:09.256511,sensor.upnp_igd_data_received,2323329724,2323496042,"{""state_class"": ""total_increasing"", ""unit_of_measurement"": ""B"", ""device_class"": ""data_size"", ""friendly_name"": ""UPNP IGD Data received""}"
2025-07-25T06:10:09.261919,sensor.upnp_igd_data_sent,2894825616,2894960269,"{""state_class"": ""total_increasing"", ""unit_of_measurement"": ""B"", ""device_class"": ""data_size"", ""friendly_name"": ""UPNP IGD Data sent""}"
2025-07-25T06:10:09.264967,sensor.upnp_igd_packets_received,32312812,32314141,"{""state_class"": ""total_increasing"", ""unit_of_measurement"": ""packets"", ""friendly_name"": ""UPNP IGD Packets received""}"
2025-07-25T06:10:09.267252,sensor.upnp_igd_packets_sent,10404200,10404566,"{""state_class"": ""total_increasing"", ""unit_of_measurement"": ""packets"", ""friendly_name"": ""UPNP IGD Packets sent""}"
2025-07-25T06:10:09.270621,sensor.upnp_igd_uptime,251136,251166,"{""unit_of_measurement"": ""s"", ""device_class"": ""duration"", ""friendly_name"": ""UPNP IGD Uptime""}"
2025-07-25T06:10:09.273783,sensor.upnp_igd_download_speed,29.0487157156906,5.41383768762155,"{""state_class"": ""measurement"", ""unit_of_measurement"": ""KiB/s"", ""device_class"": ""data_rate"", ""friendly_name"": ""UPNP IGD Download speed""}"
2025-07-25T06:10:09.276331,sensor.upnp_igd_upload_speed,18.3394849134405,4.38310637544526,"{""state_class"": ""measurement"", ""unit_of_measurement"": ""KiB/s"", ""device_class"": ""data_rate"", ""friendly_name"": ""UPNP IGD Upload speed""}"
2025-07-25T06:10:09.279250,sensor.upnp_igd_packet_download_speed,85.200147680256,44.2986931885509,"{""state_class"": ""measurement"", ""unit_of_measurement"": ""packets/s"", ""friendly_name"": ""UPNP IGD Packet download speed""}"
2025-07-25T06:10:09.282968,sensor.upnp_igd_packet_upload_speed,39.5667352490078,12.1996401106167,"{""state_class"": ""measurement"", ""unit_of_measurement"": ""packets/s"", ""friendly_name"": ""UPNP IGD Packet upload speed""}"
2025-07-25T06:10:10.261147,automation.aut_status_bruno,on,on,"{""id"": ""1751855857509"", ""last_triggered"": ""2025-07-25T09:10:10.253928+00:00"", ""mode"": ""single"", ""current"": 1, ""friendly_name"": ""aut-status-bruno""}"
2025-07-25T06:10:10.263271,automation.aut_status_bruno,on,on,"{""id"": ""1751855857509"", ""last_triggered"": ""2025-07-25T09:10:10.253928+00:00"", ""mode"": ""single"", ""current"": 0, ""friendly_name"": ""aut-status-bruno""}"
2025-07-25T06:10:39.242851,sensor.upnp_igd_data_received,2323496042,2323566395,"{""state_class"": ""total_increasing"", ""unit_of_measurement"": ""B"", ""device_class"": ""data_size"", ""friendly_name"": ""UPNP IGD Data received""}"
2025-07-25T06:10:39.244808,sensor.upnp_igd_data_sent,2894960269,2894965848,"{""state_class"": ""total_increasing"", ""unit_of_measurement"": ""B"", ""device_class"": ""data_size"", ""friendly_name"": ""UPNP IGD Data sent""}"
2025-07-25T06:10:39.246578,sensor.upnp_igd_packets_received,32314141,32315162,"{""state_class"": ""total_increasing"", ""unit_of_measurement"": ""packets"", ""friendly_name"": ""UPNP IGD Packets received""}"
2025-07-25T06:10:39.248360,sensor.upnp_igd_packets_sent,10404566,10404611,"{""state_class"": ""total_increasing"", ""unit_of_measurement"": ""packets"", ""friendly_name"": ""UPNP IGD Packets sent""}"
2025-07-25T06:10:39.249984,sensor.upnp_igd_uptime,251166,251196,"{""unit_of_measurement"": ""s"", ""device_class"": ""duration"", ""friendly_name"": ""UPNP IGD Uptime""}"
2025-07-25T06:10:39.251750,sensor.upnp_igd_download_speed,5.41383768762155,2.29017107131607,"{""state_class"": ""measurement"", ""unit_of_measurement"": ""KiB/s"", ""device_class"": ""data_rate"", ""friendly_name"": ""UPNP IGD Download speed""}"
2025-07-25T06:10:39.253494,sensor.upnp_igd_upload_speed,4.38310637544526,0.181610797078623,"{""state_class"": ""measurement"", ""unit_of_measurement"": ""KiB/s"", ""device_class"": ""data_rate"", ""friendly_name"": ""UPNP IGD Upload speed""}"
2025-07-25T06:10:39.255154,sensor.upnp_igd_packet_download_speed,44.2986931885509,34.0338438409909,"{""state_class"": ""measurement"", ""unit_of_measurement"": ""packets/s"", ""friendly_name"": ""UPNP IGD Packet download speed""}"
2025-07-25T06:10:39.256899,sensor.upnp_igd_packet_upload_speed,12.1996401106167,1.50002250033751,"{""state_class"": ""measurement"", ""unit_of_measurement"": ""packets/s"", ""friendly_name"": ""UPNP IGD Packet upload speed""}"
2025-07-25T06:11:09.248030,sensor.upnp_igd_data_received,2323566395,2323635087,"{""state_class"": ""total_increasing"", ""unit_of_measurement"": ""B"", ""device_class"": ""data_size"", ""friendly_name"": ""UPNP IGD Data received""}"
2025-07-25T06:11:09.250557,sensor.upnp_igd_data_sent,2894965848,2894972627,"{""state_class"": ""total_increasing"", ""unit_of_measurement"": ""B"", ""device_class"": ""data_size"", ""friendly_name"": ""UPNP IGD Data sent""}"
2025-07-25T06:11:09.252206,sensor.upnp_igd_packets_received,32315162,32316174,"{""state_class"": ""total_increasing"", ""unit_of_measurement"": ""packets"", ""friendly_name"": ""UPNP IGD Packets received""}"
2025-07-25T06:11:09.253687,sensor.upnp_igd_packets_sent,10404611,10404661,"{""state_class"": ""total_increasing"", ""unit_of_measurement"": ""packets"", ""friendly_name"": ""UPNP IGD Packets sent""}"
2025-07-25T06:11:09.255089,sensor.upnp_igd_uptime,251196,251226,"{""unit_of_measurement"": ""s"", ""device_class"": ""duration"", ""friendly_name"": ""UPNP IGD Uptime""}"
2025-07-25T06:11:09.256663,sensor.upnp_igd_download_speed,2.29017107131607,2.23607762161079,"{""state_class"": ""measurement"", ""unit_of_measurement"": ""KiB/s"", ""device_class"": ""data_rate"", ""friendly_name"": ""UPNP IGD Download speed""}"
2025-07-25T06:11:09.258444,sensor.upnp_igd_upload_speed,0.181610797078623,0.22067155122721,"{""state_class"": ""measurement"", ""unit_of_measurement"": ""KiB/s"", ""device_class"": ""data_rate"", ""friendly_name"": ""UPNP IGD Upload speed""}"
2025-07-25T06:11:09.260110,sensor.upnp_igd_packet_download_speed,34.0338438409909,33.7334828851075,"{""state_class"": ""measurement"", ""unit_of_measurement"": ""packets/s"", ""friendly_name"": ""UPNP IGD Packet download speed""}"
2025-07-25T06:11:09.261552,sensor.upnp_igd_packet_upload_speed,1.50002250033751,1.66667405558831,"{""state_class"": ""measurement"", ""unit_of_measurement"": ""packets/s"", ""friendly_name"": ""UPNP IGD Packet upload speed""}"
2025-07-25T06:11:10.260140,automation.aut_status_bruno,on,on,"{""id"": ""1751855857509"", ""last_triggered"": ""2025-07-25T09:11:10.252795+00:00"", ""mode"": ""single"", ""current"": 1, ""friendly_name"": ""aut-status-bruno""}"
2025-07-25T06:11:10.262055,automation.aut_status_bruno,on,on,"{""id"": ""1751855857509"", ""last_triggered"": ""2025-07-25T09:11:10.252795+00:00"", ""mode"": ""single"", ""current"": 0, ""friendly_name"": ""aut-status-bruno""}"
2025-07-25T06:11:39.237622,sensor.upnp_igd_data_received,2323635087,2323762806,"{""state_class"": ""total_increasing"", ""unit_of_measurement"": ""B"", ""device_class"": ""data_size"", ""friendly_name"": ""UPNP IGD Data received""}"
2025-07-25T06:11:39.240671,sensor.upnp_igd_data_sent,2894972627,2895041763,"{""state_class"": ""total_increasing"", ""unit_of_measurement"": ""B"", ""device_class"": ""data_size"", ""friendly_name"": ""UPNP IGD Data sent""}"
2025-07-25T06:11:39.242887,sensor.upnp_igd_packets_received,32316174,32317290,"{""state_class"": ""total_increasing"", ""unit_of_measurement"": ""packets"", ""friendly_name"": ""UPNP IGD Packets received""}"
2025-07-25T06:11:39.244887,sensor.upnp_igd_packets_sent,10404661,10404806,"{""state_class"": ""total_increasing"", ""unit_of_measurement"": ""packets"", ""friendly_name"": ""UPNP IGD Packets sent""}"
2025-07-25T06:11:39.246533,sensor.upnp_igd_uptime,251226,251256,"{""unit_of_measurement"": ""s"", ""device_class"": ""duration"", ""friendly_name"": ""UPNP IGD Uptime""}"
2025-07-25T06:11:39.248344,sensor.upnp_igd_download_speed,2.23607762161079,4.15755237591377,"{""state_class"": ""measurement"", ""unit_of_measurement"": ""KiB/s"", ""device_class"": ""data_rate"", ""friendly_name"": ""UPNP IGD Download speed""}"
2025-07-25T06:11:39.250572,sensor.upnp_igd_upload_speed,0.22067155122721,2.25053861258837,"{""state_class"": ""measurement"", ""unit_of_measurement"": ""KiB/s"", ""device_class"": ""data_rate"", ""friendly_name"": ""UPNP IGD Upload speed""}"
2025-07-25T06:11:39.252523,sensor.upnp_igd_packet_download_speed,33.7334828851075,37.2002938823217,"{""state_class"": ""measurement"", ""unit_of_measurement"": ""packets/s"", ""friendly_name"": ""UPNP IGD Packet download speed""}"
2025-07-25T06:11:39.254332,sensor.upnp_igd_packet_upload_speed,1.66667405558831,4.83337151696832,"{""state_class"": ""measurement"", ""unit_of_measurement"": ""packets/s"", ""friendly_name"": ""UPNP IGD Packet upload speed""}"
2025-07-25T06:12:00.584567,sun.sun,above_horizon,above_horizon,"{""next_dawn"": ""2025-07-26T08:32:54.909961+00:00"", ""next_dusk"": ""2025-07-25T20:48:15.098712+00:00"", ""next_midnight"": ""2025-07-26T02:40:37+00:00"", ""next_noon"": ""2025-07-25T14:40:37+00:00"", ""next_rising"": ""2025-07-26T08:55:47.118508+00:00"", ""next_setting"": ""2025-07-25T20:25:21.448131+00:00"", ""elevation"": 3.1, ""azimuth"": 69.17, ""rising"": true, ""friendly_name"": ""Sun""}"
2025-07-25T06:12:09.237155,sensor.upnp_igd_data_received,2323762806,2323838569,"{""state_class"": ""total_increasing"", ""unit_of_measurement"": ""B"", ""device_class"": ""data_size"", ""friendly_name"": ""UPNP IGD Data received""}"
2025-07-25T06:12:09.240300,sensor.upnp_igd_data_sent,2895041763,2895053441,"{""state_class"": ""total_increasing"", ""unit_of_measurement"": ""B"", ""device_class"": ""data_size"", ""friendly_name"": ""UPNP IGD Data sent""}"
2025-07-25T06:12:09.242070,sensor.upnp_igd_packets_received,32317290,32318322,"{""state_class"": ""total_increasing"", ""unit_of_measurement"": ""packets"", ""friendly_name"": ""UPNP IGD Packets received""}"
2025-07-25T06:12:09.243788,sensor.upnp_igd_packets_sent,10404806,10404884,"{""state_class"": ""total_increasing"", ""unit_of_measurement"": ""packets"", ""friendly_name"": ""UPNP IGD Packets sent""}"
2025-07-25T06:12:09.245431,sensor.upnp_igd_uptime,251256,251286,"{""unit_of_measurement"": ""s"", ""device_class"": ""duration"", ""friendly_name"": ""UPNP IGD Uptime""}"
2025-07-25T06:12:09.247107,sensor.upnp_igd_download_speed,4.15755237591377,2.46626305527024,"{""state_class"": ""measurement"", ""unit_of_measurement"": ""KiB/s"", ""device_class"": ""data_rate"", ""friendly_name"": ""UPNP IGD Download speed""}"
2025-07-25T06:12:09.248858,sensor.upnp_igd_upload_speed,2.25053861258837,0.380146244993544,"{""state_class"": ""measurement"", ""unit_of_measurement"": ""KiB/s"", ""device_class"": ""data_rate"", ""friendly_name"": ""UPNP IGD Upload speed""}"
2025-07-25T06:12:09.250994,sensor.upnp_igd_packet_download_speed,37.2002938823217,34.4002729088317,"{""state_class"": ""measurement"", ""unit_of_measurement"": ""packets/s"", ""friendly_name"": ""UPNP IGD Packet download speed""}"
2025-07-25T06:12:09.252896,sensor.upnp_igd_packet_upload_speed,4.83337151696832,2.60002062683031,"{""state_class"": ""measurement"", ""unit_of_measurement"": ""packets/s"", ""friendly_name"": ""UPNP IGD Packet upload speed""}"
2025-07-25T06:12:10.260463,automation.aut_status_bruno,on,on,"{""id"": ""1751855857509"", ""last_triggered"": ""2025-07-25T09:12:10.252364+00:00"", ""mode"": ""single"", ""current"": 1, ""friendly_name"": ""aut-status-bruno""}"
2025-07-25T06:12:10.262969,automation.aut_status_bruno,on,on,"{""id"": ""1751855857509"", ""last_triggered"": ""2025-07-25T09:12:10.252364+00:00"", ""mode"": ""single"", ""current"": 0, ""friendly_name"": ""aut-status-bruno""}"
2025-07-25T06:12:39.241015,sensor.upnp_igd_data_received,2323838569,2323912943,"{""state_class"": ""total_increasing"", ""unit_of_measurement"": ""B"", ""device_class"": ""data_size"", ""friendly_name"": ""UPNP IGD Data received""}"
2025-07-25T06:12:39.243768,sensor.upnp_igd_data_sent,2895053441,2895062604,"{""state_class"": ""total_increasing"", ""unit_of_measurement"": ""B"", ""device_class"": ""data_size"", ""friendly_name"": ""UPNP IGD Data sent""}"
2025-07-25T06:12:39.245236,sensor.upnp_igd_packets_received,32318322,32319393,"{""state_class"": ""total_increasing"", ""unit_of_measurement"": ""packets"", ""friendly_name"": ""UPNP IGD Packets received""}"
2025-07-25T06:12:39.246639,sensor.upnp_igd_packets_sent,10404884,10404963,"{""state_class"": ""total_increasing"", ""unit_of_measurement"": ""packets"", ""friendly_name"": ""UPNP IGD Packets sent""}"
2025-07-25T06:12:39.248018,sensor.upnp_igd_uptime,251286,251316,"{""unit_of_measurement"": ""s"", ""device_class"": ""duration"", ""friendly_name"": ""UPNP IGD Uptime""}"
2025-07-25T06:12:39.249433,sensor.upnp_igd_download_speed,2.46626305527024,2.4209808718108,"{""state_class"": ""measurement"", ""unit_of_measurement"": ""KiB/s"", ""device_class"": ""data_rate"", ""friendly_name"": ""UPNP IGD Download speed""}"
2025-07-25T06:12:39.250912,sensor.upnp_igd_upload_speed,0.380146244993544,0.298268853744619,"{""state_class"": ""measurement"", ""unit_of_measurement"": ""KiB/s"", ""device_class"": ""data_rate"", ""friendly_name"": ""UPNP IGD Upload speed""}"
2025-07-25T06:12:39.252485,sensor.upnp_igd_packet_download_speed,34.4002729088317,35.6992955339015,"{""state_class"": ""measurement"", ""unit_of_measurement"": ""packets/s"", ""friendly_name"": ""UPNP IGD Packet download speed""}"
2025-07-25T06:12:39.254103,sensor.upnp_igd_packet_upload_speed,2.60002062683031,2.6332813699143,"{""state_class"": ""measurement"", ""unit_of_measurement"": ""packets/s"", ""friendly_name"": ""UPNP IGD Packet upload speed""}"
2025-07-25T06:12:52.436634,camera.192_168_0_33,idle,idle,"{""access_token"": ""dc3489d48de4a3189b8ee680dc38dcf6d60eb2ebbb97da39669a3ec82f99bbd8"", ""entity_picture"": ""/api/camera_proxy/camera.192_168_0_33?token=dc3489d48de4a3189b8ee680dc38dcf6d60eb2ebbb97da39669a3ec82f99bbd8"", ""friendly_name"": ""192_168_0_14"", ""supported_features"": 2}"
2025-07-25T06:12:52.438210,camera.admin_mainstream,idle,idle,"{""access_token"": ""2772822eb14d2a6fbc241964b5838f4b9db429bd44c360991618b486386444c9"", ""entity_picture"": ""/api/camera_proxy/camera.admin_mainstream?token=2772822eb14d2a6fbc241964b5838f4b9db429bd44c360991618b486386444c9"", ""friendly_name"": ""admin MainStream"", ""supported_features"": 2}"
2025-07-25T06:12:52.439788,camera.admin_substream,idle,idle,"{""access_token"": ""a16bcb639038ff130f416605c568258a09d2a8a042cfc235e9dfbf7ac1e9d7cf"", ""entity_picture"": ""/api/camera_proxy/camera.admin_substream?token=a16bcb639038ff130f416605c568258a09d2a8a042cfc235e9dfbf7ac1e9d7cf"", ""friendly_name"": ""admin SubStream"", ""supported_features"": 2}"
2025-07-25T06:13:09.239248,sensor.upnp_igd_data_received,2323912943,2324288929,"{""state_class"": ""total_increasing"", ""unit_of_measurement"": ""B"", ""device_class"": ""data_size"", ""friendly_name"": ""UPNP IGD Data received""}"
2025-07-25T06:13:09.241715,sensor.upnp_igd_data_sent,2895062604,2895090466,"{""state_class"": ""total_increasing"", ""unit_of_measurement"": ""B"", ""device_class"": ""data_size"", ""friendly_name"": ""UPNP IGD Data sent""}"
2025-07-25T06:13:09.243164,sensor.upnp_igd_packets_received,32319393,32320711,"{""state_class"": ""total_increasing"", ""unit_of_measurement"": ""packets"", ""friendly_name"": ""UPNP IGD Packets received""}"
2025-07-25T06:13:09.246772,sensor.upnp_igd_packets_sent,10404963,10405164,"{""state_class"": ""total_increasing"", ""unit_of_measurement"": ""packets"", ""friendly_name"": ""UPNP IGD Packets sent""}"
2025-07-25T06:13:09.248321,sensor.upnp_igd_uptime,251316,251346,"{""unit_of_measurement"": ""s"", ""device_class"": ""duration"", ""friendly_name"": ""UPNP IGD Uptime""}"
2025-07-25T06:13:09.249752,sensor.upnp_igd_download_speed,2.4209808718108,12.2392385732631,"{""state_class"": ""measurement"", ""unit_of_measurement"": ""KiB/s"", ""device_class"": ""data_rate"", ""friendly_name"": ""UPNP IGD Download speed""}"
2025-07-25T06:13:09.251163,sensor.upnp_igd_upload_speed,0.298268853744619,0.906974369067613,"{""state_class"": ""measurement"", ""unit_of_measurement"": ""KiB/s"", ""device_class"": ""data_rate"", ""friendly_name"": ""UPNP IGD Upload speed""}"
2025-07-25T06:13:09.252873,sensor.upnp_igd_packet_download_speed,35.6992955339015,43.9337316658338,"{""state_class"": ""measurement"", ""unit_of_measurement"": ""packets/s"", ""friendly_name"": ""UPNP IGD Packet download speed""}"
2025-07-25T06:13:09.254712,sensor.upnp_igd_packet_upload_speed,2.6332813699143,6.70006074721744,"{""state_class"": ""measurement"", ""unit_of_measurement"": ""packets/s"", ""friendly_name"": ""UPNP IGD Packet upload speed""}"
2025-07-25T06:13:10.259774,automation.aut_status_bruno,on,on,"{""id"": ""1751855857509"", ""last_triggered"": ""2025-07-25T09:13:10.253137+00:00"", ""mode"": ""single"", ""current"": 1, ""friendly_name"": ""aut-status-bruno""}"
2025-07-25T06:13:10.261935,automation.aut_status_bruno,on,on,"{""id"": ""1751855857509"", ""last_triggered"": ""2025-07-25T09:13:10.253137+00:00"", ""mode"": ""single"", ""current"": 0, ""friendly_name"": ""aut-status-bruno""}"
2025-07-25T06:13:39.258525,sensor.upnp_igd_data_received,2324288929,2324359604,"{""state_class"": ""total_increasing"", ""unit_of_measurement"": ""B"", ""device_class"": ""data_size"", ""friendly_name"": ""UPNP IGD Data received""}"
2025-07-25T06:13:39.262311,sensor.upnp_igd_data_sent,2895090466,2895094648,"{""state_class"": ""total_increasing"", ""unit_of_measurement"": ""B"", ""device_class"": ""data_size"", ""friendly_name"": ""UPNP IGD Data sent""}"
2025-07-25T06:13:39.265925,sensor.upnp_igd_packets_received,32320711,32321749,"{""state_class"": ""total_increasing"", ""unit_of_measurement"": ""packets"", ""friendly_name"": ""UPNP IGD Packets received""}"
2025-07-25T06:13:39.271931,sensor.upnp_igd_packets_sent,10405164,10405207,"{""state_class"": ""total_increasing"", ""unit_of_measurement"": ""packets"", ""friendly_name"": ""UPNP IGD Packets sent""}"
2025-07-25T06:13:39.275696,sensor.upnp_igd_uptime,251346,251376,"{""unit_of_measurement"": ""s"", ""device_class"": ""duration"", ""friendly_name"": ""UPNP IGD Uptime""}"
2025-07-25T06:13:39.279149,sensor.upnp_igd_download_speed,12.2392385732631,2.30054264836069,"{""state_class"": ""measurement"", ""unit_of_measurement"": ""KiB/s"", ""device_class"": ""data_rate"", ""friendly_name"": ""UPNP IGD Download speed""}"
2025-07-25T06:13:39.283017,sensor.upnp_igd_upload_speed,0.906974369067613,0.136128324802892,"{""state_class"": ""measurement"", ""unit_of_measurement"": ""KiB/s"", ""device_class"": ""data_rate"", ""friendly_name"": ""UPNP IGD Upload speed""}"
2025-07-25T06:13:39.286295,sensor.upnp_igd_packet_download_speed,43.9337316658338,34.5988593909354,"{""state_class"": ""measurement"", ""unit_of_measurement"": ""packets/s"", ""friendly_name"": ""UPNP IGD Packet download speed""}"
2025-07-25T06:13:39.289540,sensor.upnp_igd_packet_upload_speed,6.70006074721744,1.43328608266881,"{""state_class"": ""measurement"", ""unit_of_measurement"": ""packets/s"", ""friendly_name"": ""UPNP IGD Packet upload speed""}"
2025-07-25T06:14:00.588593,sun.sun,above_horizon,above_horizon,"{""next_dawn"": ""2025-07-26T08:32:54.909961+00:00"", ""next_dusk"": ""2025-07-25T20:48:15.098712+00:00"", ""next_midnight"": ""2025-07-26T02:40:37+00:00"", ""next_noon"": ""2025-07-25T14:40:37+00:00"", ""next_rising"": ""2025-07-26T08:55:47.118508+00:00"", ""next_setting"": ""2025-07-25T20:25:21.448131+00:00"", ""elevation"": 3.53, ""azimuth"": 69.05, ""rising"": true, ""friendly_name"": ""Sun""}"
2025-07-25T06:14:09.238307,sensor.upnp_igd_data_received,2324359604,2324483382,"{""state_class"": ""total_increasing"", ""unit_of_measurement"": ""B"", ""device_class"": ""data_size"", ""friendly_name"": ""UPNP IGD Data received""}"
2025-07-25T06:14:09.240728,sensor.upnp_igd_data_sent,2895094648,2895160124,"{""state_class"": ""total_increasing"", ""unit_of_measurement"": ""B"", ""device_class"": ""data_size"", ""friendly_name"": ""UPNP IGD Data sent""}"
2025-07-25T06:14:09.242223,sensor.upnp_igd_packets_received,32321749,32322938,"{""state_class"": ""total_increasing"", ""unit_of_measurement"": ""packets"", ""friendly_name"": ""UPNP IGD Packets received""}"
2025-07-25T06:14:09.243703,sensor.upnp_igd_packets_sent,10405207,10405431,"{""state_class"": ""total_increasing"", ""unit_of_measurement"": ""packets"", ""friendly_name"": ""UPNP IGD Packets sent""}"
2025-07-25T06:14:09.245053,sensor.upnp_igd_uptime,251376,251406,"{""unit_of_measurement"": ""s"", ""device_class"": ""duration"", ""friendly_name"": ""UPNP IGD Uptime""}"
2025-07-25T06:14:09.246464,sensor.upnp_igd_download_speed,2.30054264836069,4.02923862053899,"{""state_class"": ""measurement"", ""unit_of_measurement"": ""KiB/s"", ""device_class"": ""data_rate"", ""friendly_name"": ""UPNP IGD Download speed""}"
2025-07-25T06:14:09.247930,sensor.upnp_igd_upload_speed,0.136128324802892,2.13138383168585,"{""state_class"": ""measurement"", ""unit_of_measurement"": ""KiB/s"", ""device_class"": ""data_rate"", ""friendly_name"": ""UPNP IGD Upload speed""}"
2025-07-25T06:14:09.249313,sensor.upnp_igd_packet_download_speed,34.5988593909354,39.6334007101145,"{""state_class"": ""measurement"", ""unit_of_measurement"": ""packets/s"", ""friendly_name"": ""UPNP IGD Packet download speed""}"
2025-07-25T06:14:09.250688,sensor.upnp_igd_packet_upload_speed,1.43328608266881,7.46667936002158,"{""state_class"": ""measurement"", ""unit_of_measurement"": ""packets/s"", ""friendly_name"": ""UPNP IGD Packet upload speed""}"
2025-07-25T06:14:10.259244,automation.aut_status_bruno,on,on,"{""id"": ""1751855857509"", ""last_triggered"": ""2025-07-25T09:14:10.252571+00:00"", ""mode"": ""single"", ""current"": 1, ""friendly_name"": ""aut-status-bruno""}"
2025-07-25T06:14:10.261556,automation.aut_status_bruno,on,on,"{""id"": ""1751855857509"", ""last_triggered"": ""2025-07-25T09:14:10.252571+00:00"", ""mode"": ""single"", ""current"": 0, ""friendly_name"": ""aut-status-bruno""}"
2025-07-25T06:14:39.238618,sensor.upnp_igd_data_received,2324483382,2324569801,"{""state_class"": ""total_increasing"", ""unit_of_measurement"": ""B"", ""device_class"": ""data_size"", ""friendly_name"": ""UPNP IGD Data received""}"
2025-07-25T06:14:39.241150,sensor.upnp_igd_data_sent,2895160124,2895171851,"{""state_class"": ""total_increasing"", ""unit_of_measurement"": ""B"", ""device_class"": ""data_size"", ""friendly_name"": ""UPNP IGD Data sent""}"
2025-07-25T06:14:39.242728,sensor.upnp_igd_packets_received,32322938,32324025,"{""state_class"": ""total_increasing"", ""unit_of_measurement"": ""packets"", ""friendly_name"": ""UPNP IGD Packets received""}"
2025-07-25T06:14:39.244222,sensor.upnp_igd_packets_sent,10405431,10405510,"{""state_class"": ""total_increasing"", ""unit_of_measurement"": ""packets"", ""friendly_name"": ""UPNP IGD Packets sent""}"
2025-07-25T06:14:39.245577,sensor.upnp_igd_uptime,251406,251436,"{""unit_of_measurement"": ""s"", ""device_class"": ""duration"", ""friendly_name"": ""UPNP IGD Uptime""}"
2025-07-25T06:14:39.246946,sensor.upnp_igd_download_speed,4.02923862053899,2.81317353401215,"{""state_class"": ""measurement"", ""unit_of_measurement"": ""KiB/s"", ""device_class"": ""data_rate"", ""friendly_name"": ""UPNP IGD Download speed""}"
2025-07-25T06:14:39.248413,sensor.upnp_igd_upload_speed,2.13138383168585,0.381745750741856,"{""state_class"": ""measurement"", ""unit_of_measurement"": ""KiB/s"", ""device_class"": ""data_rate"", ""friendly_name"": ""UPNP IGD Upload speed""}"
2025-07-25T06:14:39.249856,sensor.upnp_igd_packet_download_speed,39.6334007101145,36.2340423127613,"{""state_class"": ""measurement"", ""unit_of_measurement"": ""packets/s"", ""friendly_name"": ""UPNP IGD Packet download speed""}"
2025-07-25T06:14:39.251345,sensor.upnp_igd_packet_upload_speed,7.46667936002158,2.63338485989709,"{""state_class"": ""measurement"", ""unit_of_measurement"": ""packets/s"", ""friendly_name"": ""UPNP IGD Packet upload speed""}"
2025-07-25T06:15:09.253364,sensor.upnp_igd_data_received,2324569801,2324641805,"{""state_class"": ""total_increasing"", ""unit_of_measurement"": ""B"", ""device_class"": ""data_size"", ""friendly_name"": ""UPNP IGD Data received""}"
2025-07-25T06:15:09.256005,sensor.upnp_igd_data_sent,2895171851,2895179042,"{""state_class"": ""total_increasing"", ""unit_of_measurement"": ""B"", ""device_class"": ""data_size"", ""friendly_name"": ""UPNP IGD Data sent""}"
2025-07-25T06:15:09.257992,sensor.upnp_igd_packets_received,32324025,32325077,"{""state_class"": ""total_increasing"", ""unit_of_measurement"": ""packets"", ""friendly_name"": ""UPNP IGD Packets received""}"
2025-07-25T06:15:09.259553,sensor.upnp_igd_packets_sent,10405510,10405572,"{""state_class"": ""total_increasing"", ""unit_of_measurement"": ""packets"", ""friendly_name"": ""UPNP IGD Packets sent""}"
2025-07-25T06:15:09.261009,sensor.upnp_igd_uptime,251436,251466,"{""unit_of_measurement"": ""s"", ""device_class"": ""duration"", ""friendly_name"": ""UPNP IGD Uptime""}"
2025-07-25T06:15:09.262542,sensor.upnp_igd_download_speed,2.81317353401215,2.34393208736353,"{""state_class"": ""measurement"", ""unit_of_measurement"": ""KiB/s"", ""device_class"": ""data_rate"", ""friendly_name"": ""UPNP IGD Download speed""}"
2025-07-25T06:15:09.263967,sensor.upnp_igd_upload_speed,0.381745750741856,0.234087212380301,"{""state_class"": ""measurement"", ""unit_of_measurement"": ""KiB/s"", ""device_class"": ""data_rate"", ""friendly_name"": ""UPNP IGD Upload speed""}"
2025-07-25T06:15:09.265378,sensor.upnp_igd_packet_download_speed,36.2340423127613,35.0674428260679,"{""state_class"": ""measurement"", ""unit_of_measurement"": ""packets/s"", ""friendly_name"": ""UPNP IGD Packet download speed""}"
2025-07-25T06:15:09.266742,sensor.upnp_igd_packet_upload_speed,2.63338485989709,2.06671240990134,"{""state_class"": ""measurement"", ""unit_of_measurement"": ""packets/s"", ""friendly_name"": ""UPNP IGD Packet upload speed""}"
2025-07-25T06:15:10.260434,automation.aut_status_bruno,on,on,"{""id"": ""1751855857509"", ""last_triggered"": ""2025-07-25T09:15:10.253846+00:00"", ""mode"": ""single"", ""current"": 1, ""friendly_name"": ""aut-status-bruno""}"
2025-07-25T06:15:10.262774,automation.aut_status_bruno,on,on,"{""id"": ""1751855857509"", ""last_triggered"": ""2025-07-25T09:15:10.253846+00:00"", ""mode"": ""single"", ""current"": 0, ""friendly_name"": ""aut-status-bruno""}"
2025-07-25T06:15:39.238272,sensor.upnp_igd_data_received,2324641805,2324924582,"{""state_class"": ""total_increasing"", ""unit_of_measurement"": ""B"", ""device_class"": ""data_size"", ""friendly_name"": ""UPNP IGD Data received""}"
2025-07-25T06:15:39.240791,sensor.upnp_igd_data_sent,2895179042,2895237812,"{""state_class"": ""total_increasing"", ""unit_of_measurement"": ""B"", ""device_class"": ""data_size"", ""friendly_name"": ""UPNP IGD Data sent""}"
2025-07-25T06:15:39.242350,sensor.upnp_igd_packets_received,32325077,32326453,"{""state_class"": ""total_increasing"", ""unit_of_measurement"": ""packets"", ""friendly_name"": ""UPNP IGD Packets received""}"
2025-07-25T06:15:39.243824,sensor.upnp_igd_packets_sent,10405572,10405870,"{""state_class"": ""total_increasing"", ""unit_of_measurement"": ""packets"", ""friendly_name"": ""UPNP IGD Packets sent""}"
2025-07-25T06:15:39.245217,sensor.upnp_igd_uptime,251466,251496,"{""unit_of_measurement"": ""s"", ""device_class"": ""duration"", ""friendly_name"": ""UPNP IGD Uptime""}"
2025-07-25T06:15:39.246636,sensor.upnp_igd_download_speed,2.34393208736353,9.20480649790719,"{""state_class"": ""measurement"", ""unit_of_measurement"": ""KiB/s"", ""device_class"": ""data_rate"", ""friendly_name"": ""UPNP IGD Download speed""}"
2025-07-25T06:15:39.248137,sensor.upnp_igd_upload_speed,0.234087212380301,1.91304978085914,"{""state_class"": ""measurement"", ""unit_of_measurement"": ""KiB/s"", ""device_class"": ""data_rate"", ""friendly_name"": ""UPNP IGD Upload speed""}"
2025-07-25T06:15:39.249559,sensor.upnp_igd_packet_download_speed,35.0674428260679,45.8657998030504,"{""state_class"": ""measurement"", ""unit_of_measurement"": ""packets/s"", ""friendly_name"": ""UPNP IGD Packet download speed""}"
2025-07-25T06:15:39.250963,sensor.upnp_igd_packet_upload_speed,2.06671240990134,9.93314559688155,"{""state_class"": ""measurement"", ""unit_of_measurement"": ""packets/s"", ""friendly_name"": ""UPNP IGD Packet upload speed""}"
2025-07-25T06:16:00.589401,sun.sun,above_horizon,above_horizon,"{""next_dawn"": ""2025-07-26T08:32:54.909961+00:00"", ""next_dusk"": ""2025-07-25T20:48:15.098712+00:00"", ""next_midnight"": ""2025-07-26T02:40:37+00:00"", ""next_noon"": ""2025-07-25T14:40:37+00:00"", ""next_rising"": ""2025-07-26T08:55:47.118508+00:00"", ""next_setting"": ""2025-07-25T20:25:21.448131+00:00"", ""elevation"": 3.97, ""azimuth"": 68.93, ""rising"": true, ""friendly_name"": ""Sun""}"
2025-07-25T06:16:09.237776,sensor.upnp_igd_data_received,2324924582,2325011698,"{""state_class"": ""total_increasing"", ""unit_of_measurement"": ""B"", ""device_class"": ""data_size"", ""friendly_name"": ""UPNP IGD Data received""}"
2025-07-25T06:16:09.240519,sensor.upnp_igd_data_sent,2895237812,2895268773,"{""state_class"": ""total_increasing"", ""unit_of_measurement"": ""B"", ""device_class"": ""data_size"", ""friendly_name"": ""UPNP IGD Data sent""}"
2025-07-25T06:16:09.242686,sensor.upnp_igd_packets_received,32326453,32327495,"{""state_class"": ""total_increasing"", ""unit_of_measurement"": ""packets"", ""friendly_name"": ""UPNP IGD Packets received""}"
2025-07-25T06:16:09.244464,sensor.upnp_igd_packets_sent,10405870,10405960,"{""state_class"": ""total_increasing"", ""unit_of_measurement"": ""packets"", ""friendly_name"": ""UPNP IGD Packets sent""}"
2025-07-25T06:16:09.246112,sensor.upnp_igd_uptime,251496,251526,"{""unit_of_measurement"": ""s"", ""device_class"": ""duration"", ""friendly_name"": ""UPNP IGD Uptime""}"
2025-07-25T06:16:09.247905,sensor.upnp_igd_download_speed,9.20480649790719,2.83581532647676,"{""state_class"": ""measurement"", ""unit_of_measurement"": ""KiB/s"", ""device_class"": ""data_rate"", ""friendly_name"": ""UPNP IGD Download speed""}"
2025-07-25T06:16:09.249619,sensor.upnp_igd_upload_speed,1.91304978085914,1.0078479076524,"{""state_class"": ""measurement"", ""unit_of_measurement"": ""KiB/s"", ""device_class"": ""data_rate"", ""friendly_name"": ""UPNP IGD Upload speed""}"
2025-07-25T06:16:09.251386,sensor.upnp_igd_packet_download_speed,45.8657998030504,34.7334317447233,"{""state_class"": ""measurement"", ""unit_of_measurement"": ""packets/s"", ""friendly_name"": ""UPNP IGD Packet download speed""}"
2025-07-25T06:16:09.253120,sensor.upnp_igd_packet_upload_speed,9.93314559688155,3.00000850002408,"{""state_class"": ""measurement"", ""unit_of_measurement"": ""packets/s"", ""friendly_name"": ""UPNP IGD Packet upload speed""}"
2025-07-25T06:16:10.260304,automation.aut_status_bruno,on,on,"{""id"": ""1751855857509"", ""last_triggered"": ""2025-07-25T09:16:10.252683+00:00"", ""mode"": ""single"", ""current"": 1, ""friendly_name"": ""aut-status-bruno""}"
2025-07-25T06:16:10.262788,automation.aut_status_bruno,on,on,"{""id"": ""1751855857509"", ""last_triggered"": ""2025-07-25T09:16:10.252683+00:00"", ""mode"": ""single"", ""current"": 0, ""friendly_name"": ""aut-status-bruno""}"
2025-07-25T06:16:39.237653,sensor.upnp_igd_data_received,2325011698,2325083127,"{""state_class"": ""total_increasing"", ""unit_of_measurement"": ""B"", ""device_class"": ""data_size"", ""friendly_name"": ""UPNP IGD Data received""}"
2025-07-25T06:16:39.240507,sensor.upnp_igd_data_sent,2895268773,2895275875,"{""state_class"": ""total_increasing"", ""unit_of_measurement"": ""B"", ""device_class"": ""data_size"", ""friendly_name"": ""UPNP IGD Data sent""}"
2025-07-25T06:16:39.241889,sensor.upnp_igd_packets_received,32327495,32328516,"{""state_class"": ""total_increasing"", ""unit_of_measurement"": ""packets"", ""friendly_name"": ""UPNP IGD Packets received""}"
2025-07-25T06:16:39.243109,sensor.upnp_igd_packets_sent,10405960,10406016,"{""state_class"": ""total_increasing"", ""unit_of_measurement"": ""packets"", ""friendly_name"": ""UPNP IGD Packets sent""}"
2025-07-25T06:16:39.245411,sensor.upnp_igd_uptime,251526,251556,"{""unit_of_measurement"": ""s"", ""device_class"": ""duration"", ""friendly_name"": ""UPNP IGD Uptime""}"
2025-07-25T06:16:39.247123,sensor.upnp_igd_download_speed,2.83581532647676,2.32516810830332,"{""state_class"": ""measurement"", ""unit_of_measurement"": ""KiB/s"", ""device_class"": ""data_rate"", ""friendly_name"": ""UPNP IGD Download speed""}"
2025-07-25T06:16:39.248911,sensor.upnp_igd_upload_speed,1.0078479076524,0.231185427559817,"{""state_class"": ""measurement"", ""unit_of_measurement"": ""KiB/s"", ""device_class"": ""data_rate"", ""friendly_name"": ""UPNP IGD Upload speed""}"
2025-07-25T06:16:39.250618,sensor.upnp_igd_packet_download_speed,34.7334317447233,34.03341161018,"{""state_class"": ""measurement"", ""unit_of_measurement"": ""packets/s"", ""friendly_name"": ""UPNP IGD Packet download speed""}"
2025-07-25T06:16:39.252403,sensor.upnp_igd_packet_upload_speed,3.00000850002408,1.86667096000987,"{""state_class"": ""measurement"", ""unit_of_measurement"": ""packets/s"", ""friendly_name"": ""UPNP IGD Packet upload speed""}"
2025-07-25T06:17:09.237421,sensor.upnp_igd_data_received,2325083127,2325154559,"{""state_class"": ""total_increasing"", ""unit_of_measurement"": ""B"", ""device_class"": ""data_size"", ""friendly_name"": ""UPNP IGD Data received""}"
2025-07-25T06:17:09.240133,sensor.upnp_igd_data_sent,2895275875,2895283317,"{""state_class"": ""total_increasing"", ""unit_of_measurement"": ""B"", ""device_class"": ""data_size"", ""friendly_name"": ""UPNP IGD Data sent""}"
2025-07-25T06:17:09.241658,sensor.upnp_igd_packets_received,32328516,32329550,"{""state_class"": ""total_increasing"", ""unit_of_measurement"": ""packets"", ""friendly_name"": ""UPNP IGD Packets received""}"
2025-07-25T06:17:09.243012,sensor.upnp_igd_packets_sent,10406016,10406083,"{""state_class"": ""total_increasing"", ""unit_of_measurement"": ""packets"", ""friendly_name"": ""UPNP IGD Packets sent""}"
2025-07-25T06:17:09.244383,sensor.upnp_igd_uptime,251556,251586,"{""unit_of_measurement"": ""s"", ""device_class"": ""duration"", ""friendly_name"": ""UPNP IGD Uptime""}"
2025-07-25T06:17:09.245796,sensor.upnp_igd_download_speed,2.32516810830332,2.32529304827911,"{""state_class"": ""measurement"", ""unit_of_measurement"": ""KiB/s"", ""device_class"": ""data_rate"", ""friendly_name"": ""UPNP IGD Download speed""}"
2025-07-25T06:17:09.247240,sensor.upnp_igd_upload_speed,0.231185427559817,0.24225600382592,"{""state_class"": ""measurement"", ""unit_of_measurement"": ""KiB/s"", ""device_class"": ""data_rate"", ""friendly_name"": ""UPNP IGD Upload speed""}"
2025-07-25T06:17:09.248824,sensor.upnp_igd_packet_download_speed,34.03341161018,34.4671503556767,"{""state_class"": ""measurement"", ""unit_of_measurement"": ""packets/s"", ""friendly_name"": ""UPNP IGD Packet download speed""}"
2025-07-25T06:17:09.250716,sensor.upnp_igd_packet_upload_speed,1.86667096000987,2.23336467488427,"{""state_class"": ""measurement"", ""unit_of_measurement"": ""packets/s"", ""friendly_name"": ""UPNP IGD Packet upload speed""}"
2025-07-25T06:17:10.259816,automation.aut_status_bruno,on,on,"{""id"": ""1751855857509"", ""last_triggered"": ""2025-07-25T09:17:10.253191+00:00"", ""mode"": ""single"", ""current"": 1, ""friendly_name"": ""aut-status-bruno""}"
2025-07-25T06:17:10.262030,automation.aut_status_bruno,on,on,"{""id"": ""1751855857509"", ""last_triggered"": ""2025-07-25T09:17:10.253191+00:00"", ""mode"": ""single"", ""current"": 0, ""friendly_name"": ""aut-status-bruno""}"
2025-07-25T06:17:39.239485,sensor.upnp_igd_data_received,2325154559,2325229222,"{""state_class"": ""total_increasing"", ""unit_of_measurement"": ""B"", ""device_class"": ""data_size"", ""friendly_name"": ""UPNP IGD Data received""}"
2025-07-25T06:17:39.242898,sensor.upnp_igd_data_sent,2895283317,2895294938,"{""state_class"": ""total_increasing"", ""unit_of_measurement"": ""B"", ""device_class"": ""data_size"", ""friendly_name"": ""UPNP IGD Data sent""}"
2025-07-25T06:17:39.244551,sensor.upnp_igd_packets_received,32329550,32330600,"{""state_class"": ""total_increasing"", ""unit_of_measurement"": ""packets"", ""friendly_name"": ""UPNP IGD Packets received""}"
2025-07-25T06:17:39.246025,sensor.upnp_igd_packets_sent,10406083,10406159,"{""state_class"": ""total_increasing"", ""unit_of_measurement"": ""packets"", ""friendly_name"": ""UPNP IGD Packets sent""}"
2025-07-25T06:17:39.247384,sensor.upnp_igd_uptime,251586,251616,"{""unit_of_measurement"": ""s"", ""device_class"": ""duration"", ""friendly_name"": ""UPNP IGD Uptime""}"
2025-07-25T06:17:39.248794,sensor.upnp_igd_download_speed,2.32529304827911,2.43030706760114,"{""state_class"": ""measurement"", ""unit_of_measurement"": ""KiB/s"", ""device_class"": ""data_rate"", ""friendly_name"": ""UPNP IGD Download speed""}"
2025-07-25T06:17:39.250169,sensor.upnp_igd_upload_speed,0.24225600382592,0.378267661794903,"{""state_class"": ""measurement"", ""unit_of_measurement"": ""KiB/s"", ""device_class"": ""data_rate"", ""friendly_name"": ""UPNP IGD Upload speed""}"
2025-07-25T06:17:39.251652,sensor.upnp_igd_packet_download_speed,34.4671503556767,34.9981404321384,"{""state_class"": ""measurement"", ""unit_of_measurement"": ""packets/s"", ""friendly_name"": ""UPNP IGD Packet download speed""}"
2025-07-25T06:17:39.253068,sensor.upnp_igd_packet_upload_speed,2.23336467488427,2.53319873604049,"{""state_class"": ""measurement"", ""unit_of_measurement"": ""packets/s"", ""friendly_name"": ""UPNP IGD Packet upload speed""}"
2025-07-25T06:17:49.090078,media_player.dlna_b13_box,unavailable,unknown,"{""friendly_name"": ""DLNA-B13 Box"", ""supported_features"": 512575}"
2025-07-25T06:17:52.437496,camera.192_168_0_33,idle,idle,"{""access_token"": ""f6f4b0ec6ea5302ef42fe5d4e42d4b52ba95bc2dac5461b05b6168ecc4c35ea6"", ""entity_picture"": ""/api/camera_proxy/camera.192_168_0_33?token=f6f4b0ec6ea5302ef42fe5d4e42d4b52ba95bc2dac5461b05b6168ecc4c35ea6"", ""friendly_name"": ""192_168_0_14"", ""supported_features"": 2}"
2025-07-25T06:17:52.439224,camera.admin_mainstream,idle,idle,"{""access_token"": ""515ec2fb54b10e187eaca9c2004e5c713fce1e84e5ff659c9cae615e321377d8"", ""entity_picture"": ""/api/camera_proxy/camera.admin_mainstream?token=515ec2fb54b10e187eaca9c2004e5c713fce1e84e5ff659c9cae615e321377d8"", ""friendly_name"": ""admin MainStream"", ""supported_features"": 2}"
2025-07-25T06:17:52.440947,camera.admin_substream,idle,idle,"{""access_token"": ""eefbf570e6f388570b410c555b309e169ad836e208fd8192ccd77c482a3ac9d1"", ""entity_picture"": ""/api/camera_proxy/camera.admin_substream?token=eefbf570e6f388570b410c555b309e169ad836e208fd8192ccd77c482a3ac9d1"", ""friendly_name"": ""admin SubStream"", ""supported_features"": 2}"
2025-07-25T06:18:00.590166,sun.sun,above_horizon,above_horizon,"{""next_dawn"": ""2025-07-26T08:32:54.909961+00:00"", ""next_dusk"": ""2025-07-25T20:48:15.098712+00:00"", ""next_midnight"": ""2025-07-26T02:40:37+00:00"", ""next_noon"": ""2025-07-25T14:40:37+00:00"", ""next_rising"": ""2025-07-26T08:55:47.118508+00:00"", ""next_setting"": ""2025-07-25T20:25:21.448131+00:00"", ""elevation"": 4.41, ""azimuth"": 68.8, ""rising"": true, ""friendly_name"": ""Sun""}"
2025-07-25T06:18:00.788494,media_player.dlna_b13_box,unknown,unavailable,"{""friendly_name"": ""DLNA-B13 Box"", ""supported_features"": 512575}"
2025-07-25T06:18:09.238848,sensor.upnp_igd_data_received,2325229222,2325578075,"{""state_class"": ""total_increasing"", ""unit_of_measurement"": ""B"", ""device_class"": ""data_size"", ""friendly_name"": ""UPNP IGD Data received""}"
2025-07-25T06:18:09.240652,sensor.upnp_igd_data_sent,2895294938,2895377552,"{""state_class"": ""total_increasing"", ""unit_of_measurement"": ""B"", ""device_class"": ""data_size"", ""friendly_name"": ""UPNP IGD Data sent""}"
2025-07-25T06:18:09.242457,sensor.upnp_igd_packets_received,32330600,32331928,"{""state_class"": ""total_increasing"", ""unit_of_measurement"": ""packets"", ""friendly_name"": ""UPNP IGD Packets received""}"
2025-07-25T06:18:09.311493,sensor.upnp_igd_packets_sent,10406159,10406359,"{""state_class"": ""total_increasing"", ""unit_of_measurement"": ""packets"", ""friendly_name"": ""UPNP IGD Packets sent""}"
2025-07-25T06:18:09.313097,sensor.upnp_igd_uptime,251616,251646,"{""unit_of_measurement"": ""s"", ""device_class"": ""duration"", ""friendly_name"": ""UPNP IGD Uptime""}"
2025-07-25T06:18:09.314455,sensor.upnp_igd_download_speed,2.43030706760114,11.3562742549833,"{""state_class"": ""measurement"", ""unit_of_measurement"": ""KiB/s"", ""device_class"": ""data_rate"", ""friendly_name"": ""UPNP IGD Download speed""}"
2025-07-25T06:18:09.315799,sensor.upnp_igd_upload_speed,0.378267661794903,2.68934835389458,"{""state_class"": ""measurement"", ""unit_of_measurement"": ""KiB/s"", ""device_class"": ""data_rate"", ""friendly_name"": ""UPNP IGD Upload speed""}"
2025-07-25T06:18:09.317151,sensor.upnp_igd_packet_download_speed,34.9981404321384,44.2681570279533,"{""state_class"": ""measurement"", ""unit_of_measurement"": ""packets/s"", ""friendly_name"": ""UPNP IGD Packet download speed""}"
2025-07-25T06:18:09.318481,sensor.upnp_igd_packet_upload_speed,2.53319873604049,6.66689111866766,"{""state_class"": ""measurement"", ""unit_of_measurement"": ""packets/s"", ""friendly_name"": ""UPNP IGD Packet upload speed""}"
2025-07-25T06:18:10.259071,automation.aut_status_bruno,on,on,"{""id"": ""1751855857509"", ""last_triggered"": ""2025-07-25T09:18:10.252573+00:00"", ""mode"": ""single"", ""current"": 1, ""friendly_name"": ""aut-status-bruno""}"
2025-07-25T06:18:10.261434,automation.aut_status_bruno,on,on,"{""id"": ""1751855857509"", ""last_triggered"": ""2025-07-25T09:18:10.252573+00:00"", ""mode"": ""single"", ""current"": 0, ""friendly_name"": ""aut-status-bruno""}"
2025-07-25T06:18:39.240131,sensor.upnp_igd_data_received,2325578075,2325653928,"{""state_class"": ""total_increasing"", ""unit_of_measurement"": ""B"", ""device_class"": ""data_size"", ""friendly_name"": ""UPNP IGD Data received""}"
2025-07-25T06:18:39.242411,sensor.upnp_igd_data_sent,2895377552,2895392880,"{""state_class"": ""total_increasing"", ""unit_of_measurement"": ""B"", ""device_class"": ""data_size"", ""friendly_name"": ""UPNP IGD Data sent""}"
2025-07-25T06:18:39.244096,sensor.upnp_igd_packets_received,32331928,32332993,"{""state_class"": ""total_increasing"", ""unit_of_measurement"": ""packets"", ""friendly_name"": ""UPNP IGD Packets received""}"
2025-07-25T06:18:39.245558,sensor.upnp_igd_packets_sent,10406359,10406449,"{""state_class"": ""total_increasing"", ""unit_of_measurement"": ""packets"", ""friendly_name"": ""UPNP IGD Packets sent""}"
2025-07-25T06:18:39.246852,sensor.upnp_igd_uptime,251646,251676,"{""unit_of_measurement"": ""s"", ""device_class"": ""duration"", ""friendly_name"": ""UPNP IGD Uptime""}"
2025-07-25T06:18:39.248308,sensor.upnp_igd_download_speed,11.3562742549833,2.46918873297235,"{""state_class"": ""measurement"", ""unit_of_measurement"": ""KiB/s"", ""device_class"": ""data_rate"", ""friendly_name"": ""UPNP IGD Download speed""}"
2025-07-25T06:18:39.249721,sensor.upnp_igd_upload_speed,2.68934835389458,0.498961476790637,"{""state_class"": ""measurement"", ""unit_of_measurement"": ""KiB/s"", ""device_class"": ""data_rate"", ""friendly_name"": ""UPNP IGD Upload speed""}"
2025-07-25T06:18:39.251065,sensor.upnp_igd_packet_download_speed,44.2681570279533,35.500223651409,"{""state_class"": ""measurement"", ""unit_of_measurement"": ""packets/s"", ""friendly_name"": ""UPNP IGD Packet download speed""}"
2025-07-25T06:18:39.252466,sensor.upnp_igd_packet_upload_speed,6.66689111866766,3.00001890011907,"{""state_class"": ""measurement"", ""unit_of_measurement"": ""packets/s"", ""friendly_name"": ""UPNP IGD Packet upload speed""}"
2025-07-25T06:19:09.241788,sensor.upnp_igd_data_received,2325653928,2325726622,"{""state_class"": ""total_increasing"", ""unit_of_measurement"": ""B"", ""device_class"": ""data_size"", ""friendly_name"": ""UPNP IGD Data received""}"
2025-07-25T06:19:09.244383,sensor.upnp_igd_data_sent,2895392880,2895399239,"{""state_class"": ""total_increasing"", ""unit_of_measurement"": ""B"", ""device_class"": ""data_size"", ""friendly_name"": ""UPNP IGD Data sent""}"
2025-07-25T06:19:09.246049,sensor.upnp_igd_packets_received,32332993,32334048,"{""state_class"": ""total_increasing"", ""unit_of_measurement"": ""packets"", ""friendly_name"": ""UPNP IGD Packets received""}"
2025-07-25T06:19:09.247562,sensor.upnp_igd_packets_sent,10406449,10406507,"{""state_class"": ""total_increasing"", ""unit_of_measurement"": ""packets"", ""friendly_name"": ""UPNP IGD Packets sent""}"
2025-07-25T06:19:09.248969,sensor.upnp_igd_uptime,251676,251706,"{""unit_of_measurement"": ""s"", ""device_class"": ""duration"", ""friendly_name"": ""UPNP IGD Uptime""}"
2025-07-25T06:19:09.250359,sensor.upnp_igd_download_speed,2.46918873297235,2.36632016446121,"{""state_class"": ""measurement"", ""unit_of_measurement"": ""KiB/s"", ""device_class"": ""data_rate"", ""friendly_name"": ""UPNP IGD Download speed""}"
2025-07-25T06:19:09.251792,sensor.upnp_igd_upload_speed,0.498961476790637,0.206996862544485,"{""state_class"": ""measurement"", ""unit_of_measurement"": ""KiB/s"", ""device_class"": ""data_rate"", ""friendly_name"": ""UPNP IGD Upload speed""}"
2025-07-25T06:19:09.253193,sensor.upnp_igd_packet_download_speed,35.500223651409,35.1663548583203,"{""state_class"": ""measurement"", ""unit_of_measurement"": ""packets/s"", ""friendly_name"": ""UPNP IGD Packet download speed""}"
2025-07-25T06:19:09.254554,sensor.upnp_igd_packet_upload_speed,3.00001890011907,1.9333161912631,"{""state_class"": ""measurement"", ""unit_of_measurement"": ""packets/s"", ""friendly_name"": ""UPNP IGD Packet upload speed""}"
2025-07-25T06:19:10.259399,automation.aut_status_bruno,on,on,"{""id"": ""1751855857509"", ""last_triggered"": ""2025-07-25T09:19:10.252309+00:00"", ""mode"": ""single"", ""current"": 1, ""friendly_name"": ""aut-status-bruno""}"
2025-07-25T06:19:10.262204,automation.aut_status_bruno,on,on,"{""id"": ""1751855857509"", ""last_triggered"": ""2025-07-25T09:19:10.252309+00:00"", ""mode"": ""single"", ""current"": 0, ""friendly_name"": ""aut-status-bruno""}"
2025-07-25T06:19:39.238354,sensor.upnp_igd_data_received,2325726622,2325807139,"{""state_class"": ""total_increasing"", ""unit_of_measurement"": ""B"", ""device_class"": ""data_size"", ""friendly_name"": ""UPNP IGD Data received""}"
2025-07-25T06:19:39.240707,sensor.upnp_igd_data_sent,2895399239,2895413476,"{""state_class"": ""total_increasing"", ""unit_of_measurement"": ""B"", ""device_class"": ""data_size"", ""friendly_name"": ""UPNP IGD Data sent""}"
2025-07-25T06:19:39.242591,sensor.upnp_igd_packets_received,32334048,32335146,"{""state_class"": ""total_increasing"", ""unit_of_measurement"": ""packets"", ""friendly_name"": ""UPNP IGD Packets received""}"
2025-07-25T06:19:39.244575,sensor.upnp_igd_packets_sent,10406507,10406620,"{""state_class"": ""total_increasing"", ""unit_of_measurement"": ""packets"", ""friendly_name"": ""UPNP IGD Packets sent""}"
2025-07-25T06:19:39.246930,sensor.upnp_igd_uptime,251706,251736,"{""unit_of_measurement"": ""s"", ""device_class"": ""duration"", ""friendly_name"": ""UPNP IGD Uptime""}"
2025-07-25T06:19:39.248852,sensor.upnp_igd_download_speed,2.36632016446121,2.62098141625407,"{""state_class"": ""measurement"", ""unit_of_measurement"": ""KiB/s"", ""device_class"": ""data_rate"", ""friendly_name"": ""UPNP IGD Download speed""}"
2025-07-25T06:19:39.250569,sensor.upnp_igd_upload_speed,0.206996862544485,0.463441415144742,"{""state_class"": ""measurement"", ""unit_of_measurement"": ""KiB/s"", ""device_class"": ""data_rate"", ""friendly_name"": ""UPNP IGD Upload speed""}"
2025-07-25T06:19:39.252295,sensor.upnp_igd_packet_download_speed,35.1663548583203,36.5997950411478,"{""state_class"": ""measurement"", ""unit_of_measurement"": ""packets/s"", ""friendly_name"": ""UPNP IGD Packet download speed""}"
2025-07-25T06:19:39.254015,sensor.upnp_igd_packet_upload_speed,1.9333161912631,3.76664557345146,"{""state_class"": ""measurement"", ""unit_of_measurement"": ""packets/s"", ""friendly_name"": ""UPNP IGD Packet upload speed""}"
2025-07-25T06:20:00.591518,sun.sun,above_horizon,above_horizon,"{""next_dawn"": ""2025-07-26T08:32:54.909961+00:00"", ""next_dusk"": ""2025-07-25T20:48:15.098712+00:00"", ""next_midnight"": ""2025-07-26T02:40:37+00:00"", ""next_noon"": ""2025-07-25T14:40:37+00:00"", ""next_rising"": ""2025-07-26T08:55:47.118508+00:00"", ""next_setting"": ""2025-07-25T20:25:21.448131+00:00"", ""elevation"": 4.85, ""azimuth"": 68.68, ""rising"": true, ""friendly_name"": ""Sun""}"
2025-07-25T06:20:09.239258,sensor.upnp_igd_data_received,2325807139,2325875557,"{""state_class"": ""total_increasing"", ""unit_of_measurement"": ""B"", ""device_class"": ""data_size"", ""friendly_name"": ""UPNP IGD Data received""}"
2025-07-25T06:20:09.241238,sensor.upnp_igd_data_sent,2895413476,2895419421,"{""state_class"": ""total_increasing"", ""unit_of_measurement"": ""B"", ""device_class"": ""data_size"", ""friendly_name"": ""UPNP IGD Data sent""}"
2025-07-25T06:20:09.242827,sensor.upnp_igd_packets_received,32335146,32336152,"{""state_class"": ""total_increasing"", ""unit_of_measurement"": ""packets"", ""friendly_name"": ""UPNP IGD Packets received""}"
2025-07-25T06:20:09.244439,sensor.upnp_igd_packets_sent,10406620,10406678,"{""state_class"": ""total_increasing"", ""unit_of_measurement"": ""packets"", ""friendly_name"": ""UPNP IGD Packets sent""}"
2025-07-25T06:20:09.245829,sensor.upnp_igd_uptime,251736,251766,"{""unit_of_measurement"": ""s"", ""device_class"": ""duration"", ""friendly_name"": ""UPNP IGD Uptime""}"
2025-07-25T06:20:09.247239,sensor.upnp_igd_download_speed,2.62098141625407,2.22719097684766,"{""state_class"": ""measurement"", ""unit_of_measurement"": ""KiB/s"", ""device_class"": ""data_rate"", ""friendly_name"": ""UPNP IGD Download speed""}"
2025-07-25T06:20:09.248764,sensor.upnp_igd_upload_speed,0.463441415144742,0.193525831760053,"{""state_class"": ""measurement"", ""unit_of_measurement"": ""KiB/s"", ""device_class"": ""data_rate"", ""friendly_name"": ""UPNP IGD Upload speed""}"
2025-07-25T06:20:09.250188,sensor.upnp_igd_packet_download_speed,36.5997950411478,33.5339738322335,"{""state_class"": ""measurement"", ""unit_of_measurement"": ""packets/s"", ""friendly_name"": ""UPNP IGD Packet download speed""}"
2025-07-25T06:20:09.251639,sensor.upnp_igd_packet_upload_speed,3.76664557345146,1.93337026070531,"{""state_class"": ""measurement"", ""unit_of_measurement"": ""packets/s"", ""friendly_name"": ""UPNP IGD Packet upload speed""}"
2025-07-25T06:20:10.261115,automation.aut_status_bruno,on,on,"{""id"": ""1751855857509"", ""last_triggered"": ""2025-07-25T09:20:10.252863+00:00"", ""mode"": ""single"", ""current"": 1, ""friendly_name"": ""aut-status-bruno""}"
2025-07-25T06:20:10.263690,automation.aut_status_bruno,on,on,"{""id"": ""1751855857509"", ""last_triggered"": ""2025-07-25T09:20:10.252863+00:00"", ""mode"": ""single"", ""current"": 0, ""friendly_name"": ""aut-status-bruno""}"
2025-07-25T06:20:18.743110,sensor.tomada_mesa_de_trabalho_current,0.106,0.103,"{""state_class"": ""measurement"", ""unit_of_measurement"": ""A"", ""device_class"": ""current"", ""friendly_name"": ""Tomada mesa de trabalho Current""}"
2025-07-25T06:20:18.744779,sensor.tomada_mesa_de_trabalho_power,5.4,5.5,"{""state_class"": ""measurement"", ""unit_of_measurement"": ""W"", ""device_class"": ""power"", ""friendly_name"": ""Tomada mesa de trabalho Power""}"
2025-07-25T06:20:18.746219,sensor.tomada_mesa_de_trabalho_voltage,132.5,131.2,"{""state_class"": ""measurement"", ""unit_of_measurement"": ""V"", ""device_class"": ""voltage"", ""friendly_name"": ""Tomada mesa de trabalho Voltage""}"
2025-07-25T06:20:39.235981,sensor.upnp_igd_data_received,2325875557,2325946552,"{""state_class"": ""total_increasing"", ""unit_of_measurement"": ""B"", ""device_class"": ""data_size"", ""friendly_name"": ""UPNP IGD Data received""}"
2025-07-25T06:20:39.238393,sensor.upnp_igd_data_sent,2895419421,2895426933,"{""state_class"": ""total_increasing"", ""unit_of_measurement"": ""B"", ""device_class"": ""data_size"", ""friendly_name"": ""UPNP IGD Data sent""}"
2025-07-25T06:20:39.239933,sensor.upnp_igd_packets_received,32336152,32337173,"{""state_class"": ""total_increasing"", ""unit_of_measurement"": ""packets"", ""friendly_name"": ""UPNP IGD Packets received""}"
2025-07-25T06:20:39.241341,sensor.upnp_igd_packets_sent,10406678,10406729,"{""state_class"": ""total_increasing"", ""unit_of_measurement"": ""packets"", ""friendly_name"": ""UPNP IGD Packets sent""}"
2025-07-25T06:20:39.242671,sensor.upnp_igd_uptime,251766,251796,"{""unit_of_measurement"": ""s"", ""device_class"": ""duration"", ""friendly_name"": ""UPNP IGD Uptime""}"
2025-07-25T06:20:39.244158,sensor.upnp_igd_download_speed,2.22719097684766,2.31106157938739,"{""state_class"": ""measurement"", ""unit_of_measurement"": ""KiB/s"", ""device_class"": ""data_rate"", ""friendly_name"": ""UPNP IGD Download speed""}"
2025-07-25T06:20:39.245546,sensor.upnp_igd_upload_speed,0.193525831760053,0.244534045839257,"{""state_class"": ""measurement"", ""unit_of_measurement"": ""KiB/s"", ""device_class"": ""data_rate"", ""friendly_name"": ""UPNP IGD Upload speed""}"
2025-07-25T06:20:39.246976,sensor.upnp_igd_packet_download_speed,33.5339738322335,34.0337224522267,"{""state_class"": ""measurement"", ""unit_of_measurement"": ""packets/s"", ""friendly_name"": ""UPNP IGD Packet download speed""}"
2025-07-25T06:20:39.248436,sensor.upnp_igd_packet_upload_speed,1.93337026070531,1.7000194368889,"{""state_class"": ""measurement"", ""unit_of_measurement"": ""packets/s"", ""friendly_name"": ""UPNP IGD Packet upload speed""}"
2025-07-25T06:21:00.086996,weather.forecast_home,rainy,rainy,"{""temperature"": 23.4, ""dew_point"": 20.0, ""temperature_unit"": ""\u00b0C"", ""humidity"": 80, ""cloud_coverage"": 29.7, ""uv_index"": 0.0, ""pressure"": 1018.7, ""pressure_unit"": ""hPa"", ""wind_bearing"": 154.3, ""wind_speed"": 24.1, ""wind_speed_unit"": ""km/h"", ""visibility_unit"": ""km"", ""precipitation_unit"": ""mm"", ""attribution"": ""Weather forecast from met.no, delivered by the Norwegian Meteorological Institute."", ""friendly_name"": ""Forecast Home"", ""supported_features"": 3}"
2025-07-25T06:21:09.239026,sensor.upnp_igd_data_received,2325946552,2326128828,"{""state_class"": ""total_increasing"", ""unit_of_measurement"": ""B"", ""device_class"": ""data_size"", ""friendly_name"": ""UPNP IGD Data received""}"
2025-07-25T06:21:09.241469,sensor.upnp_igd_data_sent,2895426933,2895487193,"{""state_class"": ""total_increasing"", ""unit_of_measurement"": ""B"", ""device_class"": ""data_size"", ""friendly_name"": ""UPNP IGD Data sent""}"
2025-07-25T06:21:09.243068,sensor.upnp_igd_packets_received,32337173,32338415,"{""state_class"": ""total_increasing"", ""unit_of_measurement"": ""packets"", ""friendly_name"": ""UPNP IGD Packets received""}"
2025-07-25T06:21:09.244600,sensor.upnp_igd_packets_sent,10406729,10407032,"{""state_class"": ""total_increasing"", ""unit_of_measurement"": ""packets"", ""friendly_name"": ""UPNP IGD Packets sent""}"
2025-07-25T06:21:09.245910,sensor.upnp_igd_uptime,251796,251826,"{""unit_of_measurement"": ""s"", ""device_class"": ""duration"", ""friendly_name"": ""UPNP IGD Uptime""}"
2025-07-25T06:21:09.247252,sensor.upnp_igd_download_speed,2.31106157938739,5.93315778626875,"{""state_class"": ""measurement"", ""unit_of_measurement"": ""KiB/s"", ""device_class"": ""data_rate"", ""friendly_name"": ""UPNP IGD Download speed""}"
2025-07-25T06:21:09.248710,sensor.upnp_igd_upload_speed,0.244534045839257,1.96148745967958,"{""state_class"": ""measurement"", ""unit_of_measurement"": ""KiB/s"", ""device_class"": ""data_rate"", ""friendly_name"": ""UPNP IGD Upload speed""}"
2025-07-25T06:21:09.250121,sensor.upnp_igd_packet_download_speed,34.0337224522267,41.3978666299397,"{""state_class"": ""measurement"", ""unit_of_measurement"": ""packets/s"", ""friendly_name"": ""UPNP IGD Packet download speed""}"
2025-07-25T06:21:09.251571,sensor.upnp_igd_packet_upload_speed,1.7000194368889,10.0994795401544,"{""state_class"": ""measurement"", ""unit_of_measurement"": ""packets/s"", ""friendly_name"": ""UPNP IGD Packet upload speed""}"
2025-07-25T06:21:10.259659,automation.aut_status_bruno,on,on,"{""id"": ""1751855857509"", ""last_triggered"": ""2025-07-25T09:21:10.252893+00:00"", ""mode"": ""single"", ""current"": 1, ""friendly_name"": ""aut-status-bruno""}"
2025-07-25T06:21:10.261801,automation.aut_status_bruno,on,on,"{""id"": ""1751855857509"", ""last_triggered"": ""2025-07-25T09:21:10.252893+00:00"", ""mode"": ""single"", ""current"": 0, ""friendly_name"": ""aut-status-bruno""}"
2025-07-25T06:21:39.238542,sensor.upnp_igd_data_received,2326128828,2326243517,"{""state_class"": ""total_increasing"", ""unit_of_measurement"": ""B"", ""device_class"": ""data_size"", ""friendly_name"": ""UPNP IGD Data received""}"
2025-07-25T06:21:39.240342,sensor.upnp_igd_data_sent,2895487193,2895519865,"{""state_class"": ""total_increasing"", ""unit_of_measurement"": ""B"", ""device_class"": ""data_size"", ""friendly_name"": ""UPNP IGD Data sent""}"
2025-07-25T06:21:39.241655,sensor.upnp_igd_packets_received,32338415,32339507,"{""state_class"": ""total_increasing"", ""unit_of_measurement"": ""packets"", ""friendly_name"": ""UPNP IGD Packets received""}"
2025-07-25T06:21:39.242829,sensor.upnp_igd_packets_sent,10407032,10407152,"{""state_class"": ""total_increasing"", ""unit_of_measurement"": ""packets"", ""friendly_name"": ""UPNP IGD Packets sent""}"
2025-07-25T06:21:39.244137,sensor.upnp_igd_uptime,251826,251856,"{""unit_of_measurement"": ""s"", ""device_class"": ""duration"", ""friendly_name"": ""UPNP IGD Uptime""}"
2025-07-25T06:21:39.245656,sensor.upnp_igd_download_speed,5.93315778626875,3.73346631566056,"{""state_class"": ""measurement"", ""unit_of_measurement"": ""KiB/s"", ""device_class"": ""data_rate"", ""friendly_name"": ""UPNP IGD Download speed""}"
2025-07-25T06:21:39.248092,sensor.upnp_igd_upload_speed,1.96148745967958,1.06357027670711,"{""state_class"": ""measurement"", ""unit_of_measurement"": ""KiB/s"", ""device_class"": ""data_rate"", ""friendly_name"": ""UPNP IGD Upload speed""}"
2025-07-25T06:21:39.249646,sensor.upnp_igd_packet_download_speed,41.3978666299397,36.4009791863401,"{""state_class"": ""measurement"", ""unit_of_measurement"": ""packets/s"", ""friendly_name"": ""UPNP IGD Packet download speed""}"
2025-07-25T06:21:39.251192,sensor.upnp_igd_packet_upload_speed,10.0994795401544,4.00010760289452,"{""state_class"": ""measurement"", ""unit_of_measurement"": ""packets/s"", ""friendly_name"": ""UPNP IGD Packet upload speed""}"
2025-07-25T06:21:53.736805,sensor.tauntaum_energy,222.502,222.515,"{""state_class"": ""total_increasing"", ""unit_of_measurement"": ""kWh"", ""device_class"": ""energy"", ""friendly_name"": ""Tauntaum Energy""}"
2025-07-25T06:21:53.740197,sensor.tauntaum_power,46,46,"{""state_class"": ""measurement"", ""power_consumption_start"": ""2025-07-25T09:05:08Z"", ""power_consumption_end"": ""2025-07-25T09:21:53Z"", ""unit_of_measurement"": ""W"", ""device_class"": ""power"", ""friendly_name"": ""Tauntaum Power""}"
2025-07-25T06:21:53.741725,sensor.tauntaum_energy_difference,0.008,0.013,"{""state_class"": ""total"", ""unit_of_measurement"": ""kWh"", ""device_class"": ""energy"", ""friendly_name"": ""Tauntaum Energy difference""}"
2025-07-25T06:21:53.743125,sensor.tauntaum_power_energy,0.00838048749864101,0.0128495505568716,"{""state_class"": ""total"", ""unit_of_measurement"": ""kWh"", ""device_class"": ""energy"", ""friendly_name"": ""Tauntaum Power energy""}"
2025-07-25T06:21:53.744619,sensor.tauntaum_energy_saved,0.0,0.002,"{""state_class"": ""total_increasing"", ""unit_of_measurement"": ""kWh"", ""device_class"": ""energy"", ""friendly_name"": ""Tauntaum Energy saved""}"
2025-07-25T06:22:00.592132,sun.sun,above_horizon,above_horizon,"{""next_dawn"": ""2025-07-26T08:32:54.909961+00:00"", ""next_dusk"": ""2025-07-25T20:48:15.098712+00:00"", ""next_midnight"": ""2025-07-26T02:40:37+00:00"", ""next_noon"": ""2025-07-25T14:40:37+00:00"", ""next_rising"": ""2025-07-26T08:55:47.118508+00:00"", ""next_setting"": ""2025-07-25T20:25:21.448131+00:00"", ""elevation"": 5.29, ""azimuth"": 68.55, ""rising"": true, ""friendly_name"": ""Sun""}"
2025-07-25T06:22:09.239666,sensor.upnp_igd_data_received,2326243517,2326314479,"{""state_class"": ""total_increasing"", ""unit_of_measurement"": ""B"", ""device_class"": ""data_size"", ""friendly_name"": ""UPNP IGD Data received""}"
2025-07-25T06:22:09.242130,sensor.upnp_igd_data_sent,2895519865,2895526290,"{""state_class"": ""total_increasing"", ""unit_of_measurement"": ""B"", ""device_class"": ""data_size"", ""friendly_name"": ""UPNP IGD Data sent""}"
2025-07-25T06:22:09.243749,sensor.upnp_igd_packets_received,32339507,32340582,"{""state_class"": ""total_increasing"", ""unit_of_measurement"": ""packets"", ""friendly_name"": ""UPNP IGD Packets received""}"
2025-07-25T06:22:09.245546,sensor.upnp_igd_packets_sent,10407152,10407208,"{""state_class"": ""total_increasing"", ""unit_of_measurement"": ""packets"", ""friendly_name"": ""UPNP IGD Packets sent""}"
2025-07-25T06:22:09.247380,sensor.upnp_igd_uptime,251856,251886,"{""unit_of_measurement"": ""s"", ""device_class"": ""duration"", ""friendly_name"": ""UPNP IGD Uptime""}"
2025-07-25T06:22:09.248978,sensor.upnp_igd_download_speed,3.73346631566056,2.30989140976857,"{""state_class"": ""measurement"", ""unit_of_measurement"": ""KiB/s"", ""device_class"": ""data_rate"", ""friendly_name"": ""UPNP IGD Download speed""}"
2025-07-25T06:22:09.250434,sensor.upnp_igd_upload_speed,1.06357027670711,0.209140840277374,"{""state_class"": ""measurement"", ""unit_of_measurement"": ""KiB/s"", ""device_class"": ""data_rate"", ""friendly_name"": ""UPNP IGD Upload speed""}"
2025-07-25T06:22:09.251940,sensor.upnp_igd_packet_download_speed,36.4009791863401,35.8322547824644,"{""state_class"": ""measurement"", ""unit_of_measurement"": ""packets/s"", ""friendly_name"": ""UPNP IGD Packet download speed""}"
2025-07-25T06:22:09.253402,sensor.upnp_igd_packet_upload_speed,4.00010760289452,1.86661048169117,"{""state_class"": ""measurement"", ""unit_of_measurement"": ""packets/s"", ""friendly_name"": ""UPNP IGD Packet upload speed""}"
2025-07-25T06:22:10.260050,automation.aut_status_bruno,on,on,"{""id"": ""1751855857509"", ""last_triggered"": ""2025-07-25T09:22:10.252795+00:00"", ""mode"": ""single"", ""current"": 1, ""friendly_name"": ""aut-status-bruno""}"
2025-07-25T06:22:10.262187,automation.aut_status_bruno,on,on,"{""id"": ""1751855857509"", ""last_triggered"": ""2025-07-25T09:22:10.252795+00:00"", ""mode"": ""single"", ""current"": 0, ""friendly_name"": ""aut-status-bruno""}"
2025-07-25T06:22:39.253390,sensor.upnp_igd_data_received,2326314479,2326411440,"{""state_class"": ""total_increasing"", ""unit_of_measurement"": ""B"", ""device_class"": ""data_size"", ""friendly_name"": ""UPNP IGD Data received""}"
2025-07-25T06:22:39.255878,sensor.upnp_igd_data_sent,2895526290,2895546321,"{""state_class"": ""total_increasing"", ""unit_of_measurement"": ""B"", ""device_class"": ""data_size"", ""friendly_name"": ""UPNP IGD Data sent""}"
2025-07-25T06:22:39.257334,sensor.upnp_igd_packets_received,32340582,32341674,"{""state_class"": ""total_increasing"", ""unit_of_measurement"": ""packets"", ""friendly_name"": ""UPNP IGD Packets received""}"
2025-07-25T06:22:39.258707,sensor.upnp_igd_packets_sent,10407208,10407330,"{""state_class"": ""total_increasing"", ""unit_of_measurement"": ""packets"", ""friendly_name"": ""UPNP IGD Packets sent""}"
2025-07-25T06:22:39.260105,sensor.upnp_igd_uptime,251886,251916,"{""unit_of_measurement"": ""s"", ""device_class"": ""duration"", ""friendly_name"": ""UPNP IGD Uptime""}"
2025-07-25T06:22:39.261499,sensor.upnp_igd_download_speed,2.30989140976857,3.15637345563886,"{""state_class"": ""measurement"", ""unit_of_measurement"": ""KiB/s"", ""device_class"": ""data_rate"", ""friendly_name"": ""UPNP IGD Download speed""}"
2025-07-25T06:22:39.262853,sensor.upnp_igd_upload_speed,0.209140840277374,0.652069560853353,"{""state_class"": ""measurement"", ""unit_of_measurement"": ""KiB/s"", ""device_class"": ""data_rate"", ""friendly_name"": ""UPNP IGD Upload speed""}"
2025-07-25T06:22:39.264326,sensor.upnp_igd_packet_download_speed,35.8322547824644,36.4010483501925,"{""state_class"": ""measurement"", ""unit_of_measurement"": ""packets/s"", ""friendly_name"": ""UPNP IGD Packet download speed""}"
2025-07-25T06:22:39.265740,sensor.upnp_igd_packet_upload_speed,1.86661048169117,4.06678379003982,"{""state_class"": ""measurement"", ""unit_of_measurement"": ""packets/s"", ""friendly_name"": ""UPNP IGD Packet upload speed""}"
2025-07-25T06:22:52.437554,camera.192_168_0_33,idle,idle,"{""access_token"": ""383ce6dc6df99c649df450d25d5a72e82b224ee904c0c0704a631cc1cf6d1fae"", ""entity_picture"": ""/api/camera_proxy/camera.192_168_0_33?token=383ce6dc6df99c649df450d25d5a72e82b224ee904c0c0704a631cc1cf6d1fae"", ""friendly_name"": ""192_168_0_14"", ""supported_features"": 2}"
2025-07-25T06:22:52.439365,camera.admin_mainstream,idle,idle,"{""access_token"": ""40a3422da9fc05bec501681d7b141708f46b2d3fe6a7721eeeb5c4efb501a958"", ""entity_picture"": ""/api/camera_proxy/camera.admin_mainstream?token=40a3422da9fc05bec501681d7b141708f46b2d3fe6a7721eeeb5c4efb501a958"", ""friendly_name"": ""admin MainStream"", ""supported_features"": 2}"
2025-07-25T06:22:52.440997,camera.admin_substream,idle,idle,"{""access_token"": ""4ee6d685e881de517f8423b04f04181e9fce4a05f2a503de9f6438d3a529554d"", ""entity_picture"": ""/api/camera_proxy/camera.admin_substream?token=4ee6d685e881de517f8423b04f04181e9fce4a05f2a503de9f6438d3a529554d"", ""friendly_name"": ""admin SubStream"", ""supported_features"": 2}"
2025-07-25T06:23:09.253828,sensor.upnp_igd_data_received,2326411440,2326745163,"{""state_class"": ""total_increasing"", ""unit_of_measurement"": ""B"", ""device_class"": ""data_size"", ""friendly_name"": ""UPNP IGD Data received""}"
2025-07-25T06:23:09.256564,sensor.upnp_igd_data_sent,2895546321,2895557327,"{""state_class"": ""total_increasing"", ""unit_of_measurement"": ""B"", ""device_class"": ""data_size"", ""friendly_name"": ""UPNP IGD Data sent""}"
2025-07-25T06:23:09.259552,sensor.upnp_igd_packets_received,32341674,32342890,"{""state_class"": ""total_increasing"", ""unit_of_measurement"": ""packets"", ""friendly_name"": ""UPNP IGD Packets received""}"
2025-07-25T06:23:09.260846,sensor.upnp_igd_packets_sent,10407330,10407441,"{""state_class"": ""total_increasing"", ""unit_of_measurement"": ""packets"", ""friendly_name"": ""UPNP IGD Packets sent""}"
2025-07-25T06:23:09.262020,sensor.upnp_igd_uptime,251916,251946,"{""unit_of_measurement"": ""s"", ""device_class"": ""duration"", ""friendly_name"": ""UPNP IGD Uptime""}"
2025-07-25T06:23:09.263300,sensor.upnp_igd_download_speed,3.15637345563886,10.86344843232,"{""state_class"": ""measurement"", ""unit_of_measurement"": ""KiB/s"", ""device_class"": ""data_rate"", ""friendly_name"": ""UPNP IGD Download speed""}"
2025-07-25T06:23:09.264878,sensor.upnp_igd_upload_speed,0.652069560853353,0.358270522098008,"{""state_class"": ""measurement"", ""unit_of_measurement"": ""KiB/s"", ""device_class"": ""data_rate"", ""friendly_name"": ""UPNP IGD Upload speed""}"
2025-07-25T06:23:09.266141,sensor.upnp_igd_packet_download_speed,36.4010483501925,40.5335927483269,"{""state_class"": ""measurement"", ""unit_of_measurement"": ""packets/s"", ""friendly_name"": ""UPNP IGD Packet download speed""}"
2025-07-25T06:23:09.267404,sensor.upnp_igd_packet_upload_speed,4.06678379003982,3.70002368015155,"{""state_class"": ""measurement"", ""unit_of_measurement"": ""packets/s"", ""friendly_name"": ""UPNP IGD Packet upload speed""}"
2025-07-25T06:23:10.258679,automation.aut_status_bruno,on,on,"{""id"": ""1751855857509"", ""last_triggered"": ""2025-07-25T09:23:10.252274+00:00"", ""mode"": ""single"", ""current"": 1, ""friendly_name"": ""aut-status-bruno""}"
2025-07-25T06:23:10.261029,automation.aut_status_bruno,on,on,"{""id"": ""1751855857509"", ""last_triggered"": ""2025-07-25T09:23:10.252274+00:00"", ""mode"": ""single"", ""current"": 0, ""friendly_name"": ""aut-status-bruno""}"
2025-07-25T06:23:39.236226,sensor.upnp_igd_data_received,2326745163,2326817054,"{""state_class"": ""total_increasing"", ""unit_of_measurement"": ""B"", ""device_class"": ""data_size"", ""friendly_name"": ""UPNP IGD Data received""}"
2025-07-25T06:23:39.238688,sensor.upnp_igd_data_sent,2895557327,2895564999,"{""state_class"": ""total_increasing"", ""unit_of_measurement"": ""B"", ""device_class"": ""data_size"", ""friendly_name"": ""UPNP IGD Data sent""}"
2025-07-25T06:23:39.240232,sensor.upnp_igd_packets_received,32342890,32343931,"{""state_class"": ""total_increasing"", ""unit_of_measurement"": ""packets"", ""friendly_name"": ""UPNP IGD Packets received""}"
2025-07-25T06:23:39.241640,sensor.upnp_igd_packets_sent,10407441,10407495,"{""state_class"": ""total_increasing"", ""unit_of_measurement"": ""packets"", ""friendly_name"": ""UPNP IGD Packets sent""}"
2025-07-25T06:23:39.242950,sensor.upnp_igd_uptime,251946,251976,"{""unit_of_measurement"": ""s"", ""device_class"": ""duration"", ""friendly_name"": ""UPNP IGD Uptime""}"
2025-07-25T06:23:39.244373,sensor.upnp_igd_download_speed,10.86344843232,2.34022265089826,"{""state_class"": ""measurement"", ""unit_of_measurement"": ""KiB/s"", ""device_class"": ""data_rate"", ""friendly_name"": ""UPNP IGD Download speed""}"
2025-07-25T06:23:39.245752,sensor.upnp_igd_upload_speed,0.358270522098008,0.249741806035407,"{""state_class"": ""measurement"", ""unit_of_measurement"": ""KiB/s"", ""device_class"": ""data_rate"", ""friendly_name"": ""UPNP IGD Upload speed""}"
2025-07-25T06:23:39.247168,sensor.upnp_igd_packet_download_speed,40.5335927483269,34.7003088327486,"{""state_class"": ""measurement"", ""unit_of_measurement"": ""packets/s"", ""friendly_name"": ""UPNP IGD Packet download speed""}"
2025-07-25T06:23:39.248597,sensor.upnp_igd_packet_upload_speed,3.70002368015155,1.80001602014258,"{""state_class"": ""measurement"", ""unit_of_measurement"": ""packets/s"", ""friendly_name"": ""UPNP IGD Packet upload speed""}"
2025-07-25T06:24:00.593107,sun.sun,above_horizon,above_horizon,"{""next_dawn"": ""2025-07-26T08:32:54.909961+00:00"", ""next_dusk"": ""2025-07-25T20:48:15.098712+00:00"", ""next_midnight"": ""2025-07-26T02:40:37+00:00"", ""next_noon"": ""2025-07-25T14:40:37+00:00"", ""next_rising"": ""2025-07-26T08:55:47.118508+00:00"", ""next_setting"": ""2025-07-25T20:25:21.448131+00:00"", ""elevation"": 5.74, ""azimuth"": 68.42, ""rising"": true, ""friendly_name"": ""Sun""}"
2025-07-25T06:24:09.239108,sensor.upnp_igd_data_received,2326817054,2326910213,"{""state_class"": ""total_increasing"", ""unit_of_measurement"": ""B"", ""device_class"": ""data_size"", ""friendly_name"": ""UPNP IGD Data received""}"
2025-07-25T06:24:09.241609,sensor.upnp_igd_data_sent,2895564999,2895594895,"{""state_class"": ""total_increasing"", ""unit_of_measurement"": ""B"", ""device_class"": ""data_size"", ""friendly_name"": ""UPNP IGD Data sent""}"
2025-07-25T06:24:09.243071,sensor.upnp_igd_packets_received,32343931,32345040,"{""state_class"": ""total_increasing"", ""unit_of_measurement"": ""packets"", ""friendly_name"": ""UPNP IGD Packets received""}"
2025-07-25T06:24:09.244538,sensor.upnp_igd_packets_sent,10407495,10407624,"{""state_class"": ""total_increasing"", ""unit_of_measurement"": ""packets"", ""friendly_name"": ""UPNP IGD Packets sent""}"
2025-07-25T06:24:09.245847,sensor.upnp_igd_uptime,251976,252006,"{""unit_of_measurement"": ""s"", ""device_class"": ""duration"", ""friendly_name"": ""UPNP IGD Uptime""}"
2025-07-25T06:24:09.247236,sensor.upnp_igd_download_speed,2.34022265089826,3.03253519934853,"{""state_class"": ""measurement"", ""unit_of_measurement"": ""KiB/s"", ""device_class"": ""data_rate"", ""friendly_name"": ""UPNP IGD Download speed""}"
2025-07-25T06:24:09.248733,sensor.upnp_igd_upload_speed,0.249741806035407,0.973182111440909,"{""state_class"": ""measurement"", ""unit_of_measurement"": ""KiB/s"", ""device_class"": ""data_rate"", ""friendly_name"": ""UPNP IGD Upload speed""}"
2025-07-25T06:24:09.250136,sensor.upnp_igd_packet_download_speed,34.7003088327486,36.9668576620979,"{""state_class"": ""measurement"", ""unit_of_measurement"": ""packets/s"", ""friendly_name"": ""UPNP IGD Packet download speed""}"
2025-07-25T06:24:09.251567,sensor.upnp_igd_packet_upload_speed,1.80001602014258,4.30002221678145,"{""state_class"": ""measurement"", ""unit_of_measurement"": ""packets/s"", ""friendly_name"": ""UPNP IGD Packet upload speed""}"
2025-07-25T06:24:10.259113,automation.aut_status_bruno,on,on,"{""id"": ""1751855857509"", ""last_triggered"": ""2025-07-25T09:24:10.252638+00:00"", ""mode"": ""single"", ""current"": 1, ""friendly_name"": ""aut-status-bruno""}"
2025-07-25T06:24:10.261334,automation.aut_status_bruno,on,on,"{""id"": ""1751855857509"", ""last_triggered"": ""2025-07-25T09:24:10.252638+00:00"", ""mode"": ""single"", ""current"": 0, ""friendly_name"": ""aut-status-bruno""}"
2025-07-25T06:24:39.256173,sensor.upnp_igd_data_received,2326910213,2326989835,"{""state_class"": ""total_increasing"", ""unit_of_measurement"": ""B"", ""device_class"": ""data_size"", ""friendly_name"": ""UPNP IGD Data received""}"
2025-07-25T06:24:39.259684,sensor.upnp_igd_data_sent,2895594895,2895607709,"{""state_class"": ""total_increasing"", ""unit_of_measurement"": ""B"", ""device_class"": ""data_size"", ""friendly_name"": ""UPNP IGD Data sent""}"
2025-07-25T06:24:39.261191,sensor.upnp_igd_packets_received,32345040,32346074,"{""state_class"": ""total_increasing"", ""unit_of_measurement"": ""packets"", ""friendly_name"": ""UPNP IGD Packets received""}"
2025-07-25T06:24:39.262600,sensor.upnp_igd_packets_sent,10407624,10407708,"{""state_class"": ""total_increasing"", ""unit_of_measurement"": ""packets"", ""friendly_name"": ""UPNP IGD Packets sent""}"
2025-07-25T06:24:39.263976,sensor.upnp_igd_uptime,252006,252036,"{""unit_of_measurement"": ""s"", ""device_class"": ""duration"", ""friendly_name"": ""UPNP IGD Uptime""}"
2025-07-25T06:24:39.265433,sensor.upnp_igd_download_speed,3.03253519934853,2.59181904136455,"{""state_class"": ""measurement"", ""unit_of_measurement"": ""KiB/s"", ""device_class"": ""data_rate"", ""friendly_name"": ""UPNP IGD Download speed""}"
2025-07-25T06:24:39.266824,sensor.upnp_igd_upload_speed,0.973182111440909,0.417115485620122,"{""state_class"": ""measurement"", ""unit_of_measurement"": ""KiB/s"", ""device_class"": ""data_rate"", ""friendly_name"": ""UPNP IGD Upload speed""}"
2025-07-25T06:24:39.268249,sensor.upnp_igd_packet_download_speed,36.9668576620979,34.4660956783483,"{""state_class"": ""measurement"", ""unit_of_measurement"": ""packets/s"", ""friendly_name"": ""UPNP IGD Packet download speed""}"
2025-07-25T06:24:39.269637,sensor.upnp_igd_packet_upload_speed,4.30002221678145,2.79995361410179,"{""state_class"": ""measurement"", ""unit_of_measurement"": ""packets/s"", ""friendly_name"": ""UPNP IGD Packet upload speed""}"
2025-07-25T06:25:09.238273,sensor.upnp_igd_data_received,2326989835,2327889393,"{""state_class"": ""total_increasing"", ""unit_of_measurement"": ""B"", ""device_class"": ""data_size"", ""friendly_name"": ""UPNP IGD Data received""}"
2025-07-25T06:25:09.241021,sensor.upnp_igd_data_sent,2895607709,2896204202,"{""state_class"": ""total_increasing"", ""unit_of_measurement"": ""B"", ""device_class"": ""data_size"", ""friendly_name"": ""UPNP IGD Data sent""}"
2025-07-25T06:25:09.243120,sensor.upnp_igd_packets_received,32346074,32348911,"{""state_class"": ""total_increasing"", ""unit_of_measurement"": ""packets"", ""friendly_name"": ""UPNP IGD Packets received""}"
2025-07-25T06:25:09.244693,sensor.upnp_igd_packets_sent,10407708,10409439,"{""state_class"": ""total_increasing"", ""unit_of_measurement"": ""packets"", ""friendly_name"": ""UPNP IGD Packets sent""}"
2025-07-25T06:25:09.246073,sensor.upnp_igd_uptime,252036,252066,"{""unit_of_measurement"": ""s"", ""device_class"": ""duration"", ""friendly_name"": ""UPNP IGD Uptime""}"
2025-07-25T06:25:09.247521,sensor.upnp_igd_download_speed,2.59181904136455,29.2820292034435,"{""state_class"": ""measurement"", ""unit_of_measurement"": ""KiB/s"", ""device_class"": ""data_rate"", ""friendly_name"": ""UPNP IGD Download speed""}"
2025-07-25T06:25:09.248945,sensor.upnp_igd_upload_speed,0.417115485620122,19.4167862946576,"{""state_class"": ""measurement"", ""unit_of_measurement"": ""KiB/s"", ""device_class"": ""data_rate"", ""friendly_name"": ""UPNP IGD Upload speed""}"
2025-07-25T06:25:09.250315,sensor.upnp_igd_packet_download_speed,34.4660956783483,94.5651882975563,"{""state_class"": ""measurement"", ""unit_of_measurement"": ""packets/s"", ""friendly_name"": ""UPNP IGD Packet download speed""}"
2025-07-25T06:25:09.251751,sensor.upnp_igd_packet_upload_speed,2.79995361410179,57.6990979707684,"{""state_class"": ""measurement"", ""unit_of_measurement"": ""packets/s"", ""friendly_name"": ""UPNP IGD Packet upload speed""}"
2025-07-25T06:25:10.260023,automation.aut_status_bruno,on,on,"{""id"": ""1751855857509"", ""last_triggered"": ""2025-07-25T09:25:10.252588+00:00"", ""mode"": ""single"", ""current"": 1, ""friendly_name"": ""aut-status-bruno""}"
2025-07-25T06:25:10.262029,automation.aut_status_bruno,on,on,"{""id"": ""1751855857509"", ""last_triggered"": ""2025-07-25T09:25:10.252588+00:00"", ""mode"": ""single"", ""current"": 0, ""friendly_name"": ""aut-status-bruno""}"
2025-07-25T06:25:39.238986,sensor.upnp_igd_data_received,2327889393,2328673329,"{""state_class"": ""total_increasing"", ""unit_of_measurement"": ""B"", ""device_class"": ""data_size"", ""friendly_name"": ""UPNP IGD Data received""}"
2025-07-25T06:25:39.241481,sensor.upnp_igd_data_sent,2896204202,2896518985,"{""state_class"": ""total_increasing"", ""unit_of_measurement"": ""B"", ""device_class"": ""data_size"", ""friendly_name"": ""UPNP IGD Data sent""}"
2025-07-25T06:25:39.243078,sensor.upnp_igd_packets_received,32348911,32351019,"{""state_class"": ""total_increasing"", ""unit_of_measurement"": ""packets"", ""friendly_name"": ""UPNP IGD Packets received""}"
2025-07-25T06:25:39.244757,sensor.upnp_igd_packets_sent,10409439,10410199,"{""state_class"": ""total_increasing"", ""unit_of_measurement"": ""packets"", ""friendly_name"": ""UPNP IGD Packets sent""}"
2025-07-25T06:25:39.246175,sensor.upnp_igd_uptime,252066,252096,"{""unit_of_measurement"": ""s"", ""device_class"": ""duration"", ""friendly_name"": ""UPNP IGD Uptime""}"
2025-07-25T06:25:39.247661,sensor.upnp_igd_download_speed,29.2820292034435,25.5190562286747,"{""state_class"": ""measurement"", ""unit_of_measurement"": ""KiB/s"", ""device_class"": ""data_rate"", ""friendly_name"": ""UPNP IGD Download speed""}"
2025-07-25T06:25:39.249132,sensor.upnp_igd_upload_speed,19.4167862946576,10.2469654115016,"{""state_class"": ""measurement"", ""unit_of_measurement"": ""KiB/s"", ""device_class"": ""data_rate"", ""friendly_name"": ""UPNP IGD Upload speed""}"
2025-07-25T06:25:39.250575,sensor.upnp_igd_packet_download_speed,94.5651882975563,70.2675098767852,"{""state_class"": ""measurement"", ""unit_of_measurement"": ""packets/s"", ""friendly_name"": ""UPNP IGD Packet download speed""}"
2025-07-25T06:25:39.251985,sensor.upnp_igd_packet_upload_speed,57.6990979707684,25.3336373369814,"{""state_class"": ""measurement"", ""unit_of_measurement"": ""packets/s"", ""friendly_name"": ""UPNP IGD Packet upload speed""}"
2025-07-25T06:26:00.593989,sun.sun,above_horizon,above_horizon,"{""next_dawn"": ""2025-07-26T08:32:54.909961+00:00"", ""next_dusk"": ""2025-07-25T20:48:15.098712+00:00"", ""next_midnight"": ""2025-07-26T02:40:37+00:00"", ""next_noon"": ""2025-07-25T14:40:37+00:00"", ""next_rising"": ""2025-07-26T08:55:47.118508+00:00"", ""next_setting"": ""2025-07-25T20:25:21.448131+00:00"", ""elevation"": 6.18, ""azimuth"": 68.29, ""rising"": true, ""friendly_name"": ""Sun""}"
2025-07-25T06:26:09.261041,sensor.upnp_igd_data_received,2328673329,2328758002,"{""state_class"": ""total_increasing"", ""unit_of_measurement"": ""B"", ""device_class"": ""data_size"", ""friendly_name"": ""UPNP IGD Data received""}"
2025-07-25T06:26:09.263496,sensor.upnp_igd_data_sent,2896518985,2896528545,"{""state_class"": ""total_increasing"", ""unit_of_measurement"": ""B"", ""device_class"": ""data_size"", ""friendly_name"": ""UPNP IGD Data sent""}"
2025-07-25T06:26:09.264973,sensor.upnp_igd_packets_received,32351019,32352120,"{""state_class"": ""total_increasing"", ""unit_of_measurement"": ""packets"", ""friendly_name"": ""UPNP IGD Packets received""}"
2025-07-25T06:26:09.266397,sensor.upnp_igd_packets_sent,10410199,10410283,"{""state_class"": ""total_increasing"", ""unit_of_measurement"": ""packets"", ""friendly_name"": ""UPNP IGD Packets sent""}"
2025-07-25T06:26:09.267828,sensor.upnp_igd_uptime,252096,252126,"{""unit_of_measurement"": ""s"", ""device_class"": ""duration"", ""friendly_name"": ""UPNP IGD Uptime""}"
2025-07-25T06:26:09.269212,sensor.upnp_igd_download_speed,25.5190562286747,2.75624543464481,"{""state_class"": ""measurement"", ""unit_of_measurement"": ""KiB/s"", ""device_class"": ""data_rate"", ""friendly_name"": ""UPNP IGD Download speed""}"
2025-07-25T06:26:09.270568,sensor.upnp_igd_upload_speed,10.2469654115016,0.311193725924491,"{""state_class"": ""measurement"", ""unit_of_measurement"": ""KiB/s"", ""device_class"": ""data_rate"", ""friendly_name"": ""UPNP IGD Upload speed""}"
2025-07-25T06:26:09.272011,sensor.upnp_igd_packet_download_speed,70.2675098767852,36.6995057799888,"{""state_class"": ""measurement"", ""unit_of_measurement"": ""packets/s"", ""friendly_name"": ""UPNP IGD Packet download speed""}"
2025-07-25T06:26:09.273452,sensor.upnp_igd_packet_upload_speed,25.3336373369814,2.79996229384111,"{""state_class"": ""measurement"", ""unit_of_measurement"": ""packets/s"", ""friendly_name"": ""UPNP IGD Packet upload speed""}"
2025-07-25T06:26:10.259179,automation.aut_status_bruno,on,on,"{""id"": ""1751855857509"", ""last_triggered"": ""2025-07-25T09:26:10.252715+00:00"", ""mode"": ""single"", ""current"": 1, ""friendly_name"": ""aut-status-bruno""}"
2025-07-25T06:26:10.261469,automation.aut_status_bruno,on,on,"{""id"": ""1751855857509"", ""last_triggered"": ""2025-07-25T09:26:10.252715+00:00"", ""mode"": ""single"", ""current"": 0, ""friendly_name"": ""aut-status-bruno""}"
2025-07-25T06:26:39.236977,sensor.upnp_igd_data_received,2328758002,2334726193,"{""state_class"": ""total_increasing"", ""unit_of_measurement"": ""B"", ""device_class"": ""data_size"", ""friendly_name"": ""UPNP IGD Data received""}"
2025-07-25T06:26:39.239795,sensor.upnp_igd_data_sent,2896528545,2896617132,"{""state_class"": ""total_increasing"", ""unit_of_measurement"": ""B"", ""device_class"": ""data_size"", ""friendly_name"": ""UPNP IGD Data sent""}"
2025-07-25T06:26:39.241298,sensor.upnp_igd_packets_received,32352120,32357317,"{""state_class"": ""total_increasing"", ""unit_of_measurement"": ""packets"", ""friendly_name"": ""UPNP IGD Packets received""}"
2025-07-25T06:26:39.242679,sensor.upnp_igd_packets_sent,10410283,10410986,"{""state_class"": ""total_increasing"", ""unit_of_measurement"": ""packets"", ""friendly_name"": ""UPNP IGD Packets sent""}"
2025-07-25T06:26:39.244039,sensor.upnp_igd_uptime,252126,252156,"{""unit_of_measurement"": ""s"", ""device_class"": ""duration"", ""friendly_name"": ""UPNP IGD Uptime""}"
2025-07-25T06:26:39.245434,sensor.upnp_igd_download_speed,2.75624543464481,194.28380538155,"{""state_class"": ""measurement"", ""unit_of_measurement"": ""KiB/s"", ""device_class"": ""data_rate"", ""friendly_name"": ""UPNP IGD Download speed""}"
2025-07-25T06:26:39.246796,sensor.upnp_igd_upload_speed,0.311193725924491,2.88379166607359,"{""state_class"": ""measurement"", ""unit_of_measurement"": ""KiB/s"", ""device_class"": ""data_rate"", ""friendly_name"": ""UPNP IGD Upload speed""}"
2025-07-25T06:26:39.248204,sensor.upnp_igd_packet_download_speed,36.6995057799888,173.239356288287,"{""state_class"": ""measurement"", ""unit_of_measurement"": ""packets/s"", ""friendly_name"": ""UPNP IGD Packet download speed""}"
2025-07-25T06:26:39.249634,sensor.upnp_igd_packet_upload_speed,2.79996229384111,23.4341480605476,"{""state_class"": ""measurement"", ""unit_of_measurement"": ""packets/s"", ""friendly_name"": ""UPNP IGD Packet upload speed""}"
2025-07-25T06:27:09.254349,sensor.upnp_igd_data_received,2334726193,2334796225,"{""state_class"": ""total_increasing"", ""unit_of_measurement"": ""B"", ""device_class"": ""data_size"", ""friendly_name"": ""UPNP IGD Data received""}"
2025-07-25T06:27:09.262976,sensor.upnp_igd_data_sent,2896617132,2896622460,"{""state_class"": ""total_increasing"", ""unit_of_measurement"": ""B"", ""device_class"": ""data_size"", ""friendly_name"": ""UPNP IGD Data sent""}"
2025-07-25T06:27:09.266588,sensor.upnp_igd_packets_received,32357317,32358372,"{""state_class"": ""total_increasing"", ""unit_of_measurement"": ""packets"", ""friendly_name"": ""UPNP IGD Packets received""}"
2025-07-25T06:27:09.269951,sensor.upnp_igd_packets_sent,10410986,10411039,"{""state_class"": ""total_increasing"", ""unit_of_measurement"": ""packets"", ""friendly_name"": ""UPNP IGD Packets sent""}"
2025-07-25T06:27:09.273296,sensor.upnp_igd_uptime,252156,252186,"{""unit_of_measurement"": ""s"", ""device_class"": ""duration"", ""friendly_name"": ""UPNP IGD Uptime""}"
2025-07-25T06:27:09.277070,sensor.upnp_igd_download_speed,194.28380538155,2.2796083975886,"{""state_class"": ""measurement"", ""unit_of_measurement"": ""KiB/s"", ""device_class"": ""data_rate"", ""friendly_name"": ""UPNP IGD Download speed""}"
2025-07-25T06:27:09.280523,sensor.upnp_igd_upload_speed,2.88379166607359,0.173431481927577,"{""state_class"": ""measurement"", ""unit_of_measurement"": ""KiB/s"", ""device_class"": ""data_rate"", ""friendly_name"": ""UPNP IGD Upload speed""}"
2025-07-25T06:27:09.283793,sensor.upnp_igd_packet_download_speed,173.239356288287,35.1654464256757,"{""state_class"": ""measurement"", ""unit_of_measurement"": ""packets/s"", ""friendly_name"": ""UPNP IGD Packet download speed""}"
2025-07-25T06:27:09.286921,sensor.upnp_igd_packet_upload_speed,23.4341480605476,1.76660536546049,"{""state_class"": ""measurement"", ""unit_of_measurement"": ""packets/s"", ""friendly_name"": ""UPNP IGD Packet upload speed""}"
2025-07-25T06:27:10.260461,automation.aut_status_bruno,on,on,"{""id"": ""1751855857509"", ""last_triggered"": ""2025-07-25T09:27:10.252971+00:00"", ""mode"": ""single"", ""current"": 1, ""friendly_name"": ""aut-status-bruno""}"
2025-07-25T06:27:10.263985,automation.aut_status_bruno,on,on,"{""id"": ""1751855857509"", ""last_triggered"": ""2025-07-25T09:27:10.252971+00:00"", ""mode"": ""single"", ""current"": 0, ""friendly_name"": ""aut-status-bruno""}"
2025-07-25T06:27:39.238869,sensor.upnp_igd_data_received,2334796225,2334904777,"{""state_class"": ""total_increasing"", ""unit_of_measurement"": ""B"", ""device_class"": ""data_size"", ""friendly_name"": ""UPNP IGD Data received""}"
2025-07-25T06:27:39.241455,sensor.upnp_igd_data_sent,2896622460,2896649756,"{""state_class"": ""total_increasing"", ""unit_of_measurement"": ""B"", ""device_class"": ""data_size"", ""friendly_name"": ""UPNP IGD Data sent""}"
2025-07-25T06:27:39.243053,sensor.upnp_igd_packets_received,32358372,32359541,"{""state_class"": ""total_increasing"", ""unit_of_measurement"": ""packets"", ""friendly_name"": ""UPNP IGD Packets received""}"
2025-07-25T06:27:39.244533,sensor.upnp_igd_packets_sent,10411039,10411206,"{""state_class"": ""total_increasing"", ""unit_of_measurement"": ""packets"", ""friendly_name"": ""UPNP IGD Packets sent""}"
2025-07-25T06:27:39.245892,sensor.upnp_igd_uptime,252186,252216,"{""unit_of_measurement"": ""s"", ""device_class"": ""duration"", ""friendly_name"": ""UPNP IGD Uptime""}"
2025-07-25T06:27:39.247339,sensor.upnp_igd_download_speed,2.2796083975886,3.5336679570271,"{""state_class"": ""measurement"", ""unit_of_measurement"": ""KiB/s"", ""device_class"": ""data_rate"", ""friendly_name"": ""UPNP IGD Download speed""}"
2025-07-25T06:27:39.248873,sensor.upnp_igd_upload_speed,0.173431481927577,0.888560326433522,"{""state_class"": ""measurement"", ""unit_of_measurement"": ""KiB/s"", ""device_class"": ""data_rate"", ""friendly_name"": ""UPNP IGD Upload speed""}"
2025-07-25T06:27:39.250253,sensor.upnp_igd_packet_download_speed,35.1654464256757,38.9674849838513,"{""state_class"": ""measurement"", ""unit_of_measurement"": ""packets/s"", ""friendly_name"": ""UPNP IGD Packet download speed""}"
2025-07-25T06:27:39.251755,sensor.upnp_igd_packet_upload_speed,1.76660536546049,5.56678356912162,"{""state_class"": ""measurement"", ""unit_of_measurement"": ""packets/s"", ""friendly_name"": ""UPNP IGD Packet upload speed""}"
2025-07-25T06:27:49.056554,media_player.dlna_b13_box,unavailable,unknown,"{""friendly_name"": ""DLNA-B13 Box"", ""supported_features"": 512575}"
2025-07-25T06:27:52.439497,camera.192_168_0_33,idle,idle,"{""access_token"": ""1c844b36d585e54bf105c30fa0709bc3cbb521e9995918c19211c4e4cb09e6b"", ""entity_picture"": ""/api/camera_proxy/camera.192_168_0_33?token=1c844b36d585e54bf105c30fa0709bc3cbb521e9995918c19211c4e4cb09e6b"", ""friendly_name"": ""192_168_0_14"", ""supported_features"": 2}"
2025-07-25T06:27:52.441294,camera.admin_mainstream,idle,idle,"{""access_token"": ""2adb214bcbb96cee69b8891b2d5ab30337f330572db41cd395a76ec30bc2340a"", ""entity_picture"": ""/api/camera_proxy/camera.admin_mainstream?token=2adb214bcbb96cee69b8891b2d5ab30337f330572db41cd395a76ec30bc2340a"", ""friendly_name"": ""admin MainStream"", ""supported_features"": 2}"
2025-07-25T06:27:52.442917,camera.admin_substream,idle,idle,"{""access_token"": ""2471285f5ff1c3f18ca23972ab997fa7d46df37490d3571353d7298db1194094"", ""entity_picture"": ""/api/camera_proxy/camera.admin_substream?token=2471285f5ff1c3f18ca23972ab997fa7d46df37490d3571353d7298db1194094"", ""friendly_name"": ""admin SubStream"", ""supported_features"": 2}"
2025-07-25T06:28:00.595244,sun.sun,above_horizon,above_horizon,"{""next_dawn"": ""2025-07-26T08:32:54.909961+00:00"", ""next_dusk"": ""2025-07-25T20:48:15.098712+00:00"", ""next_midnight"": ""2025-07-26T02:40:37+00:00"", ""next_noon"": ""2025-07-25T14:40:37+00:00"", ""next_rising"": ""2025-07-26T08:55:47.118508+00:00"", ""next_setting"": ""2025-07-25T20:25:21.448131+00:00"", ""elevation"": 6.62, ""azimuth"": 68.16, ""rising"": true, ""friendly_name"": ""Sun""}"
2025-07-25T06:28:00.788464,media_player.dlna_b13_box,unknown,unavailable,"{""friendly_name"": ""DLNA-B13 Box"", ""supported_features"": 512575}"
2025-07-25T06:28:09.240081,sensor.upnp_igd_data_received,2334904777,2335246126,"{""state_class"": ""total_increasing"", ""unit_of_measurement"": ""B"", ""device_class"": ""data_size"", ""friendly_name"": ""UPNP IGD Data received""}"
2025-07-25T06:28:09.242521,sensor.upnp_igd_data_sent,2896649756,2896730067,"{""state_class"": ""total_increasing"", ""unit_of_measurement"": ""B"", ""device_class"": ""data_size"", ""friendly_name"": ""UPNP IGD Data sent""}"
2025-07-25T06:28:09.244127,sensor.upnp_igd_packets_received,32359541,32360772,"{""state_class"": ""total_increasing"", ""unit_of_measurement"": ""packets"", ""friendly_name"": ""UPNP IGD Packets received""}"
2025-07-25T06:28:09.245574,sensor.upnp_igd_packets_sent,10411206,10411391,"{""state_class"": ""total_increasing"", ""unit_of_measurement"": ""packets"", ""friendly_name"": ""UPNP IGD Packets sent""}"
2025-07-25T06:28:09.246895,sensor.upnp_igd_uptime,252216,252246,"{""unit_of_measurement"": ""s"", ""device_class"": ""duration"", ""friendly_name"": ""UPNP IGD Uptime""}"
2025-07-25T06:28:09.248318,sensor.upnp_igd_download_speed,3.5336679570271,11.1116014632541,"{""state_class"": ""measurement"", ""unit_of_measurement"": ""KiB/s"", ""device_class"": ""data_rate"", ""friendly_name"": ""UPNP IGD Download speed""}"
2025-07-25T06:28:09.249699,sensor.upnp_igd_upload_speed,0.888560326433522,2.61428574601185,"{""state_class"": ""measurement"", ""unit_of_measurement"": ""KiB/s"", ""device_class"": ""data_rate"", ""friendly_name"": ""UPNP IGD Upload speed""}"
2025-07-25T06:28:09.251421,sensor.upnp_igd_packet_download_speed,38.9674849838513,41.0332608412392,"{""state_class"": ""measurement"", ""unit_of_measurement"": ""packets/s"", ""friendly_name"": ""UPNP IGD Packet download speed""}"
2025-07-25T06:28:09.253392,sensor.upnp_igd_packet_upload_speed,5.56678356912162,6.16665577224147,"{""state_class"": ""measurement"", ""unit_of_measurement"": ""packets/s"", ""friendly_name"": ""UPNP IGD Packet upload speed""}"
2025-07-25T06:28:10.259865,automation.aut_status_bruno,on,on,"{""id"": ""1751855857509"", ""last_triggered"": ""2025-07-25T09:28:10.252504+00:00"", ""mode"": ""single"", ""current"": 1, ""friendly_name"": ""aut-status-bruno""}"
2025-07-25T06:28:10.261981,automation.aut_status_bruno,on,on,"{""id"": ""1751855857509"", ""last_triggered"": ""2025-07-25T09:28:10.252504+00:00"", ""mode"": ""single"", ""current"": 0, ""friendly_name"": ""aut-status-bruno""}"
2025-07-25T06:28:16.668826,weather.home,rainy,unavailable,"{""friendly_name"": ""Home"", ""supported_features"": 3}"
2025-07-25T06:28:39.239078,sensor.upnp_igd_data_received,2335246126,2335332680,"{""state_class"": ""total_increasing"", ""unit_of_measurement"": ""B"", ""device_class"": ""data_size"", ""friendly_name"": ""UPNP IGD Data received""}"
2025-07-25T06:28:39.241708,sensor.upnp_igd_data_sent,2896730067,2896742413,"{""state_class"": ""total_increasing"", ""unit_of_measurement"": ""B"", ""device_class"": ""data_size"", ""friendly_name"": ""UPNP IGD Data sent""}"
2025-07-25T06:28:39.243273,sensor.upnp_igd_packets_received,32360772,32361872,"{""state_class"": ""total_increasing"", ""unit_of_measurement"": ""packets"", ""friendly_name"": ""UPNP IGD Packets received""}"
2025-07-25T06:28:39.244753,sensor.upnp_igd_packets_sent,10411391,10411483,"{""state_class"": ""total_increasing"", ""unit_of_measurement"": ""packets"", ""friendly_name"": ""UPNP IGD Packets sent""}"
2025-07-25T06:28:39.246042,sensor.upnp_igd_uptime,252246,252276,"{""unit_of_measurement"": ""s"", ""device_class"": ""duration"", ""friendly_name"": ""UPNP IGD Uptime""}"
2025-07-25T06:28:39.247473,sensor.upnp_igd_download_speed,11.1116014632541,2.81750184474268,"{""state_class"": ""measurement"", ""unit_of_measurement"": ""KiB/s"", ""device_class"": ""data_rate"", ""friendly_name"": ""UPNP IGD Download speed""}"
2025-07-25T06:28:39.248881,sensor.upnp_igd_upload_speed,2.61428574601185,0.401886426683841,"{""state_class"": ""measurement"", ""unit_of_measurement"": ""KiB/s"", ""device_class"": ""data_rate"", ""friendly_name"": ""UPNP IGD Upload speed""}"
2025-07-25T06:28:39.250360,sensor.upnp_igd_packet_download_speed,41.0332608412392,36.6665212227991,"{""state_class"": ""measurement"", ""unit_of_measurement"": ""packets/s"", ""friendly_name"": ""UPNP IGD Packet download speed""}"
2025-07-25T06:28:39.252476,sensor.upnp_igd_packet_upload_speed,6.16665577224147,3.06665450227047,"{""state_class"": ""measurement"", ""unit_of_measurement"": ""packets/s"", ""friendly_name"": ""UPNP IGD Packet upload speed""}"
2025-07-25T06:29:09.238682,sensor.upnp_igd_data_received,2335332680,2335425895,"{""state_class"": ""total_increasing"", ""unit_of_measurement"": ""B"", ""device_class"": ""data_size"", ""friendly_name"": ""UPNP IGD Data received""}"
2025-07-25T06:29:09.241140,sensor.upnp_igd_data_sent,2896742413,2896753494,"{""state_class"": ""total_increasing"", ""unit_of_measurement"": ""B"", ""device_class"": ""data_size"", ""friendly_name"": ""UPNP IGD Data sent""}"
2025-07-25T06:29:09.242739,sensor.upnp_igd_packets_received,32361872,32362942,"{""state_class"": ""total_increasing"", ""unit_of_measurement"": ""packets"", ""friendly_name"": ""UPNP IGD Packets received""}"
2025-07-25T06:29:09.244217,sensor.upnp_igd_packets_sent,10411483,10411561,"{""state_class"": ""total_increasing"", ""unit_of_measurement"": ""packets"", ""friendly_name"": ""UPNP IGD Packets sent""}"
2025-07-25T06:29:09.245577,sensor.upnp_igd_uptime,252276,252306,"{""unit_of_measurement"": ""s"", ""device_class"": ""duration"", ""friendly_name"": ""UPNP IGD Uptime""}"
2025-07-25T06:29:09.246990,sensor.upnp_igd_download_speed,2.81750184474268,3.0343896832494,"{""state_class"": ""measurement"", ""unit_of_measurement"": ""KiB/s"", ""device_class"": ""data_rate"", ""friendly_name"": ""UPNP IGD Download speed""}"
2025-07-25T06:29:09.248459,sensor.upnp_igd_upload_speed,0.401886426683841,0.360715250550734,"{""state_class"": ""measurement"", ""unit_of_measurement"": ""KiB/s"", ""device_class"": ""data_rate"", ""friendly_name"": ""UPNP IGD Upload speed""}"
2025-07-25T06:29:09.249911,sensor.upnp_igd_packet_download_speed,36.6665212227991,35.6672218864207,"{""state_class"": ""measurement"", ""unit_of_measurement"": ""packets/s"", ""friendly_name"": ""UPNP IGD Packet download speed""}"
2025-07-25T06:29:09.251290,sensor.upnp_igd_packet_upload_speed,3.06665450227047,2.60004047396338,"{""state_class"": ""measurement"", ""unit_of_measurement"": ""packets/s"", ""friendly_name"": ""UPNP IGD Packet upload speed""}"
2025-07-25T06:29:10.270715,automation.aut_status_bruno,on,on,"{""id"": ""1751855857509"", ""last_triggered"": ""2025-07-25T09:29:10.254283+00:00"", ""mode"": ""single"", ""current"": 1, ""friendly_name"": ""aut-status-bruno""}"
2025-07-25T06:29:10.276993,automation.aut_status_bruno,on,on,"{""id"": ""1751855857509"", ""last_triggered"": ""2025-07-25T09:29:10.254283+00:00"", ""mode"": ""single"", ""current"": 0, ""friendly_name"": ""aut-status-bruno""}"
2025-07-25T06:29:39.239441,sensor.upnp_igd_data_received,2335425895,2335503932,"{""state_class"": ""total_increasing"", ""unit_of_measurement"": ""B"", ""device_class"": ""data_size"", ""friendly_name"": ""UPNP IGD Data received""}"
2025-07-25T06:29:39.242234,sensor.upnp_igd_data_sent,2896753494,2896767169,"{""state_class"": ""total_increasing"", ""unit_of_measurement"": ""B"", ""device_class"": ""data_size"", ""friendly_name"": ""UPNP IGD Data sent""}"
2025-07-25T06:29:39.243821,sensor.upnp_igd_packets_received,32362942,32364032,"{""state_class"": ""total_increasing"", ""unit_of_measurement"": ""packets"", ""friendly_name"": ""UPNP IGD Packets received""}"
2025-07-25T06:29:39.245246,sensor.upnp_igd_packets_sent,10411561,10411638,"{""state_class"": ""total_increasing"", ""unit_of_measurement"": ""packets"", ""friendly_name"": ""UPNP IGD Packets sent""}"
2025-07-25T06:29:39.246554,sensor.upnp_igd_uptime,252306,252336,"{""unit_of_measurement"": ""s"", ""device_class"": ""duration"", ""friendly_name"": ""UPNP IGD Uptime""}"
2025-07-25T06:29:39.248022,sensor.upnp_igd_download_speed,3.0343896832494,2.54019766436035,"{""state_class"": ""measurement"", ""unit_of_measurement"": ""KiB/s"", ""device_class"": ""data_rate"", ""friendly_name"": ""UPNP IGD Download speed""}"
2025-07-25T06:29:39.249452,sensor.upnp_igd_upload_speed,0.360715250550734,0.445137602164714,"{""state_class"": ""measurement"", ""unit_of_measurement"": ""KiB/s"", ""device_class"": ""data_rate"", ""friendly_name"": ""UPNP IGD Upload speed""}"
2025-07-25T06:29:39.250822,sensor.upnp_igd_packet_download_speed,35.6672218864207,36.3323426714565,"{""state_class"": ""measurement"", ""unit_of_measurement"": ""packets/s"", ""friendly_name"": ""UPNP IGD Packet download speed""}"
2025-07-25T06:29:39.252258,sensor.upnp_igd_packet_upload_speed,2.60004047396338,2.56659668413041,"{""state_class"": ""measurement"", ""unit_of_measurement"": ""packets/s"", ""friendly_name"": ""UPNP IGD Packet upload speed""}"
2025-07-25T06:30:00.595433,sun.sun,above_horizon,above_horizon,"{""next_dawn"": ""2025-07-26T08:32:54.909961+00:00"", ""next_dusk"": ""2025-07-25T20:48:15.098712+00:00"", ""next_midnight"": ""2025-07-26T02:40:37+00:00"", ""next_noon"": ""2025-07-25T14:40:37+00:00"", ""next_rising"": ""2025-07-26T08:55:47.118508+00:00"", ""next_setting"": ""2025-07-25T20:25:21.448131+00:00"", ""elevation"": 7.07, ""azimuth"": 68.03, ""rising"": true, ""friendly_name"": ""Sun""}"
2025-07-25T06:30:09.237801,sensor.upnp_igd_data_received,2335503932,2335576764,"{""state_class"": ""total_increasing"", ""unit_of_measurement"": ""B"", ""device_class"": ""data_size"", ""friendly_name"": ""UPNP IGD Data received""}"
2025-07-25T06:30:09.240573,sensor.upnp_igd_data_sent,2896767169,2896773531,"{""state_class"": ""total_increasing"", ""unit_of_measurement"": ""B"", ""device_class"": ""data_size"", ""friendly_name"": ""UPNP IGD Data sent""}"
2025-07-25T06:30:09.242097,sensor.upnp_igd_packets_received,32364032,32365049,"{""state_class"": ""total_increasing"", ""unit_of_measurement"": ""packets"", ""friendly_name"": ""UPNP IGD Packets received""}"
2025-07-25T06:30:09.243538,sensor.upnp_igd_packets_sent,10411638,10411697,"{""state_class"": ""total_increasing"", ""unit_of_measurement"": ""packets"", ""friendly_name"": ""UPNP IGD Packets sent""}"
2025-07-25T06:30:09.244911,sensor.upnp_igd_uptime,252336,252366,"{""unit_of_measurement"": ""s"", ""device_class"": ""duration"", ""friendly_name"": ""UPNP IGD Uptime""}"
2025-07-25T06:30:09.246399,sensor.upnp_igd_download_speed,2.54019766436035,2.37089979755766,"{""state_class"": ""measurement"", ""unit_of_measurement"": ""KiB/s"", ""device_class"": ""data_rate"", ""friendly_name"": ""UPNP IGD Download speed""}"
2025-07-25T06:30:09.247850,sensor.upnp_igd_upload_speed,0.445137602164714,0.20710215993055,"{""state_class"": ""measurement"", ""unit_of_measurement"": ""KiB/s"", ""device_class"": ""data_rate"", ""friendly_name"": ""UPNP IGD Upload speed""}"
2025-07-25T06:30:09.249251,sensor.upnp_igd_packet_download_speed,36.3323426714565,33.9009503566417,"{""state_class"": ""measurement"", ""unit_of_measurement"": ""packets/s"", ""friendly_name"": ""UPNP IGD Packet download speed""}"
2025-07-25T06:30:09.250634,sensor.upnp_igd_packet_upload_speed,2.56659668413041,1.96672180043447,"{""state_class"": ""measurement"", ""unit_of_measurement"": ""packets/s"", ""friendly_name"": ""UPNP IGD Packet upload speed""}"
2025-07-25T06:30:10.259565,automation.aut_status_bruno,on,on,"{""id"": ""1751855857509"", ""last_triggered"": ""2025-07-25T09:30:10.253129+00:00"", ""mode"": ""single"", ""current"": 1, ""friendly_name"": ""aut-status-bruno""}"
2025-07-25T06:30:10.261705,automation.aut_status_bruno,on,on,"{""id"": ""1751855857509"", ""last_triggered"": ""2025-07-25T09:30:10.253129+00:00"", ""mode"": ""single"", ""current"": 0, ""friendly_name"": ""aut-status-bruno""}"
2025-07-25T06:30:39.238671,sensor.upnp_igd_data_received,2335576764,2335647957,"{""state_class"": ""total_increasing"", ""unit_of_measurement"": ""B"", ""device_class"": ""data_size"", ""friendly_name"": ""UPNP IGD Data received""}"
2025-07-25T06:30:39.244009,sensor.upnp_igd_data_sent,2896773531,2896780847,"{""state_class"": ""total_increasing"", ""unit_of_measurement"": ""B"", ""device_class"": ""data_size"", ""friendly_name"": ""UPNP IGD Data sent""}"
2025-07-25T06:30:39.245614,sensor.upnp_igd_packets_received,32365049,32366076,"{""state_class"": ""total_increasing"", ""unit_of_measurement"": ""packets"", ""friendly_name"": ""UPNP IGD Packets received""}"
2025-07-25T06:30:39.247060,sensor.upnp_igd_packets_sent,10411697,10411745,"{""state_class"": ""total_increasing"", ""unit_of_measurement"": ""packets"", ""friendly_name"": ""UPNP IGD Packets sent""}"
2025-07-25T06:30:39.248616,sensor.upnp_igd_uptime,252366,252396,"{""unit_of_measurement"": ""s"", ""device_class"": ""duration"", ""friendly_name"": ""UPNP IGD Uptime""}"
2025-07-25T06:30:39.250096,sensor.upnp_igd_download_speed,2.37089979755766,2.31748541271888,"{""state_class"": ""measurement"", ""unit_of_measurement"": ""KiB/s"", ""device_class"": ""data_rate"", ""friendly_name"": ""UPNP IGD Download speed""}"
2025-07-25T06:30:39.251514,sensor.upnp_igd_upload_speed,0.20710215993055,0.238151549723306,"{""state_class"": ""measurement"", ""unit_of_measurement"": ""KiB/s"", ""device_class"": ""data_rate"", ""friendly_name"": ""UPNP IGD Upload speed""}"
2025-07-25T06:30:39.252929,sensor.upnp_igd_packet_download_speed,33.9009503566417,34.2334063646002,"{""state_class"": ""measurement"", ""unit_of_measurement"": ""packets/s"", ""friendly_name"": ""UPNP IGD Packet download speed""}"
2025-07-25T06:30:39.254276,sensor.upnp_igd_packet_upload_speed,1.96672180043447,1.60000341334062,"{""state_class"": ""measurement"", ""unit_of_measurement"": ""packets/s"", ""friendly_name"": ""UPNP IGD Packet upload speed""}"
2025-07-25T06:31:09.237059,sensor.upnp_igd_data_received,2335647957,2335717026,"{""state_class"": ""total_increasing"", ""unit_of_measurement"": ""B"", ""device_class"": ""data_size"", ""friendly_name"": ""UPNP IGD Data received""}"
2025-07-25T06:31:09.239684,sensor.upnp_igd_data_sent,2896780847,2896787178,"{""state_class"": ""total_increasing"", ""unit_of_measurement"": ""B"", ""device_class"": ""data_size"", ""friendly_name"": ""UPNP IGD Data sent""}"
2025-07-25T06:31:09.241273,sensor.upnp_igd_packets_received,32366076,32367101,"{""state_class"": ""total_increasing"", ""unit_of_measurement"": ""packets"", ""friendly_name"": ""UPNP IGD Packets received""}"
2025-07-25T06:31:09.242660,sensor.upnp_igd_packets_sent,10411745,10411808,"{""state_class"": ""total_increasing"", ""unit_of_measurement"": ""packets"", ""friendly_name"": ""UPNP IGD Packets sent""}"
2025-07-25T06:31:09.244051,sensor.upnp_igd_uptime,252396,252426,"{""unit_of_measurement"": ""s"", ""device_class"": ""duration"", ""friendly_name"": ""UPNP IGD Uptime""}"
2025-07-25T06:31:09.245553,sensor.upnp_igd_download_speed,2.31748541271888,2.24829907459345,"{""state_class"": ""measurement"", ""unit_of_measurement"": ""KiB/s"", ""device_class"": ""data_rate"", ""friendly_name"": ""UPNP IGD Download speed""}"
2025-07-25T06:31:09.247022,sensor.upnp_igd_upload_speed,0.238151549723306,0.206083502602486,"{""state_class"": ""measurement"", ""unit_of_measurement"": ""KiB/s"", ""device_class"": ""data_rate"", ""friendly_name"": ""UPNP IGD Upload speed""}"
2025-07-25T06:31:09.248503,sensor.upnp_igd_packet_download_speed,34.2334063646002,34.1660471223455,"{""state_class"": ""measurement"", ""unit_of_measurement"": ""packets/s"", ""friendly_name"": ""UPNP IGD Packet download speed""}"
2025-07-25T06:31:09.250026,sensor.upnp_igd_packet_upload_speed,1.60000341334062,2.0999619206905,"{""state_class"": ""measurement"", ""unit_of_measurement"": ""packets/s"", ""friendly_name"": ""UPNP IGD Packet upload speed""}"
2025-07-25T06:31:10.259750,automation.aut_status_bruno,on,on,"{""id"": ""1751855857509"", ""last_triggered"": ""2025-07-25T09:31:10.252589+00:00"", ""mode"": ""single"", ""current"": 1, ""friendly_name"": ""aut-status-bruno""}"
2025-07-25T06:31:10.261648,automation.aut_status_bruno,on,on,"{""id"": ""1751855857509"", ""last_triggered"": ""2025-07-25T09:31:10.252589+00:00"", ""mode"": ""single"", ""current"": 0, ""friendly_name"": ""aut-status-bruno""}"
2025-07-25T06:31:39.238510,sensor.upnp_igd_data_received,2335717026,2346892993,"{""state_class"": ""total_increasing"", ""unit_of_measurement"": ""B"", ""device_class"": ""data_size"", ""friendly_name"": ""UPNP IGD Data received""}"
2025-07-25T06:31:39.240857,sensor.upnp_igd_data_sent,2896787178,2896858030,"{""state_class"": ""total_increasing"", ""unit_of_measurement"": ""B"", ""device_class"": ""data_size"", ""friendly_name"": ""UPNP IGD Data sent""}"
2025-07-25T06:31:39.242302,sensor.upnp_igd_packets_received,32367101,32375598,"{""state_class"": ""total_increasing"", ""unit_of_measurement"": ""packets"", ""friendly_name"": ""UPNP IGD Packets received""}"
2025-07-25T06:31:39.245266,sensor.upnp_igd_packets_sent,10411808,10412550,"{""state_class"": ""total_increasing"", ""unit_of_measurement"": ""packets"", ""friendly_name"": ""UPNP IGD Packets sent""}"
2025-07-25T06:31:39.247108,sensor.upnp_igd_uptime,252426,252456,"{""unit_of_measurement"": ""s"", ""device_class"": ""duration"", ""friendly_name"": ""UPNP IGD Uptime""}"
2025-07-25T06:31:39.248921,sensor.upnp_igd_download_speed,2.24829907459345,363.796776945412,"{""state_class"": ""measurement"", ""unit_of_measurement"": ""KiB/s"", ""device_class"": ""data_rate"", ""friendly_name"": ""UPNP IGD Download speed""}"
2025-07-25T06:31:39.250630,sensor.upnp_igd_upload_speed,0.206083502602486,2.30635337775571,"{""state_class"": ""measurement"", ""unit_of_measurement"": ""KiB/s"", ""device_class"": ""data_rate"", ""friendly_name"": ""UPNP IGD Upload speed""}"
2025-07-25T06:31:39.252365,sensor.upnp_igd_packet_download_speed,34.1660471223455,283.230038423886,"{""state_class"": ""measurement"", ""unit_of_measurement"": ""packets/s"", ""friendly_name"": ""UPNP IGD Packet download speed""}"
2025-07-25T06:31:39.254042,sensor.upnp_igd_packet_upload_speed,2.0999619206905,24.7330456055695,"{""state_class"": ""measurement"", ""unit_of_measurement"": ""packets/s"", ""friendly_name"": ""UPNP IGD Packet upload speed""}"
2025-07-25T06:32:00.596060,sun.sun,above_horizon,above_horizon,"{""next_dawn"": ""2025-07-26T08:32:54.909961+00:00"", ""next_dusk"": ""2025-07-25T20:48:15.098712+00:00"", ""next_midnight"": ""2025-07-26T02:40:37+00:00"", ""next_noon"": ""2025-07-25T14:40:37+00:00"", ""next_rising"": ""2025-07-26T08:55:47.118508+00:00"", ""next_setting"": ""2025-07-25T20:25:21.448131+00:00"", ""elevation"": 7.51, ""azimuth"": 67.89, ""rising"": true, ""friendly_name"": ""Sun""}"
2025-07-25T06:32:09.264758,sensor.upnp_igd_data_received,2346892993,2346969369,"{""state_class"": ""total_increasing"", ""unit_of_measurement"": ""B"", ""device_class"": ""data_size"", ""friendly_name"": ""UPNP IGD Data received""}"
2025-07-25T06:32:09.278768,sensor.upnp_igd_data_sent,2896858030,2896866441,"{""state_class"": ""total_increasing"", ""unit_of_measurement"": ""B"", ""device_class"": ""data_size"", ""friendly_name"": ""UPNP IGD Data sent""}"
2025-07-25T06:32:09.283947,sensor.upnp_igd_packets_received,32375598,32376670,"{""state_class"": ""total_increasing"", ""unit_of_measurement"": ""packets"", ""friendly_name"": ""UPNP IGD Packets received""}"
2025-07-25T06:32:09.287222,sensor.upnp_igd_packets_sent,10412550,10412617,"{""state_class"": ""total_increasing"", ""unit_of_measurement"": ""packets"", ""friendly_name"": ""UPNP IGD Packets sent""}"
2025-07-25T06:32:09.290423,sensor.upnp_igd_uptime,252456,252486,"{""unit_of_measurement"": ""s"", ""device_class"": ""duration"", ""friendly_name"": ""UPNP IGD Uptime""}"
2025-07-25T06:32:09.293800,sensor.upnp_igd_download_speed,363.796776945412,2.48625493477984,"{""state_class"": ""measurement"", ""unit_of_measurement"": ""KiB/s"", ""device_class"": ""data_rate"", ""friendly_name"": ""UPNP IGD Download speed""}"
2025-07-25T06:32:09.297114,sensor.upnp_igd_upload_speed,2.30635337775571,0.273801852105808,"{""state_class"": ""measurement"", ""unit_of_measurement"": ""KiB/s"", ""device_class"": ""data_rate"", ""friendly_name"": ""UPNP IGD Upload speed""}"
2025-07-25T06:32:09.300402,sensor.upnp_igd_packet_download_speed,283.230038423886,35.7341528365717,"{""state_class"": ""measurement"", ""unit_of_measurement"": ""packets/s"", ""friendly_name"": ""UPNP IGD Packet download speed""}"
2025-07-25T06:32:09.303616,sensor.upnp_igd_packet_upload_speed,24.7330456055695,2.23338455228573,"{""state_class"": ""measurement"", ""unit_of_measurement"": ""packets/s"", ""friendly_name"": ""UPNP IGD Packet upload speed""}"
2025-07-25T06:32:10.258975,automation.aut_status_bruno,on,on,"{""id"": ""1751855857509"", ""last_triggered"": ""2025-07-25T09:32:10.252477+00:00"", ""mode"": ""single"", ""current"": 1, ""friendly_name"": ""aut-status-bruno""}"
2025-07-25T06:32:10.262293,automation.aut_status_bruno,on,on,"{""id"": ""1751855857509"", ""last_triggered"": ""2025-07-25T09:32:10.252477+00:00"", ""mode"": ""single"", ""current"": 0, ""friendly_name"": ""aut-status-bruno""}"
2025-07-25T06:32:39.239484,sensor.upnp_igd_data_received,2346969369,2347047194,"{""state_class"": ""total_increasing"", ""unit_of_measurement"": ""B"", ""device_class"": ""data_size"", ""friendly_name"": ""UPNP IGD Data received""}"
2025-07-25T06:32:39.241331,sensor.upnp_igd_data_sent,2896866441,2896881971,"{""state_class"": ""total_increasing"", ""unit_of_measurement"": ""B"", ""device_class"": ""data_size"", ""friendly_name"": ""UPNP IGD Data sent""}"
2025-07-25T06:32:39.242880,sensor.upnp_igd_packets_received,32376670,32377722,"{""state_class"": ""total_increasing"", ""unit_of_measurement"": ""packets"", ""friendly_name"": ""UPNP IGD Packets received""}"
2025-07-25T06:32:39.245077,sensor.upnp_igd_packets_sent,10412617,10412684,"{""state_class"": ""total_increasing"", ""unit_of_measurement"": ""packets"", ""friendly_name"": ""UPNP IGD Packets sent""}"
2025-07-25T06:32:39.246661,sensor.upnp_igd_uptime,252486,252516,"{""unit_of_measurement"": ""s"", ""device_class"": ""duration"", ""friendly_name"": ""UPNP IGD Uptime""}"
2025-07-25T06:32:39.248128,sensor.upnp_igd_download_speed,2.48625493477984,2.53325011588637,"{""state_class"": ""measurement"", ""unit_of_measurement"": ""KiB/s"", ""device_class"": ""data_rate"", ""friendly_name"": ""UPNP IGD Download speed""}"
2025-07-25T06:32:39.249551,sensor.upnp_igd_upload_speed,0.273801852105808,0.505510752325285,"{""state_class"": ""measurement"", ""unit_of_measurement"": ""KiB/s"", ""device_class"": ""data_rate"", ""friendly_name"": ""UPNP IGD Upload speed""}"
2025-07-25T06:32:39.250967,sensor.upnp_igd_packet_download_speed,35.7341528365717,35.065064193233,"{""state_class"": ""measurement"", ""unit_of_measurement"": ""packets/s"", ""friendly_name"": ""UPNP IGD Packet download speed""}"
2025-07-25T06:32:39.252381,sensor.upnp_igd_packet_upload_speed,2.23338455228573,2.23323127466408,"{""state_class"": ""measurement"", ""unit_of_measurement"": ""packets/s"", ""friendly_name"": ""UPNP IGD Packet upload speed""}"
2025-07-25T06:32:52.440482,camera.192_168_0_33,idle,idle,"{""access_token"": ""a1c5018514bf4eceb91107ee586aa0732a43e466159594c31f7f803b548a1e68"", ""entity_picture"": ""/api/camera_proxy/camera.192_168_0_33?token=a1c5018514bf4eceb91107ee586aa0732a43e466159594c31f7f803b548a1e68"", ""friendly_name"": ""192_168_0_14"", ""supported_features"": 2}"
2025-07-25T06:32:52.442330,camera.admin_mainstream,idle,idle,"{""access_token"": ""32b7fe35a9cca7b3c81c855df8a9185be930aa6db51c5491b31f8c506f894729"", ""entity_picture"": ""/api/camera_proxy/camera.admin_mainstream?token=32b7fe35a9cca7b3c81c855df8a9185be930aa6db51c5491b31f8c506f894729"", ""friendly_name"": ""admin MainStream"", ""supported_features"": 2}"
2025-07-25T06:32:52.444002,camera.admin_substream,idle,idle,"{""access_token"": ""67178c7c31a291885cefd1bc695ecde4800a0b8df46098a6a5432b355dee5a4e"", ""entity_picture"": ""/api/camera_proxy/camera.admin_substream?token=67178c7c31a291885cefd1bc695ecde4800a0b8df46098a6a5432b355dee5a4e"", ""friendly_name"": ""admin SubStream"", ""supported_features"": 2}"
2025-07-25T06:33:09.237592,sensor.upnp_igd_data_received,2347047194,2347376349,"{""state_class"": ""total_increasing"", ""unit_of_measurement"": ""B"", ""device_class"": ""data_size"", ""friendly_name"": ""UPNP IGD Data received""}"
2025-07-25T06:33:09.240058,sensor.upnp_igd_data_sent,2896881971,2896890932,"{""state_class"": ""total_increasing"", ""unit_of_measurement"": ""B"", ""device_class"": ""data_size"", ""friendly_name"": ""UPNP IGD Data sent""}"
2025-07-25T06:33:09.241632,sensor.upnp_igd_packets_received,32377722,32378874,"{""state_class"": ""total_increasing"", ""unit_of_measurement"": ""packets"", ""friendly_name"": ""UPNP IGD Packets received""}"
2025-07-25T06:33:09.244054,sensor.upnp_igd_packets_sent,10412684,10412777,"{""state_class"": ""total_increasing"", ""unit_of_measurement"": ""packets"", ""friendly_name"": ""UPNP IGD Packets sent""}"
2025-07-25T06:33:09.245746,sensor.upnp_igd_uptime,252516,252546,"{""unit_of_measurement"": ""s"", ""device_class"": ""duration"", ""friendly_name"": ""UPNP IGD Uptime""}"
2025-07-25T06:33:09.247183,sensor.upnp_igd_download_speed,2.53325011588637,10.7149510063487,"{""state_class"": ""measurement"", ""unit_of_measurement"": ""KiB/s"", ""device_class"": ""data_rate"", ""friendly_name"": ""UPNP IGD Download speed""}"
2025-07-25T06:33:09.248672,sensor.upnp_igd_upload_speed,0.505510752325285,0.291706569755558,"{""state_class"": ""measurement"", ""unit_of_measurement"": ""KiB/s"", ""device_class"": ""data_rate"", ""friendly_name"": ""UPNP IGD Upload speed""}"
2025-07-25T06:33:09.250054,sensor.upnp_igd_packet_download_speed,35.065064193233,38.4009677043861,"{""state_class"": ""measurement"", ""unit_of_measurement"": ""packets/s"", ""friendly_name"": ""UPNP IGD Packet download speed""}"
2025-07-25T06:33:09.251541,sensor.upnp_igd_packet_upload_speed,2.23323127466408,3.10007812196867,"{""state_class"": ""measurement"", ""unit_of_measurement"": ""packets/s"", ""friendly_name"": ""UPNP IGD Packet upload speed""}"
2025-07-25T06:33:10.259624,automation.aut_status_bruno,on,on,"{""id"": ""1751855857509"", ""last_triggered"": ""2025-07-25T09:33:10.253002+00:00"", ""mode"": ""single"", ""current"": 1, ""friendly_name"": ""aut-status-bruno""}"
2025-07-25T06:33:10.262239,automation.aut_status_bruno,on,on,"{""id"": ""1751855857509"", ""last_triggered"": ""2025-07-25T09:33:10.253002+00:00"", ""mode"": ""single"", ""current"": 0, ""friendly_name"": ""aut-status-bruno""}"
2025-07-25T06:33:39.241070,sensor.upnp_igd_data_received,2347376349,2347586586,"{""state_class"": ""total_increasing"", ""unit_of_measurement"": ""B"", ""device_class"": ""data_size"", ""friendly_name"": ""UPNP IGD Data received""}"
2025-07-25T06:33:39.243512,sensor.upnp_igd_data_sent,2896890932,2896950714,"{""state_class"": ""total_increasing"", ""unit_of_measurement"": ""B"", ""device_class"": ""data_size"", ""friendly_name"": ""UPNP IGD Data sent""}"
2025-07-25T06:33:39.245087,sensor.upnp_igd_packets_received,32378874,32380134,"{""state_class"": ""total_increasing"", ""unit_of_measurement"": ""packets"", ""friendly_name"": ""UPNP IGD Packets received""}"
2025-07-25T06:33:39.246504,sensor.upnp_igd_packets_sent,10412777,10413054,"{""state_class"": ""total_increasing"", ""unit_of_measurement"": ""packets"", ""friendly_name"": ""UPNP IGD Packets sent""}"
2025-07-25T06:33:39.247904,sensor.upnp_igd_uptime,252546,252576,"{""unit_of_measurement"": ""s"", ""device_class"": ""duration"", ""friendly_name"": ""UPNP IGD Uptime""}"
2025-07-25T06:33:39.249305,sensor.upnp_igd_download_speed,10.7149510063487,6.84366694357281,"{""state_class"": ""measurement"", ""unit_of_measurement"": ""KiB/s"", ""device_class"": ""data_rate"", ""friendly_name"": ""UPNP IGD Download speed""}"
2025-07-25T06:33:39.250840,sensor.upnp_igd_upload_speed,0.291706569755558,1.94603279736997,"{""state_class"": ""measurement"", ""unit_of_measurement"": ""KiB/s"", ""device_class"": ""data_rate"", ""friendly_name"": ""UPNP IGD Upload speed""}"
2025-07-25T06:33:39.252290,sensor.upnp_igd_packet_download_speed,38.4009677043861,42.0000896001911,"{""state_class"": ""measurement"", ""unit_of_measurement"": ""packets/s"", ""friendly_name"": ""UPNP IGD Packet download speed""}"
2025-07-25T06:33:39.253665,sensor.upnp_igd_packet_upload_speed,3.10007812196867,9.23335303115313,"{""state_class"": ""measurement"", ""unit_of_measurement"": ""packets/s"", ""friendly_name"": ""UPNP IGD Packet upload speed""}"
2025-07-25T06:34:00.596862,sun.sun,above_horizon,above_horizon,"{""next_dawn"": ""2025-07-26T08:32:54.909961+00:00"", ""next_dusk"": ""2025-07-25T20:48:15.098712+00:00"", ""next_midnight"": ""2025-07-26T02:40:37+00:00"", ""next_noon"": ""2025-07-25T14:40:37+00:00"", ""next_rising"": ""2025-07-26T08:55:47.118508+00:00"", ""next_setting"": ""2025-07-25T20:25:21.448131+00:00"", ""elevation"": 7.96, ""azimuth"": 67.75, ""rising"": true, ""friendly_name"": ""Sun""}"
2025-07-25T06:34:09.238578,sensor.upnp_igd_data_received,2347586586,2347659630,"{""state_class"": ""total_increasing"", ""unit_of_measurement"": ""B"", ""device_class"": ""data_size"", ""friendly_name"": ""UPNP IGD Data received""}"
2025-07-25T06:34:09.241386,sensor.upnp_igd_data_sent,2896950714,2896957041,"{""state_class"": ""total_increasing"", ""unit_of_measurement"": ""B"", ""device_class"": ""data_size"", ""friendly_name"": ""UPNP IGD Data sent""}"
2025-07-25T06:34:09.242871,sensor.upnp_igd_packets_received,32380134,32381178,"{""state_class"": ""total_increasing"", ""unit_of_measurement"": ""packets"", ""friendly_name"": ""UPNP IGD Packets received""}"
2025-07-25T06:34:09.244428,sensor.upnp_igd_packets_sent,10413054,10413117,"{""state_class"": ""total_increasing"", ""unit_of_measurement"": ""packets"", ""friendly_name"": ""UPNP IGD Packets sent""}"
2025-07-25T06:34:09.245830,sensor.upnp_igd_uptime,252576,252606,"{""unit_of_measurement"": ""s"", ""device_class"": ""duration"", ""friendly_name"": ""UPNP IGD Uptime""}"
2025-07-25T06:34:09.247203,sensor.upnp_igd_download_speed,6.84366694357281,2.37770306857626,"{""state_class"": ""measurement"", ""unit_of_measurement"": ""KiB/s"", ""device_class"": ""data_rate"", ""friendly_name"": ""UPNP IGD Download speed""}"
2025-07-25T06:34:09.248702,sensor.upnp_igd_upload_speed,1.94603279736997,0.205954319518126,"{""state_class"": ""measurement"", ""unit_of_measurement"": ""KiB/s"", ""device_class"": ""data_rate"", ""friendly_name"": ""UPNP IGD Upload speed""}"
2025-07-25T06:34:09.250079,sensor.upnp_igd_packet_download_speed,42.0000896001911,34.7995418060329,"{""state_class"": ""measurement"", ""unit_of_measurement"": ""packets/s"", ""friendly_name"": ""UPNP IGD Packet download speed""}"
2025-07-25T06:34:09.251497,sensor.upnp_igd_packet_upload_speed,9.23335303115313,2.09997235036405,"{""state_class"": ""measurement"", ""unit_of_measurement"": ""packets/s"", ""friendly_name"": ""UPNP IGD Packet upload speed""}"
2025-07-25T06:34:10.269638,automation.aut_status_bruno,on,on,"{""id"": ""1751855857509"", ""last_triggered"": ""2025-07-25T09:34:10.253260+00:00"", ""mode"": ""single"", ""current"": 1, ""friendly_name"": ""aut-status-bruno""}"
2025-07-25T06:34:10.274340,automation.aut_status_bruno,on,on,"{""id"": ""1751855857509"", ""last_triggered"": ""2025-07-25T09:34:10.253260+00:00"", ""mode"": ""single"", ""current"": 0, ""friendly_name"": ""aut-status-bruno""}"
2025-07-25T06:34:10.796690,sensor.tauntaum_energy,222.515,222.525,"{""state_class"": ""total_increasing"", ""unit_of_measurement"": ""kWh"", ""device_class"": ""energy"", ""friendly_name"": ""Tauntaum Energy""}"
2025-07-25T06:34:10.799624,sensor.tauntaum_power,46,46,"{""state_class"": ""measurement"", ""power_consumption_start"": ""2025-07-25T09:21:53Z"", ""power_consumption_end"": ""2025-07-25T09:34:10Z"", ""unit_of_measurement"": ""W"", ""device_class"": ""power"", ""friendly_name"": ""Tauntaum Power""}"
2025-07-25T06:34:10.801375,sensor.tauntaum_energy_difference,0.013,0.01,"{""state_class"": ""total"", ""unit_of_measurement"": ""kWh"", ""device_class"": ""energy"", ""friendly_name"": ""Tauntaum Energy difference""}"
2025-07-25T06:34:10.802836,sensor.tauntaum_power_energy,0.0128495505568716,0.00942610277692477,"{""state_class"": ""total"", ""unit_of_measurement"": ""kWh"", ""device_class"": ""energy"", ""friendly_name"": ""Tauntaum Power energy""}"
2025-07-25T06:34:10.804325,sensor.tauntaum_energy_saved,0.002,0.001,"{""state_class"": ""total_increasing"", ""unit_of_measurement"": ""kWh"", ""device_class"": ""energy"", ""friendly_name"": ""Tauntaum Energy saved""}"
2025-07-25T06:34:39.236964,sensor.upnp_igd_data_received,2347659630,2347794719,"{""state_class"": ""total_increasing"", ""unit_of_measurement"": ""B"", ""device_class"": ""data_size"", ""friendly_name"": ""UPNP IGD Data received""}"
2025-07-25T06:34:39.239476,sensor.upnp_igd_data_sent,2896957041,2896987029,"{""state_class"": ""total_increasing"", ""unit_of_measurement"": ""B"", ""device_class"": ""data_size"", ""friendly_name"": ""UPNP IGD Data sent""}"
2025-07-25T06:34:39.240944,sensor.upnp_igd_packets_received,32381178,32382323,"{""state_class"": ""total_increasing"", ""unit_of_measurement"": ""packets"", ""friendly_name"": ""UPNP IGD Packets received""}"
2025-07-25T06:34:39.242167,sensor.upnp_igd_packets_sent,10413117,10413288,"{""state_class"": ""total_increasing"", ""unit_of_measurement"": ""packets"", ""friendly_name"": ""UPNP IGD Packets sent""}"
2025-07-25T06:34:39.243524,sensor.upnp_igd_uptime,252606,252636,"{""unit_of_measurement"": ""s"", ""device_class"": ""duration"", ""friendly_name"": ""UPNP IGD Uptime""}"
2025-07-25T06:34:39.245009,sensor.upnp_igd_download_speed,2.37770306857626,4.39760150432922,"{""state_class"": ""measurement"", ""unit_of_measurement"": ""KiB/s"", ""device_class"": ""data_rate"", ""friendly_name"": ""UPNP IGD Download speed""}"
2025-07-25T06:34:39.246431,sensor.upnp_igd_upload_speed,0.205954319518126,0.976210305145679,"{""state_class"": ""measurement"", ""unit_of_measurement"": ""KiB/s"", ""device_class"": ""data_rate"", ""friendly_name"": ""UPNP IGD Upload speed""}"
2025-07-25T06:34:39.247879,sensor.upnp_igd_packet_download_speed,34.7995418060329,38.1681692202616,"{""state_class"": ""measurement"", ""unit_of_measurement"": ""packets/s"", ""friendly_name"": ""UPNP IGD Packet download speed""}"
2025-07-25T06:34:39.249265,sensor.upnp_igd_packet_upload_speed,2.09997235036405,5.70022439883383,"{""state_class"": ""measurement"", ""unit_of_measurement"": ""packets/s"", ""friendly_name"": ""UPNP IGD Packet upload speed""}"
2025-07-25T06:35:09.249803,sensor.upnp_igd_data_received,2347794719,2347924538,"{""state_class"": ""total_increasing"", ""unit_of_measurement"": ""B"", ""device_class"": ""data_size"", ""friendly_name"": ""UPNP IGD Data received""}"
2025-07-25T06:35:09.252200,sensor.upnp_igd_data_sent,2896987029,2897000656,"{""state_class"": ""total_increasing"", ""unit_of_measurement"": ""B"", ""device_class"": ""data_size"", ""friendly_name"": ""UPNP IGD Data sent""}"
2025-07-25T06:35:09.253983,sensor.upnp_igd_packets_received,32382323,32383426,"{""state_class"": ""total_increasing"", ""unit_of_measurement"": ""packets"", ""friendly_name"": ""UPNP IGD Packets received""}"
2025-07-25T06:35:09.255809,sensor.upnp_igd_packets_sent,10413288,10413388,"{""state_class"": ""total_increasing"", ""unit_of_measurement"": ""packets"", ""friendly_name"": ""UPNP IGD Packets sent""}"
2025-07-25T06:35:09.257511,sensor.upnp_igd_uptime,252636,252666,"{""unit_of_measurement"": ""s"", ""device_class"": ""duration"", ""friendly_name"": ""UPNP IGD Uptime""}"
2025-07-25T06:35:09.259219,sensor.upnp_igd_download_speed,4.39760150432922,4.22586158021752,"{""state_class"": ""measurement"", ""unit_of_measurement"": ""KiB/s"", ""device_class"": ""data_rate"", ""friendly_name"": ""UPNP IGD Download speed""}"
2025-07-25T06:35:09.261150,sensor.upnp_igd_upload_speed,0.976210305145679,0.443585420883108,"{""state_class"": ""measurement"", ""unit_of_measurement"": ""KiB/s"", ""device_class"": ""data_rate"", ""friendly_name"": ""UPNP IGD Upload speed""}"
2025-07-25T06:35:09.262661,sensor.upnp_igd_packet_download_speed,38.1681692202616,36.7665159239514,"{""state_class"": ""measurement"", ""unit_of_measurement"": ""packets/s"", ""friendly_name"": ""UPNP IGD Packet download speed""}"
2025-07-25T06:35:09.264119,sensor.upnp_igd_packet_upload_speed,5.70022439883383,3.3333196667227,"{""state_class"": ""measurement"", ""unit_of_measurement"": ""packets/s"", ""friendly_name"": ""UPNP IGD Packet upload speed""}"
2025-07-25T06:35:10.260264,automation.aut_status_bruno,on,on,"{""id"": ""1751855857509"", ""last_triggered"": ""2025-07-25T09:35:10.252963+00:00"", ""mode"": ""single"", ""current"": 1, ""friendly_name"": ""aut-status-bruno""}"
2025-07-25T06:35:10.262516,automation.aut_status_bruno,on,on,"{""id"": ""1751855857509"", ""last_triggered"": ""2025-07-25T09:35:10.252963+00:00"", ""mode"": ""single"", ""current"": 0, ""friendly_name"": ""aut-status-bruno""}"
2025-07-25T06:35:39.278071,sensor.upnp_igd_data_received,2347924538,2348000534,"{""state_class"": ""total_increasing"", ""unit_of_measurement"": ""B"", ""device_class"": ""data_size"", ""friendly_name"": ""UPNP IGD Data received""}"
2025-07-25T06:35:39.280624,sensor.upnp_igd_data_sent,2897000656,2897012080,"{""state_class"": ""total_increasing"", ""unit_of_measurement"": ""B"", ""device_class"": ""data_size"", ""friendly_name"": ""UPNP IGD Data sent""}"
2025-07-25T06:35:39.282242,sensor.upnp_igd_packets_received,32383426,32384479,"{""state_class"": ""total_increasing"", ""unit_of_measurement"": ""packets"", ""friendly_name"": ""UPNP IGD Packets received""}"
2025-07-25T06:35:39.283671,sensor.upnp_igd_packets_sent,10413388,10413464,"{""state_class"": ""total_increasing"", ""unit_of_measurement"": ""packets"", ""friendly_name"": ""UPNP IGD Packets sent""}"
2025-07-25T06:35:39.285042,sensor.upnp_igd_uptime,252666,252696,"{""unit_of_measurement"": ""s"", ""device_class"": ""duration"", ""friendly_name"": ""UPNP IGD Uptime""}"
2025-07-25T06:35:39.286458,sensor.upnp_igd_download_speed,4.22586158021752,2.47384131882037,"{""state_class"": ""measurement"", ""unit_of_measurement"": ""KiB/s"", ""device_class"": ""data_rate"", ""friendly_name"": ""UPNP IGD Download speed""}"
2025-07-25T06:35:39.287864,sensor.upnp_igd_upload_speed,0.443585420883108,0.371876983343911,"{""state_class"": ""measurement"", ""unit_of_measurement"": ""KiB/s"", ""device_class"": ""data_rate"", ""friendly_name"": ""UPNP IGD Upload speed""}"
2025-07-25T06:35:39.289230,sensor.upnp_igd_packet_download_speed,36.7665159239514,35.1001872009984,"{""state_class"": ""measurement"", ""unit_of_measurement"": ""packets/s"", ""friendly_name"": ""UPNP IGD Packet download speed""}"
2025-07-25T06:35:39.290611,sensor.upnp_igd_packet_upload_speed,3.3333196667227,2.5333468445165,"{""state_class"": ""measurement"", ""unit_of_measurement"": ""packets/s"", ""friendly_name"": ""UPNP IGD Packet upload speed""}"
2025-07-25T06:36:00.603769,sun.sun,above_horizon,above_horizon,"{""next_dawn"": ""2025-07-26T08:32:54.909961+00:00"", ""next_dusk"": ""2025-07-25T20:48:15.098712+00:00"", ""next_midnight"": ""2025-07-26T02:40:37+00:00"", ""next_noon"": ""2025-07-25T14:40:37+00:00"", ""next_rising"": ""2025-07-26T08:55:47.118508+00:00"", ""next_setting"": ""2025-07-25T20:25:21.448131+00:00"", ""elevation"": 8.4, ""azimuth"": 67.62, ""rising"": true, ""friendly_name"": ""Sun""}"
2025-07-25T06:36:09.253204,sensor.upnp_igd_data_received,2348000534,2348071624,"{""state_class"": ""total_increasing"", ""unit_of_measurement"": ""B"", ""device_class"": ""data_size"", ""friendly_name"": ""UPNP IGD Data received""}"
2025-07-25T06:36:09.256070,sensor.upnp_igd_data_sent,2897012080,2897018003,"{""state_class"": ""total_increasing"", ""unit_of_measurement"": ""B"", ""device_class"": ""data_size"", ""friendly_name"": ""UPNP IGD Data sent""}"
2025-07-25T06:36:09.257536,sensor.upnp_igd_packets_received,32384479,32385527,"{""state_class"": ""total_increasing"", ""unit_of_measurement"": ""packets"", ""friendly_name"": ""UPNP IGD Packets received""}"
2025-07-25T06:36:09.258889,sensor.upnp_igd_packets_sent,10413464,10413523,"{""state_class"": ""total_increasing"", ""unit_of_measurement"": ""packets"", ""friendly_name"": ""UPNP IGD Packets sent""}"
2025-07-25T06:36:09.260436,sensor.upnp_igd_uptime,252696,252726,"{""unit_of_measurement"": ""s"", ""device_class"": ""duration"", ""friendly_name"": ""UPNP IGD Uptime""}"
2025-07-25T06:36:09.261928,sensor.upnp_igd_download_speed,2.47384131882037,2.31404954356206,"{""state_class"": ""measurement"", ""unit_of_measurement"": ""KiB/s"", ""device_class"": ""data_rate"", ""friendly_name"": ""UPNP IGD Download speed""}"
2025-07-25T06:36:09.263357,sensor.upnp_igd_upload_speed,0.371876983343911,0.192799485814012,"{""state_class"": ""measurement"", ""unit_of_measurement"": ""KiB/s"", ""device_class"": ""data_rate"", ""friendly_name"": ""UPNP IGD Upload speed""}"
2025-07-25T06:36:09.264798,sensor.upnp_igd_packet_download_speed,35.1001872009984,34.9321549553062,"{""state_class"": ""measurement"", ""unit_of_measurement"": ""packets/s"", ""friendly_name"": ""UPNP IGD Packet download speed""}"
2025-07-25T06:36:09.266400,sensor.upnp_igd_packet_upload_speed,2.5333468445165,1.96660032668231,"{""state_class"": ""measurement"", ""unit_of_measurement"": ""packets/s"", ""friendly_name"": ""UPNP IGD Packet upload speed""}"
2025-07-25T06:36:10.259928,automation.aut_status_bruno,on,on,"{""id"": ""1751855857509"", ""last_triggered"": ""2025-07-25T09:36:10.252636+00:00"", ""mode"": ""single"", ""current"": 1, ""friendly_name"": ""aut-status-bruno""}"
2025-07-25T06:36:10.262023,automation.aut_status_bruno,on,on,"{""id"": ""1751855857509"", ""last_triggered"": ""2025-07-25T09:36:10.252636+00:00"", ""mode"": ""single"", ""current"": 0, ""friendly_name"": ""aut-status-bruno""}"
2025-07-25T06:36:39.236856,sensor.upnp_igd_data_received,2348071624,2348148870,"{""state_class"": ""total_increasing"", ""unit_of_measurement"": ""B"", ""device_class"": ""data_size"", ""friendly_name"": ""UPNP IGD Data received""}"
2025-07-25T06:36:39.239304,sensor.upnp_igd_data_sent,2897018003,2897032138,"{""state_class"": ""total_increasing"", ""unit_of_measurement"": ""B"", ""device_class"": ""data_size"", ""friendly_name"": ""UPNP IGD Data sent""}"
2025-07-25T06:36:39.240846,sensor.upnp_igd_packets_received,32385527,32386580,"{""state_class"": ""total_increasing"", ""unit_of_measurement"": ""packets"", ""friendly_name"": ""UPNP IGD Packets received""}"
2025-07-25T06:36:39.242223,sensor.upnp_igd_packets_sent,10413523,10413630,"{""state_class"": ""total_increasing"", ""unit_of_measurement"": ""packets"", ""friendly_name"": ""UPNP IGD Packets sent""}"
2025-07-25T06:36:39.243586,sensor.upnp_igd_uptime,252726,252756,"{""unit_of_measurement"": ""s"", ""device_class"": ""duration"", ""friendly_name"": ""UPNP IGD Uptime""}"
2025-07-25T06:36:39.244973,sensor.upnp_igd_download_speed,2.31404954356206,2.51457011313,"{""state_class"": ""measurement"", ""unit_of_measurement"": ""KiB/s"", ""device_class"": ""data_rate"", ""friendly_name"": ""UPNP IGD Download speed""}"
2025-07-25T06:36:39.246375,sensor.upnp_igd_upload_speed,0.192799485814012,0.460133191998195,"{""state_class"": ""measurement"", ""unit_of_measurement"": ""KiB/s"", ""device_class"": ""data_rate"", ""friendly_name"": ""UPNP IGD Upload speed""}"
2025-07-25T06:36:39.247802,sensor.upnp_igd_packet_download_speed,34.9321549553062,35.1007242449436,"{""state_class"": ""measurement"", ""unit_of_measurement"": ""packets/s"", ""friendly_name"": ""UPNP IGD Packet download speed""}"
2025-07-25T06:36:39.249165,sensor.upnp_igd_packet_upload_speed,1.96660032668231,3.56674026040737,"{""state_class"": ""measurement"", ""unit_of_measurement"": ""packets/s"", ""friendly_name"": ""UPNP IGD Packet upload speed""}"
2025-07-25T06:37:09.252389,sensor.upnp_igd_data_received,2348148870,2348223599,"{""state_class"": ""total_increasing"", ""unit_of_measurement"": ""B"", ""device_class"": ""data_size"", ""friendly_name"": ""UPNP IGD Data received""}"
2025-07-25T06:37:09.255388,sensor.upnp_igd_data_sent,2897032138,2897042004,"{""state_class"": ""total_increasing"", ""unit_of_measurement"": ""B"", ""device_class"": ""data_size"", ""friendly_name"": ""UPNP IGD Data sent""}"
2025-07-25T06:37:09.257221,sensor.upnp_igd_packets_received,32386580,32387640,"{""state_class"": ""total_increasing"", ""unit_of_measurement"": ""packets"", ""friendly_name"": ""UPNP IGD Packets received""}"
2025-07-25T06:37:09.259093,sensor.upnp_igd_packets_sent,10413630,10413715,"{""state_class"": ""total_increasing"", ""unit_of_measurement"": ""packets"", ""friendly_name"": ""UPNP IGD Packets sent""}"
2025-07-25T06:37:09.260942,sensor.upnp_igd_uptime,252756,252786,"{""unit_of_measurement"": ""s"", ""device_class"": ""duration"", ""friendly_name"": ""UPNP IGD Uptime""}"
2025-07-25T06:37:09.262788,sensor.upnp_igd_download_speed,2.51457011313,2.43258706800373,"{""state_class"": ""measurement"", ""unit_of_measurement"": ""KiB/s"", ""device_class"": ""data_rate"", ""friendly_name"": ""UPNP IGD Download speed""}"
2025-07-25T06:37:09.264590,sensor.upnp_igd_upload_speed,0.460133191998195,0.321159175325842,"{""state_class"": ""measurement"", ""unit_of_measurement"": ""KiB/s"", ""device_class"": ""data_rate"", ""friendly_name"": ""UPNP IGD Upload speed""}"
2025-07-25T06:37:09.266339,sensor.upnp_igd_packet_download_speed,35.1007242449436,35.333368666702,"{""state_class"": ""measurement"", ""unit_of_measurement"": ""packets/s"", ""friendly_name"": ""UPNP IGD Packet download speed""}"
2025-07-25T06:37:09.268071,sensor.upnp_igd_packet_upload_speed,3.56674026040737,2.8333361666695,"{""state_class"": ""measurement"", ""unit_of_measurement"": ""packets/s"", ""friendly_name"": ""UPNP IGD Packet upload speed""}"
2025-07-25T06:37:10.259781,automation.aut_status_bruno,on,on,"{""id"": ""1751855857509"", ""last_triggered"": ""2025-07-25T09:37:10.253257+00:00"", ""mode"": ""single"", ""current"": 1, ""friendly_name"": ""aut-status-bruno""}"
2025-07-25T06:37:10.261960,automation.aut_status_bruno,on,on,"{""id"": ""1751855857509"", ""last_triggered"": ""2025-07-25T09:37:10.253257+00:00"", ""mode"": ""single"", ""current"": 0, ""friendly_name"": ""aut-status-bruno""}"
2025-07-25T06:37:39.242762,sensor.upnp_igd_data_received,2348223599,2348310484,"{""state_class"": ""total_increasing"", ""unit_of_measurement"": ""B"", ""device_class"": ""data_size"", ""friendly_name"": ""UPNP IGD Data received""}"
2025-07-25T06:37:39.244723,sensor.upnp_igd_data_sent,2897042004,2897057786,"{""state_class"": ""total_increasing"", ""unit_of_measurement"": ""B"", ""device_class"": ""data_size"", ""friendly_name"": ""UPNP IGD Data sent""}"
2025-07-25T06:37:39.246503,sensor.upnp_igd_packets_received,32387640,32388702,"{""state_class"": ""total_increasing"", ""unit_of_measurement"": ""packets"", ""friendly_name"": ""UPNP IGD Packets received""}"
2025-07-25T06:37:39.248326,sensor.upnp_igd_packets_sent,10413715,10413798,"{""state_class"": ""total_increasing"", ""unit_of_measurement"": ""packets"", ""friendly_name"": ""UPNP IGD Packets sent""}"
2025-07-25T06:37:39.249959,sensor.upnp_igd_uptime,252786,252816,"{""unit_of_measurement"": ""s"", ""device_class"": ""duration"", ""friendly_name"": ""UPNP IGD Uptime""}"
2025-07-25T06:37:39.251426,sensor.upnp_igd_download_speed,2.43258706800373,2.82818255202573,"{""state_class"": ""measurement"", ""unit_of_measurement"": ""KiB/s"", ""device_class"": ""data_rate"", ""friendly_name"": ""UPNP IGD Download speed""}"
2025-07-25T06:37:39.252945,sensor.upnp_igd_upload_speed,0.321159175325842,0.513717868861945,"{""state_class"": ""measurement"", ""unit_of_measurement"": ""KiB/s"", ""device_class"": ""data_rate"", ""friendly_name"": ""UPNP IGD Upload speed""}"
2025-07-25T06:37:39.254376,sensor.upnp_igd_packet_download_speed,35.333368666702,35.3986831689861,"{""state_class"": ""measurement"", ""unit_of_measurement"": ""packets/s"", ""friendly_name"": ""UPNP IGD Packet download speed""}"
2025-07-25T06:37:39.255953,sensor.upnp_igd_packet_upload_speed,2.8333361666695,2.76656375049515,"{""state_class"": ""measurement"", ""unit_of_measurement"": ""packets/s"", ""friendly_name"": ""UPNP IGD Packet upload speed""}"
2025-07-25T06:37:49.016105,media_player.dlna_b13_box,unavailable,unknown,"{""friendly_name"": ""DLNA-B13 Box"", ""supported_features"": 512575}"
2025-07-25T06:37:52.441475,camera.192_168_0_33,idle,idle,"{""access_token"": ""41f6eec6e44a9bad4026b2cefdd498d0150208321898b1c23ad3cac7351dee58"", ""entity_picture"": ""/api/camera_proxy/camera.192_168_0_33?token=41f6eec6e44a9bad4026b2cefdd498d0150208321898b1c23ad3cac7351dee58"", ""friendly_name"": ""192_168_0_14"", ""supported_features"": 2}"
2025-07-25T06:37:52.443163,camera.admin_mainstream,idle,idle,"{""access_token"": ""47aef6ed1eaf0d2b08adfe635066df30fcb3e885bdd6a0402143b8b9faed6841"", ""entity_picture"": ""/api/camera_proxy/camera.admin_mainstream?token=47aef6ed1eaf0d2b08adfe635066df30fcb3e885bdd6a0402143b8b9faed6841"", ""friendly_name"": ""admin MainStream"", ""supported_features"": 2}"
2025-07-25T06:37:52.446203,camera.admin_substream,idle,idle,"{""access_token"": ""870552d4dcaed05daaa6941d55eff3e78d85a44bcc057b5993e93305f4df62a1"", ""entity_picture"": ""/api/camera_proxy/camera.admin_substream?token=870552d4dcaed05daaa6941d55eff3e78d85a44bcc057b5993e93305f4df62a1"", ""friendly_name"": ""admin SubStream"", ""supported_features"": 2}"
2025-07-25T06:38:00.598993,sun.sun,above_horizon,above_horizon,"{""next_dawn"": ""2025-07-26T08:32:54.909961+00:00"", ""next_dusk"": ""2025-07-25T20:48:15.098712+00:00"", ""next_midnight"": ""2025-07-26T02:40:37+00:00"", ""next_noon"": ""2025-07-25T14:40:37+00:00"", ""next_rising"": ""2025-07-26T08:55:47.118508+00:00"", ""next_setting"": ""2025-07-25T20:25:21.448131+00:00"", ""elevation"": 8.85, ""azimuth"": 67.48, ""rising"": true, ""friendly_name"": ""Sun""}"
2025-07-25T06:38:00.791358,media_player.dlna_b13_box,unknown,unavailable,"{""friendly_name"": ""DLNA-B13 Box"", ""supported_features"": 512575}"
2025-07-25T06:38:09.240716,sensor.upnp_igd_data_received,2348310484,2348651785,"{""state_class"": ""total_increasing"", ""unit_of_measurement"": ""B"", ""device_class"": ""data_size"", ""friendly_name"": ""UPNP IGD Data received""}"
2025-07-25T06:38:09.243430,sensor.upnp_igd_data_sent,2897057786,2897154085,"{""state_class"": ""total_increasing"", ""unit_of_measurement"": ""B"", ""device_class"": ""data_size"", ""friendly_name"": ""UPNP IGD Data sent""}"
2025-07-25T06:38:09.244929,sensor.upnp_igd_packets_received,32388702,32389952,"{""state_class"": ""total_increasing"", ""unit_of_measurement"": ""packets"", ""friendly_name"": ""UPNP IGD Packets received""}"
2025-07-25T06:38:09.246783,sensor.upnp_igd_packets_sent,10413798,10413998,"{""state_class"": ""total_increasing"", ""unit_of_measurement"": ""packets"", ""friendly_name"": ""UPNP IGD Packets sent""}"
2025-07-25T06:38:09.248518,sensor.upnp_igd_uptime,252816,252846,"{""unit_of_measurement"": ""s"", ""device_class"": ""duration"", ""friendly_name"": ""UPNP IGD Uptime""}"
2025-07-25T06:38:09.249992,sensor.upnp_igd_download_speed,2.82818255202573,11.1103811651498,"{""state_class"": ""measurement"", ""unit_of_measurement"": ""KiB/s"", ""device_class"": ""data_rate"", ""friendly_name"": ""UPNP IGD Download speed""}"
2025-07-25T06:38:09.251825,sensor.upnp_igd_upload_speed,0.513717868861945,3.13482408730933,"{""state_class"": ""measurement"", ""unit_of_measurement"": ""KiB/s"", ""device_class"": ""data_rate"", ""friendly_name"": ""UPNP IGD Upload speed""}"
2025-07-25T06:38:09.253436,sensor.upnp_igd_packet_download_speed,35.3986831689861,41.6678764240122,"{""state_class"": ""measurement"", ""unit_of_measurement"": ""packets/s"", ""friendly_name"": ""UPNP IGD Packet download speed""}"
2025-07-25T06:38:09.254835,sensor.upnp_igd_packet_upload_speed,2.76656375049515,6.66686022784195,"{""state_class"": ""measurement"", ""unit_of_measurement"": ""packets/s"", ""friendly_name"": ""UPNP IGD Packet upload speed""}"
2025-07-25T06:38:10.259858,automation.aut_status_bruno,on,on,"{""id"": ""1751855857509"", ""last_triggered"": ""2025-07-25T09:38:10.252287+00:00"", ""mode"": ""single"", ""current"": 1, ""friendly_name"": ""aut-status-bruno""}"
2025-07-25T06:38:10.262159,automation.aut_status_bruno,on,on,"{""id"": ""1751855857509"", ""last_triggered"": ""2025-07-25T09:38:10.252287+00:00"", ""mode"": ""single"", ""current"": 0, ""friendly_name"": ""aut-status-bruno""}"
2025-07-25T06:38:39.240196,sensor.upnp_igd_data_received,2348651785,2348733529,"{""state_class"": ""total_increasing"", ""unit_of_measurement"": ""B"", ""device_class"": ""data_size"", ""friendly_name"": ""UPNP IGD Data received""}"
2025-07-25T06:38:39.242657,sensor.upnp_igd_data_sent,2897154085,2897183655,"{""state_class"": ""total_increasing"", ""unit_of_measurement"": ""B"", ""device_class"": ""data_size"", ""friendly_name"": ""UPNP IGD Data sent""}"
2025-07-25T06:38:39.244247,sensor.upnp_igd_packets_received,32389952,32390989,"{""state_class"": ""total_increasing"", ""unit_of_measurement"": ""packets"", ""friendly_name"": ""UPNP IGD Packets received""}"
2025-07-25T06:38:39.245635,sensor.upnp_igd_packets_sent,10413998,10414116,"{""state_class"": ""total_increasing"", ""unit_of_measurement"": ""packets"", ""friendly_name"": ""UPNP IGD Packets sent""}"
2025-07-25T06:38:39.246958,sensor.upnp_igd_uptime,252846,252876,"{""unit_of_measurement"": ""s"", ""device_class"": ""duration"", ""friendly_name"": ""UPNP IGD Uptime""}"
2025-07-25T06:38:39.248391,sensor.upnp_igd_download_speed,11.1103811651498,2.66091053610657,"{""state_class"": ""measurement"", ""unit_of_measurement"": ""KiB/s"", ""device_class"": ""data_rate"", ""friendly_name"": ""UPNP IGD Download speed""}"
2025-07-25T06:38:39.249755,sensor.upnp_igd_upload_speed,3.13482408730933,0.962555350272451,"{""state_class"": ""measurement"", ""unit_of_measurement"": ""KiB/s"", ""device_class"": ""data_rate"", ""friendly_name"": ""UPNP IGD Upload speed""}"
2025-07-25T06:38:39.251080,sensor.upnp_igd_packet_download_speed,41.6678764240122,34.5663163946605,"{""state_class"": ""measurement"", ""unit_of_measurement"": ""packets/s"", ""friendly_name"": ""UPNP IGD Packet download speed""}"
2025-07-25T06:38:39.252525,sensor.upnp_igd_packet_upload_speed,6.66686022784195,3.93329347595944,"{""state_class"": ""measurement"", ""unit_of_measurement"": ""packets/s"", ""friendly_name"": ""UPNP IGD Packet upload speed""}"
2025-07-25T06:39:09.237866,sensor.upnp_igd_data_received,2348733529,2348857485,"{""state_class"": ""total_increasing"", ""unit_of_measurement"": ""B"", ""device_class"": ""data_size"", ""friendly_name"": ""UPNP IGD Data received""}"
2025-07-25T06:39:09.240380,sensor.upnp_igd_data_sent,2897183655,2897223599,"{""state_class"": ""total_increasing"", ""unit_of_measurement"": ""B"", ""device_class"": ""data_size"", ""friendly_name"": ""UPNP IGD Data sent""}"
2025-07-25T06:39:09.241946,sensor.upnp_igd_packets_received,32390989,32392172,"{""state_class"": ""total_increasing"", ""unit_of_measurement"": ""packets"", ""friendly_name"": ""UPNP IGD Packets received""}"
2025-07-25T06:39:09.243418,sensor.upnp_igd_packets_sent,10414116,10414307,"{""state_class"": ""total_increasing"", ""unit_of_measurement"": ""packets"", ""friendly_name"": ""UPNP IGD Packets sent""}"
2025-07-25T06:39:09.244785,sensor.upnp_igd_uptime,252876,252906,"{""unit_of_measurement"": ""s"", ""device_class"": ""duration"", ""friendly_name"": ""UPNP IGD Uptime""}"
2025-07-25T06:39:09.246178,sensor.upnp_igd_download_speed,2.66091053610657,4.03511077899303,"{""state_class"": ""measurement"", ""unit_of_measurement"": ""KiB/s"", ""device_class"": ""data_rate"", ""friendly_name"": ""UPNP IGD Download speed""}"
2025-07-25T06:39:09.247609,sensor.upnp_igd_upload_speed,0.962555350272451,1.30028772270884,"{""state_class"": ""measurement"", ""unit_of_measurement"": ""KiB/s"", ""device_class"": ""data_rate"", ""friendly_name"": ""UPNP IGD Upload speed""}"
2025-07-25T06:39:09.249019,sensor.upnp_igd_packet_download_speed,34.5663163946605,39.4341614507238,"{""state_class"": ""measurement"", ""unit_of_measurement"": ""packets/s"", ""friendly_name"": ""UPNP IGD Packet download speed""}"
2025-07-25T06:39:09.250386,sensor.upnp_igd_packet_upload_speed,3.93329347595944,6.36680036947443,"{""state_class"": ""measurement"", ""unit_of_measurement"": ""packets/s"", ""friendly_name"": ""UPNP IGD Packet upload speed""}"
2025-07-25T06:39:10.259535,automation.aut_status_bruno,on,on,"{""id"": ""1751855857509"", ""last_triggered"": ""2025-07-25T09:39:10.252934+00:00"", ""mode"": ""single"", ""current"": 1, ""friendly_name"": ""aut-status-bruno""}"
2025-07-25T06:39:10.261693,automation.aut_status_bruno,on,on,"{""id"": ""1751855857509"", ""last_triggered"": ""2025-07-25T09:39:10.252934+00:00"", ""mode"": ""single"", ""current"": 0, ""friendly_name"": ""aut-status-bruno""}"
2025-07-25T06:39:39.238020,sensor.upnp_igd_data_received,2348857485,2348935623,"{""state_class"": ""total_increasing"", ""unit_of_measurement"": ""B"", ""device_class"": ""data_size"", ""friendly_name"": ""UPNP IGD Data received""}"
2025-07-25T06:39:39.240495,sensor.upnp_igd_data_sent,2897223599,2897231042,"{""state_class"": ""total_increasing"", ""unit_of_measurement"": ""B"", ""device_class"": ""data_size"", ""friendly_name"": ""UPNP IGD Data sent""}"
2025-07-25T06:39:39.241967,sensor.upnp_igd_packets_received,32392172,32393222,"{""state_class"": ""total_increasing"", ""unit_of_measurement"": ""packets"", ""friendly_name"": ""UPNP IGD Packets received""}"
2025-07-25T06:39:39.243381,sensor.upnp_igd_packets_sent,10414307,10414366,"{""state_class"": ""total_increasing"", ""unit_of_measurement"": ""packets"", ""friendly_name"": ""UPNP IGD Packets sent""}"
2025-07-25T06:39:39.244752,sensor.upnp_igd_uptime,252906,252936,"{""unit_of_measurement"": ""s"", ""device_class"": ""duration"", ""friendly_name"": ""UPNP IGD Uptime""}"
2025-07-25T06:39:39.246441,sensor.upnp_igd_download_speed,4.03511077899303,2.54350856521135,"{""state_class"": ""measurement"", ""unit_of_measurement"": ""KiB/s"", ""device_class"": ""data_rate"", ""friendly_name"": ""UPNP IGD Download speed""}"
2025-07-25T06:39:39.248171,sensor.upnp_igd_upload_speed,1.30028772270884,0.242280762892166,"{""state_class"": ""measurement"", ""unit_of_measurement"": ""KiB/s"", ""device_class"": ""data_rate"", ""friendly_name"": ""UPNP IGD Upload speed""}"
2025-07-25T06:39:39.249907,sensor.upnp_igd_packet_download_speed,39.4341614507238,34.9993653448417,"{""state_class"": ""measurement"", ""unit_of_measurement"": ""packets/s"", ""friendly_name"": ""UPNP IGD Packet download speed""}"
2025-07-25T06:39:39.251939,sensor.upnp_igd_packet_upload_speed,6.36680036947443,1.96663100509111,"{""state_class"": ""measurement"", ""unit_of_measurement"": ""packets/s"", ""friendly_name"": ""UPNP IGD Packet upload speed""}"
2025-07-25T06:40:00.598687,sun.sun,above_horizon,above_horizon,"{""next_dawn"": ""2025-07-26T08:32:54.909961+00:00"", ""next_dusk"": ""2025-07-25T20:48:15.098712+00:00"", ""next_midnight"": ""2025-07-26T02:40:37+00:00"", ""next_noon"": ""2025-07-25T14:40:37+00:00"", ""next_rising"": ""2025-07-26T08:55:47.118508+00:00"", ""next_setting"": ""2025-07-25T20:25:21.448131+00:00"", ""elevation"": 9.3, ""azimuth"": 67.33, ""rising"": true, ""friendly_name"": ""Sun""}"
2025-07-25T06:40:09.237107,sensor.upnp_igd_data_received,2348935623,2349031702,"{""state_class"": ""total_increasing"", ""unit_of_measurement"": ""B"", ""device_class"": ""data_size"", ""friendly_name"": ""UPNP IGD Data received""}"
2025-07-25T06:40:09.239479,sensor.upnp_igd_data_sent,2897231042,2897246065,"{""state_class"": ""total_increasing"", ""unit_of_measurement"": ""B"", ""device_class"": ""data_size"", ""friendly_name"": ""UPNP IGD Data sent""}"
2025-07-25T06:40:09.241031,sensor.upnp_igd_packets_received,32393222,32394288,"{""state_class"": ""total_increasing"", ""unit_of_measurement"": ""packets"", ""friendly_name"": ""UPNP IGD Packets received""}"
2025-07-25T06:40:09.242414,sensor.upnp_igd_packets_sent,10414366,10414483,"{""state_class"": ""total_increasing"", ""unit_of_measurement"": ""packets"", ""friendly_name"": ""UPNP IGD Packets sent""}"
2025-07-25T06:40:09.243798,sensor.upnp_igd_uptime,252936,252966,"{""unit_of_measurement"": ""s"", ""device_class"": ""duration"", ""friendly_name"": ""UPNP IGD Uptime""}"
2025-07-25T06:40:09.245237,sensor.upnp_igd_download_speed,2.54350856521135,3.12762426292509,"{""state_class"": ""measurement"", ""unit_of_measurement"": ""KiB/s"", ""device_class"": ""data_rate"", ""friendly_name"": ""UPNP IGD Download speed""}"
2025-07-25T06:40:09.246695,sensor.upnp_igd_upload_speed,0.242280762892166,0.489038180059364,"{""state_class"": ""measurement"", ""unit_of_measurement"": ""KiB/s"", ""device_class"": ""data_rate"", ""friendly_name"": ""UPNP IGD Upload speed""}"
2025-07-25T06:40:09.248219,sensor.upnp_igd_packet_download_speed,34.9993653448417,35.5339314878467,"{""state_class"": ""measurement"", ""unit_of_measurement"": ""packets/s"", ""friendly_name"": ""UPNP IGD Packet download speed""}"
2025-07-25T06:40:09.249637,sensor.upnp_igd_packet_upload_speed,1.96663100509111,3.90006565110513,"{""state_class"": ""measurement"", ""unit_of_measurement"": ""packets/s"", ""friendly_name"": ""UPNP IGD Packet upload speed""}"
2025-07-25T06:40:10.259455,automation.aut_status_bruno,on,on,"{""id"": ""1751855857509"", ""last_triggered"": ""2025-07-25T09:40:10.252390+00:00"", ""mode"": ""single"", ""current"": 1, ""friendly_name"": ""aut-status-bruno""}"
2025-07-25T06:40:10.262579,automation.aut_status_bruno,on,on,"{""id"": ""1751855857509"", ""last_triggered"": ""2025-07-25T09:40:10.252390+00:00"", ""mode"": ""single"", ""current"": 0, ""friendly_name"": ""aut-status-bruno""}"
2025-07-25T06:40:39.239464,sensor.upnp_igd_data_received,2349031702,2349444914,"{""state_class"": ""total_increasing"", ""unit_of_measurement"": ""B"", ""device_class"": ""data_size"", ""friendly_name"": ""UPNP IGD Data received""}"
2025-07-25T06:40:39.241838,sensor.upnp_igd_data_sent,2897246065,2897543637,"{""state_class"": ""total_increasing"", ""unit_of_measurement"": ""B"", ""device_class"": ""data_size"", ""friendly_name"": ""UPNP IGD Data sent""}"
2025-07-25T06:40:39.243369,sensor.upnp_igd_packets_received,32394288,32396156,"{""state_class"": ""total_increasing"", ""unit_of_measurement"": ""packets"", ""friendly_name"": ""UPNP IGD Packets received""}"
2025-07-25T06:40:39.244892,sensor.upnp_igd_packets_sent,10414483,10415394,"{""state_class"": ""total_increasing"", ""unit_of_measurement"": ""packets"", ""friendly_name"": ""UPNP IGD Packets sent""}"
2025-07-25T06:40:39.246242,sensor.upnp_igd_uptime,252966,252996,"{""unit_of_measurement"": ""s"", ""device_class"": ""duration"", ""friendly_name"": ""UPNP IGD Uptime""}"
2025-07-25T06:40:39.247717,sensor.upnp_igd_download_speed,3.12762426292509,13.4508137157537,"{""state_class"": ""measurement"", ""unit_of_measurement"": ""KiB/s"", ""device_class"": ""data_rate"", ""friendly_name"": ""UPNP IGD Download speed""}"
2025-07-25T06:40:39.249144,sensor.upnp_igd_upload_speed,0.489038180059364,9.68651815296809,"{""state_class"": ""measurement"", ""unit_of_measurement"": ""KiB/s"", ""device_class"": ""data_rate"", ""friendly_name"": ""UPNP IGD Upload speed""}"
2025-07-25T06:40:39.250519,sensor.upnp_igd_packet_download_speed,35.5339314878467,62.2662141988435,"{""state_class"": ""measurement"", ""unit_of_measurement"": ""packets/s"", ""friendly_name"": ""UPNP IGD Packet download speed""}"
2025-07-25T06:40:39.252014,sensor.upnp_igd_packet_upload_speed,3.90006565110513,30.3664460038257,"{""state_class"": ""measurement"", ""unit_of_measurement"": ""packets/s"", ""friendly_name"": ""UPNP IGD Packet upload speed""}"
2025-07-25T06:41:09.240456,sensor.upnp_igd_data_received,2349444914,2349998596,"{""state_class"": ""total_increasing"", ""unit_of_measurement"": ""B"", ""device_class"": ""data_size"", ""friendly_name"": ""UPNP IGD Data received""}"
2025-07-25T06:41:09.242170,sensor.upnp_igd_data_sent,2897543637,2897969698,"{""state_class"": ""total_increasing"", ""unit_of_measurement"": ""B"", ""device_class"": ""data_size"", ""friendly_name"": ""UPNP IGD Data sent""}"
2025-07-25T06:41:09.243661,sensor.upnp_igd_packets_received,32396156,32398290,"{""state_class"": ""total_increasing"", ""unit_of_measurement"": ""packets"", ""friendly_name"": ""UPNP IGD Packets received""}"
2025-07-25T06:41:09.245108,sensor.upnp_igd_packets_sent,10415394,10416535,"{""state_class"": ""total_increasing"", ""unit_of_measurement"": ""packets"", ""friendly_name"": ""UPNP IGD Packets sent""}"
2025-07-25T06:41:09.246443,sensor.upnp_igd_uptime,252996,253026,"{""unit_of_measurement"": ""s"", ""device_class"": ""duration"", ""friendly_name"": ""UPNP IGD Uptime""}"
2025-07-25T06:41:09.247920,sensor.upnp_igd_download_speed,13.4508137157537,18.0230658452043,"{""state_class"": ""measurement"", ""unit_of_measurement"": ""KiB/s"", ""device_class"": ""data_rate"", ""friendly_name"": ""UPNP IGD Download speed""}"
2025-07-25T06:41:09.249335,sensor.upnp_igd_upload_speed,9.68651815296809,13.8688370889312,"{""state_class"": ""measurement"", ""unit_of_measurement"": ""KiB/s"", ""device_class"": ""data_rate"", ""friendly_name"": ""UPNP IGD Upload speed""}"
2025-07-25T06:41:09.250747,sensor.upnp_igd_packet_download_speed,62.2662141988435,71.1316095773279,"{""state_class"": ""measurement"", ""unit_of_measurement"": ""packets/s"", ""friendly_name"": ""UPNP IGD Packet download speed""}"
2025-07-25T06:41:09.252138,sensor.upnp_igd_packet_upload_speed,30.3664460038257,38.0324116812236,"{""state_class"": ""measurement"", ""unit_of_measurement"": ""packets/s"", ""friendly_name"": ""UPNP IGD Packet upload speed""}"
2025-07-25T06:41:10.259963,automation.aut_status_bruno,on,on,"{""id"": ""1751855857509"", ""last_triggered"": ""2025-07-25T09:41:10.252512+00:00"", ""mode"": ""single"", ""current"": 1, ""friendly_name"": ""aut-status-bruno""}"
2025-07-25T06:41:10.262295,automation.aut_status_bruno,on,on,"{""id"": ""1751855857509"", ""last_triggered"": ""2025-07-25T09:41:10.252512+00:00"", ""mode"": ""single"", ""current"": 0, ""friendly_name"": ""aut-status-bruno""}"
2025-07-25T06:41:39.240239,sensor.upnp_igd_data_received,2349998596,2350744168,"{""state_class"": ""total_increasing"", ""unit_of_measurement"": ""B"", ""device_class"": ""data_size"", ""friendly_name"": ""UPNP IGD Data received""}"
2025-07-25T06:41:39.242735,sensor.upnp_igd_data_sent,2897969698,2898249199,"{""state_class"": ""total_increasing"", ""unit_of_measurement"": ""B"", ""device_class"": ""data_size"", ""friendly_name"": ""UPNP IGD Data sent""}"
2025-07-25T06:41:39.244413,sensor.upnp_igd_packets_received,32398290,32400258,"{""state_class"": ""total_increasing"", ""unit_of_measurement"": ""packets"", ""friendly_name"": ""UPNP IGD Packets received""}"
2025-07-25T06:41:39.245892,sensor.upnp_igd_packets_sent,10416535,10417159,"{""state_class"": ""total_increasing"", ""unit_of_measurement"": ""packets"", ""friendly_name"": ""UPNP IGD Packets sent""}"
2025-07-25T06:41:39.247187,sensor.upnp_igd_uptime,253026,253056,"{""unit_of_measurement"": ""s"", ""device_class"": ""duration"", ""friendly_name"": ""UPNP IGD Uptime""}"
2025-07-25T06:41:39.248594,sensor.upnp_igd_download_speed,18.0230658452043,24.2695230458379,"{""state_class"": ""measurement"", ""unit_of_measurement"": ""KiB/s"", ""device_class"": ""data_rate"", ""friendly_name"": ""UPNP IGD Download speed""}"
2025-07-25T06:41:39.249949,sensor.upnp_igd_upload_speed,13.8688370889312,9.09819033015557,"{""state_class"": ""measurement"", ""unit_of_measurement"": ""KiB/s"", ""device_class"": ""data_rate"", ""friendly_name"": ""UPNP IGD Upload speed""}"
2025-07-25T06:41:39.252647,sensor.upnp_igd_packet_download_speed,71.1316095773279,65.5989219910486,"{""state_class"": ""measurement"", ""unit_of_measurement"": ""packets/s"", ""friendly_name"": ""UPNP IGD Packet download speed""}"
2025-07-25T06:41:39.254040,sensor.upnp_igd_packet_upload_speed,38.0324116812236,20.7996581922837,"{""state_class"": ""measurement"", ""unit_of_measurement"": ""packets/s"", ""friendly_name"": ""UPNP IGD Packet upload speed""}"
2025-07-25T06:42:00.599295,sun.sun,above_horizon,above_horizon,"{""next_dawn"": ""2025-07-26T08:32:54.909961+00:00"", ""next_dusk"": ""2025-07-25T20:48:15.098712+00:00"", ""next_midnight"": ""2025-07-26T02:40:37+00:00"", ""next_noon"": ""2025-07-25T14:40:37+00:00"", ""next_rising"": ""2025-07-26T08:55:47.118508+00:00"", ""next_setting"": ""2025-07-25T20:25:21.448131+00:00"", ""elevation"": 9.74, ""azimuth"": 67.19, ""rising"": true, ""friendly_name"": ""Sun""}"
2025-07-25T06:42:09.243278,sensor.upnp_igd_data_received,2350744168,2350814716,"{""state_class"": ""total_increasing"", ""unit_of_measurement"": ""B"", ""device_class"": ""data_size"", ""friendly_name"": ""UPNP IGD Data received""}"
2025-07-25T06:42:09.245833,sensor.upnp_igd_data_sent,2898249199,2898253740,"{""state_class"": ""total_increasing"", ""unit_of_measurement"": ""B"", ""device_class"": ""data_size"", ""friendly_name"": ""UPNP IGD Data sent""}"
2025-07-25T06:42:09.247504,sensor.upnp_igd_packets_received,32400258,32401275,"{""state_class"": ""total_increasing"", ""unit_of_measurement"": ""packets"", ""friendly_name"": ""UPNP IGD Packets received""}"
2025-07-25T06:42:09.249142,sensor.upnp_igd_packets_sent,10417159,10417207,"{""state_class"": ""total_increasing"", ""unit_of_measurement"": ""packets"", ""friendly_name"": ""UPNP IGD Packets sent""}"
2025-07-25T06:42:09.250886,sensor.upnp_igd_uptime,253056,253086,"{""unit_of_measurement"": ""s"", ""device_class"": ""duration"", ""friendly_name"": ""UPNP IGD Uptime""}"
2025-07-25T06:42:09.252518,sensor.upnp_igd_download_speed,24.2695230458379,2.29646776388317,"{""state_class"": ""measurement"", ""unit_of_measurement"": ""KiB/s"", ""device_class"": ""data_rate"", ""friendly_name"": ""UPNP IGD Download speed""}"
2025-07-25T06:42:09.253982,sensor.upnp_igd_upload_speed,9.09819033015557,0.147817941200225,"{""state_class"": ""measurement"", ""unit_of_measurement"": ""KiB/s"", ""device_class"": ""data_rate"", ""friendly_name"": ""UPNP IGD Upload speed""}"
2025-07-25T06:42:09.255384,sensor.upnp_igd_packet_download_speed,65.5989219910486,33.8997547917737,"{""state_class"": ""measurement"", ""unit_of_measurement"": ""packets/s"", ""friendly_name"": ""UPNP IGD Packet download speed""}"
2025-07-25T06:42:09.256850,sensor.upnp_igd_packet_upload_speed,20.7996581922837,1.59998842675038,"{""state_class"": ""measurement"", ""unit_of_measurement"": ""packets/s"", ""friendly_name"": ""UPNP IGD Packet upload speed""}"
2025-07-25T06:42:10.260174,automation.aut_status_bruno,on,on,"{""id"": ""1751855857509"", ""last_triggered"": ""2025-07-25T09:42:10.252581+00:00"", ""mode"": ""single"", ""current"": 1, ""friendly_name"": ""aut-status-bruno""}"
2025-07-25T06:42:10.263406,automation.aut_status_bruno,on,on,"{""id"": ""1751855857509"", ""last_triggered"": ""2025-07-25T09:42:10.252581+00:00"", ""mode"": ""single"", ""current"": 0, ""friendly_name"": ""aut-status-bruno""}"
2025-07-25T06:42:39.241444,sensor.upnp_igd_data_received,2350814716,2350898319,"{""state_class"": ""total_increasing"", ""unit_of_measurement"": ""B"", ""device_class"": ""data_size"", ""friendly_name"": ""UPNP IGD Data received""}"
2025-07-25T06:42:39.244274,sensor.upnp_igd_data_sent,2898253740,2898272164,"{""state_class"": ""total_increasing"", ""unit_of_measurement"": ""B"", ""device_class"": ""data_size"", ""friendly_name"": ""UPNP IGD Data sent""}"
2025-07-25T06:42:39.245749,sensor.upnp_igd_packets_received,32401275,32402349,"{""state_class"": ""total_increasing"", ""unit_of_measurement"": ""packets"", ""friendly_name"": ""UPNP IGD Packets received""}"
2025-07-25T06:42:39.247164,sensor.upnp_igd_packets_sent,10417207,10417307,"{""state_class"": ""total_increasing"", ""unit_of_measurement"": ""packets"", ""friendly_name"": ""UPNP IGD Packets sent""}"
2025-07-25T06:42:39.248597,sensor.upnp_igd_uptime,253086,253116,"{""unit_of_measurement"": ""s"", ""device_class"": ""duration"", ""friendly_name"": ""UPNP IGD Uptime""}"
2025-07-25T06:42:39.250025,sensor.upnp_igd_download_speed,2.29646776388317,2.72157438448311,"{""state_class"": ""measurement"", ""unit_of_measurement"": ""KiB/s"", ""device_class"": ""data_rate"", ""friendly_name"": ""UPNP IGD Download speed""}"
2025-07-25T06:42:39.251490,sensor.upnp_igd_upload_speed,0.147817941200225,0.59976659282223,"{""state_class"": ""measurement"", ""unit_of_measurement"": ""KiB/s"", ""device_class"": ""data_rate"", ""friendly_name"": ""UPNP IGD Upload speed""}"
2025-07-25T06:42:39.253012,sensor.upnp_igd_packet_download_speed,33.8997547917737,35.801612265939,"{""state_class"": ""measurement"", ""unit_of_measurement"": ""packets/s"", ""friendly_name"": ""UPNP IGD Packet download speed""}"
2025-07-25T06:42:39.254406,sensor.upnp_igd_packet_upload_speed,1.59998842675038,3.33348345120475,"{""state_class"": ""measurement"", ""unit_of_measurement"": ""packets/s"", ""friendly_name"": ""UPNP IGD Packet upload speed""}"
2025-07-25T06:42:52.442290,camera.192_168_0_33,idle,idle,"{""access_token"": ""477990a3d5ba0a0f6df116889751c54aa701405d40eeb08b51380d90eb03f824"", ""entity_picture"": ""/api/camera_proxy/camera.192_168_0_33?token=477990a3d5ba0a0f6df116889751c54aa701405d40eeb08b51380d90eb03f824"", ""friendly_name"": ""192_168_0_14"", ""supported_features"": 2}"
2025-07-25T06:42:52.445425,camera.admin_mainstream,idle,idle,"{""access_token"": ""1a02f41aba949fd2e871df866acea4da1b455e6d534dfcc6fc7352ddde7ff997"", ""entity_picture"": ""/api/camera_proxy/camera.admin_mainstream?token=1a02f41aba949fd2e871df866acea4da1b455e6d534dfcc6fc7352ddde7ff997"", ""friendly_name"": ""admin MainStream"", ""supported_features"": 2}"
2025-07-25T06:42:52.447225,camera.admin_substream,idle,idle,"{""access_token"": ""56d456a6d20f235a63b9a491d37f015041232bbdb51aa66fb7f9d8bd8cec82de"", ""entity_picture"": ""/api/camera_proxy/camera.admin_substream?token=56d456a6d20f235a63b9a491d37f015041232bbdb51aa66fb7f9d8bd8cec82de"", ""friendly_name"": ""admin SubStream"", ""supported_features"": 2}"
2025-07-25T06:43:09.238167,sensor.upnp_igd_data_received,2350898319,2351504114,"{""state_class"": ""total_increasing"", ""unit_of_measurement"": ""B"", ""device_class"": ""data_size"", ""friendly_name"": ""UPNP IGD Data received""}"
2025-07-25T06:43:09.240722,sensor.upnp_igd_data_sent,2898272164,2898291713,"{""state_class"": ""total_increasing"", ""unit_of_measurement"": ""B"", ""device_class"": ""data_size"", ""friendly_name"": ""UPNP IGD Data sent""}"
2025-07-25T06:43:09.242612,sensor.upnp_igd_packets_received,32402349,32403794,"{""state_class"": ""total_increasing"", ""unit_of_measurement"": ""packets"", ""friendly_name"": ""UPNP IGD Packets received""}"
2025-07-25T06:43:09.244187,sensor.upnp_igd_packets_sent,10417307,10417476,"{""state_class"": ""total_increasing"", ""unit_of_measurement"": ""packets"", ""friendly_name"": ""UPNP IGD Packets sent""}"
2025-07-25T06:43:09.245593,sensor.upnp_igd_uptime,253116,253146,"{""unit_of_measurement"": ""s"", ""device_class"": ""duration"", ""friendly_name"": ""UPNP IGD Uptime""}"
2025-07-25T06:43:09.247041,sensor.upnp_igd_download_speed,2.72157438448311,19.7198932668953,"{""state_class"": ""measurement"", ""unit_of_measurement"": ""KiB/s"", ""device_class"": ""data_rate"", ""friendly_name"": ""UPNP IGD Download speed""}"
2025-07-25T06:43:09.248519,sensor.upnp_igd_upload_speed,0.59976659282223,0.636360804355494,"{""state_class"": ""measurement"", ""unit_of_measurement"": ""KiB/s"", ""device_class"": ""data_rate"", ""friendly_name"": ""UPNP IGD Upload speed""}"
2025-07-25T06:43:09.249972,sensor.upnp_igd_packet_download_speed,35.801612265939,48.1666763000019,"{""state_class"": ""measurement"", ""unit_of_measurement"": ""packets/s"", ""friendly_name"": ""UPNP IGD Packet download speed""}"
2025-07-25T06:43:09.251455,sensor.upnp_igd_packet_upload_speed,3.33348345120475,5.63333446000023,"{""state_class"": ""measurement"", ""unit_of_measurement"": ""packets/s"", ""friendly_name"": ""UPNP IGD Packet upload speed""}"
2025-07-25T06:43:10.114766,sun.sun,above_horizon,above_horizon,"{""next_dawn"": ""2025-07-26T08:32:54.909961+00:00"", ""next_dusk"": ""2025-07-25T20:48:15.098712+00:00"", ""next_midnight"": ""2025-07-26T02:40:37+00:00"", ""next_noon"": ""2025-07-25T14:40:37+00:00"", ""next_rising"": ""2025-07-26T08:55:47.118508+00:00"", ""next_setting"": ""2025-07-25T20:25:21.448131+00:00"", ""elevation"": 10.0, ""azimuth"": 67.11, ""rising"": true, ""friendly_name"": ""Sun""}"
2025-07-25T06:43:10.259454,automation.aut_status_bruno,on,on,"{""id"": ""1751855857509"", ""last_triggered"": ""2025-07-25T09:43:10.253021+00:00"", ""mode"": ""single"", ""current"": 1, ""friendly_name"": ""aut-status-bruno""}"
2025-07-25T06:43:10.261616,automation.aut_status_bruno,on,on,"{""id"": ""1751855857509"", ""last_triggered"": ""2025-07-25T09:43:10.253021+00:00"", ""mode"": ""single"", ""current"": 0, ""friendly_name"": ""aut-status-bruno""}"
2025-07-25T06:43:39.241481,sensor.upnp_igd_data_received,2351504114,2351577723,"{""state_class"": ""total_increasing"", ""unit_of_measurement"": ""B"", ""device_class"": ""data_size"", ""friendly_name"": ""UPNP IGD Data received""}"
2025-07-25T06:43:39.242898,sensor.upnp_igd_data_sent,2898291713,2898301770,"{""state_class"": ""total_increasing"", ""unit_of_measurement"": ""B"", ""device_class"": ""data_size"", ""friendly_name"": ""UPNP IGD Data sent""}"
2025-07-25T06:43:39.245668,sensor.upnp_igd_packets_received,32403794,32404835,"{""state_class"": ""total_increasing"", ""unit_of_measurement"": ""packets"", ""friendly_name"": ""UPNP IGD Packets received""}"
2025-07-25T06:43:39.247428,sensor.upnp_igd_packets_sent,10417476,10417544,"{""state_class"": ""total_increasing"", ""unit_of_measurement"": ""packets"", ""friendly_name"": ""UPNP IGD Packets sent""}"
2025-07-25T06:43:39.249706,sensor.upnp_igd_uptime,253146,253176,"{""unit_of_measurement"": ""s"", ""device_class"": ""duration"", ""friendly_name"": ""UPNP IGD Uptime""}"
2025-07-25T06:43:39.251558,sensor.upnp_igd_download_speed,19.7198932668953,2.39615745213021,"{""state_class"": ""measurement"", ""unit_of_measurement"": ""KiB/s"", ""device_class"": ""data_rate"", ""friendly_name"": ""UPNP IGD Download speed""}"
2025-07-25T06:43:39.253328,sensor.upnp_igd_upload_speed,0.636360804355494,0.327380558030588,"{""state_class"": ""measurement"", ""unit_of_measurement"": ""KiB/s"", ""device_class"": ""data_rate"", ""friendly_name"": ""UPNP IGD Upload speed""}"
2025-07-25T06:43:39.255053,sensor.upnp_igd_packet_download_speed,48.1666763000019,34.7004511058644,"{""state_class"": ""measurement"", ""unit_of_measurement"": ""packets/s"", ""friendly_name"": ""UPNP IGD Packet download speed""}"
2025-07-25T06:43:39.256879,sensor.upnp_igd_packet_upload_speed,5.63333446000023,2.26669613371641,"{""state_class"": ""measurement"", ""unit_of_measurement"": ""packets/s"", ""friendly_name"": ""UPNP IGD Packet upload speed""}"
2025-07-25T06:44:09.238871,sensor.upnp_igd_data_received,2351577723,2351654144,"{""state_class"": ""total_increasing"", ""unit_of_measurement"": ""B"", ""device_class"": ""data_size"", ""friendly_name"": ""UPNP IGD Data received""}"
2025-07-25T06:44:09.241230,sensor.upnp_igd_data_sent,2898301770,2898310678,"{""state_class"": ""total_increasing"", ""unit_of_measurement"": ""B"", ""device_class"": ""data_size"", ""friendly_name"": ""UPNP IGD Data sent""}"
2025-07-25T06:44:09.242823,sensor.upnp_igd_packets_received,32404835,32405888,"{""state_class"": ""total_increasing"", ""unit_of_measurement"": ""packets"", ""friendly_name"": ""UPNP IGD Packets received""}"
2025-07-25T06:44:09.244515,sensor.upnp_igd_packets_sent,10417544,10417617,"{""state_class"": ""total_increasing"", ""unit_of_measurement"": ""packets"", ""friendly_name"": ""UPNP IGD Packets sent""}"
2025-07-25T06:44:09.246295,sensor.upnp_igd_uptime,253176,253206,"{""unit_of_measurement"": ""s"", ""device_class"": ""duration"", ""friendly_name"": ""UPNP IGD Uptime""}"
2025-07-25T06:44:09.247888,sensor.upnp_igd_download_speed,2.39615745213021,2.48765695588377,"{""state_class"": ""measurement"", ""unit_of_measurement"": ""KiB/s"", ""device_class"": ""data_rate"", ""friendly_name"": ""UPNP IGD Download speed""}"
2025-07-25T06:44:09.249307,sensor.upnp_igd_upload_speed,0.327380558030588,0.289973281729009,"{""state_class"": ""measurement"", ""unit_of_measurement"": ""KiB/s"", ""device_class"": ""data_rate"", ""friendly_name"": ""UPNP IGD Upload speed""}"
2025-07-25T06:44:09.250716,sensor.upnp_igd_packet_download_speed,34.7004511058644,35.0999181001911,"{""state_class"": ""measurement"", ""unit_of_measurement"": ""packets/s"", ""friendly_name"": ""UPNP IGD Packet download speed""}"
2025-07-25T06:44:09.252177,sensor.upnp_igd_packet_upload_speed,2.26669613371641,2.4333276555688,"{""state_class"": ""measurement"", ""unit_of_measurement"": ""packets/s"", ""friendly_name"": ""UPNP IGD Packet upload speed""}"
2025-07-25T06:44:10.262704,automation.aut_status_bruno,on,on,"{""id"": ""1751855857509"", ""last_triggered"": ""2025-07-25T09:44:10.252498+00:00"", ""mode"": ""single"", ""current"": 1, ""friendly_name"": ""aut-status-bruno""}"
2025-07-25T06:44:10.265320,automation.aut_status_bruno,on,on,"{""id"": ""1751855857509"", ""last_triggered"": ""2025-07-25T09:44:10.252498+00:00"", ""mode"": ""single"", ""current"": 0, ""friendly_name"": ""aut-status-bruno""}"
2025-07-25T06:44:39.254560,sensor.upnp_igd_data_received,2351654144,2351869148,"{""state_class"": ""total_increasing"", ""unit_of_measurement"": ""B"", ""device_class"": ""data_size"", ""friendly_name"": ""UPNP IGD Data received""}"
2025-07-25T06:44:39.257107,sensor.upnp_igd_data_sent,2898310678,2898387661,"{""state_class"": ""total_increasing"", ""unit_of_measurement"": ""B"", ""device_class"": ""data_size"", ""friendly_name"": ""UPNP IGD Data sent""}"
2025-07-25T06:44:39.258734,sensor.upnp_igd_packets_received,32405888,32407152,"{""state_class"": ""total_increasing"", ""unit_of_measurement"": ""packets"", ""friendly_name"": ""UPNP IGD Packets received""}"
2025-07-25T06:44:39.260262,sensor.upnp_igd_packets_sent,10417617,10417876,"{""state_class"": ""total_increasing"", ""unit_of_measurement"": ""packets"", ""friendly_name"": ""UPNP IGD Packets sent""}"
2025-07-25T06:44:39.261632,sensor.upnp_igd_uptime,253206,253236,"{""unit_of_measurement"": ""s"", ""device_class"": ""duration"", ""friendly_name"": ""UPNP IGD Uptime""}"
2025-07-25T06:44:39.263071,sensor.upnp_igd_download_speed,2.48765695588377,6.99874414007032,"{""state_class"": ""measurement"", ""unit_of_measurement"": ""KiB/s"", ""device_class"": ""data_rate"", ""friendly_name"": ""UPNP IGD Download speed""}"
2025-07-25T06:44:39.264524,sensor.upnp_igd_upload_speed,0.289973281729009,2.50592696012648,"{""state_class"": ""measurement"", ""unit_of_measurement"": ""KiB/s"", ""device_class"": ""data_rate"", ""friendly_name"": ""UPNP IGD Upload speed""}"
2025-07-25T06:44:39.265912,sensor.upnp_igd_packet_download_speed,35.0999181001911,42.1328277394005,"{""state_class"": ""measurement"", ""unit_of_measurement"": ""packets/s"", ""friendly_name"": ""UPNP IGD Packet download speed""}"
2025-07-25T06:44:39.267244,sensor.upnp_igd_packet_upload_speed,2.4333276555688,8.63322973457652,"{""state_class"": ""measurement"", ""unit_of_measurement"": ""packets/s"", ""friendly_name"": ""UPNP IGD Packet upload speed""}"
2025-07-25T06:45:09.242098,sensor.upnp_igd_data_received,2351869148,2351941584,"{""state_class"": ""total_increasing"", ""unit_of_measurement"": ""B"", ""device_class"": ""data_size"", ""friendly_name"": ""UPNP IGD Data received""}"
2025-07-25T06:45:09.243852,sensor.upnp_igd_data_sent,2898387661,2898393868,"{""state_class"": ""total_increasing"", ""unit_of_measurement"": ""B"", ""device_class"": ""data_size"", ""friendly_name"": ""UPNP IGD Data sent""}"
2025-07-25T06:45:09.245275,sensor.upnp_igd_packets_received,32407152,32408206,"{""state_class"": ""total_increasing"", ""unit_of_measurement"": ""packets"", ""friendly_name"": ""UPNP IGD Packets received""}"
2025-07-25T06:45:09.246627,sensor.upnp_igd_packets_sent,10417876,10417938,"{""state_class"": ""total_increasing"", ""unit_of_measurement"": ""packets"", ""friendly_name"": ""UPNP IGD Packets sent""}"
2025-07-25T06:45:09.248436,sensor.upnp_igd_uptime,253236,253266,"{""unit_of_measurement"": ""s"", ""device_class"": ""duration"", ""friendly_name"": ""UPNP IGD Uptime""}"
2025-07-25T06:45:09.250930,sensor.upnp_igd_download_speed,6.99874414007032,2.35793280501555,"{""state_class"": ""measurement"", ""unit_of_measurement"": ""KiB/s"", ""device_class"": ""data_rate"", ""friendly_name"": ""UPNP IGD Download speed""}"
2025-07-25T06:45:09.252516,sensor.upnp_igd_upload_speed,2.50592696012648,0.202049932640283,"{""state_class"": ""measurement"", ""unit_of_measurement"": ""KiB/s"", ""device_class"": ""data_rate"", ""friendly_name"": ""UPNP IGD Upload speed""}"
2025-07-25T06:45:09.253928,sensor.upnp_igd_packet_download_speed,42.1328277394005,35.1331857739531,"{""state_class"": ""measurement"", ""unit_of_measurement"": ""packets/s"", ""friendly_name"": ""UPNP IGD Packet download speed""}"
2025-07-25T06:45:09.255339,sensor.upnp_igd_packet_upload_speed,8.63322973457652,2.06665798670312,"{""state_class"": ""measurement"", ""unit_of_measurement"": ""packets/s"", ""friendly_name"": ""UPNP IGD Packet upload speed""}"
2025-07-25T06:45:10.259639,automation.aut_status_bruno,on,on,"{""id"": ""1751855857509"", ""last_triggered"": ""2025-07-25T09:45:10.253110+00:00"", ""mode"": ""single"", ""current"": 1, ""friendly_name"": ""aut-status-bruno""}"
2025-07-25T06:45:10.262227,automation.aut_status_bruno,on,on,"{""id"": ""1751855857509"", ""last_triggered"": ""2025-07-25T09:45:10.253110+00:00"", ""mode"": ""single"", ""current"": 0, ""friendly_name"": ""aut-status-bruno""}"
2025-07-25T06:45:39.261649,sensor.upnp_igd_data_received,2351941584,2352026582,"{""state_class"": ""total_increasing"", ""unit_of_measurement"": ""B"", ""device_class"": ""data_size"", ""friendly_name"": ""UPNP IGD Data received""}"
2025-07-25T06:45:39.270005,sensor.upnp_igd_data_sent,2898393868,2898410823,"{""state_class"": ""total_increasing"", ""unit_of_measurement"": ""B"", ""device_class"": ""data_size"", ""friendly_name"": ""UPNP IGD Data sent""}"
2025-07-25T06:45:39.273808,sensor.upnp_igd_packets_received,32408206,32409296,"{""state_class"": ""total_increasing"", ""unit_of_measurement"": ""packets"", ""friendly_name"": ""UPNP IGD Packets received""}"
2025-07-25T06:45:39.277411,sensor.upnp_igd_packets_sent,10417938,10418038,"{""state_class"": ""total_increasing"", ""unit_of_measurement"": ""packets"", ""friendly_name"": ""UPNP IGD Packets sent""}"
2025-07-25T06:45:39.280588,sensor.upnp_igd_uptime,253266,253296,"{""unit_of_measurement"": ""s"", ""device_class"": ""duration"", ""friendly_name"": ""UPNP IGD Uptime""}"
2025-07-25T06:45:39.283889,sensor.upnp_igd_download_speed,2.35793280501555,2.7668629014543,"{""state_class"": ""measurement"", ""unit_of_measurement"": ""KiB/s"", ""device_class"": ""data_rate"", ""friendly_name"": ""UPNP IGD Download speed""}"
2025-07-25T06:45:39.287152,sensor.upnp_igd_upload_speed,0.202049932640283,0.551920756890252,"{""state_class"": ""measurement"", ""unit_of_measurement"": ""KiB/s"", ""device_class"": ""data_rate"", ""friendly_name"": ""UPNP IGD Upload speed""}"
2025-07-25T06:45:39.290455,sensor.upnp_igd_packet_download_speed,35.1331857739531,36.3333454444485,"{""state_class"": ""measurement"", ""unit_of_measurement"": ""packets/s"", ""friendly_name"": ""UPNP IGD Packet download speed""}"
2025-07-25T06:45:39.293833,sensor.upnp_igd_packet_upload_speed,2.06665798670312,3.33333444444481,"{""state_class"": ""measurement"", ""unit_of_measurement"": ""packets/s"", ""friendly_name"": ""UPNP IGD Packet upload speed""}"
2025-07-25T06:46:09.243958,sensor.upnp_igd_data_received,2352026582,2352110092,"{""state_class"": ""total_increasing"", ""unit_of_measurement"": ""B"", ""device_class"": ""data_size"", ""friendly_name"": ""UPNP IGD Data received""}"
2025-07-25T06:46:09.246813,sensor.upnp_igd_data_sent,2898410823,2898421312,"{""state_class"": ""total_increasing"", ""unit_of_measurement"": ""B"", ""device_class"": ""data_size"", ""friendly_name"": ""UPNP IGD Data sent""}"
2025-07-25T06:46:09.248359,sensor.upnp_igd_packets_received,32409296,32410336,"{""state_class"": ""total_increasing"", ""unit_of_measurement"": ""packets"", ""friendly_name"": ""UPNP IGD Packets received""}"
2025-07-25T06:46:09.249738,sensor.upnp_igd_packets_sent,10418038,10418125,"{""state_class"": ""total_increasing"", ""unit_of_measurement"": ""packets"", ""friendly_name"": ""UPNP IGD Packets sent""}"
2025-07-25T06:46:09.251089,sensor.upnp_igd_uptime,253296,253326,"{""unit_of_measurement"": ""s"", ""device_class"": ""duration"", ""friendly_name"": ""UPNP IGD Uptime""}"
2025-07-25T06:46:09.252530,sensor.upnp_igd_download_speed,2.7668629014543,2.71841233692489,"{""state_class"": ""measurement"", ""unit_of_measurement"": ""KiB/s"", ""device_class"": ""data_rate"", ""friendly_name"": ""UPNP IGD Download speed""}"
2025-07-25T06:46:09.253936,sensor.upnp_igd_upload_speed,0.551920756890252,0.341437276996829,"{""state_class"": ""measurement"", ""unit_of_measurement"": ""KiB/s"", ""device_class"": ""data_rate"", ""friendly_name"": ""UPNP IGD Upload speed""}"
2025-07-25T06:46:09.255440,sensor.upnp_igd_packet_download_speed,36.3333454444485,34.6665118229139,"{""state_class"": ""measurement"", ""unit_of_measurement"": ""packets/s"", ""friendly_name"": ""UPNP IGD Packet download speed""}"
2025-07-25T06:46:09.256891,sensor.upnp_igd_packet_upload_speed,3.33333444444481,2.89998704672452,"{""state_class"": ""measurement"", ""unit_of_measurement"": ""packets/s"", ""friendly_name"": ""UPNP IGD Packet upload speed""}"
2025-07-25T06:46:10.259153,automation.aut_status_bruno,on,on,"{""id"": ""1751855857509"", ""last_triggered"": ""2025-07-25T09:46:10.252577+00:00"", ""mode"": ""single"", ""current"": 1, ""friendly_name"": ""aut-status-bruno""}"
2025-07-25T06:46:10.261561,automation.aut_status_bruno,on,on,"{""id"": ""1751855857509"", ""last_triggered"": ""2025-07-25T09:46:10.252577+00:00"", ""mode"": ""single"", ""current"": 0, ""friendly_name"": ""aut-status-bruno""}"
2025-07-25T06:46:39.239587,sensor.upnp_igd_data_received,2352110092,2352181808,"{""state_class"": ""total_increasing"", ""unit_of_measurement"": ""B"", ""device_class"": ""data_size"", ""friendly_name"": ""UPNP IGD Data received""}"
2025-07-25T06:46:39.241365,sensor.upnp_igd_data_sent,2898421312,2898428516,"{""state_class"": ""total_increasing"", ""unit_of_measurement"": ""B"", ""device_class"": ""data_size"", ""friendly_name"": ""UPNP IGD Data sent""}"
2025-07-25T06:46:39.242995,sensor.upnp_igd_packets_received,32410336,32411371,"{""state_class"": ""total_increasing"", ""unit_of_measurement"": ""packets"", ""friendly_name"": ""UPNP IGD Packets received""}"
2025-07-25T06:46:39.244467,sensor.upnp_igd_packets_sent,10418125,10418173,"{""state_class"": ""total_increasing"", ""unit_of_measurement"": ""packets"", ""friendly_name"": ""UPNP IGD Packets sent""}"
2025-07-25T06:46:39.245832,sensor.upnp_igd_uptime,253326,253356,"{""unit_of_measurement"": ""s"", ""device_class"": ""duration"", ""friendly_name"": ""UPNP IGD Uptime""}"
2025-07-25T06:46:39.247218,sensor.upnp_igd_download_speed,2.71841233692489,2.33452497397811,"{""state_class"": ""measurement"", ""unit_of_measurement"": ""KiB/s"", ""device_class"": ""data_rate"", ""friendly_name"": ""UPNP IGD Download speed""}"
2025-07-25T06:46:39.248662,sensor.upnp_igd_upload_speed,0.341437276996829,0.234507193827574,"{""state_class"": ""measurement"", ""unit_of_measurement"": ""KiB/s"", ""device_class"": ""data_rate"", ""friendly_name"": ""UPNP IGD Upload speed""}"
2025-07-25T06:46:39.250009,sensor.upnp_igd_packet_download_speed,34.6665118229139,34.5002921024731,"{""state_class"": ""measurement"", ""unit_of_measurement"": ""packets/s"", ""friendly_name"": ""UPNP IGD Packet download speed""}"
2025-07-25T06:46:39.251341,sensor.upnp_igd_packet_upload_speed,2.89998704672452,1.60001354678136,"{""state_class"": ""measurement"", ""unit_of_measurement"": ""packets/s"", ""friendly_name"": ""UPNP IGD Packet upload speed""}"
2025-07-25T06:47:09.239154,sensor.upnp_igd_data_received,2352181808,2352249061,"{""state_class"": ""total_increasing"", ""unit_of_measurement"": ""B"", ""device_class"": ""data_size"", ""friendly_name"": ""UPNP IGD Data received""}"
2025-07-25T06:47:09.241599,sensor.upnp_igd_data_sent,2898428516,2898432805,"{""state_class"": ""total_increasing"", ""unit_of_measurement"": ""B"", ""device_class"": ""data_size"", ""friendly_name"": ""UPNP IGD Data sent""}"
2025-07-25T06:47:09.243157,sensor.upnp_igd_packets_received,32411371,32412390,"{""state_class"": ""total_increasing"", ""unit_of_measurement"": ""packets"", ""friendly_name"": ""UPNP IGD Packets received""}"
2025-07-25T06:47:09.244644,sensor.upnp_igd_packets_sent,10418173,10418219,"{""state_class"": ""total_increasing"", ""unit_of_measurement"": ""packets"", ""friendly_name"": ""UPNP IGD Packets sent""}"
2025-07-25T06:47:09.245957,sensor.upnp_igd_uptime,253356,253386,"{""unit_of_measurement"": ""s"", ""device_class"": ""duration"", ""friendly_name"": ""UPNP IGD Uptime""}"
2025-07-25T06:47:09.247387,sensor.upnp_igd_download_speed,2.33452497397811,2.18916104502601,"{""state_class"": ""measurement"", ""unit_of_measurement"": ""KiB/s"", ""device_class"": ""data_rate"", ""friendly_name"": ""UPNP IGD Download speed""}"
2025-07-25T06:47:09.248851,sensor.upnp_igd_upload_speed,0.234507193827574,0.139611790137489,"{""state_class"": ""measurement"", ""unit_of_measurement"": ""KiB/s"", ""device_class"": ""data_rate"", ""friendly_name"": ""UPNP IGD Upload speed""}"
2025-07-25T06:47:09.250215,sensor.upnp_igd_packet_download_speed,34.5002921024731,33.9656703403367,"{""state_class"": ""measurement"", ""unit_of_measurement"": ""packets/s"", ""friendly_name"": ""UPNP IGD Packet download speed""}"
2025-07-25T06:47:09.251603,sensor.upnp_igd_packet_upload_speed,1.60001354678136,1.53328835687486,"{""state_class"": ""measurement"", ""unit_of_measurement"": ""packets/s"", ""friendly_name"": ""UPNP IGD Packet upload speed""}"
2025-07-25T06:47:10.114034,sun.sun,above_horizon,above_horizon,"{""next_dawn"": ""2025-07-26T08:32:54.909961+00:00"", ""next_dusk"": ""2025-07-25T20:48:15.098712+00:00"", ""next_midnight"": ""2025-07-26T02:40:37+00:00"", ""next_noon"": ""2025-07-25T14:40:37+00:00"", ""next_rising"": ""2025-07-26T08:55:47.118508+00:00"", ""next_setting"": ""2025-07-25T20:25:21.448131+00:00"", ""elevation"": 10.89, ""azimuth"": 66.81, ""rising"": true, ""friendly_name"": ""Sun""}"
2025-07-25T06:47:10.259365,automation.aut_status_bruno,on,on,"{""id"": ""1751855857509"", ""last_triggered"": ""2025-07-25T09:47:10.252880+00:00"", ""mode"": ""single"", ""current"": 1, ""friendly_name"": ""aut-status-bruno""}"
2025-07-25T06:47:10.261588,automation.aut_status_bruno,on,on,"{""id"": ""1751855857509"", ""last_triggered"": ""2025-07-25T09:47:10.252880+00:00"", ""mode"": ""single"", ""current"": 0, ""friendly_name"": ""aut-status-bruno""}"
2025-07-25T06:47:39.238547,sensor.upnp_igd_data_received,2352249061,2352328887,"{""state_class"": ""total_increasing"", ""unit_of_measurement"": ""B"", ""device_class"": ""data_size"", ""friendly_name"": ""UPNP IGD Data received""}"
2025-07-25T06:47:39.241132,sensor.upnp_igd_data_sent,2898432805,2898451448,"{""state_class"": ""total_increasing"", ""unit_of_measurement"": ""B"", ""device_class"": ""data_size"", ""friendly_name"": ""UPNP IGD Data sent""}"
2025-07-25T06:47:39.242738,sensor.upnp_igd_packets_received,32412390,32413441,"{""state_class"": ""total_increasing"", ""unit_of_measurement"": ""packets"", ""friendly_name"": ""UPNP IGD Packets received""}"
2025-07-25T06:47:39.244268,sensor.upnp_igd_packets_sent,10418219,10418297,"{""state_class"": ""total_increasing"", ""unit_of_measurement"": ""packets"", ""friendly_name"": ""UPNP IGD Packets sent""}"
2025-07-25T06:47:39.245647,sensor.upnp_igd_uptime,253386,253416,"{""unit_of_measurement"": ""s"", ""device_class"": ""duration"", ""friendly_name"": ""UPNP IGD Uptime""}"
2025-07-25T06:47:39.247051,sensor.upnp_igd_download_speed,2.18916104502601,2.59856904091515,"{""state_class"": ""measurement"", ""unit_of_measurement"": ""KiB/s"", ""device_class"": ""data_rate"", ""friendly_name"": ""UPNP IGD Download speed""}"
2025-07-25T06:47:39.248598,sensor.upnp_igd_upload_speed,0.139611790137489,0.606884005584409,"{""state_class"": ""measurement"", ""unit_of_measurement"": ""KiB/s"", ""device_class"": ""data_rate"", ""friendly_name"": ""UPNP IGD Upload speed""}"
2025-07-25T06:47:39.250004,sensor.upnp_igd_packet_download_speed,33.9656703403367,35.0342290417892,"{""state_class"": ""measurement"", ""unit_of_measurement"": ""packets/s"", ""friendly_name"": ""UPNP IGD Packet download speed""}"
2025-07-25T06:47:39.251400,sensor.upnp_igd_packet_upload_speed,1.53328835687486,2.60006647503288,"{""state_class"": ""measurement"", ""unit_of_measurement"": ""packets/s"", ""friendly_name"": ""UPNP IGD Packet upload speed""}"
2025-07-25T06:47:49.079860,media_player.dlna_b13_box,unavailable,unknown,"{""friendly_name"": ""DLNA-B13 Box"", ""supported_features"": 512575}"
2025-07-25T06:47:52.443488,camera.192_168_0_33,idle,idle,"{""access_token"": ""5a2ef4d970672486e5c71b4e56d719134f01d6f3d7c69afce33fd2fa6d5ed2f"", ""entity_picture"": ""/api/camera_proxy/camera.192_168_0_33?token=5a2ef4d970672486e5c71b4e56d719134f01d6f3d7c69afce33fd2fa6d5ed2f"", ""friendly_name"": ""192_168_0_14"", ""supported_features"": 2}"
2025-07-25T06:47:52.445127,camera.admin_mainstream,idle,idle,"{""access_token"": ""79051bb6da6ef0022a004a2453d76f7d556b3c89b4f371c15adabb31d8881d5d"", ""entity_picture"": ""/api/camera_proxy/camera.admin_mainstream?token=79051bb6da6ef0022a004a2453d76f7d556b3c89b4f371c15adabb31d8881d5d"", ""friendly_name"": ""admin MainStream"", ""supported_features"": 2}"
2025-07-25T06:47:52.446504,camera.admin_substream,idle,idle,"{""access_token"": ""94ac36287039720ccdcf60913e73e9723073a4ecf7e2b0604682c8a464fcd1de"", ""entity_picture"": ""/api/camera_proxy/camera.admin_substream?token=94ac36287039720ccdcf60913e73e9723073a4ecf7e2b0604682c8a464fcd1de"", ""friendly_name"": ""admin SubStream"", ""supported_features"": 2}"
2025-07-25T06:48:00.788500,media_player.dlna_b13_box,unknown,unavailable,"{""friendly_name"": ""DLNA-B13 Box"", ""supported_features"": 512575}"
2025-07-25T06:48:09.238597,sensor.upnp_igd_data_received,2352328887,2352933359,"{""state_class"": ""total_increasing"", ""unit_of_measurement"": ""B"", ""device_class"": ""data_size"", ""friendly_name"": ""UPNP IGD Data received""}"
2025-07-25T06:48:09.242813,sensor.upnp_igd_data_sent,2898451448,2898539700,"{""state_class"": ""total_increasing"", ""unit_of_measurement"": ""B"", ""device_class"": ""data_size"", ""friendly_name"": ""UPNP IGD Data sent""}"
2025-07-25T06:48:09.244566,sensor.upnp_igd_packets_received,32413441,32414883,"{""state_class"": ""total_increasing"", ""unit_of_measurement"": ""packets"", ""friendly_name"": ""UPNP IGD Packets received""}"
2025-07-25T06:48:09.245993,sensor.upnp_igd_packets_sent,10418297,10418546,"{""state_class"": ""total_increasing"", ""unit_of_measurement"": ""packets"", ""friendly_name"": ""UPNP IGD Packets sent""}"
2025-07-25T06:48:09.247340,sensor.upnp_igd_uptime,253416,253446,"{""unit_of_measurement"": ""s"", ""device_class"": ""duration"", ""friendly_name"": ""UPNP IGD Uptime""}"
2025-07-25T06:48:09.248858,sensor.upnp_igd_download_speed,2.59856904091515,19.6772105577147,"{""state_class"": ""measurement"", ""unit_of_measurement"": ""KiB/s"", ""device_class"": ""data_rate"", ""friendly_name"": ""UPNP IGD Download speed""}"
2025-07-25T06:48:09.250324,sensor.upnp_igd_upload_speed,0.606884005584409,2.87284305334148,"{""state_class"": ""measurement"", ""unit_of_measurement"": ""KiB/s"", ""device_class"": ""data_rate"", ""friendly_name"": ""UPNP IGD Upload speed""}"
2025-07-25T06:48:09.251797,sensor.upnp_igd_packet_download_speed,35.0342290417892,48.0676135986546,"{""state_class"": ""measurement"", ""unit_of_measurement"": ""packets/s"", ""friendly_name"": ""UPNP IGD Packet download speed""}"
2025-07-25T06:48:09.253282,sensor.upnp_igd_packet_upload_speed,2.60006647503288,8.30016351322121,"{""state_class"": ""measurement"", ""unit_of_measurement"": ""packets/s"", ""friendly_name"": ""UPNP IGD Packet upload speed""}"
2025-07-25T06:48:10.259747,automation.aut_status_bruno,on,on,"{""id"": ""1751855857509"", ""last_triggered"": ""2025-07-25T09:48:10.253042+00:00"", ""mode"": ""single"", ""current"": 1, ""friendly_name"": ""aut-status-bruno""}"
2025-07-25T06:48:10.261889,automation.aut_status_bruno,on,on,"{""id"": ""1751855857509"", ""last_triggered"": ""2025-07-25T09:48:10.253042+00:00"", ""mode"": ""single"", ""current"": 0, ""friendly_name"": ""aut-status-bruno""}"
2025-07-25T06:48:39.236691,sensor.upnp_igd_data_received,2352933359,2353013784,"{""state_class"": ""total_increasing"", ""unit_of_measurement"": ""B"", ""device_class"": ""data_size"", ""friendly_name"": ""UPNP IGD Data received""}"
2025-07-25T06:48:39.239528,sensor.upnp_igd_data_sent,2898539700,2898552571,"{""state_class"": ""total_increasing"", ""unit_of_measurement"": ""B"", ""device_class"": ""data_size"", ""friendly_name"": ""UPNP IGD Data sent""}"
2025-07-25T06:48:39.240922,sensor.upnp_igd_packets_received,32414883,32415928,"{""state_class"": ""total_increasing"", ""unit_of_measurement"": ""packets"", ""friendly_name"": ""UPNP IGD Packets received""}"
2025-07-25T06:48:39.242340,sensor.upnp_igd_packets_sent,10418546,10418627,"{""state_class"": ""total_increasing"", ""unit_of_measurement"": ""packets"", ""friendly_name"": ""UPNP IGD Packets sent""}"
2025-07-25T06:48:39.243748,sensor.upnp_igd_uptime,253446,253476,"{""unit_of_measurement"": ""s"", ""device_class"": ""duration"", ""friendly_name"": ""UPNP IGD Uptime""}"
2025-07-25T06:48:39.245253,sensor.upnp_igd_download_speed,19.6772105577147,2.61798864847153,"{""state_class"": ""measurement"", ""unit_of_measurement"": ""KiB/s"", ""device_class"": ""data_rate"", ""friendly_name"": ""UPNP IGD Download speed""}"
2025-07-25T06:48:39.246774,sensor.upnp_igd_upload_speed,2.87284305334148,0.418975839533442,"{""state_class"": ""measurement"", ""unit_of_measurement"": ""KiB/s"", ""device_class"": ""data_rate"", ""friendly_name"": ""UPNP IGD Upload speed""}"
2025-07-25T06:48:39.248266,sensor.upnp_igd_packet_download_speed,48.0676135986546,34.833164973036,"{""state_class"": ""measurement"", ""unit_of_measurement"": ""packets/s"", ""friendly_name"": ""UPNP IGD Packet download speed""}"
2025-07-25T06:48:39.249657,sensor.upnp_igd_packet_upload_speed,8.30016351322121,2.69998695006307,"{""state_class"": ""measurement"", ""unit_of_measurement"": ""packets/s"", ""friendly_name"": ""UPNP IGD Packet upload speed""}"
2025-07-25T06:49:09.241115,sensor.upnp_igd_data_received,2353013784,2353107744,"{""state_class"": ""total_increasing"", ""unit_of_measurement"": ""B"", ""device_class"": ""data_size"", ""friendly_name"": ""UPNP IGD Data received""}"
2025-07-25T06:49:09.242799,sensor.upnp_igd_data_sent,2898552571,2898563328,"{""state_class"": ""total_increasing"", ""unit_of_measurement"": ""B"", ""device_class"": ""data_size"", ""friendly_name"": ""UPNP IGD Data sent""}"
2025-07-25T06:49:09.244334,sensor.upnp_igd_packets_received,32415928,32417008,"{""state_class"": ""total_increasing"", ""unit_of_measurement"": ""packets"", ""friendly_name"": ""UPNP IGD Packets received""}"
2025-07-25T06:49:09.245762,sensor.upnp_igd_packets_sent,10418627,10418716,"{""state_class"": ""total_increasing"", ""unit_of_measurement"": ""packets"", ""friendly_name"": ""UPNP IGD Packets sent""}"
2025-07-25T06:49:09.247082,sensor.upnp_igd_uptime,253476,253506,"{""unit_of_measurement"": ""s"", ""device_class"": ""duration"", ""friendly_name"": ""UPNP IGD Uptime""}"
2025-07-25T06:49:09.248772,sensor.upnp_igd_download_speed,2.61798864847153,3.05859670664348,"{""state_class"": ""measurement"", ""unit_of_measurement"": ""KiB/s"", ""device_class"": ""data_rate"", ""friendly_name"": ""UPNP IGD Download speed""}"
2025-07-25T06:49:09.250422,sensor.upnp_igd_upload_speed,0.418975839533442,0.350163098907662,"{""state_class"": ""measurement"", ""unit_of_measurement"": ""KiB/s"", ""device_class"": ""data_rate"", ""friendly_name"": ""UPNP IGD Upload speed""}"
2025-07-25T06:49:09.252218,sensor.upnp_igd_packet_download_speed,34.833164973036,36.0000348000336,"{""state_class"": ""measurement"", ""unit_of_measurement"": ""packets/s"", ""friendly_name"": ""UPNP IGD Packet download speed""}"
2025-07-25T06:49:09.253898,sensor.upnp_igd_packet_upload_speed,2.69998695006307,2.96666953444722,"{""state_class"": ""measurement"", ""unit_of_measurement"": ""packets/s"", ""friendly_name"": ""UPNP IGD Packet upload speed""}"
2025-07-25T06:49:10.259870,automation.aut_status_bruno,on,on,"{""id"": ""1751855857509"", ""last_triggered"": ""2025-07-25T09:49:10.253154+00:00"", ""mode"": ""single"", ""current"": 1, ""friendly_name"": ""aut-status-bruno""}"
2025-07-25T06:49:10.262084,automation.aut_status_bruno,on,on,"{""id"": ""1751855857509"", ""last_triggered"": ""2025-07-25T09:49:10.253154+00:00"", ""mode"": ""single"", ""current"": 0, ""friendly_name"": ""aut-status-bruno""}"
2025-07-25T06:49:39.238515,sensor.upnp_igd_data_received,2353107744,2353194387,"{""state_class"": ""total_increasing"", ""unit_of_measurement"": ""B"", ""device_class"": ""data_size"", ""friendly_name"": ""UPNP IGD Data received""}"
2025-07-25T06:49:39.241946,sensor.upnp_igd_data_sent,2898563328,2898576802,"{""state_class"": ""total_increasing"", ""unit_of_measurement"": ""B"", ""device_class"": ""data_size"", ""friendly_name"": ""UPNP IGD Data sent""}"
2025-07-25T06:49:39.243508,sensor.upnp_igd_packets_received,32417008,32418099,"{""state_class"": ""total_increasing"", ""unit_of_measurement"": ""packets"", ""friendly_name"": ""UPNP IGD Packets received""}"
2025-07-25T06:49:39.244971,sensor.upnp_igd_packets_sent,10418716,10418816,"{""state_class"": ""total_increasing"", ""unit_of_measurement"": ""packets"", ""friendly_name"": ""UPNP IGD Packets sent""}"
2025-07-25T06:49:39.246390,sensor.upnp_igd_uptime,253506,253536,"{""unit_of_measurement"": ""s"", ""device_class"": ""duration"", ""friendly_name"": ""UPNP IGD Uptime""}"
2025-07-25T06:49:39.247958,sensor.upnp_igd_download_speed,3.05859670664348,2.82043300175731,"{""state_class"": ""measurement"", ""unit_of_measurement"": ""KiB/s"", ""device_class"": ""data_rate"", ""friendly_name"": ""UPNP IGD Download speed""}"
2025-07-25T06:49:39.249362,sensor.upnp_igd_upload_speed,0.350163098907662,0.438610323576954,"{""state_class"": ""measurement"", ""unit_of_measurement"": ""KiB/s"", ""device_class"": ""data_rate"", ""friendly_name"": ""UPNP IGD Upload speed""}"
2025-07-25T06:49:39.250794,sensor.upnp_igd_packet_download_speed,36.0000348000336,36.3669612390527,"{""state_class"": ""measurement"", ""unit_of_measurement"": ""packets/s"", ""friendly_name"": ""UPNP IGD Packet download speed""}"
2025-07-25T06:49:39.252210,sensor.upnp_igd_packet_upload_speed,2.96666953444722,3.33336033355204,"{""state_class"": ""measurement"", ""unit_of_measurement"": ""packets/s"", ""friendly_name"": ""UPNP IGD Packet upload speed""}"
2025-07-25T06:50:09.238141,sensor.upnp_igd_data_received,2353194387,2353270177,"{""state_class"": ""total_increasing"", ""unit_of_measurement"": ""B"", ""device_class"": ""data_size"", ""friendly_name"": ""UPNP IGD Data received""}"
2025-07-25T06:50:09.240779,sensor.upnp_igd_data_sent,2898576802,2898586939,"{""state_class"": ""total_increasing"", ""unit_of_measurement"": ""B"", ""device_class"": ""data_size"", ""friendly_name"": ""UPNP IGD Data sent""}"
2025-07-25T06:50:09.242707,sensor.upnp_igd_packets_received,32418099,32419127,"{""state_class"": ""total_increasing"", ""unit_of_measurement"": ""packets"", ""friendly_name"": ""UPNP IGD Packets received""}"
2025-07-25T06:50:09.244442,sensor.upnp_igd_packets_sent,10418816,10418902,"{""state_class"": ""total_increasing"", ""unit_of_measurement"": ""packets"", ""friendly_name"": ""UPNP IGD Packets sent""}"
2025-07-25T06:50:09.245883,sensor.upnp_igd_uptime,253536,253566,"{""unit_of_measurement"": ""s"", ""device_class"": ""duration"", ""friendly_name"": ""UPNP IGD Uptime""}"
2025-07-25T06:50:09.247356,sensor.upnp_igd_download_speed,2.82043300175731,2.46707527469559,"{""state_class"": ""measurement"", ""unit_of_measurement"": ""KiB/s"", ""device_class"": ""data_rate"", ""friendly_name"": ""UPNP IGD Download speed""}"
2025-07-25T06:50:09.248823,sensor.upnp_igd_upload_speed,0.438610323576954,0.329974166243425,"{""state_class"": ""measurement"", ""unit_of_measurement"": ""KiB/s"", ""device_class"": ""data_rate"", ""friendly_name"": ""UPNP IGD Upload speed""}"
2025-07-25T06:50:09.250225,sensor.upnp_igd_packet_download_speed,36.3669612390527,34.2660121858339,"{""state_class"": ""measurement"", ""unit_of_measurement"": ""packets/s"", ""friendly_name"": ""UPNP IGD Packet download speed""}"
2025-07-25T06:50:09.251719,sensor.upnp_igd_packet_upload_speed,3.33336033355204,2.8666119143791,"{""state_class"": ""measurement"", ""unit_of_measurement"": ""packets/s"", ""friendly_name"": ""UPNP IGD Packet upload speed""}"
2025-07-25T06:50:10.260082,automation.aut_status_bruno,on,on,"{""id"": ""1751855857509"", ""last_triggered"": ""2025-07-25T09:50:10.252287+00:00"", ""mode"": ""single"", ""current"": 1, ""friendly_name"": ""aut-status-bruno""}"
2025-07-25T06:50:10.262134,automation.aut_status_bruno,on,on,"{""id"": ""1751855857509"", ""last_triggered"": ""2025-07-25T09:50:10.252287+00:00"", ""mode"": ""single"", ""current"": 0, ""friendly_name"": ""aut-status-bruno""}"
2025-07-25T06:50:39.282858,sensor.upnp_igd_data_received,2353270177,2353344010,"{""state_class"": ""total_increasing"", ""unit_of_measurement"": ""B"", ""device_class"": ""data_size"", ""friendly_name"": ""UPNP IGD Data received""}"
2025-07-25T06:50:39.287627,sensor.upnp_igd_data_sent,2898586939,2898597801,"{""state_class"": ""total_increasing"", ""unit_of_measurement"": ""B"", ""device_class"": ""data_size"", ""friendly_name"": ""UPNP IGD Data sent""}"
2025-07-25T06:50:39.289843,sensor.upnp_igd_packets_received,32419127,32420163,"{""state_class"": ""total_increasing"", ""unit_of_measurement"": ""packets"", ""friendly_name"": ""UPNP IGD Packets received""}"
2025-07-25T06:50:39.291929,sensor.upnp_igd_packets_sent,10418902,10418972,"{""state_class"": ""total_increasing"", ""unit_of_measurement"": ""packets"", ""friendly_name"": ""UPNP IGD Packets sent""}"
2025-07-25T06:50:39.293953,sensor.upnp_igd_uptime,253566,253596,"{""unit_of_measurement"": ""s"", ""device_class"": ""duration"", ""friendly_name"": ""UPNP IGD Uptime""}"
2025-07-25T06:50:39.295980,sensor.upnp_igd_download_speed,2.46707527469559,2.4034559433539,"{""state_class"": ""measurement"", ""unit_of_measurement"": ""KiB/s"", ""device_class"": ""data_rate"", ""friendly_name"": ""UPNP IGD Download speed""}"
2025-07-25T06:50:39.297860,sensor.upnp_igd_upload_speed,0.329974166243425,0.353586315830457,"{""state_class"": ""measurement"", ""unit_of_measurement"": ""KiB/s"", ""device_class"": ""data_rate"", ""friendly_name"": ""UPNP IGD Upload speed""}"
2025-07-25T06:50:39.299767,sensor.upnp_igd_packet_download_speed,34.2660121858339,34.533878968621,"{""state_class"": ""measurement"", ""unit_of_measurement"": ""packets/s"", ""friendly_name"": ""UPNP IGD Packet download speed""}"
2025-07-25T06:50:39.304130,sensor.upnp_igd_packet_upload_speed,2.8666119143791,2.3333702005825,"{""state_class"": ""measurement"", ""unit_of_measurement"": ""packets/s"", ""friendly_name"": ""UPNP IGD Packet upload speed""}"
2025-07-25T06:50:55.925827,sensor.tauntaum_energy,222.525,222.538,"{""state_class"": ""total_increasing"", ""unit_of_measurement"": ""kWh"", ""device_class"": ""energy"", ""friendly_name"": ""Tauntaum Energy""}"
2025-07-25T06:50:55.927890,sensor.tauntaum_power,46,45,"{""state_class"": ""measurement"", ""power_consumption_start"": ""2025-07-25T09:34:10Z"", ""power_consumption_end"": ""2025-07-25T09:50:55Z"", ""unit_of_measurement"": ""W"", ""device_class"": ""power"", ""friendly_name"": ""Tauntaum Power""}"
2025-07-25T06:50:55.929556,sensor.tauntaum_energy_difference,0.01,0.013,"{""state_class"": ""total"", ""unit_of_measurement"": ""kWh"", ""device_class"": ""energy"", ""friendly_name"": ""Tauntaum Energy difference""}"
2025-07-25T06:50:55.931013,sensor.tauntaum_power_energy,0.00942610277692477,0.0128519016681777,"{""state_class"": ""total"", ""unit_of_measurement"": ""kWh"", ""device_class"": ""energy"", ""friendly_name"": ""Tauntaum Power energy""}"
2025-07-25T06:51:09.238874,sensor.upnp_igd_data_received,2353344010,2353413141,"{""state_class"": ""total_increasing"", ""unit_of_measurement"": ""B"", ""device_class"": ""data_size"", ""friendly_name"": ""UPNP IGD Data received""}"
2025-07-25T06:51:09.241376,sensor.upnp_igd_data_sent,2898597801,2898607361,"{""state_class"": ""total_increasing"", ""unit_of_measurement"": ""B"", ""device_class"": ""data_size"", ""friendly_name"": ""UPNP IGD Data sent""}"
2025-07-25T06:51:09.242948,sensor.upnp_igd_packets_received,32420163,32421195,"{""state_class"": ""total_increasing"", ""unit_of_measurement"": ""packets"", ""friendly_name"": ""UPNP IGD Packets received""}"
2025-07-25T06:51:09.244449,sensor.upnp_igd_packets_sent,10418972,10419036,"{""state_class"": ""total_increasing"", ""unit_of_measurement"": ""packets"", ""friendly_name"": ""UPNP IGD Packets sent""}"
2025-07-25T06:51:09.245788,sensor.upnp_igd_uptime,253596,253626,"{""unit_of_measurement"": ""s"", ""device_class"": ""duration"", ""friendly_name"": ""UPNP IGD Uptime""}"
2025-07-25T06:51:09.247167,sensor.upnp_igd_download_speed,2.4034559433539,2.25033384432228,"{""state_class"": ""measurement"", ""unit_of_measurement"": ""KiB/s"", ""device_class"": ""data_rate"", ""friendly_name"": ""UPNP IGD Download speed""}"
2025-07-25T06:51:09.248622,sensor.upnp_igd_upload_speed,0.353586315830457,0.311194566138505,"{""state_class"": ""measurement"", ""unit_of_measurement"": ""KiB/s"", ""device_class"": ""data_rate"", ""friendly_name"": ""UPNP IGD Upload speed""}"
2025-07-25T06:51:09.249993,sensor.upnp_igd_packet_download_speed,34.533878968621,34.3996296306543,"{""state_class"": ""measurement"", ""unit_of_measurement"": ""packets/s"", ""friendly_name"": ""UPNP IGD Packet download speed""}"
2025-07-25T06:51:09.251395,sensor.upnp_igd_packet_upload_speed,2.3333702005825,2.13331036469174,"{""state_class"": ""measurement"", ""unit_of_measurement"": ""packets/s"", ""friendly_name"": ""UPNP IGD Packet upload speed""}"
2025-07-25T06:51:10.115241,sun.sun,above_horizon,above_horizon,"{""next_dawn"": ""2025-07-26T08:32:54.909961+00:00"", ""next_dusk"": ""2025-07-25T20:48:15.098712+00:00"", ""next_midnight"": ""2025-07-26T02:40:37+00:00"", ""next_noon"": ""2025-07-25T14:40:37+00:00"", ""next_rising"": ""2025-07-26T08:55:47.118508+00:00"", ""next_setting"": ""2025-07-25T20:25:21.448131+00:00"", ""elevation"": 11.78, ""azimuth"": 66.51, ""rising"": true, ""friendly_name"": ""Sun""}"
2025-07-25T06:51:10.258805,automation.aut_status_bruno,on,on,"{""id"": ""1751855857509"", ""last_triggered"": ""2025-07-25T09:51:10.252373+00:00"", ""mode"": ""single"", ""current"": 1, ""friendly_name"": ""aut-status-bruno""}"
2025-07-25T06:51:10.261049,automation.aut_status_bruno,on,on,"{""id"": ""1751855857509"", ""last_triggered"": ""2025-07-25T09:51:10.252373+00:00"", ""mode"": ""single"", ""current"": 0, ""friendly_name"": ""aut-status-bruno""}"
2025-07-25T06:51:39.238666,sensor.upnp_igd_data_received,2353413141,2353502788,"{""state_class"": ""total_increasing"", ""unit_of_measurement"": ""B"", ""device_class"": ""data_size"", ""friendly_name"": ""UPNP IGD Data received""}"
2025-07-25T06:51:39.241580,sensor.upnp_igd_data_sent,2898607361,2898625701,"{""state_class"": ""total_increasing"", ""unit_of_measurement"": ""B"", ""device_class"": ""data_size"", ""friendly_name"": ""UPNP IGD Data sent""}"
2025-07-25T06:51:39.243448,sensor.upnp_igd_packets_received,32421195,32422261,"{""state_class"": ""total_increasing"", ""unit_of_measurement"": ""packets"", ""friendly_name"": ""UPNP IGD Packets received""}"
2025-07-25T06:51:39.245256,sensor.upnp_igd_packets_sent,10419036,10419130,"{""state_class"": ""total_increasing"", ""unit_of_measurement"": ""packets"", ""friendly_name"": ""UPNP IGD Packets sent""}"
2025-07-25T06:51:39.246974,sensor.upnp_igd_uptime,253626,253656,"{""unit_of_measurement"": ""s"", ""device_class"": ""duration"", ""friendly_name"": ""UPNP IGD Uptime""}"
2025-07-25T06:51:39.248808,sensor.upnp_igd_download_speed,2.25033384432228,2.91814554703626,"{""state_class"": ""measurement"", ""unit_of_measurement"": ""KiB/s"", ""device_class"": ""data_rate"", ""friendly_name"": ""UPNP IGD Download speed""}"
2025-07-25T06:51:39.250602,sensor.upnp_igd_upload_speed,0.311194566138505,0.596994760925017,"{""state_class"": ""measurement"", ""unit_of_measurement"": ""KiB/s"", ""device_class"": ""data_rate"", ""friendly_name"": ""UPNP IGD Upload speed""}"
2025-07-25T06:51:39.252649,sensor.upnp_igd_packet_download_speed,34.3996296306543,35.5327115108819,"{""state_class"": ""measurement"", ""unit_of_measurement"": ""packets/s"", ""friendly_name"": ""UPNP IGD Packet download speed""}"
2025-07-25T06:51:39.254398,sensor.upnp_igd_packet_upload_speed,2.13331036469174,3.13327850095957,"{""state_class"": ""measurement"", ""unit_of_measurement"": ""packets/s"", ""friendly_name"": ""UPNP IGD Packet upload speed""}"
2025-07-25T06:52:09.237474,sensor.upnp_igd_data_received,2353502788,2353579773,"{""state_class"": ""total_increasing"", ""unit_of_measurement"": ""B"", ""device_class"": ""data_size"", ""friendly_name"": ""UPNP IGD Data received""}"
2025-07-25T06:52:09.240326,sensor.upnp_igd_data_sent,2898625701,2898632331,"{""state_class"": ""total_increasing"", ""unit_of_measurement"": ""B"", ""device_class"": ""data_size"", ""friendly_name"": ""UPNP IGD Data sent""}"
2025-07-25T06:52:09.241797,sensor.upnp_igd_packets_received,32422261,32423299,"{""state_class"": ""total_increasing"", ""unit_of_measurement"": ""packets"", ""friendly_name"": ""UPNP IGD Packets received""}"
2025-07-25T06:52:09.243144,sensor.upnp_igd_packets_sent,10419130,10419194,"{""state_class"": ""total_increasing"", ""unit_of_measurement"": ""packets"", ""friendly_name"": ""UPNP IGD Packets sent""}"
2025-07-25T06:52:09.244556,sensor.upnp_igd_uptime,253656,253686,"{""unit_of_measurement"": ""s"", ""device_class"": ""duration"", ""friendly_name"": ""UPNP IGD Uptime""}"
2025-07-25T06:52:09.246166,sensor.upnp_igd_download_speed,2.91814554703626,2.50610182945484,"{""state_class"": ""measurement"", ""unit_of_measurement"": ""KiB/s"", ""device_class"": ""data_rate"", ""friendly_name"": ""UPNP IGD Download speed""}"
2025-07-25T06:52:09.249079,sensor.upnp_igd_upload_speed,0.596994760925017,0.215827175804191,"{""state_class"": ""measurement"", ""unit_of_measurement"": ""KiB/s"", ""device_class"": ""data_rate"", ""friendly_name"": ""UPNP IGD Upload speed""}"
2025-07-25T06:52:09.250619,sensor.upnp_igd_packet_download_speed,35.5327115108819,34.60110031499,"{""state_class"": ""measurement"", ""unit_of_measurement"": ""packets/s"", ""friendly_name"": ""UPNP IGD Packet download speed""}"
2025-07-25T06:52:09.252098,sensor.upnp_igd_packet_upload_speed,3.13327850095957,2.13340117549071,"{""state_class"": ""measurement"", ""unit_of_measurement"": ""packets/s"", ""friendly_name"": ""UPNP IGD Packet upload speed""}"
2025-07-25T06:52:10.259230,automation.aut_status_bruno,on,on,"{""id"": ""1751855857509"", ""last_triggered"": ""2025-07-25T09:52:10.252655+00:00"", ""mode"": ""single"", ""current"": 1, ""friendly_name"": ""aut-status-bruno""}"
2025-07-25T06:52:10.261655,automation.aut_status_bruno,on,on,"{""id"": ""1751855857509"", ""last_triggered"": ""2025-07-25T09:52:10.252655+00:00"", ""mode"": ""single"", ""current"": 0, ""friendly_name"": ""aut-status-bruno""}"
2025-07-25T06:52:39.237263,sensor.upnp_igd_data_received,2353579773,2353745404,"{""state_class"": ""total_increasing"", ""unit_of_measurement"": ""B"", ""device_class"": ""data_size"", ""friendly_name"": ""UPNP IGD Data received""}"
2025-07-25T06:52:39.240171,sensor.upnp_igd_data_sent,2898632331,2898671446,"{""state_class"": ""total_increasing"", ""unit_of_measurement"": ""B"", ""device_class"": ""data_size"", ""friendly_name"": ""UPNP IGD Data sent""}"
2025-07-25T06:52:39.241709,sensor.upnp_igd_packets_received,32423299,32424494,"{""state_class"": ""total_increasing"", ""unit_of_measurement"": ""packets"", ""friendly_name"": ""UPNP IGD Packets received""}"
2025-07-25T06:52:39.243097,sensor.upnp_igd_packets_sent,10419194,10419347,"{""state_class"": ""total_increasing"", ""unit_of_measurement"": ""packets"", ""friendly_name"": ""UPNP IGD Packets sent""}"
2025-07-25T06:52:39.244480,sensor.upnp_igd_uptime,253686,253716,"{""unit_of_measurement"": ""s"", ""device_class"": ""duration"", ""friendly_name"": ""UPNP IGD Uptime""}"
2025-07-25T06:52:39.245866,sensor.upnp_igd_download_speed,2.50610182945484,5.39164471815128,"{""state_class"": ""measurement"", ""unit_of_measurement"": ""KiB/s"", ""device_class"": ""data_rate"", ""friendly_name"": ""UPNP IGD Download speed""}"
2025-07-25T06:52:39.247263,sensor.upnp_igd_upload_speed,0.215827175804191,1.27327724369525,"{""state_class"": ""measurement"", ""unit_of_measurement"": ""KiB/s"", ""device_class"": ""data_rate"", ""friendly_name"": ""UPNP IGD Upload speed""}"
2025-07-25T06:52:39.248716,sensor.upnp_igd_packet_download_speed,34.60110031499,39.8334116723763,"{""state_class"": ""measurement"", ""unit_of_measurement"": ""packets/s"", ""friendly_name"": ""UPNP IGD Packet download speed""}"
2025-07-25T06:52:39.250063,sensor.upnp_igd_packet_upload_speed,2.13340117549071,5.10001003001973,"{""state_class"": ""measurement"", ""unit_of_measurement"": ""packets/s"", ""friendly_name"": ""UPNP IGD Packet upload speed""}"
2025-07-25T06:52:52.443983,camera.192_168_0_33,idle,idle,"{""access_token"": ""716a07885aeac9c361457dd0e438cdcd42c0c15dbb62f73e9a59d0cc3c062b33"", ""entity_picture"": ""/api/camera_proxy/camera.192_168_0_33?token=716a07885aeac9c361457dd0e438cdcd42c0c15dbb62f73e9a59d0cc3c062b33"", ""friendly_name"": ""192_168_0_14"", ""supported_features"": 2}"
2025-07-25T06:52:52.445817,camera.admin_mainstream,idle,idle,"{""access_token"": ""818f114d78a7aae043097824f6a956e5e52d9ac1334f3358131da14e60496fa8"", ""entity_picture"": ""/api/camera_proxy/camera.admin_mainstream?token=818f114d78a7aae043097824f6a956e5e52d9ac1334f3358131da14e60496fa8"", ""friendly_name"": ""admin MainStream"", ""supported_features"": 2}"
2025-07-25T06:52:52.447542,camera.admin_substream,idle,idle,"{""access_token"": ""4a9180b5d13729a76fad0a52981c809346e009adf56668a20c4cd2dc4325193c"", ""entity_picture"": ""/api/camera_proxy/camera.admin_substream?token=4a9180b5d13729a76fad0a52981c809346e009adf56668a20c4cd2dc4325193c"", ""friendly_name"": ""admin SubStream"", ""supported_features"": 2}"
2025-07-25T06:53:09.239594,sensor.upnp_igd_data_received,2353745404,2354336544,"{""state_class"": ""total_increasing"", ""unit_of_measurement"": ""B"", ""device_class"": ""data_size"", ""friendly_name"": ""UPNP IGD Data received""}"
2025-07-25T06:53:09.242407,sensor.upnp_igd_data_sent,2898671446,2898684166,"{""state_class"": ""total_increasing"", ""unit_of_measurement"": ""B"", ""device_class"": ""data_size"", ""friendly_name"": ""UPNP IGD Data sent""}"
2025-07-25T06:53:09.244203,sensor.upnp_igd_packets_received,32424494,32425851,"{""state_class"": ""total_increasing"", ""unit_of_measurement"": ""packets"", ""friendly_name"": ""UPNP IGD Packets received""}"
2025-07-25T06:53:09.245916,sensor.upnp_igd_packets_sent,10419347,10419493,"{""state_class"": ""total_increasing"", ""unit_of_measurement"": ""packets"", ""friendly_name"": ""UPNP IGD Packets sent""}"
2025-07-25T06:53:09.247598,sensor.upnp_igd_uptime,253716,253746,"{""unit_of_measurement"": ""s"", ""device_class"": ""duration"", ""friendly_name"": ""UPNP IGD Uptime""}"
2025-07-25T06:53:09.249390,sensor.upnp_igd_download_speed,5.39164471815128,19.2426955042968,"{""state_class"": ""measurement"", ""unit_of_measurement"": ""KiB/s"", ""device_class"": ""data_rate"", ""friendly_name"": ""UPNP IGD Download speed""}"
2025-07-25T06:53:09.251089,sensor.upnp_igd_upload_speed,1.27327724369525,0.414059422158295,"{""state_class"": ""measurement"", ""unit_of_measurement"": ""KiB/s"", ""device_class"": ""data_rate"", ""friendly_name"": ""UPNP IGD Upload speed""}"
2025-07-25T06:53:09.252852,sensor.upnp_igd_packet_download_speed,39.8334116723763,45.2329971013882,"{""state_class"": ""measurement"", ""unit_of_measurement"": ""packets/s"", ""friendly_name"": ""UPNP IGD Packet download speed""}"
2025-07-25T06:53:09.254499,sensor.upnp_igd_packet_upload_speed,5.10001003001973,4.86663049138001,"{""state_class"": ""measurement"", ""unit_of_measurement"": ""packets/s"", ""friendly_name"": ""UPNP IGD Packet upload speed""}"
2025-07-25T06:53:10.259629,automation.aut_status_bruno,on,on,"{""id"": ""1751855857509"", ""last_triggered"": ""2025-07-25T09:53:10.252769+00:00"", ""mode"": ""single"", ""current"": 1, ""friendly_name"": ""aut-status-bruno""}"
2025-07-25T06:53:10.262617,automation.aut_status_bruno,on,on,"{""id"": ""1751855857509"", ""last_triggered"": ""2025-07-25T09:53:10.252769+00:00"", ""mode"": ""single"", ""current"": 0, ""friendly_name"": ""aut-status-bruno""}"
2025-07-25T06:53:39.239239,sensor.upnp_igd_data_received,2354336544,2354411529,"{""state_class"": ""total_increasing"", ""unit_of_measurement"": ""B"", ""device_class"": ""data_size"", ""friendly_name"": ""UPNP IGD Data received""}"
2025-07-25T06:53:39.242139,sensor.upnp_igd_data_sent,2898684166,2898694502,"{""state_class"": ""total_increasing"", ""unit_of_measurement"": ""B"", ""device_class"": ""data_size"", ""friendly_name"": ""UPNP IGD Data sent""}"
2025-07-25T06:53:39.243718,sensor.upnp_igd_packets_received,32425851,32426902,"{""state_class"": ""total_increasing"", ""unit_of_measurement"": ""packets"", ""friendly_name"": ""UPNP IGD Packets received""}"
2025-07-25T06:53:39.245150,sensor.upnp_igd_packets_sent,10419493,10419574,"{""state_class"": ""total_increasing"", ""unit_of_measurement"": ""packets"", ""friendly_name"": ""UPNP IGD Packets sent""}"
2025-07-25T06:53:39.246443,sensor.upnp_igd_uptime,253746,253776,"{""unit_of_measurement"": ""s"", ""device_class"": ""duration"", ""friendly_name"": ""UPNP IGD Uptime""}"
2025-07-25T06:53:39.247969,sensor.upnp_igd_download_speed,19.2426955042968,2.44087321940764,"{""state_class"": ""measurement"", ""unit_of_measurement"": ""KiB/s"", ""device_class"": ""data_rate"", ""friendly_name"": ""UPNP IGD Download speed""}"
2025-07-25T06:53:39.249541,sensor.upnp_igd_upload_speed,0.414059422158295,0.336452165043641,"{""state_class"": ""measurement"", ""unit_of_measurement"": ""KiB/s"", ""device_class"": ""data_rate"", ""friendly_name"": ""UPNP IGD Upload speed""}"
2025-07-25T06:53:39.251001,sensor.upnp_igd_packet_download_speed,45.2329971013882,35.0326910673304,"{""state_class"": ""measurement"", ""unit_of_measurement"": ""packets/s"", ""friendly_name"": ""UPNP IGD Packet download speed""}"
2025-07-25T06:53:39.252514,sensor.upnp_igd_packet_upload_speed,4.86663049138001,2.69995050090748,"{""state_class"": ""measurement"", ""unit_of_measurement"": ""packets/s"", ""friendly_name"": ""UPNP IGD Packet upload speed""}"
2025-07-25T06:53:56.588799,binary_sensor.human_presence_sensor_occupancy,on,off,"{""device_class"": ""occupancy"", ""friendly_name"": ""Presen\u00e7a Quarto  Occupancy""}"
2025-07-25T06:53:56.595495,automation.aut_lampada_quarto,on,on,"{""id"": ""1746067262247"", ""last_triggered"": ""2025-07-25T09:53:56.583621+00:00"", ""mode"": ""single"", ""current"": 1, ""friendly_name"": ""aut-quarto""}"
2025-07-25T06:53:56.598231,scene.automation_bedroom_fan_0,2025-07-25T04:02:36.661292+00:00,2025-07-25T09:53:56.586749+00:00,"{""friendly_name"": ""automation-bedroom-fan-0""}"
2025-07-25T06:53:57.342722,automation.aut_lampada_quarto,on,on,"{""id"": ""1746067262247"", ""last_triggered"": ""2025-07-25T09:53:56.583621+00:00"", ""mode"": ""single"", ""current"": 0, ""friendly_name"": ""aut-quarto""}"
2025-07-25T06:54:09.238248,sensor.upnp_igd_data_received,2354411529,2354532993,"{""state_class"": ""total_increasing"", ""unit_of_measurement"": ""B"", ""device_class"": ""data_size"", ""friendly_name"": ""UPNP IGD Data received""}"
2025-07-25T06:54:09.240723,sensor.upnp_igd_data_sent,2898694502,2898738137,"{""state_class"": ""total_increasing"", ""unit_of_measurement"": ""B"", ""device_class"": ""data_size"", ""friendly_name"": ""UPNP IGD Data sent""}"
2025-07-25T06:54:09.242206,sensor.upnp_igd_packets_received,32426902,32428038,"{""state_class"": ""total_increasing"", ""unit_of_measurement"": ""packets"", ""friendly_name"": ""UPNP IGD Packets received""}"
2025-07-25T06:54:09.243704,sensor.upnp_igd_packets_sent,10419574,10419783,"{""state_class"": ""total_increasing"", ""unit_of_measurement"": ""packets"", ""friendly_name"": ""UPNP IGD Packets sent""}"
2025-07-25T06:54:09.245098,sensor.upnp_igd_uptime,253776,253806,"{""unit_of_measurement"": ""s"", ""device_class"": ""duration"", ""friendly_name"": ""UPNP IGD Uptime""}"
2025-07-25T06:54:09.246474,sensor.upnp_igd_download_speed,2.44087321940764,3.95392470164861,"{""state_class"": ""measurement"", ""unit_of_measurement"": ""KiB/s"", ""device_class"": ""data_rate"", ""friendly_name"": ""UPNP IGD Download speed""}"
2025-07-25T06:54:09.247889,sensor.upnp_igd_upload_speed,0.336452165043641,1.42041678486166,"{""state_class"": ""measurement"", ""unit_of_measurement"": ""KiB/s"", ""device_class"": ""data_rate"", ""friendly_name"": ""UPNP IGD Upload speed""}"
2025-07-25T06:54:09.249285,sensor.upnp_igd_packet_download_speed,35.0326910673304,37.8668433786024,"{""state_class"": ""measurement"", ""unit_of_measurement"": ""packets/s"", ""friendly_name"": ""UPNP IGD Packet download speed""}"
2025-07-25T06:54:09.250643,sensor.upnp_igd_packet_upload_speed,2.69995050090748,6.9666991779295,"{""state_class"": ""measurement"", ""unit_of_measurement"": ""packets/s"", ""friendly_name"": ""UPNP IGD Packet upload speed""}"
2025-07-25T06:54:10.258776,automation.aut_status_bruno,on,on,"{""id"": ""1751855857509"", ""last_triggered"": ""2025-07-25T09:54:10.252314+00:00"", ""mode"": ""single"", ""current"": 1, ""friendly_name"": ""aut-status-bruno""}"
2025-07-25T06:54:10.262036,automation.aut_status_bruno,on,on,"{""id"": ""1751855857509"", ""last_triggered"": ""2025-07-25T09:54:10.252314+00:00"", ""mode"": ""single"", ""current"": 0, ""friendly_name"": ""aut-status-bruno""}"
2025-07-25T06:54:39.239113,sensor.upnp_igd_data_received,2354532993,2354608686,"{""state_class"": ""total_increasing"", ""unit_of_measurement"": ""B"", ""device_class"": ""data_size"", ""friendly_name"": ""UPNP IGD Data received""}"
2025-07-25T06:54:39.241669,sensor.upnp_igd_data_sent,2898738137,2898747246,"{""state_class"": ""total_increasing"", ""unit_of_measurement"": ""B"", ""device_class"": ""data_size"", ""friendly_name"": ""UPNP IGD Data sent""}"
2025-07-25T06:54:39.243290,sensor.upnp_igd_packets_received,32428038,32429062,"{""state_class"": ""total_increasing"", ""unit_of_measurement"": ""packets"", ""friendly_name"": ""UPNP IGD Packets received""}"
2025-07-25T06:54:39.244856,sensor.upnp_igd_packets_sent,10419783,10419843,"{""state_class"": ""total_increasing"", ""unit_of_measurement"": ""packets"", ""friendly_name"": ""UPNP IGD Packets sent""}"
2025-07-25T06:54:39.246217,sensor.upnp_igd_uptime,253806,253836,"{""unit_of_measurement"": ""s"", ""device_class"": ""duration"", ""friendly_name"": ""UPNP IGD Uptime""}"
2025-07-25T06:54:39.247674,sensor.upnp_igd_download_speed,3.95392470164861,2.46393420883467,"{""state_class"": ""measurement"", ""unit_of_measurement"": ""KiB/s"", ""device_class"": ""data_rate"", ""friendly_name"": ""UPNP IGD Download speed""}"
2025-07-25T06:54:39.249119,sensor.upnp_igd_upload_speed,1.42041678486166,0.296513240435377,"{""state_class"": ""measurement"", ""unit_of_measurement"": ""KiB/s"", ""device_class"": ""data_rate"", ""friendly_name"": ""UPNP IGD Upload speed""}"
2025-07-25T06:54:39.250477,sensor.upnp_igd_packet_download_speed,37.8668433786024,34.1329089474988,"{""state_class"": ""measurement"", ""unit_of_measurement"": ""packets/s"", ""friendly_name"": ""UPNP IGD Packet download speed""}"
2025-07-25T06:54:39.251917,sensor.upnp_igd_packet_upload_speed,6.9666991779295,1.99997513364251,"{""state_class"": ""measurement"", ""unit_of_measurement"": ""packets/s"", ""friendly_name"": ""UPNP IGD Packet upload speed""}"
2025-07-25T06:55:09.238130,sensor.upnp_igd_data_received,2354608686,2354675747,"{""state_class"": ""total_increasing"", ""unit_of_measurement"": ""B"", ""device_class"": ""data_size"", ""friendly_name"": ""UPNP IGD Data received""}"
2025-07-25T06:55:09.240693,sensor.upnp_igd_data_sent,2898747246,2898751643,"{""state_class"": ""total_increasing"", ""unit_of_measurement"": ""B"", ""device_class"": ""data_size"", ""friendly_name"": ""UPNP IGD Data sent""}"
2025-07-25T06:55:09.242065,sensor.upnp_igd_packets_received,32429062,32430068,"{""state_class"": ""total_increasing"", ""unit_of_measurement"": ""packets"", ""friendly_name"": ""UPNP IGD Packets received""}"
2025-07-25T06:55:09.243282,sensor.upnp_igd_packets_sent,10419843,10419891,"{""state_class"": ""total_increasing"", ""unit_of_measurement"": ""packets"", ""friendly_name"": ""UPNP IGD Packets sent""}"
2025-07-25T06:55:09.244817,sensor.upnp_igd_uptime,253836,253866,"{""unit_of_measurement"": ""s"", ""device_class"": ""duration"", ""friendly_name"": ""UPNP IGD Uptime""}"
2025-07-25T06:55:09.246242,sensor.upnp_igd_download_speed,2.46393420883467,2.18304824699639,"{""state_class"": ""measurement"", ""unit_of_measurement"": ""KiB/s"", ""device_class"": ""data_rate"", ""friendly_name"": ""UPNP IGD Download speed""}"
2025-07-25T06:55:09.247669,sensor.upnp_igd_upload_speed,0.296513240435377,0.143136295940161,"{""state_class"": ""measurement"", ""unit_of_measurement"": ""KiB/s"", ""device_class"": ""data_rate"", ""friendly_name"": ""UPNP IGD Upload speed""}"
2025-07-25T06:55:09.249195,sensor.upnp_igd_packet_download_speed,34.1329089474988,33.5344545019288,"{""state_class"": ""measurement"", ""unit_of_measurement"": ""packets/s"", ""friendly_name"": ""UPNP IGD Packet download speed""}"
2025-07-25T06:55:09.250613,sensor.upnp_igd_packet_upload_speed,1.99997513364251,1.60005349512185,"{""state_class"": ""measurement"", ""unit_of_measurement"": ""packets/s"", ""friendly_name"": ""UPNP IGD Packet upload speed""}"
2025-07-25T06:55:10.117782,sun.sun,above_horizon,above_horizon,"{""next_dawn"": ""2025-07-26T08:32:54.909961+00:00"", ""next_dusk"": ""2025-07-25T20:48:15.098712+00:00"", ""next_midnight"": ""2025-07-26T02:40:37+00:00"", ""next_noon"": ""2025-07-25T14:40:37+00:00"", ""next_rising"": ""2025-07-26T08:55:47.118508+00:00"", ""next_setting"": ""2025-07-25T20:25:21.448131+00:00"", ""elevation"": 12.67, ""azimuth"": 66.2, ""rising"": true, ""friendly_name"": ""Sun""}"
2025-07-25T06:55:10.259551,automation.aut_status_bruno,on,on,"{""id"": ""1751855857509"", ""last_triggered"": ""2025-07-25T09:55:10.252451+00:00"", ""mode"": ""single"", ""current"": 1, ""friendly_name"": ""aut-status-bruno""}"
2025-07-25T06:55:10.262114,automation.aut_status_bruno,on,on,"{""id"": ""1751855857509"", ""last_triggered"": ""2025-07-25T09:55:10.252451+00:00"", ""mode"": ""single"", ""current"": 0, ""friendly_name"": ""aut-status-bruno""}"
2025-07-25T06:55:39.239113,sensor.upnp_igd_data_received,2354675747,2354924086,"{""state_class"": ""total_increasing"", ""unit_of_measurement"": ""B"", ""device_class"": ""data_size"", ""friendly_name"": ""UPNP IGD Data received""}"
2025-07-25T06:55:39.241689,sensor.upnp_igd_data_sent,2898751643,2898847214,"{""state_class"": ""total_increasing"", ""unit_of_measurement"": ""B"", ""device_class"": ""data_size"", ""friendly_name"": ""UPNP IGD Data sent""}"
2025-07-25T06:55:39.243686,sensor.upnp_igd_packets_received,32430068,32431366,"{""state_class"": ""total_increasing"", ""unit_of_measurement"": ""packets"", ""friendly_name"": ""UPNP IGD Packets received""}"
2025-07-25T06:55:39.245334,sensor.upnp_igd_packets_sent,10419891,10420240,"{""state_class"": ""total_increasing"", ""unit_of_measurement"": ""packets"", ""friendly_name"": ""UPNP IGD Packets sent""}"
2025-07-25T06:55:39.246764,sensor.upnp_igd_uptime,253866,253896,"{""unit_of_measurement"": ""s"", ""device_class"": ""duration"", ""friendly_name"": ""UPNP IGD Uptime""}"
2025-07-25T06:55:39.248208,sensor.upnp_igd_download_speed,2.18304824699639,8.08394481683116,"{""state_class"": ""measurement"", ""unit_of_measurement"": ""KiB/s"", ""device_class"": ""data_rate"", ""friendly_name"": ""UPNP IGD Download speed""}"
2025-07-25T06:55:39.249588,sensor.upnp_igd_upload_speed,0.143136295940161,3.11103246002187,"{""state_class"": ""measurement"", ""unit_of_measurement"": ""KiB/s"", ""device_class"": ""data_rate"", ""friendly_name"": ""UPNP IGD Upload speed""}"
2025-07-25T06:55:39.250986,sensor.upnp_igd_packet_download_speed,33.5344545019288,43.2666291689214,"{""state_class"": ""measurement"", ""unit_of_measurement"": ""packets/s"", ""friendly_name"": ""UPNP IGD Packet download speed""}"
2025-07-25T06:55:39.252444,sensor.upnp_igd_packet_upload_speed,1.60005349512185,11.6333232511198,"{""state_class"": ""measurement"", ""unit_of_measurement"": ""packets/s"", ""friendly_name"": ""UPNP IGD Packet upload speed""}"
2025-07-25T06:56:09.240204,sensor.upnp_igd_data_received,2354924086,2354995755,"{""state_class"": ""total_increasing"", ""unit_of_measurement"": ""B"", ""device_class"": ""data_size"", ""friendly_name"": ""UPNP IGD Data received""}"
2025-07-25T06:56:09.241915,sensor.upnp_igd_data_sent,2898847214,2898856488,"{""state_class"": ""total_increasing"", ""unit_of_measurement"": ""B"", ""device_class"": ""data_size"", ""friendly_name"": ""UPNP IGD Data sent""}"
2025-07-25T06:56:09.243404,sensor.upnp_igd_packets_received,32431366,32432422,"{""state_class"": ""total_increasing"", ""unit_of_measurement"": ""packets"", ""friendly_name"": ""UPNP IGD Packets received""}"
2025-07-25T06:56:09.244814,sensor.upnp_igd_packets_sent,10420240,10420337,"{""state_class"": ""total_increasing"", ""unit_of_measurement"": ""packets"", ""friendly_name"": ""UPNP IGD Packets sent""}"
2025-07-25T06:56:09.246161,sensor.upnp_igd_uptime,253896,253926,"{""unit_of_measurement"": ""s"", ""device_class"": ""duration"", ""friendly_name"": ""UPNP IGD Uptime""}"
2025-07-25T06:56:09.247653,sensor.upnp_igd_download_speed,8.08394481683116,2.33291942587841,"{""state_class"": ""measurement"", ""unit_of_measurement"": ""KiB/s"", ""device_class"": ""data_rate"", ""friendly_name"": ""UPNP IGD Download speed""}"
2025-07-25T06:56:09.249090,sensor.upnp_igd_upload_speed,3.11103246002187,0.30188079581962,"{""state_class"": ""measurement"", ""unit_of_measurement"": ""KiB/s"", ""device_class"": ""data_rate"", ""friendly_name"": ""UPNP IGD Upload speed""}"
2025-07-25T06:56:09.250479,sensor.upnp_igd_packet_download_speed,43.2666291689214,35.1991575668289,"{""state_class"": ""measurement"", ""unit_of_measurement"": ""packets/s"", ""friendly_name"": ""UPNP IGD Packet download speed""}"
2025-07-25T06:56:09.251944,sensor.upnp_igd_packet_upload_speed,11.6333232511198,3.23325595074091,"{""state_class"": ""measurement"", ""unit_of_measurement"": ""packets/s"", ""friendly_name"": ""UPNP IGD Packet upload speed""}"
2025-07-25T06:56:10.262070,automation.aut_status_bruno,on,on,"{""id"": ""1751855857509"", ""last_triggered"": ""2025-07-25T09:56:10.253733+00:00"", ""mode"": ""single"", ""current"": 1, ""friendly_name"": ""aut-status-bruno""}"
2025-07-25T06:56:10.265009,automation.aut_status_bruno,on,on,"{""id"": ""1751855857509"", ""last_triggered"": ""2025-07-25T09:56:10.253733+00:00"", ""mode"": ""single"", ""current"": 0, ""friendly_name"": ""aut-status-bruno""}"
2025-07-25T06:56:39.242707,sensor.upnp_igd_data_received,2354995755,2356047531,"{""state_class"": ""total_increasing"", ""unit_of_measurement"": ""B"", ""device_class"": ""data_size"", ""friendly_name"": ""UPNP IGD Data received""}"
2025-07-25T06:56:39.244721,sensor.upnp_igd_data_sent,2898856488,2899360421,"{""state_class"": ""total_increasing"", ""unit_of_measurement"": ""B"", ""device_class"": ""data_size"", ""friendly_name"": ""UPNP IGD Data sent""}"
2025-07-25T06:56:39.246181,sensor.upnp_igd_packets_received,32432422,32435212,"{""state_class"": ""total_increasing"", ""unit_of_measurement"": ""packets"", ""friendly_name"": ""UPNP IGD Packets received""}"
2025-07-25T06:56:39.247668,sensor.upnp_igd_packets_sent,10420337,10421883,"{""state_class"": ""total_increasing"", ""unit_of_measurement"": ""packets"", ""friendly_name"": ""UPNP IGD Packets sent""}"
2025-07-25T06:56:39.249103,sensor.upnp_igd_uptime,253926,253956,"{""unit_of_measurement"": ""s"", ""device_class"": ""duration"", ""friendly_name"": ""UPNP IGD Uptime""}"
2025-07-25T06:56:39.250443,sensor.upnp_igd_download_speed,2.33291942587841,34.2362572238628,"{""state_class"": ""measurement"", ""unit_of_measurement"": ""KiB/s"", ""device_class"": ""data_rate"", ""friendly_name"": ""UPNP IGD Download speed""}"
2025-07-25T06:56:39.251916,sensor.upnp_igd_upload_speed,0.30188079581962,16.4034735643263,"{""state_class"": ""measurement"", ""unit_of_measurement"": ""KiB/s"", ""device_class"": ""data_rate"", ""friendly_name"": ""UPNP IGD Upload speed""}"
2025-07-25T06:56:39.253338,sensor.upnp_igd_packet_download_speed,35.1991575668289,92.9966242225407,"{""state_class"": ""measurement"", ""unit_of_measurement"": ""packets/s"", ""friendly_name"": ""UPNP IGD Packet download speed""}"
2025-07-25T06:56:39.254759,sensor.upnp_igd_packet_upload_speed,3.23325595074091,51.5314627412358,"{""state_class"": ""measurement"", ""unit_of_measurement"": ""packets/s"", ""friendly_name"": ""UPNP IGD Packet upload speed""}"
2025-07-25T06:57:09.240942,sensor.upnp_igd_data_received,2356047531,2356406991,"{""state_class"": ""total_increasing"", ""unit_of_measurement"": ""B"", ""device_class"": ""data_size"", ""friendly_name"": ""UPNP IGD Data received""}"
2025-07-25T06:57:09.243451,sensor.upnp_igd_data_sent,2899360421,2899688590,"{""state_class"": ""total_increasing"", ""unit_of_measurement"": ""B"", ""device_class"": ""data_size"", ""friendly_name"": ""UPNP IGD Data sent""}"
2025-07-25T06:57:09.245067,sensor.upnp_igd_packets_received,32435212,32437072,"{""state_class"": ""total_increasing"", ""unit_of_measurement"": ""packets"", ""friendly_name"": ""UPNP IGD Packets received""}"
2025-07-25T06:57:09.246507,sensor.upnp_igd_packets_sent,10421883,10422711,"{""state_class"": ""total_increasing"", ""unit_of_measurement"": ""packets"", ""friendly_name"": ""UPNP IGD Packets sent""}"
2025-07-25T06:57:09.248126,sensor.upnp_igd_uptime,253956,253986,"{""unit_of_measurement"": ""s"", ""device_class"": ""duration"", ""friendly_name"": ""UPNP IGD Uptime""}"
2025-07-25T06:57:09.249631,sensor.upnp_igd_download_speed,34.2362572238628,11.7017343383639,"{""state_class"": ""measurement"", ""unit_of_measurement"": ""KiB/s"", ""device_class"": ""data_rate"", ""friendly_name"": ""UPNP IGD Download speed""}"
2025-07-25T06:57:09.251005,sensor.upnp_igd_upload_speed,16.4034735643263,10.6830981363338,"{""state_class"": ""measurement"", ""unit_of_measurement"": ""KiB/s"", ""device_class"": ""data_rate"", ""friendly_name"": ""UPNP IGD Upload speed""}"
2025-07-25T06:57:09.252483,sensor.upnp_igd_packet_download_speed,92.9966242225407,62.0029802765853,"{""state_class"": ""measurement"", ""unit_of_measurement"": ""packets/s"", ""friendly_name"": ""UPNP IGD Packet download speed""}"
2025-07-25T06:57:09.253865,sensor.upnp_igd_packet_upload_speed,51.5314627412358,27.6013267037702,"{""state_class"": ""measurement"", ""unit_of_measurement"": ""packets/s"", ""friendly_name"": ""UPNP IGD Packet upload speed""}"
2025-07-25T06:57:10.259090,automation.aut_status_bruno,on,on,"{""id"": ""1751855857509"", ""last_triggered"": ""2025-07-25T09:57:10.252525+00:00"", ""mode"": ""single"", ""current"": 1, ""friendly_name"": ""aut-status-bruno""}"
2025-07-25T06:57:10.261373,automation.aut_status_bruno,on,on,"{""id"": ""1751855857509"", ""last_triggered"": ""2025-07-25T09:57:10.252525+00:00"", ""mode"": ""single"", ""current"": 0, ""friendly_name"": ""aut-status-bruno""}"
2025-07-25T06:57:39.237797,sensor.upnp_igd_data_received,2356406991,2356530604,"{""state_class"": ""total_increasing"", ""unit_of_measurement"": ""B"", ""device_class"": ""data_size"", ""friendly_name"": ""UPNP IGD Data received""}"
2025-07-25T06:57:39.240568,sensor.upnp_igd_data_sent,2899688590,2899700658,"{""state_class"": ""total_increasing"", ""unit_of_measurement"": ""B"", ""device_class"": ""data_size"", ""friendly_name"": ""UPNP IGD Data sent""}"
2025-07-25T06:57:39.242058,sensor.upnp_igd_packets_received,32437072,32438192,"{""state_class"": ""total_increasing"", ""unit_of_measurement"": ""packets"", ""friendly_name"": ""UPNP IGD Packets received""}"
2025-07-25T06:57:39.243683,sensor.upnp_igd_packets_sent,10422711,10422792,"{""state_class"": ""total_increasing"", ""unit_of_measurement"": ""packets"", ""friendly_name"": ""UPNP IGD Packets sent""}"
2025-07-25T06:57:39.245100,sensor.upnp_igd_uptime,253986,254016,"{""unit_of_measurement"": ""s"", ""device_class"": ""duration"", ""friendly_name"": ""UPNP IGD Uptime""}"
2025-07-25T06:57:39.246563,sensor.upnp_igd_download_speed,11.7017343383639,4.02384270391926,"{""state_class"": ""measurement"", ""unit_of_measurement"": ""KiB/s"", ""device_class"": ""data_rate"", ""friendly_name"": ""UPNP IGD Download speed""}"
2025-07-25T06:57:39.248089,sensor.upnp_igd_upload_speed,10.6830981363338,0.392836786995685,"{""state_class"": ""measurement"", ""unit_of_measurement"": ""KiB/s"", ""device_class"": ""data_rate"", ""friendly_name"": ""UPNP IGD Upload speed""}"
2025-07-25T06:57:39.249516,sensor.upnp_igd_packet_download_speed,62.0029802765853,37.3331665785226,"{""state_class"": ""measurement"", ""unit_of_measurement"": ""packets/s"", ""friendly_name"": ""UPNP IGD Packet download speed""}"
2025-07-25T06:57:39.250859,sensor.upnp_igd_packet_upload_speed,27.6013267037702,2.69998794005387,"{""state_class"": ""measurement"", ""unit_of_measurement"": ""packets/s"", ""friendly_name"": ""UPNP IGD Packet upload speed""}"
2025-07-25T06:57:49.046152,media_player.dlna_b13_box,unavailable,unknown,"{""friendly_name"": ""DLNA-B13 Box"", ""supported_features"": 512575}"
2025-07-25T06:57:52.445107,camera.192_168_0_33,idle,idle,"{""access_token"": ""3394fe3d2e3f8a2f16bde07a8c3186033b2a496156c72dbd1510d9c52fa87e39"", ""entity_picture"": ""/api/camera_proxy/camera.192_168_0_33?token=3394fe3d2e3f8a2f16bde07a8c3186033b2a496156c72dbd1510d9c52fa87e39"", ""friendly_name"": ""192_168_0_14"", ""supported_features"": 2}"
2025-07-25T06:57:52.447143,camera.admin_mainstream,idle,idle,"{""access_token"": ""93e78f293013a0405a835bf7c4d3c2b146ae68b0d93bde5d391a8830dd659732"", ""entity_picture"": ""/api/camera_proxy/camera.admin_mainstream?token=93e78f293013a0405a835bf7c4d3c2b146ae68b0d93bde5d391a8830dd659732"", ""friendly_name"": ""admin MainStream"", ""supported_features"": 2}"
2025-07-25T06:57:52.449195,camera.admin_substream,idle,idle,"{""access_token"": ""81113b3ae24ffaa9b68c18ae5725c03057f19c9667b20ad6e990acc4ff9aecc5"", ""entity_picture"": ""/api/camera_proxy/camera.admin_substream?token=81113b3ae24ffaa9b68c18ae5725c03057f19c9667b20ad6e990acc4ff9aecc5"", ""friendly_name"": ""admin SubStream"", ""supported_features"": 2}"
2025-07-25T06:58:00.793844,media_player.dlna_b13_box,unknown,unavailable,"{""friendly_name"": ""DLNA-B13 Box"", ""supported_features"": 512575}"
2025-07-25T06:58:09.239824,sensor.upnp_igd_data_received,2356530604,2357162961,"{""state_class"": ""total_increasing"", ""unit_of_measurement"": ""B"", ""device_class"": ""data_size"", ""friendly_name"": ""UPNP IGD Data received""}"
2025-07-25T06:58:09.242155,sensor.upnp_igd_data_sent,2899700658,2899795378,"{""state_class"": ""total_increasing"", ""unit_of_measurement"": ""B"", ""device_class"": ""data_size"", ""friendly_name"": ""UPNP IGD Data sent""}"
2025-07-25T06:58:09.244312,sensor.upnp_igd_packets_received,32438192,32439715,"{""state_class"": ""total_increasing"", ""unit_of_measurement"": ""packets"", ""friendly_name"": ""UPNP IGD Packets received""}"
2025-07-25T06:58:09.245616,sensor.upnp_igd_packets_sent,10422792,10423054,"{""state_class"": ""total_increasing"", ""unit_of_measurement"": ""packets"", ""friendly_name"": ""UPNP IGD Packets sent""}"
2025-07-25T06:58:09.246770,sensor.upnp_igd_uptime,254016,254046,"{""unit_of_measurement"": ""s"", ""device_class"": ""duration"", ""friendly_name"": ""UPNP IGD Uptime""}"
2025-07-25T06:58:09.248207,sensor.upnp_igd_download_speed,4.02384270391926,20.5840773632196,"{""state_class"": ""measurement"", ""unit_of_measurement"": ""KiB/s"", ""device_class"": ""data_rate"", ""friendly_name"": ""UPNP IGD Download speed""}"
2025-07-25T06:58:09.250008,sensor.upnp_igd_upload_speed,0.392836786995685,3.0832643709869,"{""state_class"": ""measurement"", ""unit_of_measurement"": ""KiB/s"", ""device_class"": ""data_rate"", ""friendly_name"": ""UPNP IGD Upload speed""}"
2025-07-25T06:58:09.251737,sensor.upnp_igd_packet_download_speed,37.3331665785226,50.7655312109519,"{""state_class"": ""measurement"", ""unit_of_measurement"": ""packets/s"", ""friendly_name"": ""UPNP IGD Packet download speed""}"
2025-07-25T06:58:09.253436,sensor.upnp_igd_packet_upload_speed,2.69998794005387,8.73313800214668,"{""state_class"": ""measurement"", ""unit_of_measurement"": ""packets/s"", ""friendly_name"": ""UPNP IGD Packet upload speed""}"
2025-07-25T06:58:10.260056,automation.aut_status_bruno,on,on,"{""id"": ""1751855857509"", ""last_triggered"": ""2025-07-25T09:58:10.252770+00:00"", ""mode"": ""single"", ""current"": 1, ""friendly_name"": ""aut-status-bruno""}"
2025-07-25T06:58:10.263100,automation.aut_status_bruno,on,on,"{""id"": ""1751855857509"", ""last_triggered"": ""2025-07-25T09:58:10.252770+00:00"", ""mode"": ""single"", ""current"": 0, ""friendly_name"": ""aut-status-bruno""}"
2025-07-25T06:58:16.657297,weather.home,unavailable,rainy,"{""temperature"": 23.1, ""temperature_unit"": ""\u00b0C"", ""pressure_unit"": ""hPa"", ""wind_bearing"": 173, ""wind_speed"": 5.8, ""wind_speed_unit"": ""km/h"", ""visibility_unit"": ""km"", ""precipitation_unit"": ""mm"", ""friendly_name"": ""Home"", ""supported_features"": 3}"
2025-07-25T06:58:39.238948,sensor.upnp_igd_data_received,2357162961,2357242456,"{""state_class"": ""total_increasing"", ""unit_of_measurement"": ""B"", ""device_class"": ""data_size"", ""friendly_name"": ""UPNP IGD Data received""}"
2025-07-25T06:58:39.241493,sensor.upnp_igd_data_sent,2899795378,2899805792,"{""state_class"": ""total_increasing"", ""unit_of_measurement"": ""B"", ""device_class"": ""data_size"", ""friendly_name"": ""UPNP IGD Data sent""}"
2025-07-25T06:58:39.243104,sensor.upnp_igd_packets_received,32439715,32440760,"{""state_class"": ""total_increasing"", ""unit_of_measurement"": ""packets"", ""friendly_name"": ""UPNP IGD Packets received""}"
2025-07-25T06:58:39.244600,sensor.upnp_igd_packets_sent,10423054,10423125,"{""state_class"": ""total_increasing"", ""unit_of_measurement"": ""packets"", ""friendly_name"": ""UPNP IGD Packets sent""}"
2025-07-25T06:58:39.245955,sensor.upnp_igd_uptime,254046,254076,"{""unit_of_measurement"": ""s"", ""device_class"": ""duration"", ""friendly_name"": ""UPNP IGD Uptime""}"
2025-07-25T06:58:39.247391,sensor.upnp_igd_download_speed,20.5840773632196,2.58778462332607,"{""state_class"": ""measurement"", ""unit_of_measurement"": ""KiB/s"", ""device_class"": ""data_rate"", ""friendly_name"": ""UPNP IGD Download speed""}"
2025-07-25T06:58:39.248805,sensor.upnp_igd_upload_speed,3.0832643709869,0.339004831339301,"{""state_class"": ""measurement"", ""unit_of_measurement"": ""KiB/s"", ""device_class"": ""data_rate"", ""friendly_name"": ""UPNP IGD Upload speed""}"
2025-07-25T06:58:39.250205,sensor.upnp_igd_packet_download_speed,50.7655312109519,34.8340973612021,"{""state_class"": ""measurement"", ""unit_of_measurement"": ""packets/s"", ""friendly_name"": ""UPNP IGD Packet download speed""}"
2025-07-25T06:58:39.251626,sensor.upnp_igd_packet_upload_speed,8.73313800214668,2.36671857669412,"{""state_class"": ""measurement"", ""unit_of_measurement"": ""packets/s"", ""friendly_name"": ""UPNP IGD Packet upload speed""}"
2025-07-25T06:59:09.245907,sensor.upnp_igd_data_received,2357242456,2357354471,"{""state_class"": ""total_increasing"", ""unit_of_measurement"": ""B"", ""device_class"": ""data_size"", ""friendly_name"": ""UPNP IGD Data received""}"
2025-07-25T06:59:09.251109,sensor.upnp_igd_data_sent,2899805792,2899820730,"{""state_class"": ""total_increasing"", ""unit_of_measurement"": ""B"", ""device_class"": ""data_size"", ""friendly_name"": ""UPNP IGD Data sent""}"
2025-07-25T06:59:09.254799,sensor.upnp_igd_packets_received,32440760,32441863,"{""state_class"": ""total_increasing"", ""unit_of_measurement"": ""packets"", ""friendly_name"": ""UPNP IGD Packets received""}"
2025-07-25T06:59:09.258243,sensor.upnp_igd_packets_sent,10423125,10423251,"{""state_class"": ""total_increasing"", ""unit_of_measurement"": ""packets"", ""friendly_name"": ""UPNP IGD Packets sent""}"
2025-07-25T06:59:09.261494,sensor.upnp_igd_uptime,254076,254106,"{""unit_of_measurement"": ""s"", ""device_class"": ""duration"", ""friendly_name"": ""UPNP IGD Uptime""}"
2025-07-25T06:59:09.266041,sensor.upnp_igd_download_speed,2.58778462332607,3.64619253936744,"{""state_class"": ""measurement"", ""unit_of_measurement"": ""KiB/s"", ""device_class"": ""data_rate"", ""friendly_name"": ""UPNP IGD Download speed""}"
2025-07-25T06:59:09.269793,sensor.upnp_igd_upload_speed,0.339004831339301,0.48624580773174,"{""state_class"": ""measurement"", ""unit_of_measurement"": ""KiB/s"", ""device_class"": ""data_rate"", ""friendly_name"": ""UPNP IGD Upload speed""}"
2025-07-25T06:59:09.273146,sensor.upnp_igd_packet_download_speed,34.8340973612021,36.7653651727395,"{""state_class"": ""measurement"", ""unit_of_measurement"": ""packets/s"", ""friendly_name"": ""UPNP IGD Packet download speed""}"
2025-07-25T06:59:09.276473,sensor.upnp_igd_packet_upload_speed,2.36671857669412,4.19985132526309,"{""state_class"": ""measurement"", ""unit_of_measurement"": ""packets/s"", ""friendly_name"": ""UPNP IGD Packet upload speed""}"
2025-07-25T06:59:10.118164,sun.sun,above_horizon,above_horizon,"{""next_dawn"": ""2025-07-26T08:32:54.909961+00:00"", ""next_dusk"": ""2025-07-25T20:48:15.098712+00:00"", ""next_midnight"": ""2025-07-26T02:40:37+00:00"", ""next_noon"": ""2025-07-25T14:40:37+00:00"", ""next_rising"": ""2025-07-26T08:55:47.118508+00:00"", ""next_setting"": ""2025-07-25T20:25:21.448131+00:00"", ""elevation"": 13.55, ""azimuth"": 65.89, ""rising"": true, ""friendly_name"": ""Sun""}"
2025-07-25T06:59:10.259528,automation.aut_status_bruno,on,on,"{""id"": ""1751855857509"", ""last_triggered"": ""2025-07-25T09:59:10.252942+00:00"", ""mode"": ""single"", ""current"": 1, ""friendly_name"": ""aut-status-bruno""}"
2025-07-25T06:59:10.261712,automation.aut_status_bruno,on,on,"{""id"": ""1751855857509"", ""last_triggered"": ""2025-07-25T09:59:10.252942+00:00"", ""mode"": ""single"", ""current"": 0, ""friendly_name"": ""aut-status-bruno""}"
2025-07-25T06:59:39.237724,sensor.upnp_igd_data_received,2357354471,2357434841,"{""state_class"": ""total_increasing"", ""unit_of_measurement"": ""B"", ""device_class"": ""data_size"", ""friendly_name"": ""UPNP IGD Data received""}"
2025-07-25T06:59:39.240227,sensor.upnp_igd_data_sent,2899820730,2899832248,"{""state_class"": ""total_increasing"", ""unit_of_measurement"": ""B"", ""device_class"": ""data_size"", ""friendly_name"": ""UPNP IGD Data sent""}"
2025-07-25T06:59:39.241791,sensor.upnp_igd_packets_received,32441863,32442940,"{""state_class"": ""total_increasing"", ""unit_of_measurement"": ""packets"", ""friendly_name"": ""UPNP IGD Packets received""}"
2025-07-25T06:59:39.243212,sensor.upnp_igd_packets_sent,10423251,10423330,"{""state_class"": ""total_increasing"", ""unit_of_measurement"": ""packets"", ""friendly_name"": ""UPNP IGD Packets sent""}"
2025-07-25T06:59:39.244597,sensor.upnp_igd_uptime,254106,254136,"{""unit_of_measurement"": ""s"", ""device_class"": ""duration"", ""friendly_name"": ""UPNP IGD Uptime""}"
2025-07-25T06:59:39.245996,sensor.upnp_igd_download_speed,3.64619253936744,2.6163140202724,"{""state_class"": ""measurement"", ""unit_of_measurement"": ""KiB/s"", ""device_class"": ""data_rate"", ""friendly_name"": ""UPNP IGD Download speed""}"
2025-07-25T06:59:39.247463,sensor.upnp_igd_upload_speed,0.48624580773174,0.374949668850286,"{""state_class"": ""measurement"", ""unit_of_measurement"": ""KiB/s"", ""device_class"": ""data_rate"", ""friendly_name"": ""UPNP IGD Upload speed""}"
2025-07-25T06:59:39.248943,sensor.upnp_igd_packet_download_speed,36.7653651727395,35.9014145157319,"{""state_class"": ""measurement"", ""unit_of_measurement"": ""packets/s"", ""friendly_name"": ""UPNP IGD Packet download speed""}"
2025-07-25T06:59:39.250296,sensor.upnp_igd_packet_upload_speed,4.19985132526309,2.63343709075471,"{""state_class"": ""measurement"", ""unit_of_measurement"": ""packets/s"", ""friendly_name"": ""UPNP IGD Packet upload speed""}"
