timestamp,entity_id,old_state,new_state,attributes
2025-07-25T08:00:09.241348,sensor.upnp_igd_data_received,2387800368,2388490501,"{""state_class"": ""total_increasing"", ""unit_of_measurement"": ""B"", ""device_class"": ""data_size"", ""friendly_name"": ""UPNP IGD Data received""}"
2025-07-25T08:00:09.243480,sensor.upnp_igd_data_sent,2906451868,2906768758,"{""state_class"": ""total_increasing"", ""unit_of_measurement"": ""B"", ""device_class"": ""data_size"", ""friendly_name"": ""UPNP IGD Data sent""}"
2025-07-25T08:00:09.244982,sensor.upnp_igd_packets_received,32594416,32596406,"{""state_class"": ""total_increasing"", ""unit_of_measurement"": ""packets"", ""friendly_name"": ""UPNP IGD Packets received""}"
2025-07-25T08:00:09.246320,sensor.upnp_igd_packets_sent,10447121,10447959,"{""state_class"": ""total_increasing"", ""unit_of_measurement"": ""packets"", ""friendly_name"": ""UPNP IGD Packets sent""}"
2025-07-25T08:00:09.247778,sensor.upnp_igd_uptime,257736,257766,"{""unit_of_measurement"": ""s"", ""device_class"": ""duration"", ""friendly_name"": ""UPNP IGD Uptime""}"
2025-07-25T08:00:09.249329,sensor.upnp_igd_download_speed,2.54450597457399,22.4657813934772,"{""state_class"": ""measurement"", ""unit_of_measurement"": ""KiB/s"", ""device_class"": ""data_rate"", ""friendly_name"": ""UPNP IGD Download speed""}"
2025-07-25T08:00:09.251508,sensor.upnp_igd_upload_speed,0.335771404254051,10.3156659162495,"{""state_class"": ""measurement"", ""unit_of_measurement"": ""KiB/s"", ""device_class"": ""data_rate"", ""friendly_name"": ""UPNP IGD Upload speed""}"
2025-07-25T08:00:09.253083,sensor.upnp_igd_packet_download_speed,36.3996384302583,66.3348524014533,"{""state_class"": ""measurement"", ""unit_of_measurement"": ""packets/s"", ""friendly_name"": ""UPNP IGD Packet download speed""}"
2025-07-25T08:00:09.254496,sensor.upnp_igd_packet_upload_speed,2.3666431580113,27.9339730213155,"{""state_class"": ""measurement"", ""unit_of_measurement"": ""packets/s"", ""friendly_name"": ""UPNP IGD Packet upload speed""}"
2025-07-25T08:00:10.259304,automation.aut_status_bruno,on,on,"{""id"": ""1751855857509"", ""last_triggered"": ""2025-07-25T11:00:10.253003+00:00"", ""mode"": ""single"", ""current"": 1, ""friendly_name"": ""aut-status-bruno""}"
2025-07-25T08:00:10.261817,automation.aut_status_bruno,on,on,"{""id"": ""1751855857509"", ""last_triggered"": ""2025-07-25T11:00:10.253003+00:00"", ""mode"": ""single"", ""current"": 0, ""friendly_name"": ""aut-status-bruno""}"
2025-07-25T08:00:39.255883,sensor.upnp_igd_data_received,2388490501,2389202571,"{""state_class"": ""total_increasing"", ""unit_of_measurement"": ""B"", ""device_class"": ""data_size"", ""friendly_name"": ""UPNP IGD Data received""}"
2025-07-25T08:00:39.258422,sensor.upnp_igd_data_sent,2906768758,2906948277,"{""state_class"": ""total_increasing"", ""unit_of_measurement"": ""B"", ""device_class"": ""data_size"", ""friendly_name"": ""UPNP IGD Data sent""}"
2025-07-25T08:00:39.260086,sensor.upnp_igd_packets_received,32596406,32598232,"{""state_class"": ""total_increasing"", ""unit_of_measurement"": ""packets"", ""friendly_name"": ""UPNP IGD Packets received""}"
2025-07-25T08:00:39.261493,sensor.upnp_igd_packets_sent,10447959,10448523,"{""state_class"": ""total_increasing"", ""unit_of_measurement"": ""packets"", ""friendly_name"": ""UPNP IGD Packets sent""}"
2025-07-25T08:00:39.262803,sensor.upnp_igd_uptime,257766,257796,"{""unit_of_measurement"": ""s"", ""device_class"": ""duration"", ""friendly_name"": ""UPNP IGD Uptime""}"
2025-07-25T08:00:39.264242,sensor.upnp_igd_download_speed,22.4657813934772,23.1786673917672,"{""state_class"": ""measurement"", ""unit_of_measurement"": ""KiB/s"", ""device_class"": ""data_rate"", ""friendly_name"": ""UPNP IGD Download speed""}"
2025-07-25T08:00:39.265698,sensor.upnp_igd_upload_speed,10.3156659162495,5.84354233643132,"{""state_class"": ""measurement"", ""unit_of_measurement"": ""KiB/s"", ""device_class"": ""data_rate"", ""friendly_name"": ""UPNP IGD Upload speed""}"
2025-07-25T08:00:39.267072,sensor.upnp_igd_packet_download_speed,66.3348524014533,60.8648427502123,"{""state_class"": ""measurement"", ""unit_of_measurement"": ""packets/s"", ""friendly_name"": ""UPNP IGD Packet download speed""}"
2025-07-25T08:00:39.268541,sensor.upnp_igd_packet_upload_speed,27.9339730213155,18.7994366435486,"{""state_class"": ""measurement"", ""unit_of_measurement"": ""packets/s"", ""friendly_name"": ""UPNP IGD Packet upload speed""}"
2025-07-25T08:01:09.237839,sensor.upnp_igd_data_received,2389202571,2389336507,"{""state_class"": ""total_increasing"", ""unit_of_measurement"": ""B"", ""device_class"": ""data_size"", ""friendly_name"": ""UPNP IGD Data received""}"
2025-07-25T08:01:09.240621,sensor.upnp_igd_data_sent,2906948277,2906994597,"{""state_class"": ""total_increasing"", ""unit_of_measurement"": ""B"", ""device_class"": ""data_size"", ""friendly_name"": ""UPNP IGD Data sent""}"
2025-07-25T08:01:09.242075,sensor.upnp_igd_packets_received,32598232,32599437,"{""state_class"": ""total_increasing"", ""unit_of_measurement"": ""packets"", ""friendly_name"": ""UPNP IGD Packets received""}"
2025-07-25T08:01:09.243625,sensor.upnp_igd_packets_sent,10448523,10448714,"{""state_class"": ""total_increasing"", ""unit_of_measurement"": ""packets"", ""friendly_name"": ""UPNP IGD Packets sent""}"
2025-07-25T08:01:09.245647,sensor.upnp_igd_uptime,257796,257826,"{""unit_of_measurement"": ""s"", ""device_class"": ""duration"", ""friendly_name"": ""UPNP IGD Uptime""}"
2025-07-25T08:01:09.247152,sensor.upnp_igd_download_speed,23.1786673917672,4.35998870109267,"{""state_class"": ""measurement"", ""unit_of_measurement"": ""KiB/s"", ""device_class"": ""data_rate"", ""friendly_name"": ""UPNP IGD Download speed""}"
2025-07-25T08:01:09.248663,sensor.upnp_igd_upload_speed,5.84354233643132,1.50784461709034,"{""state_class"": ""measurement"", ""unit_of_measurement"": ""KiB/s"", ""device_class"": ""data_rate"", ""friendly_name"": ""UPNP IGD Upload speed""}"
2025-07-25T08:01:09.250079,sensor.upnp_igd_packet_download_speed,60.8648427502123,40.1675222348903,"{""state_class"": ""measurement"", ""unit_of_measurement"": ""packets/s"", ""friendly_name"": ""UPNP IGD Packet download speed""}"
2025-07-25T08:01:09.251488,sensor.upnp_igd_packet_upload_speed,18.7994366435486,6.36680227955522,"{""state_class"": ""measurement"", ""unit_of_measurement"": ""packets/s"", ""friendly_name"": ""UPNP IGD Packet upload speed""}"
2025-07-25T08:01:10.259589,automation.aut_status_bruno,on,on,"{""id"": ""1751855857509"", ""last_triggered"": ""2025-07-25T11:01:10.252869+00:00"", ""mode"": ""single"", ""current"": 1, ""friendly_name"": ""aut-status-bruno""}"
2025-07-25T08:01:10.261775,automation.aut_status_bruno,on,on,"{""id"": ""1751855857509"", ""last_triggered"": ""2025-07-25T11:01:10.252869+00:00"", ""mode"": ""single"", ""current"": 0, ""friendly_name"": ""aut-status-bruno""}"
2025-07-25T08:01:39.237933,sensor.upnp_igd_data_received,2389336507,2389415355,"{""state_class"": ""total_increasing"", ""unit_of_measurement"": ""B"", ""device_class"": ""data_size"", ""friendly_name"": ""UPNP IGD Data received""}"
2025-07-25T08:01:39.240364,sensor.upnp_igd_data_sent,2906994597,2907003001,"{""state_class"": ""total_increasing"", ""unit_of_measurement"": ""B"", ""device_class"": ""data_size"", ""friendly_name"": ""UPNP IGD Data sent""}"
2025-07-25T08:01:39.241857,sensor.upnp_igd_packets_received,32599437,32600530,"{""state_class"": ""total_increasing"", ""unit_of_measurement"": ""packets"", ""friendly_name"": ""UPNP IGD Packets received""}"
2025-07-25T08:01:39.243229,sensor.upnp_igd_packets_sent,10448714,10448770,"{""state_class"": ""total_increasing"", ""unit_of_measurement"": ""packets"", ""friendly_name"": ""UPNP IGD Packets sent""}"
2025-07-25T08:01:39.244643,sensor.upnp_igd_uptime,257826,257856,"{""unit_of_measurement"": ""s"", ""device_class"": ""duration"", ""friendly_name"": ""UPNP IGD Uptime""}"
2025-07-25T08:01:39.246167,sensor.upnp_igd_download_speed,4.35998870109267,2.56667796004969,"{""state_class"": ""measurement"", ""unit_of_measurement"": ""KiB/s"", ""device_class"": ""data_rate"", ""friendly_name"": ""UPNP IGD Download speed""}"
2025-07-25T08:01:39.247874,sensor.upnp_igd_upload_speed,1.50784461709034,0.273568912036546,"{""state_class"": ""measurement"", ""unit_of_measurement"": ""KiB/s"", ""device_class"": ""data_rate"", ""friendly_name"": ""UPNP IGD Upload speed""}"
2025-07-25T08:01:39.249714,sensor.upnp_igd_packet_download_speed,40.1675222348903,36.4334936407054,"{""state_class"": ""measurement"", ""unit_of_measurement"": ""packets/s"", ""friendly_name"": ""UPNP IGD Packet download speed""}"
2025-07-25T08:01:39.251202,sensor.upnp_igd_packet_upload_speed,6.36680227955522,1.86667488003614,"{""state_class"": ""measurement"", ""unit_of_measurement"": ""packets/s"", ""friendly_name"": ""UPNP IGD Packet upload speed""}"
2025-07-25T08:02:09.239434,sensor.upnp_igd_data_received,2389415355,2389487346,"{""state_class"": ""total_increasing"", ""unit_of_measurement"": ""B"", ""device_class"": ""data_size"", ""friendly_name"": ""UPNP IGD Data received""}"
2025-07-25T08:02:09.241325,sensor.upnp_igd_data_sent,2907003001,2907008237,"{""state_class"": ""total_increasing"", ""unit_of_measurement"": ""B"", ""device_class"": ""data_size"", ""friendly_name"": ""UPNP IGD Data sent""}"
2025-07-25T08:02:09.242769,sensor.upnp_igd_packets_received,32600530,32601588,"{""state_class"": ""total_increasing"", ""unit_of_measurement"": ""packets"", ""friendly_name"": ""UPNP IGD Packets received""}"
2025-07-25T08:02:09.244211,sensor.upnp_igd_packets_sent,10448770,10448821,"{""state_class"": ""total_increasing"", ""unit_of_measurement"": ""packets"", ""friendly_name"": ""UPNP IGD Packets sent""}"
2025-07-25T08:02:09.245547,sensor.upnp_igd_uptime,257856,257886,"{""unit_of_measurement"": ""s"", ""device_class"": ""duration"", ""friendly_name"": ""UPNP IGD Uptime""}"
2025-07-25T08:02:09.246885,sensor.upnp_igd_download_speed,2.56667796004969,2.34338501121732,"{""state_class"": ""measurement"", ""unit_of_measurement"": ""KiB/s"", ""device_class"": ""data_rate"", ""friendly_name"": ""UPNP IGD Download speed""}"
2025-07-25T08:02:09.248294,sensor.upnp_igd_upload_speed,0.273568912036546,0.170437470221749,"{""state_class"": ""measurement"", ""unit_of_measurement"": ""KiB/s"", ""device_class"": ""data_rate"", ""friendly_name"": ""UPNP IGD Upload speed""}"
2025-07-25T08:02:09.249663,sensor.upnp_igd_packet_download_speed,36.4334936407054,35.2655828377541,"{""state_class"": ""measurement"", ""unit_of_measurement"": ""packets/s"", ""friendly_name"": ""UPNP IGD Packet download speed""}"
2025-07-25T08:02:09.251013,sensor.upnp_igd_packet_upload_speed,1.86667488003614,1.699947754939,"{""state_class"": ""measurement"", ""unit_of_measurement"": ""packets/s"", ""friendly_name"": ""UPNP IGD Packet upload speed""}"
2025-07-25T08:02:10.259808,automation.aut_status_bruno,on,on,"{""id"": ""1751855857509"", ""last_triggered"": ""2025-07-25T11:02:10.252462+00:00"", ""mode"": ""single"", ""current"": 1, ""friendly_name"": ""aut-status-bruno""}"
2025-07-25T08:02:10.263114,automation.aut_status_bruno,on,on,"{""id"": ""1751855857509"", ""last_triggered"": ""2025-07-25T11:02:10.252462+00:00"", ""mode"": ""single"", ""current"": 0, ""friendly_name"": ""aut-status-bruno""}"
2025-07-25T08:02:39.241728,sensor.upnp_igd_data_received,2389487346,2389585692,"{""state_class"": ""total_increasing"", ""unit_of_measurement"": ""B"", ""device_class"": ""data_size"", ""friendly_name"": ""UPNP IGD Data received""}"
2025-07-25T08:02:39.244243,sensor.upnp_igd_data_sent,2907008237,2907034461,"{""state_class"": ""total_increasing"", ""unit_of_measurement"": ""B"", ""device_class"": ""data_size"", ""friendly_name"": ""UPNP IGD Data sent""}"
2025-07-25T08:02:39.245706,sensor.upnp_igd_packets_received,32601588,32602706,"{""state_class"": ""total_increasing"", ""unit_of_measurement"": ""packets"", ""friendly_name"": ""UPNP IGD Packets received""}"
2025-07-25T08:02:39.247049,sensor.upnp_igd_packets_sent,10448821,10448942,"{""state_class"": ""total_increasing"", ""unit_of_measurement"": ""packets"", ""friendly_name"": ""UPNP IGD Packets sent""}"
2025-07-25T08:02:39.248479,sensor.upnp_igd_uptime,257886,257916,"{""unit_of_measurement"": ""s"", ""device_class"": ""duration"", ""friendly_name"": ""UPNP IGD Uptime""}"
2025-07-25T08:02:39.249892,sensor.upnp_igd_download_speed,2.34338501121732,3.20144348856981,"{""state_class"": ""measurement"", ""unit_of_measurement"": ""KiB/s"", ""device_class"": ""data_rate"", ""friendly_name"": ""UPNP IGD Download speed""}"
2025-07-25T08:02:39.251235,sensor.upnp_igd_upload_speed,0.170437470221749,0.853666179043934,"{""state_class"": ""measurement"", ""unit_of_measurement"": ""KiB/s"", ""device_class"": ""data_rate"", ""friendly_name"": ""UPNP IGD Upload speed""}"
2025-07-25T08:02:39.252682,sensor.upnp_igd_packet_download_speed,35.2655828377541,37.2675548767246,"{""state_class"": ""measurement"", ""unit_of_measurement"": ""packets/s"", ""friendly_name"": ""UPNP IGD Packet download speed""}"
2025-07-25T08:02:39.254104,sensor.upnp_igd_packet_upload_speed,1.699947754939,4.03342946340221,"{""state_class"": ""measurement"", ""unit_of_measurement"": ""packets/s"", ""friendly_name"": ""UPNP IGD Packet upload speed""}"
2025-07-25T08:02:52.457332,camera.192_168_0_33,idle,idle,"{""access_token"": ""345de61a8631ed51d9460de17c33519c63eeeeff2a07033d2544d2c1d6753e3b"", ""entity_picture"": ""/api/camera_proxy/camera.192_168_0_33?token=345de61a8631ed51d9460de17c33519c63eeeeff2a07033d2544d2c1d6753e3b"", ""friendly_name"": ""192_168_0_14"", ""supported_features"": 2}"
2025-07-25T08:02:52.462278,camera.admin_mainstream,idle,idle,"{""access_token"": ""7277c2fb7e104aa5cdc0cf306ae44dbef8fc1741d600c7c2718924874bb02aa9"", ""entity_picture"": ""/api/camera_proxy/camera.admin_mainstream?token=7277c2fb7e104aa5cdc0cf306ae44dbef8fc1741d600c7c2718924874bb02aa9"", ""friendly_name"": ""admin MainStream"", ""supported_features"": 2}"
2025-07-25T08:02:52.466230,camera.admin_substream,idle,idle,"{""access_token"": ""3dca852f4de389ee1a6132daeabc76dc3538056df7503a3d1f653fd2161bd6b2"", ""entity_picture"": ""/api/camera_proxy/camera.admin_substream?token=3dca852f4de389ee1a6132daeabc76dc3538056df7503a3d1f653fd2161bd6b2"", ""friendly_name"": ""admin SubStream"", ""supported_features"": 2}"
2025-07-25T08:03:09.239885,sensor.upnp_igd_data_received,2389585692,2390195940,"{""state_class"": ""total_increasing"", ""unit_of_measurement"": ""B"", ""device_class"": ""data_size"", ""friendly_name"": ""UPNP IGD Data received""}"
2025-07-25T08:03:09.241734,sensor.upnp_igd_data_sent,2907034461,2907050364,"{""state_class"": ""total_increasing"", ""unit_of_measurement"": ""B"", ""device_class"": ""data_size"", ""friendly_name"": ""UPNP IGD Data sent""}"
2025-07-25T08:03:09.243225,sensor.upnp_igd_packets_received,32602706,32604153,"{""state_class"": ""total_increasing"", ""unit_of_measurement"": ""packets"", ""friendly_name"": ""UPNP IGD Packets received""}"
2025-07-25T08:03:09.244814,sensor.upnp_igd_packets_sent,10448942,10449094,"{""state_class"": ""total_increasing"", ""unit_of_measurement"": ""packets"", ""friendly_name"": ""UPNP IGD Packets sent""}"
2025-07-25T08:03:09.246177,sensor.upnp_igd_uptime,257916,257946,"{""unit_of_measurement"": ""s"", ""device_class"": ""duration"", ""friendly_name"": ""UPNP IGD Uptime""}"
2025-07-25T08:03:09.247623,sensor.upnp_igd_download_speed,3.20144348856981,19.8650251838967,"{""state_class"": ""measurement"", ""unit_of_measurement"": ""KiB/s"", ""device_class"": ""data_rate"", ""friendly_name"": ""UPNP IGD Download speed""}"
2025-07-25T08:03:09.249019,sensor.upnp_igd_upload_speed,0.853666179043934,0.517680509398653,"{""state_class"": ""measurement"", ""unit_of_measurement"": ""KiB/s"", ""device_class"": ""data_rate"", ""friendly_name"": ""UPNP IGD Upload speed""}"
2025-07-25T08:03:09.250349,sensor.upnp_igd_packet_download_speed,37.2675548767246,48.233773868468,"{""state_class"": ""measurement"", ""unit_of_measurement"": ""packets/s"", ""friendly_name"": ""UPNP IGD Packet download speed""}"
2025-07-25T08:03:09.251786,sensor.upnp_igd_packet_upload_speed,4.03342946340221,5.06671294264488,"{""state_class"": ""measurement"", ""unit_of_measurement"": ""packets/s"", ""friendly_name"": ""UPNP IGD Packet upload speed""}"
2025-07-25T08:03:10.131876,sun.sun,above_horizon,above_horizon,"{""next_dawn"": ""2025-07-26T08:32:54.909961+00:00"", ""next_dusk"": ""2025-07-25T20:48:15.098712+00:00"", ""next_midnight"": ""2025-07-26T02:40:37+00:00"", ""next_noon"": ""2025-07-25T14:40:37+00:00"", ""next_rising"": ""2025-07-26T08:55:47.118508+00:00"", ""next_setting"": ""2025-07-25T20:25:21.448131+00:00"", ""elevation"": 27.4, ""azimuth"": 59.6, ""rising"": true, ""friendly_name"": ""Sun""}"
2025-07-25T08:03:10.260388,automation.aut_status_bruno,on,on,"{""id"": ""1751855857509"", ""last_triggered"": ""2025-07-25T11:03:10.253140+00:00"", ""mode"": ""single"", ""current"": 1, ""friendly_name"": ""aut-status-bruno""}"
2025-07-25T08:03:10.262647,automation.aut_status_bruno,on,on,"{""id"": ""1751855857509"", ""last_triggered"": ""2025-07-25T11:03:10.253140+00:00"", ""mode"": ""single"", ""current"": 0, ""friendly_name"": ""aut-status-bruno""}"
2025-07-25T08:03:39.242828,sensor.upnp_igd_data_received,2390195940,2390267041,"{""state_class"": ""total_increasing"", ""unit_of_measurement"": ""B"", ""device_class"": ""data_size"", ""friendly_name"": ""UPNP IGD Data received""}"
2025-07-25T08:03:39.247503,sensor.upnp_igd_data_sent,2907050364,2907057355,"{""state_class"": ""total_increasing"", ""unit_of_measurement"": ""B"", ""device_class"": ""data_size"", ""friendly_name"": ""UPNP IGD Data sent""}"
2025-07-25T08:03:39.249027,sensor.upnp_igd_packets_received,32604153,32605175,"{""state_class"": ""total_increasing"", ""unit_of_measurement"": ""packets"", ""friendly_name"": ""UPNP IGD Packets received""}"
2025-07-25T08:03:39.250401,sensor.upnp_igd_packets_sent,10449094,10449139,"{""state_class"": ""total_increasing"", ""unit_of_measurement"": ""packets"", ""friendly_name"": ""UPNP IGD Packets sent""}"
2025-07-25T08:03:39.251787,sensor.upnp_igd_uptime,257946,257976,"{""unit_of_measurement"": ""s"", ""device_class"": ""duration"", ""friendly_name"": ""UPNP IGD Uptime""}"
2025-07-25T08:03:39.253200,sensor.upnp_igd_download_speed,19.8650251838967,2.31448968886546,"{""state_class"": ""measurement"", ""unit_of_measurement"": ""KiB/s"", ""device_class"": ""data_rate"", ""friendly_name"": ""UPNP IGD Download speed""}"
2025-07-25T08:03:39.254658,sensor.upnp_igd_upload_speed,0.517680509398653,0.227572009041482,"{""state_class"": ""measurement"", ""unit_of_measurement"": ""KiB/s"", ""device_class"": ""data_rate"", ""friendly_name"": ""UPNP IGD Upload speed""}"
2025-07-25T08:03:39.256081,sensor.upnp_igd_packet_download_speed,48.233773868468,34.0667257156579,"{""state_class"": ""measurement"", ""unit_of_measurement"": ""packets/s"", ""friendly_name"": ""UPNP IGD Packet download speed""}"
2025-07-25T08:03:39.257450,sensor.upnp_igd_packet_upload_speed,5.06671294264488,1.50000260000451,"{""state_class"": ""measurement"", ""unit_of_measurement"": ""packets/s"", ""friendly_name"": ""UPNP IGD Packet upload speed""}"
2025-07-25T08:04:09.243382,sensor.upnp_igd_data_received,2390267041,2390348842,"{""state_class"": ""total_increasing"", ""unit_of_measurement"": ""B"", ""device_class"": ""data_size"", ""friendly_name"": ""UPNP IGD Data received""}"
2025-07-25T08:04:09.245376,sensor.upnp_igd_data_sent,2907057355,2907106503,"{""state_class"": ""total_increasing"", ""unit_of_measurement"": ""B"", ""device_class"": ""data_size"", ""friendly_name"": ""UPNP IGD Data sent""}"
2025-07-25T08:04:09.247177,sensor.upnp_igd_packets_received,32605175,32606306,"{""state_class"": ""total_increasing"", ""unit_of_measurement"": ""packets"", ""friendly_name"": ""UPNP IGD Packets received""}"
2025-07-25T08:04:09.249132,sensor.upnp_igd_packets_sent,10449139,10449274,"{""state_class"": ""total_increasing"", ""unit_of_measurement"": ""packets"", ""friendly_name"": ""UPNP IGD Packets sent""}"
2025-07-25T08:04:09.250922,sensor.upnp_igd_uptime,257976,258006,"{""unit_of_measurement"": ""s"", ""device_class"": ""duration"", ""friendly_name"": ""UPNP IGD Uptime""}"
2025-07-25T08:04:09.252831,sensor.upnp_igd_download_speed,2.31448968886546,2.66270421194293,"{""state_class"": ""measurement"", ""unit_of_measurement"": ""KiB/s"", ""device_class"": ""data_rate"", ""friendly_name"": ""UPNP IGD Download speed""}"
2025-07-25T08:04:09.254762,sensor.upnp_igd_upload_speed,0.227572009041482,1.59981646445118,"{""state_class"": ""measurement"", ""unit_of_measurement"": ""KiB/s"", ""device_class"": ""data_rate"", ""friendly_name"": ""UPNP IGD Upload speed""}"
2025-07-25T08:04:09.256568,sensor.upnp_igd_packet_download_speed,34.0667257156579,37.6987433752208,"{""state_class"": ""measurement"", ""unit_of_measurement"": ""packets/s"", ""friendly_name"": ""UPNP IGD Packet download speed""}"
2025-07-25T08:04:09.258316,sensor.upnp_igd_packet_upload_speed,1.50000260000451,4.49985000499983,"{""state_class"": ""measurement"", ""unit_of_measurement"": ""packets/s"", ""friendly_name"": ""UPNP IGD Packet upload speed""}"
2025-07-25T08:04:10.259163,automation.aut_status_bruno,on,on,"{""id"": ""1751855857509"", ""last_triggered"": ""2025-07-25T11:04:10.252765+00:00"", ""mode"": ""single"", ""current"": 1, ""friendly_name"": ""aut-status-bruno""}"
2025-07-25T08:04:10.261542,automation.aut_status_bruno,on,on,"{""id"": ""1751855857509"", ""last_triggered"": ""2025-07-25T11:04:10.252765+00:00"", ""mode"": ""single"", ""current"": 0, ""friendly_name"": ""aut-status-bruno""}"
2025-07-25T08:04:39.244496,sensor.upnp_igd_data_received,2390348842,2390427174,"{""state_class"": ""total_increasing"", ""unit_of_measurement"": ""B"", ""device_class"": ""data_size"", ""friendly_name"": ""UPNP IGD Data received""}"
2025-07-25T08:04:39.246608,sensor.upnp_igd_data_sent,2907106503,2907116348,"{""state_class"": ""total_increasing"", ""unit_of_measurement"": ""B"", ""device_class"": ""data_size"", ""friendly_name"": ""UPNP IGD Data sent""}"
2025-07-25T08:04:39.248468,sensor.upnp_igd_packets_received,32606306,32607386,"{""state_class"": ""total_increasing"", ""unit_of_measurement"": ""packets"", ""friendly_name"": ""UPNP IGD Packets received""}"
2025-07-25T08:04:39.250191,sensor.upnp_igd_packets_sent,10449274,10449348,"{""state_class"": ""total_increasing"", ""unit_of_measurement"": ""packets"", ""friendly_name"": ""UPNP IGD Packets sent""}"
2025-07-25T08:04:39.252405,sensor.upnp_igd_uptime,258006,258036,"{""unit_of_measurement"": ""s"", ""device_class"": ""duration"", ""friendly_name"": ""UPNP IGD Uptime""}"
2025-07-25T08:04:39.254195,sensor.upnp_igd_download_speed,2.66270421194293,2.54987438144055,"{""state_class"": ""measurement"", ""unit_of_measurement"": ""KiB/s"", ""device_class"": ""data_rate"", ""friendly_name"": ""UPNP IGD Download speed""}"
2025-07-25T08:04:39.256035,sensor.upnp_igd_upload_speed,1.59981646445118,0.320475837273174,"{""state_class"": ""measurement"", ""unit_of_measurement"": ""KiB/s"", ""device_class"": ""data_rate"", ""friendly_name"": ""UPNP IGD Upload speed""}"
2025-07-25T08:04:39.257861,sensor.upnp_igd_packet_download_speed,37.6987433752208,36.0000648001166,"{""state_class"": ""measurement"", ""unit_of_measurement"": ""packets/s"", ""friendly_name"": ""UPNP IGD Packet download speed""}"
2025-07-25T08:04:39.259698,sensor.upnp_igd_packet_upload_speed,4.49985000499983,2.46667110667466,"{""state_class"": ""measurement"", ""unit_of_measurement"": ""packets/s"", ""friendly_name"": ""UPNP IGD Packet upload speed""}"
2025-07-25T08:05:09.286856,sensor.upnp_igd_data_received,2390427174,2390499978,"{""state_class"": ""total_increasing"", ""unit_of_measurement"": ""B"", ""device_class"": ""data_size"", ""friendly_name"": ""UPNP IGD Data received""}"
2025-07-25T08:05:09.292891,sensor.upnp_igd_data_sent,2907116348,2907121536,"{""state_class"": ""total_increasing"", ""unit_of_measurement"": ""B"", ""device_class"": ""data_size"", ""friendly_name"": ""UPNP IGD Data sent""}"
2025-07-25T08:05:09.299802,sensor.upnp_igd_packets_received,32607386,32608461,"{""state_class"": ""total_increasing"", ""unit_of_measurement"": ""packets"", ""friendly_name"": ""UPNP IGD Packets received""}"
2025-07-25T08:05:09.303276,sensor.upnp_igd_packets_sent,10449348,10449399,"{""state_class"": ""total_increasing"", ""unit_of_measurement"": ""packets"", ""friendly_name"": ""UPNP IGD Packets sent""}"
2025-07-25T08:05:09.306706,sensor.upnp_igd_uptime,258036,258066,"{""unit_of_measurement"": ""s"", ""device_class"": ""duration"", ""friendly_name"": ""UPNP IGD Uptime""}"
2025-07-25T08:05:09.308662,sensor.upnp_igd_download_speed,2.54987438144055,2.36992495590244,"{""state_class"": ""measurement"", ""unit_of_measurement"": ""KiB/s"", ""device_class"": ""data_rate"", ""friendly_name"": ""UPNP IGD Download speed""}"
2025-07-25T08:05:09.310471,sensor.upnp_igd_upload_speed,0.320475837273174,0.16888042787789,"{""state_class"": ""measurement"", ""unit_of_measurement"": ""KiB/s"", ""device_class"": ""data_rate"", ""friendly_name"": ""UPNP IGD Upload speed""}"
2025-07-25T08:05:09.312279,sensor.upnp_igd_packet_download_speed,36.0000648001166,35.8333799167272,"{""state_class"": ""measurement"", ""unit_of_measurement"": ""packets/s"", ""friendly_name"": ""UPNP IGD Packet download speed""}"
2025-07-25T08:05:09.314030,sensor.upnp_igd_packet_upload_speed,2.46667110667466,1.70000221000287,"{""state_class"": ""measurement"", ""unit_of_measurement"": ""packets/s"", ""friendly_name"": ""UPNP IGD Packet upload speed""}"
2025-07-25T08:05:10.259183,automation.aut_status_bruno,on,on,"{""id"": ""1751855857509"", ""last_triggered"": ""2025-07-25T11:05:10.252758+00:00"", ""mode"": ""single"", ""current"": 1, ""friendly_name"": ""aut-status-bruno""}"
2025-07-25T08:05:10.261539,automation.aut_status_bruno,on,on,"{""id"": ""1751855857509"", ""last_triggered"": ""2025-07-25T11:05:10.252758+00:00"", ""mode"": ""single"", ""current"": 0, ""friendly_name"": ""aut-status-bruno""}"
2025-07-25T08:05:39.242359,sensor.upnp_igd_data_received,2390499978,2390579888,"{""state_class"": ""total_increasing"", ""unit_of_measurement"": ""B"", ""device_class"": ""data_size"", ""friendly_name"": ""UPNP IGD Data received""}"
2025-07-25T08:05:39.245275,sensor.upnp_igd_data_sent,2907121536,2907134836,"{""state_class"": ""total_increasing"", ""unit_of_measurement"": ""B"", ""device_class"": ""data_size"", ""friendly_name"": ""UPNP IGD Data sent""}"
2025-07-25T08:05:39.246925,sensor.upnp_igd_packets_received,32608461,32609529,"{""state_class"": ""total_increasing"", ""unit_of_measurement"": ""packets"", ""friendly_name"": ""UPNP IGD Packets received""}"
2025-07-25T08:05:39.248630,sensor.upnp_igd_packets_sent,10449399,10449490,"{""state_class"": ""total_increasing"", ""unit_of_measurement"": ""packets"", ""friendly_name"": ""UPNP IGD Packets sent""}"
2025-07-25T08:05:39.251691,sensor.upnp_igd_uptime,258066,258096,"{""unit_of_measurement"": ""s"", ""device_class"": ""duration"", ""friendly_name"": ""UPNP IGD Uptime""}"
2025-07-25T08:05:39.253613,sensor.upnp_igd_download_speed,2.36992495590244,2.60122674767479,"{""state_class"": ""measurement"", ""unit_of_measurement"": ""KiB/s"", ""device_class"": ""data_rate"", ""friendly_name"": ""UPNP IGD Download speed""}"
2025-07-25T08:05:39.255560,sensor.upnp_igd_upload_speed,0.16888042787789,0.432941005432045,"{""state_class"": ""measurement"", ""unit_of_measurement"": ""KiB/s"", ""device_class"": ""data_rate"", ""friendly_name"": ""UPNP IGD Upload speed""}"
2025-07-25T08:05:39.257436,sensor.upnp_igd_packet_download_speed,35.8333799167272,35.5998599738841,"{""state_class"": ""measurement"", ""unit_of_measurement"": ""packets/s"", ""friendly_name"": ""UPNP IGD Packet download speed""}"
2025-07-25T08:05:39.259186,sensor.upnp_igd_packet_upload_speed,1.70000221000287,3.03332140226915,"{""state_class"": ""measurement"", ""unit_of_measurement"": ""packets/s"", ""friendly_name"": ""UPNP IGD Packet upload speed""}"
2025-07-25T08:05:45.587063,sensor.tauntaum_energy,222.585,222.587,"{""state_class"": ""total_increasing"", ""unit_of_measurement"": ""kWh"", ""device_class"": ""energy"", ""friendly_name"": ""Tauntaum Energy""}"
2025-07-25T08:05:45.589087,sensor.tauntaum_power,72,1,"{""state_class"": ""measurement"", ""power_consumption_start"": ""2025-07-25T10:49:00Z"", ""power_consumption_end"": ""2025-07-25T11:05:45Z"", ""unit_of_measurement"": ""W"", ""device_class"": ""power"", ""friendly_name"": ""Tauntaum Power""}"
2025-07-25T08:05:45.590739,sensor.tauntaum_energy_difference,0.017,0.002,"{""state_class"": ""total"", ""unit_of_measurement"": ""kWh"", ""device_class"": ""energy"", ""friendly_name"": ""Tauntaum Energy difference""}"
2025-07-25T08:05:45.592310,sensor.tauntaum_power_energy,0.0136835222213136,0.0201094000005722,"{""state_class"": ""total"", ""unit_of_measurement"": ""kWh"", ""device_class"": ""energy"", ""friendly_name"": ""Tauntaum Power energy""}"
2025-07-25T08:05:45.593859,sensor.tauntaum_energy_saved,0.002,0.0,"{""state_class"": ""total_increasing"", ""unit_of_measurement"": ""kWh"", ""device_class"": ""energy"", ""friendly_name"": ""Tauntaum Energy saved""}"
2025-07-25T08:06:09.244221,sensor.upnp_igd_data_received,2390579888,2390654719,"{""state_class"": ""total_increasing"", ""unit_of_measurement"": ""B"", ""device_class"": ""data_size"", ""friendly_name"": ""UPNP IGD Data received""}"
2025-07-25T08:06:09.245946,sensor.upnp_igd_data_sent,2907134836,2907144884,"{""state_class"": ""total_increasing"", ""unit_of_measurement"": ""B"", ""device_class"": ""data_size"", ""friendly_name"": ""UPNP IGD Data sent""}"
2025-07-25T08:06:09.247726,sensor.upnp_igd_packets_received,32609529,32610611,"{""state_class"": ""total_increasing"", ""unit_of_measurement"": ""packets"", ""friendly_name"": ""UPNP IGD Packets received""}"
2025-07-25T08:06:09.249391,sensor.upnp_igd_packets_sent,10449490,10449570,"{""state_class"": ""total_increasing"", ""unit_of_measurement"": ""packets"", ""friendly_name"": ""UPNP IGD Packets sent""}"
2025-07-25T08:06:09.251058,sensor.upnp_igd_uptime,258096,258126,"{""unit_of_measurement"": ""s"", ""device_class"": ""duration"", ""friendly_name"": ""UPNP IGD Uptime""}"
2025-07-25T08:06:09.252949,sensor.upnp_igd_download_speed,2.60122674767479,2.4359729115609,"{""state_class"": ""measurement"", ""unit_of_measurement"": ""KiB/s"", ""device_class"": ""data_rate"", ""friendly_name"": ""UPNP IGD Download speed""}"
2025-07-25T08:06:09.254666,sensor.upnp_igd_upload_speed,0.432941005432045,0.327092459212945,"{""state_class"": ""measurement"", ""unit_of_measurement"": ""KiB/s"", ""device_class"": ""data_rate"", ""friendly_name"": ""UPNP IGD Upload speed""}"
2025-07-25T08:06:09.256557,sensor.upnp_igd_packet_download_speed,35.5998599738841,36.0676729547421,"{""state_class"": ""measurement"", ""unit_of_measurement"": ""packets/s"", ""friendly_name"": ""UPNP IGD Packet download speed""}"
2025-07-25T08:06:09.258418,sensor.upnp_igd_packet_upload_speed,3.03332140226915,2.66674106874248,"{""state_class"": ""measurement"", ""unit_of_measurement"": ""packets/s"", ""friendly_name"": ""UPNP IGD Packet upload speed""}"
2025-07-25T08:06:10.258747,automation.aut_status_bruno,on,on,"{""id"": ""1751855857509"", ""last_triggered"": ""2025-07-25T11:06:10.252317+00:00"", ""mode"": ""single"", ""current"": 1, ""friendly_name"": ""aut-status-bruno""}"
2025-07-25T08:06:10.261095,automation.aut_status_bruno,on,on,"{""id"": ""1751855857509"", ""last_triggered"": ""2025-07-25T11:06:10.252317+00:00"", ""mode"": ""single"", ""current"": 0, ""friendly_name"": ""aut-status-bruno""}"
2025-07-25T08:06:39.243574,sensor.upnp_igd_data_received,2390654719,2390732586,"{""state_class"": ""total_increasing"", ""unit_of_measurement"": ""B"", ""device_class"": ""data_size"", ""friendly_name"": ""UPNP IGD Data received""}"
2025-07-25T08:06:39.246816,sensor.upnp_igd_data_sent,2907144884,2907158217,"{""state_class"": ""total_increasing"", ""unit_of_measurement"": ""B"", ""device_class"": ""data_size"", ""friendly_name"": ""UPNP IGD Data sent""}"
2025-07-25T08:06:39.248583,sensor.upnp_igd_packets_received,32610611,32611629,"{""state_class"": ""total_increasing"", ""unit_of_measurement"": ""packets"", ""friendly_name"": ""UPNP IGD Packets received""}"
2025-07-25T08:06:39.250198,sensor.upnp_igd_packets_sent,10449570,10449655,"{""state_class"": ""total_increasing"", ""unit_of_measurement"": ""packets"", ""friendly_name"": ""UPNP IGD Packets sent""}"
2025-07-25T08:06:39.251818,sensor.upnp_igd_uptime,258126,258156,"{""unit_of_measurement"": ""s"", ""device_class"": ""duration"", ""friendly_name"": ""UPNP IGD Uptime""}"
2025-07-25T08:06:39.253526,sensor.upnp_igd_download_speed,2.4359729115609,2.53463785502125,"{""state_class"": ""measurement"", ""unit_of_measurement"": ""KiB/s"", ""device_class"": ""data_rate"", ""friendly_name"": ""UPNP IGD Download speed""}"
2025-07-25T08:06:39.255133,sensor.upnp_igd_upload_speed,0.327092459212945,0.434000623126591,"{""state_class"": ""measurement"", ""unit_of_measurement"": ""KiB/s"", ""device_class"": ""data_rate"", ""friendly_name"": ""UPNP IGD Upload speed""}"
2025-07-25T08:06:39.256779,sensor.upnp_igd_packet_download_speed,36.0676729547421,33.9320586189979,"{""state_class"": ""measurement"", ""unit_of_measurement"": ""packets/s"", ""friendly_name"": ""UPNP IGD Packet download speed""}"
2025-07-25T08:06:39.258401,sensor.upnp_igd_packet_upload_speed,2.66674106874248,2.83322689844285,"{""state_class"": ""measurement"", ""unit_of_measurement"": ""packets/s"", ""friendly_name"": ""UPNP IGD Packet upload speed""}"
2025-07-25T08:07:09.253555,sensor.upnp_igd_data_received,2390732586,2390969708,"{""state_class"": ""total_increasing"", ""unit_of_measurement"": ""B"", ""device_class"": ""data_size"", ""friendly_name"": ""UPNP IGD Data received""}"
2025-07-25T08:07:09.256883,sensor.upnp_igd_data_sent,2907158217,2907245567,"{""state_class"": ""total_increasing"", ""unit_of_measurement"": ""B"", ""device_class"": ""data_size"", ""friendly_name"": ""UPNP IGD Data sent""}"
2025-07-25T08:07:09.258622,sensor.upnp_igd_packets_received,32611629,32612933,"{""state_class"": ""total_increasing"", ""unit_of_measurement"": ""packets"", ""friendly_name"": ""UPNP IGD Packets received""}"
2025-07-25T08:07:09.260421,sensor.upnp_igd_packets_sent,10449655,10449961,"{""state_class"": ""total_increasing"", ""unit_of_measurement"": ""packets"", ""friendly_name"": ""UPNP IGD Packets sent""}"
2025-07-25T08:07:09.262018,sensor.upnp_igd_uptime,258156,258186,"{""unit_of_measurement"": ""s"", ""device_class"": ""duration"", ""friendly_name"": ""UPNP IGD Uptime""}"
2025-07-25T08:07:09.263756,sensor.upnp_igd_download_speed,2.53463785502125,7.71908115516382,"{""state_class"": ""measurement"", ""unit_of_measurement"": ""KiB/s"", ""device_class"": ""data_rate"", ""friendly_name"": ""UPNP IGD Download speed""}"
2025-07-25T08:07:09.265448,sensor.upnp_igd_upload_speed,0.434000623126591,2.84352248590835,"{""state_class"": ""measurement"", ""unit_of_measurement"": ""KiB/s"", ""device_class"": ""data_rate"", ""friendly_name"": ""UPNP IGD Upload speed""}"
2025-07-25T08:07:09.267065,sensor.upnp_igd_packet_download_speed,33.9320586189979,43.4681648694158,"{""state_class"": ""measurement"", ""unit_of_measurement"": ""packets/s"", ""friendly_name"": ""UPNP IGD Packet download speed""}"
2025-07-25T08:07:09.268779,sensor.upnp_igd_packet_upload_speed,2.83322689844285,10.2003515721175,"{""state_class"": ""measurement"", ""unit_of_measurement"": ""packets/s"", ""friendly_name"": ""UPNP IGD Packet upload speed""}"
2025-07-25T08:07:10.133093,sun.sun,above_horizon,above_horizon,"{""next_dawn"": ""2025-07-26T08:32:54.909961+00:00"", ""next_dusk"": ""2025-07-25T20:48:15.098712+00:00"", ""next_midnight"": ""2025-07-26T02:40:37+00:00"", ""next_noon"": ""2025-07-25T14:40:37+00:00"", ""next_rising"": ""2025-07-26T08:55:47.118508+00:00"", ""next_setting"": ""2025-07-25T20:25:21.448131+00:00"", ""elevation"": 28.24, ""azimuth"": 59.11, ""rising"": true, ""friendly_name"": ""Sun""}"
2025-07-25T08:07:10.269517,automation.aut_status_bruno,on,on,"{""id"": ""1751855857509"", ""last_triggered"": ""2025-07-25T11:07:10.253230+00:00"", ""mode"": ""single"", ""current"": 1, ""friendly_name"": ""aut-status-bruno""}"
2025-07-25T08:07:10.274311,automation.aut_status_bruno,on,on,"{""id"": ""1751855857509"", ""last_triggered"": ""2025-07-25T11:07:10.253230+00:00"", ""mode"": ""single"", ""current"": 0, ""friendly_name"": ""aut-status-bruno""}"
2025-07-25T08:07:39.239077,sensor.upnp_igd_data_received,2390969708,2391519797,"{""state_class"": ""total_increasing"", ""unit_of_measurement"": ""B"", ""device_class"": ""data_size"", ""friendly_name"": ""UPNP IGD Data received""}"
2025-07-25T08:07:39.242461,sensor.upnp_igd_data_sent,2907245567,2907287126,"{""state_class"": ""total_increasing"", ""unit_of_measurement"": ""B"", ""device_class"": ""data_size"", ""friendly_name"": ""UPNP IGD Data sent""}"
2025-07-25T08:07:39.244200,sensor.upnp_igd_packets_received,32612933,32614459,"{""state_class"": ""total_increasing"", ""unit_of_measurement"": ""packets"", ""friendly_name"": ""UPNP IGD Packets received""}"
2025-07-25T08:07:39.245830,sensor.upnp_igd_packets_sent,10449961,10450210,"{""state_class"": ""total_increasing"", ""unit_of_measurement"": ""packets"", ""friendly_name"": ""UPNP IGD Packets sent""}"
2025-07-25T08:07:39.248041,sensor.upnp_igd_uptime,258186,258216,"{""unit_of_measurement"": ""s"", ""device_class"": ""duration"", ""friendly_name"": ""UPNP IGD Uptime""}"
2025-07-25T08:07:39.249854,sensor.upnp_igd_download_speed,7.71908115516382,17.9067112918361,"{""state_class"": ""measurement"", ""unit_of_measurement"": ""KiB/s"", ""device_class"": ""data_rate"", ""friendly_name"": ""UPNP IGD Download speed""}"
2025-07-25T08:07:39.251630,sensor.upnp_igd_upload_speed,2.84352248590835,1.35284474799063,"{""state_class"": ""measurement"", ""unit_of_measurement"": ""KiB/s"", ""device_class"": ""data_rate"", ""friendly_name"": ""UPNP IGD Upload speed""}"
2025-07-25T08:07:39.253300,sensor.upnp_igd_packet_download_speed,43.4681648694158,50.8671448178279,"{""state_class"": ""measurement"", ""unit_of_measurement"": ""packets/s"", ""friendly_name"": ""UPNP IGD Packet download speed""}"
2025-07-25T08:07:39.254962,sensor.upnp_igd_packet_upload_speed,10.2003515721175,8.30007802073339,"{""state_class"": ""measurement"", ""unit_of_measurement"": ""packets/s"", ""friendly_name"": ""UPNP IGD Packet upload speed""}"
2025-07-25T08:07:49.090665,media_player.dlna_b13_box,unavailable,unknown,"{""friendly_name"": ""DLNA-B13 Box"", ""supported_features"": 512575}"
2025-07-25T08:07:52.458834,camera.192_168_0_33,idle,idle,"{""access_token"": ""7479d42da184674bc53f1a85d72135c5685eb2ca8b048a9f10daff82011aceb4"", ""entity_picture"": ""/api/camera_proxy/camera.192_168_0_33?token=7479d42da184674bc53f1a85d72135c5685eb2ca8b048a9f10daff82011aceb4"", ""friendly_name"": ""192_168_0_14"", ""supported_features"": 2}"
2025-07-25T08:07:52.465159,camera.admin_mainstream,idle,idle,"{""access_token"": ""7c8dd45c618f44359be6bbb5ae58fa9023facfad6bfbfeae51fa46d26f692e49"", ""entity_picture"": ""/api/camera_proxy/camera.admin_mainstream?token=7c8dd45c618f44359be6bbb5ae58fa9023facfad6bfbfeae51fa46d26f692e49"", ""friendly_name"": ""admin MainStream"", ""supported_features"": 2}"
2025-07-25T08:07:52.468958,camera.admin_substream,idle,idle,"{""access_token"": ""ea3765db7dfde418a017e704c465f934c00c5067a4a4d75f45838a518e447e74"", ""entity_picture"": ""/api/camera_proxy/camera.admin_substream?token=ea3765db7dfde418a017e704c465f934c00c5067a4a4d75f45838a518e447e74"", ""friendly_name"": ""admin SubStream"", ""supported_features"": 2}"
2025-07-25T08:08:01.788576,media_player.dlna_b13_box,unknown,unavailable,"{""friendly_name"": ""DLNA-B13 Box"", ""supported_features"": 512575}"
2025-07-25T08:08:09.242084,sensor.upnp_igd_data_received,2391519797,2392123039,"{""state_class"": ""total_increasing"", ""unit_of_measurement"": ""B"", ""device_class"": ""data_size"", ""friendly_name"": ""UPNP IGD Data received""}"
2025-07-25T08:08:09.243832,sensor.upnp_igd_data_sent,2907287126,2907342653,"{""state_class"": ""total_increasing"", ""unit_of_measurement"": ""B"", ""device_class"": ""data_size"", ""friendly_name"": ""UPNP IGD Data sent""}"
2025-07-25T08:08:09.245436,sensor.upnp_igd_packets_received,32614459,32615927,"{""state_class"": ""total_increasing"", ""unit_of_measurement"": ""packets"", ""friendly_name"": ""UPNP IGD Packets received""}"
2025-07-25T08:08:09.247009,sensor.upnp_igd_packets_sent,10450210,10450383,"{""state_class"": ""total_increasing"", ""unit_of_measurement"": ""packets"", ""friendly_name"": ""UPNP IGD Packets sent""}"
2025-07-25T08:08:09.248664,sensor.upnp_igd_uptime,258216,258246,"{""unit_of_measurement"": ""s"", ""device_class"": ""duration"", ""friendly_name"": ""UPNP IGD Uptime""}"
2025-07-25T08:08:09.250347,sensor.upnp_igd_download_speed,17.9067112918361,19.6362150584705,"{""state_class"": ""measurement"", ""unit_of_measurement"": ""KiB/s"", ""device_class"": ""data_rate"", ""friendly_name"": ""UPNP IGD Download speed""}"
2025-07-25T08:08:09.252103,sensor.upnp_igd_upload_speed,1.35284474799063,1.80746717495083,"{""state_class"": ""measurement"", ""unit_of_measurement"": ""KiB/s"", ""device_class"": ""data_rate"", ""friendly_name"": ""UPNP IGD Upload speed""}"
2025-07-25T08:08:09.253780,sensor.upnp_igd_packet_download_speed,50.8671448178279,48.931915938835,"{""state_class"": ""measurement"", ""unit_of_measurement"": ""packets/s"", ""friendly_name"": ""UPNP IGD Packet download speed""}"
2025-07-25T08:08:09.255445,sensor.upnp_igd_packet_upload_speed,8.30007802073339,5.76649963039404,"{""state_class"": ""measurement"", ""unit_of_measurement"": ""packets/s"", ""friendly_name"": ""UPNP IGD Packet upload speed""}"
2025-07-25T08:08:10.260604,automation.aut_status_bruno,on,on,"{""id"": ""1751855857509"", ""last_triggered"": ""2025-07-25T11:08:10.254185+00:00"", ""mode"": ""single"", ""current"": 1, ""friendly_name"": ""aut-status-bruno""}"
2025-07-25T08:08:10.263595,automation.aut_status_bruno,on,on,"{""id"": ""1751855857509"", ""last_triggered"": ""2025-07-25T11:08:10.254185+00:00"", ""mode"": ""single"", ""current"": 0, ""friendly_name"": ""aut-status-bruno""}"
2025-07-25T08:08:39.239868,sensor.upnp_igd_data_received,2392123039,2392195975,"{""state_class"": ""total_increasing"", ""unit_of_measurement"": ""B"", ""device_class"": ""data_size"", ""friendly_name"": ""UPNP IGD Data received""}"
2025-07-25T08:08:39.244376,sensor.upnp_igd_data_sent,2907342653,2907350941,"{""state_class"": ""total_increasing"", ""unit_of_measurement"": ""B"", ""device_class"": ""data_size"", ""friendly_name"": ""UPNP IGD Data sent""}"
2025-07-25T08:08:39.246182,sensor.upnp_igd_packets_received,32615927,32616973,"{""state_class"": ""total_increasing"", ""unit_of_measurement"": ""packets"", ""friendly_name"": ""UPNP IGD Packets received""}"
2025-07-25T08:08:39.247972,sensor.upnp_igd_packets_sent,10450383,10450439,"{""state_class"": ""total_increasing"", ""unit_of_measurement"": ""packets"", ""friendly_name"": ""UPNP IGD Packets sent""}"
2025-07-25T08:08:39.249593,sensor.upnp_igd_uptime,258246,258276,"{""unit_of_measurement"": ""s"", ""device_class"": ""duration"", ""friendly_name"": ""UPNP IGD Uptime""}"
2025-07-25T08:08:39.251263,sensor.upnp_igd_download_speed,19.6362150584705,2.37424059301346,"{""state_class"": ""measurement"", ""unit_of_measurement"": ""KiB/s"", ""device_class"": ""data_rate"", ""friendly_name"": ""UPNP IGD Download speed""}"
2025-07-25T08:08:39.253093,sensor.upnp_igd_upload_speed,1.80746717495083,0.269794148772835,"{""state_class"": ""measurement"", ""unit_of_measurement"": ""KiB/s"", ""device_class"": ""data_rate"", ""friendly_name"": ""UPNP IGD Upload speed""}"
2025-07-25T08:08:39.254769,sensor.upnp_igd_packet_download_speed,48.931915938835,34.8669874429511,"{""state_class"": ""measurement"", ""unit_of_measurement"": ""packets/s"", ""friendly_name"": ""UPNP IGD Packet download speed""}"
2025-07-25T08:08:39.256471,sensor.upnp_igd_packet_upload_speed,5.76649963039404,1.866683840158,"{""state_class"": ""measurement"", ""unit_of_measurement"": ""packets/s"", ""friendly_name"": ""UPNP IGD Packet upload speed""}"
2025-07-25T08:09:09.244441,sensor.upnp_igd_data_received,2392195975,2392328778,"{""state_class"": ""total_increasing"", ""unit_of_measurement"": ""B"", ""device_class"": ""data_size"", ""friendly_name"": ""UPNP IGD Data received""}"
2025-07-25T08:09:09.246340,sensor.upnp_igd_data_sent,2907350941,2907394006,"{""state_class"": ""total_increasing"", ""unit_of_measurement"": ""B"", ""device_class"": ""data_size"", ""friendly_name"": ""UPNP IGD Data sent""}"
2025-07-25T08:09:09.248084,sensor.upnp_igd_packets_received,32616973,32618197,"{""state_class"": ""total_increasing"", ""unit_of_measurement"": ""packets"", ""friendly_name"": ""UPNP IGD Packets received""}"
2025-07-25T08:09:09.249753,sensor.upnp_igd_packets_sent,10450439,10450661,"{""state_class"": ""total_increasing"", ""unit_of_measurement"": ""packets"", ""friendly_name"": ""UPNP IGD Packets sent""}"
2025-07-25T08:09:09.251344,sensor.upnp_igd_uptime,258276,258306,"{""unit_of_measurement"": ""s"", ""device_class"": ""duration"", ""friendly_name"": ""UPNP IGD Uptime""}"
2025-07-25T08:09:09.253078,sensor.upnp_igd_download_speed,2.37424059301346,4.32291158171807,"{""state_class"": ""measurement"", ""unit_of_measurement"": ""KiB/s"", ""device_class"": ""data_rate"", ""friendly_name"": ""UPNP IGD Download speed""}"
2025-07-25T08:09:09.254731,sensor.upnp_igd_upload_speed,0.269794148772835,1.40182215211018,"{""state_class"": ""measurement"", ""unit_of_measurement"": ""KiB/s"", ""device_class"": ""data_rate"", ""friendly_name"": ""UPNP IGD Upload speed""}"
2025-07-25T08:09:09.256558,sensor.upnp_igd_packet_download_speed,34.8669874429511,40.7990303430455,"{""state_class"": ""measurement"", ""unit_of_measurement"": ""packets/s"", ""friendly_name"": ""UPNP IGD Packet download speed""}"
2025-07-25T08:09:09.258281,sensor.upnp_igd_packet_upload_speed,1.866683840158,7.39982413084649,"{""state_class"": ""measurement"", ""unit_of_measurement"": ""packets/s"", ""friendly_name"": ""UPNP IGD Packet upload speed""}"
2025-07-25T08:09:10.260126,automation.aut_status_bruno,on,on,"{""id"": ""1751855857509"", ""last_triggered"": ""2025-07-25T11:09:10.252668+00:00"", ""mode"": ""single"", ""current"": 1, ""friendly_name"": ""aut-status-bruno""}"
2025-07-25T08:09:10.262306,automation.aut_status_bruno,on,on,"{""id"": ""1751855857509"", ""last_triggered"": ""2025-07-25T11:09:10.252668+00:00"", ""mode"": ""single"", ""current"": 0, ""friendly_name"": ""aut-status-bruno""}"
2025-07-25T08:09:39.258459,sensor.upnp_igd_data_received,2392328778,2392413346,"{""state_class"": ""total_increasing"", ""unit_of_measurement"": ""B"", ""device_class"": ""data_size"", ""friendly_name"": ""UPNP IGD Data received""}"
2025-07-25T08:09:39.261874,sensor.upnp_igd_data_sent,2907394006,2907406363,"{""state_class"": ""total_increasing"", ""unit_of_measurement"": ""B"", ""device_class"": ""data_size"", ""friendly_name"": ""UPNP IGD Data sent""}"
2025-07-25T08:09:39.263595,sensor.upnp_igd_packets_received,32618197,32619290,"{""state_class"": ""total_increasing"", ""unit_of_measurement"": ""packets"", ""friendly_name"": ""UPNP IGD Packets received""}"
2025-07-25T08:09:39.265184,sensor.upnp_igd_packets_sent,10450661,10450745,"{""state_class"": ""total_increasing"", ""unit_of_measurement"": ""packets"", ""friendly_name"": ""UPNP IGD Packets sent""}"
2025-07-25T08:09:39.266727,sensor.upnp_igd_uptime,258306,258336,"{""unit_of_measurement"": ""s"", ""device_class"": ""duration"", ""friendly_name"": ""UPNP IGD Uptime""}"
2025-07-25T08:09:39.269531,sensor.upnp_igd_download_speed,4.32291158171807,2.75289569105464,"{""state_class"": ""measurement"", ""unit_of_measurement"": ""KiB/s"", ""device_class"": ""data_rate"", ""friendly_name"": ""UPNP IGD Download speed""}"
2025-07-25T08:09:39.271255,sensor.upnp_igd_upload_speed,1.40182215211018,0.402250639182223,"{""state_class"": ""measurement"", ""unit_of_measurement"": ""KiB/s"", ""device_class"": ""data_rate"", ""friendly_name"": ""UPNP IGD Upload speed""}"
2025-07-25T08:09:39.274240,sensor.upnp_igd_packet_download_speed,40.7990303430455,36.4337450346522,"{""state_class"": ""measurement"", ""unit_of_measurement"": ""packets/s"", ""friendly_name"": ""UPNP IGD Packet download speed""}"
2025-07-25T08:09:39.276026,sensor.upnp_igd_packet_upload_speed,7.39982413084649,2.80003164035754,"{""state_class"": ""measurement"", ""unit_of_measurement"": ""packets/s"", ""friendly_name"": ""UPNP IGD Packet upload speed""}"
2025-07-25T08:10:00.171568,automation.automacao_cortina,on,on,"{""id"": ""1747703519499"", ""last_triggered"": ""2025-07-25T11:10:00.164198+00:00"", ""mode"": ""single"", ""current"": 1, ""friendly_name"": ""automacao-cortina""}"
2025-07-25T08:10:00.804337,automation.automacao_cortina,on,on,"{""id"": ""1747703519499"", ""last_triggered"": ""2025-07-25T11:10:00.164198+00:00"", ""mode"": ""single"", ""current"": 0, ""friendly_name"": ""automacao-cortina""}"
2025-07-25T08:10:09.267424,sensor.upnp_igd_data_received,2392413346,2392498136,"{""state_class"": ""total_increasing"", ""unit_of_measurement"": ""B"", ""device_class"": ""data_size"", ""friendly_name"": ""UPNP IGD Data received""}"
2025-07-25T08:10:09.269559,sensor.upnp_igd_data_sent,2907406363,2907419975,"{""state_class"": ""total_increasing"", ""unit_of_measurement"": ""B"", ""device_class"": ""data_size"", ""friendly_name"": ""UPNP IGD Data sent""}"
2025-07-25T08:10:09.271607,sensor.upnp_igd_packets_received,32619290,32620399,"{""state_class"": ""total_increasing"", ""unit_of_measurement"": ""packets"", ""friendly_name"": ""UPNP IGD Packets received""}"
2025-07-25T08:10:09.273689,sensor.upnp_igd_packets_sent,10450745,10450848,"{""state_class"": ""total_increasing"", ""unit_of_measurement"": ""packets"", ""friendly_name"": ""UPNP IGD Packets sent""}"
2025-07-25T08:10:09.275978,sensor.upnp_igd_uptime,258336,258366,"{""unit_of_measurement"": ""s"", ""device_class"": ""duration"", ""friendly_name"": ""UPNP IGD Uptime""}"
2025-07-25T08:10:09.278069,sensor.upnp_igd_download_speed,2.75289569105464,2.76002039731048,"{""state_class"": ""measurement"", ""unit_of_measurement"": ""KiB/s"", ""device_class"": ""data_rate"", ""friendly_name"": ""UPNP IGD Download speed""}"
2025-07-25T08:10:09.280262,sensor.upnp_igd_upload_speed,0.402250639182223,0.443087600521173,"{""state_class"": ""measurement"", ""unit_of_measurement"": ""KiB/s"", ""device_class"": ""data_rate"", ""friendly_name"": ""UPNP IGD Upload speed""}"
2025-07-25T08:10:09.282435,sensor.upnp_igd_packet_download_speed,36.4337450346522,36.9657191120668,"{""state_class"": ""measurement"", ""unit_of_measurement"": ""packets/s"", ""friendly_name"": ""UPNP IGD Packet download speed""}"
2025-07-25T08:10:09.284592,sensor.upnp_igd_packet_upload_speed,2.80003164035754,3.43324532781143,"{""state_class"": ""measurement"", ""unit_of_measurement"": ""packets/s"", ""friendly_name"": ""UPNP IGD Packet upload speed""}"
2025-07-25T08:10:10.259246,automation.aut_status_bruno,on,on,"{""id"": ""1751855857509"", ""last_triggered"": ""2025-07-25T11:10:10.252414+00:00"", ""mode"": ""single"", ""current"": 1, ""friendly_name"": ""aut-status-bruno""}"
2025-07-25T08:10:10.261783,automation.aut_status_bruno,on,on,"{""id"": ""1751855857509"", ""last_triggered"": ""2025-07-25T11:10:10.252414+00:00"", ""mode"": ""single"", ""current"": 0, ""friendly_name"": ""aut-status-bruno""}"
2025-07-25T08:10:39.244788,sensor.upnp_igd_data_received,2392498136,2393173142,"{""state_class"": ""total_increasing"", ""unit_of_measurement"": ""B"", ""device_class"": ""data_size"", ""friendly_name"": ""UPNP IGD Data received""}"
2025-07-25T08:10:39.248487,sensor.upnp_igd_data_sent,2907419975,2907487596,"{""state_class"": ""total_increasing"", ""unit_of_measurement"": ""B"", ""device_class"": ""data_size"", ""friendly_name"": ""UPNP IGD Data sent""}"
2025-07-25T08:10:39.250599,sensor.upnp_igd_packets_received,32620399,32622020,"{""state_class"": ""total_increasing"", ""unit_of_measurement"": ""packets"", ""friendly_name"": ""UPNP IGD Packets received""}"
2025-07-25T08:10:39.252879,sensor.upnp_igd_packets_sent,10450848,10451144,"{""state_class"": ""total_increasing"", ""unit_of_measurement"": ""packets"", ""friendly_name"": ""UPNP IGD Packets sent""}"
2025-07-25T08:10:39.254924,sensor.upnp_igd_uptime,258366,258396,"{""unit_of_measurement"": ""s"", ""device_class"": ""duration"", ""friendly_name"": ""UPNP IGD Uptime""}"
2025-07-25T08:10:39.257161,sensor.upnp_igd_download_speed,2.76002039731048,21.9735679008136,"{""state_class"": ""measurement"", ""unit_of_measurement"": ""KiB/s"", ""device_class"": ""data_rate"", ""friendly_name"": ""UPNP IGD Download speed""}"
2025-07-25T08:10:39.259417,sensor.upnp_igd_upload_speed,0.443087600521173,2.20127618868708,"{""state_class"": ""measurement"", ""unit_of_measurement"": ""KiB/s"", ""device_class"": ""data_rate"", ""friendly_name"": ""UPNP IGD Upload speed""}"
2025-07-25T08:10:39.261625,sensor.upnp_igd_packet_download_speed,36.9657191120668,54.0350948774263,"{""state_class"": ""measurement"", ""unit_of_measurement"": ""packets/s"", ""friendly_name"": ""UPNP IGD Packet download speed""}"
2025-07-25T08:10:39.263783,sensor.upnp_igd_packet_upload_speed,3.43324532781143,9.86698833048624,"{""state_class"": ""measurement"", ""unit_of_measurement"": ""packets/s"", ""friendly_name"": ""UPNP IGD Packet upload speed""}"
2025-07-25T08:11:09.242914,sensor.upnp_igd_data_received,2393173142,2393538262,"{""state_class"": ""total_increasing"", ""unit_of_measurement"": ""B"", ""device_class"": ""data_size"", ""friendly_name"": ""UPNP IGD Data received""}"
2025-07-25T08:11:09.246244,sensor.upnp_igd_data_sent,2907487596,2907729420,"{""state_class"": ""total_increasing"", ""unit_of_measurement"": ""B"", ""device_class"": ""data_size"", ""friendly_name"": ""UPNP IGD Data sent""}"
2025-07-25T08:11:09.248025,sensor.upnp_igd_packets_received,32622020,32623861,"{""state_class"": ""total_increasing"", ""unit_of_measurement"": ""packets"", ""friendly_name"": ""UPNP IGD Packets received""}"
2025-07-25T08:11:09.249690,sensor.upnp_igd_packets_sent,10451144,10451976,"{""state_class"": ""total_increasing"", ""unit_of_measurement"": ""packets"", ""friendly_name"": ""UPNP IGD Packets sent""}"
2025-07-25T08:11:09.251393,sensor.upnp_igd_uptime,258396,258426,"{""unit_of_measurement"": ""s"", ""device_class"": ""duration"", ""friendly_name"": ""UPNP IGD Uptime""}"
2025-07-25T08:11:09.253133,sensor.upnp_igd_download_speed,21.9735679008136,11.8853691251902,"{""state_class"": ""measurement"", ""unit_of_measurement"": ""KiB/s"", ""device_class"": ""data_rate"", ""friendly_name"": ""UPNP IGD Download speed""}"
2025-07-25T08:11:09.254751,sensor.upnp_igd_upload_speed,2.20127618868708,7.87184351262595,"{""state_class"": ""measurement"", ""unit_of_measurement"": ""KiB/s"", ""device_class"": ""data_rate"", ""friendly_name"": ""UPNP IGD Upload speed""}"
2025-07-25T08:11:09.256501,sensor.upnp_igd_packet_download_speed,54.0350948774263,61.3664212009819,"{""state_class"": ""measurement"", ""unit_of_measurement"": ""packets/s"", ""friendly_name"": ""UPNP IGD Packet download speed""}"
2025-07-25T08:11:09.258216,sensor.upnp_igd_packet_upload_speed,9.86698833048624,27.7332224004437,"{""state_class"": ""measurement"", ""unit_of_measurement"": ""packets/s"", ""friendly_name"": ""UPNP IGD Packet upload speed""}"
2025-07-25T08:11:10.133813,sun.sun,above_horizon,above_horizon,"{""next_dawn"": ""2025-07-26T08:32:54.909961+00:00"", ""next_dusk"": ""2025-07-25T20:48:15.098712+00:00"", ""next_midnight"": ""2025-07-26T02:40:37+00:00"", ""next_noon"": ""2025-07-25T14:40:37+00:00"", ""next_rising"": ""2025-07-26T08:55:47.118508+00:00"", ""next_setting"": ""2025-07-25T20:25:21.448131+00:00"", ""elevation"": 29.07, ""azimuth"": 58.61, ""rising"": true, ""friendly_name"": ""Sun""}"
2025-07-25T08:11:10.261129,automation.aut_status_bruno,on,on,"{""id"": ""1751855857509"", ""last_triggered"": ""2025-07-25T11:11:10.253018+00:00"", ""mode"": ""single"", ""current"": 1, ""friendly_name"": ""aut-status-bruno""}"
2025-07-25T08:11:10.264027,automation.aut_status_bruno,on,on,"{""id"": ""1751855857509"", ""last_triggered"": ""2025-07-25T11:11:10.253018+00:00"", ""mode"": ""single"", ""current"": 0, ""friendly_name"": ""aut-status-bruno""}"
2025-07-25T08:11:39.251544,sensor.upnp_igd_data_received,2393538262,2394441536,"{""state_class"": ""total_increasing"", ""unit_of_measurement"": ""B"", ""device_class"": ""data_size"", ""friendly_name"": ""UPNP IGD Data received""}"
2025-07-25T08:11:39.255584,sensor.upnp_igd_data_sent,2907729420,2908119493,"{""state_class"": ""total_increasing"", ""unit_of_measurement"": ""B"", ""device_class"": ""data_size"", ""friendly_name"": ""UPNP IGD Data sent""}"
2025-07-25T08:11:39.257748,sensor.upnp_igd_packets_received,32623861,32626209,"{""state_class"": ""total_increasing"", ""unit_of_measurement"": ""packets"", ""friendly_name"": ""UPNP IGD Packets received""}"
2025-07-25T08:11:39.259953,sensor.upnp_igd_packets_sent,10451976,10452965,"{""state_class"": ""total_increasing"", ""unit_of_measurement"": ""packets"", ""friendly_name"": ""UPNP IGD Packets sent""}"
2025-07-25T08:11:39.262062,sensor.upnp_igd_uptime,258426,258456,"{""unit_of_measurement"": ""s"", ""device_class"": ""duration"", ""friendly_name"": ""UPNP IGD Uptime""}"
2025-07-25T08:11:39.264247,sensor.upnp_igd_download_speed,11.8853691251902,29.404277761181,"{""state_class"": ""measurement"", ""unit_of_measurement"": ""KiB/s"", ""device_class"": ""data_rate"", ""friendly_name"": ""UPNP IGD Download speed""}"
2025-07-25T08:11:39.266335,sensor.upnp_igd_upload_speed,7.87184351262595,12.6980460404453,"{""state_class"": ""measurement"", ""unit_of_measurement"": ""KiB/s"", ""device_class"": ""data_rate"", ""friendly_name"": ""UPNP IGD Upload speed""}"
2025-07-25T08:11:39.268529,sensor.upnp_igd_packet_download_speed,61.3664212009819,78.2688686308375,"{""state_class"": ""measurement"", ""unit_of_measurement"": ""packets/s"", ""friendly_name"": ""UPNP IGD Packet download speed""}"
2025-07-25T08:11:39.270672,sensor.upnp_igd_packet_upload_speed,27.7332224004437,32.9675941549822,"{""state_class"": ""measurement"", ""unit_of_measurement"": ""packets/s"", ""friendly_name"": ""UPNP IGD Packet upload speed""}"
2025-07-25T08:12:09.237661,sensor.upnp_igd_data_received,2394441536,2394538591,"{""state_class"": ""total_increasing"", ""unit_of_measurement"": ""B"", ""device_class"": ""data_size"", ""friendly_name"": ""UPNP IGD Data received""}"
2025-07-25T08:12:09.240505,sensor.upnp_igd_data_sent,2908119493,2908138556,"{""state_class"": ""total_increasing"", ""unit_of_measurement"": ""B"", ""device_class"": ""data_size"", ""friendly_name"": ""UPNP IGD Data sent""}"
2025-07-25T08:12:09.242043,sensor.upnp_igd_packets_received,32626209,32627344,"{""state_class"": ""total_increasing"", ""unit_of_measurement"": ""packets"", ""friendly_name"": ""UPNP IGD Packets received""}"
2025-07-25T08:12:09.244267,sensor.upnp_igd_packets_sent,10452965,10453059,"{""state_class"": ""total_increasing"", ""unit_of_measurement"": ""packets"", ""friendly_name"": ""UPNP IGD Packets sent""}"
2025-07-25T08:12:09.245748,sensor.upnp_igd_uptime,258456,258486,"{""unit_of_measurement"": ""s"", ""device_class"": ""duration"", ""friendly_name"": ""UPNP IGD Uptime""}"
2025-07-25T08:12:09.247237,sensor.upnp_igd_download_speed,29.404277761181,3.15932802031871,"{""state_class"": ""measurement"", ""unit_of_measurement"": ""KiB/s"", ""device_class"": ""data_rate"", ""friendly_name"": ""UPNP IGD Download speed""}"
2025-07-25T08:12:09.248773,sensor.upnp_igd_upload_speed,12.6980460404453,0.620537530795276,"{""state_class"": ""measurement"", ""unit_of_measurement"": ""KiB/s"", ""device_class"": ""data_rate"", ""friendly_name"": ""UPNP IGD Upload speed""}"
2025-07-25T08:12:09.250170,sensor.upnp_igd_packet_download_speed,78.2688686308375,37.8331605619001,"{""state_class"": ""measurement"", ""unit_of_measurement"": ""packets/s"", ""friendly_name"": ""UPNP IGD Packet download speed""}"
2025-07-25T08:12:09.252088,sensor.upnp_igd_packet_upload_speed,32.9675941549822,3.13331902450979,"{""state_class"": ""measurement"", ""unit_of_measurement"": ""packets/s"", ""friendly_name"": ""UPNP IGD Packet upload speed""}"
2025-07-25T08:12:10.259426,automation.aut_status_bruno,on,on,"{""id"": ""1751855857509"", ""last_triggered"": ""2025-07-25T11:12:10.252852+00:00"", ""mode"": ""single"", ""current"": 1, ""friendly_name"": ""aut-status-bruno""}"
2025-07-25T08:12:10.261638,automation.aut_status_bruno,on,on,"{""id"": ""1751855857509"", ""last_triggered"": ""2025-07-25T11:12:10.252852+00:00"", ""mode"": ""single"", ""current"": 0, ""friendly_name"": ""aut-status-bruno""}"
2025-07-25T08:12:39.237581,sensor.upnp_igd_data_received,2394538591,2394617160,"{""state_class"": ""total_increasing"", ""unit_of_measurement"": ""B"", ""device_class"": ""data_size"", ""friendly_name"": ""UPNP IGD Data received""}"
2025-07-25T08:12:39.240375,sensor.upnp_igd_data_sent,2908138556,2908149378,"{""state_class"": ""total_increasing"", ""unit_of_measurement"": ""B"", ""device_class"": ""data_size"", ""friendly_name"": ""UPNP IGD Data sent""}"
2025-07-25T08:12:39.241834,sensor.upnp_igd_packets_received,32627344,32628446,"{""state_class"": ""total_increasing"", ""unit_of_measurement"": ""packets"", ""friendly_name"": ""UPNP IGD Packets received""}"
2025-07-25T08:12:39.243231,sensor.upnp_igd_packets_sent,10453059,10453130,"{""state_class"": ""total_increasing"", ""unit_of_measurement"": ""packets"", ""friendly_name"": ""UPNP IGD Packets sent""}"
2025-07-25T08:12:39.244624,sensor.upnp_igd_uptime,258486,258516,"{""unit_of_measurement"": ""s"", ""device_class"": ""duration"", ""friendly_name"": ""UPNP IGD Uptime""}"
2025-07-25T08:12:39.246009,sensor.upnp_igd_download_speed,3.15932802031871,2.5575773889474,"{""state_class"": ""measurement"", ""unit_of_measurement"": ""KiB/s"", ""device_class"": ""data_rate"", ""friendly_name"": ""UPNP IGD Download speed""}"
2025-07-25T08:12:39.247405,sensor.upnp_igd_upload_speed,0.620537530795276,0.352277647713331,"{""state_class"": ""measurement"", ""unit_of_measurement"": ""KiB/s"", ""device_class"": ""data_rate"", ""friendly_name"": ""UPNP IGD Upload speed""}"
2025-07-25T08:12:39.248864,sensor.upnp_igd_packet_download_speed,37.8331605619001,36.7332292558504,"{""state_class"": ""measurement"", ""unit_of_measurement"": ""packets/s"", ""friendly_name"": ""UPNP IGD Packet download speed""}"
2025-07-25T08:12:39.250200,sensor.upnp_igd_packet_upload_speed,3.13331902450979,2.36665996113011,"{""state_class"": ""measurement"", ""unit_of_measurement"": ""packets/s"", ""friendly_name"": ""UPNP IGD Packet upload speed""}"
2025-07-25T08:12:52.455555,camera.192_168_0_33,idle,idle,"{""access_token"": ""a259ab4c90b0a5a18a02e553d435ec34aa49e566faac31106c1a77d60e9518a9"", ""entity_picture"": ""/api/camera_proxy/camera.192_168_0_33?token=a259ab4c90b0a5a18a02e553d435ec34aa49e566faac31106c1a77d60e9518a9"", ""friendly_name"": ""192_168_0_14"", ""supported_features"": 2}"
2025-07-25T08:12:52.457725,camera.admin_mainstream,idle,idle,"{""access_token"": ""51d6ae1cc216119cd50ca68281428eebcafc35c9677114a9ca54235650c5d92c"", ""entity_picture"": ""/api/camera_proxy/camera.admin_mainstream?token=51d6ae1cc216119cd50ca68281428eebcafc35c9677114a9ca54235650c5d92c"", ""friendly_name"": ""admin MainStream"", ""supported_features"": 2}"
2025-07-25T08:12:52.459535,camera.admin_substream,idle,idle,"{""access_token"": ""fb3cc5b7b0b04d8d5a7ac41550705886873546d231ad99ba291654353c5c95f3"", ""entity_picture"": ""/api/camera_proxy/camera.admin_substream?token=fb3cc5b7b0b04d8d5a7ac41550705886873546d231ad99ba291654353c5c95f3"", ""friendly_name"": ""admin SubStream"", ""supported_features"": 2}"
2025-07-25T08:13:09.238632,sensor.upnp_igd_data_received,2394617160,2395214422,"{""state_class"": ""total_increasing"", ""unit_of_measurement"": ""B"", ""device_class"": ""data_size"", ""friendly_name"": ""UPNP IGD Data received""}"
2025-07-25T08:13:09.240680,sensor.upnp_igd_data_sent,2908149378,2908166497,"{""state_class"": ""total_increasing"", ""unit_of_measurement"": ""B"", ""device_class"": ""data_size"", ""friendly_name"": ""UPNP IGD Data sent""}"
2025-07-25T08:13:09.242176,sensor.upnp_igd_packets_received,32628446,32629857,"{""state_class"": ""total_increasing"", ""unit_of_measurement"": ""packets"", ""friendly_name"": ""UPNP IGD Packets received""}"
2025-07-25T08:13:09.243588,sensor.upnp_igd_packets_sent,10453130,10453314,"{""state_class"": ""total_increasing"", ""unit_of_measurement"": ""packets"", ""friendly_name"": ""UPNP IGD Packets sent""}"
2025-07-25T08:13:09.244938,sensor.upnp_igd_uptime,258516,258546,"{""unit_of_measurement"": ""s"", ""device_class"": ""duration"", ""friendly_name"": ""UPNP IGD Uptime""}"
2025-07-25T08:13:09.246344,sensor.upnp_igd_download_speed,2.5575773889474,19.4421599840093,"{""state_class"": ""measurement"", ""unit_of_measurement"": ""KiB/s"", ""device_class"": ""data_rate"", ""friendly_name"": ""UPNP IGD Download speed""}"
2025-07-25T08:13:09.247792,sensor.upnp_igd_upload_speed,0.352277647713331,0.557260191953038,"{""state_class"": ""measurement"", ""unit_of_measurement"": ""KiB/s"", ""device_class"": ""data_rate"", ""friendly_name"": ""UPNP IGD Upload speed""}"
2025-07-25T08:13:09.249199,sensor.upnp_igd_packet_download_speed,36.7332292558504,47.0334242646202,"{""state_class"": ""measurement"", ""unit_of_measurement"": ""packets/s"", ""friendly_name"": ""UPNP IGD Packet download speed""}"
2025-07-25T08:13:09.250606,sensor.upnp_igd_packet_upload_speed,2.36665996113011,6.13334519113404,"{""state_class"": ""measurement"", ""unit_of_measurement"": ""packets/s"", ""friendly_name"": ""UPNP IGD Packet upload speed""}"
2025-07-25T08:13:10.262646,automation.aut_status_bruno,on,on,"{""id"": ""1751855857509"", ""last_triggered"": ""2025-07-25T11:13:10.253936+00:00"", ""mode"": ""single"", ""current"": 1, ""friendly_name"": ""aut-status-bruno""}"
2025-07-25T08:13:10.265236,automation.aut_status_bruno,on,on,"{""id"": ""1751855857509"", ""last_triggered"": ""2025-07-25T11:13:10.253936+00:00"", ""mode"": ""single"", ""current"": 0, ""friendly_name"": ""aut-status-bruno""}"
2025-07-25T08:13:29.438385,media_player.lg_webos_tv_oled42c2psa,off,unavailable,"{""friendly_name"": ""[LG] webOS TV OLED42C2PSA"", ""supported_features"": 152461}"
2025-07-25T08:13:39.240400,sensor.upnp_igd_data_received,2395214422,2395363346,"{""state_class"": ""total_increasing"", ""unit_of_measurement"": ""B"", ""device_class"": ""data_size"", ""friendly_name"": ""UPNP IGD Data received""}"
2025-07-25T08:13:39.242445,sensor.upnp_igd_data_sent,2908166497,2908186847,"{""state_class"": ""total_increasing"", ""unit_of_measurement"": ""B"", ""device_class"": ""data_size"", ""friendly_name"": ""UPNP IGD Data sent""}"
2025-07-25T08:13:39.243970,sensor.upnp_igd_packets_received,32629857,32631028,"{""state_class"": ""total_increasing"", ""unit_of_measurement"": ""packets"", ""friendly_name"": ""UPNP IGD Packets received""}"
2025-07-25T08:13:39.245206,sensor.upnp_igd_packets_sent,10453314,10453450,"{""state_class"": ""total_increasing"", ""unit_of_measurement"": ""packets"", ""friendly_name"": ""UPNP IGD Packets sent""}"
2025-07-25T08:13:39.246369,sensor.upnp_igd_uptime,258546,258576,"{""unit_of_measurement"": ""s"", ""device_class"": ""duration"", ""friendly_name"": ""UPNP IGD Uptime""}"
2025-07-25T08:13:39.248682,sensor.upnp_igd_download_speed,19.4421599840093,4.84780084014249,"{""state_class"": ""measurement"", ""unit_of_measurement"": ""KiB/s"", ""device_class"": ""data_rate"", ""friendly_name"": ""UPNP IGD Download speed""}"
2025-07-25T08:13:39.250491,sensor.upnp_igd_upload_speed,0.557260191953038,0.662436861062688,"{""state_class"": ""measurement"", ""unit_of_measurement"": ""KiB/s"", ""device_class"": ""data_rate"", ""friendly_name"": ""UPNP IGD Upload speed""}"
2025-07-25T08:13:39.252881,sensor.upnp_igd_packet_download_speed,47.0334242646202,39.0334491325658,"{""state_class"": ""measurement"", ""unit_of_measurement"": ""packets/s"", ""friendly_name"": ""UPNP IGD Packet download speed""}"
2025-07-25T08:13:39.255135,sensor.upnp_igd_packet_upload_speed,6.13334519113404,4.53334678226212,"{""state_class"": ""measurement"", ""unit_of_measurement"": ""packets/s"", ""friendly_name"": ""UPNP IGD Packet upload speed""}"
2025-07-25T08:14:09.251087,sensor.upnp_igd_data_received,2395363346,2396242245,"{""state_class"": ""total_increasing"", ""unit_of_measurement"": ""B"", ""device_class"": ""data_size"", ""friendly_name"": ""UPNP IGD Data received""}"
2025-07-25T08:14:09.255157,sensor.upnp_igd_data_sent,2908186847,2908596706,"{""state_class"": ""total_increasing"", ""unit_of_measurement"": ""B"", ""device_class"": ""data_size"", ""friendly_name"": ""UPNP IGD Data sent""}"
2025-07-25T08:14:09.257906,sensor.upnp_igd_packets_received,32631028,32633655,"{""state_class"": ""total_increasing"", ""unit_of_measurement"": ""packets"", ""friendly_name"": ""UPNP IGD Packets received""}"
2025-07-25T08:14:09.259809,sensor.upnp_igd_packets_sent,10453450,10455376,"{""state_class"": ""total_increasing"", ""unit_of_measurement"": ""packets"", ""friendly_name"": ""UPNP IGD Packets sent""}"
2025-07-25T08:14:09.261269,sensor.upnp_igd_uptime,258576,258606,"{""unit_of_measurement"": ""s"", ""device_class"": ""duration"", ""friendly_name"": ""UPNP IGD Uptime""}"
2025-07-25T08:14:09.262687,sensor.upnp_igd_download_speed,4.84780084014249,28.610185177824,"{""state_class"": ""measurement"", ""unit_of_measurement"": ""KiB/s"", ""device_class"": ""data_rate"", ""friendly_name"": ""UPNP IGD Download speed""}"
2025-07-25T08:14:09.264123,sensor.upnp_igd_upload_speed,0.662436861062688,13.3418537133365,"{""state_class"": ""measurement"", ""unit_of_measurement"": ""KiB/s"", ""device_class"": ""data_rate"", ""friendly_name"": ""UPNP IGD Upload speed""}"
2025-07-25T08:14:09.265525,sensor.upnp_igd_packet_download_speed,39.0334491325658,87.5672533672642,"{""state_class"": ""measurement"", ""unit_of_measurement"": ""packets/s"", ""friendly_name"": ""UPNP IGD Packet download speed""}"
2025-07-25T08:14:09.267009,sensor.upnp_igd_packet_upload_speed,4.53334678226212,64.200430142882,"{""state_class"": ""measurement"", ""unit_of_measurement"": ""packets/s"", ""friendly_name"": ""UPNP IGD Packet upload speed""}"
2025-07-25T08:14:10.259788,automation.aut_status_bruno,on,on,"{""id"": ""1751855857509"", ""last_triggered"": ""2025-07-25T11:14:10.252283+00:00"", ""mode"": ""single"", ""current"": 1, ""friendly_name"": ""aut-status-bruno""}"
2025-07-25T08:14:10.261787,automation.aut_status_bruno,on,on,"{""id"": ""1751855857509"", ""last_triggered"": ""2025-07-25T11:14:10.252283+00:00"", ""mode"": ""single"", ""current"": 0, ""friendly_name"": ""aut-status-bruno""}"
2025-07-25T08:14:16.891033,media_player.lg_webos_tv_oled42c2psa,unavailable,off,"{""friendly_name"": ""[LG] webOS TV OLED42C2PSA"", ""supported_features"": 152461}"
2025-07-25T08:14:39.238633,sensor.upnp_igd_data_received,2396242245,2396410338,"{""state_class"": ""total_increasing"", ""unit_of_measurement"": ""B"", ""device_class"": ""data_size"", ""friendly_name"": ""UPNP IGD Data received""}"
2025-07-25T08:14:39.240380,sensor.upnp_igd_data_sent,2908596706,2908657355,"{""state_class"": ""total_increasing"", ""unit_of_measurement"": ""B"", ""device_class"": ""data_size"", ""friendly_name"": ""UPNP IGD Data sent""}"
2025-07-25T08:14:39.241852,sensor.upnp_igd_packets_received,32633655,32634877,"{""state_class"": ""total_increasing"", ""unit_of_measurement"": ""packets"", ""friendly_name"": ""UPNP IGD Packets received""}"
2025-07-25T08:14:39.244050,sensor.upnp_igd_packets_sent,10455376,10455646,"{""state_class"": ""total_increasing"", ""unit_of_measurement"": ""packets"", ""friendly_name"": ""UPNP IGD Packets sent""}"
2025-07-25T08:14:39.246631,sensor.upnp_igd_uptime,258606,258636,"{""unit_of_measurement"": ""s"", ""device_class"": ""duration"", ""friendly_name"": ""UPNP IGD Uptime""}"
2025-07-25T08:14:39.248574,sensor.upnp_igd_download_speed,28.610185177824,5.47160626486079,"{""state_class"": ""measurement"", ""unit_of_measurement"": ""KiB/s"", ""device_class"": ""data_rate"", ""friendly_name"": ""UPNP IGD Download speed""}"
2025-07-25T08:14:39.250825,sensor.upnp_igd_upload_speed,13.3418537133365,1.97418957575593,"{""state_class"": ""measurement"", ""unit_of_measurement"": ""KiB/s"", ""device_class"": ""data_rate"", ""friendly_name"": ""UPNP IGD Upload speed""}"
2025-07-25T08:14:39.253360,sensor.upnp_igd_packet_download_speed,87.5672533672642,40.7320597775976,"{""state_class"": ""measurement"", ""unit_of_measurement"": ""packets/s"", ""friendly_name"": ""UPNP IGD Packet download speed""}"
2025-07-25T08:14:39.255162,sensor.upnp_igd_packet_upload_speed,64.200430142882,8.99971860879817,"{""state_class"": ""measurement"", ""unit_of_measurement"": ""packets/s"", ""friendly_name"": ""UPNP IGD Packet upload speed""}"
2025-07-25T08:15:09.241324,sensor.upnp_igd_data_received,2396410338,2396786234,"{""state_class"": ""total_increasing"", ""unit_of_measurement"": ""B"", ""device_class"": ""data_size"", ""friendly_name"": ""UPNP IGD Data received""}"
2025-07-25T08:15:09.246525,sensor.upnp_igd_data_sent,2908657355,2908734830,"{""state_class"": ""total_increasing"", ""unit_of_measurement"": ""B"", ""device_class"": ""data_size"", ""friendly_name"": ""UPNP IGD Data sent""}"
2025-07-25T08:15:09.248253,sensor.upnp_igd_packets_received,32634877,32636278,"{""state_class"": ""total_increasing"", ""unit_of_measurement"": ""packets"", ""friendly_name"": ""UPNP IGD Packets received""}"
2025-07-25T08:15:09.249712,sensor.upnp_igd_packets_sent,10455646,10455964,"{""state_class"": ""total_increasing"", ""unit_of_measurement"": ""packets"", ""friendly_name"": ""UPNP IGD Packets sent""}"
2025-07-25T08:15:09.251069,sensor.upnp_igd_uptime,258636,258666,"{""unit_of_measurement"": ""s"", ""device_class"": ""duration"", ""friendly_name"": ""UPNP IGD Uptime""}"
2025-07-25T08:15:09.252540,sensor.upnp_igd_download_speed,5.47160626486079,12.2365588951541,"{""state_class"": ""measurement"", ""unit_of_measurement"": ""KiB/s"", ""device_class"": ""data_rate"", ""friendly_name"": ""UPNP IGD Download speed""}"
2025-07-25T08:15:09.253916,sensor.upnp_igd_upload_speed,1.97418957575593,2.52204705663817,"{""state_class"": ""measurement"", ""unit_of_measurement"": ""KiB/s"", ""device_class"": ""data_rate"", ""friendly_name"": ""UPNP IGD Upload speed""}"
2025-07-25T08:15:09.255301,sensor.upnp_igd_packet_download_speed,40.7320597775976,46.7013776906419,"{""state_class"": ""measurement"", ""unit_of_measurement"": ""packets/s"", ""friendly_name"": ""UPNP IGD Packet download speed""}"
2025-07-25T08:15:09.256830,sensor.upnp_igd_packet_upload_speed,8.99971860879817,10.6003127092249,"{""state_class"": ""measurement"", ""unit_of_measurement"": ""packets/s"", ""friendly_name"": ""UPNP IGD Packet upload speed""}"
2025-07-25T08:15:10.136249,sun.sun,above_horizon,above_horizon,"{""next_dawn"": ""2025-07-26T08:32:54.909961+00:00"", ""next_dusk"": ""2025-07-25T20:48:15.098712+00:00"", ""next_midnight"": ""2025-07-26T02:40:37+00:00"", ""next_noon"": ""2025-07-25T14:40:37+00:00"", ""next_rising"": ""2025-07-26T08:55:47.118508+00:00"", ""next_setting"": ""2025-07-25T20:25:21.448131+00:00"", ""elevation"": 29.9, ""azimuth"": 58.1, ""rising"": true, ""friendly_name"": ""Sun""}"
2025-07-25T08:15:10.260838,automation.aut_status_bruno,on,on,"{""id"": ""1751855857509"", ""last_triggered"": ""2025-07-25T11:15:10.252578+00:00"", ""mode"": ""single"", ""current"": 1, ""friendly_name"": ""aut-status-bruno""}"
2025-07-25T08:15:10.262968,automation.aut_status_bruno,on,on,"{""id"": ""1751855857509"", ""last_triggered"": ""2025-07-25T11:15:10.252578+00:00"", ""mode"": ""single"", ""current"": 0, ""friendly_name"": ""aut-status-bruno""}"
2025-07-25T08:15:39.240167,sensor.upnp_igd_data_received,2396786234,2396960595,"{""state_class"": ""total_increasing"", ""unit_of_measurement"": ""B"", ""device_class"": ""data_size"", ""friendly_name"": ""UPNP IGD Data received""}"
2025-07-25T08:15:39.243242,sensor.upnp_igd_data_sent,2908734830,2908820206,"{""state_class"": ""total_increasing"", ""unit_of_measurement"": ""B"", ""device_class"": ""data_size"", ""friendly_name"": ""UPNP IGD Data sent""}"
2025-07-25T08:15:39.245124,sensor.upnp_igd_packets_received,32636278,32637548,"{""state_class"": ""total_increasing"", ""unit_of_measurement"": ""packets"", ""friendly_name"": ""UPNP IGD Packets received""}"
2025-07-25T08:15:39.246753,sensor.upnp_igd_packets_sent,10455964,10456254,"{""state_class"": ""total_increasing"", ""unit_of_measurement"": ""packets"", ""friendly_name"": ""UPNP IGD Packets sent""}"
2025-07-25T08:15:39.248412,sensor.upnp_igd_uptime,258666,258696,"{""unit_of_measurement"": ""s"", ""device_class"": ""duration"", ""friendly_name"": ""UPNP IGD Uptime""}"
2025-07-25T08:15:39.250129,sensor.upnp_igd_download_speed,12.2365588951541,5.67565791067939,"{""state_class"": ""measurement"", ""unit_of_measurement"": ""KiB/s"", ""device_class"": ""data_rate"", ""friendly_name"": ""UPNP IGD Download speed""}"
2025-07-25T08:15:39.251846,sensor.upnp_igd_upload_speed,2.52204705663817,2.77909033431882,"{""state_class"": ""measurement"", ""unit_of_measurement"": ""KiB/s"", ""device_class"": ""data_rate"", ""friendly_name"": ""UPNP IGD Upload speed""}"
2025-07-25T08:15:39.253559,sensor.upnp_igd_packet_download_speed,46.7013776906419,42.3321706097139,"{""state_class"": ""measurement"", ""unit_of_measurement"": ""packets/s"", ""friendly_name"": ""UPNP IGD Packet download speed""}"
2025-07-25T08:15:39.255797,sensor.upnp_igd_packet_upload_speed,10.6003127092249,9.66640116284806,"{""state_class"": ""measurement"", ""unit_of_measurement"": ""packets/s"", ""friendly_name"": ""UPNP IGD Packet upload speed""}"
2025-07-25T08:16:09.256582,sensor.upnp_igd_data_received,2396960595,2397051789,"{""state_class"": ""total_increasing"", ""unit_of_measurement"": ""B"", ""device_class"": ""data_size"", ""friendly_name"": ""UPNP IGD Data received""}"
2025-07-25T08:16:09.259525,sensor.upnp_igd_data_sent,2908820206,2908835022,"{""state_class"": ""total_increasing"", ""unit_of_measurement"": ""B"", ""device_class"": ""data_size"", ""friendly_name"": ""UPNP IGD Data sent""}"
2025-07-25T08:16:09.261311,sensor.upnp_igd_packets_received,32637548,32638661,"{""state_class"": ""total_increasing"", ""unit_of_measurement"": ""packets"", ""friendly_name"": ""UPNP IGD Packets received""}"
2025-07-25T08:16:09.262768,sensor.upnp_igd_packets_sent,10456254,10456368,"{""state_class"": ""total_increasing"", ""unit_of_measurement"": ""packets"", ""friendly_name"": ""UPNP IGD Packets sent""}"
2025-07-25T08:16:09.264176,sensor.upnp_igd_uptime,258696,258726,"{""unit_of_measurement"": ""s"", ""device_class"": ""duration"", ""friendly_name"": ""UPNP IGD Uptime""}"
2025-07-25T08:16:09.265573,sensor.upnp_igd_download_speed,5.67565791067939,2.96858734196076,"{""state_class"": ""measurement"", ""unit_of_measurement"": ""KiB/s"", ""device_class"": ""data_rate"", ""friendly_name"": ""UPNP IGD Download speed""}"
2025-07-25T08:16:09.267011,sensor.upnp_igd_upload_speed,2.77909033431882,0.482296971933358,"{""state_class"": ""measurement"", ""unit_of_measurement"": ""KiB/s"", ""device_class"": ""data_rate"", ""friendly_name"": ""UPNP IGD Upload speed""}"
2025-07-25T08:16:09.268476,sensor.upnp_igd_packet_download_speed,42.3321706097139,37.1004081044892,"{""state_class"": ""measurement"", ""unit_of_measurement"": ""packets/s"", ""friendly_name"": ""UPNP IGD Packet download speed""}"
2025-07-25T08:16:09.269870,sensor.upnp_igd_packet_upload_speed,9.66640116284806,3.80004180045981,"{""state_class"": ""measurement"", ""unit_of_measurement"": ""packets/s"", ""friendly_name"": ""UPNP IGD Packet upload speed""}"
2025-07-25T08:16:10.260147,automation.aut_status_bruno,on,on,"{""id"": ""1751855857509"", ""last_triggered"": ""2025-07-25T11:16:10.253561+00:00"", ""mode"": ""single"", ""current"": 1, ""friendly_name"": ""aut-status-bruno""}"
2025-07-25T08:16:10.262342,automation.aut_status_bruno,on,on,"{""id"": ""1751855857509"", ""last_triggered"": ""2025-07-25T11:16:10.253561+00:00"", ""mode"": ""single"", ""current"": 0, ""friendly_name"": ""aut-status-bruno""}"
2025-07-25T08:16:39.237218,sensor.upnp_igd_data_received,2397051789,2397166531,"{""state_class"": ""total_increasing"", ""unit_of_measurement"": ""B"", ""device_class"": ""data_size"", ""friendly_name"": ""UPNP IGD Data received""}"
2025-07-25T08:16:39.240043,sensor.upnp_igd_data_sent,2908835022,2908898121,"{""state_class"": ""total_increasing"", ""unit_of_measurement"": ""B"", ""device_class"": ""data_size"", ""friendly_name"": ""UPNP IGD Data sent""}"
2025-07-25T08:16:39.241501,sensor.upnp_igd_packets_received,32638661,32639749,"{""state_class"": ""total_increasing"", ""unit_of_measurement"": ""packets"", ""friendly_name"": ""UPNP IGD Packets received""}"
2025-07-25T08:16:39.243682,sensor.upnp_igd_packets_sent,10456368,10456529,"{""state_class"": ""total_increasing"", ""unit_of_measurement"": ""packets"", ""friendly_name"": ""UPNP IGD Packets sent""}"
2025-07-25T08:16:39.245155,sensor.upnp_igd_uptime,258726,258756,"{""unit_of_measurement"": ""s"", ""device_class"": ""duration"", ""friendly_name"": ""UPNP IGD Uptime""}"
2025-07-25T08:16:39.246583,sensor.upnp_igd_download_speed,2.96858734196076,3.73508106111447,"{""state_class"": ""measurement"", ""unit_of_measurement"": ""KiB/s"", ""device_class"": ""data_rate"", ""friendly_name"": ""UPNP IGD Download speed""}"
2025-07-25T08:16:39.248077,sensor.upnp_igd_upload_speed,0.482296971933358,2.05399836045443,"{""state_class"": ""measurement"", ""unit_of_measurement"": ""KiB/s"", ""device_class"": ""data_rate"", ""friendly_name"": ""UPNP IGD Upload speed""}"
2025-07-25T08:16:39.249535,sensor.upnp_igd_packet_download_speed,37.1004081044892,36.266568746931,"{""state_class"": ""measurement"", ""unit_of_measurement"": ""packets/s"", ""friendly_name"": ""UPNP IGD Packet download speed""}"
2025-07-25T08:16:39.250879,sensor.upnp_igd_packet_upload_speed,3.80004180045981,5.36665217670579,"{""state_class"": ""measurement"", ""unit_of_measurement"": ""packets/s"", ""friendly_name"": ""UPNP IGD Packet upload speed""}"
2025-07-25T08:17:09.257940,sensor.upnp_igd_data_received,2397166531,2397291247,"{""state_class"": ""total_increasing"", ""unit_of_measurement"": ""B"", ""device_class"": ""data_size"", ""friendly_name"": ""UPNP IGD Data received""}"
2025-07-25T08:17:09.260901,sensor.upnp_igd_data_sent,2908898121,2908927235,"{""state_class"": ""total_increasing"", ""unit_of_measurement"": ""B"", ""device_class"": ""data_size"", ""friendly_name"": ""UPNP IGD Data sent""}"
2025-07-25T08:17:09.262614,sensor.upnp_igd_packets_received,32639749,32640969,"{""state_class"": ""total_increasing"", ""unit_of_measurement"": ""packets"", ""friendly_name"": ""UPNP IGD Packets received""}"
2025-07-25T08:17:09.264090,sensor.upnp_igd_packets_sent,10456529,10456722,"{""state_class"": ""total_increasing"", ""unit_of_measurement"": ""packets"", ""friendly_name"": ""UPNP IGD Packets sent""}"
2025-07-25T08:17:09.265452,sensor.upnp_igd_uptime,258756,258786,"{""unit_of_measurement"": ""s"", ""device_class"": ""duration"", ""friendly_name"": ""UPNP IGD Uptime""}"
2025-07-25T08:17:09.266879,sensor.upnp_igd_download_speed,3.73508106111447,4.05977157933165,"{""state_class"": ""measurement"", ""unit_of_measurement"": ""KiB/s"", ""device_class"": ""data_rate"", ""friendly_name"": ""UPNP IGD Download speed""}"
2025-07-25T08:17:09.268325,sensor.upnp_igd_upload_speed,2.05399836045443,0.947722744160025,"{""state_class"": ""measurement"", ""unit_of_measurement"": ""KiB/s"", ""device_class"": ""data_rate"", ""friendly_name"": ""UPNP IGD Upload speed""}"
2025-07-25T08:17:09.269694,sensor.upnp_igd_packet_download_speed,36.266568746931,40.6667263111986,"{""state_class"": ""measurement"", ""unit_of_measurement"": ""packets/s"", ""friendly_name"": ""UPNP IGD Packet download speed""}"
2025-07-25T08:17:09.271115,sensor.upnp_igd_packet_upload_speed,5.36665217670579,6.43334276890273,"{""state_class"": ""measurement"", ""unit_of_measurement"": ""packets/s"", ""friendly_name"": ""UPNP IGD Packet upload speed""}"
2025-07-25T08:17:10.259742,automation.aut_status_bruno,on,on,"{""id"": ""1751855857509"", ""last_triggered"": ""2025-07-25T11:17:10.252951+00:00"", ""mode"": ""single"", ""current"": 1, ""friendly_name"": ""aut-status-bruno""}"
2025-07-25T08:17:10.261919,automation.aut_status_bruno,on,on,"{""id"": ""1751855857509"", ""last_triggered"": ""2025-07-25T11:17:10.252951+00:00"", ""mode"": ""single"", ""current"": 0, ""friendly_name"": ""aut-status-bruno""}"
2025-07-25T08:17:39.238654,sensor.upnp_igd_data_received,2397291247,2397367373,"{""state_class"": ""total_increasing"", ""unit_of_measurement"": ""B"", ""device_class"": ""data_size"", ""friendly_name"": ""UPNP IGD Data received""}"
2025-07-25T08:17:39.240411,sensor.upnp_igd_data_sent,2908927235,2908938269,"{""state_class"": ""total_increasing"", ""unit_of_measurement"": ""B"", ""device_class"": ""data_size"", ""friendly_name"": ""UPNP IGD Data sent""}"
2025-07-25T08:17:39.242007,sensor.upnp_igd_packets_received,32640969,32642018,"{""state_class"": ""total_increasing"", ""unit_of_measurement"": ""packets"", ""friendly_name"": ""UPNP IGD Packets received""}"
2025-07-25T08:17:39.243724,sensor.upnp_igd_packets_sent,10456722,10456797,"{""state_class"": ""total_increasing"", ""unit_of_measurement"": ""packets"", ""friendly_name"": ""UPNP IGD Packets sent""}"
2025-07-25T08:17:39.245134,sensor.upnp_igd_uptime,258786,258816,"{""unit_of_measurement"": ""s"", ""device_class"": ""duration"", ""friendly_name"": ""UPNP IGD Uptime""}"
2025-07-25T08:17:39.246487,sensor.upnp_igd_download_speed,4.05977157933165,2.47807715977088,"{""state_class"": ""measurement"", ""unit_of_measurement"": ""KiB/s"", ""device_class"": ""data_rate"", ""friendly_name"": ""UPNP IGD Download speed""}"
2025-07-25T08:17:39.247979,sensor.upnp_igd_upload_speed,0.947722744160025,0.359182189802589,"{""state_class"": ""measurement"", ""unit_of_measurement"": ""KiB/s"", ""device_class"": ""data_rate"", ""friendly_name"": ""UPNP IGD Upload speed""}"
2025-07-25T08:17:39.249471,sensor.upnp_igd_packet_download_speed,40.6667263111986,34.9669102694749,"{""state_class"": ""measurement"", ""unit_of_measurement"": ""packets/s"", ""friendly_name"": ""UPNP IGD Packet download speed""}"
2025-07-25T08:17:39.250907,sensor.upnp_igd_packet_upload_speed,6.43334276890273,2.500017416788,"{""state_class"": ""measurement"", ""unit_of_measurement"": ""packets/s"", ""friendly_name"": ""UPNP IGD Packet upload speed""}"
2025-07-25T08:17:49.056727,media_player.dlna_b13_box,unavailable,unknown,"{""friendly_name"": ""DLNA-B13 Box"", ""supported_features"": 512575}"
2025-07-25T08:17:52.456507,camera.192_168_0_33,idle,idle,"{""access_token"": ""3ac4f2a753301ddecbab2b8639baa5767734acd1f1fcdf17f797884254eeb453"", ""entity_picture"": ""/api/camera_proxy/camera.192_168_0_33?token=3ac4f2a753301ddecbab2b8639baa5767734acd1f1fcdf17f797884254eeb453"", ""friendly_name"": ""192_168_0_14"", ""supported_features"": 2}"
2025-07-25T08:17:52.458283,camera.admin_mainstream,idle,idle,"{""access_token"": ""2fa8ce1f7e2d3cb6c2f629d75bceb7b19520af61b2cdd17e3e99f52784648207"", ""entity_picture"": ""/api/camera_proxy/camera.admin_mainstream?token=2fa8ce1f7e2d3cb6c2f629d75bceb7b19520af61b2cdd17e3e99f52784648207"", ""friendly_name"": ""admin MainStream"", ""supported_features"": 2}"
2025-07-25T08:17:52.460019,camera.admin_substream,idle,idle,"{""access_token"": ""56904368e8521aabf04636bf798b12300ad2c5d4620bec13889c54b8be70dfd6"", ""entity_picture"": ""/api/camera_proxy/camera.admin_substream?token=56904368e8521aabf04636bf798b12300ad2c5d4620bec13889c54b8be70dfd6"", ""friendly_name"": ""admin SubStream"", ""supported_features"": 2}"
2025-07-25T08:18:01.788516,media_player.dlna_b13_box,unknown,unavailable,"{""friendly_name"": ""DLNA-B13 Box"", ""supported_features"": 512575}"
2025-07-25T08:18:09.241222,sensor.upnp_igd_data_received,2397367373,2397994722,"{""state_class"": ""total_increasing"", ""unit_of_measurement"": ""B"", ""device_class"": ""data_size"", ""friendly_name"": ""UPNP IGD Data received""}"
2025-07-25T08:18:09.244021,sensor.upnp_igd_data_sent,2908938269,2908963822,"{""state_class"": ""total_increasing"", ""unit_of_measurement"": ""B"", ""device_class"": ""data_size"", ""friendly_name"": ""UPNP IGD Data sent""}"
2025-07-25T08:18:09.245521,sensor.upnp_igd_packets_received,32642018,32643537,"{""state_class"": ""total_increasing"", ""unit_of_measurement"": ""packets"", ""friendly_name"": ""UPNP IGD Packets received""}"
2025-07-25T08:18:09.247198,sensor.upnp_igd_packets_sent,10456797,10457001,"{""state_class"": ""total_increasing"", ""unit_of_measurement"": ""packets"", ""friendly_name"": ""UPNP IGD Packets sent""}"
2025-07-25T08:18:09.248931,sensor.upnp_igd_uptime,258816,258846,"{""unit_of_measurement"": ""s"", ""device_class"": ""duration"", ""friendly_name"": ""UPNP IGD Uptime""}"
2025-07-25T08:18:09.250448,sensor.upnp_igd_download_speed,2.47807715977088,20.4208573333915,"{""state_class"": ""measurement"", ""unit_of_measurement"": ""KiB/s"", ""device_class"": ""data_rate"", ""friendly_name"": ""UPNP IGD Download speed""}"
2025-07-25T08:18:09.251962,sensor.upnp_igd_upload_speed,0.359182189802589,0.831776519035102,"{""state_class"": ""measurement"", ""unit_of_measurement"": ""KiB/s"", ""device_class"": ""data_rate"", ""friendly_name"": ""UPNP IGD Upload speed""}"
2025-07-25T08:18:09.253467,sensor.upnp_igd_packet_download_speed,34.9669102694749,50.6316979294902,"{""state_class"": ""measurement"", ""unit_of_measurement"": ""packets/s"", ""friendly_name"": ""UPNP IGD Packet download speed""}"
2025-07-25T08:18:09.254843,sensor.upnp_igd_packet_upload_speed,2.500017416788,6.79978036709414,"{""state_class"": ""measurement"", ""unit_of_measurement"": ""packets/s"", ""friendly_name"": ""UPNP IGD Packet upload speed""}"
2025-07-25T08:18:10.261102,automation.aut_status_bruno,on,on,"{""id"": ""1751855857509"", ""last_triggered"": ""2025-07-25T11:18:10.252717+00:00"", ""mode"": ""single"", ""current"": 1, ""friendly_name"": ""aut-status-bruno""}"
2025-07-25T08:18:10.263704,automation.aut_status_bruno,on,on,"{""id"": ""1751855857509"", ""last_triggered"": ""2025-07-25T11:18:10.252717+00:00"", ""mode"": ""single"", ""current"": 0, ""friendly_name"": ""aut-status-bruno""}"
2025-07-25T08:18:39.254818,sensor.upnp_igd_data_received,2397994722,2398071568,"{""state_class"": ""total_increasing"", ""unit_of_measurement"": ""B"", ""device_class"": ""data_size"", ""friendly_name"": ""UPNP IGD Data received""}"
2025-07-25T08:18:39.258763,sensor.upnp_igd_data_sent,2908963822,2908970255,"{""state_class"": ""total_increasing"", ""unit_of_measurement"": ""B"", ""device_class"": ""data_size"", ""friendly_name"": ""UPNP IGD Data sent""}"
2025-07-25T08:18:39.262079,sensor.upnp_igd_packets_received,32643537,32644616,"{""state_class"": ""total_increasing"", ""unit_of_measurement"": ""packets"", ""friendly_name"": ""UPNP IGD Packets received""}"
2025-07-25T08:18:39.265306,sensor.upnp_igd_packets_sent,10457001,10457064,"{""state_class"": ""total_increasing"", ""unit_of_measurement"": ""packets"", ""friendly_name"": ""UPNP IGD Packets sent""}"
2025-07-25T08:18:39.268459,sensor.upnp_igd_uptime,258846,258876,"{""unit_of_measurement"": ""s"", ""device_class"": ""duration"", ""friendly_name"": ""UPNP IGD Uptime""}"
2025-07-25T08:18:39.274306,sensor.upnp_igd_download_speed,20.4208573333915,2.50149055842581,"{""state_class"": ""measurement"", ""unit_of_measurement"": ""KiB/s"", ""device_class"": ""data_rate"", ""friendly_name"": ""UPNP IGD Download speed""}"
2025-07-25T08:18:39.279856,sensor.upnp_igd_upload_speed,0.831776519035102,0.209406979704255,"{""state_class"": ""measurement"", ""unit_of_measurement"": ""KiB/s"", ""device_class"": ""data_rate"", ""friendly_name"": ""UPNP IGD Upload speed""}"
2025-07-25T08:18:39.286542,sensor.upnp_igd_packet_download_speed,50.6316979294902,35.9665683580465,"{""state_class"": ""measurement"", ""unit_of_measurement"": ""packets/s"", ""friendly_name"": ""UPNP IGD Packet download speed""}"
2025-07-25T08:18:39.292614,sensor.upnp_igd_packet_upload_speed,6.79978036709414,2.09999426001569,"{""state_class"": ""measurement"", ""unit_of_measurement"": ""packets/s"", ""friendly_name"": ""UPNP IGD Packet upload speed""}"
2025-07-25T08:19:09.250474,sensor.upnp_igd_data_received,2398071568,2398156717,"{""state_class"": ""total_increasing"", ""unit_of_measurement"": ""B"", ""device_class"": ""data_size"", ""friendly_name"": ""UPNP IGD Data received""}"
2025-07-25T08:19:09.253134,sensor.upnp_igd_data_sent,2908970255,2908993246,"{""state_class"": ""total_increasing"", ""unit_of_measurement"": ""B"", ""device_class"": ""data_size"", ""friendly_name"": ""UPNP IGD Data sent""}"
2025-07-25T08:19:09.254864,sensor.upnp_igd_packets_received,32644616,32645678,"{""state_class"": ""total_increasing"", ""unit_of_measurement"": ""packets"", ""friendly_name"": ""UPNP IGD Packets received""}"
2025-07-25T08:19:09.257316,sensor.upnp_igd_packets_sent,10457064,10457170,"{""state_class"": ""total_increasing"", ""unit_of_measurement"": ""packets"", ""friendly_name"": ""UPNP IGD Packets sent""}"
2025-07-25T08:19:09.258809,sensor.upnp_igd_uptime,258876,258906,"{""unit_of_measurement"": ""s"", ""device_class"": ""duration"", ""friendly_name"": ""UPNP IGD Uptime""}"
2025-07-25T08:19:09.260435,sensor.upnp_igd_download_speed,2.50149055842581,2.77181439366906,"{""state_class"": ""measurement"", ""unit_of_measurement"": ""KiB/s"", ""device_class"": ""data_rate"", ""friendly_name"": ""UPNP IGD Download speed""}"
2025-07-25T08:19:09.261912,sensor.upnp_igd_upload_speed,0.209406979704255,0.748414951729855,"{""state_class"": ""measurement"", ""unit_of_measurement"": ""KiB/s"", ""device_class"": ""data_rate"", ""friendly_name"": ""UPNP IGD Upload speed""}"
2025-07-25T08:19:09.263365,sensor.upnp_igd_packet_download_speed,35.9665683580465,35.4004731863249,"{""state_class"": ""measurement"", ""unit_of_measurement"": ""packets/s"", ""friendly_name"": ""UPNP IGD Packet download speed""}"
2025-07-25T08:19:09.264793,sensor.upnp_igd_packet_upload_speed,2.09999426001569,3.53338056285352,"{""state_class"": ""measurement"", ""unit_of_measurement"": ""packets/s"", ""friendly_name"": ""UPNP IGD Packet upload speed""}"
2025-07-25T08:19:10.136518,sun.sun,above_horizon,above_horizon,"{""next_dawn"": ""2025-07-26T08:32:54.909961+00:00"", ""next_dusk"": ""2025-07-25T20:48:15.098712+00:00"", ""next_midnight"": ""2025-07-26T02:40:37+00:00"", ""next_noon"": ""2025-07-25T14:40:37+00:00"", ""next_rising"": ""2025-07-26T08:55:47.118508+00:00"", ""next_setting"": ""2025-07-25T20:25:21.448131+00:00"", ""elevation"": 30.72, ""azimuth"": 57.57, ""rising"": true, ""friendly_name"": ""Sun""}"
2025-07-25T08:19:10.260967,automation.aut_status_bruno,on,on,"{""id"": ""1751855857509"", ""last_triggered"": ""2025-07-25T11:19:10.253229+00:00"", ""mode"": ""single"", ""current"": 1, ""friendly_name"": ""aut-status-bruno""}"
2025-07-25T08:19:10.263211,automation.aut_status_bruno,on,on,"{""id"": ""1751855857509"", ""last_triggered"": ""2025-07-25T11:19:10.253229+00:00"", ""mode"": ""single"", ""current"": 0, ""friendly_name"": ""aut-status-bruno""}"
2025-07-25T08:19:39.248999,sensor.upnp_igd_data_received,2398156717,2398232408,"{""state_class"": ""total_increasing"", ""unit_of_measurement"": ""B"", ""device_class"": ""data_size"", ""friendly_name"": ""UPNP IGD Data received""}"
2025-07-25T08:19:39.251789,sensor.upnp_igd_data_sent,2908993246,2909000570,"{""state_class"": ""total_increasing"", ""unit_of_measurement"": ""B"", ""device_class"": ""data_size"", ""friendly_name"": ""UPNP IGD Data sent""}"
2025-07-25T08:19:39.253340,sensor.upnp_igd_packets_received,32645678,32646746,"{""state_class"": ""total_increasing"", ""unit_of_measurement"": ""packets"", ""friendly_name"": ""UPNP IGD Packets received""}"
2025-07-25T08:19:39.254751,sensor.upnp_igd_packets_sent,10457170,10457231,"{""state_class"": ""total_increasing"", ""unit_of_measurement"": ""packets"", ""friendly_name"": ""UPNP IGD Packets sent""}"
2025-07-25T08:19:39.256158,sensor.upnp_igd_uptime,258906,258936,"{""unit_of_measurement"": ""s"", ""device_class"": ""duration"", ""friendly_name"": ""UPNP IGD Uptime""}"
2025-07-25T08:19:39.257681,sensor.upnp_igd_download_speed,2.77181439366906,2.46396766295858,"{""state_class"": ""measurement"", ""unit_of_measurement"": ""KiB/s"", ""device_class"": ""data_rate"", ""friendly_name"": ""UPNP IGD Download speed""}"
2025-07-25T08:19:39.259147,sensor.upnp_igd_upload_speed,0.748414951729855,0.238418030723714,"{""state_class"": ""measurement"", ""unit_of_measurement"": ""KiB/s"", ""device_class"": ""data_rate"", ""friendly_name"": ""UPNP IGD Upload speed""}"
2025-07-25T08:19:39.260616,sensor.upnp_igd_packet_download_speed,35.4004731863249,35.6009814003873,"{""state_class"": ""measurement"", ""unit_of_measurement"": ""packets/s"", ""friendly_name"": ""UPNP IGD Packet download speed""}"
2025-07-25T08:19:39.262004,sensor.upnp_igd_packet_upload_speed,3.53338056285352,2.03338938710077,"{""state_class"": ""measurement"", ""unit_of_measurement"": ""packets/s"", ""friendly_name"": ""UPNP IGD Packet upload speed""}"
2025-07-25T08:20:09.248099,sensor.upnp_igd_data_received,2398232408,2398541466,"{""state_class"": ""total_increasing"", ""unit_of_measurement"": ""B"", ""device_class"": ""data_size"", ""friendly_name"": ""UPNP IGD Data received""}"
2025-07-25T08:20:09.251053,sensor.upnp_igd_data_sent,2909000570,2909100180,"{""state_class"": ""total_increasing"", ""unit_of_measurement"": ""B"", ""device_class"": ""data_size"", ""friendly_name"": ""UPNP IGD Data sent""}"
2025-07-25T08:20:09.290992,sensor.upnp_igd_packets_received,32646746,32648227,"{""state_class"": ""total_increasing"", ""unit_of_measurement"": ""packets"", ""friendly_name"": ""UPNP IGD Packets received""}"
2025-07-25T08:20:09.292437,sensor.upnp_igd_packets_sent,10457231,10457676,"{""state_class"": ""total_increasing"", ""unit_of_measurement"": ""packets"", ""friendly_name"": ""UPNP IGD Packets sent""}"
2025-07-25T08:20:09.293803,sensor.upnp_igd_uptime,258936,258966,"{""unit_of_measurement"": ""s"", ""device_class"": ""duration"", ""friendly_name"": ""UPNP IGD Uptime""}"
2025-07-25T08:20:09.298895,sensor.upnp_igd_download_speed,2.46396766295858,10.0604321393681,"{""state_class"": ""measurement"", ""unit_of_measurement"": ""KiB/s"", ""device_class"": ""data_rate"", ""friendly_name"": ""UPNP IGD Download speed""}"
2025-07-25T08:20:09.300586,sensor.upnp_igd_upload_speed,0.238418030723714,3.24249702451468,"{""state_class"": ""measurement"", ""unit_of_measurement"": ""KiB/s"", ""device_class"": ""data_rate"", ""friendly_name"": ""UPNP IGD Upload speed""}"
2025-07-25T08:20:09.302324,sensor.upnp_igd_packet_download_speed,35.6009814003873,49.3664231256459,"{""state_class"": ""measurement"", ""unit_of_measurement"": ""packets/s"", ""friendly_name"": ""UPNP IGD Packet download speed""}"
2025-07-25T08:20:09.303795,sensor.upnp_igd_packet_upload_speed,2.03338938710077,14.8332601559166,"{""state_class"": ""measurement"", ""unit_of_measurement"": ""packets/s"", ""friendly_name"": ""UPNP IGD Packet upload speed""}"
2025-07-25T08:20:10.260416,automation.aut_status_bruno,on,on,"{""id"": ""1751855857509"", ""last_triggered"": ""2025-07-25T11:20:10.252289+00:00"", ""mode"": ""single"", ""current"": 1, ""friendly_name"": ""aut-status-bruno""}"
2025-07-25T08:20:10.262758,automation.aut_status_bruno,on,on,"{""id"": ""1751855857509"", ""last_triggered"": ""2025-07-25T11:20:10.252289+00:00"", ""mode"": ""single"", ""current"": 0, ""friendly_name"": ""aut-status-bruno""}"
2025-07-25T08:20:16.672563,sensor.tauntaum_power,1,1,"{""state_class"": ""measurement"", ""power_consumption_start"": ""2025-07-25T11:05:45Z"", ""power_consumption_end"": ""2025-07-25T11:20:16Z"", ""unit_of_measurement"": ""W"", ""device_class"": ""power"", ""friendly_name"": ""Tauntaum Power""}"
2025-07-25T08:20:16.675566,sensor.tauntaum_energy_difference,0.002,0.0,"{""state_class"": ""total"", ""unit_of_measurement"": ""kWh"", ""device_class"": ""energy"", ""friendly_name"": ""Tauntaum Energy difference""}"
2025-07-25T08:20:16.677825,sensor.tauntaum_power_energy,0.0201094000005722,0.000242080555558205,"{""state_class"": ""total"", ""unit_of_measurement"": ""kWh"", ""device_class"": ""energy"", ""friendly_name"": ""Tauntaum Power energy""}"
2025-07-25T08:20:25.055394,sensor.tomada_mesa_de_trabalho_current,0.092,0.098,"{""state_class"": ""measurement"", ""unit_of_measurement"": ""A"", ""device_class"": ""current"", ""friendly_name"": ""Tomada mesa de trabalho Current""}"
2025-07-25T08:20:25.057031,sensor.tomada_mesa_de_trabalho_power,4.7,5.5,"{""state_class"": ""measurement"", ""unit_of_measurement"": ""W"", ""device_class"": ""power"", ""friendly_name"": ""Tomada mesa de trabalho Power""}"
2025-07-25T08:20:25.058476,sensor.tomada_mesa_de_trabalho_voltage,132.5,129.1,"{""state_class"": ""measurement"", ""unit_of_measurement"": ""V"", ""device_class"": ""voltage"", ""friendly_name"": ""Tomada mesa de trabalho Voltage""}"
2025-07-25T08:20:39.240535,sensor.upnp_igd_data_received,2398541466,2398615070,"{""state_class"": ""total_increasing"", ""unit_of_measurement"": ""B"", ""device_class"": ""data_size"", ""friendly_name"": ""UPNP IGD Data received""}"
2025-07-25T08:20:39.243600,sensor.upnp_igd_data_sent,2909100180,2909109541,"{""state_class"": ""total_increasing"", ""unit_of_measurement"": ""B"", ""device_class"": ""data_size"", ""friendly_name"": ""UPNP IGD Data sent""}"
2025-07-25T08:20:39.245554,sensor.upnp_igd_packets_received,32648227,32649244,"{""state_class"": ""total_increasing"", ""unit_of_measurement"": ""packets"", ""friendly_name"": ""UPNP IGD Packets received""}"
2025-07-25T08:20:39.247340,sensor.upnp_igd_packets_sent,10457676,10457737,"{""state_class"": ""total_increasing"", ""unit_of_measurement"": ""packets"", ""friendly_name"": ""UPNP IGD Packets sent""}"
2025-07-25T08:20:39.249059,sensor.upnp_igd_uptime,258966,258996,"{""unit_of_measurement"": ""s"", ""device_class"": ""duration"", ""friendly_name"": ""UPNP IGD Uptime""}"
2025-07-25T08:20:39.250764,sensor.upnp_igd_download_speed,10.0604321393681,2.39593854404119,"{""state_class"": ""measurement"", ""unit_of_measurement"": ""KiB/s"", ""device_class"": ""data_rate"", ""friendly_name"": ""UPNP IGD Download speed""}"
2025-07-25T08:20:39.252519,sensor.upnp_igd_upload_speed,3.24249702451468,0.304716872870626,"{""state_class"": ""measurement"", ""unit_of_measurement"": ""KiB/s"", ""device_class"": ""data_rate"", ""friendly_name"": ""UPNP IGD Upload speed""}"
2025-07-25T08:20:39.254221,sensor.upnp_igd_packet_download_speed,49.3664231256459,33.8996463136901,"{""state_class"": ""measurement"", ""unit_of_measurement"": ""packets/s"", ""friendly_name"": ""UPNP IGD Packet download speed""}"
2025-07-25T08:20:39.256013,sensor.upnp_igd_packet_upload_speed,14.8332601559166,2.03331211911022,"{""state_class"": ""measurement"", ""unit_of_measurement"": ""packets/s"", ""friendly_name"": ""UPNP IGD Packet upload speed""}"
2025-07-25T08:21:09.237452,sensor.upnp_igd_data_received,2398615070,2398691716,"{""state_class"": ""total_increasing"", ""unit_of_measurement"": ""B"", ""device_class"": ""data_size"", ""friendly_name"": ""UPNP IGD Data received""}"
2025-07-25T08:21:09.240667,sensor.upnp_igd_data_sent,2909109541,2909119602,"{""state_class"": ""total_increasing"", ""unit_of_measurement"": ""B"", ""device_class"": ""data_size"", ""friendly_name"": ""UPNP IGD Data sent""}"
2025-07-25T08:21:09.242245,sensor.upnp_igd_packets_received,32649244,32650329,"{""state_class"": ""total_increasing"", ""unit_of_measurement"": ""packets"", ""friendly_name"": ""UPNP IGD Packets received""}"
2025-07-25T08:21:09.243850,sensor.upnp_igd_packets_sent,10457737,10457803,"{""state_class"": ""total_increasing"", ""unit_of_measurement"": ""packets"", ""friendly_name"": ""UPNP IGD Packets sent""}"
2025-07-25T08:21:09.245189,sensor.upnp_igd_uptime,258996,259026,"{""unit_of_measurement"": ""s"", ""device_class"": ""duration"", ""friendly_name"": ""UPNP IGD Uptime""}"
2025-07-25T08:21:09.246539,sensor.upnp_igd_download_speed,2.39593854404119,2.49498872565877,"{""state_class"": ""measurement"", ""unit_of_measurement"": ""KiB/s"", ""device_class"": ""data_rate"", ""friendly_name"": ""UPNP IGD Download speed""}"
2025-07-25T08:21:09.247973,sensor.upnp_igd_upload_speed,0.304716872870626,0.327506739671384,"{""state_class"": ""measurement"", ""unit_of_measurement"": ""KiB/s"", ""device_class"": ""data_rate"", ""friendly_name"": ""UPNP IGD Upload speed""}"
2025-07-25T08:21:09.249338,sensor.upnp_igd_packet_download_speed,33.8996463136901,36.1666919833511,"{""state_class"": ""measurement"", ""unit_of_measurement"": ""packets/s"", ""friendly_name"": ""UPNP IGD Packet download speed""}"
2025-07-25T08:21:09.250737,sensor.upnp_igd_packet_upload_speed,2.03331211911022,2.20000154000108,"{""state_class"": ""measurement"", ""unit_of_measurement"": ""packets/s"", ""friendly_name"": ""UPNP IGD Packet upload speed""}"
2025-07-25T08:21:10.259984,automation.aut_status_bruno,on,on,"{""id"": ""1751855857509"", ""last_triggered"": ""2025-07-25T11:21:10.252696+00:00"", ""mode"": ""single"", ""current"": 1, ""friendly_name"": ""aut-status-bruno""}"
2025-07-25T08:21:10.261993,automation.aut_status_bruno,on,on,"{""id"": ""1751855857509"", ""last_triggered"": ""2025-07-25T11:21:10.252696+00:00"", ""mode"": ""single"", ""current"": 0, ""friendly_name"": ""aut-status-bruno""}"
2025-07-25T08:21:39.238509,sensor.upnp_igd_data_received,2398691716,2398765928,"{""state_class"": ""total_increasing"", ""unit_of_measurement"": ""B"", ""device_class"": ""data_size"", ""friendly_name"": ""UPNP IGD Data received""}"
2025-07-25T08:21:39.241291,sensor.upnp_igd_data_sent,2909119602,2909127094,"{""state_class"": ""total_increasing"", ""unit_of_measurement"": ""B"", ""device_class"": ""data_size"", ""friendly_name"": ""UPNP IGD Data sent""}"
2025-07-25T08:21:39.242788,sensor.upnp_igd_packets_received,32650329,32651347,"{""state_class"": ""total_increasing"", ""unit_of_measurement"": ""packets"", ""friendly_name"": ""UPNP IGD Packets received""}"
2025-07-25T08:21:39.244233,sensor.upnp_igd_packets_sent,10457803,10457873,"{""state_class"": ""total_increasing"", ""unit_of_measurement"": ""packets"", ""friendly_name"": ""UPNP IGD Packets sent""}"
2025-07-25T08:21:39.245638,sensor.upnp_igd_uptime,259026,259056,"{""unit_of_measurement"": ""s"", ""device_class"": ""duration"", ""friendly_name"": ""UPNP IGD Uptime""}"
2025-07-25T08:21:39.247018,sensor.upnp_igd_download_speed,2.49498872565877,2.41578290931069,"{""state_class"": ""measurement"", ""unit_of_measurement"": ""KiB/s"", ""device_class"": ""data_rate"", ""friendly_name"": ""UPNP IGD Download speed""}"
2025-07-25T08:21:39.248461,sensor.upnp_igd_upload_speed,0.327506739671384,0.243883004858456,"{""state_class"": ""measurement"", ""unit_of_measurement"": ""KiB/s"", ""device_class"": ""data_rate"", ""friendly_name"": ""UPNP IGD Upload speed""}"
2025-07-25T08:21:39.249818,sensor.upnp_igd_packet_download_speed,36.1666919833511,33.9337224400173,"{""state_class"": ""measurement"", ""unit_of_measurement"": ""packets/s"", ""friendly_name"": ""UPNP IGD Packet download speed""}"
2025-07-25T08:21:39.251281,sensor.upnp_igd_packet_upload_speed,2.20000154000108,2.33336008919569,"{""state_class"": ""measurement"", ""unit_of_measurement"": ""packets/s"", ""friendly_name"": ""UPNP IGD Packet upload speed""}"
2025-07-25T08:22:09.239429,sensor.upnp_igd_data_received,2398765928,2398840011,"{""state_class"": ""total_increasing"", ""unit_of_measurement"": ""B"", ""device_class"": ""data_size"", ""friendly_name"": ""UPNP IGD Data received""}"
2025-07-25T08:22:09.242203,sensor.upnp_igd_data_sent,2909127094,2909136473,"{""state_class"": ""total_increasing"", ""unit_of_measurement"": ""B"", ""device_class"": ""data_size"", ""friendly_name"": ""UPNP IGD Data sent""}"
2025-07-25T08:22:09.243723,sensor.upnp_igd_packets_received,32651347,32652394,"{""state_class"": ""total_increasing"", ""unit_of_measurement"": ""packets"", ""friendly_name"": ""UPNP IGD Packets received""}"
2025-07-25T08:22:09.245131,sensor.upnp_igd_packets_sent,10457873,10457937,"{""state_class"": ""total_increasing"", ""unit_of_measurement"": ""packets"", ""friendly_name"": ""UPNP IGD Packets sent""}"
2025-07-25T08:22:09.246414,sensor.upnp_igd_uptime,259056,259086,"{""unit_of_measurement"": ""s"", ""device_class"": ""duration"", ""friendly_name"": ""UPNP IGD Uptime""}"
2025-07-25T08:22:09.247855,sensor.upnp_igd_download_speed,2.41578290931069,2.41154015380299,"{""state_class"": ""measurement"", ""unit_of_measurement"": ""KiB/s"", ""device_class"": ""data_rate"", ""friendly_name"": ""UPNP IGD Download speed""}"
2025-07-25T08:22:09.249245,sensor.upnp_igd_upload_speed,0.243883004858456,0.305303984753833,"{""state_class"": ""measurement"", ""unit_of_measurement"": ""KiB/s"", ""device_class"": ""data_rate"", ""friendly_name"": ""UPNP IGD Upload speed""}"
2025-07-25T08:22:09.250570,sensor.upnp_igd_packet_download_speed,33.9337224400173,34.8997708248382,"{""state_class"": ""measurement"", ""unit_of_measurement"": ""packets/s"", ""friendly_name"": ""UPNP IGD Packet download speed""}"
2025-07-25T08:22:09.251967,sensor.upnp_igd_packet_upload_speed,2.33336008919569,2.13331932453644,"{""state_class"": ""measurement"", ""unit_of_measurement"": ""packets/s"", ""friendly_name"": ""UPNP IGD Packet upload speed""}"
2025-07-25T08:22:10.259666,automation.aut_status_bruno,on,on,"{""id"": ""1751855857509"", ""last_triggered"": ""2025-07-25T11:22:10.252871+00:00"", ""mode"": ""single"", ""current"": 1, ""friendly_name"": ""aut-status-bruno""}"
2025-07-25T08:22:10.261872,automation.aut_status_bruno,on,on,"{""id"": ""1751855857509"", ""last_triggered"": ""2025-07-25T11:22:10.252871+00:00"", ""mode"": ""single"", ""current"": 0, ""friendly_name"": ""aut-status-bruno""}"
2025-07-25T08:22:39.238650,sensor.upnp_igd_data_received,2398840011,2399076945,"{""state_class"": ""total_increasing"", ""unit_of_measurement"": ""B"", ""device_class"": ""data_size"", ""friendly_name"": ""UPNP IGD Data received""}"
2025-07-25T08:22:39.241444,sensor.upnp_igd_data_sent,2909136473,2909232995,"{""state_class"": ""total_increasing"", ""unit_of_measurement"": ""B"", ""device_class"": ""data_size"", ""friendly_name"": ""UPNP IGD Data sent""}"
2025-07-25T08:22:39.242936,sensor.upnp_igd_packets_received,32652394,32653736,"{""state_class"": ""total_increasing"", ""unit_of_measurement"": ""packets"", ""friendly_name"": ""UPNP IGD Packets received""}"
2025-07-25T08:22:39.244387,sensor.upnp_igd_packets_sent,10457937,10458294,"{""state_class"": ""total_increasing"", ""unit_of_measurement"": ""packets"", ""friendly_name"": ""UPNP IGD Packets sent""}"
2025-07-25T08:22:39.245814,sensor.upnp_igd_uptime,259086,259116,"{""unit_of_measurement"": ""s"", ""device_class"": ""duration"", ""friendly_name"": ""UPNP IGD Uptime""}"
2025-07-25T08:22:39.247233,sensor.upnp_igd_download_speed,2.41154015380299,7.71271896483816,"{""state_class"": ""measurement"", ""unit_of_measurement"": ""KiB/s"", ""device_class"": ""data_rate"", ""friendly_name"": ""UPNP IGD Download speed""}"
2025-07-25T08:22:39.248795,sensor.upnp_igd_upload_speed,0.305303984753833,3.14200182297226,"{""state_class"": ""measurement"", ""unit_of_measurement"": ""KiB/s"", ""device_class"": ""data_rate"", ""friendly_name"": ""UPNP IGD Upload speed""}"
2025-07-25T08:22:39.250220,sensor.upnp_igd_packet_download_speed,34.8997708248382,44.7334705159762,"{""state_class"": ""measurement"", ""unit_of_measurement"": ""packets/s"", ""friendly_name"": ""UPNP IGD Packet download speed""}"
2025-07-25T08:22:39.251658,sensor.upnp_igd_packet_upload_speed,2.13331932453644,11.9000364934452,"{""state_class"": ""measurement"", ""unit_of_measurement"": ""packets/s"", ""friendly_name"": ""UPNP IGD Packet upload speed""}"
2025-07-25T08:22:52.457436,camera.192_168_0_33,idle,idle,"{""access_token"": ""67d06df8810a303e7875f970fb97bde56d96412ad343dfe1380951b00794995b"", ""entity_picture"": ""/api/camera_proxy/camera.192_168_0_33?token=67d06df8810a303e7875f970fb97bde56d96412ad343dfe1380951b00794995b"", ""friendly_name"": ""192_168_0_14"", ""supported_features"": 2}"
2025-07-25T08:22:52.459177,camera.admin_mainstream,idle,idle,"{""access_token"": ""d083f5bbaa87455168cdfc4002a448f2c6a63f16121b20100dc53d09a36a2437"", ""entity_picture"": ""/api/camera_proxy/camera.admin_mainstream?token=d083f5bbaa87455168cdfc4002a448f2c6a63f16121b20100dc53d09a36a2437"", ""friendly_name"": ""admin MainStream"", ""supported_features"": 2}"
2025-07-25T08:22:52.460905,camera.admin_substream,idle,idle,"{""access_token"": ""45d160469e0a0dfa5407adc1084c57f92827fc92af520f59e6ca7fb021c23cc"", ""entity_picture"": ""/api/camera_proxy/camera.admin_substream?token=45d160469e0a0dfa5407adc1084c57f92827fc92af520f59e6ca7fb021c23cc"", ""friendly_name"": ""admin SubStream"", ""supported_features"": 2}"
2025-07-25T08:23:09.241773,sensor.upnp_igd_data_received,2399076945,2399727763,"{""state_class"": ""total_increasing"", ""unit_of_measurement"": ""B"", ""device_class"": ""data_size"", ""friendly_name"": ""UPNP IGD Data received""}"
2025-07-25T08:23:09.244228,sensor.upnp_igd_data_sent,2909232995,2909289707,"{""state_class"": ""total_increasing"", ""unit_of_measurement"": ""B"", ""device_class"": ""data_size"", ""friendly_name"": ""UPNP IGD Data sent""}"
2025-07-25T08:23:09.246112,sensor.upnp_igd_packets_received,32653736,32655281,"{""state_class"": ""total_increasing"", ""unit_of_measurement"": ""packets"", ""friendly_name"": ""UPNP IGD Packets received""}"
2025-07-25T08:23:09.247815,sensor.upnp_igd_packets_sent,10458294,10458544,"{""state_class"": ""total_increasing"", ""unit_of_measurement"": ""packets"", ""friendly_name"": ""UPNP IGD Packets sent""}"
2025-07-25T08:23:09.249394,sensor.upnp_igd_uptime,259116,259146,"{""unit_of_measurement"": ""s"", ""device_class"": ""duration"", ""friendly_name"": ""UPNP IGD Uptime""}"
2025-07-25T08:23:09.250921,sensor.upnp_igd_download_speed,7.71271896483816,21.1852677996286,"{""state_class"": ""measurement"", ""unit_of_measurement"": ""KiB/s"", ""device_class"": ""data_rate"", ""friendly_name"": ""UPNP IGD Download speed""}"
2025-07-25T08:23:09.252464,sensor.upnp_igd_upload_speed,3.14200182297226,1.84607510464144,"{""state_class"": ""measurement"", ""unit_of_measurement"": ""KiB/s"", ""device_class"": ""data_rate"", ""friendly_name"": ""UPNP IGD Upload speed""}"
2025-07-25T08:23:09.254027,sensor.upnp_igd_packet_download_speed,44.7334705159762,51.4994798552535,"{""state_class"": ""measurement"", ""unit_of_measurement"": ""packets/s"", ""friendly_name"": ""UPNP IGD Packet download speed""}"
2025-07-25T08:23:09.255640,sensor.upnp_igd_packet_upload_speed,11.9000364934452,8.33324916751674,"{""state_class"": ""measurement"", ""unit_of_measurement"": ""packets/s"", ""friendly_name"": ""UPNP IGD Packet upload speed""}"
2025-07-25T08:23:10.137479,sun.sun,above_horizon,above_horizon,"{""next_dawn"": ""2025-07-26T08:32:54.909961+00:00"", ""next_dusk"": ""2025-07-25T20:48:15.098712+00:00"", ""next_midnight"": ""2025-07-26T02:40:37+00:00"", ""next_noon"": ""2025-07-25T14:40:37+00:00"", ""next_rising"": ""2025-07-26T08:55:47.118508+00:00"", ""next_setting"": ""2025-07-25T20:25:21.448131+00:00"", ""elevation"": 31.54, ""azimuth"": 57.03, ""rising"": true, ""friendly_name"": ""Sun""}"
2025-07-25T08:23:10.261830,automation.aut_status_bruno,on,on,"{""id"": ""1751855857509"", ""last_triggered"": ""2025-07-25T11:23:10.252841+00:00"", ""mode"": ""single"", ""current"": 1, ""friendly_name"": ""aut-status-bruno""}"
2025-07-25T08:23:10.264968,automation.aut_status_bruno,on,on,"{""id"": ""1751855857509"", ""last_triggered"": ""2025-07-25T11:23:10.252841+00:00"", ""mode"": ""single"", ""current"": 0, ""friendly_name"": ""aut-status-bruno""}"
2025-07-25T08:23:39.238279,sensor.upnp_igd_data_received,2399727763,2399897554,"{""state_class"": ""total_increasing"", ""unit_of_measurement"": ""B"", ""device_class"": ""data_size"", ""friendly_name"": ""UPNP IGD Data received""}"
2025-07-25T08:23:39.240775,sensor.upnp_igd_data_sent,2909289707,2909335010,"{""state_class"": ""total_increasing"", ""unit_of_measurement"": ""B"", ""device_class"": ""data_size"", ""friendly_name"": ""UPNP IGD Data sent""}"
2025-07-25T08:23:39.242451,sensor.upnp_igd_packets_received,32655281,32656543,"{""state_class"": ""total_increasing"", ""unit_of_measurement"": ""packets"", ""friendly_name"": ""UPNP IGD Packets received""}"
2025-07-25T08:23:39.244017,sensor.upnp_igd_packets_sent,10458544,10458776,"{""state_class"": ""total_increasing"", ""unit_of_measurement"": ""packets"", ""friendly_name"": ""UPNP IGD Packets sent""}"
2025-07-25T08:23:39.245486,sensor.upnp_igd_uptime,259146,259176,"{""unit_of_measurement"": ""s"", ""device_class"": ""duration"", ""friendly_name"": ""UPNP IGD Uptime""}"
2025-07-25T08:23:39.246957,sensor.upnp_igd_download_speed,21.1852677996286,5.5270205668709,"{""state_class"": ""measurement"", ""unit_of_measurement"": ""KiB/s"", ""device_class"": ""data_rate"", ""friendly_name"": ""UPNP IGD Download speed""}"
2025-07-25T08:23:39.248405,sensor.upnp_igd_upload_speed,1.84607510464144,1.4746989695623,"{""state_class"": ""measurement"", ""unit_of_measurement"": ""KiB/s"", ""device_class"": ""data_rate"", ""friendly_name"": ""UPNP IGD Upload speed""}"
2025-07-25T08:23:39.249784,sensor.upnp_igd_packet_download_speed,51.4994798552535,42.0664367034794,"{""state_class"": ""measurement"", ""unit_of_measurement"": ""packets/s"", ""friendly_name"": ""UPNP IGD Packet download speed""}"
2025-07-25T08:23:39.251157,sensor.upnp_igd_packet_upload_speed,8.33324916751674,7.73329105800888,"{""state_class"": ""measurement"", ""unit_of_measurement"": ""packets/s"", ""friendly_name"": ""UPNP IGD Packet upload speed""}"
2025-07-25T08:24:09.245035,sensor.upnp_igd_data_received,2399897554,2400040119,"{""state_class"": ""total_increasing"", ""unit_of_measurement"": ""B"", ""device_class"": ""data_size"", ""friendly_name"": ""UPNP IGD Data received""}"
2025-07-25T08:24:09.247516,sensor.upnp_igd_data_sent,2909335010,2909401839,"{""state_class"": ""total_increasing"", ""unit_of_measurement"": ""B"", ""device_class"": ""data_size"", ""friendly_name"": ""UPNP IGD Data sent""}"
2025-07-25T08:24:09.249152,sensor.upnp_igd_packets_received,32656543,32657776,"{""state_class"": ""total_increasing"", ""unit_of_measurement"": ""packets"", ""friendly_name"": ""UPNP IGD Packets received""}"
2025-07-25T08:24:09.250573,sensor.upnp_igd_packets_sent,10458776,10459052,"{""state_class"": ""total_increasing"", ""unit_of_measurement"": ""packets"", ""friendly_name"": ""UPNP IGD Packets sent""}"
2025-07-25T08:24:09.251926,sensor.upnp_igd_uptime,259176,259206,"{""unit_of_measurement"": ""s"", ""device_class"": ""duration"", ""friendly_name"": ""UPNP IGD Uptime""}"
2025-07-25T08:24:09.253588,sensor.upnp_igd_download_speed,5.5270205668709,4.64088645660198,"{""state_class"": ""measurement"", ""unit_of_measurement"": ""KiB/s"", ""device_class"": ""data_rate"", ""friendly_name"": ""UPNP IGD Download speed""}"
2025-07-25T08:24:09.255401,sensor.upnp_igd_upload_speed,1.4746989695623,2.1754694420668,"{""state_class"": ""measurement"", ""unit_of_measurement"": ""KiB/s"", ""device_class"": ""data_rate"", ""friendly_name"": ""UPNP IGD Upload speed""}"
2025-07-25T08:24:09.256966,sensor.upnp_igd_packet_download_speed,42.0664367034794,41.1008740785887,"{""state_class"": ""measurement"", ""unit_of_measurement"": ""packets/s"", ""friendly_name"": ""UPNP IGD Packet download speed""}"
2025-07-25T08:24:09.258403,sensor.upnp_igd_packet_upload_speed,7.73329105800888,9.20019565749432,"{""state_class"": ""measurement"", ""unit_of_measurement"": ""packets/s"", ""friendly_name"": ""UPNP IGD Packet upload speed""}"
2025-07-25T08:24:10.260275,automation.aut_status_bruno,on,on,"{""id"": ""1751855857509"", ""last_triggered"": ""2025-07-25T11:24:10.253048+00:00"", ""mode"": ""single"", ""current"": 1, ""friendly_name"": ""aut-status-bruno""}"
2025-07-25T08:24:10.262322,automation.aut_status_bruno,on,on,"{""id"": ""1751855857509"", ""last_triggered"": ""2025-07-25T11:24:10.253048+00:00"", ""mode"": ""single"", ""current"": 0, ""friendly_name"": ""aut-status-bruno""}"
2025-07-25T08:24:39.237969,sensor.upnp_igd_data_received,2400040119,2400246560,"{""state_class"": ""total_increasing"", ""unit_of_measurement"": ""B"", ""device_class"": ""data_size"", ""friendly_name"": ""UPNP IGD Data received""}"
2025-07-25T08:24:39.240716,sensor.upnp_igd_data_sent,2909401839,2909470171,"{""state_class"": ""total_increasing"", ""unit_of_measurement"": ""B"", ""device_class"": ""data_size"", ""friendly_name"": ""UPNP IGD Data sent""}"
2025-07-25T08:24:39.242303,sensor.upnp_igd_packets_received,32657776,32659089,"{""state_class"": ""total_increasing"", ""unit_of_measurement"": ""packets"", ""friendly_name"": ""UPNP IGD Packets received""}"
2025-07-25T08:24:39.243824,sensor.upnp_igd_packets_sent,10459052,10459353,"{""state_class"": ""total_increasing"", ""unit_of_measurement"": ""packets"", ""friendly_name"": ""UPNP IGD Packets sent""}"
2025-07-25T08:24:39.245187,sensor.upnp_igd_uptime,259206,259238,"{""unit_of_measurement"": ""s"", ""device_class"": ""duration"", ""friendly_name"": ""UPNP IGD Uptime""}"
2025-07-25T08:24:39.246575,sensor.upnp_igd_download_speed,4.64088645660198,6.72000421936618,"{""state_class"": ""measurement"", ""unit_of_measurement"": ""KiB/s"", ""device_class"": ""data_rate"", ""friendly_name"": ""UPNP IGD Download speed""}"
2025-07-25T08:24:39.248093,sensor.upnp_igd_upload_speed,2.1754694420668,2.22432234060932,"{""state_class"": ""measurement"", ""unit_of_measurement"": ""KiB/s"", ""device_class"": ""data_rate"", ""friendly_name"": ""UPNP IGD Upload speed""}"
2025-07-25T08:24:39.249582,sensor.upnp_igd_packet_download_speed,41.1008740785887,43.7661429318229,"{""state_class"": ""measurement"", ""unit_of_measurement"": ""packets/s"", ""friendly_name"": ""UPNP IGD Packet download speed""}"
2025-07-25T08:24:39.251096,sensor.upnp_igd_packet_upload_speed,9.20019565749432,10.0332132692145,"{""state_class"": ""measurement"", ""unit_of_measurement"": ""packets/s"", ""friendly_name"": ""UPNP IGD Packet upload speed""}"
2025-07-25T08:25:09.238759,sensor.upnp_igd_data_received,2400246560,2400321269,"{""state_class"": ""total_increasing"", ""unit_of_measurement"": ""B"", ""device_class"": ""data_size"", ""friendly_name"": ""UPNP IGD Data received""}"
2025-07-25T08:25:09.240606,sensor.upnp_igd_data_sent,2909470171,2909482730,"{""state_class"": ""total_increasing"", ""unit_of_measurement"": ""B"", ""device_class"": ""data_size"", ""friendly_name"": ""UPNP IGD Data sent""}"
2025-07-25T08:25:09.242124,sensor.upnp_igd_packets_received,32659089,32660136,"{""state_class"": ""total_increasing"", ""unit_of_measurement"": ""packets"", ""friendly_name"": ""UPNP IGD Packets received""}"
2025-07-25T08:25:09.243570,sensor.upnp_igd_packets_sent,10459353,10459437,"{""state_class"": ""total_increasing"", ""unit_of_measurement"": ""packets"", ""friendly_name"": ""UPNP IGD Packets sent""}"
2025-07-25T08:25:09.244902,sensor.upnp_igd_uptime,259238,259268,"{""unit_of_measurement"": ""s"", ""device_class"": ""duration"", ""friendly_name"": ""UPNP IGD Uptime""}"
2025-07-25T08:25:09.246320,sensor.upnp_igd_download_speed,6.72000421936618,2.43191778628439,"{""state_class"": ""measurement"", ""unit_of_measurement"": ""KiB/s"", ""device_class"": ""data_rate"", ""friendly_name"": ""UPNP IGD Download speed""}"
2025-07-25T08:25:09.247747,sensor.upnp_igd_upload_speed,2.22432234060932,0.408818957260111,"{""state_class"": ""measurement"", ""unit_of_measurement"": ""KiB/s"", ""device_class"": ""data_rate"", ""friendly_name"": ""UPNP IGD Upload speed""}"
2025-07-25T08:25:09.249231,sensor.upnp_igd_packet_download_speed,43.7661429318229,34.8997731514745,"{""state_class"": ""measurement"", ""unit_of_measurement"": ""packets/s"", ""friendly_name"": ""UPNP IGD Packet download speed""}"
2025-07-25T08:25:09.250804,sensor.upnp_igd_packet_upload_speed,10.0332132692145,2.7999818001183,"{""state_class"": ""measurement"", ""unit_of_measurement"": ""packets/s"", ""friendly_name"": ""UPNP IGD Packet upload speed""}"
2025-07-25T08:25:10.258603,automation.aut_status_bruno,on,on,"{""id"": ""1751855857509"", ""last_triggered"": ""2025-07-25T11:25:10.252299+00:00"", ""mode"": ""single"", ""current"": 1, ""friendly_name"": ""aut-status-bruno""}"
2025-07-25T08:25:10.260822,automation.aut_status_bruno,on,on,"{""id"": ""1751855857509"", ""last_triggered"": ""2025-07-25T11:25:10.252299+00:00"", ""mode"": ""single"", ""current"": 0, ""friendly_name"": ""aut-status-bruno""}"
2025-07-25T08:25:39.238684,sensor.upnp_igd_data_received,2400321269,2400395313,"{""state_class"": ""total_increasing"", ""unit_of_measurement"": ""B"", ""device_class"": ""data_size"", ""friendly_name"": ""UPNP IGD Data received""}"
2025-07-25T08:25:39.240683,sensor.upnp_igd_data_sent,2909482730,2909489703,"{""state_class"": ""total_increasing"", ""unit_of_measurement"": ""B"", ""device_class"": ""data_size"", ""friendly_name"": ""UPNP IGD Data sent""}"
2025-07-25T08:25:39.242168,sensor.upnp_igd_packets_received,32660136,32661225,"{""state_class"": ""total_increasing"", ""unit_of_measurement"": ""packets"", ""friendly_name"": ""UPNP IGD Packets received""}"
2025-07-25T08:25:39.245062,sensor.upnp_igd_packets_sent,10459437,10459500,"{""state_class"": ""total_increasing"", ""unit_of_measurement"": ""packets"", ""friendly_name"": ""UPNP IGD Packets sent""}"
2025-07-25T08:25:39.246521,sensor.upnp_igd_uptime,259268,259298,"{""unit_of_measurement"": ""s"", ""device_class"": ""duration"", ""friendly_name"": ""UPNP IGD Uptime""}"
2025-07-25T08:25:39.247983,sensor.upnp_igd_download_speed,2.43191778628439,2.41026950610447,"{""state_class"": ""measurement"", ""unit_of_measurement"": ""KiB/s"", ""device_class"": ""data_rate"", ""friendly_name"": ""UPNP IGD Download speed""}"
2025-07-25T08:25:39.249495,sensor.upnp_igd_upload_speed,0.408818957260111,0.226984080628633,"{""state_class"": ""measurement"", ""unit_of_measurement"": ""KiB/s"", ""device_class"": ""data_rate"", ""friendly_name"": ""UPNP IGD Upload speed""}"
2025-07-25T08:25:39.250897,sensor.upnp_igd_packet_download_speed,34.8997731514745,36.2997446917957,"{""state_class"": ""measurement"", ""unit_of_measurement"": ""packets/s"", ""friendly_name"": ""UPNP IGD Packet download speed""}"
2025-07-25T08:25:39.252282,sensor.upnp_igd_packet_upload_speed,2.7999818001183,2.09998523010388,"{""state_class"": ""measurement"", ""unit_of_measurement"": ""packets/s"", ""friendly_name"": ""UPNP IGD Packet upload speed""}"
2025-07-25T08:26:09.242066,sensor.upnp_igd_data_received,2400395313,2400479652,"{""state_class"": ""total_increasing"", ""unit_of_measurement"": ""B"", ""device_class"": ""data_size"", ""friendly_name"": ""UPNP IGD Data received""}"
2025-07-25T08:26:09.244740,sensor.upnp_igd_data_sent,2909489703,2909522150,"{""state_class"": ""total_increasing"", ""unit_of_measurement"": ""B"", ""device_class"": ""data_size"", ""friendly_name"": ""UPNP IGD Data sent""}"
2025-07-25T08:26:09.246150,sensor.upnp_igd_packets_received,32661225,32662324,"{""state_class"": ""total_increasing"", ""unit_of_measurement"": ""packets"", ""friendly_name"": ""UPNP IGD Packets received""}"
2025-07-25T08:26:09.247642,sensor.upnp_igd_packets_sent,10459500,10459610,"{""state_class"": ""total_increasing"", ""unit_of_measurement"": ""packets"", ""friendly_name"": ""UPNP IGD Packets sent""}"
2025-07-25T08:26:09.249075,sensor.upnp_igd_uptime,259298,259328,"{""unit_of_measurement"": ""s"", ""device_class"": ""duration"", ""friendly_name"": ""UPNP IGD Uptime""}"
2025-07-25T08:26:09.250555,sensor.upnp_igd_download_speed,2.41026950610447,2.7454117119833,"{""state_class"": ""measurement"", ""unit_of_measurement"": ""KiB/s"", ""device_class"": ""data_rate"", ""friendly_name"": ""UPNP IGD Download speed""}"
2025-07-25T08:26:09.252071,sensor.upnp_igd_upload_speed,0.226984080628633,1.05621804644023,"{""state_class"": ""measurement"", ""unit_of_measurement"": ""KiB/s"", ""device_class"": ""data_rate"", ""friendly_name"": ""UPNP IGD Upload speed""}"
2025-07-25T08:26:09.253501,sensor.upnp_igd_packet_download_speed,36.2997446917957,36.633354092234,"{""state_class"": ""measurement"", ""unit_of_measurement"": ""packets/s"", ""friendly_name"": ""UPNP IGD Packet download speed""}"
2025-07-25T08:26:09.254859,sensor.upnp_igd_packet_upload_speed,2.09998523010388,3.66666874444562,"{""state_class"": ""measurement"", ""unit_of_measurement"": ""packets/s"", ""friendly_name"": ""UPNP IGD Packet upload speed""}"
2025-07-25T08:26:10.260086,automation.aut_status_bruno,on,on,"{""id"": ""1751855857509"", ""last_triggered"": ""2025-07-25T11:26:10.252392+00:00"", ""mode"": ""single"", ""current"": 1, ""friendly_name"": ""aut-status-bruno""}"
2025-07-25T08:26:10.262682,automation.aut_status_bruno,on,on,"{""id"": ""1751855857509"", ""last_triggered"": ""2025-07-25T11:26:10.252392+00:00"", ""mode"": ""single"", ""current"": 0, ""friendly_name"": ""aut-status-bruno""}"
2025-07-25T08:26:39.250822,sensor.upnp_igd_data_received,2400479652,2400576692,"{""state_class"": ""total_increasing"", ""unit_of_measurement"": ""B"", ""device_class"": ""data_size"", ""friendly_name"": ""UPNP IGD Data received""}"
2025-07-25T08:26:39.253334,sensor.upnp_igd_data_sent,2909522150,2909547764,"{""state_class"": ""total_increasing"", ""unit_of_measurement"": ""B"", ""device_class"": ""data_size"", ""friendly_name"": ""UPNP IGD Data sent""}"
2025-07-25T08:26:39.255513,sensor.upnp_igd_packets_received,32662324,32663434,"{""state_class"": ""total_increasing"", ""unit_of_measurement"": ""packets"", ""friendly_name"": ""UPNP IGD Packets received""}"
2025-07-25T08:26:39.257318,sensor.upnp_igd_packets_sent,10459610,10459737,"{""state_class"": ""total_increasing"", ""unit_of_measurement"": ""packets"", ""friendly_name"": ""UPNP IGD Packets sent""}"
2025-07-25T08:26:39.258954,sensor.upnp_igd_uptime,259328,259358,"{""unit_of_measurement"": ""s"", ""device_class"": ""duration"", ""friendly_name"": ""UPNP IGD Uptime""}"
2025-07-25T08:26:39.260750,sensor.upnp_igd_download_speed,2.7454117119833,3.1588346871861,"{""state_class"": ""measurement"", ""unit_of_measurement"": ""KiB/s"", ""device_class"": ""data_rate"", ""friendly_name"": ""UPNP IGD Download speed""}"
2025-07-25T08:26:39.262444,sensor.upnp_igd_upload_speed,1.05621804644023,0.833783920832488,"{""state_class"": ""measurement"", ""unit_of_measurement"": ""KiB/s"", ""device_class"": ""data_rate"", ""friendly_name"": ""UPNP IGD Upload speed""}"
2025-07-25T08:26:39.264272,sensor.upnp_igd_packet_download_speed,36.633354092234,36.9997718347404,"{""state_class"": ""measurement"", ""unit_of_measurement"": ""packets/s"", ""friendly_name"": ""UPNP IGD Packet download speed""}"
2025-07-25T08:26:39.266024,sensor.upnp_igd_packet_upload_speed,3.66666874444562,4.23330722793876,"{""state_class"": ""measurement"", ""unit_of_measurement"": ""packets/s"", ""friendly_name"": ""UPNP IGD Packet upload speed""}"
2025-07-25T08:27:09.259089,sensor.upnp_igd_data_received,2400576692,2402006497,"{""state_class"": ""total_increasing"", ""unit_of_measurement"": ""B"", ""device_class"": ""data_size"", ""friendly_name"": ""UPNP IGD Data received""}"
2025-07-25T08:27:09.264169,sensor.upnp_igd_data_sent,2909547764,2910223559,"{""state_class"": ""total_increasing"", ""unit_of_measurement"": ""B"", ""device_class"": ""data_size"", ""friendly_name"": ""UPNP IGD Data sent""}"
2025-07-25T08:27:09.267711,sensor.upnp_igd_packets_received,32663434,32666927,"{""state_class"": ""total_increasing"", ""unit_of_measurement"": ""packets"", ""friendly_name"": ""UPNP IGD Packets received""}"
2025-07-25T08:27:09.270881,sensor.upnp_igd_packets_sent,10459737,10461913,"{""state_class"": ""total_increasing"", ""unit_of_measurement"": ""packets"", ""friendly_name"": ""UPNP IGD Packets sent""}"
2025-07-25T08:27:09.274080,sensor.upnp_igd_uptime,259358,259388,"{""unit_of_measurement"": ""s"", ""device_class"": ""duration"", ""friendly_name"": ""UPNP IGD Uptime""}"
2025-07-25T08:27:09.277388,sensor.upnp_igd_download_speed,3.1588346871861,46.54447199121,"{""state_class"": ""measurement"", ""unit_of_measurement"": ""KiB/s"", ""device_class"": ""data_rate"", ""friendly_name"": ""UPNP IGD Download speed""}"
2025-07-25T08:27:09.281015,sensor.upnp_igd_upload_speed,0.833783920832488,21.9991687323095,"{""state_class"": ""measurement"", ""unit_of_measurement"": ""KiB/s"", ""device_class"": ""data_rate"", ""friendly_name"": ""UPNP IGD Upload speed""}"
2025-07-25T08:27:09.284747,sensor.upnp_igd_packet_download_speed,36.9997718347404,116.436686709911,"{""state_class"": ""measurement"", ""unit_of_measurement"": ""packets/s"", ""friendly_name"": ""UPNP IGD Packet download speed""}"
2025-07-25T08:27:09.288137,sensor.upnp_igd_packet_upload_speed,4.23330722793876,72.5354223534971,"{""state_class"": ""measurement"", ""unit_of_measurement"": ""packets/s"", ""friendly_name"": ""UPNP IGD Packet upload speed""}"
2025-07-25T08:27:10.138020,sun.sun,above_horizon,above_horizon,"{""next_dawn"": ""2025-07-26T08:32:54.909961+00:00"", ""next_dusk"": ""2025-07-25T20:48:15.098712+00:00"", ""next_midnight"": ""2025-07-26T02:40:37+00:00"", ""next_noon"": ""2025-07-25T14:40:37+00:00"", ""next_rising"": ""2025-07-26T08:55:47.118508+00:00"", ""next_setting"": ""2025-07-25T20:25:21.448131+00:00"", ""elevation"": 32.36, ""azimuth"": 56.47, ""rising"": true, ""friendly_name"": ""Sun""}"
2025-07-25T08:27:10.261214,automation.aut_status_bruno,on,on,"{""id"": ""1751855857509"", ""last_triggered"": ""2025-07-25T11:27:10.253085+00:00"", ""mode"": ""single"", ""current"": 1, ""friendly_name"": ""aut-status-bruno""}"
2025-07-25T08:27:10.263306,automation.aut_status_bruno,on,on,"{""id"": ""1751855857509"", ""last_triggered"": ""2025-07-25T11:27:10.253085+00:00"", ""mode"": ""single"", ""current"": 0, ""friendly_name"": ""aut-status-bruno""}"
2025-07-25T08:27:39.239551,sensor.upnp_igd_data_received,2402006497,2402444765,"{""state_class"": ""total_increasing"", ""unit_of_measurement"": ""B"", ""device_class"": ""data_size"", ""friendly_name"": ""UPNP IGD Data received""}"
2025-07-25T08:27:39.241167,sensor.upnp_igd_data_sent,2910223559,2910678008,"{""state_class"": ""total_increasing"", ""unit_of_measurement"": ""B"", ""device_class"": ""data_size"", ""friendly_name"": ""UPNP IGD Data sent""}"
2025-07-25T08:27:39.242576,sensor.upnp_igd_packets_received,32666927,32669118,"{""state_class"": ""total_increasing"", ""unit_of_measurement"": ""packets"", ""friendly_name"": ""UPNP IGD Packets received""}"
2025-07-25T08:27:39.243993,sensor.upnp_igd_packets_sent,10461913,10463109,"{""state_class"": ""total_increasing"", ""unit_of_measurement"": ""packets"", ""friendly_name"": ""UPNP IGD Packets sent""}"
2025-07-25T08:27:39.245353,sensor.upnp_igd_uptime,259388,259418,"{""unit_of_measurement"": ""s"", ""device_class"": ""duration"", ""friendly_name"": ""UPNP IGD Uptime""}"
2025-07-25T08:27:39.246764,sensor.upnp_igd_download_speed,46.54447199121,14.2662173706048,"{""state_class"": ""measurement"", ""unit_of_measurement"": ""KiB/s"", ""device_class"": ""data_rate"", ""friendly_name"": ""UPNP IGD Download speed""}"
2025-07-25T08:27:39.248268,sensor.upnp_igd_upload_speed,21.9991687323095,14.7929308501967,"{""state_class"": ""measurement"", ""unit_of_measurement"": ""KiB/s"", ""device_class"": ""data_rate"", ""friendly_name"": ""UPNP IGD Upload speed""}"
2025-07-25T08:27:39.249700,sensor.upnp_igd_packet_download_speed,116.436686709911,73.0316998576465,"{""state_class"": ""measurement"", ""unit_of_measurement"": ""packets/s"", ""friendly_name"": ""UPNP IGD Packet download speed""}"
2025-07-25T08:27:39.251044,sensor.upnp_igd_packet_upload_speed,72.5354223534971,39.8657750021658,"{""state_class"": ""measurement"", ""unit_of_measurement"": ""packets/s"", ""friendly_name"": ""UPNP IGD Packet upload speed""}"
2025-07-25T08:27:49.048152,media_player.dlna_b13_box,unavailable,unknown,"{""friendly_name"": ""DLNA-B13 Box"", ""supported_features"": 512575}"
2025-07-25T08:27:52.458282,camera.192_168_0_33,idle,idle,"{""access_token"": ""16d878a82fff1106be7922b2aaa45f6f1fd786db11738c5d5de846994aae3700"", ""entity_picture"": ""/api/camera_proxy/camera.192_168_0_33?token=16d878a82fff1106be7922b2aaa45f6f1fd786db11738c5d5de846994aae3700"", ""friendly_name"": ""192_168_0_14"", ""supported_features"": 2}"
2025-07-25T08:27:52.460192,camera.admin_mainstream,idle,idle,"{""access_token"": ""86eb7c222bea8a0c113301a4b9137bb5e4cd709d1c9822faac9ac87a0c6d8440"", ""entity_picture"": ""/api/camera_proxy/camera.admin_mainstream?token=86eb7c222bea8a0c113301a4b9137bb5e4cd709d1c9822faac9ac87a0c6d8440"", ""friendly_name"": ""admin MainStream"", ""supported_features"": 2}"
2025-07-25T08:27:52.461927,camera.admin_substream,idle,idle,"{""access_token"": ""6ff949a0902a9498adb658acc1521a8e09cd6fda061ef8a94a68af0eb2ba498c"", ""entity_picture"": ""/api/camera_proxy/camera.admin_substream?token=6ff949a0902a9498adb658acc1521a8e09cd6fda061ef8a94a68af0eb2ba498c"", ""friendly_name"": ""admin SubStream"", ""supported_features"": 2}"
2025-07-25T08:28:01.791585,media_player.dlna_b13_box,unknown,unavailable,"{""friendly_name"": ""DLNA-B13 Box"", ""supported_features"": 512575}"
2025-07-25T08:28:09.237713,sensor.upnp_igd_data_received,2402444765,2403118892,"{""state_class"": ""total_increasing"", ""unit_of_measurement"": ""B"", ""device_class"": ""data_size"", ""friendly_name"": ""UPNP IGD Data received""}"
2025-07-25T08:28:09.240748,sensor.upnp_igd_data_sent,2910678008,2910718158,"{""state_class"": ""total_increasing"", ""unit_of_measurement"": ""B"", ""device_class"": ""data_size"", ""friendly_name"": ""UPNP IGD Data sent""}"
2025-07-25T08:28:09.242520,sensor.upnp_igd_packets_received,32669118,32670654,"{""state_class"": ""total_increasing"", ""unit_of_measurement"": ""packets"", ""friendly_name"": ""UPNP IGD Packets received""}"
2025-07-25T08:28:09.244309,sensor.upnp_igd_packets_sent,10463109,10463346,"{""state_class"": ""total_increasing"", ""unit_of_measurement"": ""packets"", ""friendly_name"": ""UPNP IGD Packets sent""}"
2025-07-25T08:28:09.246002,sensor.upnp_igd_uptime,259418,259448,"{""unit_of_measurement"": ""s"", ""device_class"": ""duration"", ""friendly_name"": ""UPNP IGD Uptime""}"
2025-07-25T08:28:09.247837,sensor.upnp_igd_download_speed,14.2662173706048,21.9444094476437,"{""state_class"": ""measurement"", ""unit_of_measurement"": ""KiB/s"", ""device_class"": ""data_rate"", ""friendly_name"": ""UPNP IGD Download speed""}"
2025-07-25T08:28:09.249572,sensor.upnp_igd_upload_speed,14.7929308501967,1.30697634024879,"{""state_class"": ""measurement"", ""unit_of_measurement"": ""KiB/s"", ""device_class"": ""data_rate"", ""friendly_name"": ""UPNP IGD Upload speed""}"
2025-07-25T08:28:09.251241,sensor.upnp_igd_packet_download_speed,73.0316998576465,51.200399363115,"{""state_class"": ""measurement"", ""unit_of_measurement"": ""packets/s"", ""friendly_name"": ""UPNP IGD Packet download speed""}"
2025-07-25T08:28:09.253154,sensor.upnp_igd_packet_upload_speed,39.8657750021658,7.90006162048064,"{""state_class"": ""measurement"", ""unit_of_measurement"": ""packets/s"", ""friendly_name"": ""UPNP IGD Packet upload speed""}"
2025-07-25T08:28:10.261580,automation.aut_status_bruno,on,on,"{""id"": ""1751855857509"", ""last_triggered"": ""2025-07-25T11:28:10.253220+00:00"", ""mode"": ""single"", ""current"": 1, ""friendly_name"": ""aut-status-bruno""}"
2025-07-25T08:28:10.263819,automation.aut_status_bruno,on,on,"{""id"": ""1751855857509"", ""last_triggered"": ""2025-07-25T11:28:10.253220+00:00"", ""mode"": ""single"", ""current"": 0, ""friendly_name"": ""aut-status-bruno""}"
2025-07-25T08:28:16.654458,weather.home,rainy,partlycloudy,"{""temperature"": 23.6, ""temperature_unit"": ""\u00b0C"", ""pressure_unit"": ""hPa"", ""wind_bearing"": 195, ""wind_speed"": 5.6, ""wind_speed_unit"": ""km/h"", ""visibility_unit"": ""km"", ""precipitation_unit"": ""mm"", ""friendly_name"": ""Home"", ""supported_features"": 3}"
2025-07-25T08:28:39.240561,sensor.upnp_igd_data_received,2403118892,2403195503,"{""state_class"": ""total_increasing"", ""unit_of_measurement"": ""B"", ""device_class"": ""data_size"", ""friendly_name"": ""UPNP IGD Data received""}"
2025-07-25T08:28:39.242331,sensor.upnp_igd_data_sent,2910718158,2910725779,"{""state_class"": ""total_increasing"", ""unit_of_measurement"": ""B"", ""device_class"": ""data_size"", ""friendly_name"": ""UPNP IGD Data sent""}"
2025-07-25T08:28:39.244051,sensor.upnp_igd_packets_received,32670654,32671695,"{""state_class"": ""total_increasing"", ""unit_of_measurement"": ""packets"", ""friendly_name"": ""UPNP IGD Packets received""}"
2025-07-25T08:28:39.245829,sensor.upnp_igd_packets_sent,10463346,10463411,"{""state_class"": ""total_increasing"", ""unit_of_measurement"": ""packets"", ""friendly_name"": ""UPNP IGD Packets sent""}"
2025-07-25T08:28:39.247435,sensor.upnp_igd_uptime,259448,259478,"{""unit_of_measurement"": ""s"", ""device_class"": ""duration"", ""friendly_name"": ""UPNP IGD Uptime""}"
2025-07-25T08:28:39.248918,sensor.upnp_igd_download_speed,21.9444094476437,2.49387716712981,"{""state_class"": ""measurement"", ""unit_of_measurement"": ""KiB/s"", ""device_class"": ""data_rate"", ""friendly_name"": ""UPNP IGD Download speed""}"
2025-07-25T08:28:39.250236,sensor.upnp_igd_upload_speed,1.30697634024879,0.248082362724626,"{""state_class"": ""measurement"", ""unit_of_measurement"": ""KiB/s"", ""device_class"": ""data_rate"", ""friendly_name"": ""UPNP IGD Upload speed""}"
2025-07-25T08:28:39.252100,sensor.upnp_igd_packet_download_speed,51.200399363115,34.7004106215257,"{""state_class"": ""measurement"", ""unit_of_measurement"": ""packets/s"", ""friendly_name"": ""UPNP IGD Packet download speed""}"
2025-07-25T08:28:39.253823,sensor.upnp_igd_packet_upload_speed,7.90006162048064,2.16669230585895,"{""state_class"": ""measurement"", ""unit_of_measurement"": ""packets/s"", ""friendly_name"": ""UPNP IGD Packet upload speed""}"
2025-07-25T08:29:02.151605,weather.forecast_home,rainy,rainy,"{""temperature"": 24.3, ""dew_point"": 19.6, ""temperature_unit"": ""\u00b0C"", ""humidity"": 76, ""cloud_coverage"": 34.4, ""uv_index"": 2.0, ""pressure"": 1019.7, ""pressure_unit"": ""hPa"", ""wind_bearing"": 149.6, ""wind_speed"": 24.5, ""wind_speed_unit"": ""km/h"", ""visibility_unit"": ""km"", ""precipitation_unit"": ""mm"", ""attribution"": ""Weather forecast from met.no, delivered by the Norwegian Meteorological Institute."", ""friendly_name"": ""Forecast Home"", ""supported_features"": 3}"
2025-07-25T08:29:09.238510,sensor.upnp_igd_data_received,2403195503,2403296171,"{""state_class"": ""total_increasing"", ""unit_of_measurement"": ""B"", ""device_class"": ""data_size"", ""friendly_name"": ""UPNP IGD Data received""}"
2025-07-25T08:29:09.240730,sensor.upnp_igd_data_sent,2910725779,2910744803,"{""state_class"": ""total_increasing"", ""unit_of_measurement"": ""B"", ""device_class"": ""data_size"", ""friendly_name"": ""UPNP IGD Data sent""}"
2025-07-25T08:29:09.243389,sensor.upnp_igd_packets_received,32671695,32672816,"{""state_class"": ""total_increasing"", ""unit_of_measurement"": ""packets"", ""friendly_name"": ""UPNP IGD Packets received""}"
2025-07-25T08:29:09.245224,sensor.upnp_igd_packets_sent,10463411,10463547,"{""state_class"": ""total_increasing"", ""unit_of_measurement"": ""packets"", ""friendly_name"": ""UPNP IGD Packets sent""}"
2025-07-25T08:29:09.246831,sensor.upnp_igd_uptime,259478,259508,"{""unit_of_measurement"": ""s"", ""device_class"": ""duration"", ""friendly_name"": ""UPNP IGD Uptime""}"
2025-07-25T08:29:09.249708,sensor.upnp_igd_download_speed,2.49387716712981,3.2768696740523,"{""state_class"": ""measurement"", ""unit_of_measurement"": ""KiB/s"", ""device_class"": ""data_rate"", ""friendly_name"": ""UPNP IGD Download speed""}"
2025-07-25T08:29:09.251994,sensor.upnp_igd_upload_speed,0.248082362724626,0.619255062971063,"{""state_class"": ""measurement"", ""unit_of_measurement"": ""KiB/s"", ""device_class"": ""data_rate"", ""friendly_name"": ""UPNP IGD Upload speed""}"
2025-07-25T08:29:09.253542,sensor.upnp_igd_packet_download_speed,34.7004106215257,37.3657150864558,"{""state_class"": ""measurement"", ""unit_of_measurement"": ""packets/s"", ""friendly_name"": ""UPNP IGD Packet download speed""}"
2025-07-25T08:29:09.254818,sensor.upnp_igd_packet_upload_speed,2.16669230585895,4.53321788738447,"{""state_class"": ""measurement"", ""unit_of_measurement"": ""packets/s"", ""friendly_name"": ""UPNP IGD Packet upload speed""}"
2025-07-25T08:29:10.270553,automation.aut_status_bruno,on,on,"{""id"": ""1751855857509"", ""last_triggered"": ""2025-07-25T11:29:10.253118+00:00"", ""mode"": ""single"", ""current"": 1, ""friendly_name"": ""aut-status-bruno""}"
2025-07-25T08:29:10.276436,automation.aut_status_bruno,on,on,"{""id"": ""1751855857509"", ""last_triggered"": ""2025-07-25T11:29:10.253118+00:00"", ""mode"": ""single"", ""current"": 0, ""friendly_name"": ""aut-status-bruno""}"
2025-07-25T08:29:39.236725,sensor.upnp_igd_data_received,2403296171,2403368107,"{""state_class"": ""total_increasing"", ""unit_of_measurement"": ""B"", ""device_class"": ""data_size"", ""friendly_name"": ""UPNP IGD Data received""}"
2025-07-25T08:29:39.239543,sensor.upnp_igd_data_sent,2910744803,2910751705,"{""state_class"": ""total_increasing"", ""unit_of_measurement"": ""B"", ""device_class"": ""data_size"", ""friendly_name"": ""UPNP IGD Data sent""}"
2025-07-25T08:29:39.241018,sensor.upnp_igd_packets_received,32672816,32673855,"{""state_class"": ""total_increasing"", ""unit_of_measurement"": ""packets"", ""friendly_name"": ""UPNP IGD Packets received""}"
2025-07-25T08:29:39.242409,sensor.upnp_igd_packets_sent,10463547,10463610,"{""state_class"": ""total_increasing"", ""unit_of_measurement"": ""packets"", ""friendly_name"": ""UPNP IGD Packets sent""}"
2025-07-25T08:29:39.243856,sensor.upnp_igd_uptime,259508,259538,"{""unit_of_measurement"": ""s"", ""device_class"": ""duration"", ""friendly_name"": ""UPNP IGD Uptime""}"
2025-07-25T08:29:39.245280,sensor.upnp_igd_download_speed,3.2768696740523,2.34172419502439,"{""state_class"": ""measurement"", ""unit_of_measurement"": ""KiB/s"", ""device_class"": ""data_rate"", ""friendly_name"": ""UPNP IGD Download speed""}"
2025-07-25T08:29:39.246727,sensor.upnp_igd_upload_speed,0.619255062971063,0.224679998805304,"{""state_class"": ""measurement"", ""unit_of_measurement"": ""KiB/s"", ""device_class"": ""data_rate"", ""friendly_name"": ""UPNP IGD Upload speed""}"
2025-07-25T08:29:39.248144,sensor.upnp_igd_packet_download_speed,37.3657150864558,34.6341841797914,"{""state_class"": ""measurement"", ""unit_of_measurement"": ""packets/s"", ""friendly_name"": ""UPNP IGD Packet download speed""}"
2025-07-25T08:29:39.249546,sensor.upnp_igd_packet_upload_speed,4.53321788738447,2.10005159126743,"{""state_class"": ""measurement"", ""unit_of_measurement"": ""packets/s"", ""friendly_name"": ""UPNP IGD Packet upload speed""}"
2025-07-25T08:30:09.252584,sensor.upnp_igd_data_received,2403368107,2404059738,"{""state_class"": ""total_increasing"", ""unit_of_measurement"": ""B"", ""device_class"": ""data_size"", ""friendly_name"": ""UPNP IGD Data received""}"
2025-07-25T08:30:09.255191,sensor.upnp_igd_data_sent,2910751705,2910800644,"{""state_class"": ""total_increasing"", ""unit_of_measurement"": ""B"", ""device_class"": ""data_size"", ""friendly_name"": ""UPNP IGD Data sent""}"
2025-07-25T08:30:09.259851,sensor.upnp_igd_packets_received,32673855,32675432,"{""state_class"": ""total_increasing"", ""unit_of_measurement"": ""packets"", ""friendly_name"": ""UPNP IGD Packets received""}"
2025-07-25T08:30:09.261350,sensor.upnp_igd_packets_sent,10463610,10463843,"{""state_class"": ""total_increasing"", ""unit_of_measurement"": ""packets"", ""friendly_name"": ""UPNP IGD Packets sent""}"
2025-07-25T08:30:09.262786,sensor.upnp_igd_uptime,259538,259568,"{""unit_of_measurement"": ""s"", ""device_class"": ""duration"", ""friendly_name"": ""UPNP IGD Uptime""}"
2025-07-25T08:30:09.264331,sensor.upnp_igd_download_speed,2.34172419502439,22.5135826780741,"{""state_class"": ""measurement"", ""unit_of_measurement"": ""KiB/s"", ""device_class"": ""data_rate"", ""friendly_name"": ""UPNP IGD Download speed""}"
2025-07-25T08:30:09.265770,sensor.upnp_igd_upload_speed,0.224679998805304,1.59303475795948,"{""state_class"": ""measurement"", ""unit_of_measurement"": ""KiB/s"", ""device_class"": ""data_rate"", ""friendly_name"": ""UPNP IGD Upload speed""}"
2025-07-25T08:30:09.267138,sensor.upnp_igd_packet_download_speed,34.6341841797914,52.5656223629691,"{""state_class"": ""measurement"", ""unit_of_measurement"": ""packets/s"", ""friendly_name"": ""UPNP IGD Packet download speed""}"
2025-07-25T08:30:09.268566,sensor.upnp_igd_packet_upload_speed,2.10005159126743,7.76651237195421,"{""state_class"": ""measurement"", ""unit_of_measurement"": ""packets/s"", ""friendly_name"": ""UPNP IGD Packet upload speed""}"
2025-07-25T08:30:10.260145,automation.aut_status_bruno,on,on,"{""id"": ""1751855857509"", ""last_triggered"": ""2025-07-25T11:30:10.253179+00:00"", ""mode"": ""single"", ""current"": 1, ""friendly_name"": ""aut-status-bruno""}"
2025-07-25T08:30:10.262397,automation.aut_status_bruno,on,on,"{""id"": ""1751855857509"", ""last_triggered"": ""2025-07-25T11:30:10.253179+00:00"", ""mode"": ""single"", ""current"": 0, ""friendly_name"": ""aut-status-bruno""}"
2025-07-25T08:30:39.238496,sensor.upnp_igd_data_received,2404059738,2404160726,"{""state_class"": ""total_increasing"", ""unit_of_measurement"": ""B"", ""device_class"": ""data_size"", ""friendly_name"": ""UPNP IGD Data received""}"
2025-07-25T08:30:39.240918,sensor.upnp_igd_data_sent,2910800644,2910866635,"{""state_class"": ""total_increasing"", ""unit_of_measurement"": ""B"", ""device_class"": ""data_size"", ""friendly_name"": ""UPNP IGD Data sent""}"
2025-07-25T08:30:39.242480,sensor.upnp_igd_packets_received,32675432,32676572,"{""state_class"": ""total_increasing"", ""unit_of_measurement"": ""packets"", ""friendly_name"": ""UPNP IGD Packets received""}"
2025-07-25T08:30:39.243982,sensor.upnp_igd_packets_sent,10463843,10464008,"{""state_class"": ""total_increasing"", ""unit_of_measurement"": ""packets"", ""friendly_name"": ""UPNP IGD Packets sent""}"
2025-07-25T08:30:39.245340,sensor.upnp_igd_uptime,259568,259598,"{""unit_of_measurement"": ""s"", ""device_class"": ""duration"", ""friendly_name"": ""UPNP IGD Uptime""}"
2025-07-25T08:30:39.246749,sensor.upnp_igd_download_speed,22.5135826780741,3.2873911597092,"{""state_class"": ""measurement"", ""unit_of_measurement"": ""KiB/s"", ""device_class"": ""data_rate"", ""friendly_name"": ""UPNP IGD Download speed""}"
2025-07-25T08:30:39.248147,sensor.upnp_igd_upload_speed,1.59303475795948,2.14815849428021,"{""state_class"": ""measurement"", ""unit_of_measurement"": ""KiB/s"", ""device_class"": ""data_rate"", ""friendly_name"": ""UPNP IGD Upload speed""}"
2025-07-25T08:30:39.249543,sensor.upnp_igd_packet_download_speed,52.5656223629691,38.0002470016055,"{""state_class"": ""measurement"", ""unit_of_measurement"": ""packets/s"", ""friendly_name"": ""UPNP IGD Packet download speed""}"
2025-07-25T08:30:39.250884,sensor.upnp_igd_packet_upload_speed,7.76651237195421,5.50003575023238,"{""state_class"": ""measurement"", ""unit_of_measurement"": ""packets/s"", ""friendly_name"": ""UPNP IGD Packet upload speed""}"
2025-07-25T08:31:09.239648,sensor.upnp_igd_data_received,2404160726,2404244916,"{""state_class"": ""total_increasing"", ""unit_of_measurement"": ""B"", ""device_class"": ""data_size"", ""friendly_name"": ""UPNP IGD Data received""}"
2025-07-25T08:31:09.241659,sensor.upnp_igd_data_sent,2910866635,2910879489,"{""state_class"": ""total_increasing"", ""unit_of_measurement"": ""B"", ""device_class"": ""data_size"", ""friendly_name"": ""UPNP IGD Data sent""}"
2025-07-25T08:31:09.243804,sensor.upnp_igd_packets_received,32676572,32677711,"{""state_class"": ""total_increasing"", ""unit_of_measurement"": ""packets"", ""friendly_name"": ""UPNP IGD Packets received""}"
2025-07-25T08:31:09.245348,sensor.upnp_igd_packets_sent,10464008,10464096,"{""state_class"": ""total_increasing"", ""unit_of_measurement"": ""packets"", ""friendly_name"": ""UPNP IGD Packets sent""}"
2025-07-25T08:31:09.246701,sensor.upnp_igd_uptime,259598,259628,"{""unit_of_measurement"": ""s"", ""device_class"": ""duration"", ""friendly_name"": ""UPNP IGD Uptime""}"
2025-07-25T08:31:09.248163,sensor.upnp_igd_download_speed,3.2873911597092,2.7405377888285,"{""state_class"": ""measurement"", ""unit_of_measurement"": ""KiB/s"", ""device_class"": ""data_rate"", ""friendly_name"": ""UPNP IGD Download speed""}"
2025-07-25T08:31:09.249637,sensor.upnp_igd_upload_speed,2.14815849428021,0.418421103903095,"{""state_class"": ""measurement"", ""unit_of_measurement"": ""KiB/s"", ""device_class"": ""data_rate"", ""friendly_name"": ""UPNP IGD Upload speed""}"
2025-07-25T08:31:09.251037,sensor.upnp_igd_packet_download_speed,38.0002470016055,37.9663604046927,"{""state_class"": ""measurement"", ""unit_of_measurement"": ""packets/s"", ""friendly_name"": ""UPNP IGD Packet download speed""}"
2025-07-25T08:31:09.252491,sensor.upnp_igd_packet_upload_speed,5.50003575023238,2.93330967130198,"{""state_class"": ""measurement"", ""unit_of_measurement"": ""packets/s"", ""friendly_name"": ""UPNP IGD Packet upload speed""}"
2025-07-25T08:31:10.139819,sun.sun,above_horizon,above_horizon,"{""next_dawn"": ""2025-07-26T08:32:54.909961+00:00"", ""next_dusk"": ""2025-07-25T20:48:15.098712+00:00"", ""next_midnight"": ""2025-07-26T02:40:37+00:00"", ""next_noon"": ""2025-07-25T14:40:37+00:00"", ""next_rising"": ""2025-07-26T08:55:47.118508+00:00"", ""next_setting"": ""2025-07-25T20:25:21.448131+00:00"", ""elevation"": 33.17, ""azimuth"": 55.9, ""rising"": true, ""friendly_name"": ""Sun""}"
2025-07-25T08:31:10.260664,automation.aut_status_bruno,on,on,"{""id"": ""1751855857509"", ""last_triggered"": ""2025-07-25T11:31:10.253041+00:00"", ""mode"": ""single"", ""current"": 1, ""friendly_name"": ""aut-status-bruno""}"
2025-07-25T08:31:10.263163,automation.aut_status_bruno,on,on,"{""id"": ""1751855857509"", ""last_triggered"": ""2025-07-25T11:31:10.253041+00:00"", ""mode"": ""single"", ""current"": 0, ""friendly_name"": ""aut-status-bruno""}"
2025-07-25T08:31:39.255166,sensor.upnp_igd_data_received,2404244916,2404322214,"{""state_class"": ""total_increasing"", ""unit_of_measurement"": ""B"", ""device_class"": ""data_size"", ""friendly_name"": ""UPNP IGD Data received""}"
2025-07-25T08:31:39.258244,sensor.upnp_igd_data_sent,2910879489,2910886231,"{""state_class"": ""total_increasing"", ""unit_of_measurement"": ""B"", ""device_class"": ""data_size"", ""friendly_name"": ""UPNP IGD Data sent""}"
2025-07-25T08:31:39.260222,sensor.upnp_igd_packets_received,32677711,32678823,"{""state_class"": ""total_increasing"", ""unit_of_measurement"": ""packets"", ""friendly_name"": ""UPNP IGD Packets received""}"
2025-07-25T08:31:39.261802,sensor.upnp_igd_packets_sent,10464096,10464158,"{""state_class"": ""total_increasing"", ""unit_of_measurement"": ""packets"", ""friendly_name"": ""UPNP IGD Packets sent""}"
2025-07-25T08:31:39.263134,sensor.upnp_igd_uptime,259628,259658,"{""unit_of_measurement"": ""s"", ""device_class"": ""duration"", ""friendly_name"": ""UPNP IGD Uptime""}"
2025-07-25T08:31:39.264624,sensor.upnp_igd_download_speed,2.7405377888285,2.51624163564795,"{""state_class"": ""measurement"", ""unit_of_measurement"": ""KiB/s"", ""device_class"": ""data_rate"", ""friendly_name"": ""UPNP IGD Download speed""}"
2025-07-25T08:31:39.266008,sensor.upnp_igd_upload_speed,0.418421103903095,0.219468823352978,"{""state_class"": ""measurement"", ""unit_of_measurement"": ""KiB/s"", ""device_class"": ""data_rate"", ""friendly_name"": ""UPNP IGD Upload speed""}"
2025-07-25T08:31:39.267380,sensor.upnp_igd_packet_download_speed,37.9663604046927,37.0671188855171,"{""state_class"": ""measurement"", ""unit_of_measurement"": ""packets/s"", ""friendly_name"": ""UPNP IGD Packet download speed""}"
2025-07-25T08:31:39.268797,sensor.upnp_igd_packet_upload_speed,2.93330967130198,2.06669188030761,"{""state_class"": ""measurement"", ""unit_of_measurement"": ""packets/s"", ""friendly_name"": ""UPNP IGD Packet upload speed""}"
2025-07-25T08:32:09.241632,sensor.upnp_igd_data_received,2404322214,2404399690,"{""state_class"": ""total_increasing"", ""unit_of_measurement"": ""B"", ""device_class"": ""data_size"", ""friendly_name"": ""UPNP IGD Data received""}"
2025-07-25T08:32:09.244170,sensor.upnp_igd_data_sent,2910886231,2910895727,"{""state_class"": ""total_increasing"", ""unit_of_measurement"": ""B"", ""device_class"": ""data_size"", ""friendly_name"": ""UPNP IGD Data sent""}"
2025-07-25T08:32:09.245750,sensor.upnp_igd_packets_received,32678823,32679910,"{""state_class"": ""total_increasing"", ""unit_of_measurement"": ""packets"", ""friendly_name"": ""UPNP IGD Packets received""}"
2025-07-25T08:32:09.247164,sensor.upnp_igd_packets_sent,10464158,10464224,"{""state_class"": ""total_increasing"", ""unit_of_measurement"": ""packets"", ""friendly_name"": ""UPNP IGD Packets sent""}"
2025-07-25T08:32:09.248542,sensor.upnp_igd_uptime,259658,259688,"{""unit_of_measurement"": ""s"", ""device_class"": ""duration"", ""friendly_name"": ""UPNP IGD Uptime""}"
2025-07-25T08:32:09.249915,sensor.upnp_igd_download_speed,2.51624163564795,2.52199991213352,"{""state_class"": ""measurement"", ""unit_of_measurement"": ""KiB/s"", ""device_class"": ""data_rate"", ""friendly_name"": ""UPNP IGD Download speed""}"
2025-07-25T08:32:09.251296,sensor.upnp_igd_upload_speed,0.219468823352978,0.309113934194072,"{""state_class"": ""measurement"", ""unit_of_measurement"": ""KiB/s"", ""device_class"": ""data_rate"", ""friendly_name"": ""UPNP IGD Upload speed""}"
2025-07-25T08:32:09.252747,sensor.upnp_igd_packet_download_speed,37.0671188855171,36.2332572434931,"{""state_class"": ""measurement"", ""unit_of_measurement"": ""packets/s"", ""friendly_name"": ""UPNP IGD Packet download speed""}"
2025-07-25T08:32:09.254140,sensor.upnp_igd_packet_upload_speed,2.06669188030761,2.1999953800097,"{""state_class"": ""measurement"", ""unit_of_measurement"": ""packets/s"", ""friendly_name"": ""UPNP IGD Packet upload speed""}"
2025-07-25T08:32:10.260992,automation.aut_status_bruno,on,on,"{""id"": ""1751855857509"", ""last_triggered"": ""2025-07-25T11:32:10.252220+00:00"", ""mode"": ""single"", ""current"": 1, ""friendly_name"": ""aut-status-bruno""}"
2025-07-25T08:32:10.263028,automation.aut_status_bruno,on,on,"{""id"": ""1751855857509"", ""last_triggered"": ""2025-07-25T11:32:10.252220+00:00"", ""mode"": ""single"", ""current"": 0, ""friendly_name"": ""aut-status-bruno""}"
2025-07-25T08:32:39.241395,sensor.upnp_igd_data_received,2404399690,2404481882,"{""state_class"": ""total_increasing"", ""unit_of_measurement"": ""B"", ""device_class"": ""data_size"", ""friendly_name"": ""UPNP IGD Data received""}"
2025-07-25T08:32:39.243895,sensor.upnp_igd_data_sent,2910895727,2910901358,"{""state_class"": ""total_increasing"", ""unit_of_measurement"": ""B"", ""device_class"": ""data_size"", ""friendly_name"": ""UPNP IGD Data sent""}"
2025-07-25T08:32:39.245469,sensor.upnp_igd_packets_received,32679910,32680949,"{""state_class"": ""total_increasing"", ""unit_of_measurement"": ""packets"", ""friendly_name"": ""UPNP IGD Packets received""}"
2025-07-25T08:32:39.246848,sensor.upnp_igd_packets_sent,10464224,10464274,"{""state_class"": ""total_increasing"", ""unit_of_measurement"": ""packets"", ""friendly_name"": ""UPNP IGD Packets sent""}"
2025-07-25T08:32:39.248211,sensor.upnp_igd_uptime,259688,259718,"{""unit_of_measurement"": ""s"", ""device_class"": ""duration"", ""friendly_name"": ""UPNP IGD Uptime""}"
2025-07-25T08:32:39.249661,sensor.upnp_igd_download_speed,2.52199991213352,2.67554526998013,"{""state_class"": ""measurement"", ""unit_of_measurement"": ""KiB/s"", ""device_class"": ""data_rate"", ""friendly_name"": ""UPNP IGD Download speed""}"
2025-07-25T08:32:39.251016,sensor.upnp_igd_upload_speed,0.309113934194072,0.183302455412426,"{""state_class"": ""measurement"", ""unit_of_measurement"": ""KiB/s"", ""device_class"": ""data_rate"", ""friendly_name"": ""UPNP IGD Upload speed""}"
2025-07-25T08:32:39.252412,sensor.upnp_igd_packet_download_speed,36.2332572434931,34.6336496540002,"{""state_class"": ""measurement"", ""unit_of_measurement"": ""packets/s"", ""friendly_name"": ""UPNP IGD Packet download speed""}"
2025-07-25T08:32:39.253864,sensor.upnp_igd_packet_upload_speed,2.1999953800097,1.66668188902792,"{""state_class"": ""measurement"", ""unit_of_measurement"": ""packets/s"", ""friendly_name"": ""UPNP IGD Packet upload speed""}"
2025-07-25T08:32:52.458639,camera.192_168_0_33,idle,idle,"{""access_token"": ""2d622e30d7ec6942f4ad5de40fa82d20d8810579aa6cd27d16908075afb6865e"", ""entity_picture"": ""/api/camera_proxy/camera.192_168_0_33?token=2d622e30d7ec6942f4ad5de40fa82d20d8810579aa6cd27d16908075afb6865e"", ""friendly_name"": ""192_168_0_14"", ""supported_features"": 2}"
2025-07-25T08:32:52.460504,camera.admin_mainstream,idle,idle,"{""access_token"": ""b3e25812a15dc8e9c5d9628c2a4dbf1a55c8f6ace37110218e4afd6d8c27d191"", ""entity_picture"": ""/api/camera_proxy/camera.admin_mainstream?token=b3e25812a15dc8e9c5d9628c2a4dbf1a55c8f6ace37110218e4afd6d8c27d191"", ""friendly_name"": ""admin MainStream"", ""supported_features"": 2}"
2025-07-25T08:32:52.462292,camera.admin_substream,idle,idle,"{""access_token"": ""eb33b54aff6849de8eeae17e528d090dd27c40e7a820d99d9afd1c367a6879c7"", ""entity_picture"": ""/api/camera_proxy/camera.admin_substream?token=eb33b54aff6849de8eeae17e528d090dd27c40e7a820d99d9afd1c367a6879c7"", ""friendly_name"": ""admin SubStream"", ""supported_features"": 2}"
2025-07-25T08:33:09.279571,sensor.upnp_igd_data_received,2404481882,2405094466,"{""state_class"": ""total_increasing"", ""unit_of_measurement"": ""B"", ""device_class"": ""data_size"", ""friendly_name"": ""UPNP IGD Data received""}"
2025-07-25T08:33:09.284207,sensor.upnp_igd_data_sent,2910901358,2910921273,"{""state_class"": ""total_increasing"", ""unit_of_measurement"": ""B"", ""device_class"": ""data_size"", ""friendly_name"": ""UPNP IGD Data sent""}"
2025-07-25T08:33:09.285743,sensor.upnp_igd_packets_received,32680949,32682375,"{""state_class"": ""total_increasing"", ""unit_of_measurement"": ""packets"", ""friendly_name"": ""UPNP IGD Packets received""}"
2025-07-25T08:33:09.287137,sensor.upnp_igd_packets_sent,10464274,10464455,"{""state_class"": ""total_increasing"", ""unit_of_measurement"": ""packets"", ""friendly_name"": ""UPNP IGD Packets sent""}"
2025-07-25T08:33:09.288572,sensor.upnp_igd_uptime,259718,259748,"{""unit_of_measurement"": ""s"", ""device_class"": ""duration"", ""friendly_name"": ""UPNP IGD Uptime""}"
2025-07-25T08:33:09.289960,sensor.upnp_igd_download_speed,2.67554526998013,19.9406408114727,"{""state_class"": ""measurement"", ""unit_of_measurement"": ""KiB/s"", ""device_class"": ""data_rate"", ""friendly_name"": ""UPNP IGD Download speed""}"
2025-07-25T08:33:09.291497,sensor.upnp_igd_upload_speed,0.183302455412426,0.64826678751074,"{""state_class"": ""measurement"", ""unit_of_measurement"": ""KiB/s"", ""device_class"": ""data_rate"", ""friendly_name"": ""UPNP IGD Upload speed""}"
2025-07-25T08:33:09.293372,sensor.upnp_igd_packet_download_speed,34.6336496540002,47.5327502649301,"{""state_class"": ""measurement"", ""unit_of_measurement"": ""packets/s"", ""friendly_name"": ""UPNP IGD Packet download speed""}"
2025-07-25T08:33:09.295124,sensor.upnp_igd_packet_upload_speed,1.66668188902792,6.03325932535228,"{""state_class"": ""measurement"", ""unit_of_measurement"": ""packets/s"", ""friendly_name"": ""UPNP IGD Packet upload speed""}"
2025-07-25T08:33:10.261120,automation.aut_status_bruno,on,on,"{""id"": ""1751855857509"", ""last_triggered"": ""2025-07-25T11:33:10.254516+00:00"", ""mode"": ""single"", ""current"": 1, ""friendly_name"": ""aut-status-bruno""}"
2025-07-25T08:33:10.263368,automation.aut_status_bruno,on,on,"{""id"": ""1751855857509"", ""last_triggered"": ""2025-07-25T11:33:10.254516+00:00"", ""mode"": ""single"", ""current"": 0, ""friendly_name"": ""aut-status-bruno""}"
2025-07-25T08:33:39.241776,sensor.upnp_igd_data_received,2405094466,2405163289,"{""state_class"": ""total_increasing"", ""unit_of_measurement"": ""B"", ""device_class"": ""data_size"", ""friendly_name"": ""UPNP IGD Data received""}"
2025-07-25T08:33:39.244208,sensor.upnp_igd_data_sent,2910921273,2910924305,"{""state_class"": ""total_increasing"", ""unit_of_measurement"": ""B"", ""device_class"": ""data_size"", ""friendly_name"": ""UPNP IGD Data sent""}"
2025-07-25T08:33:39.245805,sensor.upnp_igd_packets_received,32682375,32683429,"{""state_class"": ""total_increasing"", ""unit_of_measurement"": ""packets"", ""friendly_name"": ""UPNP IGD Packets received""}"
2025-07-25T08:33:39.247237,sensor.upnp_igd_packets_sent,10464455,10464488,"{""state_class"": ""total_increasing"", ""unit_of_measurement"": ""packets"", ""friendly_name"": ""UPNP IGD Packets sent""}"
2025-07-25T08:33:39.248682,sensor.upnp_igd_uptime,259748,259778,"{""unit_of_measurement"": ""s"", ""device_class"": ""duration"", ""friendly_name"": ""UPNP IGD Uptime""}"
2025-07-25T08:33:39.250086,sensor.upnp_igd_download_speed,19.9406408114727,2.24030626772792,"{""state_class"": ""measurement"", ""unit_of_measurement"": ""KiB/s"", ""device_class"": ""data_rate"", ""friendly_name"": ""UPNP IGD Download speed""}"
2025-07-25T08:33:39.251544,sensor.upnp_igd_upload_speed,0.64826678751074,0.0986967816536777,"{""state_class"": ""measurement"", ""unit_of_measurement"": ""KiB/s"", ""device_class"": ""data_rate"", ""friendly_name"": ""UPNP IGD Upload speed""}"
2025-07-25T08:33:39.252992,sensor.upnp_igd_packet_download_speed,47.5327502649301,35.1329293046463,"{""state_class"": ""measurement"", ""unit_of_measurement"": ""packets/s"", ""friendly_name"": ""UPNP IGD Packet download speed""}"
2025-07-25T08:33:39.254391,sensor.upnp_igd_packet_upload_speed,6.03325932535228,1.09998735014547,"{""state_class"": ""measurement"", ""unit_of_measurement"": ""packets/s"", ""friendly_name"": ""UPNP IGD Packet upload speed""}"
2025-07-25T08:34:09.238655,sensor.upnp_igd_data_received,2405163289,2405413249,"{""state_class"": ""total_increasing"", ""unit_of_measurement"": ""B"", ""device_class"": ""data_size"", ""friendly_name"": ""UPNP IGD Data received""}"
2025-07-25T08:34:09.241327,sensor.upnp_igd_data_sent,2910924305,2911042596,"{""state_class"": ""total_increasing"", ""unit_of_measurement"": ""B"", ""device_class"": ""data_size"", ""friendly_name"": ""UPNP IGD Data sent""}"
2025-07-25T08:34:09.242929,sensor.upnp_igd_packets_received,32683429,32684764,"{""state_class"": ""total_increasing"", ""unit_of_measurement"": ""packets"", ""friendly_name"": ""UPNP IGD Packets received""}"
2025-07-25T08:34:09.244451,sensor.upnp_igd_packets_sent,10464488,10464838,"{""state_class"": ""total_increasing"", ""unit_of_measurement"": ""packets"", ""friendly_name"": ""UPNP IGD Packets sent""}"
2025-07-25T08:34:09.245809,sensor.upnp_igd_uptime,259778,259808,"{""unit_of_measurement"": ""s"", ""device_class"": ""duration"", ""friendly_name"": ""UPNP IGD Uptime""}"
2025-07-25T08:34:09.247191,sensor.upnp_igd_download_speed,2.24030626772792,8.1369373623838,"{""state_class"": ""measurement"", ""unit_of_measurement"": ""KiB/s"", ""device_class"": ""data_rate"", ""friendly_name"": ""UPNP IGD Download speed""}"
2025-07-25T08:34:09.248651,sensor.upnp_igd_upload_speed,0.0986967816536777,3.85072194564627,"{""state_class"": ""measurement"", ""unit_of_measurement"": ""KiB/s"", ""device_class"": ""data_rate"", ""friendly_name"": ""UPNP IGD Upload speed""}"
2025-07-25T08:34:09.250072,sensor.upnp_igd_packet_download_speed,35.1329293046463,44.5011955987884,"{""state_class"": ""measurement"", ""unit_of_measurement"": ""packets/s"", ""friendly_name"": ""UPNP IGD Packet download speed""}"
2025-07-25T08:34:09.252071,sensor.upnp_igd_packet_upload_speed,1.09998735014547,11.6669801195325,"{""state_class"": ""measurement"", ""unit_of_measurement"": ""packets/s"", ""friendly_name"": ""UPNP IGD Packet upload speed""}"
2025-07-25T08:34:10.258921,automation.aut_status_bruno,on,on,"{""id"": ""1751855857509"", ""last_triggered"": ""2025-07-25T11:34:10.252507+00:00"", ""mode"": ""single"", ""current"": 1, ""friendly_name"": ""aut-status-bruno""}"
2025-07-25T08:34:10.261139,automation.aut_status_bruno,on,on,"{""id"": ""1751855857509"", ""last_triggered"": ""2025-07-25T11:34:10.252507+00:00"", ""mode"": ""single"", ""current"": 0, ""friendly_name"": ""aut-status-bruno""}"
2025-07-25T08:34:39.239244,sensor.upnp_igd_data_received,2405413249,2405656423,"{""state_class"": ""total_increasing"", ""unit_of_measurement"": ""B"", ""device_class"": ""data_size"", ""friendly_name"": ""UPNP IGD Data received""}"
2025-07-25T08:34:39.241795,sensor.upnp_igd_data_sent,2911042596,2911095651,"{""state_class"": ""total_increasing"", ""unit_of_measurement"": ""B"", ""device_class"": ""data_size"", ""friendly_name"": ""UPNP IGD Data sent""}"
2025-07-25T08:34:39.243539,sensor.upnp_igd_packets_received,32684764,32686050,"{""state_class"": ""total_increasing"", ""unit_of_measurement"": ""packets"", ""friendly_name"": ""UPNP IGD Packets received""}"
2025-07-25T08:34:39.245027,sensor.upnp_igd_packets_sent,10464838,10465034,"{""state_class"": ""total_increasing"", ""unit_of_measurement"": ""packets"", ""friendly_name"": ""UPNP IGD Packets sent""}"
2025-07-25T08:34:39.246418,sensor.upnp_igd_uptime,259808,259838,"{""unit_of_measurement"": ""s"", ""device_class"": ""duration"", ""friendly_name"": ""UPNP IGD Uptime""}"
2025-07-25T08:34:39.247875,sensor.upnp_igd_download_speed,8.1369373623838,7.91572294910773,"{""state_class"": ""measurement"", ""unit_of_measurement"": ""KiB/s"", ""device_class"": ""data_rate"", ""friendly_name"": ""UPNP IGD Download speed""}"
2025-07-25T08:34:39.249336,sensor.upnp_igd_upload_speed,3.85072194564627,1.72702953878667,"{""state_class"": ""measurement"", ""unit_of_measurement"": ""KiB/s"", ""device_class"": ""data_rate"", ""friendly_name"": ""UPNP IGD Upload speed""}"
2025-07-25T08:34:39.250816,sensor.upnp_igd_packet_download_speed,44.5011955987884,42.8661394131519,"{""state_class"": ""measurement"", ""unit_of_measurement"": ""packets/s"", ""friendly_name"": ""UPNP IGD Packet download speed""}"
2025-07-25T08:34:39.252364,sensor.upnp_igd_packet_upload_speed,11.6669801195325,6.53325297432175,"{""state_class"": ""measurement"", ""unit_of_measurement"": ""packets/s"", ""friendly_name"": ""UPNP IGD Packet upload speed""}"
2025-07-25T08:34:47.655781,sensor.tauntaum_power,1,1,"{""state_class"": ""measurement"", ""power_consumption_start"": ""2025-07-25T11:20:16Z"", ""power_consumption_end"": ""2025-07-25T11:34:47Z"", ""unit_of_measurement"": ""W"", ""device_class"": ""power"", ""friendly_name"": ""Tauntaum Power""}"
2025-07-25T08:34:47.657632,sensor.tauntaum_power_energy,0.000242080555558205,0.000242099444468816,"{""state_class"": ""total"", ""unit_of_measurement"": ""kWh"", ""device_class"": ""energy"", ""friendly_name"": ""Tauntaum Power energy""}"
2025-07-25T08:35:09.239422,sensor.upnp_igd_data_received,2405656423,2405740656,"{""state_class"": ""total_increasing"", ""unit_of_measurement"": ""B"", ""device_class"": ""data_size"", ""friendly_name"": ""UPNP IGD Data received""}"
2025-07-25T08:35:09.241380,sensor.upnp_igd_data_sent,2911095651,2911108393,"{""state_class"": ""total_increasing"", ""unit_of_measurement"": ""B"", ""device_class"": ""data_size"", ""friendly_name"": ""UPNP IGD Data sent""}"
2025-07-25T08:35:09.243048,sensor.upnp_igd_packets_received,32686050,32687155,"{""state_class"": ""total_increasing"", ""unit_of_measurement"": ""packets"", ""friendly_name"": ""UPNP IGD Packets received""}"
2025-07-25T08:35:09.244963,sensor.upnp_igd_packets_sent,10465034,10465129,"{""state_class"": ""total_increasing"", ""unit_of_measurement"": ""packets"", ""friendly_name"": ""UPNP IGD Packets sent""}"
2025-07-25T08:35:09.246898,sensor.upnp_igd_uptime,259838,259868,"{""unit_of_measurement"": ""s"", ""device_class"": ""duration"", ""friendly_name"": ""UPNP IGD Uptime""}"
2025-07-25T08:35:09.248599,sensor.upnp_igd_download_speed,7.91572294910773,2.74195616227219,"{""state_class"": ""measurement"", ""unit_of_measurement"": ""KiB/s"", ""device_class"": ""data_rate"", ""friendly_name"": ""UPNP IGD Download speed""}"
2025-07-25T08:35:09.250173,sensor.upnp_igd_upload_speed,1.72702953878667,0.414778120447714,"{""state_class"": ""measurement"", ""unit_of_measurement"": ""KiB/s"", ""device_class"": ""data_rate"", ""friendly_name"": ""UPNP IGD Upload speed""}"
2025-07-25T08:35:09.251648,sensor.upnp_igd_packet_download_speed,42.8661394131519,36.8332866778369,"{""state_class"": ""measurement"", ""unit_of_measurement"": ""packets/s"", ""friendly_name"": ""UPNP IGD Packet download speed""}"
2025-07-25T08:35:09.253048,sensor.upnp_igd_packet_upload_speed,6.53325297432175,3.16666265556064,"{""state_class"": ""measurement"", ""unit_of_measurement"": ""packets/s"", ""friendly_name"": ""UPNP IGD Packet upload speed""}"
2025-07-25T08:35:10.140221,sun.sun,above_horizon,above_horizon,"{""next_dawn"": ""2025-07-26T08:32:54.909961+00:00"", ""next_dusk"": ""2025-07-25T20:48:15.098712+00:00"", ""next_midnight"": ""2025-07-26T02:40:37+00:00"", ""next_noon"": ""2025-07-25T14:40:37+00:00"", ""next_rising"": ""2025-07-26T08:55:47.118508+00:00"", ""next_setting"": ""2025-07-25T20:25:21.448131+00:00"", ""elevation"": 33.97, ""azimuth"": 55.31, ""rising"": true, ""friendly_name"": ""Sun""}"
2025-07-25T08:35:10.260536,automation.aut_status_bruno,on,on,"{""id"": ""1751855857509"", ""last_triggered"": ""2025-07-25T11:35:10.253048+00:00"", ""mode"": ""single"", ""current"": 1, ""friendly_name"": ""aut-status-bruno""}"
2025-07-25T08:35:10.262708,automation.aut_status_bruno,on,on,"{""id"": ""1751855857509"", ""last_triggered"": ""2025-07-25T11:35:10.253048+00:00"", ""mode"": ""single"", ""current"": 0, ""friendly_name"": ""aut-status-bruno""}"
2025-07-25T08:35:39.236685,sensor.upnp_igd_data_received,2405740656,2405810983,"{""state_class"": ""total_increasing"", ""unit_of_measurement"": ""B"", ""device_class"": ""data_size"", ""friendly_name"": ""UPNP IGD Data received""}"
2025-07-25T08:35:39.239356,sensor.upnp_igd_data_sent,2911108393,2911111307,"{""state_class"": ""total_increasing"", ""unit_of_measurement"": ""B"", ""device_class"": ""data_size"", ""friendly_name"": ""UPNP IGD Data sent""}"
2025-07-25T08:35:39.241023,sensor.upnp_igd_packets_received,32687155,32688236,"{""state_class"": ""total_increasing"", ""unit_of_measurement"": ""packets"", ""friendly_name"": ""UPNP IGD Packets received""}"
2025-07-25T08:35:39.243581,sensor.upnp_igd_packets_sent,10465129,10465162,"{""state_class"": ""total_increasing"", ""unit_of_measurement"": ""packets"", ""friendly_name"": ""UPNP IGD Packets sent""}"
2025-07-25T08:35:39.245085,sensor.upnp_igd_uptime,259868,259898,"{""unit_of_measurement"": ""s"", ""device_class"": ""duration"", ""friendly_name"": ""UPNP IGD Uptime""}"
2025-07-25T08:35:39.246594,sensor.upnp_igd_download_speed,2.74195616227219,2.28934141689693,"{""state_class"": ""measurement"", ""unit_of_measurement"": ""KiB/s"", ""device_class"": ""data_rate"", ""friendly_name"": ""UPNP IGD Download speed""}"
2025-07-25T08:35:39.248111,sensor.upnp_igd_upload_speed,0.414778120447714,0.0948588861864953,"{""state_class"": ""measurement"", ""unit_of_measurement"": ""KiB/s"", ""device_class"": ""data_rate"", ""friendly_name"": ""UPNP IGD Upload speed""}"
2025-07-25T08:35:39.249812,sensor.upnp_igd_packet_download_speed,36.8332866778369,36.0341368945861,"{""state_class"": ""measurement"", ""unit_of_measurement"": ""packets/s"", ""friendly_name"": ""UPNP IGD Packet download speed""}"
2025-07-25T08:35:39.251600,sensor.upnp_igd_packet_upload_speed,3.16666265556064,1.10002453054703,"{""state_class"": ""measurement"", ""unit_of_measurement"": ""packets/s"", ""friendly_name"": ""UPNP IGD Packet upload speed""}"
2025-07-25T08:36:09.237926,sensor.upnp_igd_data_received,2405810983,2405896394,"{""state_class"": ""total_increasing"", ""unit_of_measurement"": ""B"", ""device_class"": ""data_size"", ""friendly_name"": ""UPNP IGD Data received""}"
2025-07-25T08:36:09.240688,sensor.upnp_igd_data_sent,2911111307,2911124960,"{""state_class"": ""total_increasing"", ""unit_of_measurement"": ""B"", ""device_class"": ""data_size"", ""friendly_name"": ""UPNP IGD Data sent""}"
2025-07-25T08:36:09.242135,sensor.upnp_igd_packets_received,32688236,32689323,"{""state_class"": ""total_increasing"", ""unit_of_measurement"": ""packets"", ""friendly_name"": ""UPNP IGD Packets received""}"
2025-07-25T08:36:09.243560,sensor.upnp_igd_packets_sent,10465162,10465254,"{""state_class"": ""total_increasing"", ""unit_of_measurement"": ""packets"", ""friendly_name"": ""UPNP IGD Packets sent""}"
2025-07-25T08:36:09.244990,sensor.upnp_igd_uptime,259898,259928,"{""unit_of_measurement"": ""s"", ""device_class"": ""duration"", ""friendly_name"": ""UPNP IGD Uptime""}"
2025-07-25T08:36:09.246400,sensor.upnp_igd_download_speed,2.28934141689693,2.78022110016574,"{""state_class"": ""measurement"", ""unit_of_measurement"": ""KiB/s"", ""device_class"": ""data_rate"", ""friendly_name"": ""UPNP IGD Download speed""}"
2025-07-25T08:36:09.248032,sensor.upnp_igd_upload_speed,0.0948588861864953,0.444420024125263,"{""state_class"": ""measurement"", ""unit_of_measurement"": ""KiB/s"", ""device_class"": ""data_rate"", ""friendly_name"": ""UPNP IGD Upload speed""}"
2025-07-25T08:36:09.249506,sensor.upnp_igd_packet_download_speed,36.0341368945861,36.2322270426676,"{""state_class"": ""measurement"", ""unit_of_measurement"": ""packets/s"", ""friendly_name"": ""UPNP IGD Packet download speed""}"
2025-07-25T08:36:09.250904,sensor.upnp_igd_packet_upload_speed,1.10002453054703,3.06657303397003,"{""state_class"": ""measurement"", ""unit_of_measurement"": ""packets/s"", ""friendly_name"": ""UPNP IGD Packet upload speed""}"
2025-07-25T08:36:10.258785,automation.aut_status_bruno,on,on,"{""id"": ""1751855857509"", ""last_triggered"": ""2025-07-25T11:36:10.252396+00:00"", ""mode"": ""single"", ""current"": 1, ""friendly_name"": ""aut-status-bruno""}"
2025-07-25T08:36:10.261084,automation.aut_status_bruno,on,on,"{""id"": ""1751855857509"", ""last_triggered"": ""2025-07-25T11:36:10.252396+00:00"", ""mode"": ""single"", ""current"": 0, ""friendly_name"": ""aut-status-bruno""}"
2025-07-25T08:36:39.237558,sensor.upnp_igd_data_received,2405896394,2406070582,"{""state_class"": ""total_increasing"", ""unit_of_measurement"": ""B"", ""device_class"": ""data_size"", ""friendly_name"": ""UPNP IGD Data received""}"
2025-07-25T08:36:39.240097,sensor.upnp_igd_data_sent,2911124960,2911167280,"{""state_class"": ""total_increasing"", ""unit_of_measurement"": ""B"", ""device_class"": ""data_size"", ""friendly_name"": ""UPNP IGD Data sent""}"
2025-07-25T08:36:39.241695,sensor.upnp_igd_packets_received,32689323,32690610,"{""state_class"": ""total_increasing"", ""unit_of_measurement"": ""packets"", ""friendly_name"": ""UPNP IGD Packets received""}"
2025-07-25T08:36:39.243056,sensor.upnp_igd_packets_sent,10465254,10465514,"{""state_class"": ""total_increasing"", ""unit_of_measurement"": ""packets"", ""friendly_name"": ""UPNP IGD Packets sent""}"
2025-07-25T08:36:39.244441,sensor.upnp_igd_uptime,259928,259958,"{""unit_of_measurement"": ""s"", ""device_class"": ""duration"", ""friendly_name"": ""UPNP IGD Uptime""}"
2025-07-25T08:36:39.245837,sensor.upnp_igd_download_speed,2.78022110016574,5.6703249948457,"{""state_class"": ""measurement"", ""unit_of_measurement"": ""KiB/s"", ""device_class"": ""data_rate"", ""friendly_name"": ""UPNP IGD Download speed""}"
2025-07-25T08:36:39.247192,sensor.upnp_igd_upload_speed,0.444420024125263,1.37763883724407,"{""state_class"": ""measurement"", ""unit_of_measurement"": ""KiB/s"", ""device_class"": ""data_rate"", ""friendly_name"": ""UPNP IGD Upload speed""}"
2025-07-25T08:36:39.248653,sensor.upnp_igd_packet_download_speed,36.2322270426676,42.9010796771719,"{""state_class"": ""measurement"", ""unit_of_measurement"": ""packets/s"", ""friendly_name"": ""UPNP IGD Packet download speed""}"
2025-07-25T08:36:39.250089,sensor.upnp_igd_packet_upload_speed,3.06657303397003,8.66688478326705,"{""state_class"": ""measurement"", ""unit_of_measurement"": ""packets/s"", ""friendly_name"": ""UPNP IGD Packet upload speed""}"
2025-07-25T08:37:09.239154,sensor.upnp_igd_data_received,2406070582,2406203938,"{""state_class"": ""total_increasing"", ""unit_of_measurement"": ""B"", ""device_class"": ""data_size"", ""friendly_name"": ""UPNP IGD Data received""}"
2025-07-25T08:37:09.241801,sensor.upnp_igd_data_sent,2911167280,2911218634,"{""state_class"": ""total_increasing"", ""unit_of_measurement"": ""B"", ""device_class"": ""data_size"", ""friendly_name"": ""UPNP IGD Data sent""}"
2025-07-25T08:37:09.243451,sensor.upnp_igd_packets_received,32690610,32691768,"{""state_class"": ""total_increasing"", ""unit_of_measurement"": ""packets"", ""friendly_name"": ""UPNP IGD Packets received""}"
2025-07-25T08:37:09.244883,sensor.upnp_igd_packets_sent,10465514,10465679,"{""state_class"": ""total_increasing"", ""unit_of_measurement"": ""packets"", ""friendly_name"": ""UPNP IGD Packets sent""}"
2025-07-25T08:37:09.246320,sensor.upnp_igd_uptime,259958,259988,"{""unit_of_measurement"": ""s"", ""device_class"": ""duration"", ""friendly_name"": ""UPNP IGD Uptime""}"
2025-07-25T08:37:09.248582,sensor.upnp_igd_download_speed,5.6703249948457,4.3409499319577,"{""state_class"": ""measurement"", ""unit_of_measurement"": ""KiB/s"", ""device_class"": ""data_rate"", ""friendly_name"": ""UPNP IGD Download speed""}"
2025-07-25T08:37:09.250361,sensor.upnp_igd_upload_speed,1.37763883724407,1.6716543897969,"{""state_class"": ""measurement"", ""unit_of_measurement"": ""KiB/s"", ""device_class"": ""data_rate"", ""friendly_name"": ""UPNP IGD Upload speed""}"
2025-07-25T08:37:09.251878,sensor.upnp_igd_packet_download_speed,42.9010796771719,38.5994158621733,"{""state_class"": ""measurement"", ""unit_of_measurement"": ""packets/s"", ""friendly_name"": ""UPNP IGD Packet download speed""}"
2025-07-25T08:37:09.253275,sensor.upnp_igd_packet_upload_speed,8.66688478326705,5.49991676792625,"{""state_class"": ""measurement"", ""unit_of_measurement"": ""packets/s"", ""friendly_name"": ""UPNP IGD Packet upload speed""}"
2025-07-25T08:37:10.259647,automation.aut_status_bruno,on,on,"{""id"": ""1751855857509"", ""last_triggered"": ""2025-07-25T11:37:10.253161+00:00"", ""mode"": ""single"", ""current"": 1, ""friendly_name"": ""aut-status-bruno""}"
2025-07-25T08:37:10.261911,automation.aut_status_bruno,on,on,"{""id"": ""1751855857509"", ""last_triggered"": ""2025-07-25T11:37:10.253161+00:00"", ""mode"": ""single"", ""current"": 0, ""friendly_name"": ""aut-status-bruno""}"
2025-07-25T08:37:39.237024,sensor.upnp_igd_data_received,2406203938,2406524683,"{""state_class"": ""total_increasing"", ""unit_of_measurement"": ""B"", ""device_class"": ""data_size"", ""friendly_name"": ""UPNP IGD Data received""}"
2025-07-25T08:37:39.239857,sensor.upnp_igd_data_sent,2911218634,2911283687,"{""state_class"": ""total_increasing"", ""unit_of_measurement"": ""B"", ""device_class"": ""data_size"", ""friendly_name"": ""UPNP IGD Data sent""}"
2025-07-25T08:37:39.241353,sensor.upnp_igd_packets_received,32691768,32693203,"{""state_class"": ""total_increasing"", ""unit_of_measurement"": ""packets"", ""friendly_name"": ""UPNP IGD Packets received""}"
2025-07-25T08:37:39.242703,sensor.upnp_igd_packets_sent,10465679,10466037,"{""state_class"": ""total_increasing"", ""unit_of_measurement"": ""packets"", ""friendly_name"": ""UPNP IGD Packets sent""}"
2025-07-25T08:37:39.244119,sensor.upnp_igd_uptime,259988,260018,"{""unit_of_measurement"": ""s"", ""device_class"": ""duration"", ""friendly_name"": ""UPNP IGD Uptime""}"
2025-07-25T08:37:39.245542,sensor.upnp_igd_download_speed,4.3409499319577,10.4408372262755,"{""state_class"": ""measurement"", ""unit_of_measurement"": ""KiB/s"", ""device_class"": ""data_rate"", ""friendly_name"": ""UPNP IGD Download speed""}"
2025-07-25T08:37:39.246994,sensor.upnp_igd_upload_speed,1.6716543897969,2.11759430102074,"{""state_class"": ""measurement"", ""unit_of_measurement"": ""KiB/s"", ""device_class"": ""data_rate"", ""friendly_name"": ""UPNP IGD Upload speed""}"
2025-07-25T08:37:39.248460,sensor.upnp_igd_packet_download_speed,38.5994158621733,47.8329634250828,"{""state_class"": ""measurement"", ""unit_of_measurement"": ""packets/s"", ""friendly_name"": ""UPNP IGD Packet download speed""}"
2025-07-25T08:37:39.249881,sensor.upnp_igd_packet_upload_speed,5.49991676792625,11.9332410496026,"{""state_class"": ""measurement"", ""unit_of_measurement"": ""packets/s"", ""friendly_name"": ""UPNP IGD Packet upload speed""}"
2025-07-25T08:37:49.095869,media_player.dlna_b13_box,unavailable,unknown,"{""friendly_name"": ""DLNA-B13 Box"", ""supported_features"": 512575}"
2025-07-25T08:37:52.461943,camera.192_168_0_33,idle,idle,"{""access_token"": ""8a3d558dde61590a53e69d312d78a4e67e9a530415b6e1e2730cbc040fa872bf"", ""entity_picture"": ""/api/camera_proxy/camera.192_168_0_33?token=8a3d558dde61590a53e69d312d78a4e67e9a530415b6e1e2730cbc040fa872bf"", ""friendly_name"": ""192_168_0_14"", ""supported_features"": 2}"
2025-07-25T08:37:52.464010,camera.admin_mainstream,idle,idle,"{""access_token"": ""81e3b79a2bf9be2149f0ff131f99b8b2010ce0915278609cd2f75a8b0020dd9e"", ""entity_picture"": ""/api/camera_proxy/camera.admin_mainstream?token=81e3b79a2bf9be2149f0ff131f99b8b2010ce0915278609cd2f75a8b0020dd9e"", ""friendly_name"": ""admin MainStream"", ""supported_features"": 2}"
2025-07-25T08:37:52.465666,camera.admin_substream,idle,idle,"{""access_token"": ""fdf3c4204215c0849b399701d22ae55d3fc9a0bcc80e79b3690dbd6e0b8e9d38"", ""entity_picture"": ""/api/camera_proxy/camera.admin_substream?token=fdf3c4204215c0849b399701d22ae55d3fc9a0bcc80e79b3690dbd6e0b8e9d38"", ""friendly_name"": ""admin SubStream"", ""supported_features"": 2}"
2025-07-25T08:38:01.788551,media_player.dlna_b13_box,unknown,unavailable,"{""friendly_name"": ""DLNA-B13 Box"", ""supported_features"": 512575}"
2025-07-25T08:38:09.255798,sensor.upnp_igd_data_received,2406524683,2407125326,"{""state_class"": ""total_increasing"", ""unit_of_measurement"": ""B"", ""device_class"": ""data_size"", ""friendly_name"": ""UPNP IGD Data received""}"
2025-07-25T08:38:09.258275,sensor.upnp_igd_data_sent,2911283687,2911301254,"{""state_class"": ""total_increasing"", ""unit_of_measurement"": ""B"", ""device_class"": ""data_size"", ""friendly_name"": ""UPNP IGD Data sent""}"
2025-07-25T08:38:09.259822,sensor.upnp_igd_packets_received,32693203,32694630,"{""state_class"": ""total_increasing"", ""unit_of_measurement"": ""packets"", ""friendly_name"": ""UPNP IGD Packets received""}"
2025-07-25T08:38:09.261224,sensor.upnp_igd_packets_sent,10466037,10466195,"{""state_class"": ""total_increasing"", ""unit_of_measurement"": ""packets"", ""friendly_name"": ""UPNP IGD Packets sent""}"
2025-07-25T08:38:09.262590,sensor.upnp_igd_uptime,260018,260048,"{""unit_of_measurement"": ""s"", ""device_class"": ""duration"", ""friendly_name"": ""UPNP IGD Uptime""}"
2025-07-25T08:38:09.264205,sensor.upnp_igd_download_speed,10.4408372262755,19.5524860083651,"{""state_class"": ""measurement"", ""unit_of_measurement"": ""KiB/s"", ""device_class"": ""data_rate"", ""friendly_name"": ""UPNP IGD Download speed""}"
2025-07-25T08:38:09.267016,sensor.upnp_igd_upload_speed,2.11759430102074,0.57185136879802,"{""state_class"": ""measurement"", ""unit_of_measurement"": ""KiB/s"", ""device_class"": ""data_rate"", ""friendly_name"": ""UPNP IGD Upload speed""}"
2025-07-25T08:38:09.268733,sensor.upnp_igd_packet_download_speed,47.8329634250828,47.5674087182427,"{""state_class"": ""measurement"", ""unit_of_measurement"": ""packets/s"", ""friendly_name"": ""UPNP IGD Packet download speed""}"
2025-07-25T08:38:09.270126,sensor.upnp_igd_packet_upload_speed,11.9332410496026,5.26674882794838,"{""state_class"": ""measurement"", ""unit_of_measurement"": ""packets/s"", ""friendly_name"": ""UPNP IGD Packet upload speed""}"
2025-07-25T08:38:10.259291,automation.aut_status_bruno,on,on,"{""id"": ""1751855857509"", ""last_triggered"": ""2025-07-25T11:38:10.252540+00:00"", ""mode"": ""single"", ""current"": 1, ""friendly_name"": ""aut-status-bruno""}"
2025-07-25T08:38:10.261710,automation.aut_status_bruno,on,on,"{""id"": ""1751855857509"", ""last_triggered"": ""2025-07-25T11:38:10.252540+00:00"", ""mode"": ""single"", ""current"": 0, ""friendly_name"": ""aut-status-bruno""}"
2025-07-25T08:38:39.238095,sensor.upnp_igd_data_received,2407125326,2407193607,"{""state_class"": ""total_increasing"", ""unit_of_measurement"": ""B"", ""device_class"": ""data_size"", ""friendly_name"": ""UPNP IGD Data received""}"
2025-07-25T08:38:39.240767,sensor.upnp_igd_data_sent,2911301254,2911325664,"{""state_class"": ""total_increasing"", ""unit_of_measurement"": ""B"", ""device_class"": ""data_size"", ""friendly_name"": ""UPNP IGD Data sent""}"
2025-07-25T08:38:39.242293,sensor.upnp_igd_packets_received,32694630,32695668,"{""state_class"": ""total_increasing"", ""unit_of_measurement"": ""packets"", ""friendly_name"": ""UPNP IGD Packets received""}"
2025-07-25T08:38:39.243702,sensor.upnp_igd_packets_sent,10466195,10466261,"{""state_class"": ""total_increasing"", ""unit_of_measurement"": ""packets"", ""friendly_name"": ""UPNP IGD Packets sent""}"
2025-07-25T08:38:39.245120,sensor.upnp_igd_uptime,260048,260078,"{""unit_of_measurement"": ""s"", ""device_class"": ""duration"", ""friendly_name"": ""UPNP IGD Uptime""}"
2025-07-25T08:38:39.247966,sensor.upnp_igd_download_speed,19.5524860083651,2.22265561042622,"{""state_class"": ""measurement"", ""unit_of_measurement"": ""KiB/s"", ""device_class"": ""data_rate"", ""friendly_name"": ""UPNP IGD Download speed""}"
2025-07-25T08:38:39.249637,sensor.upnp_igd_upload_speed,0.57185136879802,0.79458448837164,"{""state_class"": ""measurement"", ""unit_of_measurement"": ""KiB/s"", ""device_class"": ""data_rate"", ""friendly_name"": ""UPNP IGD Upload speed""}"
2025-07-25T08:38:39.251198,sensor.upnp_igd_packet_download_speed,47.5674087182427,34.5994833143825,"{""state_class"": ""measurement"", ""unit_of_measurement"": ""packets/s"", ""friendly_name"": ""UPNP IGD Packet download speed""}"
2025-07-25T08:38:39.252735,sensor.upnp_igd_packet_upload_speed,5.26674882794838,2.19996714715727,"{""state_class"": ""measurement"", ""unit_of_measurement"": ""packets/s"", ""friendly_name"": ""UPNP IGD Packet upload speed""}"
2025-07-25T08:39:09.244255,sensor.upnp_igd_data_received,2407193607,2407300516,"{""state_class"": ""total_increasing"", ""unit_of_measurement"": ""B"", ""device_class"": ""data_size"", ""friendly_name"": ""UPNP IGD Data received""}"
2025-07-25T08:39:09.245975,sensor.upnp_igd_data_sent,2911325664,2911364578,"{""state_class"": ""total_increasing"", ""unit_of_measurement"": ""B"", ""device_class"": ""data_size"", ""friendly_name"": ""UPNP IGD Data sent""}"
2025-07-25T08:39:09.247554,sensor.upnp_igd_packets_received,32695668,32696807,"{""state_class"": ""total_increasing"", ""unit_of_measurement"": ""packets"", ""friendly_name"": ""UPNP IGD Packets received""}"
2025-07-25T08:39:09.248941,sensor.upnp_igd_packets_sent,10466261,10466421,"{""state_class"": ""total_increasing"", ""unit_of_measurement"": ""packets"", ""friendly_name"": ""UPNP IGD Packets sent""}"
2025-07-25T08:39:09.250246,sensor.upnp_igd_uptime,260078,260108,"{""unit_of_measurement"": ""s"", ""device_class"": ""duration"", ""friendly_name"": ""UPNP IGD Uptime""}"
2025-07-25T08:39:09.251682,sensor.upnp_igd_download_speed,2.22265561042622,3.48016867989466,"{""state_class"": ""measurement"", ""unit_of_measurement"": ""KiB/s"", ""device_class"": ""data_rate"", ""friendly_name"": ""UPNP IGD Download speed""}"
2025-07-25T08:39:09.253141,sensor.upnp_igd_upload_speed,0.79458448837164,1.26675288338139,"{""state_class"": ""measurement"", ""unit_of_measurement"": ""KiB/s"", ""device_class"": ""data_rate"", ""friendly_name"": ""UPNP IGD Upload speed""}"
2025-07-25T08:39:09.254588,sensor.upnp_igd_packet_download_speed,34.5994833143825,37.9672994549909,"{""state_class"": ""measurement"", ""unit_of_measurement"": ""packets/s"", ""friendly_name"": ""UPNP IGD Packet download speed""}"
2025-07-25T08:39:09.255986,sensor.upnp_igd_packet_upload_speed,2.19996714715727,5.33342222370373,"{""state_class"": ""measurement"", ""unit_of_measurement"": ""packets/s"", ""friendly_name"": ""UPNP IGD Packet upload speed""}"
2025-07-25T08:39:10.142506,sun.sun,above_horizon,above_horizon,"{""next_dawn"": ""2025-07-26T08:32:54.909961+00:00"", ""next_dusk"": ""2025-07-25T20:48:15.098712+00:00"", ""next_midnight"": ""2025-07-26T02:40:37+00:00"", ""next_noon"": ""2025-07-25T14:40:37+00:00"", ""next_rising"": ""2025-07-26T08:55:47.118508+00:00"", ""next_setting"": ""2025-07-25T20:25:21.448131+00:00"", ""elevation"": 34.77, ""azimuth"": 54.7, ""rising"": true, ""friendly_name"": ""Sun""}"
2025-07-25T08:39:10.261752,automation.aut_status_bruno,on,on,"{""id"": ""1751855857509"", ""last_triggered"": ""2025-07-25T11:39:10.253067+00:00"", ""mode"": ""single"", ""current"": 1, ""friendly_name"": ""aut-status-bruno""}"
2025-07-25T08:39:10.263928,automation.aut_status_bruno,on,on,"{""id"": ""1751855857509"", ""last_triggered"": ""2025-07-25T11:39:10.253067+00:00"", ""mode"": ""single"", ""current"": 0, ""friendly_name"": ""aut-status-bruno""}"
2025-07-25T08:39:39.239745,sensor.upnp_igd_data_received,2407300516,2407371053,"{""state_class"": ""total_increasing"", ""unit_of_measurement"": ""B"", ""device_class"": ""data_size"", ""friendly_name"": ""UPNP IGD Data received""}"
2025-07-25T08:39:39.242230,sensor.upnp_igd_data_sent,2911364578,2911370003,"{""state_class"": ""total_increasing"", ""unit_of_measurement"": ""B"", ""device_class"": ""data_size"", ""friendly_name"": ""UPNP IGD Data sent""}"
2025-07-25T08:39:39.243868,sensor.upnp_igd_packets_received,32696807,32697832,"{""state_class"": ""total_increasing"", ""unit_of_measurement"": ""packets"", ""friendly_name"": ""UPNP IGD Packets received""}"
2025-07-25T08:39:39.245373,sensor.upnp_igd_packets_sent,10466421,10466471,"{""state_class"": ""total_increasing"", ""unit_of_measurement"": ""packets"", ""friendly_name"": ""UPNP IGD Packets sent""}"
2025-07-25T08:39:39.246815,sensor.upnp_igd_uptime,260108,260138,"{""unit_of_measurement"": ""s"", ""device_class"": ""duration"", ""friendly_name"": ""UPNP IGD Uptime""}"
2025-07-25T08:39:39.248317,sensor.upnp_igd_download_speed,3.48016867989466,2.29612706745902,"{""state_class"": ""measurement"", ""unit_of_measurement"": ""KiB/s"", ""device_class"": ""data_rate"", ""friendly_name"": ""UPNP IGD Download speed""}"
2025-07-25T08:39:39.249765,sensor.upnp_igd_upload_speed,1.26675288338139,0.17659511094837,"{""state_class"": ""measurement"", ""unit_of_measurement"": ""KiB/s"", ""device_class"": ""data_rate"", ""friendly_name"": ""UPNP IGD Upload speed""}"
2025-07-25T08:39:39.251129,sensor.upnp_igd_packet_download_speed,37.9672994549909,34.1666780555594,"{""state_class"": ""measurement"", ""unit_of_measurement"": ""packets/s"", ""friendly_name"": ""UPNP IGD Packet download speed""}"
2025-07-25T08:39:39.252574,sensor.upnp_igd_packet_upload_speed,5.33342222370373,1.66666722222241,"{""state_class"": ""measurement"", ""unit_of_measurement"": ""packets/s"", ""friendly_name"": ""UPNP IGD Packet upload speed""}"
2025-07-25T08:40:09.247360,sensor.upnp_igd_data_received,2407371053,2407540283,"{""state_class"": ""total_increasing"", ""unit_of_measurement"": ""B"", ""device_class"": ""data_size"", ""friendly_name"": ""UPNP IGD Data received""}"
2025-07-25T08:40:09.251085,sensor.upnp_igd_data_sent,2911370003,2911456838,"{""state_class"": ""total_increasing"", ""unit_of_measurement"": ""B"", ""device_class"": ""data_size"", ""friendly_name"": ""UPNP IGD Data sent""}"
2025-07-25T08:40:09.252765,sensor.upnp_igd_packets_received,32697832,32699165,"{""state_class"": ""total_increasing"", ""unit_of_measurement"": ""packets"", ""friendly_name"": ""UPNP IGD Packets received""}"
2025-07-25T08:40:09.254185,sensor.upnp_igd_packets_sent,10466471,10466791,"{""state_class"": ""total_increasing"", ""unit_of_measurement"": ""packets"", ""friendly_name"": ""UPNP IGD Packets sent""}"
2025-07-25T08:40:09.255755,sensor.upnp_igd_uptime,260138,260168,"{""unit_of_measurement"": ""s"", ""device_class"": ""duration"", ""friendly_name"": ""UPNP IGD Uptime""}"
2025-07-25T08:40:09.257140,sensor.upnp_igd_download_speed,2.29612706745902,5.50874664515083,"{""state_class"": ""measurement"", ""unit_of_measurement"": ""KiB/s"", ""device_class"": ""data_rate"", ""friendly_name"": ""UPNP IGD Download speed""}"
2025-07-25T08:40:09.258432,sensor.upnp_igd_upload_speed,0.17659511094837,2.82663839113439,"{""state_class"": ""measurement"", ""unit_of_measurement"": ""KiB/s"", ""device_class"": ""data_rate"", ""friendly_name"": ""UPNP IGD Upload speed""}"
2025-07-25T08:40:09.259771,sensor.upnp_igd_packet_download_speed,34.1666780555594,44.4329911993011,"{""state_class"": ""measurement"", ""unit_of_measurement"": ""packets/s"", ""friendly_name"": ""UPNP IGD Packet download speed""}"
2025-07-25T08:40:09.261099,sensor.upnp_igd_packet_upload_speed,1.66666722222241,10.6665845339658,"{""state_class"": ""measurement"", ""unit_of_measurement"": ""packets/s"", ""friendly_name"": ""UPNP IGD Packet upload speed""}"
2025-07-25T08:40:10.258769,automation.aut_status_bruno,on,on,"{""id"": ""1751855857509"", ""last_triggered"": ""2025-07-25T11:40:10.252461+00:00"", ""mode"": ""single"", ""current"": 1, ""friendly_name"": ""aut-status-bruno""}"
2025-07-25T08:40:10.261169,automation.aut_status_bruno,on,on,"{""id"": ""1751855857509"", ""last_triggered"": ""2025-07-25T11:40:10.252461+00:00"", ""mode"": ""single"", ""current"": 0, ""friendly_name"": ""aut-status-bruno""}"
2025-07-25T08:40:39.255718,sensor.upnp_igd_data_received,2407540283,2407639475,"{""state_class"": ""total_increasing"", ""unit_of_measurement"": ""B"", ""device_class"": ""data_size"", ""friendly_name"": ""UPNP IGD Data received""}"
2025-07-25T08:40:39.262602,sensor.upnp_igd_data_sent,2911456838,2911478658,"{""state_class"": ""total_increasing"", ""unit_of_measurement"": ""B"", ""device_class"": ""data_size"", ""friendly_name"": ""UPNP IGD Data sent""}"
2025-07-25T08:40:39.267402,sensor.upnp_igd_packets_received,32699165,32700275,"{""state_class"": ""total_increasing"", ""unit_of_measurement"": ""packets"", ""friendly_name"": ""UPNP IGD Packets received""}"
2025-07-25T08:40:39.271890,sensor.upnp_igd_packets_sent,10466791,10466916,"{""state_class"": ""total_increasing"", ""unit_of_measurement"": ""packets"", ""friendly_name"": ""UPNP IGD Packets sent""}"
2025-07-25T08:40:39.276184,sensor.upnp_igd_uptime,260168,260198,"{""unit_of_measurement"": ""s"", ""device_class"": ""duration"", ""friendly_name"": ""UPNP IGD Uptime""}"
2025-07-25T08:40:39.280733,sensor.upnp_igd_download_speed,5.50874664515083,3.22893240435248,"{""state_class"": ""measurement"", ""unit_of_measurement"": ""KiB/s"", ""device_class"": ""data_rate"", ""friendly_name"": ""UPNP IGD Download speed""}"
2025-07-25T08:40:39.285247,sensor.upnp_igd_upload_speed,2.82663839113439,0.710292211700248,"{""state_class"": ""measurement"", ""unit_of_measurement"": ""KiB/s"", ""device_class"": ""data_rate"", ""friendly_name"": ""UPNP IGD Upload speed""}"
2025-07-25T08:40:39.290187,sensor.upnp_igd_packet_download_speed,44.4329911993011,37.0002997024276,"{""state_class"": ""measurement"", ""unit_of_measurement"": ""packets/s"", ""friendly_name"": ""UPNP IGD Packet download speed""}"
2025-07-25T08:40:39.295881,sensor.upnp_igd_packet_upload_speed,10.6665845339658,4.16670041694004,"{""state_class"": ""measurement"", ""unit_of_measurement"": ""packets/s"", ""friendly_name"": ""UPNP IGD Packet upload speed""}"
2025-07-25T08:41:09.239515,sensor.upnp_igd_data_received,2407639475,2407719962,"{""state_class"": ""total_increasing"", ""unit_of_measurement"": ""B"", ""device_class"": ""data_size"", ""friendly_name"": ""UPNP IGD Data received""}"
2025-07-25T08:41:09.242320,sensor.upnp_igd_data_sent,2911478658,2911510324,"{""state_class"": ""total_increasing"", ""unit_of_measurement"": ""B"", ""device_class"": ""data_size"", ""friendly_name"": ""UPNP IGD Data sent""}"
2025-07-25T08:41:09.243862,sensor.upnp_igd_packets_received,32700275,32701380,"{""state_class"": ""total_increasing"", ""unit_of_measurement"": ""packets"", ""friendly_name"": ""UPNP IGD Packets received""}"
2025-07-25T08:41:09.245286,sensor.upnp_igd_packets_sent,10466916,10467033,"{""state_class"": ""total_increasing"", ""unit_of_measurement"": ""packets"", ""friendly_name"": ""UPNP IGD Packets sent""}"
2025-07-25T08:41:09.246595,sensor.upnp_igd_uptime,260198,260228,"{""unit_of_measurement"": ""s"", ""device_class"": ""duration"", ""friendly_name"": ""UPNP IGD Uptime""}"
2025-07-25T08:41:09.248050,sensor.upnp_igd_download_speed,3.22893240435248,2.62002293727982,"{""state_class"": ""measurement"", ""unit_of_measurement"": ""KiB/s"", ""device_class"": ""data_rate"", ""friendly_name"": ""UPNP IGD Download speed""}"
2025-07-25T08:41:09.249530,sensor.upnp_igd_upload_speed,0.710292211700248,1.03079561086763,"{""state_class"": ""measurement"", ""unit_of_measurement"": ""KiB/s"", ""device_class"": ""data_rate"", ""friendly_name"": ""UPNP IGD Upload speed""}"
2025-07-25T08:41:09.250939,sensor.upnp_igd_packet_download_speed,37.0002997024276,36.8333812167289,"{""state_class"": ""measurement"", ""unit_of_measurement"": ""packets/s"", ""friendly_name"": ""UPNP IGD Packet download speed""}"
2025-07-25T08:41:09.252356,sensor.upnp_igd_packet_upload_speed,4.16670041694004,3.90000507000659,"{""state_class"": ""measurement"", ""unit_of_measurement"": ""packets/s"", ""friendly_name"": ""UPNP IGD Packet upload speed""}"
2025-07-25T08:41:10.259661,automation.aut_status_bruno,on,on,"{""id"": ""1751855857509"", ""last_triggered"": ""2025-07-25T11:41:10.252491+00:00"", ""mode"": ""single"", ""current"": 1, ""friendly_name"": ""aut-status-bruno""}"
2025-07-25T08:41:10.261956,automation.aut_status_bruno,on,on,"{""id"": ""1751855857509"", ""last_triggered"": ""2025-07-25T11:41:10.252491+00:00"", ""mode"": ""single"", ""current"": 0, ""friendly_name"": ""aut-status-bruno""}"
2025-07-25T08:41:39.239008,sensor.upnp_igd_data_received,2407719962,2407795066,"{""state_class"": ""total_increasing"", ""unit_of_measurement"": ""B"", ""device_class"": ""data_size"", ""friendly_name"": ""UPNP IGD Data received""}"
2025-07-25T08:41:39.241670,sensor.upnp_igd_data_sent,2911510324,2911519579,"{""state_class"": ""total_increasing"", ""unit_of_measurement"": ""B"", ""device_class"": ""data_size"", ""friendly_name"": ""UPNP IGD Data sent""}"
2025-07-25T08:41:39.243166,sensor.upnp_igd_packets_received,32701380,32702467,"{""state_class"": ""total_increasing"", ""unit_of_measurement"": ""packets"", ""friendly_name"": ""UPNP IGD Packets received""}"
2025-07-25T08:41:39.244628,sensor.upnp_igd_packets_sent,10467033,10467109,"{""state_class"": ""total_increasing"", ""unit_of_measurement"": ""packets"", ""friendly_name"": ""UPNP IGD Packets sent""}"
2025-07-25T08:41:39.245952,sensor.upnp_igd_uptime,260228,260258,"{""unit_of_measurement"": ""s"", ""device_class"": ""duration"", ""friendly_name"": ""UPNP IGD Uptime""}"
2025-07-25T08:41:39.247409,sensor.upnp_igd_download_speed,2.62002293727982,2.44474660183764,"{""state_class"": ""measurement"", ""unit_of_measurement"": ""KiB/s"", ""device_class"": ""data_rate"", ""friendly_name"": ""UPNP IGD Download speed""}"
2025-07-25T08:41:39.248837,sensor.upnp_igd_upload_speed,1.03079561086763,0.301263977950673,"{""state_class"": ""measurement"", ""unit_of_measurement"": ""KiB/s"", ""device_class"": ""data_rate"", ""friendly_name"": ""UPNP IGD Upload speed""}"
2025-07-25T08:41:39.250178,sensor.upnp_igd_packet_download_speed,36.8333812167289,36.2326654445336,"{""state_class"": ""measurement"", ""unit_of_measurement"": ""packets/s"", ""friendly_name"": ""UPNP IGD Packet download speed""}"
2025-07-25T08:41:39.251589,sensor.upnp_igd_packet_upload_speed,3.90000507000659,2.53328663641634,"{""state_class"": ""measurement"", ""unit_of_measurement"": ""packets/s"", ""friendly_name"": ""UPNP IGD Packet upload speed""}"
2025-07-25T08:42:09.237963,sensor.upnp_igd_data_received,2407795066,2408055183,"{""state_class"": ""total_increasing"", ""unit_of_measurement"": ""B"", ""device_class"": ""data_size"", ""friendly_name"": ""UPNP IGD Data received""}"
2025-07-25T08:42:09.240587,sensor.upnp_igd_data_sent,2911519579,2911546626,"{""state_class"": ""total_increasing"", ""unit_of_measurement"": ""B"", ""device_class"": ""data_size"", ""friendly_name"": ""UPNP IGD Data sent""}"
2025-07-25T08:42:09.242207,sensor.upnp_igd_packets_received,32702467,32703702,"{""state_class"": ""total_increasing"", ""unit_of_measurement"": ""packets"", ""friendly_name"": ""UPNP IGD Packets received""}"
2025-07-25T08:42:09.243642,sensor.upnp_igd_packets_sent,10467109,10467254,"{""state_class"": ""total_increasing"", ""unit_of_measurement"": ""packets"", ""friendly_name"": ""UPNP IGD Packets sent""}"
2025-07-25T08:42:09.244979,sensor.upnp_igd_uptime,260258,260288,"{""unit_of_measurement"": ""s"", ""device_class"": ""duration"", ""friendly_name"": ""UPNP IGD Uptime""}"
2025-07-25T08:42:09.246379,sensor.upnp_igd_download_speed,2.44474660183764,8.46744678931007,"{""state_class"": ""measurement"", ""unit_of_measurement"": ""KiB/s"", ""device_class"": ""data_rate"", ""friendly_name"": ""UPNP IGD Download speed""}"
2025-07-25T08:42:09.247837,sensor.upnp_igd_upload_speed,0.301263977950673,0.880446235003746,"{""state_class"": ""measurement"", ""unit_of_measurement"": ""KiB/s"", ""device_class"": ""data_rate"", ""friendly_name"": ""UPNP IGD Upload speed""}"
2025-07-25T08:42:09.249222,sensor.upnp_igd_packet_download_speed,36.2326654445336,41.1671359720167,"{""state_class"": ""measurement"", ""unit_of_measurement"": ""packets/s"", ""friendly_name"": ""UPNP IGD Packet download speed""}"
2025-07-25T08:42:09.250596,sensor.upnp_igd_packet_upload_speed,2.53328663641634,4.83338843396148,"{""state_class"": ""measurement"", ""unit_of_measurement"": ""packets/s"", ""friendly_name"": ""UPNP IGD Packet upload speed""}"
2025-07-25T08:42:10.258814,automation.aut_status_bruno,on,on,"{""id"": ""1751855857509"", ""last_triggered"": ""2025-07-25T11:42:10.252347+00:00"", ""mode"": ""single"", ""current"": 1, ""friendly_name"": ""aut-status-bruno""}"
2025-07-25T08:42:10.261103,automation.aut_status_bruno,on,on,"{""id"": ""1751855857509"", ""last_triggered"": ""2025-07-25T11:42:10.252347+00:00"", ""mode"": ""single"", ""current"": 0, ""friendly_name"": ""aut-status-bruno""}"
2025-07-25T08:42:39.242804,sensor.upnp_igd_data_received,2408055183,2410036214,"{""state_class"": ""total_increasing"", ""unit_of_measurement"": ""B"", ""device_class"": ""data_size"", ""friendly_name"": ""UPNP IGD Data received""}"
2025-07-25T08:42:39.244601,sensor.upnp_igd_data_sent,2911546626,2911889099,"{""state_class"": ""total_increasing"", ""unit_of_measurement"": ""B"", ""device_class"": ""data_size"", ""friendly_name"": ""UPNP IGD Data sent""}"
2025-07-25T08:42:39.245913,sensor.upnp_igd_packets_received,32703702,32706912,"{""state_class"": ""total_increasing"", ""unit_of_measurement"": ""packets"", ""friendly_name"": ""UPNP IGD Packets received""}"
2025-07-25T08:42:39.247126,sensor.upnp_igd_packets_sent,10467254,10468719,"{""state_class"": ""total_increasing"", ""unit_of_measurement"": ""packets"", ""friendly_name"": ""UPNP IGD Packets sent""}"
2025-07-25T08:42:39.248790,sensor.upnp_igd_uptime,260288,260318,"{""unit_of_measurement"": ""s"", ""device_class"": ""duration"", ""friendly_name"": ""UPNP IGD Uptime""}"
2025-07-25T08:42:39.250499,sensor.upnp_igd_download_speed,8.46744678931007,64.4857962939278,"{""state_class"": ""measurement"", ""unit_of_measurement"": ""KiB/s"", ""device_class"": ""data_rate"", ""friendly_name"": ""UPNP IGD Download speed""}"
2025-07-25T08:42:39.252347,sensor.upnp_igd_upload_speed,0.880446235003746,11.1480557922467,"{""state_class"": ""measurement"", ""unit_of_measurement"": ""KiB/s"", ""device_class"": ""data_rate"", ""friendly_name"": ""UPNP IGD Upload speed""}"
2025-07-25T08:42:39.254106,sensor.upnp_igd_packet_download_speed,41.1671359720167,106.998523420377,"{""state_class"": ""measurement"", ""unit_of_measurement"": ""packets/s"", ""friendly_name"": ""UPNP IGD Packet download speed""}"
2025-07-25T08:42:39.255804,sensor.upnp_igd_packet_upload_speed,4.83338843396148,48.832659442633,"{""state_class"": ""measurement"", ""unit_of_measurement"": ""packets/s"", ""friendly_name"": ""UPNP IGD Packet upload speed""}"
2025-07-25T08:42:52.463448,camera.192_168_0_33,idle,idle,"{""access_token"": ""b6de8634710b9f4d427067f38e9b1006c7b064d8166bd24fa4270ecc7be97f93"", ""entity_picture"": ""/api/camera_proxy/camera.192_168_0_33?token=b6de8634710b9f4d427067f38e9b1006c7b064d8166bd24fa4270ecc7be97f93"", ""friendly_name"": ""192_168_0_14"", ""supported_features"": 2}"
2025-07-25T08:42:52.465227,camera.admin_mainstream,idle,idle,"{""access_token"": ""723dd1160708571306ecf0d96f42a90a483d8b4a63fba13d783df5aaceabe668"", ""entity_picture"": ""/api/camera_proxy/camera.admin_mainstream?token=723dd1160708571306ecf0d96f42a90a483d8b4a63fba13d783df5aaceabe668"", ""friendly_name"": ""admin MainStream"", ""supported_features"": 2}"
2025-07-25T08:42:52.466653,camera.admin_substream,idle,idle,"{""access_token"": ""2fd0ecf475cd3041a996c467b5e552151b89e014a00ed7b263736d538b768a80"", ""entity_picture"": ""/api/camera_proxy/camera.admin_substream?token=2fd0ecf475cd3041a996c467b5e552151b89e014a00ed7b263736d538b768a80"", ""friendly_name"": ""admin SubStream"", ""supported_features"": 2}"
2025-07-25T08:43:09.262664,sensor.upnp_igd_data_received,2410036214,2411199077,"{""state_class"": ""total_increasing"", ""unit_of_measurement"": ""B"", ""device_class"": ""data_size"", ""friendly_name"": ""UPNP IGD Data received""}"
2025-07-25T08:43:09.265206,sensor.upnp_igd_data_sent,2911889099,2912352125,"{""state_class"": ""total_increasing"", ""unit_of_measurement"": ""B"", ""device_class"": ""data_size"", ""friendly_name"": ""UPNP IGD Data sent""}"
2025-07-25T08:43:09.266958,sensor.upnp_igd_packets_received,32706912,32709554,"{""state_class"": ""total_increasing"", ""unit_of_measurement"": ""packets"", ""friendly_name"": ""UPNP IGD Packets received""}"
2025-07-25T08:43:09.268557,sensor.upnp_igd_packets_sent,10468719,10470130,"{""state_class"": ""total_increasing"", ""unit_of_measurement"": ""packets"", ""friendly_name"": ""UPNP IGD Packets sent""}"
2025-07-25T08:43:09.269905,sensor.upnp_igd_uptime,260318,260348,"{""unit_of_measurement"": ""s"", ""device_class"": ""duration"", ""friendly_name"": ""UPNP IGD Uptime""}"
2025-07-25T08:43:09.271825,sensor.upnp_igd_download_speed,64.4857962939278,37.8538404042924,"{""state_class"": ""measurement"", ""unit_of_measurement"": ""KiB/s"", ""device_class"": ""data_rate"", ""friendly_name"": ""UPNP IGD Download speed""}"
2025-07-25T08:43:09.273621,sensor.upnp_igd_upload_speed,11.1480557922467,15.0725513728082,"{""state_class"": ""measurement"", ""unit_of_measurement"": ""KiB/s"", ""device_class"": ""data_rate"", ""friendly_name"": ""UPNP IGD Upload speed""}"
2025-07-25T08:43:09.275286,sensor.upnp_igd_packet_download_speed,106.998523420377,88.0671950698371,"{""state_class"": ""measurement"", ""unit_of_measurement"": ""packets/s"", ""friendly_name"": ""UPNP IGD Packet download speed""}"
2025-07-25T08:43:09.276834,sensor.upnp_igd_packet_upload_speed,48.832659442633,47.0336155350265,"{""state_class"": ""measurement"", ""unit_of_measurement"": ""packets/s"", ""friendly_name"": ""UPNP IGD Packet upload speed""}"
2025-07-25T08:43:10.143254,sun.sun,above_horizon,above_horizon,"{""next_dawn"": ""2025-07-26T08:32:54.909961+00:00"", ""next_dusk"": ""2025-07-25T20:48:15.098712+00:00"", ""next_midnight"": ""2025-07-26T02:40:37+00:00"", ""next_noon"": ""2025-07-25T14:40:37+00:00"", ""next_rising"": ""2025-07-26T08:55:47.118508+00:00"", ""next_setting"": ""2025-07-25T20:25:21.448131+00:00"", ""elevation"": 35.56, ""azimuth"": 54.08, ""rising"": true, ""friendly_name"": ""Sun""}"
2025-07-25T08:43:10.261008,automation.aut_status_bruno,on,on,"{""id"": ""1751855857509"", ""last_triggered"": ""2025-07-25T11:43:10.252552+00:00"", ""mode"": ""single"", ""current"": 1, ""friendly_name"": ""aut-status-bruno""}"
2025-07-25T08:43:10.263087,automation.aut_status_bruno,on,on,"{""id"": ""1751855857509"", ""last_triggered"": ""2025-07-25T11:43:10.252552+00:00"", ""mode"": ""single"", ""current"": 0, ""friendly_name"": ""aut-status-bruno""}"
2025-07-25T08:43:39.238722,sensor.upnp_igd_data_received,2411199077,2411889974,"{""state_class"": ""total_increasing"", ""unit_of_measurement"": ""B"", ""device_class"": ""data_size"", ""friendly_name"": ""UPNP IGD Data received""}"
2025-07-25T08:43:39.241433,sensor.upnp_igd_data_sent,2912352125,2912524016,"{""state_class"": ""total_increasing"", ""unit_of_measurement"": ""B"", ""device_class"": ""data_size"", ""friendly_name"": ""UPNP IGD Data sent""}"
2025-07-25T08:43:39.242803,sensor.upnp_igd_packets_received,32709554,32711474,"{""state_class"": ""total_increasing"", ""unit_of_measurement"": ""packets"", ""friendly_name"": ""UPNP IGD Packets received""}"
2025-07-25T08:43:39.244343,sensor.upnp_igd_packets_sent,10470130,10470695,"{""state_class"": ""total_increasing"", ""unit_of_measurement"": ""packets"", ""friendly_name"": ""UPNP IGD Packets sent""}"
2025-07-25T08:43:39.245781,sensor.upnp_igd_uptime,260348,260378,"{""unit_of_measurement"": ""s"", ""device_class"": ""duration"", ""friendly_name"": ""UPNP IGD Uptime""}"
2025-07-25T08:43:39.247206,sensor.upnp_igd_download_speed,37.8538404042924,22.4906779944004,"{""state_class"": ""measurement"", ""unit_of_measurement"": ""KiB/s"", ""device_class"": ""data_rate"", ""friendly_name"": ""UPNP IGD Download speed""}"
2025-07-25T08:43:39.248670,sensor.upnp_igd_upload_speed,15.0725513728082,5.59554482236206,"{""state_class"": ""measurement"", ""unit_of_measurement"": ""KiB/s"", ""device_class"": ""data_rate"", ""friendly_name"": ""UPNP IGD Upload speed""}"
2025-07-25T08:43:39.250032,sensor.upnp_igd_packet_download_speed,88.0671950698371,64.0015403037366,"{""state_class"": ""measurement"", ""unit_of_measurement"": ""packets/s"", ""friendly_name"": ""UPNP IGD Packet download speed""}"
2025-07-25T08:43:39.251465,sensor.upnp_igd_packet_upload_speed,47.0336155350265,18.8337865997975,"{""state_class"": ""measurement"", ""unit_of_measurement"": ""packets/s"", ""friendly_name"": ""UPNP IGD Packet upload speed""}"
2025-07-25T08:44:09.238499,sensor.upnp_igd_data_received,2411889974,2411974562,"{""state_class"": ""total_increasing"", ""unit_of_measurement"": ""B"", ""device_class"": ""data_size"", ""friendly_name"": ""UPNP IGD Data received""}"
2025-07-25T08:44:09.241873,sensor.upnp_igd_data_sent,2912524016,2912544263,"{""state_class"": ""total_increasing"", ""unit_of_measurement"": ""B"", ""device_class"": ""data_size"", ""friendly_name"": ""UPNP IGD Data sent""}"
2025-07-25T08:44:09.243245,sensor.upnp_igd_packets_received,32711474,32712564,"{""state_class"": ""total_increasing"", ""unit_of_measurement"": ""packets"", ""friendly_name"": ""UPNP IGD Packets received""}"
2025-07-25T08:44:09.244731,sensor.upnp_igd_packets_sent,10470695,10470790,"{""state_class"": ""total_increasing"", ""unit_of_measurement"": ""packets"", ""friendly_name"": ""UPNP IGD Packets sent""}"
2025-07-25T08:44:09.246089,sensor.upnp_igd_uptime,260378,260408,"{""unit_of_measurement"": ""s"", ""device_class"": ""duration"", ""friendly_name"": ""UPNP IGD Uptime""}"
2025-07-25T08:44:09.247499,sensor.upnp_igd_download_speed,22.4906779944004,2.75344421901325,"{""state_class"": ""measurement"", ""unit_of_measurement"": ""KiB/s"", ""device_class"": ""data_rate"", ""friendly_name"": ""UPNP IGD Download speed""}"
2025-07-25T08:44:09.248915,sensor.upnp_igd_upload_speed,5.59554482236206,0.659064939499236,"{""state_class"": ""measurement"", ""unit_of_measurement"": ""KiB/s"", ""device_class"": ""data_rate"", ""friendly_name"": ""UPNP IGD Upload speed""}"
2025-07-25T08:44:09.250263,sensor.upnp_igd_packet_download_speed,64.0015403037366,36.3323911133238,"{""state_class"": ""measurement"", ""unit_of_measurement"": ""packets/s"", ""friendly_name"": ""UPNP IGD Packet download speed""}"
2025-07-25T08:44:09.251664,sensor.upnp_igd_packet_upload_speed,18.8337865997975,3.16658454657409,"{""state_class"": ""measurement"", ""unit_of_measurement"": ""packets/s"", ""friendly_name"": ""UPNP IGD Packet upload speed""}"
2025-07-25T08:44:10.258786,automation.aut_status_bruno,on,on,"{""id"": ""1751855857509"", ""last_triggered"": ""2025-07-25T11:44:10.252353+00:00"", ""mode"": ""single"", ""current"": 1, ""friendly_name"": ""aut-status-bruno""}"
2025-07-25T08:44:10.262434,automation.aut_status_bruno,on,on,"{""id"": ""1751855857509"", ""last_triggered"": ""2025-07-25T11:44:10.252353+00:00"", ""mode"": ""single"", ""current"": 0, ""friendly_name"": ""aut-status-bruno""}"
2025-07-25T08:44:39.254431,sensor.upnp_igd_data_received,2411974562,2412068149,"{""state_class"": ""total_increasing"", ""unit_of_measurement"": ""B"", ""device_class"": ""data_size"", ""friendly_name"": ""UPNP IGD Data received""}"
2025-07-25T08:44:39.257283,sensor.upnp_igd_data_sent,2912544263,2912562547,"{""state_class"": ""total_increasing"", ""unit_of_measurement"": ""B"", ""device_class"": ""data_size"", ""friendly_name"": ""UPNP IGD Data sent""}"
2025-07-25T08:44:39.258824,sensor.upnp_igd_packets_received,32712564,32713749,"{""state_class"": ""total_increasing"", ""unit_of_measurement"": ""packets"", ""friendly_name"": ""UPNP IGD Packets received""}"
2025-07-25T08:44:39.260330,sensor.upnp_igd_packets_sent,10470790,10470936,"{""state_class"": ""total_increasing"", ""unit_of_measurement"": ""packets"", ""friendly_name"": ""UPNP IGD Packets sent""}"
2025-07-25T08:44:39.261734,sensor.upnp_igd_uptime,260408,260438,"{""unit_of_measurement"": ""s"", ""device_class"": ""duration"", ""friendly_name"": ""UPNP IGD Uptime""}"
2025-07-25T08:44:39.263278,sensor.upnp_igd_download_speed,2.75344421901325,3.04652047117795,"{""state_class"": ""measurement"", ""unit_of_measurement"": ""KiB/s"", ""device_class"": ""data_rate"", ""friendly_name"": ""UPNP IGD Download speed""}"
2025-07-25T08:44:39.266106,sensor.upnp_igd_upload_speed,0.659064939499236,0.59519570340985,"{""state_class"": ""measurement"", ""unit_of_measurement"": ""KiB/s"", ""device_class"": ""data_rate"", ""friendly_name"": ""UPNP IGD Upload speed""}"
2025-07-25T08:44:39.268003,sensor.upnp_igd_packet_download_speed,36.3323911133238,39.5008900867233,"{""state_class"": ""measurement"", ""unit_of_measurement"": ""packets/s"", ""friendly_name"": ""UPNP IGD Packet download speed""}"
2025-07-25T08:44:39.269842,sensor.upnp_igd_packet_upload_speed,3.16658454657409,4.86677633136,"{""state_class"": ""measurement"", ""unit_of_measurement"": ""packets/s"", ""friendly_name"": ""UPNP IGD Packet upload speed""}"
2025-07-25T08:45:09.242358,sensor.upnp_igd_data_received,2412068149,2412237798,"{""state_class"": ""total_increasing"", ""unit_of_measurement"": ""B"", ""device_class"": ""data_size"", ""friendly_name"": ""UPNP IGD Data received""}"
2025-07-25T08:45:09.244113,sensor.upnp_igd_data_sent,2912562547,2912620716,"{""state_class"": ""total_increasing"", ""unit_of_measurement"": ""B"", ""device_class"": ""data_size"", ""friendly_name"": ""UPNP IGD Data sent""}"
2025-07-25T08:45:09.245621,sensor.upnp_igd_packets_received,32713749,32714950,"{""state_class"": ""total_increasing"", ""unit_of_measurement"": ""packets"", ""friendly_name"": ""UPNP IGD Packets received""}"
2025-07-25T08:45:09.246994,sensor.upnp_igd_packets_sent,10470936,10471132,"{""state_class"": ""total_increasing"", ""unit_of_measurement"": ""packets"", ""friendly_name"": ""UPNP IGD Packets sent""}"
2025-07-25T08:45:09.248346,sensor.upnp_igd_uptime,260438,260468,"{""unit_of_measurement"": ""s"", ""device_class"": ""duration"", ""friendly_name"": ""UPNP IGD Uptime""}"
2025-07-25T08:45:09.249791,sensor.upnp_igd_download_speed,3.04652047117795,5.52240463907672,"{""state_class"": ""measurement"", ""unit_of_measurement"": ""KiB/s"", ""device_class"": ""data_rate"", ""friendly_name"": ""UPNP IGD Download speed""}"
2025-07-25T08:45:09.251263,sensor.upnp_igd_upload_speed,0.59519570340985,1.8935139933065,"{""state_class"": ""measurement"", ""unit_of_measurement"": ""KiB/s"", ""device_class"": ""data_rate"", ""friendly_name"": ""UPNP IGD Upload speed""}"
2025-07-25T08:45:09.252729,sensor.upnp_igd_packet_download_speed,39.5008900867233,40.0331611907402,"{""state_class"": ""measurement"", ""unit_of_measurement"": ""packets/s"", ""friendly_name"": ""UPNP IGD Packet download speed""}"
2025-07-25T08:45:09.254101,sensor.upnp_igd_packet_upload_speed,4.86677633136,6.5333052401208,"{""state_class"": ""measurement"", ""unit_of_measurement"": ""packets/s"", ""friendly_name"": ""UPNP IGD Packet upload speed""}"
2025-07-25T08:45:10.262476,automation.aut_status_bruno,on,on,"{""id"": ""1751855857509"", ""last_triggered"": ""2025-07-25T11:45:10.253604+00:00"", ""mode"": ""single"", ""current"": 1, ""friendly_name"": ""aut-status-bruno""}"
2025-07-25T08:45:10.269311,automation.aut_status_bruno,on,on,"{""id"": ""1751855857509"", ""last_triggered"": ""2025-07-25T11:45:10.253604+00:00"", ""mode"": ""single"", ""current"": 0, ""friendly_name"": ""aut-status-bruno""}"
2025-07-25T08:45:39.240131,sensor.upnp_igd_data_received,2412237798,2412401281,"{""state_class"": ""total_increasing"", ""unit_of_measurement"": ""B"", ""device_class"": ""data_size"", ""friendly_name"": ""UPNP IGD Data received""}"
2025-07-25T08:45:39.242921,sensor.upnp_igd_data_sent,2912620716,2912634610,"{""state_class"": ""total_increasing"", ""unit_of_measurement"": ""B"", ""device_class"": ""data_size"", ""friendly_name"": ""UPNP IGD Data sent""}"
2025-07-25T08:45:39.244446,sensor.upnp_igd_packets_received,32714950,32716098,"{""state_class"": ""total_increasing"", ""unit_of_measurement"": ""packets"", ""friendly_name"": ""UPNP IGD Packets received""}"
2025-07-25T08:45:39.245906,sensor.upnp_igd_packets_sent,10471132,10471245,"{""state_class"": ""total_increasing"", ""unit_of_measurement"": ""packets"", ""friendly_name"": ""UPNP IGD Packets sent""}"
2025-07-25T08:45:39.247241,sensor.upnp_igd_uptime,260468,260498,"{""unit_of_measurement"": ""s"", ""device_class"": ""duration"", ""friendly_name"": ""UPNP IGD Uptime""}"
2025-07-25T08:45:39.248758,sensor.upnp_igd_download_speed,5.52240463907672,5.32155826916408,"{""state_class"": ""measurement"", ""unit_of_measurement"": ""KiB/s"", ""device_class"": ""data_rate"", ""friendly_name"": ""UPNP IGD Download speed""}"
2025-07-25T08:45:39.250235,sensor.upnp_igd_upload_speed,1.8935139933065,0.452265560283122,"{""state_class"": ""measurement"", ""unit_of_measurement"": ""KiB/s"", ""device_class"": ""data_rate"", ""friendly_name"": ""UPNP IGD Upload speed""}"
2025-07-25T08:45:39.251731,sensor.upnp_igd_packet_download_speed,40.0331611907402,38.265559516478,"{""state_class"": ""measurement"", ""unit_of_measurement"": ""packets/s"", ""friendly_name"": ""UPNP IGD Packet download speed""}"
2025-07-25T08:45:39.253096,sensor.upnp_igd_packet_upload_speed,6.5333052401208,3.76655768759757,"{""state_class"": ""measurement"", ""unit_of_measurement"": ""packets/s"", ""friendly_name"": ""UPNP IGD Packet upload speed""}"
2025-07-25T08:46:09.237577,sensor.upnp_igd_data_received,2412401281,2412484142,"{""state_class"": ""total_increasing"", ""unit_of_measurement"": ""B"", ""device_class"": ""data_size"", ""friendly_name"": ""UPNP IGD Data received""}"
2025-07-25T08:46:09.240545,sensor.upnp_igd_data_sent,2912634610,2912651411,"{""state_class"": ""total_increasing"", ""unit_of_measurement"": ""B"", ""device_class"": ""data_size"", ""friendly_name"": ""UPNP IGD Data sent""}"
2025-07-25T08:46:09.242002,sensor.upnp_igd_packets_received,32716098,32717191,"{""state_class"": ""total_increasing"", ""unit_of_measurement"": ""packets"", ""friendly_name"": ""UPNP IGD Packets received""}"
2025-07-25T08:46:09.243355,sensor.upnp_igd_packets_sent,10471245,10471349,"{""state_class"": ""total_increasing"", ""unit_of_measurement"": ""packets"", ""friendly_name"": ""UPNP IGD Packets sent""}"
2025-07-25T08:46:09.244701,sensor.upnp_igd_uptime,260498,260528,"{""unit_of_measurement"": ""s"", ""device_class"": ""duration"", ""friendly_name"": ""UPNP IGD Uptime""}"
2025-07-25T08:46:09.246101,sensor.upnp_igd_download_speed,5.32155826916408,2.69734942672244,"{""state_class"": ""measurement"", ""unit_of_measurement"": ""KiB/s"", ""device_class"": ""data_rate"", ""friendly_name"": ""UPNP IGD Download speed""}"
2025-07-25T08:46:09.247504,sensor.upnp_igd_upload_speed,0.452265560283122,0.54691794352426,"{""state_class"": ""measurement"", ""unit_of_measurement"": ""KiB/s"", ""device_class"": ""data_rate"", ""friendly_name"": ""UPNP IGD Upload speed""}"
2025-07-25T08:46:09.248883,sensor.upnp_igd_packet_download_speed,38.265559516478,36.4340255798193,"{""state_class"": ""measurement"", ""unit_of_measurement"": ""packets/s"", ""friendly_name"": ""UPNP IGD Packet download speed""}"
2025-07-25T08:46:09.250238,sensor.upnp_igd_packet_upload_speed,3.76655768759757,3.46673253458482,"{""state_class"": ""measurement"", ""unit_of_measurement"": ""packets/s"", ""friendly_name"": ""UPNP IGD Packet upload speed""}"
2025-07-25T08:46:10.261671,automation.aut_status_bruno,on,on,"{""id"": ""1751855857509"", ""last_triggered"": ""2025-07-25T11:46:10.252646+00:00"", ""mode"": ""single"", ""current"": 1, ""friendly_name"": ""aut-status-bruno""}"
2025-07-25T08:46:10.264624,automation.aut_status_bruno,on,on,"{""id"": ""1751855857509"", ""last_triggered"": ""2025-07-25T11:46:10.252646+00:00"", ""mode"": ""single"", ""current"": 0, ""friendly_name"": ""aut-status-bruno""}"
2025-07-25T08:46:39.237811,sensor.upnp_igd_data_received,2412484142,2412556701,"{""state_class"": ""total_increasing"", ""unit_of_measurement"": ""B"", ""device_class"": ""data_size"", ""friendly_name"": ""UPNP IGD Data received""}"
2025-07-25T08:46:39.240733,sensor.upnp_igd_data_sent,2912651411,2912657580,"{""state_class"": ""total_increasing"", ""unit_of_measurement"": ""B"", ""device_class"": ""data_size"", ""friendly_name"": ""UPNP IGD Data sent""}"
2025-07-25T08:46:39.242090,sensor.upnp_igd_packets_received,32717191,32718255,"{""state_class"": ""total_increasing"", ""unit_of_measurement"": ""packets"", ""friendly_name"": ""UPNP IGD Packets received""}"
2025-07-25T08:46:39.243505,sensor.upnp_igd_packets_sent,10471349,10471404,"{""state_class"": ""total_increasing"", ""unit_of_measurement"": ""packets"", ""friendly_name"": ""UPNP IGD Packets sent""}"
2025-07-25T08:46:39.244950,sensor.upnp_igd_uptime,260528,260558,"{""unit_of_measurement"": ""s"", ""device_class"": ""duration"", ""friendly_name"": ""UPNP IGD Uptime""}"
2025-07-25T08:46:39.246381,sensor.upnp_igd_download_speed,2.69734942672244,2.3619746433491,"{""state_class"": ""measurement"", ""unit_of_measurement"": ""KiB/s"", ""device_class"": ""data_rate"", ""friendly_name"": ""UPNP IGD Download speed""}"
2025-07-25T08:46:39.248003,sensor.upnp_igd_upload_speed,0.54691794352426,0.200816185102063,"{""state_class"": ""measurement"", ""unit_of_measurement"": ""KiB/s"", ""device_class"": ""data_rate"", ""friendly_name"": ""UPNP IGD Upload speed""}"
2025-07-25T08:46:39.249431,sensor.upnp_igd_packet_download_speed,36.4340255798193,35.4670875427722,"{""state_class"": ""measurement"", ""unit_of_measurement"": ""packets/s"", ""friendly_name"": ""UPNP IGD Packet download speed""}"
2025-07-25T08:46:39.250760,sensor.upnp_igd_packet_upload_speed,3.46673253458482,1.83335508914706,"{""state_class"": ""measurement"", ""unit_of_measurement"": ""packets/s"", ""friendly_name"": ""UPNP IGD Packet upload speed""}"
2025-07-25T08:47:09.237696,sensor.upnp_igd_data_received,2412556701,2412634267,"{""state_class"": ""total_increasing"", ""unit_of_measurement"": ""B"", ""device_class"": ""data_size"", ""friendly_name"": ""UPNP IGD Data received""}"
2025-07-25T08:47:09.240291,sensor.upnp_igd_data_sent,2912657580,2912667322,"{""state_class"": ""total_increasing"", ""unit_of_measurement"": ""B"", ""device_class"": ""data_size"", ""friendly_name"": ""UPNP IGD Data sent""}"
2025-07-25T08:47:09.242045,sensor.upnp_igd_packets_received,32718255,32719347,"{""state_class"": ""total_increasing"", ""unit_of_measurement"": ""packets"", ""friendly_name"": ""UPNP IGD Packets received""}"
2025-07-25T08:47:09.243551,sensor.upnp_igd_packets_sent,10471404,10471475,"{""state_class"": ""total_increasing"", ""unit_of_measurement"": ""packets"", ""friendly_name"": ""UPNP IGD Packets sent""}"
2025-07-25T08:47:09.244929,sensor.upnp_igd_uptime,260558,260588,"{""unit_of_measurement"": ""s"", ""device_class"": ""duration"", ""friendly_name"": ""UPNP IGD Uptime""}"
2025-07-25T08:47:09.246310,sensor.upnp_igd_download_speed,2.3619746433491,2.52490888927177,"{""state_class"": ""measurement"", ""unit_of_measurement"": ""KiB/s"", ""device_class"": ""data_rate"", ""friendly_name"": ""UPNP IGD Download speed""}"
2025-07-25T08:47:09.247759,sensor.upnp_igd_upload_speed,0.200816185102063,0.317119129506299,"{""state_class"": ""measurement"", ""unit_of_measurement"": ""KiB/s"", ""device_class"": ""data_rate"", ""friendly_name"": ""UPNP IGD Upload speed""}"
2025-07-25T08:47:09.249151,sensor.upnp_igd_packet_download_speed,35.4670875427722,36.3996250838616,"{""state_class"": ""measurement"", ""unit_of_measurement"": ""packets/s"", ""friendly_name"": ""UPNP IGD Packet download speed""}"
2025-07-25T08:47:09.250509,sensor.upnp_igd_packet_upload_speed,1.83335508914706,2.36664229025108,"{""state_class"": ""measurement"", ""unit_of_measurement"": ""packets/s"", ""friendly_name"": ""UPNP IGD Packet upload speed""}"
2025-07-25T08:47:10.145094,sun.sun,above_horizon,above_horizon,"{""next_dawn"": ""2025-07-26T08:32:54.909961+00:00"", ""next_dusk"": ""2025-07-25T20:48:15.098712+00:00"", ""next_midnight"": ""2025-07-26T02:40:37+00:00"", ""next_noon"": ""2025-07-25T14:40:37+00:00"", ""next_rising"": ""2025-07-26T08:55:47.118508+00:00"", ""next_setting"": ""2025-07-25T20:25:21.448131+00:00"", ""elevation"": 36.34, ""azimuth"": 53.44, ""rising"": true, ""friendly_name"": ""Sun""}"
2025-07-25T08:47:10.260904,automation.aut_status_bruno,on,on,"{""id"": ""1751855857509"", ""last_triggered"": ""2025-07-25T11:47:10.252697+00:00"", ""mode"": ""single"", ""current"": 1, ""friendly_name"": ""aut-status-bruno""}"
2025-07-25T08:47:10.263292,automation.aut_status_bruno,on,on,"{""id"": ""1751855857509"", ""last_triggered"": ""2025-07-25T11:47:10.252697+00:00"", ""mode"": ""single"", ""current"": 0, ""friendly_name"": ""aut-status-bruno""}"
2025-07-25T08:47:39.239964,sensor.upnp_igd_data_received,2412634267,2412717802,"{""state_class"": ""total_increasing"", ""unit_of_measurement"": ""B"", ""device_class"": ""data_size"", ""friendly_name"": ""UPNP IGD Data received""}"
2025-07-25T08:47:39.242670,sensor.upnp_igd_data_sent,2912667322,2912678393,"{""state_class"": ""total_increasing"", ""unit_of_measurement"": ""B"", ""device_class"": ""data_size"", ""friendly_name"": ""UPNP IGD Data sent""}"
2025-07-25T08:47:39.244226,sensor.upnp_igd_packets_received,32719347,32720436,"{""state_class"": ""total_increasing"", ""unit_of_measurement"": ""packets"", ""friendly_name"": ""UPNP IGD Packets received""}"
2025-07-25T08:47:39.245752,sensor.upnp_igd_packets_sent,10471475,10471570,"{""state_class"": ""total_increasing"", ""unit_of_measurement"": ""packets"", ""friendly_name"": ""UPNP IGD Packets sent""}"
2025-07-25T08:47:39.247209,sensor.upnp_igd_uptime,260588,260618,"{""unit_of_measurement"": ""s"", ""device_class"": ""duration"", ""friendly_name"": ""UPNP IGD Uptime""}"
2025-07-25T08:47:39.248766,sensor.upnp_igd_download_speed,2.52490888927177,2.71922232847901,"{""state_class"": ""measurement"", ""unit_of_measurement"": ""KiB/s"", ""device_class"": ""data_rate"", ""friendly_name"": ""UPNP IGD Download speed""}"
2025-07-25T08:47:39.250139,sensor.upnp_igd_upload_speed,0.317119129506299,0.360382000342265,"{""state_class"": ""measurement"", ""unit_of_measurement"": ""KiB/s"", ""device_class"": ""data_rate"", ""friendly_name"": ""UPNP IGD Upload speed""}"
2025-07-25T08:47:39.251593,sensor.upnp_igd_packet_download_speed,36.3996250838616,36.2997870412494,"{""state_class"": ""measurement"", ""unit_of_measurement"": ""packets/s"", ""friendly_name"": ""UPNP IGD Packet download speed""}"
2025-07-25T08:47:39.253019,sensor.upnp_igd_packet_upload_speed,2.36664229025108,3.16664808899788,"{""state_class"": ""measurement"", ""unit_of_measurement"": ""packets/s"", ""friendly_name"": ""UPNP IGD Packet upload speed""}"
2025-07-25T08:47:49.052862,media_player.dlna_b13_box,unavailable,unknown,"{""friendly_name"": ""DLNA-B13 Box"", ""supported_features"": 512575}"
2025-07-25T08:47:52.464733,camera.192_168_0_33,idle,idle,"{""access_token"": ""dd4becffae3e43b8080c68dd00e52b36068d3ec094a823e9c805e0901ad3564b"", ""entity_picture"": ""/api/camera_proxy/camera.192_168_0_33?token=dd4becffae3e43b8080c68dd00e52b36068d3ec094a823e9c805e0901ad3564b"", ""friendly_name"": ""192_168_0_14"", ""supported_features"": 2}"
2025-07-25T08:47:52.466495,camera.admin_mainstream,idle,idle,"{""access_token"": ""632ad158bf9851c239c81f626bd9b6b99a011a41df5f5db4bad69cc15d49a184"", ""entity_picture"": ""/api/camera_proxy/camera.admin_mainstream?token=632ad158bf9851c239c81f626bd9b6b99a011a41df5f5db4bad69cc15d49a184"", ""friendly_name"": ""admin MainStream"", ""supported_features"": 2}"
2025-07-25T08:47:52.468183,camera.admin_substream,idle,idle,"{""access_token"": ""a073a301340b30b6aa13ec8afafcd4e368271f5a69f73b4ef1f422cca42ef41c"", ""entity_picture"": ""/api/camera_proxy/camera.admin_substream?token=a073a301340b30b6aa13ec8afafcd4e368271f5a69f73b4ef1f422cca42ef41c"", ""friendly_name"": ""admin SubStream"", ""supported_features"": 2}"
2025-07-25T08:48:01.788957,media_player.dlna_b13_box,unknown,unavailable,"{""friendly_name"": ""DLNA-B13 Box"", ""supported_features"": 512575}"
2025-07-25T08:48:09.238041,sensor.upnp_igd_data_received,2412717802,2413333405,"{""state_class"": ""total_increasing"", ""unit_of_measurement"": ""B"", ""device_class"": ""data_size"", ""friendly_name"": ""UPNP IGD Data received""}"
2025-07-25T08:48:09.240661,sensor.upnp_igd_data_sent,2912678393,2912703661,"{""state_class"": ""total_increasing"", ""unit_of_measurement"": ""B"", ""device_class"": ""data_size"", ""friendly_name"": ""UPNP IGD Data sent""}"
2025-07-25T08:48:09.242008,sensor.upnp_igd_packets_received,32720436,32721931,"{""state_class"": ""total_increasing"", ""unit_of_measurement"": ""packets"", ""friendly_name"": ""UPNP IGD Packets received""}"
2025-07-25T08:48:09.243224,sensor.upnp_igd_packets_sent,10471570,10471785,"{""state_class"": ""total_increasing"", ""unit_of_measurement"": ""packets"", ""friendly_name"": ""UPNP IGD Packets sent""}"
2025-07-25T08:48:09.244979,sensor.upnp_igd_uptime,260618,260648,"{""unit_of_measurement"": ""s"", ""device_class"": ""duration"", ""friendly_name"": ""UPNP IGD Uptime""}"
2025-07-25T08:48:09.246498,sensor.upnp_igd_download_speed,2.71922232847901,20.0395529314875,"{""state_class"": ""measurement"", ""unit_of_measurement"": ""KiB/s"", ""device_class"": ""data_rate"", ""friendly_name"": ""UPNP IGD Download speed""}"
2025-07-25T08:48:09.247994,sensor.upnp_igd_upload_speed,0.360382000342265,0.822542163493071,"{""state_class"": ""measurement"", ""unit_of_measurement"": ""KiB/s"", ""device_class"": ""data_rate"", ""friendly_name"": ""UPNP IGD Upload speed""}"
2025-07-25T08:48:09.249518,sensor.upnp_igd_packet_download_speed,36.2997870412494,49.834310085811,"{""state_class"": ""measurement"", ""unit_of_measurement"": ""packets/s"", ""friendly_name"": ""UPNP IGD Packet download speed""}"
2025-07-25T08:48:09.250985,sensor.upnp_igd_packet_upload_speed,3.16664808899788,7.16680713608653,"{""state_class"": ""measurement"", ""unit_of_measurement"": ""packets/s"", ""friendly_name"": ""UPNP IGD Packet upload speed""}"
2025-07-25T08:48:10.261822,automation.aut_status_bruno,on,on,"{""id"": ""1751855857509"", ""last_triggered"": ""2025-07-25T11:48:10.253004+00:00"", ""mode"": ""single"", ""current"": 1, ""friendly_name"": ""aut-status-bruno""}"
2025-07-25T08:48:10.264489,automation.aut_status_bruno,on,on,"{""id"": ""1751855857509"", ""last_triggered"": ""2025-07-25T11:48:10.253004+00:00"", ""mode"": ""single"", ""current"": 0, ""friendly_name"": ""aut-status-bruno""}"
2025-07-25T08:48:39.258051,sensor.upnp_igd_data_received,2413333405,2413413350,"{""state_class"": ""total_increasing"", ""unit_of_measurement"": ""B"", ""device_class"": ""data_size"", ""friendly_name"": ""UPNP IGD Data received""}"
2025-07-25T08:48:39.260147,sensor.upnp_igd_data_sent,2912703661,2912716994,"{""state_class"": ""total_increasing"", ""unit_of_measurement"": ""B"", ""device_class"": ""data_size"", ""friendly_name"": ""UPNP IGD Data sent""}"
2025-07-25T08:48:39.261734,sensor.upnp_igd_packets_received,32721931,32723008,"{""state_class"": ""total_increasing"", ""unit_of_measurement"": ""packets"", ""friendly_name"": ""UPNP IGD Packets received""}"
2025-07-25T08:48:39.263072,sensor.upnp_igd_packets_sent,10471785,10471888,"{""state_class"": ""total_increasing"", ""unit_of_measurement"": ""packets"", ""friendly_name"": ""UPNP IGD Packets sent""}"
2025-07-25T08:48:39.264490,sensor.upnp_igd_uptime,260648,260678,"{""unit_of_measurement"": ""s"", ""device_class"": ""duration"", ""friendly_name"": ""UPNP IGD Uptime""}"
2025-07-25T08:48:39.265920,sensor.upnp_igd_download_speed,20.0395529314875,2.60223179147785,"{""state_class"": ""measurement"", ""unit_of_measurement"": ""KiB/s"", ""device_class"": ""data_rate"", ""friendly_name"": ""UPNP IGD Download speed""}"
2025-07-25T08:48:39.267560,sensor.upnp_igd_upload_speed,0.822542163493071,0.433992826015062,"{""state_class"": ""measurement"", ""unit_of_measurement"": ""KiB/s"", ""device_class"": ""data_rate"", ""friendly_name"": ""UPNP IGD Upload speed""}"
2025-07-25T08:48:39.269508,sensor.upnp_igd_packet_download_speed,49.834310085811,35.898006464041,"{""state_class"": ""measurement"", ""unit_of_measurement"": ""packets/s"", ""friendly_name"": ""UPNP IGD Packet download speed""}"
2025-07-25T08:48:39.271139,sensor.upnp_igd_packet_upload_speed,7.16680713608653,3.43314267947653,"{""state_class"": ""measurement"", ""unit_of_measurement"": ""packets/s"", ""friendly_name"": ""UPNP IGD Packet upload speed""}"
2025-07-25T08:49:09.259391,sensor.upnp_igd_data_received,2413413350,2413510664,"{""state_class"": ""total_increasing"", ""unit_of_measurement"": ""B"", ""device_class"": ""data_size"", ""friendly_name"": ""UPNP IGD Data received""}"
2025-07-25T08:49:09.262719,sensor.upnp_igd_data_sent,2912716994,2912731212,"{""state_class"": ""total_increasing"", ""unit_of_measurement"": ""B"", ""device_class"": ""data_size"", ""friendly_name"": ""UPNP IGD Data sent""}"
2025-07-25T08:49:09.265851,sensor.upnp_igd_packets_received,32723008,32724073,"{""state_class"": ""total_increasing"", ""unit_of_measurement"": ""packets"", ""friendly_name"": ""UPNP IGD Packets received""}"
2025-07-25T08:49:09.268701,sensor.upnp_igd_packets_sent,10471888,10471984,"{""state_class"": ""total_increasing"", ""unit_of_measurement"": ""packets"", ""friendly_name"": ""UPNP IGD Packets sent""}"
2025-07-25T08:49:09.271418,sensor.upnp_igd_uptime,260678,260708,"{""unit_of_measurement"": ""s"", ""device_class"": ""duration"", ""friendly_name"": ""UPNP IGD Uptime""}"
2025-07-25T08:49:09.274279,sensor.upnp_igd_download_speed,2.60223179147785,3.16782697377586,"{""state_class"": ""measurement"", ""unit_of_measurement"": ""KiB/s"", ""device_class"": ""data_rate"", ""friendly_name"": ""UPNP IGD Download speed""}"
2025-07-25T08:49:09.277458,sensor.upnp_igd_upload_speed,0.433992826015062,0.462833342716825,"{""state_class"": ""measurement"", ""unit_of_measurement"": ""KiB/s"", ""device_class"": ""data_rate"", ""friendly_name"": ""UPNP IGD Upload speed""}"
2025-07-25T08:49:09.280358,sensor.upnp_igd_packet_download_speed,35.898006464041,35.5005999601393,"{""state_class"": ""measurement"", ""unit_of_measurement"": ""packets/s"", ""friendly_name"": ""UPNP IGD Packet download speed""}"
2025-07-25T08:49:09.283256,sensor.upnp_igd_packet_upload_speed,3.43314267947653,3.20005408091397,"{""state_class"": ""measurement"", ""unit_of_measurement"": ""packets/s"", ""friendly_name"": ""UPNP IGD Packet upload speed""}"
2025-07-25T08:49:10.260884,automation.aut_status_bruno,on,on,"{""id"": ""1751855857509"", ""last_triggered"": ""2025-07-25T11:49:10.253031+00:00"", ""mode"": ""single"", ""current"": 1, ""friendly_name"": ""aut-status-bruno""}"
2025-07-25T08:49:10.265628,automation.aut_status_bruno,on,on,"{""id"": ""1751855857509"", ""last_triggered"": ""2025-07-25T11:49:10.253031+00:00"", ""mode"": ""single"", ""current"": 0, ""friendly_name"": ""aut-status-bruno""}"
2025-07-25T08:49:39.237506,sensor.upnp_igd_data_received,2413510664,2413601397,"{""state_class"": ""total_increasing"", ""unit_of_measurement"": ""B"", ""device_class"": ""data_size"", ""friendly_name"": ""UPNP IGD Data received""}"
2025-07-25T08:49:39.240346,sensor.upnp_igd_data_sent,2912731212,2912750241,"{""state_class"": ""total_increasing"", ""unit_of_measurement"": ""B"", ""device_class"": ""data_size"", ""friendly_name"": ""UPNP IGD Data sent""}"
2025-07-25T08:49:39.241908,sensor.upnp_igd_packets_received,32724073,32725208,"{""state_class"": ""total_increasing"", ""unit_of_measurement"": ""packets"", ""friendly_name"": ""UPNP IGD Packets received""}"
2025-07-25T08:49:39.243397,sensor.upnp_igd_packets_sent,10471984,10472121,"{""state_class"": ""total_increasing"", ""unit_of_measurement"": ""packets"", ""friendly_name"": ""UPNP IGD Packets sent""}"
2025-07-25T08:49:39.244809,sensor.upnp_igd_uptime,260708,260738,"{""unit_of_measurement"": ""s"", ""device_class"": ""duration"", ""friendly_name"": ""UPNP IGD Uptime""}"
2025-07-25T08:49:39.246222,sensor.upnp_igd_download_speed,3.16782697377586,2.95366543760121,"{""state_class"": ""measurement"", ""unit_of_measurement"": ""KiB/s"", ""device_class"": ""data_rate"", ""friendly_name"": ""UPNP IGD Download speed""}"
2025-07-25T08:49:39.247661,sensor.upnp_igd_upload_speed,0.462833342716825,0.619458186239994,"{""state_class"": ""measurement"", ""unit_of_measurement"": ""KiB/s"", ""device_class"": ""data_rate"", ""friendly_name"": ""UPNP IGD Upload speed""}"
2025-07-25T08:49:39.249075,sensor.upnp_igd_packet_download_speed,35.5005999601393,37.8348353762978,"{""state_class"": ""measurement"", ""unit_of_measurement"": ""packets/s"", ""friendly_name"": ""UPNP IGD Packet download speed""}"
2025-07-25T08:49:39.250431,sensor.upnp_igd_packet_upload_speed,3.20005408091397,4.5668479705311,"{""state_class"": ""measurement"", ""unit_of_measurement"": ""packets/s"", ""friendly_name"": ""UPNP IGD Packet upload speed""}"
2025-07-25T08:50:09.238108,sensor.upnp_igd_data_received,2413601397,2413767567,"{""state_class"": ""total_increasing"", ""unit_of_measurement"": ""B"", ""device_class"": ""data_size"", ""friendly_name"": ""UPNP IGD Data received""}"
2025-07-25T08:50:09.240646,sensor.upnp_igd_data_sent,2912750241,2912769911,"{""state_class"": ""total_increasing"", ""unit_of_measurement"": ""B"", ""device_class"": ""data_size"", ""friendly_name"": ""UPNP IGD Data sent""}"
2025-07-25T08:50:09.242376,sensor.upnp_igd_packets_received,32725208,32726350,"{""state_class"": ""total_increasing"", ""unit_of_measurement"": ""packets"", ""friendly_name"": ""UPNP IGD Packets received""}"
2025-07-25T08:50:09.244010,sensor.upnp_igd_packets_sent,10472121,10472247,"{""state_class"": ""total_increasing"", ""unit_of_measurement"": ""packets"", ""friendly_name"": ""UPNP IGD Packets sent""}"
2025-07-25T08:50:09.245354,sensor.upnp_igd_uptime,260738,260768,"{""unit_of_measurement"": ""s"", ""device_class"": ""duration"", ""friendly_name"": ""UPNP IGD Uptime""}"
2025-07-25T08:50:09.246783,sensor.upnp_igd_download_speed,2.95366543760121,5.40913875835006,"{""state_class"": ""measurement"", ""unit_of_measurement"": ""KiB/s"", ""device_class"": ""data_rate"", ""friendly_name"": ""UPNP IGD Download speed""}"
2025-07-25T08:50:09.248206,sensor.upnp_igd_upload_speed,0.619458186239994,0.640294634270601,"{""state_class"": ""measurement"", ""unit_of_measurement"": ""KiB/s"", ""device_class"": ""data_rate"", ""friendly_name"": ""UPNP IGD Upload speed""}"
2025-07-25T08:50:09.249609,sensor.upnp_igd_packet_download_speed,37.8348353762978,38.0663786310684,"{""state_class"": ""measurement"", ""unit_of_measurement"": ""packets/s"", ""friendly_name"": ""UPNP IGD Packet download speed""}"
2025-07-25T08:50:09.250999,sensor.upnp_igd_packet_upload_speed,4.5668479705311,4.19996822024047,"{""state_class"": ""measurement"", ""unit_of_measurement"": ""packets/s"", ""friendly_name"": ""UPNP IGD Packet upload speed""}"
2025-07-25T08:50:10.261893,automation.aut_status_bruno,on,on,"{""id"": ""1751855857509"", ""last_triggered"": ""2025-07-25T11:50:10.254679+00:00"", ""mode"": ""single"", ""current"": 1, ""friendly_name"": ""aut-status-bruno""}"
2025-07-25T08:50:10.264903,automation.aut_status_bruno,on,on,"{""id"": ""1751855857509"", ""last_triggered"": ""2025-07-25T11:50:10.254679+00:00"", ""mode"": ""single"", ""current"": 0, ""friendly_name"": ""aut-status-bruno""}"
2025-07-25T08:50:25.688912,sensor.tauntaum_energy,222.587,222.593,"{""state_class"": ""total_increasing"", ""unit_of_measurement"": ""kWh"", ""device_class"": ""energy"", ""friendly_name"": ""Tauntaum Energy""}"
2025-07-25T08:50:25.691259,sensor.tauntaum_power,1,57,"{""state_class"": ""measurement"", ""power_consumption_start"": ""2025-07-25T11:34:47Z"", ""power_consumption_end"": ""2025-07-25T11:50:25Z"", ""unit_of_measurement"": ""W"", ""device_class"": ""power"", ""friendly_name"": ""Tauntaum Power""}"
2025-07-25T08:50:25.692908,sensor.tauntaum_energy_difference,0.0,0.006,"{""state_class"": ""total"", ""unit_of_measurement"": ""kWh"", ""device_class"": ""energy"", ""friendly_name"": ""Tauntaum Energy difference""}"
2025-07-25T08:50:25.694360,sensor.tauntaum_power_energy,0.000242099444468816,0.000260711388919089,"{""state_class"": ""total"", ""unit_of_measurement"": ""kWh"", ""device_class"": ""energy"", ""friendly_name"": ""Tauntaum Power energy""}"
2025-07-25T08:50:25.696564,sensor.tauntaum_energy_saved,0.0,0.001,"{""state_class"": ""total_increasing"", ""unit_of_measurement"": ""kWh"", ""device_class"": ""energy"", ""friendly_name"": ""Tauntaum Energy saved""}"
2025-07-25T08:50:39.240697,sensor.upnp_igd_data_received,2413767567,2413846576,"{""state_class"": ""total_increasing"", ""unit_of_measurement"": ""B"", ""device_class"": ""data_size"", ""friendly_name"": ""UPNP IGD Data received""}"
2025-07-25T08:50:39.243860,sensor.upnp_igd_data_sent,2912769911,2912779374,"{""state_class"": ""total_increasing"", ""unit_of_measurement"": ""B"", ""device_class"": ""data_size"", ""friendly_name"": ""UPNP IGD Data sent""}"
2025-07-25T08:50:39.245447,sensor.upnp_igd_packets_received,32726350,32727435,"{""state_class"": ""total_increasing"", ""unit_of_measurement"": ""packets"", ""friendly_name"": ""UPNP IGD Packets received""}"
2025-07-25T08:50:39.246790,sensor.upnp_igd_packets_sent,10472247,10472326,"{""state_class"": ""total_increasing"", ""unit_of_measurement"": ""packets"", ""friendly_name"": ""UPNP IGD Packets sent""}"
2025-07-25T08:50:39.248125,sensor.upnp_igd_uptime,260768,260798,"{""unit_of_measurement"": ""s"", ""device_class"": ""duration"", ""friendly_name"": ""UPNP IGD Uptime""}"
2025-07-25T08:50:39.249563,sensor.upnp_igd_download_speed,5.40913875835006,2.57189409250425,"{""state_class"": ""measurement"", ""unit_of_measurement"": ""KiB/s"", ""device_class"": ""data_rate"", ""friendly_name"": ""UPNP IGD Download speed""}"
2025-07-25T08:50:39.250976,sensor.upnp_igd_upload_speed,0.640294634270601,0.308038752513862,"{""state_class"": ""measurement"", ""unit_of_measurement"": ""KiB/s"", ""device_class"": ""data_rate"", ""friendly_name"": ""UPNP IGD Upload speed""}"
2025-07-25T08:50:39.252621,sensor.upnp_igd_packet_download_speed,38.0663786310684,36.166477395435,"{""state_class"": ""measurement"", ""unit_of_measurement"": ""packets/s"", ""friendly_name"": ""UPNP IGD Packet download speed""}"
2025-07-25T08:50:39.254048,sensor.upnp_igd_packet_upload_speed,4.19996822024047,2.63331955229434,"{""state_class"": ""measurement"", ""unit_of_measurement"": ""packets/s"", ""friendly_name"": ""UPNP IGD Packet upload speed""}"
2025-07-25T08:51:09.238840,sensor.upnp_igd_data_received,2413846576,2413925149,"{""state_class"": ""total_increasing"", ""unit_of_measurement"": ""B"", ""device_class"": ""data_size"", ""friendly_name"": ""UPNP IGD Data received""}"
2025-07-25T08:51:09.241421,sensor.upnp_igd_data_sent,2912779374,2912789537,"{""state_class"": ""total_increasing"", ""unit_of_measurement"": ""B"", ""device_class"": ""data_size"", ""friendly_name"": ""UPNP IGD Data sent""}"
2025-07-25T08:51:09.243836,sensor.upnp_igd_packets_received,32727435,32728522,"{""state_class"": ""total_increasing"", ""unit_of_measurement"": ""packets"", ""friendly_name"": ""UPNP IGD Packets received""}"
2025-07-25T08:51:09.245391,sensor.upnp_igd_packets_sent,10472326,10472405,"{""state_class"": ""total_increasing"", ""unit_of_measurement"": ""packets"", ""friendly_name"": ""UPNP IGD Packets sent""}"
2025-07-25T08:51:09.246739,sensor.upnp_igd_uptime,260798,260828,"{""unit_of_measurement"": ""s"", ""device_class"": ""duration"", ""friendly_name"": ""UPNP IGD Uptime""}"
2025-07-25T08:51:09.248233,sensor.upnp_igd_download_speed,2.57189409250425,2.55776582854885,"{""state_class"": ""measurement"", ""unit_of_measurement"": ""KiB/s"", ""device_class"": ""data_rate"", ""friendly_name"": ""UPNP IGD Download speed""}"
2025-07-25T08:51:09.249681,sensor.upnp_igd_upload_speed,0.308038752513862,0.330833417529456,"{""state_class"": ""measurement"", ""unit_of_measurement"": ""KiB/s"", ""device_class"": ""data_rate"", ""friendly_name"": ""UPNP IGD Upload speed""}"
2025-07-25T08:51:09.251074,sensor.upnp_igd_packet_download_speed,36.166477395435,36.2340555988416,"{""state_class"": ""measurement"", ""unit_of_measurement"": ""packets/s"", ""friendly_name"": ""UPNP IGD Packet download speed""}"
2025-07-25T08:51:09.252534,sensor.upnp_igd_packet_upload_speed,2.63331955229434,2.63338582549079,"{""state_class"": ""measurement"", ""unit_of_measurement"": ""packets/s"", ""friendly_name"": ""UPNP IGD Packet upload speed""}"
2025-07-25T08:51:10.145213,sun.sun,above_horizon,above_horizon,"{""next_dawn"": ""2025-07-26T08:32:54.909961+00:00"", ""next_dusk"": ""2025-07-25T20:48:15.098712+00:00"", ""next_midnight"": ""2025-07-26T02:40:37+00:00"", ""next_noon"": ""2025-07-25T14:40:37+00:00"", ""next_rising"": ""2025-07-26T08:55:47.118508+00:00"", ""next_setting"": ""2025-07-25T20:25:21.448131+00:00"", ""elevation"": 37.12, ""azimuth"": 52.78, ""rising"": true, ""friendly_name"": ""Sun""}"
2025-07-25T08:51:10.271845,automation.aut_status_bruno,on,on,"{""id"": ""1751855857509"", ""last_triggered"": ""2025-07-25T11:51:10.253216+00:00"", ""mode"": ""single"", ""current"": 1, ""friendly_name"": ""aut-status-bruno""}"
2025-07-25T08:51:10.277307,automation.aut_status_bruno,on,on,"{""id"": ""1751855857509"", ""last_triggered"": ""2025-07-25T11:51:10.253216+00:00"", ""mode"": ""single"", ""current"": 0, ""friendly_name"": ""aut-status-bruno""}"
2025-07-25T08:51:39.241096,sensor.upnp_igd_data_received,2413925149,2414002982,"{""state_class"": ""total_increasing"", ""unit_of_measurement"": ""B"", ""device_class"": ""data_size"", ""friendly_name"": ""UPNP IGD Data received""}"
2025-07-25T08:51:39.242784,sensor.upnp_igd_data_sent,2912789537,2912801772,"{""state_class"": ""total_increasing"", ""unit_of_measurement"": ""B"", ""device_class"": ""data_size"", ""friendly_name"": ""UPNP IGD Data sent""}"
2025-07-25T08:51:39.244310,sensor.upnp_igd_packets_received,32728522,32729579,"{""state_class"": ""total_increasing"", ""unit_of_measurement"": ""packets"", ""friendly_name"": ""UPNP IGD Packets received""}"
2025-07-25T08:51:39.245761,sensor.upnp_igd_packets_sent,10472405,10472485,"{""state_class"": ""total_increasing"", ""unit_of_measurement"": ""packets"", ""friendly_name"": ""UPNP IGD Packets sent""}"
2025-07-25T08:51:39.247059,sensor.upnp_igd_uptime,260828,260858,"{""unit_of_measurement"": ""s"", ""device_class"": ""duration"", ""friendly_name"": ""UPNP IGD Uptime""}"
2025-07-25T08:51:39.248494,sensor.upnp_igd_download_speed,2.55776582854885,2.53356887452218,"{""state_class"": ""measurement"", ""unit_of_measurement"": ""KiB/s"", ""device_class"": ""data_rate"", ""friendly_name"": ""UPNP IGD Download speed""}"
2025-07-25T08:51:39.249930,sensor.upnp_igd_upload_speed,0.330833417529456,0.39826571222719,"{""state_class"": ""measurement"", ""unit_of_measurement"": ""KiB/s"", ""device_class"": ""data_rate"", ""friendly_name"": ""UPNP IGD Upload speed""}"
2025-07-25T08:51:39.251295,sensor.upnp_igd_packet_download_speed,36.2340555988416,35.2325347292128,"{""state_class"": ""measurement"", ""unit_of_measurement"": ""packets/s"", ""friendly_name"": ""UPNP IGD Packet download speed""}"
2025-07-25T08:51:39.252709,sensor.upnp_igd_packet_upload_speed,2.63338582549079,2.66660622359227,"{""state_class"": ""measurement"", ""unit_of_measurement"": ""packets/s"", ""friendly_name"": ""UPNP IGD Packet upload speed""}"
2025-07-25T08:52:09.242228,sensor.upnp_igd_data_received,2414002982,2414082807,"{""state_class"": ""total_increasing"", ""unit_of_measurement"": ""B"", ""device_class"": ""data_size"", ""friendly_name"": ""UPNP IGD Data received""}"
2025-07-25T08:52:09.244767,sensor.upnp_igd_data_sent,2912801772,2912814510,"{""state_class"": ""total_increasing"", ""unit_of_measurement"": ""B"", ""device_class"": ""data_size"", ""friendly_name"": ""UPNP IGD Data sent""}"
2025-07-25T08:52:09.246259,sensor.upnp_igd_packets_received,32729579,32730677,"{""state_class"": ""total_increasing"", ""unit_of_measurement"": ""packets"", ""friendly_name"": ""UPNP IGD Packets received""}"
2025-07-25T08:52:09.247711,sensor.upnp_igd_packets_sent,10472485,10472575,"{""state_class"": ""total_increasing"", ""unit_of_measurement"": ""packets"", ""friendly_name"": ""UPNP IGD Packets sent""}"
2025-07-25T08:52:09.249060,sensor.upnp_igd_uptime,260858,260888,"{""unit_of_measurement"": ""s"", ""device_class"": ""duration"", ""friendly_name"": ""UPNP IGD Uptime""}"
2025-07-25T08:52:09.250651,sensor.upnp_igd_download_speed,2.53356887452218,2.59832030222325,"{""state_class"": ""measurement"", ""unit_of_measurement"": ""KiB/s"", ""device_class"": ""data_rate"", ""friendly_name"": ""UPNP IGD Download speed""}"
2025-07-25T08:52:09.252510,sensor.upnp_igd_upload_speed,0.39826571222719,0.414624541305603,"{""state_class"": ""measurement"", ""unit_of_measurement"": ""KiB/s"", ""device_class"": ""data_rate"", ""friendly_name"": ""UPNP IGD Upload speed""}"
2025-07-25T08:52:09.254808,sensor.upnp_igd_packet_download_speed,35.2325347292128,36.5978907415636,"{""state_class"": ""measurement"", ""unit_of_measurement"": ""packets/s"", ""friendly_name"": ""UPNP IGD Packet download speed""}"
2025-07-25T08:52:09.256379,sensor.upnp_igd_packet_upload_speed,2.66660622359227,2.99982710996423,"{""state_class"": ""measurement"", ""unit_of_measurement"": ""packets/s"", ""friendly_name"": ""UPNP IGD Packet upload speed""}"
2025-07-25T08:52:10.260137,automation.aut_status_bruno,on,on,"{""id"": ""1751855857509"", ""last_triggered"": ""2025-07-25T11:52:10.252428+00:00"", ""mode"": ""single"", ""current"": 1, ""friendly_name"": ""aut-status-bruno""}"
2025-07-25T08:52:10.263971,automation.aut_status_bruno,on,on,"{""id"": ""1751855857509"", ""last_triggered"": ""2025-07-25T11:52:10.252428+00:00"", ""mode"": ""single"", ""current"": 0, ""friendly_name"": ""aut-status-bruno""}"
2025-07-25T08:52:39.283802,sensor.upnp_igd_data_received,2414082807,2414185041,"{""state_class"": ""total_increasing"", ""unit_of_measurement"": ""B"", ""device_class"": ""data_size"", ""friendly_name"": ""UPNP IGD Data received""}"
2025-07-25T08:52:39.286606,sensor.upnp_igd_data_sent,2912814510,2912839626,"{""state_class"": ""total_increasing"", ""unit_of_measurement"": ""B"", ""device_class"": ""data_size"", ""friendly_name"": ""UPNP IGD Data sent""}"
2025-07-25T08:52:39.288544,sensor.upnp_igd_packets_received,32730677,32731791,"{""state_class"": ""total_increasing"", ""unit_of_measurement"": ""packets"", ""friendly_name"": ""UPNP IGD Packets received""}"
2025-07-25T08:52:39.290021,sensor.upnp_igd_packets_sent,10472575,10472710,"{""state_class"": ""total_increasing"", ""unit_of_measurement"": ""packets"", ""friendly_name"": ""UPNP IGD Packets sent""}"
2025-07-25T08:52:39.291425,sensor.upnp_igd_uptime,260888,260918,"{""unit_of_measurement"": ""s"", ""device_class"": ""duration"", ""friendly_name"": ""UPNP IGD Uptime""}"
2025-07-25T08:52:39.292842,sensor.upnp_igd_download_speed,2.59832030222325,3.32817142368441,"{""state_class"": ""measurement"", ""unit_of_measurement"": ""KiB/s"", ""device_class"": ""data_rate"", ""friendly_name"": ""UPNP IGD Download speed""}"
2025-07-25T08:52:39.294273,sensor.upnp_igd_upload_speed,0.414624541305603,0.817637512738009,"{""state_class"": ""measurement"", ""unit_of_measurement"": ""KiB/s"", ""device_class"": ""data_rate"", ""friendly_name"": ""UPNP IGD Upload speed""}"
2025-07-25T08:52:39.295684,sensor.upnp_igd_packet_download_speed,36.5978907415636,37.136030647026,"{""state_class"": ""measurement"", ""unit_of_measurement"": ""packets/s"", ""friendly_name"": ""UPNP IGD Packet download speed""}"
2025-07-25T08:52:39.297046,sensor.upnp_igd_packet_upload_speed,2.99982710996423,4.50032687374193,"{""state_class"": ""measurement"", ""unit_of_measurement"": ""packets/s"", ""friendly_name"": ""UPNP IGD Packet upload speed""}"
2025-07-25T08:52:52.464533,camera.192_168_0_33,idle,idle,"{""access_token"": ""bb63418a4083d956218419fc103386060ac417337fc4c67665ef781b6f446c27"", ""entity_picture"": ""/api/camera_proxy/camera.192_168_0_33?token=bb63418a4083d956218419fc103386060ac417337fc4c67665ef781b6f446c27"", ""friendly_name"": ""192_168_0_14"", ""supported_features"": 2}"
2025-07-25T08:52:52.466360,camera.admin_mainstream,idle,idle,"{""access_token"": ""95cfb88f6597c83f08b649735a0aa04b33ba109b44ae55b9d1483236cc9f405f"", ""entity_picture"": ""/api/camera_proxy/camera.admin_mainstream?token=95cfb88f6597c83f08b649735a0aa04b33ba109b44ae55b9d1483236cc9f405f"", ""friendly_name"": ""admin MainStream"", ""supported_features"": 2}"
2025-07-25T08:52:52.468207,camera.admin_substream,idle,idle,"{""access_token"": ""4f4e32b444b44b367822d99fb7769c5749eaaa861fb15ab9177244c3c21890e4"", ""entity_picture"": ""/api/camera_proxy/camera.admin_substream?token=4f4e32b444b44b367822d99fb7769c5749eaaa861fb15ab9177244c3c21890e4"", ""friendly_name"": ""admin SubStream"", ""supported_features"": 2}"
2025-07-25T08:53:09.240409,sensor.upnp_igd_data_received,2414185041,2415706491,"{""state_class"": ""total_increasing"", ""unit_of_measurement"": ""B"", ""device_class"": ""data_size"", ""friendly_name"": ""UPNP IGD Data received""}"
2025-07-25T08:53:09.243241,sensor.upnp_igd_data_sent,2912839626,2913177239,"{""state_class"": ""total_increasing"", ""unit_of_measurement"": ""B"", ""device_class"": ""data_size"", ""friendly_name"": ""UPNP IGD Data sent""}"
2025-07-25T08:53:09.244784,sensor.upnp_igd_packets_received,32731791,32734233,"{""state_class"": ""total_increasing"", ""unit_of_measurement"": ""packets"", ""friendly_name"": ""UPNP IGD Packets received""}"
2025-07-25T08:53:09.246211,sensor.upnp_igd_packets_sent,10472710,10473947,"{""state_class"": ""total_increasing"", ""unit_of_measurement"": ""packets"", ""friendly_name"": ""UPNP IGD Packets sent""}"
2025-07-25T08:53:09.247741,sensor.upnp_igd_uptime,260918,260948,"{""unit_of_measurement"": ""s"", ""device_class"": ""duration"", ""friendly_name"": ""UPNP IGD Uptime""}"
2025-07-25T08:53:09.249184,sensor.upnp_igd_download_speed,3.32817142368441,49.525931359304,"{""state_class"": ""measurement"", ""unit_of_measurement"": ""KiB/s"", ""device_class"": ""data_rate"", ""friendly_name"": ""UPNP IGD Download speed""}"
2025-07-25T08:53:09.250587,sensor.upnp_igd_upload_speed,0.817637512738009,10.9899097992104,"{""state_class"": ""measurement"", ""unit_of_measurement"": ""KiB/s"", ""device_class"": ""data_rate"", ""friendly_name"": ""UPNP IGD Upload speed""}"
2025-07-25T08:53:09.252053,sensor.upnp_igd_packet_download_speed,37.136030647026,81.3992836863036,"{""state_class"": ""measurement"", ""unit_of_measurement"": ""packets/s"", ""friendly_name"": ""UPNP IGD Packet download speed""}"
2025-07-25T08:53:09.253410,sensor.upnp_igd_packet_upload_speed,4.50032687374193,41.2329704831931,"{""state_class"": ""measurement"", ""unit_of_measurement"": ""packets/s"", ""friendly_name"": ""UPNP IGD Packet upload speed""}"
2025-07-25T08:53:10.261176,automation.aut_status_bruno,on,on,"{""id"": ""1751855857509"", ""last_triggered"": ""2025-07-25T11:53:10.253175+00:00"", ""mode"": ""single"", ""current"": 1, ""friendly_name"": ""aut-status-bruno""}"
2025-07-25T08:53:10.263193,automation.aut_status_bruno,on,on,"{""id"": ""1751855857509"", ""last_triggered"": ""2025-07-25T11:53:10.253175+00:00"", ""mode"": ""single"", ""current"": 0, ""friendly_name"": ""aut-status-bruno""}"
2025-07-25T08:53:39.241550,sensor.upnp_igd_data_received,2415706491,2417901076,"{""state_class"": ""total_increasing"", ""unit_of_measurement"": ""B"", ""device_class"": ""data_size"", ""friendly_name"": ""UPNP IGD Data received""}"
2025-07-25T08:53:39.243255,sensor.upnp_igd_data_sent,2913177239,2913497761,"{""state_class"": ""total_increasing"", ""unit_of_measurement"": ""B"", ""device_class"": ""data_size"", ""friendly_name"": ""UPNP IGD Data sent""}"
2025-07-25T08:53:39.244756,sensor.upnp_igd_packets_received,32734233,32737279,"{""state_class"": ""total_increasing"", ""unit_of_measurement"": ""packets"", ""friendly_name"": ""UPNP IGD Packets received""}"
2025-07-25T08:53:39.246135,sensor.upnp_igd_packets_sent,10473947,10475798,"{""state_class"": ""total_increasing"", ""unit_of_measurement"": ""packets"", ""friendly_name"": ""UPNP IGD Packets sent""}"
2025-07-25T08:53:39.247473,sensor.upnp_igd_uptime,260948,260978,"{""unit_of_measurement"": ""s"", ""device_class"": ""duration"", ""friendly_name"": ""UPNP IGD Uptime""}"
2025-07-25T08:53:39.248939,sensor.upnp_igd_download_speed,49.525931359304,71.4384328661381,"{""state_class"": ""measurement"", ""unit_of_measurement"": ""KiB/s"", ""device_class"": ""data_rate"", ""friendly_name"": ""UPNP IGD Download speed""}"
2025-07-25T08:53:39.250339,sensor.upnp_igd_upload_speed,10.9899097992104,10.4336762436271,"{""state_class"": ""measurement"", ""unit_of_measurement"": ""KiB/s"", ""device_class"": ""data_rate"", ""friendly_name"": ""UPNP IGD Upload speed""}"
2025-07-25T08:53:39.251807,sensor.upnp_igd_packet_download_speed,81.3992836863036,101.533502555838,"{""state_class"": ""measurement"", ""unit_of_measurement"": ""packets/s"", ""friendly_name"": ""UPNP IGD Packet download speed""}"
2025-07-25T08:53:39.253274,sensor.upnp_igd_packet_upload_speed,41.2329704831931,61.7001028335047,"{""state_class"": ""measurement"", ""unit_of_measurement"": ""packets/s"", ""friendly_name"": ""UPNP IGD Packet upload speed""}"
2025-07-25T08:54:09.248621,sensor.upnp_igd_data_received,2417901076,2418046865,"{""state_class"": ""total_increasing"", ""unit_of_measurement"": ""B"", ""device_class"": ""data_size"", ""friendly_name"": ""UPNP IGD Data received""}"
2025-07-25T08:54:09.252818,sensor.upnp_igd_data_sent,2913497761,2913563005,"{""state_class"": ""total_increasing"", ""unit_of_measurement"": ""B"", ""device_class"": ""data_size"", ""friendly_name"": ""UPNP IGD Data sent""}"
2025-07-25T08:54:09.254664,sensor.upnp_igd_packets_received,32737279,32738576,"{""state_class"": ""total_increasing"", ""unit_of_measurement"": ""packets"", ""friendly_name"": ""UPNP IGD Packets received""}"
2025-07-25T08:54:09.257488,sensor.upnp_igd_packets_sent,10475798,10476096,"{""state_class"": ""total_increasing"", ""unit_of_measurement"": ""packets"", ""friendly_name"": ""UPNP IGD Packets sent""}"
2025-07-25T08:54:09.261294,sensor.upnp_igd_uptime,260978,261008,"{""unit_of_measurement"": ""s"", ""device_class"": ""duration"", ""friendly_name"": ""UPNP IGD Uptime""}"
2025-07-25T08:54:09.263615,sensor.upnp_igd_download_speed,71.4384328661381,4.74572729296512,"{""state_class"": ""measurement"", ""unit_of_measurement"": ""KiB/s"", ""device_class"": ""data_rate"", ""friendly_name"": ""UPNP IGD Download speed""}"
2025-07-25T08:54:09.265981,sensor.upnp_igd_upload_speed,10.4336762436271,2.12382437291027,"{""state_class"": ""measurement"", ""unit_of_measurement"": ""KiB/s"", ""device_class"": ""data_rate"", ""friendly_name"": ""UPNP IGD Upload speed""}"
2025-07-25T08:54:09.268696,sensor.upnp_igd_packet_download_speed,101.533502555838,43.2332569545794,"{""state_class"": ""measurement"", ""unit_of_measurement"": ""packets/s"", ""friendly_name"": ""UPNP IGD Packet download speed""}"
2025-07-25T08:54:09.271428,sensor.upnp_igd_packet_upload_speed,61.7001028335047,9.93331578447545,"{""state_class"": ""measurement"", ""unit_of_measurement"": ""packets/s"", ""friendly_name"": ""UPNP IGD Packet upload speed""}"
2025-07-25T08:54:10.260284,automation.aut_status_bruno,on,on,"{""id"": ""1751855857509"", ""last_triggered"": ""2025-07-25T11:54:10.253021+00:00"", ""mode"": ""single"", ""current"": 1, ""friendly_name"": ""aut-status-bruno""}"
2025-07-25T08:54:10.262460,automation.aut_status_bruno,on,on,"{""id"": ""1751855857509"", ""last_triggered"": ""2025-07-25T11:54:10.253021+00:00"", ""mode"": ""single"", ""current"": 0, ""friendly_name"": ""aut-status-bruno""}"
2025-07-25T08:54:39.239237,sensor.upnp_igd_data_received,2418046865,2418131427,"{""state_class"": ""total_increasing"", ""unit_of_measurement"": ""B"", ""device_class"": ""data_size"", ""friendly_name"": ""UPNP IGD Data received""}"
2025-07-25T08:54:39.241910,sensor.upnp_igd_data_sent,2913563005,2913575640,"{""state_class"": ""total_increasing"", ""unit_of_measurement"": ""B"", ""device_class"": ""data_size"", ""friendly_name"": ""UPNP IGD Data sent""}"
2025-07-25T08:54:39.243898,sensor.upnp_igd_packets_received,32738576,32739693,"{""state_class"": ""total_increasing"", ""unit_of_measurement"": ""packets"", ""friendly_name"": ""UPNP IGD Packets received""}"
2025-07-25T08:54:39.245424,sensor.upnp_igd_packets_sent,10476096,10476209,"{""state_class"": ""total_increasing"", ""unit_of_measurement"": ""packets"", ""friendly_name"": ""UPNP IGD Packets sent""}"
2025-07-25T08:54:39.246893,sensor.upnp_igd_uptime,261008,261038,"{""unit_of_measurement"": ""s"", ""device_class"": ""duration"", ""friendly_name"": ""UPNP IGD Uptime""}"
2025-07-25T08:54:39.248387,sensor.upnp_igd_download_speed,4.74572729296512,2.75264981877461,"{""state_class"": ""measurement"", ""unit_of_measurement"": ""KiB/s"", ""device_class"": ""data_rate"", ""friendly_name"": ""UPNP IGD Download speed""}"
2025-07-25T08:54:39.249796,sensor.upnp_igd_upload_speed,2.12382437291027,0.41129266644849,"{""state_class"": ""measurement"", ""unit_of_measurement"": ""KiB/s"", ""device_class"": ""data_rate"", ""friendly_name"": ""UPNP IGD Upload speed""}"
2025-07-25T08:54:39.251240,sensor.upnp_igd_packet_download_speed,43.2332569545794,37.2330702196371,"{""state_class"": ""measurement"", ""unit_of_measurement"": ""packets/s"", ""friendly_name"": ""UPNP IGD Packet download speed""}"
2025-07-25T08:54:39.252724,sensor.upnp_igd_packet_upload_speed,9.93331578447545,3.76664004907699,"{""state_class"": ""measurement"", ""unit_of_measurement"": ""packets/s"", ""friendly_name"": ""UPNP IGD Packet upload speed""}"
2025-07-25T08:55:09.257919,sensor.upnp_igd_data_received,2418131427,2418258564,"{""state_class"": ""total_increasing"", ""unit_of_measurement"": ""B"", ""device_class"": ""data_size"", ""friendly_name"": ""UPNP IGD Data received""}"
2025-07-25T08:55:09.260760,sensor.upnp_igd_data_sent,2913575640,2913645751,"{""state_class"": ""total_increasing"", ""unit_of_measurement"": ""B"", ""device_class"": ""data_size"", ""friendly_name"": ""UPNP IGD Data sent""}"
2025-07-25T08:55:09.262310,sensor.upnp_igd_packets_received,32739693,32740879,"{""state_class"": ""total_increasing"", ""unit_of_measurement"": ""packets"", ""friendly_name"": ""UPNP IGD Packets received""}"
2025-07-25T08:55:09.263793,sensor.upnp_igd_packets_sent,10476209,10476425,"{""state_class"": ""total_increasing"", ""unit_of_measurement"": ""packets"", ""friendly_name"": ""UPNP IGD Packets sent""}"
2025-07-25T08:55:09.265149,sensor.upnp_igd_uptime,261038,261068,"{""unit_of_measurement"": ""s"", ""device_class"": ""duration"", ""friendly_name"": ""UPNP IGD Uptime""}"
2025-07-25T08:55:09.266541,sensor.upnp_igd_download_speed,2.75264981877461,4.13853172982424,"{""state_class"": ""measurement"", ""unit_of_measurement"": ""KiB/s"", ""device_class"": ""data_rate"", ""friendly_name"": ""UPNP IGD Download speed""}"
2025-07-25T08:55:09.267989,sensor.upnp_igd_upload_speed,0.41129266644849,2.28223568363031,"{""state_class"": ""measurement"", ""unit_of_measurement"": ""KiB/s"", ""device_class"": ""data_rate"", ""friendly_name"": ""UPNP IGD Upload speed""}"
2025-07-25T08:55:09.269390,sensor.upnp_igd_packet_download_speed,37.2330702196371,39.5329274619447,"{""state_class"": ""measurement"", ""unit_of_measurement"": ""packets/s"", ""friendly_name"": ""UPNP IGD Packet download speed""}"
2025-07-25T08:55:09.270770,sensor.upnp_igd_packet_upload_speed,3.76664004907699,7.1999260807589,"{""state_class"": ""measurement"", ""unit_of_measurement"": ""packets/s"", ""friendly_name"": ""UPNP IGD Packet upload speed""}"
2025-07-25T08:55:10.145663,sun.sun,above_horizon,above_horizon,"{""next_dawn"": ""2025-07-26T08:32:54.909961+00:00"", ""next_dusk"": ""2025-07-25T20:48:15.098712+00:00"", ""next_midnight"": ""2025-07-26T02:40:37+00:00"", ""next_noon"": ""2025-07-25T14:40:37+00:00"", ""next_rising"": ""2025-07-26T08:55:47.118508+00:00"", ""next_setting"": ""2025-07-25T20:25:21.448131+00:00"", ""elevation"": 37.9, ""azimuth"": 52.1, ""rising"": true, ""friendly_name"": ""Sun""}"
2025-07-25T08:55:10.261698,automation.aut_status_bruno,on,on,"{""id"": ""1751855857509"", ""last_triggered"": ""2025-07-25T11:55:10.252556+00:00"", ""mode"": ""single"", ""current"": 1, ""friendly_name"": ""aut-status-bruno""}"
2025-07-25T08:55:10.316159,automation.aut_status_bruno,on,on,"{""id"": ""1751855857509"", ""last_triggered"": ""2025-07-25T11:55:10.252556+00:00"", ""mode"": ""single"", ""current"": 0, ""friendly_name"": ""aut-status-bruno""}"
2025-07-25T08:55:39.244079,sensor.upnp_igd_data_received,2418258564,2418350255,"{""state_class"": ""total_increasing"", ""unit_of_measurement"": ""B"", ""device_class"": ""data_size"", ""friendly_name"": ""UPNP IGD Data received""}"
2025-07-25T08:55:39.246467,sensor.upnp_igd_data_sent,2913645751,2913662926,"{""state_class"": ""total_increasing"", ""unit_of_measurement"": ""B"", ""device_class"": ""data_size"", ""friendly_name"": ""UPNP IGD Data sent""}"
2025-07-25T08:55:39.248103,sensor.upnp_igd_packets_received,32740879,32741981,"{""state_class"": ""total_increasing"", ""unit_of_measurement"": ""packets"", ""friendly_name"": ""UPNP IGD Packets received""}"
2025-07-25T08:55:39.249516,sensor.upnp_igd_packets_sent,10476425,10476565,"{""state_class"": ""total_increasing"", ""unit_of_measurement"": ""packets"", ""friendly_name"": ""UPNP IGD Packets sent""}"
2025-07-25T08:55:39.250843,sensor.upnp_igd_uptime,261068,261098,"{""unit_of_measurement"": ""s"", ""device_class"": ""duration"", ""friendly_name"": ""UPNP IGD Uptime""}"
2025-07-25T08:55:39.252340,sensor.upnp_igd_download_speed,4.13853172982424,2.98464054905965,"{""state_class"": ""measurement"", ""unit_of_measurement"": ""KiB/s"", ""device_class"": ""data_rate"", ""friendly_name"": ""UPNP IGD Download speed""}"
2025-07-25T08:55:39.253723,sensor.upnp_igd_upload_speed,2.28223568363031,0.559064700244292,"{""state_class"": ""measurement"", ""unit_of_measurement"": ""KiB/s"", ""device_class"": ""data_rate"", ""friendly_name"": ""UPNP IGD Upload speed""}"
2025-07-25T08:55:39.255052,sensor.upnp_igd_packet_download_speed,39.5329274619447,36.7321946352996,"{""state_class"": ""measurement"", ""unit_of_measurement"": ""packets/s"", ""friendly_name"": ""UPNP IGD Packet download speed""}"
2025-07-25T08:55:39.256533,sensor.upnp_igd_packet_upload_speed,7.1999260807589,4.66652200448453,"{""state_class"": ""measurement"", ""unit_of_measurement"": ""packets/s"", ""friendly_name"": ""UPNP IGD Packet upload speed""}"
2025-07-25T08:56:09.257895,sensor.upnp_igd_data_received,2418350255,2418436970,"{""state_class"": ""total_increasing"", ""unit_of_measurement"": ""B"", ""device_class"": ""data_size"", ""friendly_name"": ""UPNP IGD Data received""}"
2025-07-25T08:56:09.260619,sensor.upnp_igd_data_sent,2913662926,2913679978,"{""state_class"": ""total_increasing"", ""unit_of_measurement"": ""B"", ""device_class"": ""data_size"", ""friendly_name"": ""UPNP IGD Data sent""}"
2025-07-25T08:56:09.262129,sensor.upnp_igd_packets_received,32741981,32743066,"{""state_class"": ""total_increasing"", ""unit_of_measurement"": ""packets"", ""friendly_name"": ""UPNP IGD Packets received""}"
2025-07-25T08:56:09.264763,sensor.upnp_igd_packets_sent,10476565,10476684,"{""state_class"": ""total_increasing"", ""unit_of_measurement"": ""packets"", ""friendly_name"": ""UPNP IGD Packets sent""}"
2025-07-25T08:56:09.266621,sensor.upnp_igd_uptime,261098,261128,"{""unit_of_measurement"": ""s"", ""device_class"": ""duration"", ""friendly_name"": ""UPNP IGD Uptime""}"
2025-07-25T08:56:09.268146,sensor.upnp_igd_download_speed,2.98464054905965,2.82286973800492,"{""state_class"": ""measurement"", ""unit_of_measurement"": ""KiB/s"", ""device_class"": ""data_rate"", ""friendly_name"": ""UPNP IGD Download speed""}"
2025-07-25T08:56:09.269631,sensor.upnp_igd_upload_speed,0.559064700244292,0.555100902640372,"{""state_class"": ""measurement"", ""unit_of_measurement"": ""KiB/s"", ""device_class"": ""data_rate"", ""friendly_name"": ""UPNP IGD Upload speed""}"
2025-07-25T08:56:09.271019,sensor.upnp_igd_packet_download_speed,36.7321946352996,36.1681507664531,"{""state_class"": ""measurement"", ""unit_of_measurement"": ""packets/s"", ""friendly_name"": ""UPNP IGD Packet download speed""}"
2025-07-25T08:56:09.272502,sensor.upnp_igd_packet_upload_speed,4.66652200448453,3.96682943890131,"{""state_class"": ""measurement"", ""unit_of_measurement"": ""packets/s"", ""friendly_name"": ""UPNP IGD Packet upload speed""}"
2025-07-25T08:56:10.269555,automation.aut_status_bruno,on,on,"{""id"": ""1751855857509"", ""last_triggered"": ""2025-07-25T11:56:10.253463+00:00"", ""mode"": ""single"", ""current"": 1, ""friendly_name"": ""aut-status-bruno""}"
2025-07-25T08:56:10.274792,automation.aut_status_bruno,on,on,"{""id"": ""1751855857509"", ""last_triggered"": ""2025-07-25T11:56:10.253463+00:00"", ""mode"": ""single"", ""current"": 0, ""friendly_name"": ""aut-status-bruno""}"
2025-07-25T08:56:39.241072,sensor.upnp_igd_data_received,2418436970,2418510223,"{""state_class"": ""total_increasing"", ""unit_of_measurement"": ""B"", ""device_class"": ""data_size"", ""friendly_name"": ""UPNP IGD Data received""}"
2025-07-25T08:56:39.243931,sensor.upnp_igd_data_sent,2913679978,2913686959,"{""state_class"": ""total_increasing"", ""unit_of_measurement"": ""B"", ""device_class"": ""data_size"", ""friendly_name"": ""UPNP IGD Data sent""}"
2025-07-25T08:56:39.245465,sensor.upnp_igd_packets_received,32743066,32744140,"{""state_class"": ""total_increasing"", ""unit_of_measurement"": ""packets"", ""friendly_name"": ""UPNP IGD Packets received""}"
2025-07-25T08:56:39.246917,sensor.upnp_igd_packets_sent,10476684,10476752,"{""state_class"": ""total_increasing"", ""unit_of_measurement"": ""packets"", ""friendly_name"": ""UPNP IGD Packets sent""}"
2025-07-25T08:56:39.248301,sensor.upnp_igd_uptime,261128,261158,"{""unit_of_measurement"": ""s"", ""device_class"": ""duration"", ""friendly_name"": ""UPNP IGD Uptime""}"
2025-07-25T08:56:39.249715,sensor.upnp_igd_download_speed,2.82286973800492,2.38454237053192,"{""state_class"": ""measurement"", ""unit_of_measurement"": ""KiB/s"", ""device_class"": ""data_rate"", ""friendly_name"": ""UPNP IGD Download speed""}"
2025-07-25T08:56:39.251114,sensor.upnp_igd_upload_speed,0.555100902640372,0.227246533093297,"{""state_class"": ""measurement"", ""unit_of_measurement"": ""KiB/s"", ""device_class"": ""data_rate"", ""friendly_name"": ""UPNP IGD Upload speed""}"
2025-07-25T08:56:39.252730,sensor.upnp_igd_packet_download_speed,36.1681507664531,35.8000692134671,"{""state_class"": ""measurement"", ""unit_of_measurement"": ""packets/s"", ""friendly_name"": ""UPNP IGD Packet download speed""}"
2025-07-25T08:56:39.254196,sensor.upnp_igd_packet_upload_speed,3.96682943890131,2.26667104889736,"{""state_class"": ""measurement"", ""unit_of_measurement"": ""packets/s"", ""friendly_name"": ""UPNP IGD Packet upload speed""}"
2025-07-25T08:57:09.250076,sensor.upnp_igd_data_received,2418510223,2418609248,"{""state_class"": ""total_increasing"", ""unit_of_measurement"": ""B"", ""device_class"": ""data_size"", ""friendly_name"": ""UPNP IGD Data received""}"
2025-07-25T08:57:09.253231,sensor.upnp_igd_data_sent,2913686959,2913709751,"{""state_class"": ""total_increasing"", ""unit_of_measurement"": ""B"", ""device_class"": ""data_size"", ""friendly_name"": ""UPNP IGD Data sent""}"
2025-07-25T08:57:09.256140,sensor.upnp_igd_packets_received,32744140,32745228,"{""state_class"": ""total_increasing"", ""unit_of_measurement"": ""packets"", ""friendly_name"": ""UPNP IGD Packets received""}"
2025-07-25T08:57:09.258392,sensor.upnp_igd_packets_sent,10476752,10476862,"{""state_class"": ""total_increasing"", ""unit_of_measurement"": ""packets"", ""friendly_name"": ""UPNP IGD Packets sent""}"
2025-07-25T08:57:09.260703,sensor.upnp_igd_uptime,261158,261188,"{""unit_of_measurement"": ""s"", ""device_class"": ""duration"", ""friendly_name"": ""UPNP IGD Uptime""}"
2025-07-25T08:57:09.262739,sensor.upnp_igd_download_speed,2.38454237053192,3.22350089024185,"{""state_class"": ""measurement"", ""unit_of_measurement"": ""KiB/s"", ""device_class"": ""data_rate"", ""friendly_name"": ""UPNP IGD Download speed""}"
2025-07-25T08:57:09.266288,sensor.upnp_igd_upload_speed,0.227246533093297,0.741934181170333,"{""state_class"": ""measurement"", ""unit_of_measurement"": ""KiB/s"", ""device_class"": ""data_rate"", ""friendly_name"": ""UPNP IGD Upload speed""}"
2025-07-25T08:57:09.268223,sensor.upnp_igd_packet_download_speed,35.8000692134671,36.267013621097,"{""state_class"": ""measurement"", ""unit_of_measurement"": ""packets/s"", ""friendly_name"": ""UPNP IGD Packet download speed""}"
2025-07-25T08:57:09.269931,sensor.upnp_igd_packet_upload_speed,2.26667104889736,3.66670174478002,"{""state_class"": ""measurement"", ""unit_of_measurement"": ""packets/s"", ""friendly_name"": ""UPNP IGD Packet upload speed""}"
2025-07-25T08:57:10.262400,automation.aut_status_bruno,on,on,"{""id"": ""1751855857509"", ""last_triggered"": ""2025-07-25T11:57:10.252677+00:00"", ""mode"": ""single"", ""current"": 1, ""friendly_name"": ""aut-status-bruno""}"
2025-07-25T08:57:10.264735,automation.aut_status_bruno,on,on,"{""id"": ""1751855857509"", ""last_triggered"": ""2025-07-25T11:57:10.252677+00:00"", ""mode"": ""single"", ""current"": 0, ""friendly_name"": ""aut-status-bruno""}"
2025-07-25T08:57:39.239151,sensor.upnp_igd_data_received,2418609248,2418715165,"{""state_class"": ""total_increasing"", ""unit_of_measurement"": ""B"", ""device_class"": ""data_size"", ""friendly_name"": ""UPNP IGD Data received""}"
2025-07-25T08:57:39.242434,sensor.upnp_igd_data_sent,2913709751,2913731025,"{""state_class"": ""total_increasing"", ""unit_of_measurement"": ""B"", ""device_class"": ""data_size"", ""friendly_name"": ""UPNP IGD Data sent""}"
2025-07-25T08:57:39.243959,sensor.upnp_igd_packets_received,32745228,32746415,"{""state_class"": ""total_increasing"", ""unit_of_measurement"": ""packets"", ""friendly_name"": ""UPNP IGD Packets received""}"
2025-07-25T08:57:39.245321,sensor.upnp_igd_packets_sent,10476862,10477036,"{""state_class"": ""total_increasing"", ""unit_of_measurement"": ""packets"", ""friendly_name"": ""UPNP IGD Packets sent""}"
2025-07-25T08:57:39.246660,sensor.upnp_igd_uptime,261188,261218,"{""unit_of_measurement"": ""s"", ""device_class"": ""duration"", ""friendly_name"": ""UPNP IGD Uptime""}"
2025-07-25T08:57:39.248122,sensor.upnp_igd_download_speed,3.22350089024185,3.44775131956576,"{""state_class"": ""measurement"", ""unit_of_measurement"": ""KiB/s"", ""device_class"": ""data_rate"", ""friendly_name"": ""UPNP IGD Download speed""}"
2025-07-25T08:57:39.249540,sensor.upnp_igd_upload_speed,0.741934181170333,0.692499424761294,"{""state_class"": ""measurement"", ""unit_of_measurement"": ""KiB/s"", ""device_class"": ""data_rate"", ""friendly_name"": ""UPNP IGD Upload speed""}"
2025-07-25T08:57:39.250902,sensor.upnp_igd_packet_download_speed,36.267013621097,39.5658898563625,"{""state_class"": ""measurement"", ""unit_of_measurement"": ""packets/s"", ""friendly_name"": ""UPNP IGD Packet download speed""}"
2025-07-25T08:57:39.252388,sensor.upnp_igd_packet_upload_speed,3.66670174478002,5.79988612890234,"{""state_class"": ""measurement"", ""unit_of_measurement"": ""packets/s"", ""friendly_name"": ""UPNP IGD Packet upload speed""}"
2025-07-25T08:57:49.110365,media_player.dlna_b13_box,unavailable,unknown,"{""friendly_name"": ""DLNA-B13 Box"", ""supported_features"": 512575}"
2025-07-25T08:57:52.464795,camera.192_168_0_33,idle,idle,"{""access_token"": ""57a2a3312928918aa59150b11d6a2f7b79ade3dd92d959a548cbc67d70644cf2"", ""entity_picture"": ""/api/camera_proxy/camera.192_168_0_33?token=57a2a3312928918aa59150b11d6a2f7b79ade3dd92d959a548cbc67d70644cf2"", ""friendly_name"": ""192_168_0_14"", ""supported_features"": 2}"
2025-07-25T08:57:52.466618,camera.admin_mainstream,idle,idle,"{""access_token"": ""acd13784f9b0630a52addc77e860031aea839f4137e9aa5241cd698a28a31248"", ""entity_picture"": ""/api/camera_proxy/camera.admin_mainstream?token=acd13784f9b0630a52addc77e860031aea839f4137e9aa5241cd698a28a31248"", ""friendly_name"": ""admin MainStream"", ""supported_features"": 2}"
2025-07-25T08:57:52.468249,camera.admin_substream,idle,idle,"{""access_token"": ""b2d672ea8ba984b49fb75049ed1a6ff8fb6604f495ed12753b9a1cbdab55e985"", ""entity_picture"": ""/api/camera_proxy/camera.admin_substream?token=b2d672ea8ba984b49fb75049ed1a6ff8fb6604f495ed12753b9a1cbdab55e985"", ""friendly_name"": ""admin SubStream"", ""supported_features"": 2}"
2025-07-25T08:58:01.788611,media_player.dlna_b13_box,unknown,unavailable,"{""friendly_name"": ""DLNA-B13 Box"", ""supported_features"": 512575}"
2025-07-25T08:58:09.237928,sensor.upnp_igd_data_received,2418715165,2419316258,"{""state_class"": ""total_increasing"", ""unit_of_measurement"": ""B"", ""device_class"": ""data_size"", ""friendly_name"": ""UPNP IGD Data received""}"
2025-07-25T08:58:09.240618,sensor.upnp_igd_data_sent,2913731025,2913747588,"{""state_class"": ""total_increasing"", ""unit_of_measurement"": ""B"", ""device_class"": ""data_size"", ""friendly_name"": ""UPNP IGD Data sent""}"
2025-07-25T08:58:09.242379,sensor.upnp_igd_packets_received,32746415,32747838,"{""state_class"": ""total_increasing"", ""unit_of_measurement"": ""packets"", ""friendly_name"": ""UPNP IGD Packets received""}"
2025-07-25T08:58:09.244113,sensor.upnp_igd_packets_sent,10477036,10477180,"{""state_class"": ""total_increasing"", ""unit_of_measurement"": ""packets"", ""friendly_name"": ""UPNP IGD Packets sent""}"
2025-07-25T08:58:09.245708,sensor.upnp_igd_uptime,261218,261248,"{""unit_of_measurement"": ""s"", ""device_class"": ""duration"", ""friendly_name"": ""UPNP IGD Uptime""}"
2025-07-25T08:58:09.247352,sensor.upnp_igd_download_speed,3.44775131956576,19.5670753199965,"{""state_class"": ""measurement"", ""unit_of_measurement"": ""KiB/s"", ""device_class"": ""data_rate"", ""friendly_name"": ""UPNP IGD Download speed""}"
2025-07-25T08:58:09.249105,sensor.upnp_igd_upload_speed,0.692499424761294,0.539166931781109,"{""state_class"": ""measurement"", ""unit_of_measurement"": ""KiB/s"", ""device_class"": ""data_rate"", ""friendly_name"": ""UPNP IGD Upload speed""}"
2025-07-25T08:58:09.250815,sensor.upnp_igd_packet_download_speed,39.5658898563625,47.433929419713,"{""state_class"": ""measurement"", ""unit_of_measurement"": ""packets/s"", ""friendly_name"": ""UPNP IGD Packet download speed""}"
2025-07-25T08:58:09.253041,sensor.upnp_igd_packet_upload_speed,5.79988612890234,4.80006032075803,"{""state_class"": ""measurement"", ""unit_of_measurement"": ""packets/s"", ""friendly_name"": ""UPNP IGD Packet upload speed""}"
2025-07-25T08:58:10.259954,automation.aut_status_bruno,on,on,"{""id"": ""1751855857509"", ""last_triggered"": ""2025-07-25T11:58:10.252815+00:00"", ""mode"": ""single"", ""current"": 1, ""friendly_name"": ""aut-status-bruno""}"
2025-07-25T08:58:10.263423,automation.aut_status_bruno,on,on,"{""id"": ""1751855857509"", ""last_triggered"": ""2025-07-25T11:58:10.252815+00:00"", ""mode"": ""single"", ""current"": 0, ""friendly_name"": ""aut-status-bruno""}"
2025-07-25T08:58:16.654466,weather.home,partlycloudy,partlycloudy,"{""temperature"": 24.0, ""temperature_unit"": ""\u00b0C"", ""pressure_unit"": ""hPa"", ""wind_bearing"": 177, ""wind_speed"": 6.8, ""wind_speed_unit"": ""km/h"", ""visibility_unit"": ""km"", ""precipitation_unit"": ""mm"", ""friendly_name"": ""Home"", ""supported_features"": 3}"
2025-07-25T08:58:39.271875,sensor.upnp_igd_data_received,2419316258,2429598199,"{""state_class"": ""total_increasing"", ""unit_of_measurement"": ""B"", ""device_class"": ""data_size"", ""friendly_name"": ""UPNP IGD Data received""}"
2025-07-25T08:58:39.274548,sensor.upnp_igd_data_sent,2913747588,2914363248,"{""state_class"": ""total_increasing"", ""unit_of_measurement"": ""B"", ""device_class"": ""data_size"", ""friendly_name"": ""UPNP IGD Data sent""}"
2025-07-25T08:58:39.276116,sensor.upnp_igd_packets_received,32747838,32758133,"{""state_class"": ""total_increasing"", ""unit_of_measurement"": ""packets"", ""friendly_name"": ""UPNP IGD Packets received""}"
2025-07-25T08:58:39.277559,sensor.upnp_igd_packets_sent,10477180,10479356,"{""state_class"": ""total_increasing"", ""unit_of_measurement"": ""packets"", ""friendly_name"": ""UPNP IGD Packets sent""}"
2025-07-25T08:58:39.278893,sensor.upnp_igd_uptime,261248,261278,"{""unit_of_measurement"": ""s"", ""device_class"": ""duration"", ""friendly_name"": ""UPNP IGD Uptime""}"
2025-07-25T08:58:39.280335,sensor.upnp_igd_download_speed,19.5670753199965,334.700307231984,"{""state_class"": ""measurement"", ""unit_of_measurement"": ""KiB/s"", ""device_class"": ""data_rate"", ""friendly_name"": ""UPNP IGD Download speed""}"
2025-07-25T08:58:39.281741,sensor.upnp_igd_upload_speed,0.539166931781109,20.041117834701,"{""state_class"": ""measurement"", ""unit_of_measurement"": ""KiB/s"", ""device_class"": ""data_rate"", ""friendly_name"": ""UPNP IGD Upload speed""}"
2025-07-25T08:58:39.283160,sensor.upnp_igd_packet_download_speed,47.433929419713,343.168416825592,"{""state_class"": ""measurement"", ""unit_of_measurement"": ""packets/s"", ""friendly_name"": ""UPNP IGD Packet download speed""}"
2025-07-25T08:58:39.284578,sensor.upnp_igd_packet_upload_speed,4.80006032075803,72.5337032552199,"{""state_class"": ""measurement"", ""unit_of_measurement"": ""packets/s"", ""friendly_name"": ""UPNP IGD Packet upload speed""}"
2025-07-25T08:59:09.239486,sensor.upnp_igd_data_received,2429598199,2430213749,"{""state_class"": ""total_increasing"", ""unit_of_measurement"": ""B"", ""device_class"": ""data_size"", ""friendly_name"": ""UPNP IGD Data received""}"
2025-07-25T08:59:09.241924,sensor.upnp_igd_data_sent,2914363248,2914614666,"{""state_class"": ""total_increasing"", ""unit_of_measurement"": ""B"", ""device_class"": ""data_size"", ""friendly_name"": ""UPNP IGD Data sent""}"
2025-07-25T08:59:09.243586,sensor.upnp_igd_packets_received,32758133,32760093,"{""state_class"": ""total_increasing"", ""unit_of_measurement"": ""packets"", ""friendly_name"": ""UPNP IGD Packets received""}"
2025-07-25T08:59:09.245001,sensor.upnp_igd_packets_sent,10479356,10480190,"{""state_class"": ""total_increasing"", ""unit_of_measurement"": ""packets"", ""friendly_name"": ""UPNP IGD Packets sent""}"
2025-07-25T08:59:09.246372,sensor.upnp_igd_uptime,261278,261308,"{""unit_of_measurement"": ""s"", ""device_class"": ""duration"", ""friendly_name"": ""UPNP IGD Uptime""}"
2025-07-25T08:59:09.247874,sensor.upnp_igd_download_speed,334.700307231984,20.0374095151146,"{""state_class"": ""measurement"", ""unit_of_measurement"": ""KiB/s"", ""device_class"": ""data_rate"", ""friendly_name"": ""UPNP IGD Download speed""}"
2025-07-25T08:59:09.249392,sensor.upnp_igd_upload_speed,20.041117834701,8.18416932088553,"{""state_class"": ""measurement"", ""unit_of_measurement"": ""KiB/s"", ""device_class"": ""data_rate"", ""friendly_name"": ""UPNP IGD Upload speed""}"
2025-07-25T08:59:09.250797,sensor.upnp_igd_packet_download_speed,343.168416825592,65.3332505778826,"{""state_class"": ""measurement"", ""unit_of_measurement"": ""packets/s"", ""friendly_name"": ""UPNP IGD Packet download speed""}"
2025-07-25T08:59:09.252334,sensor.upnp_igd_packet_upload_speed,72.5337032552199,27.7999647867113,"{""state_class"": ""measurement"", ""unit_of_measurement"": ""packets/s"", ""friendly_name"": ""UPNP IGD Packet upload speed""}"
2025-07-25T08:59:10.146485,sun.sun,above_horizon,above_horizon,"{""next_dawn"": ""2025-07-26T08:32:54.909961+00:00"", ""next_dusk"": ""2025-07-25T20:48:15.098712+00:00"", ""next_midnight"": ""2025-07-26T02:40:37+00:00"", ""next_noon"": ""2025-07-25T14:40:37+00:00"", ""next_rising"": ""2025-07-26T08:55:47.118508+00:00"", ""next_setting"": ""2025-07-25T20:25:21.448131+00:00"", ""elevation"": 38.66, ""azimuth"": 51.4, ""rising"": true, ""friendly_name"": ""Sun""}"
2025-07-25T08:59:10.259379,automation.aut_status_bruno,on,on,"{""id"": ""1751855857509"", ""last_triggered"": ""2025-07-25T11:59:10.252941+00:00"", ""mode"": ""single"", ""current"": 1, ""friendly_name"": ""aut-status-bruno""}"
2025-07-25T08:59:10.261561,automation.aut_status_bruno,on,on,"{""id"": ""1751855857509"", ""last_triggered"": ""2025-07-25T11:59:10.252941+00:00"", ""mode"": ""single"", ""current"": 0, ""friendly_name"": ""aut-status-bruno""}"
2025-07-25T08:59:39.238294,sensor.upnp_igd_data_received,2430213749,2430357939,"{""state_class"": ""total_increasing"", ""unit_of_measurement"": ""B"", ""device_class"": ""data_size"", ""friendly_name"": ""UPNP IGD Data received""}"
2025-07-25T08:59:39.240903,sensor.upnp_igd_data_sent,2914614666,2914733938,"{""state_class"": ""total_increasing"", ""unit_of_measurement"": ""B"", ""device_class"": ""data_size"", ""friendly_name"": ""UPNP IGD Data sent""}"
2025-07-25T08:59:39.243298,sensor.upnp_igd_packets_received,32760093,32761383,"{""state_class"": ""total_increasing"", ""unit_of_measurement"": ""packets"", ""friendly_name"": ""UPNP IGD Packets received""}"
2025-07-25T08:59:39.244883,sensor.upnp_igd_packets_sent,10480190,10480414,"{""state_class"": ""total_increasing"", ""unit_of_measurement"": ""packets"", ""friendly_name"": ""UPNP IGD Packets sent""}"
2025-07-25T08:59:39.246214,sensor.upnp_igd_uptime,261308,261338,"{""unit_of_measurement"": ""s"", ""device_class"": ""duration"", ""friendly_name"": ""UPNP IGD Uptime""}"
2025-07-25T08:59:39.247711,sensor.upnp_igd_download_speed,20.0374095151146,4.69359649976592,"{""state_class"": ""measurement"", ""unit_of_measurement"": ""KiB/s"", ""device_class"": ""data_rate"", ""friendly_name"": ""UPNP IGD Download speed""}"
2025-07-25T08:59:39.249107,sensor.upnp_igd_upload_speed,8.18416932088553,3.88247896331286,"{""state_class"": ""measurement"", ""unit_of_measurement"": ""KiB/s"", ""device_class"": ""data_rate"", ""friendly_name"": ""UPNP IGD Upload speed""}"
2025-07-25T08:59:39.250443,sensor.upnp_igd_packet_download_speed,65.3332505778826,42.9991901819182,"{""state_class"": ""measurement"", ""unit_of_measurement"": ""packets/s"", ""friendly_name"": ""UPNP IGD Packet download speed""}"
2025-07-25T08:59:39.251903,sensor.upnp_igd_packet_upload_speed,27.7999647867113,7.46652604709278,"{""state_class"": ""measurement"", ""unit_of_measurement"": ""packets/s"", ""friendly_name"": ""UPNP IGD Packet upload speed""}"
