timestamp,entity_id,old_state,new_state,attributes
2025-08-01T20:00:07.375863,sensor.tauntaum_energy,229.179,229.187,"{""state_class"": ""total_increasing"", ""unit_of_measurement"": ""kWh"", ""device_class"": ""energy"", ""friendly_name"": ""Tauntaum Energy""}"
2025-08-01T20:00:07.377960,sensor.tauntaum_power,35,34,"{""state_class"": ""measurement"", ""power_consumption_start"": ""2025-08-01T22:46:43Z"", ""power_consumption_end"": ""2025-08-01T23:00:07Z"", ""unit_of_measurement"": ""W"", ""device_class"": ""power"", ""friendly_name"": ""Tauntaum Power""}"
2025-08-01T20:00:07.379628,sensor.tauntaum_energy_difference,0.007,0.008,"{""state_class"": ""total"", ""unit_of_measurement"": ""kWh"", ""device_class"": ""energy"", ""friendly_name"": ""Tauntaum Energy difference""}"
2025-08-01T20:00:07.381226,sensor.tauntaum_power_energy,0.00696334166738722,0.00781966111196412,"{""state_class"": ""total"", ""unit_of_measurement"": ""kWh"", ""device_class"": ""energy"", ""friendly_name"": ""Tauntaum Power energy""}"
2025-08-01T20:00:07.382673,sensor.tauntaum_energy_saved,0.0,0.001,"{""state_class"": ""total_increasing"", ""unit_of_measurement"": ""kWh"", ""device_class"": ""energy"", ""friendly_name"": ""Tauntaum Energy saved""}"
2025-08-01T20:00:10.261081,automation.aut_status_bruno,on,on,"{""id"": ""1751855857509"", ""last_triggered"": ""2025-08-01T23:00:10.253676+00:00"", ""mode"": ""single"", ""current"": 1, ""friendly_name"": ""aut-status-bruno""}"
2025-08-01T20:00:10.263747,automation.aut_status_bruno,on,on,"{""id"": ""1751855857509"", ""last_triggered"": ""2025-08-01T23:00:10.253676+00:00"", ""mode"": ""single"", ""current"": 0, ""friendly_name"": ""aut-status-bruno""}"
2025-08-01T20:00:14.232913,sensor.tomada_mesa_de_trabalho_current,0.1,0.109,"{""state_class"": ""measurement"", ""unit_of_measurement"": ""A"", ""device_class"": ""current"", ""friendly_name"": ""Tomada mesa de trabalho Current""}"
2025-08-01T20:00:14.234514,sensor.tomada_mesa_de_trabalho_power,5.4,6.1,"{""state_class"": ""measurement"", ""unit_of_measurement"": ""W"", ""device_class"": ""power"", ""friendly_name"": ""Tomada mesa de trabalho Power""}"
2025-08-01T20:00:14.236056,sensor.tomada_mesa_de_trabalho_voltage,132.5,129.5,"{""state_class"": ""measurement"", ""unit_of_measurement"": ""V"", ""device_class"": ""voltage"", ""friendly_name"": ""Tomada mesa de trabalho Voltage""}"
2025-08-01T20:00:22.148465,sensor.upnp_igd_data_received,3601160501,3601229377,"{""state_class"": ""total_increasing"", ""unit_of_measurement"": ""B"", ""device_class"": ""data_size"", ""friendly_name"": ""UPNP IGD Data received""}"
2025-08-01T20:00:22.151306,sensor.upnp_igd_data_sent,1042791073,1042797327,"{""state_class"": ""total_increasing"", ""unit_of_measurement"": ""B"", ""device_class"": ""data_size"", ""friendly_name"": ""UPNP IGD Data sent""}"
2025-08-01T20:00:22.153237,sensor.upnp_igd_packets_received,65387324,65388349,"{""state_class"": ""total_increasing"", ""unit_of_measurement"": ""packets"", ""friendly_name"": ""UPNP IGD Packets received""}"
2025-08-01T20:00:22.155436,sensor.upnp_igd_packets_sent,19368306,19368360,"{""state_class"": ""total_increasing"", ""unit_of_measurement"": ""packets"", ""friendly_name"": ""UPNP IGD Packets sent""}"
2025-08-01T20:00:22.156924,sensor.upnp_igd_uptime,905750,905780,"{""unit_of_measurement"": ""s"", ""device_class"": ""duration"", ""friendly_name"": ""UPNP IGD Uptime""}"
2025-08-01T20:00:22.158223,sensor.upnp_igd_download_speed,2.2390324338096,2.24211483928087,"{""state_class"": ""measurement"", ""unit_of_measurement"": ""KiB/s"", ""device_class"": ""data_rate"", ""friendly_name"": ""UPNP IGD Download speed""}"
2025-08-01T20:00:22.159518,sensor.upnp_igd_upload_speed,0.290616872414801,0.2035859545395,"{""state_class"": ""measurement"", ""unit_of_measurement"": ""KiB/s"", ""device_class"": ""data_rate"", ""friendly_name"": ""UPNP IGD Upload speed""}"
2025-08-01T20:00:22.161286,sensor.upnp_igd_packet_download_speed,32.6990855155751,34.1675436336199,"{""state_class"": ""measurement"", ""unit_of_measurement"": ""packets/s"", ""friendly_name"": ""UPNP IGD Packet download speed""}"
2025-08-01T20:00:22.163014,sensor.upnp_igd_packet_upload_speed,1.93327926595653,1.80004620118583,"{""state_class"": ""measurement"", ""unit_of_measurement"": ""packets/s"", ""friendly_name"": ""UPNP IGD Packet upload speed""}"
2025-08-01T20:00:30.558631,sun.sun,below_horizon,below_horizon,"{""next_dawn"": ""2025-08-02T08:31:09.736771+00:00"", ""next_dusk"": ""2025-08-02T20:49:37.368246+00:00"", ""next_midnight"": ""2025-08-02T02:40:20+00:00"", ""next_noon"": ""2025-08-02T14:40:22+00:00"", ""next_rising"": ""2025-08-02T08:53:48.246946+00:00"", ""next_setting"": ""2025-08-02T20:26:59.292686+00:00"", ""elevation"": -36.95, ""azimuth"": 282.59, ""rising"": false, ""friendly_name"": ""Sun""}"
2025-08-01T20:00:52.149350,sensor.upnp_igd_data_received,3601229377,3601300738,"{""state_class"": ""total_increasing"", ""unit_of_measurement"": ""B"", ""device_class"": ""data_size"", ""friendly_name"": ""UPNP IGD Data received""}"
2025-08-01T20:00:52.152128,sensor.upnp_igd_data_sent,1042797327,1042806375,"{""state_class"": ""total_increasing"", ""unit_of_measurement"": ""B"", ""device_class"": ""data_size"", ""friendly_name"": ""UPNP IGD Data sent""}"
2025-08-01T20:00:52.153605,sensor.upnp_igd_packets_received,65388349,65389370,"{""state_class"": ""total_increasing"", ""unit_of_measurement"": ""packets"", ""friendly_name"": ""UPNP IGD Packets received""}"
2025-08-01T20:00:52.155060,sensor.upnp_igd_packets_sent,19368360,19368421,"{""state_class"": ""total_increasing"", ""unit_of_measurement"": ""packets"", ""friendly_name"": ""UPNP IGD Packets sent""}"
2025-08-01T20:00:52.156542,sensor.upnp_igd_uptime,905780,905810,"{""unit_of_measurement"": ""s"", ""device_class"": ""duration"", ""friendly_name"": ""UPNP IGD Uptime""}"
2025-08-01T20:00:52.157999,sensor.upnp_igd_download_speed,2.24211483928087,2.32296222733847,"{""state_class"": ""measurement"", ""unit_of_measurement"": ""KiB/s"", ""device_class"": ""data_rate"", ""friendly_name"": ""UPNP IGD Download speed""}"
2025-08-01T20:00:52.159496,sensor.upnp_igd_upload_speed,0.2035859545395,0.294532899384237,"{""state_class"": ""measurement"", ""unit_of_measurement"": ""KiB/s"", ""device_class"": ""data_rate"", ""friendly_name"": ""UPNP IGD Upload speed""}"
2025-08-01T20:00:52.160903,sensor.upnp_igd_packet_download_speed,34.1675436336199,34.0335239210673,"{""state_class"": ""measurement"", ""unit_of_measurement"": ""packets/s"", ""friendly_name"": ""UPNP IGD Packet download speed""}"
2025-08-01T20:00:52.162301,sensor.upnp_igd_packet_upload_speed,1.80004620118583,2.03334472006377,"{""state_class"": ""measurement"", ""unit_of_measurement"": ""packets/s"", ""friendly_name"": ""UPNP IGD Packet upload speed""}"
2025-08-01T20:01:10.259880,automation.aut_status_bruno,on,on,"{""id"": ""1751855857509"", ""last_triggered"": ""2025-08-01T23:01:10.252557+00:00"", ""mode"": ""single"", ""current"": 1, ""friendly_name"": ""aut-status-bruno""}"
2025-08-01T20:01:10.262391,automation.aut_status_bruno,on,on,"{""id"": ""1751855857509"", ""last_triggered"": ""2025-08-01T23:01:10.252557+00:00"", ""mode"": ""single"", ""current"": 0, ""friendly_name"": ""aut-status-bruno""}"
2025-08-01T20:01:22.149525,sensor.upnp_igd_data_received,3601300738,3601378590,"{""state_class"": ""total_increasing"", ""unit_of_measurement"": ""B"", ""device_class"": ""data_size"", ""friendly_name"": ""UPNP IGD Data received""}"
2025-08-01T20:01:22.151921,sensor.upnp_igd_data_sent,1042806375,1042815934,"{""state_class"": ""total_increasing"", ""unit_of_measurement"": ""B"", ""device_class"": ""data_size"", ""friendly_name"": ""UPNP IGD Data sent""}"
2025-08-01T20:01:22.153371,sensor.upnp_igd_packets_received,65389370,65390395,"{""state_class"": ""total_increasing"", ""unit_of_measurement"": ""packets"", ""friendly_name"": ""UPNP IGD Packets received""}"
2025-08-01T20:01:22.154757,sensor.upnp_igd_packets_sent,19368421,19368502,"{""state_class"": ""total_increasing"", ""unit_of_measurement"": ""packets"", ""friendly_name"": ""UPNP IGD Packets sent""}"
2025-08-01T20:01:22.156119,sensor.upnp_igd_uptime,905810,905840,"{""unit_of_measurement"": ""s"", ""device_class"": ""duration"", ""friendly_name"": ""UPNP IGD Uptime""}"
2025-08-01T20:01:22.157601,sensor.upnp_igd_download_speed,2.32296222733847,2.53417045599996,"{""state_class"": ""measurement"", ""unit_of_measurement"": ""KiB/s"", ""device_class"": ""data_rate"", ""friendly_name"": ""UPNP IGD Download speed""}"
2025-08-01T20:01:22.159019,sensor.upnp_igd_upload_speed,0.294532899384237,0.311156237333705,"{""state_class"": ""measurement"", ""unit_of_measurement"": ""KiB/s"", ""device_class"": ""data_rate"", ""friendly_name"": ""UPNP IGD Upload speed""}"
2025-08-01T20:01:22.160489,sensor.upnp_igd_packet_download_speed,34.0335239210673,34.1656644738421,"{""state_class"": ""measurement"", ""unit_of_measurement"": ""packets/s"", ""friendly_name"": ""UPNP IGD Packet download speed""}"
2025-08-01T20:01:22.161895,sensor.upnp_igd_packet_upload_speed,2.03334472006377,2.69992080232313,"{""state_class"": ""measurement"", ""unit_of_measurement"": ""packets/s"", ""friendly_name"": ""UPNP IGD Packet upload speed""}"
2025-08-01T20:01:52.148955,sensor.upnp_igd_data_received,3601378590,3601448861,"{""state_class"": ""total_increasing"", ""unit_of_measurement"": ""B"", ""device_class"": ""data_size"", ""friendly_name"": ""UPNP IGD Data received""}"
2025-08-01T20:01:52.151838,sensor.upnp_igd_data_sent,1042815934,1042823692,"{""state_class"": ""total_increasing"", ""unit_of_measurement"": ""B"", ""device_class"": ""data_size"", ""friendly_name"": ""UPNP IGD Data sent""}"
2025-08-01T20:01:52.153311,sensor.upnp_igd_packets_received,65390395,65391406,"{""state_class"": ""total_increasing"", ""unit_of_measurement"": ""packets"", ""friendly_name"": ""UPNP IGD Packets received""}"
2025-08-01T20:01:52.154697,sensor.upnp_igd_packets_sent,19368502,19368554,"{""state_class"": ""total_increasing"", ""unit_of_measurement"": ""packets"", ""friendly_name"": ""UPNP IGD Packets sent""}"
2025-08-01T20:01:52.156088,sensor.upnp_igd_uptime,905840,905870,"{""unit_of_measurement"": ""s"", ""device_class"": ""duration"", ""friendly_name"": ""UPNP IGD Uptime""}"
2025-08-01T20:01:52.157536,sensor.upnp_igd_download_speed,2.53417045599996,2.28749871039904,"{""state_class"": ""measurement"", ""unit_of_measurement"": ""KiB/s"", ""device_class"": ""data_rate"", ""friendly_name"": ""UPNP IGD Download speed""}"
2025-08-01T20:01:52.158966,sensor.upnp_igd_upload_speed,0.311156237333705,0.252542513914357,"{""state_class"": ""measurement"", ""unit_of_measurement"": ""KiB/s"", ""device_class"": ""data_rate"", ""friendly_name"": ""UPNP IGD Upload speed""}"
2025-08-01T20:01:52.160505,sensor.upnp_igd_packet_download_speed,34.1656644738421,33.7004605729612,"{""state_class"": ""measurement"", ""unit_of_measurement"": ""packets/s"", ""friendly_name"": ""UPNP IGD Packet download speed""}"
2025-08-01T20:01:52.161886,sensor.upnp_igd_packet_upload_speed,2.69992080232313,1.73335702254597,"{""state_class"": ""measurement"", ""unit_of_measurement"": ""packets/s"", ""friendly_name"": ""UPNP IGD Packet upload speed""}"
2025-08-01T20:02:10.260517,automation.aut_status_bruno,on,on,"{""id"": ""1751855857509"", ""last_triggered"": ""2025-08-01T23:02:10.253195+00:00"", ""mode"": ""single"", ""current"": 1, ""friendly_name"": ""aut-status-bruno""}"
2025-08-01T20:02:10.262784,automation.aut_status_bruno,on,on,"{""id"": ""1751855857509"", ""last_triggered"": ""2025-08-01T23:02:10.253195+00:00"", ""mode"": ""single"", ""current"": 0, ""friendly_name"": ""aut-status-bruno""}"
2025-08-01T20:02:22.147849,sensor.upnp_igd_data_received,3601448861,3601514264,"{""state_class"": ""total_increasing"", ""unit_of_measurement"": ""B"", ""device_class"": ""data_size"", ""friendly_name"": ""UPNP IGD Data received""}"
2025-08-01T20:02:22.150597,sensor.upnp_igd_data_sent,1042823692,1042827176,"{""state_class"": ""total_increasing"", ""unit_of_measurement"": ""B"", ""device_class"": ""data_size"", ""friendly_name"": ""UPNP IGD Data sent""}"
2025-08-01T20:02:22.153587,sensor.upnp_igd_packets_received,65391406,65392406,"{""state_class"": ""total_increasing"", ""unit_of_measurement"": ""packets"", ""friendly_name"": ""UPNP IGD Packets received""}"
2025-08-01T20:02:22.155546,sensor.upnp_igd_packets_sent,19368554,19368592,"{""state_class"": ""total_increasing"", ""unit_of_measurement"": ""packets"", ""friendly_name"": ""UPNP IGD Packets sent""}"
2025-08-01T20:02:22.157318,sensor.upnp_igd_uptime,905870,905900,"{""unit_of_measurement"": ""s"", ""device_class"": ""duration"", ""friendly_name"": ""UPNP IGD Uptime""}"
2025-08-01T20:02:22.159695,sensor.upnp_igd_download_speed,2.28749871039904,2.12901582873864,"{""state_class"": ""measurement"", ""unit_of_measurement"": ""KiB/s"", ""device_class"": ""data_rate"", ""friendly_name"": ""UPNP IGD Download speed""}"
2025-08-01T20:02:22.162457,sensor.upnp_igd_upload_speed,0.252542513914357,0.113412093441057,"{""state_class"": ""measurement"", ""unit_of_measurement"": ""KiB/s"", ""device_class"": ""data_rate"", ""friendly_name"": ""UPNP IGD Upload speed""}"
2025-08-01T20:02:22.166586,sensor.upnp_igd_packet_download_speed,33.7004605729612,33.3335200010453,"{""state_class"": ""measurement"", ""unit_of_measurement"": ""packets/s"", ""friendly_name"": ""UPNP IGD Packet download speed""}"
2025-08-01T20:02:22.170583,sensor.upnp_igd_packet_upload_speed,1.73335702254597,1.26667376003972,"{""state_class"": ""measurement"", ""unit_of_measurement"": ""packets/s"", ""friendly_name"": ""UPNP IGD Packet upload speed""}"
2025-08-01T20:02:52.148306,sensor.upnp_igd_data_received,3601514264,3601585654,"{""state_class"": ""total_increasing"", ""unit_of_measurement"": ""B"", ""device_class"": ""data_size"", ""friendly_name"": ""UPNP IGD Data received""}"
2025-08-01T20:02:52.151004,sensor.upnp_igd_data_sent,1042827176,1042835887,"{""state_class"": ""total_increasing"", ""unit_of_measurement"": ""B"", ""device_class"": ""data_size"", ""friendly_name"": ""UPNP IGD Data sent""}"
2025-08-01T20:02:52.152556,sensor.upnp_igd_packets_received,65392406,65393427,"{""state_class"": ""total_increasing"", ""unit_of_measurement"": ""packets"", ""friendly_name"": ""UPNP IGD Packets received""}"
2025-08-01T20:02:52.153924,sensor.upnp_igd_packets_sent,19368592,19368651,"{""state_class"": ""total_increasing"", ""unit_of_measurement"": ""packets"", ""friendly_name"": ""UPNP IGD Packets sent""}"
2025-08-01T20:02:52.155261,sensor.upnp_igd_uptime,905900,905930,"{""unit_of_measurement"": ""s"", ""device_class"": ""duration"", ""friendly_name"": ""UPNP IGD Uptime""}"
2025-08-01T20:02:52.156826,sensor.upnp_igd_download_speed,2.12901582873864,2.32390314448675,"{""state_class"": ""measurement"", ""unit_of_measurement"": ""KiB/s"", ""device_class"": ""data_rate"", ""friendly_name"": ""UPNP IGD Download speed""}"
2025-08-01T20:02:52.158274,sensor.upnp_igd_upload_speed,0.113412093441057,0.28356240778294,"{""state_class"": ""measurement"", ""unit_of_measurement"": ""KiB/s"", ""device_class"": ""data_rate"", ""friendly_name"": ""UPNP IGD Upload speed""}"
2025-08-01T20:02:52.159780,sensor.upnp_igd_packet_download_speed,33.3335200010453,34.0334785428418,"{""state_class"": ""measurement"", ""unit_of_measurement"": ""packets/s"", ""friendly_name"": ""UPNP IGD Packet download speed""}"
2025-08-01T20:02:52.161258,sensor.upnp_igd_packet_upload_speed,1.26667376003972,1.96667505781358,"{""state_class"": ""measurement"", ""unit_of_measurement"": ""packets/s"", ""friendly_name"": ""UPNP IGD Packet upload speed""}"
2025-08-01T20:02:54.145354,camera.192_168_0_33,idle,idle,"{""access_token"": ""2aa933384a7259f2a89644c7e59ab5f1d30f361402fe97b7c84ec9556f2a693b"", ""entity_picture"": ""/api/camera_proxy/camera.192_168_0_33?token=2aa933384a7259f2a89644c7e59ab5f1d30f361402fe97b7c84ec9556f2a693b"", ""friendly_name"": ""192_168_0_14"", ""supported_features"": 2}"
2025-08-01T20:02:54.147125,camera.admin_mainstream,idle,idle,"{""access_token"": ""91b6d91884bf764255c97a48d1379a87ececf6a6ff98883002c47b80a6bf9dbe"", ""entity_picture"": ""/api/camera_proxy/camera.admin_mainstream?token=91b6d91884bf764255c97a48d1379a87ececf6a6ff98883002c47b80a6bf9dbe"", ""friendly_name"": ""admin MainStream"", ""supported_features"": 2}"
2025-08-01T20:02:54.148829,camera.admin_substream,idle,idle,"{""access_token"": ""af6c044a4567d9083d630c330afb04be55454e345cc35eea489a4cb1280e4ec7"", ""entity_picture"": ""/api/camera_proxy/camera.admin_substream?token=af6c044a4567d9083d630c330afb04be55454e345cc35eea489a4cb1280e4ec7"", ""friendly_name"": ""admin SubStream"", ""supported_features"": 2}"
2025-08-01T20:03:10.259235,automation.aut_status_bruno,on,on,"{""id"": ""1751855857509"", ""last_triggered"": ""2025-08-01T23:03:10.252683+00:00"", ""mode"": ""single"", ""current"": 1, ""friendly_name"": ""aut-status-bruno""}"
2025-08-01T20:03:10.261557,automation.aut_status_bruno,on,on,"{""id"": ""1751855857509"", ""last_triggered"": ""2025-08-01T23:03:10.252683+00:00"", ""mode"": ""single"", ""current"": 0, ""friendly_name"": ""aut-status-bruno""}"
2025-08-01T20:03:22.152642,sensor.upnp_igd_data_received,3601585654,3601654321,"{""state_class"": ""total_increasing"", ""unit_of_measurement"": ""B"", ""device_class"": ""data_size"", ""friendly_name"": ""UPNP IGD Data received""}"
2025-08-01T20:03:22.155485,sensor.upnp_igd_data_sent,1042835887,1042839847,"{""state_class"": ""total_increasing"", ""unit_of_measurement"": ""B"", ""device_class"": ""data_size"", ""friendly_name"": ""UPNP IGD Data sent""}"
2025-08-01T20:03:22.157166,sensor.upnp_igd_packets_received,65393427,65394429,"{""state_class"": ""total_increasing"", ""unit_of_measurement"": ""packets"", ""friendly_name"": ""UPNP IGD Packets received""}"
2025-08-01T20:03:22.158575,sensor.upnp_igd_packets_sent,19368651,19368690,"{""state_class"": ""total_increasing"", ""unit_of_measurement"": ""packets"", ""friendly_name"": ""UPNP IGD Packets sent""}"
2025-08-01T20:03:22.159977,sensor.upnp_igd_uptime,905930,905960,"{""unit_of_measurement"": ""s"", ""device_class"": ""duration"", ""friendly_name"": ""UPNP IGD Uptime""}"
2025-08-01T20:03:22.161450,sensor.upnp_igd_download_speed,2.32390314448675,2.23523878113425,"{""state_class"": ""measurement"", ""unit_of_measurement"": ""KiB/s"", ""device_class"": ""data_rate"", ""friendly_name"": ""UPNP IGD Download speed""}"
2025-08-01T20:03:22.162893,sensor.upnp_igd_upload_speed,0.28356240778294,0.128905377740277,"{""state_class"": ""measurement"", ""unit_of_measurement"": ""KiB/s"", ""device_class"": ""data_rate"", ""friendly_name"": ""UPNP IGD Upload speed""}"
2025-08-01T20:03:22.164368,sensor.upnp_igd_packet_download_speed,34.0334785428418,33.3997739948626,"{""state_class"": ""measurement"", ""unit_of_measurement"": ""packets/s"", ""friendly_name"": ""UPNP IGD Packet download speed""}"
2025-08-01T20:03:22.165821,sensor.upnp_igd_packet_upload_speed,1.96667505781358,1.29999120339286,"{""state_class"": ""measurement"", ""unit_of_measurement"": ""packets/s"", ""friendly_name"": ""UPNP IGD Packet upload speed""}"
2025-08-01T20:03:52.154321,sensor.upnp_igd_data_received,3601654321,3601994098,"{""state_class"": ""total_increasing"", ""unit_of_measurement"": ""B"", ""device_class"": ""data_size"", ""friendly_name"": ""UPNP IGD Data received""}"
2025-08-01T20:03:52.156779,sensor.upnp_igd_data_sent,1042839847,1042853495,"{""state_class"": ""total_increasing"", ""unit_of_measurement"": ""B"", ""device_class"": ""data_size"", ""friendly_name"": ""UPNP IGD Data sent""}"
2025-08-01T20:03:52.158353,sensor.upnp_igd_packets_received,65394429,65395658,"{""state_class"": ""total_increasing"", ""unit_of_measurement"": ""packets"", ""friendly_name"": ""UPNP IGD Packets received""}"
2025-08-01T20:03:52.159865,sensor.upnp_igd_packets_sent,19368690,19368798,"{""state_class"": ""total_increasing"", ""unit_of_measurement"": ""packets"", ""friendly_name"": ""UPNP IGD Packets sent""}"
2025-08-01T20:03:52.161230,sensor.upnp_igd_uptime,905960,905990,"{""unit_of_measurement"": ""s"", ""device_class"": ""duration"", ""friendly_name"": ""UPNP IGD Uptime""}"
2025-08-01T20:03:52.162710,sensor.upnp_igd_download_speed,2.23523878113425,11.060343776806,"{""state_class"": ""measurement"", ""unit_of_measurement"": ""KiB/s"", ""device_class"": ""data_rate"", ""friendly_name"": ""UPNP IGD Download speed""}"
2025-08-01T20:03:52.164252,sensor.upnp_igd_upload_speed,0.128905377740277,0.444266597991766,"{""state_class"": ""measurement"", ""unit_of_measurement"": ""KiB/s"", ""device_class"": ""data_rate"", ""friendly_name"": ""UPNP IGD Upload speed""}"
2025-08-01T20:03:52.165684,sensor.upnp_igd_packet_download_speed,33.3997739948626,40.966276121501,"{""state_class"": ""measurement"", ""unit_of_measurement"": ""packets/s"", ""friendly_name"": ""UPNP IGD Packet download speed""}"
2025-08-01T20:03:52.167066,sensor.upnp_igd_packet_upload_speed,1.29999120339286,3.59996568032718,"{""state_class"": ""measurement"", ""unit_of_measurement"": ""packets/s"", ""friendly_name"": ""UPNP IGD Packet upload speed""}"
2025-08-01T20:04:10.259246,automation.aut_status_bruno,on,on,"{""id"": ""1751855857509"", ""last_triggered"": ""2025-08-01T23:04:10.252474+00:00"", ""mode"": ""single"", ""current"": 1, ""friendly_name"": ""aut-status-bruno""}"
2025-08-01T20:04:10.261502,automation.aut_status_bruno,on,on,"{""id"": ""1751855857509"", ""last_triggered"": ""2025-08-01T23:04:10.252474+00:00"", ""mode"": ""single"", ""current"": 0, ""friendly_name"": ""aut-status-bruno""}"
2025-08-01T20:04:22.152813,sensor.upnp_igd_data_received,3601994098,3602061924,"{""state_class"": ""total_increasing"", ""unit_of_measurement"": ""B"", ""device_class"": ""data_size"", ""friendly_name"": ""UPNP IGD Data received""}"
2025-08-01T20:04:22.158508,sensor.upnp_igd_data_sent,1042853495,1042858908,"{""state_class"": ""total_increasing"", ""unit_of_measurement"": ""B"", ""device_class"": ""data_size"", ""friendly_name"": ""UPNP IGD Data sent""}"
2025-08-01T20:04:22.160559,sensor.upnp_igd_packets_received,65395658,65396686,"{""state_class"": ""total_increasing"", ""unit_of_measurement"": ""packets"", ""friendly_name"": ""UPNP IGD Packets received""}"
2025-08-01T20:04:22.162286,sensor.upnp_igd_packets_sent,19368798,19368849,"{""state_class"": ""total_increasing"", ""unit_of_measurement"": ""packets"", ""friendly_name"": ""UPNP IGD Packets sent""}"
2025-08-01T20:04:22.163799,sensor.upnp_igd_uptime,905990,906020,"{""unit_of_measurement"": ""s"", ""device_class"": ""duration"", ""friendly_name"": ""UPNP IGD Uptime""}"
2025-08-01T20:04:22.165247,sensor.upnp_igd_download_speed,11.060343776806,2.20789732804946,"{""state_class"": ""measurement"", ""unit_of_measurement"": ""KiB/s"", ""device_class"": ""data_rate"", ""friendly_name"": ""UPNP IGD Download speed""}"
2025-08-01T20:04:22.166663,sensor.upnp_igd_upload_speed,0.444266597991766,0.176206001190277,"{""state_class"": ""measurement"", ""unit_of_measurement"": ""KiB/s"", ""device_class"": ""data_rate"", ""friendly_name"": ""UPNP IGD Upload speed""}"
2025-08-01T20:04:22.168126,sensor.upnp_igd_packet_download_speed,40.966276121501,34.2669727849569,"{""state_class"": ""measurement"", ""unit_of_measurement"": ""packets/s"", ""friendly_name"": ""UPNP IGD Packet download speed""}"
2025-08-01T20:04:22.169542,sensor.upnp_igd_packet_upload_speed,3.59996568032718,1.70001518680234,"{""state_class"": ""measurement"", ""unit_of_measurement"": ""packets/s"", ""friendly_name"": ""UPNP IGD Packet upload speed""}"
2025-08-01T20:04:52.156538,sensor.upnp_igd_data_received,3602061924,3602132262,"{""state_class"": ""total_increasing"", ""unit_of_measurement"": ""B"", ""device_class"": ""data_size"", ""friendly_name"": ""UPNP IGD Data received""}"
2025-08-01T20:04:52.160235,sensor.upnp_igd_data_sent,1042858908,1042866145,"{""state_class"": ""total_increasing"", ""unit_of_measurement"": ""B"", ""device_class"": ""data_size"", ""friendly_name"": ""UPNP IGD Data sent""}"
2025-08-01T20:04:52.162048,sensor.upnp_igd_packets_received,65396686,65397703,"{""state_class"": ""total_increasing"", ""unit_of_measurement"": ""packets"", ""friendly_name"": ""UPNP IGD Packets received""}"
2025-08-01T20:04:52.163871,sensor.upnp_igd_packets_sent,19368849,19368895,"{""state_class"": ""total_increasing"", ""unit_of_measurement"": ""packets"", ""friendly_name"": ""UPNP IGD Packets sent""}"
2025-08-01T20:04:52.166110,sensor.upnp_igd_uptime,906020,906050,"{""unit_of_measurement"": ""s"", ""device_class"": ""duration"", ""friendly_name"": ""UPNP IGD Uptime""}"
2025-08-01T20:04:52.168460,sensor.upnp_igd_download_speed,2.20789732804946,2.28963996583213,"{""state_class"": ""measurement"", ""unit_of_measurement"": ""KiB/s"", ""device_class"": ""data_rate"", ""friendly_name"": ""UPNP IGD Download speed""}"
2025-08-01T20:04:52.170329,sensor.upnp_igd_upload_speed,0.176206001190277,0.235578555442678,"{""state_class"": ""measurement"", ""unit_of_measurement"": ""KiB/s"", ""device_class"": ""data_rate"", ""friendly_name"": ""UPNP IGD Upload speed""}"
2025-08-01T20:04:52.172255,sensor.upnp_igd_packet_download_speed,34.2669727849569,33.8998745704641,"{""state_class"": ""measurement"", ""unit_of_measurement"": ""packets/s"", ""friendly_name"": ""UPNP IGD Packet download speed""}"
2025-08-01T20:04:52.174091,sensor.upnp_igd_packet_upload_speed,1.70001518680234,1.53332766002099,"{""state_class"": ""measurement"", ""unit_of_measurement"": ""packets/s"", ""friendly_name"": ""UPNP IGD Packet upload speed""}"
2025-08-01T20:05:10.260467,automation.aut_status_bruno,on,on,"{""id"": ""1751855857509"", ""last_triggered"": ""2025-08-01T23:05:10.253987+00:00"", ""mode"": ""single"", ""current"": 1, ""friendly_name"": ""aut-status-bruno""}"
2025-08-01T20:05:10.262767,automation.aut_status_bruno,on,on,"{""id"": ""1751855857509"", ""last_triggered"": ""2025-08-01T23:05:10.253987+00:00"", ""mode"": ""single"", ""current"": 0, ""friendly_name"": ""aut-status-bruno""}"
2025-08-01T20:05:22.154987,sensor.upnp_igd_data_received,3602132262,3602198898,"{""state_class"": ""total_increasing"", ""unit_of_measurement"": ""B"", ""device_class"": ""data_size"", ""friendly_name"": ""UPNP IGD Data received""}"
2025-08-01T20:05:22.158551,sensor.upnp_igd_data_sent,1042866145,1042869675,"{""state_class"": ""total_increasing"", ""unit_of_measurement"": ""B"", ""device_class"": ""data_size"", ""friendly_name"": ""UPNP IGD Data sent""}"
2025-08-01T20:05:22.160380,sensor.upnp_igd_packets_received,65397703,65398722,"{""state_class"": ""total_increasing"", ""unit_of_measurement"": ""packets"", ""friendly_name"": ""UPNP IGD Packets received""}"
2025-08-01T20:05:22.162169,sensor.upnp_igd_packets_sent,19368895,19368934,"{""state_class"": ""total_increasing"", ""unit_of_measurement"": ""packets"", ""friendly_name"": ""UPNP IGD Packets sent""}"
2025-08-01T20:05:22.163961,sensor.upnp_igd_uptime,906050,906080,"{""unit_of_measurement"": ""s"", ""device_class"": ""duration"", ""friendly_name"": ""UPNP IGD Uptime""}"
2025-08-01T20:05:22.165797,sensor.upnp_igd_download_speed,2.28963996583213,2.16912030757312,"{""state_class"": ""measurement"", ""unit_of_measurement"": ""KiB/s"", ""device_class"": ""data_rate"", ""friendly_name"": ""UPNP IGD Download speed""}"
2025-08-01T20:05:22.167667,sensor.upnp_igd_upload_speed,0.235578555442678,0.114907777863814,"{""state_class"": ""measurement"", ""unit_of_measurement"": ""KiB/s"", ""device_class"": ""data_rate"", ""friendly_name"": ""UPNP IGD Upload speed""}"
2025-08-01T20:05:22.169548,sensor.upnp_igd_packet_download_speed,33.8998745704641,33.9663485152022,"{""state_class"": ""measurement"", ""unit_of_measurement"": ""packets/s"", ""friendly_name"": ""UPNP IGD Packet download speed""}"
2025-08-01T20:05:22.171392,sensor.upnp_igd_packet_upload_speed,1.53332766002099,1.29998782344739,"{""state_class"": ""measurement"", ""unit_of_measurement"": ""packets/s"", ""friendly_name"": ""UPNP IGD Packet upload speed""}"
2025-08-01T20:05:52.171749,sensor.upnp_igd_data_received,3602198898,3602266858,"{""state_class"": ""total_increasing"", ""unit_of_measurement"": ""B"", ""device_class"": ""data_size"", ""friendly_name"": ""UPNP IGD Data received""}"
2025-08-01T20:05:52.176068,sensor.upnp_igd_data_sent,1042869675,1042875668,"{""state_class"": ""total_increasing"", ""unit_of_measurement"": ""B"", ""device_class"": ""data_size"", ""friendly_name"": ""UPNP IGD Data sent""}"
2025-08-01T20:05:52.178258,sensor.upnp_igd_packets_received,65398722,65399701,"{""state_class"": ""total_increasing"", ""unit_of_measurement"": ""packets"", ""friendly_name"": ""UPNP IGD Packets received""}"
2025-08-01T20:05:52.180554,sensor.upnp_igd_packets_sent,19368934,19368982,"{""state_class"": ""total_increasing"", ""unit_of_measurement"": ""packets"", ""friendly_name"": ""UPNP IGD Packets sent""}"
2025-08-01T20:05:52.182702,sensor.upnp_igd_uptime,906080,906110,"{""unit_of_measurement"": ""s"", ""device_class"": ""duration"", ""friendly_name"": ""UPNP IGD Uptime""}"
2025-08-01T20:05:52.185610,sensor.upnp_igd_download_speed,2.16912030757312,2.21219814148815,"{""state_class"": ""measurement"", ""unit_of_measurement"": ""KiB/s"", ""device_class"": ""data_rate"", ""friendly_name"": ""UPNP IGD Download speed""}"
2025-08-01T20:05:52.188494,sensor.upnp_igd_upload_speed,0.114907777863814,0.195080980899625,"{""state_class"": ""measurement"", ""unit_of_measurement"": ""KiB/s"", ""device_class"": ""data_rate"", ""friendly_name"": ""UPNP IGD Upload speed""}"
2025-08-01T20:05:52.190188,sensor.upnp_igd_packet_download_speed,33.9663485152022,32.6327220136743,"{""state_class"": ""measurement"", ""unit_of_measurement"": ""packets/s"", ""friendly_name"": ""UPNP IGD Packet download speed""}"
2025-08-01T20:05:52.193132,sensor.upnp_igd_packet_upload_speed,1.29998782344739,1.59997002722816,"{""state_class"": ""measurement"", ""unit_of_measurement"": ""packets/s"", ""friendly_name"": ""UPNP IGD Packet upload speed""}"
2025-08-01T20:06:10.259946,automation.aut_status_bruno,on,on,"{""id"": ""1751855857509"", ""last_triggered"": ""2025-08-01T23:06:10.252664+00:00"", ""mode"": ""single"", ""current"": 1, ""friendly_name"": ""aut-status-bruno""}"
2025-08-01T20:06:10.262061,automation.aut_status_bruno,on,on,"{""id"": ""1751855857509"", ""last_triggered"": ""2025-08-01T23:06:10.252664+00:00"", ""mode"": ""single"", ""current"": 0, ""friendly_name"": ""aut-status-bruno""}"
2025-08-01T20:06:22.182242,sensor.upnp_igd_data_received,3602266858,3602336635,"{""state_class"": ""total_increasing"", ""unit_of_measurement"": ""B"", ""device_class"": ""data_size"", ""friendly_name"": ""UPNP IGD Data received""}"
2025-08-01T20:06:22.186986,sensor.upnp_igd_data_sent,1042875668,1042881151,"{""state_class"": ""total_increasing"", ""unit_of_measurement"": ""B"", ""device_class"": ""data_size"", ""friendly_name"": ""UPNP IGD Data sent""}"
2025-08-01T20:06:22.189305,sensor.upnp_igd_packets_received,65399701,65400703,"{""state_class"": ""total_increasing"", ""unit_of_measurement"": ""packets"", ""friendly_name"": ""UPNP IGD Packets received""}"
2025-08-01T20:06:22.191608,sensor.upnp_igd_packets_sent,19368982,19369035,"{""state_class"": ""total_increasing"", ""unit_of_measurement"": ""packets"", ""friendly_name"": ""UPNP IGD Packets sent""}"
2025-08-01T20:06:22.193794,sensor.upnp_igd_uptime,906110,906140,"{""unit_of_measurement"": ""s"", ""device_class"": ""duration"", ""friendly_name"": ""UPNP IGD Uptime""}"
2025-08-01T20:06:22.196148,sensor.upnp_igd_download_speed,2.21219814148815,2.27143941614445,"{""state_class"": ""measurement"", ""unit_of_measurement"": ""KiB/s"", ""device_class"": ""data_rate"", ""friendly_name"": ""UPNP IGD Download speed""}"
2025-08-01T20:06:22.198449,sensor.upnp_igd_upload_speed,0.195080980899625,0.178487213820027,"{""state_class"": ""measurement"", ""unit_of_measurement"": ""KiB/s"", ""device_class"": ""data_rate"", ""friendly_name"": ""UPNP IGD Upload speed""}"
2025-08-01T20:06:22.200812,sensor.upnp_igd_packet_download_speed,32.6327220136743,33.4007748979776,"{""state_class"": ""measurement"", ""unit_of_measurement"": ""packets/s"", ""friendly_name"": ""UPNP IGD Packet download speed""}"
2025-08-01T20:06:22.203021,sensor.upnp_igd_packet_upload_speed,1.59997002722816,1.76670765428425,"{""state_class"": ""measurement"", ""unit_of_measurement"": ""packets/s"", ""friendly_name"": ""UPNP IGD Packet upload speed""}"
2025-08-01T20:06:52.172286,sensor.upnp_igd_data_received,3602336635,3602405226,"{""state_class"": ""total_increasing"", ""unit_of_measurement"": ""B"", ""device_class"": ""data_size"", ""friendly_name"": ""UPNP IGD Data received""}"
2025-08-01T20:06:52.174112,sensor.upnp_igd_data_sent,1042881151,1042889044,"{""state_class"": ""total_increasing"", ""unit_of_measurement"": ""B"", ""device_class"": ""data_size"", ""friendly_name"": ""UPNP IGD Data sent""}"
2025-08-01T20:06:52.177283,sensor.upnp_igd_packets_received,65400703,65401687,"{""state_class"": ""total_increasing"", ""unit_of_measurement"": ""packets"", ""friendly_name"": ""UPNP IGD Packets received""}"
2025-08-01T20:06:52.179457,sensor.upnp_igd_packets_sent,19369035,19369087,"{""state_class"": ""total_increasing"", ""unit_of_measurement"": ""packets"", ""friendly_name"": ""UPNP IGD Packets sent""}"
2025-08-01T20:06:52.182099,sensor.upnp_igd_uptime,906140,906170,"{""unit_of_measurement"": ""s"", ""device_class"": ""duration"", ""friendly_name"": ""UPNP IGD Uptime""}"
2025-08-01T20:06:52.185716,sensor.upnp_igd_download_speed,2.27143941614445,2.23278932563183,"{""state_class"": ""measurement"", ""unit_of_measurement"": ""KiB/s"", ""device_class"": ""data_rate"", ""friendly_name"": ""UPNP IGD Download speed""}"
2025-08-01T20:06:52.187642,sensor.upnp_igd_upload_speed,0.178487213820027,0.256934672875626,"{""state_class"": ""measurement"", ""unit_of_measurement"": ""KiB/s"", ""device_class"": ""data_rate"", ""friendly_name"": ""UPNP IGD Upload speed""}"
2025-08-01T20:06:52.189428,sensor.upnp_igd_packet_download_speed,33.4007748979776,32.8001377605786,"{""state_class"": ""measurement"", ""unit_of_measurement"": ""packets/s"", ""friendly_name"": ""UPNP IGD Packet download speed""}"
2025-08-01T20:06:52.191105,sensor.upnp_igd_packet_upload_speed,1.76670765428425,1.73334061336391,"{""state_class"": ""measurement"", ""unit_of_measurement"": ""packets/s"", ""friendly_name"": ""UPNP IGD Packet upload speed""}"
2025-08-01T20:07:10.259230,automation.aut_status_bruno,on,on,"{""id"": ""1751855857509"", ""last_triggered"": ""2025-08-01T23:07:10.252570+00:00"", ""mode"": ""single"", ""current"": 1, ""friendly_name"": ""aut-status-bruno""}"
2025-08-01T20:07:10.261548,automation.aut_status_bruno,on,on,"{""id"": ""1751855857509"", ""last_triggered"": ""2025-08-01T23:07:10.252570+00:00"", ""mode"": ""single"", ""current"": 0, ""friendly_name"": ""aut-status-bruno""}"
2025-08-01T20:07:22.174137,sensor.upnp_igd_data_received,3602405226,3602468799,"{""state_class"": ""total_increasing"", ""unit_of_measurement"": ""B"", ""device_class"": ""data_size"", ""friendly_name"": ""UPNP IGD Data received""}"
2025-08-01T20:07:22.181027,sensor.upnp_igd_data_sent,1042889044,1042892537,"{""state_class"": ""total_increasing"", ""unit_of_measurement"": ""B"", ""device_class"": ""data_size"", ""friendly_name"": ""UPNP IGD Data sent""}"
2025-08-01T20:07:22.185333,sensor.upnp_igd_packets_received,65401687,65402658,"{""state_class"": ""total_increasing"", ""unit_of_measurement"": ""packets"", ""friendly_name"": ""UPNP IGD Packets received""}"
2025-08-01T20:07:22.189715,sensor.upnp_igd_packets_sent,19369087,19369125,"{""state_class"": ""total_increasing"", ""unit_of_measurement"": ""packets"", ""friendly_name"": ""UPNP IGD Packets sent""}"
2025-08-01T20:07:22.192973,sensor.upnp_igd_uptime,906170,906200,"{""unit_of_measurement"": ""s"", ""device_class"": ""duration"", ""friendly_name"": ""UPNP IGD Uptime""}"
2025-08-01T20:07:22.194669,sensor.upnp_igd_download_speed,2.23278932563183,2.0694348354109,"{""state_class"": ""measurement"", ""unit_of_measurement"": ""KiB/s"", ""device_class"": ""data_rate"", ""friendly_name"": ""UPNP IGD Download speed""}"
2025-08-01T20:07:22.196381,sensor.upnp_igd_upload_speed,0.256934672875626,0.113704495306031,"{""state_class"": ""measurement"", ""unit_of_measurement"": ""KiB/s"", ""device_class"": ""data_rate"", ""friendly_name"": ""UPNP IGD Upload speed""}"
2025-08-01T20:07:22.198058,sensor.upnp_igd_packet_download_speed,32.8001377605786,32.3666860866783,"{""state_class"": ""measurement"", ""unit_of_measurement"": ""packets/s"", ""friendly_name"": ""UPNP IGD Packet download speed""}"
2025-08-01T20:07:22.199843,sensor.upnp_igd_packet_upload_speed,1.73334061336391,1.26666742666712,"{""state_class"": ""measurement"", ""unit_of_measurement"": ""packets/s"", ""friendly_name"": ""UPNP IGD Packet upload speed""}"
2025-08-01T20:07:52.153227,sensor.upnp_igd_data_received,3602468799,3602538715,"{""state_class"": ""total_increasing"", ""unit_of_measurement"": ""B"", ""device_class"": ""data_size"", ""friendly_name"": ""UPNP IGD Data received""}"
2025-08-01T20:07:52.154860,sensor.upnp_igd_data_sent,1042892537,1042899645,"{""state_class"": ""total_increasing"", ""unit_of_measurement"": ""B"", ""device_class"": ""data_size"", ""friendly_name"": ""UPNP IGD Data sent""}"
2025-08-01T20:07:52.156667,sensor.upnp_igd_packets_received,65402658,65403672,"{""state_class"": ""total_increasing"", ""unit_of_measurement"": ""packets"", ""friendly_name"": ""UPNP IGD Packets received""}"
2025-08-01T20:07:52.158340,sensor.upnp_igd_packets_sent,19369125,19369170,"{""state_class"": ""total_increasing"", ""unit_of_measurement"": ""packets"", ""friendly_name"": ""UPNP IGD Packets sent""}"
2025-08-01T20:07:52.160205,sensor.upnp_igd_uptime,906200,906230,"{""unit_of_measurement"": ""s"", ""device_class"": ""duration"", ""friendly_name"": ""UPNP IGD Uptime""}"
2025-08-01T20:07:52.161869,sensor.upnp_igd_download_speed,2.0694348354109,2.27595948107838,"{""state_class"": ""measurement"", ""unit_of_measurement"": ""KiB/s"", ""device_class"": ""data_rate"", ""friendly_name"": ""UPNP IGD Download speed""}"
2025-08-01T20:07:52.164267,sensor.upnp_igd_upload_speed,0.113704495306031,0.231385090558744,"{""state_class"": ""measurement"", ""unit_of_measurement"": ""KiB/s"", ""device_class"": ""data_rate"", ""friendly_name"": ""UPNP IGD Upload speed""}"
2025-08-01T20:07:52.166004,sensor.upnp_igd_packet_download_speed,32.3666860866783,33.8007131950484,"{""state_class"": ""measurement"", ""unit_of_measurement"": ""packets/s"", ""friendly_name"": ""UPNP IGD Packet download speed""}"
2025-08-01T20:07:52.167661,sensor.upnp_igd_packet_upload_speed,1.26666742666712,1.50003165066783,"{""state_class"": ""measurement"", ""unit_of_measurement"": ""packets/s"", ""friendly_name"": ""UPNP IGD Packet upload speed""}"
2025-08-01T20:07:54.145736,camera.192_168_0_33,idle,idle,"{""access_token"": ""7a15f703e73f3a9eaae9edbdda60b04f71481b5062ae063424cf6af7e9123a5a"", ""entity_picture"": ""/api/camera_proxy/camera.192_168_0_33?token=7a15f703e73f3a9eaae9edbdda60b04f71481b5062ae063424cf6af7e9123a5a"", ""friendly_name"": ""192_168_0_14"", ""supported_features"": 2}"
2025-08-01T20:07:54.147582,camera.admin_mainstream,idle,idle,"{""access_token"": ""d25b7cd74a106925cbff1cc230a1886220ee5f85859bb9bd0ee2caee60fa6ce6"", ""entity_picture"": ""/api/camera_proxy/camera.admin_mainstream?token=d25b7cd74a106925cbff1cc230a1886220ee5f85859bb9bd0ee2caee60fa6ce6"", ""friendly_name"": ""admin MainStream"", ""supported_features"": 2}"
2025-08-01T20:07:54.149290,camera.admin_substream,idle,idle,"{""access_token"": ""baca719ae04f1656b8fcfb1887d4b0effa13a1ece41b3d8dad1851654938b1f1"", ""entity_picture"": ""/api/camera_proxy/camera.admin_substream?token=baca719ae04f1656b8fcfb1887d4b0effa13a1ece41b3d8dad1851654938b1f1"", ""friendly_name"": ""admin SubStream"", ""supported_features"": 2}"
2025-08-01T20:08:10.260622,automation.aut_status_bruno,on,on,"{""id"": ""1751855857509"", ""last_triggered"": ""2025-08-01T23:08:10.253886+00:00"", ""mode"": ""single"", ""current"": 1, ""friendly_name"": ""aut-status-bruno""}"
2025-08-01T20:08:10.262805,automation.aut_status_bruno,on,on,"{""id"": ""1751855857509"", ""last_triggered"": ""2025-08-01T23:08:10.253886+00:00"", ""mode"": ""single"", ""current"": 0, ""friendly_name"": ""aut-status-bruno""}"
2025-08-01T20:08:22.157255,sensor.upnp_igd_data_received,3602538715,3602605562,"{""state_class"": ""total_increasing"", ""unit_of_measurement"": ""B"", ""device_class"": ""data_size"", ""friendly_name"": ""UPNP IGD Data received""}"
2025-08-01T20:08:22.160736,sensor.upnp_igd_data_sent,1042899645,1042904132,"{""state_class"": ""total_increasing"", ""unit_of_measurement"": ""B"", ""device_class"": ""data_size"", ""friendly_name"": ""UPNP IGD Data sent""}"
2025-08-01T20:08:22.162444,sensor.upnp_igd_packets_received,65403672,65404691,"{""state_class"": ""total_increasing"", ""unit_of_measurement"": ""packets"", ""friendly_name"": ""UPNP IGD Packets received""}"
2025-08-01T20:08:22.165309,sensor.upnp_igd_packets_sent,19369170,19369215,"{""state_class"": ""total_increasing"", ""unit_of_measurement"": ""packets"", ""friendly_name"": ""UPNP IGD Packets sent""}"
2025-08-01T20:08:22.167432,sensor.upnp_igd_uptime,906230,906260,"{""unit_of_measurement"": ""s"", ""device_class"": ""duration"", ""friendly_name"": ""UPNP IGD Uptime""}"
2025-08-01T20:08:22.169527,sensor.upnp_igd_download_speed,2.27595948107838,2.17600483510716,"{""state_class"": ""measurement"", ""unit_of_measurement"": ""KiB/s"", ""device_class"": ""data_rate"", ""friendly_name"": ""UPNP IGD Download speed""}"
2025-08-01T20:08:22.171426,sensor.upnp_igd_upload_speed,0.231385090558744,0.146060910663542,"{""state_class"": ""measurement"", ""unit_of_measurement"": ""KiB/s"", ""device_class"": ""data_rate"", ""friendly_name"": ""UPNP IGD Upload speed""}"
2025-08-01T20:08:22.173268,sensor.upnp_igd_packet_download_speed,33.8007131950484,33.9665998656869,"{""state_class"": ""measurement"", ""unit_of_measurement"": ""packets/s"", ""friendly_name"": ""UPNP IGD Packet download speed""}"
2025-08-01T20:08:22.175096,sensor.upnp_igd_packet_upload_speed,1.50003165066783,1.4999970500058,"{""state_class"": ""measurement"", ""unit_of_measurement"": ""packets/s"", ""friendly_name"": ""UPNP IGD Packet upload speed""}"
2025-08-01T20:08:52.150527,sensor.upnp_igd_data_received,3602605562,3602944736,"{""state_class"": ""total_increasing"", ""unit_of_measurement"": ""B"", ""device_class"": ""data_size"", ""friendly_name"": ""UPNP IGD Data received""}"
2025-08-01T20:08:52.154037,sensor.upnp_igd_data_sent,1042904132,1042916085,"{""state_class"": ""total_increasing"", ""unit_of_measurement"": ""B"", ""device_class"": ""data_size"", ""friendly_name"": ""UPNP IGD Data sent""}"
2025-08-01T20:08:52.155861,sensor.upnp_igd_packets_received,65404691,65405867,"{""state_class"": ""total_increasing"", ""unit_of_measurement"": ""packets"", ""friendly_name"": ""UPNP IGD Packets received""}"
2025-08-01T20:08:52.157538,sensor.upnp_igd_packets_sent,19369215,19369310,"{""state_class"": ""total_increasing"", ""unit_of_measurement"": ""packets"", ""friendly_name"": ""UPNP IGD Packets sent""}"
2025-08-01T20:08:52.159135,sensor.upnp_igd_uptime,906260,906290,"{""unit_of_measurement"": ""s"", ""device_class"": ""duration"", ""friendly_name"": ""UPNP IGD Uptime""}"
2025-08-01T20:08:52.160811,sensor.upnp_igd_download_speed,2.17600483510716,11.0406756796486,"{""state_class"": ""measurement"", ""unit_of_measurement"": ""KiB/s"", ""device_class"": ""data_rate"", ""friendly_name"": ""UPNP IGD Download speed""}"
2025-08-01T20:08:52.162518,sensor.upnp_igd_upload_speed,0.146060910663542,0.389089955004923,"{""state_class"": ""measurement"", ""unit_of_measurement"": ""KiB/s"", ""device_class"": ""data_rate"", ""friendly_name"": ""UPNP IGD Upload speed""}"
2025-08-01T20:08:52.164287,sensor.upnp_igd_packet_download_speed,33.9665998656869,39.199486486727,"{""state_class"": ""measurement"", ""unit_of_measurement"": ""packets/s"", ""friendly_name"": ""UPNP IGD Packet download speed""}"
2025-08-01T20:08:52.165953,sensor.upnp_igd_packet_upload_speed,1.4999970500058,3.16662518387676,"{""state_class"": ""measurement"", ""unit_of_measurement"": ""packets/s"", ""friendly_name"": ""UPNP IGD Packet upload speed""}"
2025-08-01T20:09:10.260109,automation.aut_status_bruno,on,on,"{""id"": ""1751855857509"", ""last_triggered"": ""2025-08-01T23:09:10.252945+00:00"", ""mode"": ""single"", ""current"": 1, ""friendly_name"": ""aut-status-bruno""}"
2025-08-01T20:09:10.262211,automation.aut_status_bruno,on,on,"{""id"": ""1751855857509"", ""last_triggered"": ""2025-08-01T23:09:10.252945+00:00"", ""mode"": ""single"", ""current"": 0, ""friendly_name"": ""aut-status-bruno""}"
2025-08-01T20:09:22.151491,sensor.upnp_igd_data_received,3602944736,3603010791,"{""state_class"": ""total_increasing"", ""unit_of_measurement"": ""B"", ""device_class"": ""data_size"", ""friendly_name"": ""UPNP IGD Data received""}"
2025-08-01T20:09:22.154419,sensor.upnp_igd_data_sent,1042916085,1042919306,"{""state_class"": ""total_increasing"", ""unit_of_measurement"": ""B"", ""device_class"": ""data_size"", ""friendly_name"": ""UPNP IGD Data sent""}"
2025-08-01T20:09:22.156217,sensor.upnp_igd_packets_received,65405867,65406877,"{""state_class"": ""total_increasing"", ""unit_of_measurement"": ""packets"", ""friendly_name"": ""UPNP IGD Packets received""}"
2025-08-01T20:09:22.157847,sensor.upnp_igd_packets_sent,19369310,19369346,"{""state_class"": ""total_increasing"", ""unit_of_measurement"": ""packets"", ""friendly_name"": ""UPNP IGD Packets sent""}"
2025-08-01T20:09:22.160381,sensor.upnp_igd_uptime,906290,906320,"{""unit_of_measurement"": ""s"", ""device_class"": ""duration"", ""friendly_name"": ""UPNP IGD Uptime""}"
2025-08-01T20:09:22.162581,sensor.upnp_igd_download_speed,11.0406756796486,2.1502233491143,"{""state_class"": ""measurement"", ""unit_of_measurement"": ""KiB/s"", ""device_class"": ""data_rate"", ""friendly_name"": ""UPNP IGD Download speed""}"
2025-08-01T20:09:22.164740,sensor.upnp_igd_upload_speed,0.389089955004923,0.104850040231582,"{""state_class"": ""measurement"", ""unit_of_measurement"": ""KiB/s"", ""device_class"": ""data_rate"", ""friendly_name"": ""UPNP IGD Upload speed""}"
2025-08-01T20:09:22.166877,sensor.upnp_igd_packet_download_speed,39.199486486727,33.6665959668151,"{""state_class"": ""measurement"", ""unit_of_measurement"": ""packets/s"", ""friendly_name"": ""UPNP IGD Packet download speed""}"
2025-08-01T20:09:22.169041,sensor.upnp_igd_packet_upload_speed,3.16662518387676,1.19999748000529,"{""state_class"": ""measurement"", ""unit_of_measurement"": ""packets/s"", ""friendly_name"": ""UPNP IGD Packet upload speed""}"
2025-08-01T20:09:52.204354,sensor.upnp_igd_data_received,3603010791,3603079598,"{""state_class"": ""total_increasing"", ""unit_of_measurement"": ""B"", ""device_class"": ""data_size"", ""friendly_name"": ""UPNP IGD Data received""}"
2025-08-01T20:09:52.211590,sensor.upnp_igd_data_sent,1042919306,1042926530,"{""state_class"": ""total_increasing"", ""unit_of_measurement"": ""B"", ""device_class"": ""data_size"", ""friendly_name"": ""UPNP IGD Data sent""}"
2025-08-01T20:09:52.213817,sensor.upnp_igd_packets_received,65406877,65407875,"{""state_class"": ""total_increasing"", ""unit_of_measurement"": ""packets"", ""friendly_name"": ""UPNP IGD Packets received""}"
2025-08-01T20:09:52.215673,sensor.upnp_igd_packets_sent,19369346,19369394,"{""state_class"": ""total_increasing"", ""unit_of_measurement"": ""packets"", ""friendly_name"": ""UPNP IGD Packets sent""}"
2025-08-01T20:09:52.217276,sensor.upnp_igd_uptime,906320,906350,"{""unit_of_measurement"": ""s"", ""device_class"": ""duration"", ""friendly_name"": ""UPNP IGD Uptime""}"
2025-08-01T20:09:52.219001,sensor.upnp_igd_download_speed,2.1502233491143,2.2398094807294,"{""state_class"": ""measurement"", ""unit_of_measurement"": ""KiB/s"", ""device_class"": ""data_rate"", ""friendly_name"": ""UPNP IGD Download speed""}"
2025-08-01T20:09:52.220721,sensor.upnp_igd_upload_speed,0.104850040231582,0.23515606971368,"{""state_class"": ""measurement"", ""unit_of_measurement"": ""KiB/s"", ""device_class"": ""data_rate"", ""friendly_name"": ""UPNP IGD Upload speed""}"
2025-08-01T20:09:52.222349,sensor.upnp_igd_packet_download_speed,33.6665959668151,33.2666411622418,"{""state_class"": ""measurement"", ""unit_of_measurement"": ""packets/s"", ""friendly_name"": ""UPNP IGD Packet download speed""}"
2025-08-01T20:09:52.224142,sensor.upnp_igd_packet_upload_speed,1.19999748000529,1.59999877333427,"{""state_class"": ""measurement"", ""unit_of_measurement"": ""packets/s"", ""friendly_name"": ""UPNP IGD Packet upload speed""}"
2025-08-01T20:10:00.173531,automation.automacao_cortina,on,on,"{""id"": ""1747703519499"", ""last_triggered"": ""2025-08-01T23:10:00.161085+00:00"", ""mode"": ""single"", ""current"": 1, ""friendly_name"": ""automacao-cortina""}"
2025-08-01T20:10:00.778779,automation.automacao_cortina,on,on,"{""id"": ""1747703519499"", ""last_triggered"": ""2025-08-01T23:10:00.161085+00:00"", ""mode"": ""single"", ""current"": 0, ""friendly_name"": ""automacao-cortina""}"
2025-08-01T20:10:10.260703,automation.aut_status_bruno,on,on,"{""id"": ""1751855857509"", ""last_triggered"": ""2025-08-01T23:10:10.253131+00:00"", ""mode"": ""single"", ""current"": 1, ""friendly_name"": ""aut-status-bruno""}"
2025-08-01T20:10:10.262828,automation.aut_status_bruno,on,on,"{""id"": ""1751855857509"", ""last_triggered"": ""2025-08-01T23:10:10.253131+00:00"", ""mode"": ""single"", ""current"": 0, ""friendly_name"": ""aut-status-bruno""}"
2025-08-01T20:10:22.149938,sensor.upnp_igd_data_received,3603079598,3603152188,"{""state_class"": ""total_increasing"", ""unit_of_measurement"": ""B"", ""device_class"": ""data_size"", ""friendly_name"": ""UPNP IGD Data received""}"
2025-08-01T20:10:22.153446,sensor.upnp_igd_data_sent,1042926530,1042933706,"{""state_class"": ""total_increasing"", ""unit_of_measurement"": ""B"", ""device_class"": ""data_size"", ""friendly_name"": ""UPNP IGD Data sent""}"
2025-08-01T20:10:22.155600,sensor.upnp_igd_packets_received,65407875,65408879,"{""state_class"": ""total_increasing"", ""unit_of_measurement"": ""packets"", ""friendly_name"": ""UPNP IGD Packets received""}"
2025-08-01T20:10:22.157776,sensor.upnp_igd_packets_sent,19369394,19369455,"{""state_class"": ""total_increasing"", ""unit_of_measurement"": ""packets"", ""friendly_name"": ""UPNP IGD Packets sent""}"
2025-08-01T20:10:22.159522,sensor.upnp_igd_uptime,906350,906380,"{""unit_of_measurement"": ""s"", ""device_class"": ""duration"", ""friendly_name"": ""UPNP IGD Uptime""}"
2025-08-01T20:10:22.161235,sensor.upnp_igd_download_speed,2.2398094807294,2.36299456104395,"{""state_class"": ""measurement"", ""unit_of_measurement"": ""KiB/s"", ""device_class"": ""data_rate"", ""friendly_name"": ""UPNP IGD Download speed""}"
2025-08-01T20:10:22.162845,sensor.upnp_igd_upload_speed,0.23515606971368,0.233597588787042,"{""state_class"": ""measurement"", ""unit_of_measurement"": ""KiB/s"", ""device_class"": ""data_rate"", ""friendly_name"": ""UPNP IGD Upload speed""}"
2025-08-01T20:10:22.165800,sensor.upnp_igd_packet_download_speed,33.2666411622418,33.4672166445935,"{""state_class"": ""measurement"", ""unit_of_measurement"": ""packets/s"", ""friendly_name"": ""UPNP IGD Packet download speed""}"
2025-08-01T20:10:22.168022,sensor.upnp_igd_packet_upload_speed,1.59999877333427,2.0333667483269,"{""state_class"": ""measurement"", ""unit_of_measurement"": ""packets/s"", ""friendly_name"": ""UPNP IGD Packet upload speed""}"
2025-08-01T20:10:52.151387,sensor.upnp_igd_data_received,3603152188,3603224689,"{""state_class"": ""total_increasing"", ""unit_of_measurement"": ""B"", ""device_class"": ""data_size"", ""friendly_name"": ""UPNP IGD Data received""}"
2025-08-01T20:10:52.153576,sensor.upnp_igd_data_sent,1042933706,1042942053,"{""state_class"": ""total_increasing"", ""unit_of_measurement"": ""B"", ""device_class"": ""data_size"", ""friendly_name"": ""UPNP IGD Data sent""}"
2025-08-01T20:10:52.155295,sensor.upnp_igd_packets_received,65408879,65409921,"{""state_class"": ""total_increasing"", ""unit_of_measurement"": ""packets"", ""friendly_name"": ""UPNP IGD Packets received""}"
2025-08-01T20:10:52.157246,sensor.upnp_igd_packets_sent,19369455,19369506,"{""state_class"": ""total_increasing"", ""unit_of_measurement"": ""packets"", ""friendly_name"": ""UPNP IGD Packets sent""}"
2025-08-01T20:10:52.159747,sensor.upnp_igd_uptime,906380,906410,"{""unit_of_measurement"": ""s"", ""device_class"": ""duration"", ""friendly_name"": ""UPNP IGD Uptime""}"
2025-08-01T20:10:52.161621,sensor.upnp_igd_download_speed,2.36299456104395,2.3600408934433,"{""state_class"": ""measurement"", ""unit_of_measurement"": ""KiB/s"", ""device_class"": ""data_rate"", ""friendly_name"": ""UPNP IGD Download speed""}"
2025-08-01T20:10:52.163302,sensor.upnp_igd_upload_speed,0.233597588787042,0.27171020175682,"{""state_class"": ""measurement"", ""unit_of_measurement"": ""KiB/s"", ""device_class"": ""data_rate"", ""friendly_name"": ""UPNP IGD Upload speed""}"
2025-08-01T20:10:52.165095,sensor.upnp_igd_packet_download_speed,33.4672166445935,34.7330728352871,"{""state_class"": ""measurement"", ""unit_of_measurement"": ""packets/s"", ""friendly_name"": ""UPNP IGD Packet download speed""}"
2025-08-01T20:10:52.166796,sensor.upnp_igd_packet_upload_speed,2.0333667483269,1.69998725009562,"{""state_class"": ""measurement"", ""unit_of_measurement"": ""packets/s"", ""friendly_name"": ""UPNP IGD Packet upload speed""}"
2025-08-01T20:11:07.721785,sensor.chewbacca_completion_time,2025-07-31T23:50:06+00:00,2025-08-01T23:50:07+00:00,"{""device_class"": ""timestamp"", ""friendly_name"": ""Chewbacca Completion time""}"
2025-08-01T20:11:07.736132,sensor.chewbacca_power,0,0,"{""state_class"": ""measurement"", ""power_consumption_start"": ""2025-07-31T23:11:06Z"", ""power_consumption_end"": ""2025-08-01T23:11:07Z"", ""unit_of_measurement"": ""W"", ""device_class"": ""power"", ""friendly_name"": ""Chewbacca Power""}"
2025-08-01T20:11:07.891187,sensor.tauntaum_energy,229.187,229.193,"{""state_class"": ""total_increasing"", ""unit_of_measurement"": ""kWh"", ""device_class"": ""energy"", ""friendly_name"": ""Tauntaum Energy""}"
2025-08-01T20:11:07.893125,sensor.tauntaum_power,34,35,"{""state_class"": ""measurement"", ""power_consumption_start"": ""2025-08-01T23:00:07Z"", ""power_consumption_end"": ""2025-08-01T23:11:07Z"", ""unit_of_measurement"": ""W"", ""device_class"": ""power"", ""friendly_name"": ""Tauntaum Power""}"
2025-08-01T20:11:07.894685,sensor.tauntaum_energy_difference,0.008,0.006,"{""state_class"": ""total"", ""unit_of_measurement"": ""kWh"", ""device_class"": ""energy"", ""friendly_name"": ""Tauntaum Energy difference""}"
2025-08-01T20:11:07.896137,sensor.tauntaum_power_energy,0.00781966111196412,0.00624064333266682,"{""state_class"": ""total"", ""unit_of_measurement"": ""kWh"", ""device_class"": ""energy"", ""friendly_name"": ""Tauntaum Power energy""}"
2025-08-01T20:11:10.260837,automation.aut_status_bruno,on,on,"{""id"": ""1751855857509"", ""last_triggered"": ""2025-08-01T23:11:10.254214+00:00"", ""mode"": ""single"", ""current"": 1, ""friendly_name"": ""aut-status-bruno""}"
2025-08-01T20:11:10.263039,automation.aut_status_bruno,on,on,"{""id"": ""1751855857509"", ""last_triggered"": ""2025-08-01T23:11:10.254214+00:00"", ""mode"": ""single"", ""current"": 0, ""friendly_name"": ""aut-status-bruno""}"
2025-08-01T20:11:22.150090,sensor.upnp_igd_data_received,3603224689,3603297249,"{""state_class"": ""total_increasing"", ""unit_of_measurement"": ""B"", ""device_class"": ""data_size"", ""friendly_name"": ""UPNP IGD Data received""}"
2025-08-01T20:11:22.152961,sensor.upnp_igd_data_sent,1042942053,1042960877,"{""state_class"": ""total_increasing"", ""unit_of_measurement"": ""B"", ""device_class"": ""data_size"", ""friendly_name"": ""UPNP IGD Data sent""}"
2025-08-01T20:11:22.156109,sensor.upnp_igd_packets_received,65409921,65410990,"{""state_class"": ""total_increasing"", ""unit_of_measurement"": ""packets"", ""friendly_name"": ""UPNP IGD Packets received""}"
2025-08-01T20:11:22.158256,sensor.upnp_igd_packets_sent,19369506,19369583,"{""state_class"": ""total_increasing"", ""unit_of_measurement"": ""packets"", ""friendly_name"": ""UPNP IGD Packets sent""}"
2025-08-01T20:11:22.160154,sensor.upnp_igd_uptime,906410,906440,"{""unit_of_measurement"": ""s"", ""device_class"": ""duration"", ""friendly_name"": ""UPNP IGD Uptime""}"
2025-08-01T20:11:22.161842,sensor.upnp_igd_download_speed,2.3600408934433,2.36192334654491,"{""state_class"": ""measurement"", ""unit_of_measurement"": ""KiB/s"", ""device_class"": ""data_rate"", ""friendly_name"": ""UPNP IGD Download speed""}"
2025-08-01T20:11:22.163564,sensor.upnp_igd_upload_speed,0.27171020175682,0.612745935437726,"{""state_class"": ""measurement"", ""unit_of_measurement"": ""KiB/s"", ""device_class"": ""data_rate"", ""friendly_name"": ""UPNP IGD Upload speed""}"
2025-08-01T20:11:22.165296,sensor.upnp_igd_packet_download_speed,34.7330728352871,35.6324912187909,"{""state_class"": ""measurement"", ""unit_of_measurement"": ""packets/s"", ""friendly_name"": ""UPNP IGD Packet download speed""}"
2025-08-01T20:11:22.166974,sensor.upnp_igd_packet_upload_speed,1.69998725009562,2.56660600921132,"{""state_class"": ""measurement"", ""unit_of_measurement"": ""packets/s"", ""friendly_name"": ""UPNP IGD Packet upload speed""}"
2025-08-01T20:11:52.148594,sensor.upnp_igd_data_received,3603297249,3603366508,"{""state_class"": ""total_increasing"", ""unit_of_measurement"": ""B"", ""device_class"": ""data_size"", ""friendly_name"": ""UPNP IGD Data received""}"
2025-08-01T20:11:52.151440,sensor.upnp_igd_data_sent,1042960877,1042968791,"{""state_class"": ""total_increasing"", ""unit_of_measurement"": ""B"", ""device_class"": ""data_size"", ""friendly_name"": ""UPNP IGD Data sent""}"
2025-08-01T20:11:52.152957,sensor.upnp_igd_packets_received,65410990,65411994,"{""state_class"": ""total_increasing"", ""unit_of_measurement"": ""packets"", ""friendly_name"": ""UPNP IGD Packets received""}"
2025-08-01T20:11:52.154384,sensor.upnp_igd_packets_sent,19369583,19369635,"{""state_class"": ""total_increasing"", ""unit_of_measurement"": ""packets"", ""friendly_name"": ""UPNP IGD Packets sent""}"
2025-08-01T20:11:52.156147,sensor.upnp_igd_uptime,906440,906470,"{""unit_of_measurement"": ""s"", ""device_class"": ""duration"", ""friendly_name"": ""UPNP IGD Uptime""}"
2025-08-01T20:11:52.157734,sensor.upnp_igd_download_speed,2.36192334654491,2.25454736020851,"{""state_class"": ""measurement"", ""unit_of_measurement"": ""KiB/s"", ""device_class"": ""data_rate"", ""friendly_name"": ""UPNP IGD Download speed""}"
2025-08-01T20:11:52.159140,sensor.upnp_igd_upload_speed,0.612745935437726,0.257619772285049,"{""state_class"": ""measurement"", ""unit_of_measurement"": ""KiB/s"", ""device_class"": ""data_rate"", ""friendly_name"": ""UPNP IGD Upload speed""}"
2025-08-01T20:11:52.160627,sensor.upnp_igd_packet_download_speed,35.6324912187909,33.4670024522579,"{""state_class"": ""measurement"", ""unit_of_measurement"": ""packets/s"", ""friendly_name"": ""UPNP IGD Packet download speed""}"
2025-08-01T20:11:52.162049,sensor.upnp_igd_packet_upload_speed,2.56660600921132,1.73335072461894,"{""state_class"": ""measurement"", ""unit_of_measurement"": ""packets/s"", ""friendly_name"": ""UPNP IGD Packet upload speed""}"
2025-08-01T20:12:10.259425,automation.aut_status_bruno,on,on,"{""id"": ""1751855857509"", ""last_triggered"": ""2025-08-01T23:12:10.252921+00:00"", ""mode"": ""single"", ""current"": 1, ""friendly_name"": ""aut-status-bruno""}"
2025-08-01T20:12:10.261655,automation.aut_status_bruno,on,on,"{""id"": ""1751855857509"", ""last_triggered"": ""2025-08-01T23:12:10.252921+00:00"", ""mode"": ""single"", ""current"": 0, ""friendly_name"": ""aut-status-bruno""}"
2025-08-01T20:12:22.204288,sensor.upnp_igd_data_received,3603366508,3603431530,"{""state_class"": ""total_increasing"", ""unit_of_measurement"": ""B"", ""device_class"": ""data_size"", ""friendly_name"": ""UPNP IGD Data received""}"
2025-08-01T20:12:22.208445,sensor.upnp_igd_data_sent,1042968791,1042972511,"{""state_class"": ""total_increasing"", ""unit_of_measurement"": ""B"", ""device_class"": ""data_size"", ""friendly_name"": ""UPNP IGD Data sent""}"
2025-08-01T20:12:22.212067,sensor.upnp_igd_packets_received,65411994,65412984,"{""state_class"": ""total_increasing"", ""unit_of_measurement"": ""packets"", ""friendly_name"": ""UPNP IGD Packets received""}"
2025-08-01T20:12:22.214173,sensor.upnp_igd_packets_sent,19369635,19369674,"{""state_class"": ""total_increasing"", ""unit_of_measurement"": ""packets"", ""friendly_name"": ""UPNP IGD Packets sent""}"
2025-08-01T20:12:22.216130,sensor.upnp_igd_uptime,906470,906500,"{""unit_of_measurement"": ""s"", ""device_class"": ""duration"", ""friendly_name"": ""UPNP IGD Uptime""}"
2025-08-01T20:12:22.218154,sensor.upnp_igd_download_speed,2.25454736020851,2.11652783678035,"{""state_class"": ""measurement"", ""unit_of_measurement"": ""KiB/s"", ""device_class"": ""data_rate"", ""friendly_name"": ""UPNP IGD Download speed""}"
2025-08-01T20:12:22.220752,sensor.upnp_igd_upload_speed,0.257619772285049,0.121089532047967,"{""state_class"": ""measurement"", ""unit_of_measurement"": ""KiB/s"", ""device_class"": ""data_rate"", ""friendly_name"": ""UPNP IGD Upload speed""}"
2025-08-01T20:12:22.222876,sensor.upnp_igd_packet_download_speed,33.4670024522579,32.9988505400395,"{""state_class"": ""measurement"", ""unit_of_measurement"": ""packets/s"", ""friendly_name"": ""UPNP IGD Packet download speed""}"
2025-08-01T20:12:22.225285,sensor.upnp_igd_packet_upload_speed,1.73335072461894,1.29995471824398,"{""state_class"": ""measurement"", ""unit_of_measurement"": ""packets/s"", ""friendly_name"": ""UPNP IGD Packet upload speed""}"
2025-08-01T20:12:52.170309,sensor.upnp_igd_data_received,3603431530,3603498092,"{""state_class"": ""total_increasing"", ""unit_of_measurement"": ""B"", ""device_class"": ""data_size"", ""friendly_name"": ""UPNP IGD Data received""}"
2025-08-01T20:12:52.172875,sensor.upnp_igd_data_sent,1042972511,1042979470,"{""state_class"": ""total_increasing"", ""unit_of_measurement"": ""B"", ""device_class"": ""data_size"", ""friendly_name"": ""UPNP IGD Data sent""}"
2025-08-01T20:12:52.174456,sensor.upnp_igd_packets_received,65412984,65413949,"{""state_class"": ""total_increasing"", ""unit_of_measurement"": ""packets"", ""friendly_name"": ""UPNP IGD Packets received""}"
2025-08-01T20:12:52.175976,sensor.upnp_igd_packets_sent,19369674,19369719,"{""state_class"": ""total_increasing"", ""unit_of_measurement"": ""packets"", ""friendly_name"": ""UPNP IGD Packets sent""}"
2025-08-01T20:12:52.177386,sensor.upnp_igd_uptime,906500,906530,"{""unit_of_measurement"": ""s"", ""device_class"": ""duration"", ""friendly_name"": ""UPNP IGD Uptime""}"
2025-08-01T20:12:52.179086,sensor.upnp_igd_download_speed,2.11652783678035,2.16675524401514,"{""state_class"": ""measurement"", ""unit_of_measurement"": ""KiB/s"", ""device_class"": ""data_rate"", ""friendly_name"": ""UPNP IGD Download speed""}"
2025-08-01T20:12:52.181201,sensor.upnp_igd_upload_speed,0.121089532047967,0.226532402017689,"{""state_class"": ""measurement"", ""unit_of_measurement"": ""KiB/s"", ""device_class"": ""data_rate"", ""friendly_name"": ""UPNP IGD Upload speed""}"
2025-08-01T20:12:52.182784,sensor.upnp_igd_packet_download_speed,32.9988505400395,32.167015142664,"{""state_class"": ""measurement"", ""unit_of_measurement"": ""packets/s"", ""friendly_name"": ""UPNP IGD Packet download speed""}"
2025-08-01T20:12:52.184286,sensor.upnp_igd_packet_upload_speed,1.29995471824398,1.50001625017604,"{""state_class"": ""measurement"", ""unit_of_measurement"": ""packets/s"", ""friendly_name"": ""UPNP IGD Packet upload speed""}"
2025-08-01T20:12:54.146593,camera.192_168_0_33,idle,idle,"{""access_token"": ""634fec78447e8139710c0346113254fc3d75a040ec78ea4bdc5cd74104a5a14f"", ""entity_picture"": ""/api/camera_proxy/camera.192_168_0_33?token=634fec78447e8139710c0346113254fc3d75a040ec78ea4bdc5cd74104a5a14f"", ""friendly_name"": ""192_168_0_14"", ""supported_features"": 2}"
2025-08-01T20:12:54.148489,camera.admin_mainstream,idle,idle,"{""access_token"": ""c5d6c37ff382525d0bcd104b04d46477b3745d19944d070b2b341aec382143b0"", ""entity_picture"": ""/api/camera_proxy/camera.admin_mainstream?token=c5d6c37ff382525d0bcd104b04d46477b3745d19944d070b2b341aec382143b0"", ""friendly_name"": ""admin MainStream"", ""supported_features"": 2}"
2025-08-01T20:12:54.150119,camera.admin_substream,idle,idle,"{""access_token"": ""a6b1bbcdf900efbefa46e5e6c1ec245c0c13748fea92c281c4ad50fad65ac0c6"", ""entity_picture"": ""/api/camera_proxy/camera.admin_substream?token=a6b1bbcdf900efbefa46e5e6c1ec245c0c13748fea92c281c4ad50fad65ac0c6"", ""friendly_name"": ""admin SubStream"", ""supported_features"": 2}"
2025-08-01T20:13:10.259764,automation.aut_status_bruno,on,on,"{""id"": ""1751855857509"", ""last_triggered"": ""2025-08-01T23:13:10.252751+00:00"", ""mode"": ""single"", ""current"": 1, ""friendly_name"": ""aut-status-bruno""}"
2025-08-01T20:13:10.262066,automation.aut_status_bruno,on,on,"{""id"": ""1751855857509"", ""last_triggered"": ""2025-08-01T23:13:10.252751+00:00"", ""mode"": ""single"", ""current"": 0, ""friendly_name"": ""aut-status-bruno""}"
2025-08-01T20:13:22.149422,sensor.upnp_igd_data_received,3603498092,3603563685,"{""state_class"": ""total_increasing"", ""unit_of_measurement"": ""B"", ""device_class"": ""data_size"", ""friendly_name"": ""UPNP IGD Data received""}"
2025-08-01T20:13:22.152297,sensor.upnp_igd_data_sent,1042979470,1042983676,"{""state_class"": ""total_increasing"", ""unit_of_measurement"": ""B"", ""device_class"": ""data_size"", ""friendly_name"": ""UPNP IGD Data sent""}"
2025-08-01T20:13:22.154084,sensor.upnp_igd_packets_received,65413949,65414950,"{""state_class"": ""total_increasing"", ""unit_of_measurement"": ""packets"", ""friendly_name"": ""UPNP IGD Packets received""}"
2025-08-01T20:13:22.155858,sensor.upnp_igd_packets_sent,19369719,19369761,"{""state_class"": ""total_increasing"", ""unit_of_measurement"": ""packets"", ""friendly_name"": ""UPNP IGD Packets sent""}"
2025-08-01T20:13:22.157532,sensor.upnp_igd_uptime,906530,906560,"{""unit_of_measurement"": ""s"", ""device_class"": ""duration"", ""friendly_name"": ""UPNP IGD Uptime""}"
2025-08-01T20:13:22.159076,sensor.upnp_igd_download_speed,2.16675524401514,2.1352446031423,"{""state_class"": ""measurement"", ""unit_of_measurement"": ""KiB/s"", ""device_class"": ""data_rate"", ""friendly_name"": ""UPNP IGD Download speed""}"
2025-08-01T20:13:22.160544,sensor.upnp_igd_upload_speed,0.226532402017689,0.136917640614341,"{""state_class"": ""measurement"", ""unit_of_measurement"": ""KiB/s"", ""device_class"": ""data_rate"", ""friendly_name"": ""UPNP IGD Upload speed""}"
2025-08-01T20:13:22.161916,sensor.upnp_igd_packet_download_speed,32.167015142664,33.3675386716773,"{""state_class"": ""measurement"", ""unit_of_measurement"": ""packets/s"", ""friendly_name"": ""UPNP IGD Packet download speed""}"
2025-08-01T20:13:22.163354,sensor.upnp_igd_packet_upload_speed,1.50001625017604,1.40003658762282,"{""state_class"": ""measurement"", ""unit_of_measurement"": ""packets/s"", ""friendly_name"": ""UPNP IGD Packet upload speed""}"
2025-08-01T20:13:52.147563,sensor.upnp_igd_data_received,3603563685,3603907575,"{""state_class"": ""total_increasing"", ""unit_of_measurement"": ""B"", ""device_class"": ""data_size"", ""friendly_name"": ""UPNP IGD Data received""}"
2025-08-01T20:13:52.150284,sensor.upnp_igd_data_sent,1042983676,1043000059,"{""state_class"": ""total_increasing"", ""unit_of_measurement"": ""B"", ""device_class"": ""data_size"", ""friendly_name"": ""UPNP IGD Data sent""}"
2025-08-01T20:13:52.151852,sensor.upnp_igd_packets_received,65414950,65416115,"{""state_class"": ""total_increasing"", ""unit_of_measurement"": ""packets"", ""friendly_name"": ""UPNP IGD Packets received""}"
2025-08-01T20:13:52.153315,sensor.upnp_igd_packets_sent,19369761,19369903,"{""state_class"": ""total_increasing"", ""unit_of_measurement"": ""packets"", ""friendly_name"": ""UPNP IGD Packets sent""}"
2025-08-01T20:13:52.154817,sensor.upnp_igd_uptime,906560,906590,"{""unit_of_measurement"": ""s"", ""device_class"": ""duration"", ""friendly_name"": ""UPNP IGD Uptime""}"
2025-08-01T20:13:52.156391,sensor.upnp_igd_download_speed,2.1352446031423,11.1945829646308,"{""state_class"": ""measurement"", ""unit_of_measurement"": ""KiB/s"", ""device_class"": ""data_rate"", ""friendly_name"": ""UPNP IGD Download speed""}"
2025-08-01T20:13:52.157846,sensor.upnp_igd_upload_speed,0.136917640614341,0.533312549680263,"{""state_class"": ""measurement"", ""unit_of_measurement"": ""KiB/s"", ""device_class"": ""data_rate"", ""friendly_name"": ""UPNP IGD Upload speed""}"
2025-08-01T20:13:52.159362,sensor.upnp_igd_packet_download_speed,33.3675386716773,38.8341902744654,"{""state_class"": ""measurement"", ""unit_of_measurement"": ""packets/s"", ""friendly_name"": ""UPNP IGD Packet download speed""}"
2025-08-01T20:13:52.160782,sensor.upnp_igd_packet_upload_speed,1.40003658762282,4.73343778452711,"{""state_class"": ""measurement"", ""unit_of_measurement"": ""packets/s"", ""friendly_name"": ""UPNP IGD Packet upload speed""}"
2025-08-01T20:14:10.259608,automation.aut_status_bruno,on,on,"{""id"": ""1751855857509"", ""last_triggered"": ""2025-08-01T23:14:10.253067+00:00"", ""mode"": ""single"", ""current"": 1, ""friendly_name"": ""aut-status-bruno""}"
2025-08-01T20:14:10.262835,automation.aut_status_bruno,on,on,"{""id"": ""1751855857509"", ""last_triggered"": ""2025-08-01T23:14:10.253067+00:00"", ""mode"": ""single"", ""current"": 0, ""friendly_name"": ""aut-status-bruno""}"
2025-08-01T20:14:22.147877,sensor.upnp_igd_data_received,3603907575,3603977829,"{""state_class"": ""total_increasing"", ""unit_of_measurement"": ""B"", ""device_class"": ""data_size"", ""friendly_name"": ""UPNP IGD Data received""}"
2025-08-01T20:14:22.150392,sensor.upnp_igd_data_sent,1043000059,1043012299,"{""state_class"": ""total_increasing"", ""unit_of_measurement"": ""B"", ""device_class"": ""data_size"", ""friendly_name"": ""UPNP IGD Data sent""}"
2025-08-01T20:14:22.151973,sensor.upnp_igd_packets_received,65416115,65417113,"{""state_class"": ""total_increasing"", ""unit_of_measurement"": ""packets"", ""friendly_name"": ""UPNP IGD Packets received""}"
2025-08-01T20:14:22.153408,sensor.upnp_igd_packets_sent,19369903,19369956,"{""state_class"": ""total_increasing"", ""unit_of_measurement"": ""packets"", ""friendly_name"": ""UPNP IGD Packets sent""}"
2025-08-01T20:14:22.154713,sensor.upnp_igd_uptime,906590,906620,"{""unit_of_measurement"": ""s"", ""device_class"": ""duration"", ""friendly_name"": ""UPNP IGD Uptime""}"
2025-08-01T20:14:22.156170,sensor.upnp_igd_download_speed,11.1945829646308,2.28691269035239,"{""state_class"": ""measurement"", ""unit_of_measurement"": ""KiB/s"", ""device_class"": ""data_rate"", ""friendly_name"": ""UPNP IGD Download speed""}"
2025-08-01T20:14:22.157594,sensor.upnp_igd_upload_speed,0.533312549680263,0.398437260937643,"{""state_class"": ""measurement"", ""unit_of_measurement"": ""KiB/s"", ""device_class"": ""data_rate"", ""friendly_name"": ""UPNP IGD Upload speed""}"
2025-08-01T20:14:22.158986,sensor.upnp_igd_packet_download_speed,38.8341902744654,33.2666467066786,"{""state_class"": ""measurement"", ""unit_of_measurement"": ""packets/s"", ""friendly_name"": ""UPNP IGD Packet download speed""}"
2025-08-01T20:14:22.160466,sensor.upnp_igd_packet_upload_speed,4.73343778452711,1.7666656066673,"{""state_class"": ""measurement"", ""unit_of_measurement"": ""packets/s"", ""friendly_name"": ""UPNP IGD Packet upload speed""}"
2025-08-01T20:14:52.149579,sensor.upnp_igd_data_received,3603977829,3604047444,"{""state_class"": ""total_increasing"", ""unit_of_measurement"": ""B"", ""device_class"": ""data_size"", ""friendly_name"": ""UPNP IGD Data received""}"
2025-08-01T20:14:52.152482,sensor.upnp_igd_data_sent,1043012299,1043019533,"{""state_class"": ""total_increasing"", ""unit_of_measurement"": ""B"", ""device_class"": ""data_size"", ""friendly_name"": ""UPNP IGD Data sent""}"
2025-08-01T20:14:52.154155,sensor.upnp_igd_packets_received,65417113,65418123,"{""state_class"": ""total_increasing"", ""unit_of_measurement"": ""packets"", ""friendly_name"": ""UPNP IGD Packets received""}"
2025-08-01T20:14:52.155713,sensor.upnp_igd_packets_sent,19369956,19370002,"{""state_class"": ""total_increasing"", ""unit_of_measurement"": ""packets"", ""friendly_name"": ""UPNP IGD Packets sent""}"
2025-08-01T20:14:52.157071,sensor.upnp_igd_uptime,906620,906650,"{""unit_of_measurement"": ""s"", ""device_class"": ""duration"", ""friendly_name"": ""UPNP IGD Uptime""}"
2025-08-01T20:14:52.158495,sensor.upnp_igd_download_speed,2.28691269035239,2.26607098125835,"{""state_class"": ""measurement"", ""unit_of_measurement"": ""KiB/s"", ""device_class"": ""data_rate"", ""friendly_name"": ""UPNP IGD Download speed""}"
2025-08-01T20:14:52.159978,sensor.upnp_igd_upload_speed,0.398437260937643,0.235477375255662,"{""state_class"": ""measurement"", ""unit_of_measurement"": ""KiB/s"", ""device_class"": ""data_rate"", ""friendly_name"": ""UPNP IGD Upload speed""}"
2025-08-01T20:14:52.161375,sensor.upnp_igd_packet_download_speed,33.2666467066786,33.666038233953,"{""state_class"": ""measurement"", ""unit_of_measurement"": ""packets/s"", ""friendly_name"": ""UPNP IGD Packet download speed""}"
2025-08-01T20:14:52.162796,sensor.upnp_igd_packet_upload_speed,1.7666656066673,1.53330471164538,"{""state_class"": ""measurement"", ""unit_of_measurement"": ""packets/s"", ""friendly_name"": ""UPNP IGD Packet upload speed""}"
2025-08-01T20:15:10.258835,automation.aut_status_bruno,on,on,"{""id"": ""1751855857509"", ""last_triggered"": ""2025-08-01T23:15:10.252219+00:00"", ""mode"": ""single"", ""current"": 1, ""friendly_name"": ""aut-status-bruno""}"
2025-08-01T20:15:10.261196,automation.aut_status_bruno,on,on,"{""id"": ""1751855857509"", ""last_triggered"": ""2025-08-01T23:15:10.252219+00:00"", ""mode"": ""single"", ""current"": 0, ""friendly_name"": ""aut-status-bruno""}"
2025-08-01T20:15:22.151805,sensor.upnp_igd_data_received,3604047444,3604111081,"{""state_class"": ""total_increasing"", ""unit_of_measurement"": ""B"", ""device_class"": ""data_size"", ""friendly_name"": ""UPNP IGD Data received""}"
2025-08-01T20:15:22.153374,sensor.upnp_igd_data_sent,1043019533,1043022724,"{""state_class"": ""total_increasing"", ""unit_of_measurement"": ""B"", ""device_class"": ""data_size"", ""friendly_name"": ""UPNP IGD Data sent""}"
2025-08-01T20:15:22.154851,sensor.upnp_igd_packets_received,65418123,65419096,"{""state_class"": ""total_increasing"", ""unit_of_measurement"": ""packets"", ""friendly_name"": ""UPNP IGD Packets received""}"
2025-08-01T20:15:22.156388,sensor.upnp_igd_packets_sent,19370002,19370037,"{""state_class"": ""total_increasing"", ""unit_of_measurement"": ""packets"", ""friendly_name"": ""UPNP IGD Packets sent""}"
2025-08-01T20:15:22.157781,sensor.upnp_igd_uptime,906650,906680,"{""unit_of_measurement"": ""s"", ""device_class"": ""duration"", ""friendly_name"": ""UPNP IGD Uptime""}"
2025-08-01T20:15:22.159179,sensor.upnp_igd_download_speed,2.26607098125835,2.07155400790007,"{""state_class"": ""measurement"", ""unit_of_measurement"": ""KiB/s"", ""device_class"": ""data_rate"", ""friendly_name"": ""UPNP IGD Download speed""}"
2025-08-01T20:15:22.160618,sensor.upnp_igd_upload_speed,0.235477375255662,0.103875557289142,"{""state_class"": ""measurement"", ""unit_of_measurement"": ""KiB/s"", ""device_class"": ""data_rate"", ""friendly_name"": ""UPNP IGD Upload speed""}"
2025-08-01T20:15:22.162052,sensor.upnp_igd_packet_download_speed,33.666038233953,32.4339139003921,"{""state_class"": ""measurement"", ""unit_of_measurement"": ""packets/s"", ""friendly_name"": ""UPNP IGD Packet download speed""}"
2025-08-01T20:15:22.163480,sensor.upnp_igd_packet_upload_speed,1.53330471164538,1.16668755037382,"{""state_class"": ""measurement"", ""unit_of_measurement"": ""packets/s"", ""friendly_name"": ""UPNP IGD Packet upload speed""}"
2025-08-01T20:15:45.712314,sensor.tauntaum_energy,229.193,229.196,"{""state_class"": ""total_increasing"", ""unit_of_measurement"": ""kWh"", ""device_class"": ""energy"", ""friendly_name"": ""Tauntaum Energy""}"
2025-08-01T20:15:45.714253,sensor.tauntaum_power,35,35,"{""state_class"": ""measurement"", ""power_consumption_start"": ""2025-08-01T23:11:07Z"", ""power_consumption_end"": ""2025-08-01T23:15:45Z"", ""unit_of_measurement"": ""W"", ""device_class"": ""power"", ""friendly_name"": ""Tauntaum Power""}"
2025-08-01T20:15:45.715864,sensor.tauntaum_energy_difference,0.006,0.003,"{""state_class"": ""total"", ""unit_of_measurement"": ""kWh"", ""device_class"": ""energy"", ""friendly_name"": ""Tauntaum Energy difference""}"
2025-08-01T20:15:45.717312,sensor.tauntaum_power_energy,0.00624064333266682,0.00270935972266727,"{""state_class"": ""total"", ""unit_of_measurement"": ""kWh"", ""device_class"": ""energy"", ""friendly_name"": ""Tauntaum Power energy""}"
2025-08-01T20:15:45.718680,sensor.tauntaum_energy_saved,0.001,0.0,"{""state_class"": ""total_increasing"", ""unit_of_measurement"": ""kWh"", ""device_class"": ""energy"", ""friendly_name"": ""Tauntaum Energy saved""}"
2025-08-01T20:15:52.147016,sensor.upnp_igd_data_received,3604111081,3604181585,"{""state_class"": ""total_increasing"", ""unit_of_measurement"": ""B"", ""device_class"": ""data_size"", ""friendly_name"": ""UPNP IGD Data received""}"
2025-08-01T20:15:52.149481,sensor.upnp_igd_data_sent,1043022724,1043030621,"{""state_class"": ""total_increasing"", ""unit_of_measurement"": ""B"", ""device_class"": ""data_size"", ""friendly_name"": ""UPNP IGD Data sent""}"
2025-08-01T20:15:52.151029,sensor.upnp_igd_packets_received,65419096,65420117,"{""state_class"": ""total_increasing"", ""unit_of_measurement"": ""packets"", ""friendly_name"": ""UPNP IGD Packets received""}"
2025-08-01T20:15:52.152531,sensor.upnp_igd_packets_sent,19370037,19370089,"{""state_class"": ""total_increasing"", ""unit_of_measurement"": ""packets"", ""friendly_name"": ""UPNP IGD Packets sent""}"
2025-08-01T20:15:52.153858,sensor.upnp_igd_uptime,906680,906710,"{""unit_of_measurement"": ""s"", ""device_class"": ""duration"", ""friendly_name"": ""UPNP IGD Uptime""}"
2025-08-01T20:15:52.155253,sensor.upnp_igd_download_speed,2.07155400790007,2.29504328566741,"{""state_class"": ""measurement"", ""unit_of_measurement"": ""KiB/s"", ""device_class"": ""data_rate"", ""friendly_name"": ""UPNP IGD Download speed""}"
2025-08-01T20:15:52.156762,sensor.upnp_igd_upload_speed,0.103875557289142,0.257062816675869,"{""state_class"": ""measurement"", ""unit_of_measurement"": ""KiB/s"", ""device_class"": ""data_rate"", ""friendly_name"": ""UPNP IGD Upload speed""}"
2025-08-01T20:15:52.158165,sensor.upnp_igd_packet_download_speed,32.4339139003921,34.0332028727223,"{""state_class"": ""measurement"", ""unit_of_measurement"": ""packets/s"", ""friendly_name"": ""UPNP IGD Packet download speed""}"
2025-08-01T20:15:52.159573,sensor.upnp_igd_packet_upload_speed,1.16668755037382,1.73332668891436,"{""state_class"": ""measurement"", ""unit_of_measurement"": ""packets/s"", ""friendly_name"": ""UPNP IGD Packet upload speed""}"
2025-08-01T20:16:10.259730,automation.aut_status_bruno,on,on,"{""id"": ""1751855857509"", ""last_triggered"": ""2025-08-01T23:16:10.252790+00:00"", ""mode"": ""single"", ""current"": 1, ""friendly_name"": ""aut-status-bruno""}"
2025-08-01T20:16:10.262234,automation.aut_status_bruno,on,on,"{""id"": ""1751855857509"", ""last_triggered"": ""2025-08-01T23:16:10.252790+00:00"", ""mode"": ""single"", ""current"": 0, ""friendly_name"": ""aut-status-bruno""}"
2025-08-01T20:16:22.149457,sensor.upnp_igd_data_received,3604181585,3604250082,"{""state_class"": ""total_increasing"", ""unit_of_measurement"": ""B"", ""device_class"": ""data_size"", ""friendly_name"": ""UPNP IGD Data received""}"
2025-08-01T20:16:22.152366,sensor.upnp_igd_data_sent,1043030621,1043035975,"{""state_class"": ""total_increasing"", ""unit_of_measurement"": ""B"", ""device_class"": ""data_size"", ""friendly_name"": ""UPNP IGD Data sent""}"
2025-08-01T20:16:22.153918,sensor.upnp_igd_packets_received,65420117,65421143,"{""state_class"": ""total_increasing"", ""unit_of_measurement"": ""packets"", ""friendly_name"": ""UPNP IGD Packets received""}"
2025-08-01T20:16:22.155392,sensor.upnp_igd_packets_sent,19370089,19370140,"{""state_class"": ""total_increasing"", ""unit_of_measurement"": ""packets"", ""friendly_name"": ""UPNP IGD Packets sent""}"
2025-08-01T20:16:22.156780,sensor.upnp_igd_uptime,906710,906740,"{""unit_of_measurement"": ""s"", ""device_class"": ""duration"", ""friendly_name"": ""UPNP IGD Uptime""}"
2025-08-01T20:16:22.158201,sensor.upnp_igd_download_speed,2.29504328566741,2.22971447779714,"{""state_class"": ""measurement"", ""unit_of_measurement"": ""KiB/s"", ""device_class"": ""data_rate"", ""friendly_name"": ""UPNP IGD Download speed""}"
2025-08-01T20:16:22.160069,sensor.upnp_igd_upload_speed,0.257062816675869,0.174283418458121,"{""state_class"": ""measurement"", ""unit_of_measurement"": ""KiB/s"", ""device_class"": ""data_rate"", ""friendly_name"": ""UPNP IGD Upload speed""}"
2025-08-01T20:16:22.161807,sensor.upnp_igd_packet_download_speed,34.0332028727223,34.1999145002138,"{""state_class"": ""measurement"", ""unit_of_measurement"": ""packets/s"", ""friendly_name"": ""UPNP IGD Packet download speed""}"
2025-08-01T20:16:22.163259,sensor.upnp_igd_packet_upload_speed,1.73332668891436,1.69999575001063,"{""state_class"": ""measurement"", ""unit_of_measurement"": ""packets/s"", ""friendly_name"": ""UPNP IGD Packet upload speed""}"
2025-08-01T20:16:52.151283,sensor.upnp_igd_data_received,3604250082,3604318025,"{""state_class"": ""total_increasing"", ""unit_of_measurement"": ""B"", ""device_class"": ""data_size"", ""friendly_name"": ""UPNP IGD Data received""}"
2025-08-01T20:16:52.152895,sensor.upnp_igd_data_sent,1043035975,1043043118,"{""state_class"": ""total_increasing"", ""unit_of_measurement"": ""B"", ""device_class"": ""data_size"", ""friendly_name"": ""UPNP IGD Data sent""}"
2025-08-01T20:16:52.154303,sensor.upnp_igd_packets_received,65421143,65422128,"{""state_class"": ""total_increasing"", ""unit_of_measurement"": ""packets"", ""friendly_name"": ""UPNP IGD Packets received""}"
2025-08-01T20:16:52.155852,sensor.upnp_igd_packets_sent,19370140,19370186,"{""state_class"": ""total_increasing"", ""unit_of_measurement"": ""packets"", ""friendly_name"": ""UPNP IGD Packets sent""}"
2025-08-01T20:16:52.157231,sensor.upnp_igd_uptime,906740,906770,"{""unit_of_measurement"": ""s"", ""device_class"": ""duration"", ""friendly_name"": ""UPNP IGD Uptime""}"
2025-08-01T20:16:52.158598,sensor.upnp_igd_download_speed,2.22971447779714,2.2116457247999,"{""state_class"": ""measurement"", ""unit_of_measurement"": ""KiB/s"", ""device_class"": ""data_rate"", ""friendly_name"": ""UPNP IGD Download speed""}"
2025-08-01T20:16:52.160069,sensor.upnp_igd_upload_speed,0.174283418458121,0.232515276220445,"{""state_class"": ""measurement"", ""unit_of_measurement"": ""KiB/s"", ""device_class"": ""data_rate"", ""friendly_name"": ""UPNP IGD Upload speed""}"
2025-08-01T20:16:52.161451,sensor.upnp_igd_packet_download_speed,34.1999145002138,32.8327324943287,"{""state_class"": ""measurement"", ""unit_of_measurement"": ""packets/s"", ""friendly_name"": ""UPNP IGD Packet download speed""}"
2025-08-01T20:16:52.162854,sensor.upnp_igd_packet_upload_speed,1.69999575001063,1.53330527384682,"{""state_class"": ""measurement"", ""unit_of_measurement"": ""packets/s"", ""friendly_name"": ""UPNP IGD Packet upload speed""}"
2025-08-01T20:17:10.260127,automation.aut_status_bruno,on,on,"{""id"": ""1751855857509"", ""last_triggered"": ""2025-08-01T23:17:10.253455+00:00"", ""mode"": ""single"", ""current"": 1, ""friendly_name"": ""aut-status-bruno""}"
2025-08-01T20:17:10.262324,automation.aut_status_bruno,on,on,"{""id"": ""1751855857509"", ""last_triggered"": ""2025-08-01T23:17:10.253455+00:00"", ""mode"": ""single"", ""current"": 0, ""friendly_name"": ""aut-status-bruno""}"
2025-08-01T20:17:22.182361,sensor.upnp_igd_data_received,3604318025,3604382729,"{""state_class"": ""total_increasing"", ""unit_of_measurement"": ""B"", ""device_class"": ""data_size"", ""friendly_name"": ""UPNP IGD Data received""}"
2025-08-01T20:17:22.187544,sensor.upnp_igd_data_sent,1043043118,1043047049,"{""state_class"": ""total_increasing"", ""unit_of_measurement"": ""B"", ""device_class"": ""data_size"", ""friendly_name"": ""UPNP IGD Data sent""}"
2025-08-01T20:17:22.190630,sensor.upnp_igd_packets_received,65422128,65423112,"{""state_class"": ""total_increasing"", ""unit_of_measurement"": ""packets"", ""friendly_name"": ""UPNP IGD Packets received""}"
2025-08-01T20:17:22.193666,sensor.upnp_igd_packets_sent,19370186,19370227,"{""state_class"": ""total_increasing"", ""unit_of_measurement"": ""packets"", ""friendly_name"": ""UPNP IGD Packets sent""}"
2025-08-01T20:17:22.196574,sensor.upnp_igd_uptime,906770,906800,"{""unit_of_measurement"": ""s"", ""device_class"": ""duration"", ""friendly_name"": ""UPNP IGD Uptime""}"
2025-08-01T20:17:22.199383,sensor.upnp_igd_download_speed,2.2116457247999,2.10623939859503,"{""state_class"": ""measurement"", ""unit_of_measurement"": ""KiB/s"", ""device_class"": ""data_rate"", ""friendly_name"": ""UPNP IGD Download speed""}"
2025-08-01T20:17:22.202144,sensor.upnp_igd_upload_speed,0.232515276220445,0.127961595509969,"{""state_class"": ""measurement"", ""unit_of_measurement"": ""KiB/s"", ""device_class"": ""data_rate"", ""friendly_name"": ""UPNP IGD Upload speed""}"
2025-08-01T20:17:22.205174,sensor.upnp_igd_packet_download_speed,32.8327324943287,32.7998349074976,"{""state_class"": ""measurement"", ""unit_of_measurement"": ""packets/s"", ""friendly_name"": ""UPNP IGD Packet download speed""}"
2025-08-01T20:17:22.208235,sensor.upnp_igd_packet_upload_speed,1.53330527384682,1.3666597878124,"{""state_class"": ""measurement"", ""unit_of_measurement"": ""packets/s"", ""friendly_name"": ""UPNP IGD Packet upload speed""}"
2025-08-01T20:17:52.154216,sensor.upnp_igd_data_received,3604382729,3604452224,"{""state_class"": ""total_increasing"", ""unit_of_measurement"": ""B"", ""device_class"": ""data_size"", ""friendly_name"": ""UPNP IGD Data received""}"
2025-08-01T20:17:52.155994,sensor.upnp_igd_data_sent,1043047049,1043054371,"{""state_class"": ""total_increasing"", ""unit_of_measurement"": ""B"", ""device_class"": ""data_size"", ""friendly_name"": ""UPNP IGD Data sent""}"
2025-08-01T20:17:52.157489,sensor.upnp_igd_packets_received,65423112,65424119,"{""state_class"": ""total_increasing"", ""unit_of_measurement"": ""packets"", ""friendly_name"": ""UPNP IGD Packets received""}"
2025-08-01T20:17:52.158889,sensor.upnp_igd_packets_sent,19370227,19370276,"{""state_class"": ""total_increasing"", ""unit_of_measurement"": ""packets"", ""friendly_name"": ""UPNP IGD Packets sent""}"
2025-08-01T20:17:52.160248,sensor.upnp_igd_uptime,906800,906830,"{""unit_of_measurement"": ""s"", ""device_class"": ""duration"", ""friendly_name"": ""UPNP IGD Uptime""}"
2025-08-01T20:17:52.161708,sensor.upnp_igd_download_speed,2.10623939859503,2.26224812875767,"{""state_class"": ""measurement"", ""unit_of_measurement"": ""KiB/s"", ""device_class"": ""data_rate"", ""friendly_name"": ""UPNP IGD Download speed""}"
2025-08-01T20:17:52.163098,sensor.upnp_igd_upload_speed,0.127961595509969,0.238350684204096,"{""state_class"": ""measurement"", ""unit_of_measurement"": ""KiB/s"", ""device_class"": ""data_rate"", ""friendly_name"": ""UPNP IGD Upload speed""}"
2025-08-01T20:17:52.164541,sensor.upnp_igd_packet_download_speed,32.7998349074976,33.5672764721892,"{""state_class"": ""measurement"", ""unit_of_measurement"": ""packets/s"", ""friendly_name"": ""UPNP IGD Packet download speed""}"
2025-08-01T20:17:52.165901,sensor.upnp_igd_packet_upload_speed,1.3666597878124,1.63336300609461,"{""state_class"": ""measurement"", ""unit_of_measurement"": ""packets/s"", ""friendly_name"": ""UPNP IGD Packet upload speed""}"
2025-08-01T20:17:54.147702,camera.192_168_0_33,idle,idle,"{""access_token"": ""5defde1a36de48aa1962ef3be407277ec8abfba134a61183b8c057806e3fae1c"", ""entity_picture"": ""/api/camera_proxy/camera.192_168_0_33?token=5defde1a36de48aa1962ef3be407277ec8abfba134a61183b8c057806e3fae1c"", ""friendly_name"": ""192_168_0_14"", ""supported_features"": 2}"
2025-08-01T20:17:54.149502,camera.admin_mainstream,idle,idle,"{""access_token"": ""23c0f7af8b170c076279dae45123a45d90ba04e8b93124354fda41ab278c0463"", ""entity_picture"": ""/api/camera_proxy/camera.admin_mainstream?token=23c0f7af8b170c076279dae45123a45d90ba04e8b93124354fda41ab278c0463"", ""friendly_name"": ""admin MainStream"", ""supported_features"": 2}"
2025-08-01T20:17:54.151205,camera.admin_substream,idle,idle,"{""access_token"": ""6017bb698b284b37673701bc52abe92f477d95661ab5b463d11403501bacb785"", ""entity_picture"": ""/api/camera_proxy/camera.admin_substream?token=6017bb698b284b37673701bc52abe92f477d95661ab5b463d11403501bacb785"", ""friendly_name"": ""admin SubStream"", ""supported_features"": 2}"
2025-08-01T20:18:10.259509,automation.aut_status_bruno,on,on,"{""id"": ""1751855857509"", ""last_triggered"": ""2025-08-01T23:18:10.252861+00:00"", ""mode"": ""single"", ""current"": 1, ""friendly_name"": ""aut-status-bruno""}"
2025-08-01T20:18:10.261798,automation.aut_status_bruno,on,on,"{""id"": ""1751855857509"", ""last_triggered"": ""2025-08-01T23:18:10.252861+00:00"", ""mode"": ""single"", ""current"": 0, ""friendly_name"": ""aut-status-bruno""}"
2025-08-01T20:18:22.149967,sensor.upnp_igd_data_received,3604452224,3604516857,"{""state_class"": ""total_increasing"", ""unit_of_measurement"": ""B"", ""device_class"": ""data_size"", ""friendly_name"": ""UPNP IGD Data received""}"
2025-08-01T20:18:22.151942,sensor.upnp_igd_data_sent,1043054371,1043058599,"{""state_class"": ""total_increasing"", ""unit_of_measurement"": ""B"", ""device_class"": ""data_size"", ""friendly_name"": ""UPNP IGD Data sent""}"
2025-08-01T20:18:22.153531,sensor.upnp_igd_packets_received,65424119,65425106,"{""state_class"": ""total_increasing"", ""unit_of_measurement"": ""packets"", ""friendly_name"": ""UPNP IGD Packets received""}"
2025-08-01T20:18:22.154929,sensor.upnp_igd_packets_sent,19370276,19370318,"{""state_class"": ""total_increasing"", ""unit_of_measurement"": ""packets"", ""friendly_name"": ""UPNP IGD Packets sent""}"
2025-08-01T20:18:22.156440,sensor.upnp_igd_uptime,906830,906860,"{""unit_of_measurement"": ""s"", ""device_class"": ""duration"", ""friendly_name"": ""UPNP IGD Uptime""}"
2025-08-01T20:18:22.158115,sensor.upnp_igd_download_speed,2.26224812875767,2.10395184658478,"{""state_class"": ""measurement"", ""unit_of_measurement"": ""KiB/s"", ""device_class"": ""data_rate"", ""friendly_name"": ""UPNP IGD Download speed""}"
2025-08-01T20:18:22.159878,sensor.upnp_igd_upload_speed,0.238350684204096,0.137631061645916,"{""state_class"": ""measurement"", ""unit_of_measurement"": ""KiB/s"", ""device_class"": ""data_rate"", ""friendly_name"": ""UPNP IGD Upload speed""}"
2025-08-01T20:18:22.161639,sensor.upnp_igd_packet_download_speed,33.5672764721892,32.9002039812647,"{""state_class"": ""measurement"", ""unit_of_measurement"": ""packets/s"", ""friendly_name"": ""UPNP IGD Packet download speed""}"
2025-08-01T20:18:22.163119,sensor.upnp_igd_packet_upload_speed,1.63336300609461,1.40000868005382,"{""state_class"": ""measurement"", ""unit_of_measurement"": ""packets/s"", ""friendly_name"": ""UPNP IGD Packet upload speed""}"
2025-08-01T20:18:52.150216,sensor.upnp_igd_data_received,3604516857,3605108248,"{""state_class"": ""total_increasing"", ""unit_of_measurement"": ""B"", ""device_class"": ""data_size"", ""friendly_name"": ""UPNP IGD Data received""}"
2025-08-01T20:18:52.152714,sensor.upnp_igd_data_sent,1043058599,1043073206,"{""state_class"": ""total_increasing"", ""unit_of_measurement"": ""B"", ""device_class"": ""data_size"", ""friendly_name"": ""UPNP IGD Data sent""}"
2025-08-01T20:18:52.154363,sensor.upnp_igd_packets_received,65425106,65426480,"{""state_class"": ""total_increasing"", ""unit_of_measurement"": ""packets"", ""friendly_name"": ""UPNP IGD Packets received""}"
2025-08-01T20:18:52.155907,sensor.upnp_igd_packets_sent,19370318,19370449,"{""state_class"": ""total_increasing"", ""unit_of_measurement"": ""packets"", ""friendly_name"": ""UPNP IGD Packets sent""}"
2025-08-01T20:18:52.157290,sensor.upnp_igd_uptime,906860,906890,"{""unit_of_measurement"": ""s"", ""device_class"": ""duration"", ""friendly_name"": ""UPNP IGD Uptime""}"
2025-08-01T20:18:52.158710,sensor.upnp_igd_download_speed,2.10395184658478,19.2509834466054,"{""state_class"": ""measurement"", ""unit_of_measurement"": ""KiB/s"", ""device_class"": ""data_rate"", ""friendly_name"": ""UPNP IGD Download speed""}"
2025-08-01T20:18:52.160142,sensor.upnp_igd_upload_speed,0.137631061645916,0.47548764726647,"{""state_class"": ""measurement"", ""unit_of_measurement"": ""KiB/s"", ""device_class"": ""data_rate"", ""friendly_name"": ""UPNP IGD Upload speed""}"
2025-08-01T20:18:52.161515,sensor.upnp_igd_packet_download_speed,32.9002039812647,45.7999389334148,"{""state_class"": ""measurement"", ""unit_of_measurement"": ""packets/s"", ""friendly_name"": ""UPNP IGD Packet download speed""}"
2025-08-01T20:18:52.162919,sensor.upnp_igd_packet_upload_speed,1.40000868005382,4.36666084445221,"{""state_class"": ""measurement"", ""unit_of_measurement"": ""packets/s"", ""friendly_name"": ""UPNP IGD Packet upload speed""}"
2025-08-01T20:19:10.260392,automation.aut_status_bruno,on,on,"{""id"": ""1751855857509"", ""last_triggered"": ""2025-08-01T23:19:10.252944+00:00"", ""mode"": ""single"", ""current"": 1, ""friendly_name"": ""aut-status-bruno""}"
2025-08-01T20:19:10.262524,automation.aut_status_bruno,on,on,"{""id"": ""1751855857509"", ""last_triggered"": ""2025-08-01T23:19:10.252944+00:00"", ""mode"": ""single"", ""current"": 0, ""friendly_name"": ""aut-status-bruno""}"
2025-08-01T20:19:22.168364,sensor.upnp_igd_data_received,3605108248,3605173762,"{""state_class"": ""total_increasing"", ""unit_of_measurement"": ""B"", ""device_class"": ""data_size"", ""friendly_name"": ""UPNP IGD Data received""}"
2025-08-01T20:19:22.171182,sensor.upnp_igd_data_sent,1043073206,1043076841,"{""state_class"": ""total_increasing"", ""unit_of_measurement"": ""B"", ""device_class"": ""data_size"", ""friendly_name"": ""UPNP IGD Data sent""}"
2025-08-01T20:19:22.172723,sensor.upnp_igd_packets_received,65426480,65427478,"{""state_class"": ""total_increasing"", ""unit_of_measurement"": ""packets"", ""friendly_name"": ""UPNP IGD Packets received""}"
2025-08-01T20:19:22.174163,sensor.upnp_igd_packets_sent,19370449,19370489,"{""state_class"": ""total_increasing"", ""unit_of_measurement"": ""packets"", ""friendly_name"": ""UPNP IGD Packets sent""}"
2025-08-01T20:19:22.175603,sensor.upnp_igd_uptime,906890,906920,"{""unit_of_measurement"": ""s"", ""device_class"": ""duration"", ""friendly_name"": ""UPNP IGD Uptime""}"
2025-08-01T20:19:22.177058,sensor.upnp_igd_download_speed,19.2509834466054,2.13253671978111,"{""state_class"": ""measurement"", ""unit_of_measurement"": ""KiB/s"", ""device_class"": ""data_rate"", ""friendly_name"": ""UPNP IGD Download speed""}"
2025-08-01T20:19:22.178459,sensor.upnp_igd_upload_speed,0.47548764726647,0.118322358219683,"{""state_class"": ""measurement"", ""unit_of_measurement"": ""KiB/s"", ""device_class"": ""data_rate"", ""friendly_name"": ""UPNP IGD Upload speed""}"
2025-08-01T20:19:22.179920,sensor.upnp_igd_packet_download_speed,45.7999389334148,33.2654114518079,"{""state_class"": ""measurement"", ""unit_of_measurement"": ""packets/s"", ""friendly_name"": ""UPNP IGD Packet download speed""}"
2025-08-01T20:19:22.181319,sensor.upnp_igd_packet_upload_speed,4.36666084445221,1.33328302412056,"{""state_class"": ""measurement"", ""unit_of_measurement"": ""packets/s"", ""friendly_name"": ""UPNP IGD Packet upload speed""}"
2025-08-01T20:19:52.150823,sensor.upnp_igd_data_received,3605173762,3605242505,"{""state_class"": ""total_increasing"", ""unit_of_measurement"": ""B"", ""device_class"": ""data_size"", ""friendly_name"": ""UPNP IGD Data received""}"
2025-08-01T20:19:52.152789,sensor.upnp_igd_data_sent,1043076841,1043084537,"{""state_class"": ""total_increasing"", ""unit_of_measurement"": ""B"", ""device_class"": ""data_size"", ""friendly_name"": ""UPNP IGD Data sent""}"
2025-08-01T20:19:52.154248,sensor.upnp_igd_packets_received,65427478,65428461,"{""state_class"": ""total_increasing"", ""unit_of_measurement"": ""packets"", ""friendly_name"": ""UPNP IGD Packets received""}"
2025-08-01T20:19:52.155699,sensor.upnp_igd_packets_sent,19370489,19370544,"{""state_class"": ""total_increasing"", ""unit_of_measurement"": ""packets"", ""friendly_name"": ""UPNP IGD Packets sent""}"
2025-08-01T20:19:52.157066,sensor.upnp_igd_uptime,906920,906950,"{""unit_of_measurement"": ""s"", ""device_class"": ""duration"", ""friendly_name"": ""UPNP IGD Uptime""}"
2025-08-01T20:19:52.158446,sensor.upnp_igd_download_speed,2.13253671978111,2.23779410328879,"{""state_class"": ""measurement"", ""unit_of_measurement"": ""KiB/s"", ""device_class"": ""data_rate"", ""friendly_name"": ""UPNP IGD Download speed""}"
2025-08-01T20:19:52.159871,sensor.upnp_igd_upload_speed,0.118322358219683,0.250528248969503,"{""state_class"": ""measurement"", ""unit_of_measurement"": ""KiB/s"", ""device_class"": ""data_rate"", ""friendly_name"": ""UPNP IGD Upload speed""}"
2025-08-01T20:19:52.161432,sensor.upnp_igd_packet_download_speed,33.2654114518079,32.7676365887097,"{""state_class"": ""measurement"", ""unit_of_measurement"": ""packets/s"", ""friendly_name"": ""UPNP IGD Packet download speed""}"
2025-08-01T20:19:52.163642,sensor.upnp_igd_packet_upload_speed,1.33328302412056,1.83338760160634,"{""state_class"": ""measurement"", ""unit_of_measurement"": ""packets/s"", ""friendly_name"": ""UPNP IGD Packet upload speed""}"
2025-08-01T20:20:10.271050,automation.aut_status_bruno,on,on,"{""id"": ""1751855857509"", ""last_triggered"": ""2025-08-01T23:20:10.253129+00:00"", ""mode"": ""single"", ""current"": 1, ""friendly_name"": ""aut-status-bruno""}"
2025-08-01T20:20:10.276661,automation.aut_status_bruno,on,on,"{""id"": ""1751855857509"", ""last_triggered"": ""2025-08-01T23:20:10.253129+00:00"", ""mode"": ""single"", ""current"": 0, ""friendly_name"": ""aut-status-bruno""}"
2025-08-01T20:20:22.148474,sensor.upnp_igd_data_received,3605242505,3605308112,"{""state_class"": ""total_increasing"", ""unit_of_measurement"": ""B"", ""device_class"": ""data_size"", ""friendly_name"": ""UPNP IGD Data received""}"
2025-08-01T20:20:22.150971,sensor.upnp_igd_data_sent,1043084537,1043089485,"{""state_class"": ""total_increasing"", ""unit_of_measurement"": ""B"", ""device_class"": ""data_size"", ""friendly_name"": ""UPNP IGD Data sent""}"
2025-08-01T20:20:22.152694,sensor.upnp_igd_packets_received,65428461,65429449,"{""state_class"": ""total_increasing"", ""unit_of_measurement"": ""packets"", ""friendly_name"": ""UPNP IGD Packets received""}"
2025-08-01T20:20:22.154229,sensor.upnp_igd_packets_sent,19370544,19370591,"{""state_class"": ""total_increasing"", ""unit_of_measurement"": ""packets"", ""friendly_name"": ""UPNP IGD Packets sent""}"
2025-08-01T20:20:22.155691,sensor.upnp_igd_uptime,906950,906980,"{""unit_of_measurement"": ""s"", ""device_class"": ""duration"", ""friendly_name"": ""UPNP IGD Uptime""}"
2025-08-01T20:20:22.157174,sensor.upnp_igd_download_speed,2.23779410328879,2.13564381936873,"{""state_class"": ""measurement"", ""unit_of_measurement"": ""KiB/s"", ""device_class"": ""data_rate"", ""friendly_name"": ""UPNP IGD Download speed""}"
2025-08-01T20:20:22.158610,sensor.upnp_igd_upload_speed,0.250528248969503,0.161067654644115,"{""state_class"": ""measurement"", ""unit_of_measurement"": ""KiB/s"", ""device_class"": ""data_rate"", ""friendly_name"": ""UPNP IGD Upload speed""}"
2025-08-01T20:20:22.160049,sensor.upnp_igd_packet_download_speed,32.7676365887097,32.9333223555592,"{""state_class"": ""measurement"", ""unit_of_measurement"": ""packets/s"", ""friendly_name"": ""UPNP IGD Packet download speed""}"
2025-08-01T20:20:22.161445,sensor.upnp_igd_packet_upload_speed,1.83338760160634,1.56666614444462,"{""state_class"": ""measurement"", ""unit_of_measurement"": ""packets/s"", ""friendly_name"": ""UPNP IGD Packet upload speed""}"
2025-08-01T20:20:30.559536,sun.sun,below_horizon,below_horizon,"{""next_dawn"": ""2025-08-02T08:31:09.736771+00:00"", ""next_dusk"": ""2025-08-02T20:49:37.368246+00:00"", ""next_midnight"": ""2025-08-02T02:40:20+00:00"", ""next_noon"": ""2025-08-02T14:40:22+00:00"", ""next_rising"": ""2025-08-02T08:53:48.246946+00:00"", ""next_setting"": ""2025-08-02T20:26:59.292686+00:00"", ""elevation"": -41.71, ""azimuth"": 282.32, ""rising"": false, ""friendly_name"": ""Sun""}"
2025-08-01T20:20:52.148228,sensor.upnp_igd_data_received,3605308112,3605378119,"{""state_class"": ""total_increasing"", ""unit_of_measurement"": ""B"", ""device_class"": ""data_size"", ""friendly_name"": ""UPNP IGD Data received""}"
2025-08-01T20:20:52.152094,sensor.upnp_igd_data_sent,1043089485,1043096677,"{""state_class"": ""total_increasing"", ""unit_of_measurement"": ""B"", ""device_class"": ""data_size"", ""friendly_name"": ""UPNP IGD Data sent""}"
2025-08-01T20:20:52.153572,sensor.upnp_igd_packets_received,65429449,65430466,"{""state_class"": ""total_increasing"", ""unit_of_measurement"": ""packets"", ""friendly_name"": ""UPNP IGD Packets received""}"
2025-08-01T20:20:52.154947,sensor.upnp_igd_packets_sent,19370591,19370639,"{""state_class"": ""total_increasing"", ""unit_of_measurement"": ""packets"", ""friendly_name"": ""UPNP IGD Packets sent""}"
2025-08-01T20:20:52.156353,sensor.upnp_igd_uptime,906980,907010,"{""unit_of_measurement"": ""s"", ""device_class"": ""duration"", ""friendly_name"": ""UPNP IGD Uptime""}"
2025-08-01T20:20:52.157793,sensor.upnp_igd_download_speed,2.13564381936873,2.27888706738746,"{""state_class"": ""measurement"", ""unit_of_measurement"": ""KiB/s"", ""device_class"": ""data_rate"", ""friendly_name"": ""UPNP IGD Download speed""}"
2025-08-01T20:20:52.159152,sensor.upnp_igd_upload_speed,0.161067654644115,0.234115956813613,"{""state_class"": ""measurement"", ""unit_of_measurement"": ""KiB/s"", ""device_class"": ""data_rate"", ""friendly_name"": ""UPNP IGD Upload speed""}"
2025-08-01T20:20:52.160676,sensor.upnp_igd_packet_download_speed,32.9333223555592,33.9001988811668,"{""state_class"": ""measurement"", ""unit_of_measurement"": ""packets/s"", ""friendly_name"": ""UPNP IGD Packet download speed""}"
2025-08-01T20:20:52.162278,sensor.upnp_igd_packet_upload_speed,1.56666614444462,1.60000938672174,"{""state_class"": ""measurement"", ""unit_of_measurement"": ""packets/s"", ""friendly_name"": ""UPNP IGD Packet upload speed""}"
2025-08-01T20:21:10.259995,automation.aut_status_bruno,on,on,"{""id"": ""1751855857509"", ""last_triggered"": ""2025-08-01T23:21:10.252638+00:00"", ""mode"": ""single"", ""current"": 1, ""friendly_name"": ""aut-status-bruno""}"
2025-08-01T20:21:10.261815,automation.aut_status_bruno,on,on,"{""id"": ""1751855857509"", ""last_triggered"": ""2025-08-01T23:21:10.252638+00:00"", ""mode"": ""single"", ""current"": 0, ""friendly_name"": ""aut-status-bruno""}"
2025-08-01T20:21:22.153806,sensor.upnp_igd_data_received,3605378119,3605443736,"{""state_class"": ""total_increasing"", ""unit_of_measurement"": ""B"", ""device_class"": ""data_size"", ""friendly_name"": ""UPNP IGD Data received""}"
2025-08-01T20:21:22.155191,sensor.upnp_igd_data_sent,1043096677,1043101567,"{""state_class"": ""total_increasing"", ""unit_of_measurement"": ""B"", ""device_class"": ""data_size"", ""friendly_name"": ""UPNP IGD Data sent""}"
2025-08-01T20:21:22.156734,sensor.upnp_igd_packets_received,65430466,65431447,"{""state_class"": ""total_increasing"", ""unit_of_measurement"": ""packets"", ""friendly_name"": ""UPNP IGD Packets received""}"
2025-08-01T20:21:22.158267,sensor.upnp_igd_packets_sent,19370639,19370685,"{""state_class"": ""total_increasing"", ""unit_of_measurement"": ""packets"", ""friendly_name"": ""UPNP IGD Packets sent""}"
2025-08-01T20:21:22.159726,sensor.upnp_igd_uptime,907010,907040,"{""unit_of_measurement"": ""s"", ""device_class"": ""duration"", ""friendly_name"": ""UPNP IGD Uptime""}"
2025-08-01T20:21:22.161170,sensor.upnp_igd_download_speed,2.27888706738746,2.13586632017572,"{""state_class"": ""measurement"", ""unit_of_measurement"": ""KiB/s"", ""device_class"": ""data_rate"", ""friendly_name"": ""UPNP IGD Download speed""}"
2025-08-01T20:21:22.162666,sensor.upnp_igd_upload_speed,0.234115956813613,0.159171957048619,"{""state_class"": ""measurement"", ""unit_of_measurement"": ""KiB/s"", ""device_class"": ""data_rate"", ""friendly_name"": ""UPNP IGD Upload speed""}"
2025-08-01T20:21:22.164148,sensor.upnp_igd_packet_download_speed,33.9001988811668,32.6984119471264,"{""state_class"": ""measurement"", ""unit_of_measurement"": ""packets/s"", ""friendly_name"": ""UPNP IGD Packet download speed""}"
2025-08-01T20:21:22.165520,sensor.upnp_igd_packet_upload_speed,1.60000938672174,1.53325886806097,"{""state_class"": ""measurement"", ""unit_of_measurement"": ""packets/s"", ""friendly_name"": ""UPNP IGD Packet upload speed""}"
2025-08-01T20:21:52.152379,sensor.upnp_igd_data_received,3605443736,3605522834,"{""state_class"": ""total_increasing"", ""unit_of_measurement"": ""B"", ""device_class"": ""data_size"", ""friendly_name"": ""UPNP IGD Data received""}"
2025-08-01T20:21:52.155464,sensor.upnp_igd_data_sent,1043101567,1043113339,"{""state_class"": ""total_increasing"", ""unit_of_measurement"": ""B"", ""device_class"": ""data_size"", ""friendly_name"": ""UPNP IGD Data sent""}"
2025-08-01T20:21:52.157783,sensor.upnp_igd_packets_received,65431447,65432495,"{""state_class"": ""total_increasing"", ""unit_of_measurement"": ""packets"", ""friendly_name"": ""UPNP IGD Packets received""}"
2025-08-01T20:21:52.159703,sensor.upnp_igd_packets_sent,19370685,19370760,"{""state_class"": ""total_increasing"", ""unit_of_measurement"": ""packets"", ""friendly_name"": ""UPNP IGD Packets sent""}"
2025-08-01T20:21:52.161470,sensor.upnp_igd_uptime,907040,907070,"{""unit_of_measurement"": ""s"", ""device_class"": ""duration"", ""friendly_name"": ""UPNP IGD Uptime""}"
2025-08-01T20:21:52.163144,sensor.upnp_igd_download_speed,2.13586632017572,2.57490141796327,"{""state_class"": ""measurement"", ""unit_of_measurement"": ""KiB/s"", ""device_class"": ""data_rate"", ""friendly_name"": ""UPNP IGD Download speed""}"
2025-08-01T20:21:52.164887,sensor.upnp_igd_upload_speed,0.159171957048619,0.38321752120488,"{""state_class"": ""measurement"", ""unit_of_measurement"": ""KiB/s"", ""device_class"": ""data_rate"", ""friendly_name"": ""UPNP IGD Upload speed""}"
2025-08-01T20:21:52.166564,sensor.upnp_igd_packet_download_speed,32.6984119471264,34.9346457115239,"{""state_class"": ""measurement"", ""unit_of_measurement"": ""packets/s"", ""friendly_name"": ""UPNP IGD Packet download speed""}"
2025-08-01T20:21:52.168413,sensor.upnp_igd_packet_upload_speed,1.53325886806097,2.50009392019494,"{""state_class"": ""measurement"", ""unit_of_measurement"": ""packets/s"", ""friendly_name"": ""UPNP IGD Packet upload speed""}"
2025-08-01T20:22:10.261333,automation.aut_status_bruno,on,on,"{""id"": ""1751855857509"", ""last_triggered"": ""2025-08-01T23:22:10.253130+00:00"", ""mode"": ""single"", ""current"": 1, ""friendly_name"": ""aut-status-bruno""}"
2025-08-01T20:22:10.264442,automation.aut_status_bruno,on,on,"{""id"": ""1751855857509"", ""last_triggered"": ""2025-08-01T23:22:10.253130+00:00"", ""mode"": ""single"", ""current"": 0, ""friendly_name"": ""aut-status-bruno""}"
2025-08-01T20:22:22.147896,sensor.upnp_igd_data_received,3605522834,3605593063,"{""state_class"": ""total_increasing"", ""unit_of_measurement"": ""B"", ""device_class"": ""data_size"", ""friendly_name"": ""UPNP IGD Data received""}"
2025-08-01T20:22:22.151104,sensor.upnp_igd_data_sent,1043113339,1043121969,"{""state_class"": ""total_increasing"", ""unit_of_measurement"": ""B"", ""device_class"": ""data_size"", ""friendly_name"": ""UPNP IGD Data sent""}"
2025-08-01T20:22:22.152714,sensor.upnp_igd_packets_received,65432495,65433509,"{""state_class"": ""total_increasing"", ""unit_of_measurement"": ""packets"", ""friendly_name"": ""UPNP IGD Packets received""}"
2025-08-01T20:22:22.154141,sensor.upnp_igd_packets_sent,19370760,19370818,"{""state_class"": ""total_increasing"", ""unit_of_measurement"": ""packets"", ""friendly_name"": ""UPNP IGD Packets sent""}"
2025-08-01T20:22:22.155506,sensor.upnp_igd_uptime,907070,907100,"{""unit_of_measurement"": ""s"", ""device_class"": ""duration"", ""friendly_name"": ""UPNP IGD Uptime""}"
2025-08-01T20:22:22.156934,sensor.upnp_igd_download_speed,2.57490141796327,2.28610292753675,"{""state_class"": ""measurement"", ""unit_of_measurement"": ""KiB/s"", ""device_class"": ""data_rate"", ""friendly_name"": ""UPNP IGD Download speed""}"
2025-08-01T20:22:22.158331,sensor.upnp_igd_upload_speed,0.38321752120488,0.280924806912275,"{""state_class"": ""measurement"", ""unit_of_measurement"": ""KiB/s"", ""device_class"": ""data_rate"", ""friendly_name"": ""UPNP IGD Upload speed""}"
2025-08-01T20:22:22.159823,sensor.upnp_igd_packet_download_speed,34.9346457115239,33.8000394333793,"{""state_class"": ""measurement"", ""unit_of_measurement"": ""packets/s"", ""friendly_name"": ""UPNP IGD Packet download speed""}"
2025-08-01T20:22:22.161228,sensor.upnp_igd_packet_upload_speed,2.50009392019494,1.93333558889152,"{""state_class"": ""measurement"", ""unit_of_measurement"": ""packets/s"", ""friendly_name"": ""UPNP IGD Packet upload speed""}"
2025-08-01T20:22:52.152076,sensor.upnp_igd_data_received,3605593063,3605662108,"{""state_class"": ""total_increasing"", ""unit_of_measurement"": ""B"", ""device_class"": ""data_size"", ""friendly_name"": ""UPNP IGD Data received""}"
2025-08-01T20:22:52.153682,sensor.upnp_igd_data_sent,1043121969,1043129189,"{""state_class"": ""total_increasing"", ""unit_of_measurement"": ""B"", ""device_class"": ""data_size"", ""friendly_name"": ""UPNP IGD Data sent""}"
2025-08-01T20:22:52.155077,sensor.upnp_igd_packets_received,65433509,65434513,"{""state_class"": ""total_increasing"", ""unit_of_measurement"": ""packets"", ""friendly_name"": ""UPNP IGD Packets received""}"
2025-08-01T20:22:52.156529,sensor.upnp_igd_packets_sent,19370818,19370865,"{""state_class"": ""total_increasing"", ""unit_of_measurement"": ""packets"", ""friendly_name"": ""UPNP IGD Packets sent""}"
2025-08-01T20:22:52.157862,sensor.upnp_igd_uptime,907100,907130,"{""unit_of_measurement"": ""s"", ""device_class"": ""duration"", ""friendly_name"": ""UPNP IGD Uptime""}"
2025-08-01T20:22:52.159237,sensor.upnp_igd_download_speed,2.28610292753675,2.24755065240436,"{""state_class"": ""measurement"", ""unit_of_measurement"": ""KiB/s"", ""device_class"": ""data_rate"", ""friendly_name"": ""UPNP IGD Download speed""}"
2025-08-01T20:22:52.161483,sensor.upnp_igd_upload_speed,0.280924806912275,0.235025211244254,"{""state_class"": ""measurement"", ""unit_of_measurement"": ""KiB/s"", ""device_class"": ""data_rate"", ""friendly_name"": ""UPNP IGD Upload speed""}"
2025-08-01T20:22:52.163028,sensor.upnp_igd_packet_download_speed,33.8000394333793,33.4665484181956,"{""state_class"": ""measurement"", ""unit_of_measurement"": ""packets/s"", ""friendly_name"": ""UPNP IGD Packet download speed""}"
2025-08-01T20:22:52.164539,sensor.upnp_igd_packet_upload_speed,1.93333558889152,1.56666113113067,"{""state_class"": ""measurement"", ""unit_of_measurement"": ""packets/s"", ""friendly_name"": ""UPNP IGD Packet upload speed""}"
2025-08-01T20:22:54.148325,camera.192_168_0_33,idle,idle,"{""access_token"": ""7709abf29526952062a1ef4366281059f95e80711dceeae40c5c4bad3202132a"", ""entity_picture"": ""/api/camera_proxy/camera.192_168_0_33?token=7709abf29526952062a1ef4366281059f95e80711dceeae40c5c4bad3202132a"", ""friendly_name"": ""192_168_0_14"", ""supported_features"": 2}"
2025-08-01T20:22:54.150054,camera.admin_mainstream,idle,idle,"{""access_token"": ""20aa94d01f681ad48adca45f275273adfd8f2428c7cc61bfcc88b98ee4f2b75"", ""entity_picture"": ""/api/camera_proxy/camera.admin_mainstream?token=20aa94d01f681ad48adca45f275273adfd8f2428c7cc61bfcc88b98ee4f2b75"", ""friendly_name"": ""admin MainStream"", ""supported_features"": 2}"
2025-08-01T20:22:54.151709,camera.admin_substream,idle,idle,"{""access_token"": ""d66a0174b686ee7f670aac9142cccd3b631371775229bca5f7b9c49af70d9185"", ""entity_picture"": ""/api/camera_proxy/camera.admin_substream?token=d66a0174b686ee7f670aac9142cccd3b631371775229bca5f7b9c49af70d9185"", ""friendly_name"": ""admin SubStream"", ""supported_features"": 2}"
2025-08-01T20:23:10.260361,automation.aut_status_bruno,on,on,"{""id"": ""1751855857509"", ""last_triggered"": ""2025-08-01T23:23:10.252520+00:00"", ""mode"": ""single"", ""current"": 1, ""friendly_name"": ""aut-status-bruno""}"
2025-08-01T20:23:10.262498,automation.aut_status_bruno,on,on,"{""id"": ""1751855857509"", ""last_triggered"": ""2025-08-01T23:23:10.252520+00:00"", ""mode"": ""single"", ""current"": 0, ""friendly_name"": ""aut-status-bruno""}"
2025-08-01T20:23:22.148764,sensor.upnp_igd_data_received,3605662108,3605728302,"{""state_class"": ""total_increasing"", ""unit_of_measurement"": ""B"", ""device_class"": ""data_size"", ""friendly_name"": ""UPNP IGD Data received""}"
2025-08-01T20:23:22.152627,sensor.upnp_igd_data_sent,1043129189,1043133395,"{""state_class"": ""total_increasing"", ""unit_of_measurement"": ""B"", ""device_class"": ""data_size"", ""friendly_name"": ""UPNP IGD Data sent""}"
2025-08-01T20:23:22.154294,sensor.upnp_igd_packets_received,65434513,65435522,"{""state_class"": ""total_increasing"", ""unit_of_measurement"": ""packets"", ""friendly_name"": ""UPNP IGD Packets received""}"
2025-08-01T20:23:22.155931,sensor.upnp_igd_packets_sent,19370865,19370907,"{""state_class"": ""total_increasing"", ""unit_of_measurement"": ""packets"", ""friendly_name"": ""UPNP IGD Packets sent""}"
2025-08-01T20:23:22.157582,sensor.upnp_igd_uptime,907130,907160,"{""unit_of_measurement"": ""s"", ""device_class"": ""duration"", ""friendly_name"": ""UPNP IGD Uptime""}"
2025-08-01T20:23:22.159336,sensor.upnp_igd_download_speed,2.24755065240436,2.15476352163518,"{""state_class"": ""measurement"", ""unit_of_measurement"": ""KiB/s"", ""device_class"": ""data_rate"", ""friendly_name"": ""UPNP IGD Download speed""}"
2025-08-01T20:23:22.161220,sensor.upnp_igd_upload_speed,0.235025211244254,0.136914756201431,"{""state_class"": ""measurement"", ""unit_of_measurement"": ""KiB/s"", ""device_class"": ""data_rate"", ""friendly_name"": ""UPNP IGD Upload speed""}"
2025-08-01T20:23:22.163120,sensor.upnp_igd_packet_download_speed,33.4665484181956,33.6335037430856,"{""state_class"": ""measurement"", ""unit_of_measurement"": ""packets/s"", ""friendly_name"": ""UPNP IGD Packet download speed""}"
2025-08-01T20:23:22.164719,sensor.upnp_igd_packet_upload_speed,1.56666113113067,1.40000709336927,"{""state_class"": ""measurement"", ""unit_of_measurement"": ""packets/s"", ""friendly_name"": ""UPNP IGD Packet upload speed""}"
2025-08-01T20:23:52.156968,sensor.upnp_igd_data_received,3605728302,3606341571,"{""state_class"": ""total_increasing"", ""unit_of_measurement"": ""B"", ""device_class"": ""data_size"", ""friendly_name"": ""UPNP IGD Data received""}"
2025-08-01T20:23:52.158882,sensor.upnp_igd_data_sent,1043133395,1043153066,"{""state_class"": ""total_increasing"", ""unit_of_measurement"": ""B"", ""device_class"": ""data_size"", ""friendly_name"": ""UPNP IGD Data sent""}"
2025-08-01T20:23:52.161541,sensor.upnp_igd_packets_received,65435522,65436933,"{""state_class"": ""total_increasing"", ""unit_of_measurement"": ""packets"", ""friendly_name"": ""UPNP IGD Packets received""}"
2025-08-01T20:23:52.163274,sensor.upnp_igd_packets_sent,19370907,19371061,"{""state_class"": ""total_increasing"", ""unit_of_measurement"": ""packets"", ""friendly_name"": ""UPNP IGD Packets sent""}"
2025-08-01T20:23:52.164725,sensor.upnp_igd_uptime,907160,907190,"{""unit_of_measurement"": ""s"", ""device_class"": ""duration"", ""friendly_name"": ""UPNP IGD Uptime""}"
2025-08-01T20:23:52.166144,sensor.upnp_igd_download_speed,2.15476352163518,19.9614848713874,"{""state_class"": ""measurement"", ""unit_of_measurement"": ""KiB/s"", ""device_class"": ""data_rate"", ""friendly_name"": ""UPNP IGD Download speed""}"
2025-08-01T20:23:52.167644,sensor.upnp_igd_upload_speed,0.136914756201431,0.640277543631037,"{""state_class"": ""measurement"", ""unit_of_measurement"": ""KiB/s"", ""device_class"": ""data_rate"", ""friendly_name"": ""UPNP IGD Upload speed""}"
2025-08-01T20:23:52.169087,sensor.upnp_igd_packet_download_speed,33.6335037430856,47.0293311372536,"{""state_class"": ""measurement"", ""unit_of_measurement"": ""packets/s"", ""friendly_name"": ""UPNP IGD Packet download speed""}"
2025-08-01T20:23:52.170476,sensor.upnp_igd_packet_upload_speed,1.40000709336927,5.13289652383915,"{""state_class"": ""measurement"", ""unit_of_measurement"": ""packets/s"", ""friendly_name"": ""UPNP IGD Packet upload speed""}"
2025-08-01T20:24:10.259110,automation.aut_status_bruno,on,on,"{""id"": ""1751855857509"", ""last_triggered"": ""2025-08-01T23:24:10.252240+00:00"", ""mode"": ""single"", ""current"": 1, ""friendly_name"": ""aut-status-bruno""}"
2025-08-01T20:24:10.261425,automation.aut_status_bruno,on,on,"{""id"": ""1751855857509"", ""last_triggered"": ""2025-08-01T23:24:10.252240+00:00"", ""mode"": ""single"", ""current"": 0, ""friendly_name"": ""aut-status-bruno""}"
2025-08-01T20:24:22.173231,sensor.upnp_igd_data_received,3606341571,3606416284,"{""state_class"": ""total_increasing"", ""unit_of_measurement"": ""B"", ""device_class"": ""data_size"", ""friendly_name"": ""UPNP IGD Data received""}"
2025-08-01T20:24:22.176127,sensor.upnp_igd_data_sent,1043153066,1043161006,"{""state_class"": ""total_increasing"", ""unit_of_measurement"": ""B"", ""device_class"": ""data_size"", ""friendly_name"": ""UPNP IGD Data sent""}"
2025-08-01T20:24:22.177655,sensor.upnp_igd_packets_received,65436933,65437975,"{""state_class"": ""total_increasing"", ""unit_of_measurement"": ""packets"", ""friendly_name"": ""UPNP IGD Packets received""}"
2025-08-01T20:24:22.178988,sensor.upnp_igd_packets_sent,19371061,19371142,"{""state_class"": ""total_increasing"", ""unit_of_measurement"": ""packets"", ""friendly_name"": ""UPNP IGD Packets sent""}"
2025-08-01T20:24:22.180369,sensor.upnp_igd_uptime,907190,907220,"{""unit_of_measurement"": ""s"", ""device_class"": ""duration"", ""friendly_name"": ""UPNP IGD Uptime""}"
2025-08-01T20:24:22.181752,sensor.upnp_igd_download_speed,19.9614848713874,2.43229186998434,"{""state_class"": ""measurement"", ""unit_of_measurement"": ""KiB/s"", ""device_class"": ""data_rate"", ""friendly_name"": ""UPNP IGD Download speed""}"
2025-08-01T20:24:22.183110,sensor.upnp_igd_upload_speed,0.640277543631037,0.258487779204097,"{""state_class"": ""measurement"", ""unit_of_measurement"": ""KiB/s"", ""device_class"": ""data_rate"", ""friendly_name"": ""UPNP IGD Upload speed""}"
2025-08-01T20:24:22.184611,sensor.upnp_igd_packet_download_speed,47.0293311372536,34.7365904676329,"{""state_class"": ""measurement"", ""unit_of_measurement"": ""packets/s"", ""friendly_name"": ""UPNP IGD Packet download speed""}"
2025-08-01T20:24:22.185882,sensor.upnp_igd_packet_upload_speed,5.13289652383915,2.70025319374113,"{""state_class"": ""measurement"", ""unit_of_measurement"": ""packets/s"", ""friendly_name"": ""UPNP IGD Packet upload speed""}"
2025-08-01T20:24:52.161757,sensor.upnp_igd_data_received,3606416284,3606486642,"{""state_class"": ""total_increasing"", ""unit_of_measurement"": ""B"", ""device_class"": ""data_size"", ""friendly_name"": ""UPNP IGD Data received""}"
2025-08-01T20:24:52.163238,sensor.upnp_igd_data_sent,1043161006,1043169970,"{""state_class"": ""total_increasing"", ""unit_of_measurement"": ""B"", ""device_class"": ""data_size"", ""friendly_name"": ""UPNP IGD Data sent""}"
2025-08-01T20:24:52.166007,sensor.upnp_igd_packets_received,65437975,65438971,"{""state_class"": ""total_increasing"", ""unit_of_measurement"": ""packets"", ""friendly_name"": ""UPNP IGD Packets received""}"
2025-08-01T20:24:52.168789,sensor.upnp_igd_packets_sent,19371142,19371201,"{""state_class"": ""total_increasing"", ""unit_of_measurement"": ""packets"", ""friendly_name"": ""UPNP IGD Packets sent""}"
2025-08-01T20:24:52.171438,sensor.upnp_igd_uptime,907220,907250,"{""unit_of_measurement"": ""s"", ""device_class"": ""duration"", ""friendly_name"": ""UPNP IGD Uptime""}"
2025-08-01T20:24:52.173544,sensor.upnp_igd_download_speed,2.43229186998434,2.29031054900099,"{""state_class"": ""measurement"", ""unit_of_measurement"": ""KiB/s"", ""device_class"": ""data_rate"", ""friendly_name"": ""UPNP IGD Download speed""}"
2025-08-01T20:24:52.175921,sensor.upnp_igd_upload_speed,0.258487779204097,0.291798285358379,"{""state_class"": ""measurement"", ""unit_of_measurement"": ""KiB/s"", ""device_class"": ""data_rate"", ""friendly_name"": ""UPNP IGD Upload speed""}"
2025-08-01T20:24:52.177697,sensor.upnp_igd_packet_download_speed,34.7365904676329,33.2001604674423,"{""state_class"": ""measurement"", ""unit_of_measurement"": ""packets/s"", ""friendly_name"": ""UPNP IGD Packet download speed""}"
2025-08-01T20:24:52.179508,sensor.upnp_igd_packet_upload_speed,2.70025319374113,1.96667617226817,"{""state_class"": ""measurement"", ""unit_of_measurement"": ""packets/s"", ""friendly_name"": ""UPNP IGD Packet upload speed""}"
2025-08-01T20:25:10.282002,automation.aut_status_bruno,on,on,"{""id"": ""1751855857509"", ""last_triggered"": ""2025-08-01T23:25:10.258986+00:00"", ""mode"": ""single"", ""current"": 1, ""friendly_name"": ""aut-status-bruno""}"
2025-08-01T20:25:10.287278,automation.aut_status_bruno,on,on,"{""id"": ""1751855857509"", ""last_triggered"": ""2025-08-01T23:25:10.258986+00:00"", ""mode"": ""single"", ""current"": 0, ""friendly_name"": ""aut-status-bruno""}"
2025-08-01T20:25:22.146329,sensor.upnp_igd_data_received,3606486642,3606552343,"{""state_class"": ""total_increasing"", ""unit_of_measurement"": ""B"", ""device_class"": ""data_size"", ""friendly_name"": ""UPNP IGD Data received""}"
2025-08-01T20:25:22.148826,sensor.upnp_igd_data_sent,1043169970,1043175287,"{""state_class"": ""total_increasing"", ""unit_of_measurement"": ""B"", ""device_class"": ""data_size"", ""friendly_name"": ""UPNP IGD Data sent""}"
2025-08-01T20:25:22.150391,sensor.upnp_igd_packets_received,65438971,65439966,"{""state_class"": ""total_increasing"", ""unit_of_measurement"": ""packets"", ""friendly_name"": ""UPNP IGD Packets received""}"
2025-08-01T20:25:22.151941,sensor.upnp_igd_packets_sent,19371201,19371250,"{""state_class"": ""total_increasing"", ""unit_of_measurement"": ""packets"", ""friendly_name"": ""UPNP IGD Packets sent""}"
2025-08-01T20:25:22.154195,sensor.upnp_igd_uptime,907250,907280,"{""unit_of_measurement"": ""s"", ""device_class"": ""duration"", ""friendly_name"": ""UPNP IGD Uptime""}"
2025-08-01T20:25:22.155839,sensor.upnp_igd_download_speed,2.29031054900099,2.13867812134244,"{""state_class"": ""measurement"", ""unit_of_measurement"": ""KiB/s"", ""device_class"": ""data_rate"", ""friendly_name"": ""UPNP IGD Download speed""}"
2025-08-01T20:25:22.157267,sensor.upnp_igd_upload_speed,0.291798285358379,0.173077298232565,"{""state_class"": ""measurement"", ""unit_of_measurement"": ""KiB/s"", ""device_class"": ""data_rate"", ""friendly_name"": ""UPNP IGD Upload speed""}"
2025-08-01T20:25:22.158652,sensor.upnp_igd_packet_download_speed,33.2001604674423,33.1662587216844,"{""state_class"": ""measurement"", ""unit_of_measurement"": ""packets/s"", ""friendly_name"": ""UPNP IGD Packet download speed""}"
2025-08-01T20:25:22.160072,sensor.upnp_igd_packet_upload_speed,1.96667617226817,1.63331324358044,"{""state_class"": ""measurement"", ""unit_of_measurement"": ""packets/s"", ""friendly_name"": ""UPNP IGD Packet upload speed""}"
2025-08-01T20:25:52.155779,sensor.upnp_igd_data_received,3606552343,3606623433,"{""state_class"": ""total_increasing"", ""unit_of_measurement"": ""B"", ""device_class"": ""data_size"", ""friendly_name"": ""UPNP IGD Data received""}"
2025-08-01T20:25:52.157917,sensor.upnp_igd_data_sent,1043175287,1043182440,"{""state_class"": ""total_increasing"", ""unit_of_measurement"": ""B"", ""device_class"": ""data_size"", ""friendly_name"": ""UPNP IGD Data sent""}"
2025-08-01T20:25:52.159677,sensor.upnp_igd_packets_received,65439966,65440987,"{""state_class"": ""total_increasing"", ""unit_of_measurement"": ""packets"", ""friendly_name"": ""UPNP IGD Packets received""}"
2025-08-01T20:25:52.161338,sensor.upnp_igd_packets_sent,19371250,19371306,"{""state_class"": ""total_increasing"", ""unit_of_measurement"": ""packets"", ""friendly_name"": ""UPNP IGD Packets sent""}"
2025-08-01T20:25:52.162818,sensor.upnp_igd_uptime,907280,907310,"{""unit_of_measurement"": ""s"", ""device_class"": ""duration"", ""friendly_name"": ""UPNP IGD Uptime""}"
2025-08-01T20:25:52.164345,sensor.upnp_igd_download_speed,2.13867812134244,2.31403218890608,"{""state_class"": ""measurement"", ""unit_of_measurement"": ""KiB/s"", ""device_class"": ""data_rate"", ""friendly_name"": ""UPNP IGD Download speed""}"
2025-08-01T20:25:52.165842,sensor.upnp_igd_upload_speed,0.173077298232565,0.23283545150155,"{""state_class"": ""measurement"", ""unit_of_measurement"": ""KiB/s"", ""device_class"": ""data_rate"", ""friendly_name"": ""UPNP IGD Upload speed""}"
2025-08-01T20:25:52.167209,sensor.upnp_igd_packet_download_speed,33.1662587216844,34.0319300834162,"{""state_class"": ""measurement"", ""unit_of_measurement"": ""packets/s"", ""friendly_name"": ""UPNP IGD Packet download speed""}"
2025-08-01T20:25:52.169079,sensor.upnp_igd_packet_upload_speed,1.63331324358044,1.86658970095133,"{""state_class"": ""measurement"", ""unit_of_measurement"": ""packets/s"", ""friendly_name"": ""UPNP IGD Packet upload speed""}"
2025-08-01T20:26:10.259137,automation.aut_status_bruno,on,on,"{""id"": ""1751855857509"", ""last_triggered"": ""2025-08-01T23:26:10.252574+00:00"", ""mode"": ""single"", ""current"": 1, ""friendly_name"": ""aut-status-bruno""}"
2025-08-01T20:26:10.261464,automation.aut_status_bruno,on,on,"{""id"": ""1751855857509"", ""last_triggered"": ""2025-08-01T23:26:10.252574+00:00"", ""mode"": ""single"", ""current"": 0, ""friendly_name"": ""aut-status-bruno""}"
2025-08-01T20:26:22.147848,sensor.upnp_igd_data_received,3606623433,3606693479,"{""state_class"": ""total_increasing"", ""unit_of_measurement"": ""B"", ""device_class"": ""data_size"", ""friendly_name"": ""UPNP IGD Data received""}"
2025-08-01T20:26:22.149445,sensor.upnp_igd_data_sent,1043182440,1043190675,"{""state_class"": ""total_increasing"", ""unit_of_measurement"": ""B"", ""device_class"": ""data_size"", ""friendly_name"": ""UPNP IGD Data sent""}"
2025-08-01T20:26:22.151008,sensor.upnp_igd_packets_received,65440987,65441988,"{""state_class"": ""total_increasing"", ""unit_of_measurement"": ""packets"", ""friendly_name"": ""UPNP IGD Packets received""}"
2025-08-01T20:26:22.152534,sensor.upnp_igd_packets_sent,19371306,19371379,"{""state_class"": ""total_increasing"", ""unit_of_measurement"": ""packets"", ""friendly_name"": ""UPNP IGD Packets sent""}"
2025-08-01T20:26:22.153864,sensor.upnp_igd_uptime,907310,907340,"{""unit_of_measurement"": ""s"", ""device_class"": ""duration"", ""friendly_name"": ""UPNP IGD Uptime""}"
2025-08-01T20:26:22.155207,sensor.upnp_igd_download_speed,2.31403218890608,2.28022592536023,"{""state_class"": ""measurement"", ""unit_of_measurement"": ""KiB/s"", ""device_class"": ""data_rate"", ""friendly_name"": ""UPNP IGD Download speed""}"
2025-08-01T20:26:22.156709,sensor.upnp_igd_upload_speed,0.23283545150155,0.268076128477593,"{""state_class"": ""measurement"", ""unit_of_measurement"": ""KiB/s"", ""device_class"": ""data_rate"", ""friendly_name"": ""UPNP IGD Upload speed""}"
2025-08-01T20:26:22.158221,sensor.upnp_igd_packet_download_speed,34.0319300834162,33.3678768083322,"{""state_class"": ""measurement"", ""unit_of_measurement"": ""packets/s"", ""friendly_name"": ""UPNP IGD Packet download speed""}"
2025-08-01T20:26:22.160082,sensor.upnp_igd_packet_upload_speed,1.86658970095133,2.43342158542283,"{""state_class"": ""measurement"", ""unit_of_measurement"": ""packets/s"", ""friendly_name"": ""UPNP IGD Packet upload speed""}"
2025-08-01T20:26:52.167102,sensor.upnp_igd_data_received,3606693479,3606765542,"{""state_class"": ""total_increasing"", ""unit_of_measurement"": ""B"", ""device_class"": ""data_size"", ""friendly_name"": ""UPNP IGD Data received""}"
2025-08-01T20:26:52.169031,sensor.upnp_igd_data_sent,1043190675,1043198115,"{""state_class"": ""total_increasing"", ""unit_of_measurement"": ""B"", ""device_class"": ""data_size"", ""friendly_name"": ""UPNP IGD Data sent""}"
2025-08-01T20:26:52.170828,sensor.upnp_igd_packets_received,65441988,65443034,"{""state_class"": ""total_increasing"", ""unit_of_measurement"": ""packets"", ""friendly_name"": ""UPNP IGD Packets received""}"
2025-08-01T20:26:52.172367,sensor.upnp_igd_packets_sent,19371379,19371430,"{""state_class"": ""total_increasing"", ""unit_of_measurement"": ""packets"", ""friendly_name"": ""UPNP IGD Packets sent""}"
2025-08-01T20:26:52.173868,sensor.upnp_igd_uptime,907340,907370,"{""unit_of_measurement"": ""s"", ""device_class"": ""duration"", ""friendly_name"": ""UPNP IGD Uptime""}"
2025-08-01T20:26:52.175470,sensor.upnp_igd_download_speed,2.28022592536023,2.34557318246553,"{""state_class"": ""measurement"", ""unit_of_measurement"": ""KiB/s"", ""device_class"": ""data_rate"", ""friendly_name"": ""UPNP IGD Download speed""}"
2025-08-01T20:26:52.177180,sensor.upnp_igd_upload_speed,0.268076128477593,0.242164002019671,"{""state_class"": ""measurement"", ""unit_of_measurement"": ""KiB/s"", ""device_class"": ""data_rate"", ""friendly_name"": ""UPNP IGD Upload speed""}"
2025-08-01T20:26:52.178750,sensor.upnp_igd_packet_download_speed,33.3678768083322,34.8632837660319,"{""state_class"": ""measurement"", ""unit_of_measurement"": ""packets/s"", ""friendly_name"": ""UPNP IGD Packet download speed""}"
2025-08-01T20:26:52.180286,sensor.upnp_igd_packet_upload_speed,2.43342158542283,1.69983505933808,"{""state_class"": ""measurement"", ""unit_of_measurement"": ""packets/s"", ""friendly_name"": ""UPNP IGD Packet upload speed""}"
2025-08-01T20:27:10.259189,automation.aut_status_bruno,on,on,"{""id"": ""1751855857509"", ""last_triggered"": ""2025-08-01T23:27:10.252667+00:00"", ""mode"": ""single"", ""current"": 1, ""friendly_name"": ""aut-status-bruno""}"
2025-08-01T20:27:10.261523,automation.aut_status_bruno,on,on,"{""id"": ""1751855857509"", ""last_triggered"": ""2025-08-01T23:27:10.252667+00:00"", ""mode"": ""single"", ""current"": 0, ""friendly_name"": ""aut-status-bruno""}"
2025-08-01T20:27:22.149284,sensor.upnp_igd_data_received,3606765542,3606831557,"{""state_class"": ""total_increasing"", ""unit_of_measurement"": ""B"", ""device_class"": ""data_size"", ""friendly_name"": ""UPNP IGD Data received""}"
2025-08-01T20:27:22.151699,sensor.upnp_igd_data_sent,1043198115,1043201992,"{""state_class"": ""total_increasing"", ""unit_of_measurement"": ""B"", ""device_class"": ""data_size"", ""friendly_name"": ""UPNP IGD Data sent""}"
2025-08-01T20:27:22.153238,sensor.upnp_igd_packets_received,65443034,65444031,"{""state_class"": ""total_increasing"", ""unit_of_measurement"": ""packets"", ""friendly_name"": ""UPNP IGD Packets received""}"
2025-08-01T20:27:22.154635,sensor.upnp_igd_packets_sent,19371430,19371473,"{""state_class"": ""total_increasing"", ""unit_of_measurement"": ""packets"", ""friendly_name"": ""UPNP IGD Packets sent""}"
2025-08-01T20:27:22.156121,sensor.upnp_igd_uptime,907370,907400,"{""unit_of_measurement"": ""s"", ""device_class"": ""duration"", ""friendly_name"": ""UPNP IGD Uptime""}"
2025-08-01T20:27:22.157607,sensor.upnp_igd_download_speed,2.34557318246553,2.14917250625372,"{""state_class"": ""measurement"", ""unit_of_measurement"": ""KiB/s"", ""device_class"": ""data_rate"", ""friendly_name"": ""UPNP IGD Download speed""}"
2025-08-01T20:27:22.159033,sensor.upnp_igd_upload_speed,0.242164002019671,0.126218917015007,"{""state_class"": ""measurement"", ""unit_of_measurement"": ""KiB/s"", ""device_class"": ""data_rate"", ""friendly_name"": ""UPNP IGD Upload speed""}"
2025-08-01T20:27:22.160488,sensor.upnp_igd_packet_download_speed,34.8632837660319,33.2371489580337,"{""state_class"": ""measurement"", ""unit_of_measurement"": ""packets/s"", ""friendly_name"": ""UPNP IGD Packet download speed""}"
2025-08-01T20:27:22.161872,sensor.upnp_igd_packet_upload_speed,1.69983505933808,1.43349789889213,"{""state_class"": ""measurement"", ""unit_of_measurement"": ""packets/s"", ""friendly_name"": ""UPNP IGD Packet upload speed""}"
2025-08-01T20:27:52.151060,sensor.upnp_igd_data_received,3606831557,3606900198,"{""state_class"": ""total_increasing"", ""unit_of_measurement"": ""B"", ""device_class"": ""data_size"", ""friendly_name"": ""UPNP IGD Data received""}"
2025-08-01T20:27:52.152860,sensor.upnp_igd_data_sent,1043201992,1043210444,"{""state_class"": ""total_increasing"", ""unit_of_measurement"": ""B"", ""device_class"": ""data_size"", ""friendly_name"": ""UPNP IGD Data sent""}"
2025-08-01T20:27:52.154311,sensor.upnp_igd_packets_received,65444031,65445015,"{""state_class"": ""total_increasing"", ""unit_of_measurement"": ""packets"", ""friendly_name"": ""UPNP IGD Packets received""}"
2025-08-01T20:27:52.155795,sensor.upnp_igd_packets_sent,19371473,19371530,"{""state_class"": ""total_increasing"", ""unit_of_measurement"": ""packets"", ""friendly_name"": ""UPNP IGD Packets sent""}"
2025-08-01T20:27:52.157259,sensor.upnp_igd_uptime,907400,907430,"{""unit_of_measurement"": ""s"", ""device_class"": ""duration"", ""friendly_name"": ""UPNP IGD Uptime""}"
2025-08-01T20:27:52.158767,sensor.upnp_igd_download_speed,2.14917250625372,2.23432585023474,"{""state_class"": ""measurement"", ""unit_of_measurement"": ""KiB/s"", ""device_class"": ""data_rate"", ""friendly_name"": ""UPNP IGD Download speed""}"
2025-08-01T20:27:52.160317,sensor.upnp_igd_upload_speed,0.126218917015007,0.275120148106584,"{""state_class"": ""measurement"", ""unit_of_measurement"": ""KiB/s"", ""device_class"": ""data_rate"", ""friendly_name"": ""UPNP IGD Upload speed""}"
2025-08-01T20:27:52.161832,sensor.upnp_igd_packet_download_speed,33.2371489580337,32.7988006571893,"{""state_class"": ""measurement"", ""unit_of_measurement"": ""packets/s"", ""friendly_name"": ""UPNP IGD Packet download speed""}"
2025-08-01T20:27:52.163630,sensor.upnp_igd_packet_upload_speed,1.43349789889213,1.89993052587377,"{""state_class"": ""measurement"", ""unit_of_measurement"": ""packets/s"", ""friendly_name"": ""UPNP IGD Packet upload speed""}"
2025-08-01T20:27:54.148758,camera.192_168_0_33,idle,idle,"{""access_token"": ""d80f94273c954cc80a8278480c18ee1d43a3cb1e0c7b78079e5fff342dacb3cb"", ""entity_picture"": ""/api/camera_proxy/camera.192_168_0_33?token=d80f94273c954cc80a8278480c18ee1d43a3cb1e0c7b78079e5fff342dacb3cb"", ""friendly_name"": ""192_168_0_14"", ""supported_features"": 2}"
2025-08-01T20:27:54.150513,camera.admin_mainstream,idle,idle,"{""access_token"": ""f67d67cdce5744c2a2817de0c9ee9a716b553e5710a24ca81d4f21385c9a412a"", ""entity_picture"": ""/api/camera_proxy/camera.admin_mainstream?token=f67d67cdce5744c2a2817de0c9ee9a716b553e5710a24ca81d4f21385c9a412a"", ""friendly_name"": ""admin MainStream"", ""supported_features"": 2}"
2025-08-01T20:27:54.152802,camera.admin_substream,idle,idle,"{""access_token"": ""3bad951d1e3704e5cb0bd88e90899872cb4823261fc062f2dfc9e21a11e7fd7"", ""entity_picture"": ""/api/camera_proxy/camera.admin_substream?token=3bad951d1e3704e5cb0bd88e90899872cb4823261fc062f2dfc9e21a11e7fd7"", ""friendly_name"": ""admin SubStream"", ""supported_features"": 2}"
2025-08-01T20:28:10.261248,automation.aut_status_bruno,on,on,"{""id"": ""1751855857509"", ""last_triggered"": ""2025-08-01T23:28:10.253472+00:00"", ""mode"": ""single"", ""current"": 1, ""friendly_name"": ""aut-status-bruno""}"
2025-08-01T20:28:10.263868,automation.aut_status_bruno,on,on,"{""id"": ""1751855857509"", ""last_triggered"": ""2025-08-01T23:28:10.253472+00:00"", ""mode"": ""single"", ""current"": 0, ""friendly_name"": ""aut-status-bruno""}"
2025-08-01T20:28:18.690883,weather.home,rainy,rainy,"{""temperature"": 23.7, ""temperature_unit"": ""\u00b0C"", ""pressure_unit"": ""hPa"", ""wind_bearing"": 160, ""wind_speed"": 16.5, ""wind_speed_unit"": ""km/h"", ""visibility_unit"": ""km"", ""precipitation_unit"": ""mm"", ""friendly_name"": ""Home"", ""supported_features"": 3}"
2025-08-01T20:28:22.148858,sensor.upnp_igd_data_received,3606900198,3606971731,"{""state_class"": ""total_increasing"", ""unit_of_measurement"": ""B"", ""device_class"": ""data_size"", ""friendly_name"": ""UPNP IGD Data received""}"
2025-08-01T20:28:22.152692,sensor.upnp_igd_data_sent,1043210444,1043217489,"{""state_class"": ""total_increasing"", ""unit_of_measurement"": ""B"", ""device_class"": ""data_size"", ""friendly_name"": ""UPNP IGD Data sent""}"
2025-08-01T20:28:22.154885,sensor.upnp_igd_packets_received,65445015,65446023,"{""state_class"": ""total_increasing"", ""unit_of_measurement"": ""packets"", ""friendly_name"": ""UPNP IGD Packets received""}"
2025-08-01T20:28:22.157124,sensor.upnp_igd_packets_sent,19371530,19371590,"{""state_class"": ""total_increasing"", ""unit_of_measurement"": ""packets"", ""friendly_name"": ""UPNP IGD Packets sent""}"
2025-08-01T20:28:22.159043,sensor.upnp_igd_uptime,907430,907460,"{""unit_of_measurement"": ""s"", ""device_class"": ""duration"", ""friendly_name"": ""UPNP IGD Uptime""}"
2025-08-01T20:28:22.161298,sensor.upnp_igd_download_speed,2.23432585023474,2.32858116531651,"{""state_class"": ""measurement"", ""unit_of_measurement"": ""KiB/s"", ""device_class"": ""data_rate"", ""friendly_name"": ""UPNP IGD Download speed""}"
2025-08-01T20:28:22.163588,sensor.upnp_igd_upload_speed,0.275120148106584,0.229332675962909,"{""state_class"": ""measurement"", ""unit_of_measurement"": ""KiB/s"", ""device_class"": ""data_rate"", ""friendly_name"": ""UPNP IGD Upload speed""}"
2025-08-01T20:28:22.165531,sensor.upnp_igd_packet_download_speed,32.7988006571893,33.6004760067434,"{""state_class"": ""measurement"", ""unit_of_measurement"": ""packets/s"", ""friendly_name"": ""UPNP IGD Packet download speed""}"
2025-08-01T20:28:22.167291,sensor.upnp_igd_packet_upload_speed,1.89993052587377,2.00002833373473,"{""state_class"": ""measurement"", ""unit_of_measurement"": ""packets/s"", ""friendly_name"": ""UPNP IGD Packet upload speed""}"
2025-08-01T20:28:52.164029,sensor.upnp_igd_data_received,3606971731,3607581436,"{""state_class"": ""total_increasing"", ""unit_of_measurement"": ""B"", ""device_class"": ""data_size"", ""friendly_name"": ""UPNP IGD Data received""}"
2025-08-01T20:28:52.165565,sensor.upnp_igd_data_sent,1043217489,1043232840,"{""state_class"": ""total_increasing"", ""unit_of_measurement"": ""B"", ""device_class"": ""data_size"", ""friendly_name"": ""UPNP IGD Data sent""}"
2025-08-01T20:28:52.168470,sensor.upnp_igd_packets_received,65446023,65447451,"{""state_class"": ""total_increasing"", ""unit_of_measurement"": ""packets"", ""friendly_name"": ""UPNP IGD Packets received""}"
2025-08-01T20:28:52.170086,sensor.upnp_igd_packets_sent,19371590,19371739,"{""state_class"": ""total_increasing"", ""unit_of_measurement"": ""packets"", ""friendly_name"": ""UPNP IGD Packets sent""}"
2025-08-01T20:28:52.171798,sensor.upnp_igd_uptime,907460,907490,"{""unit_of_measurement"": ""s"", ""device_class"": ""duration"", ""friendly_name"": ""UPNP IGD Uptime""}"
2025-08-01T20:28:52.173585,sensor.upnp_igd_download_speed,2.32858116531651,19.8476171864857,"{""state_class"": ""measurement"", ""unit_of_measurement"": ""KiB/s"", ""device_class"": ""data_rate"", ""friendly_name"": ""UPNP IGD Download speed""}"
2025-08-01T20:28:52.175290,sensor.upnp_igd_upload_speed,0.229332675962909,0.499718341541797,"{""state_class"": ""measurement"", ""unit_of_measurement"": ""KiB/s"", ""device_class"": ""data_rate"", ""friendly_name"": ""UPNP IGD Upload speed""}"
2025-08-01T20:28:52.176910,sensor.upnp_igd_packet_download_speed,33.6004760067434,47.6010773710512,"{""state_class"": ""measurement"", ""unit_of_measurement"": ""packets/s"", ""friendly_name"": ""UPNP IGD Packet download speed""}"
2025-08-01T20:28:52.178506,sensor.upnp_igd_packet_upload_speed,2.00002833373473,4.96677908143321,"{""state_class"": ""measurement"", ""unit_of_measurement"": ""packets/s"", ""friendly_name"": ""UPNP IGD Packet upload speed""}"
2025-08-01T20:29:10.258747,automation.aut_status_bruno,on,on,"{""id"": ""1751855857509"", ""last_triggered"": ""2025-08-01T23:29:10.252260+00:00"", ""mode"": ""single"", ""current"": 1, ""friendly_name"": ""aut-status-bruno""}"
2025-08-01T20:29:10.261053,automation.aut_status_bruno,on,on,"{""id"": ""1751855857509"", ""last_triggered"": ""2025-08-01T23:29:10.252260+00:00"", ""mode"": ""single"", ""current"": 0, ""friendly_name"": ""aut-status-bruno""}"
2025-08-01T20:29:22.149443,sensor.upnp_igd_data_received,3607581436,3607646138,"{""state_class"": ""total_increasing"", ""unit_of_measurement"": ""B"", ""device_class"": ""data_size"", ""friendly_name"": ""UPNP IGD Data received""}"
2025-08-01T20:29:22.152552,sensor.upnp_igd_data_sent,1043232840,1043237977,"{""state_class"": ""total_increasing"", ""unit_of_measurement"": ""B"", ""device_class"": ""data_size"", ""friendly_name"": ""UPNP IGD Data sent""}"
2025-08-01T20:29:22.154313,sensor.upnp_igd_packets_received,65447451,65448427,"{""state_class"": ""total_increasing"", ""unit_of_measurement"": ""packets"", ""friendly_name"": ""UPNP IGD Packets received""}"
2025-08-01T20:29:22.156202,sensor.upnp_igd_packets_sent,19371739,19371787,"{""state_class"": ""total_increasing"", ""unit_of_measurement"": ""packets"", ""friendly_name"": ""UPNP IGD Packets sent""}"
2025-08-01T20:29:22.157871,sensor.upnp_igd_uptime,907490,907520,"{""unit_of_measurement"": ""s"", ""device_class"": ""duration"", ""friendly_name"": ""UPNP IGD Uptime""}"
2025-08-01T20:29:22.159687,sensor.upnp_igd_download_speed,19.8476171864857,2.10613294455403,"{""state_class"": ""measurement"", ""unit_of_measurement"": ""KiB/s"", ""device_class"": ""data_rate"", ""friendly_name"": ""UPNP IGD Download speed""}"
2025-08-01T20:29:22.161500,sensor.upnp_igd_upload_speed,0.499718341541797,0.16721592742379,"{""state_class"": ""measurement"", ""unit_of_measurement"": ""KiB/s"", ""device_class"": ""data_rate"", ""friendly_name"": ""UPNP IGD Upload speed""}"
2025-08-01T20:29:22.163205,sensor.upnp_igd_packet_download_speed,47.6010773710512,32.5325308642387,"{""state_class"": ""measurement"", ""unit_of_measurement"": ""packets/s"", ""friendly_name"": ""UPNP IGD Packet download speed""}"
2025-08-01T20:29:22.164994,sensor.upnp_igd_packet_upload_speed,4.96677908143321,1.59996053430682,"{""state_class"": ""measurement"", ""unit_of_measurement"": ""packets/s"", ""friendly_name"": ""UPNP IGD Packet upload speed""}"
2025-08-01T20:29:52.154262,sensor.upnp_igd_data_received,3607646138,3607716206,"{""state_class"": ""total_increasing"", ""unit_of_measurement"": ""B"", ""device_class"": ""data_size"", ""friendly_name"": ""UPNP IGD Data received""}"
2025-08-01T20:29:52.156506,sensor.upnp_igd_data_sent,1043237977,1043245177,"{""state_class"": ""total_increasing"", ""unit_of_measurement"": ""B"", ""device_class"": ""data_size"", ""friendly_name"": ""UPNP IGD Data sent""}"
2025-08-01T20:29:52.158662,sensor.upnp_igd_packets_received,65448427,65449440,"{""state_class"": ""total_increasing"", ""unit_of_measurement"": ""packets"", ""friendly_name"": ""UPNP IGD Packets received""}"
2025-08-01T20:29:52.160782,sensor.upnp_igd_packets_sent,19371787,19371835,"{""state_class"": ""total_increasing"", ""unit_of_measurement"": ""packets"", ""friendly_name"": ""UPNP IGD Packets sent""}"
2025-08-01T20:29:52.163362,sensor.upnp_igd_uptime,907520,907550,"{""unit_of_measurement"": ""s"", ""device_class"": ""duration"", ""friendly_name"": ""UPNP IGD Uptime""}"
2025-08-01T20:29:52.165339,sensor.upnp_igd_download_speed,2.10613294455403,2.28083603444458,"{""state_class"": ""measurement"", ""unit_of_measurement"": ""KiB/s"", ""device_class"": ""data_rate"", ""friendly_name"": ""UPNP IGD Download speed""}"
2025-08-01T20:29:52.167244,sensor.upnp_igd_upload_speed,0.16721592742379,0.234372601587044,"{""state_class"": ""measurement"", ""unit_of_measurement"": ""KiB/s"", ""device_class"": ""data_rate"", ""friendly_name"": ""UPNP IGD Upload speed""}"
2025-08-01T20:29:52.169095,sensor.upnp_igd_packet_download_speed,32.5325308642387,33.7663211246472,"{""state_class"": ""measurement"", ""unit_of_measurement"": ""packets/s"", ""friendly_name"": ""UPNP IGD Packet download speed""}"
2025-08-01T20:29:52.170705,sensor.upnp_igd_packet_upload_speed,1.59996053430682,1.59998362683422,"{""state_class"": ""measurement"", ""unit_of_measurement"": ""packets/s"", ""friendly_name"": ""UPNP IGD Packet upload speed""}"
2025-08-01T20:30:10.270621,automation.aut_status_bruno,on,on,"{""id"": ""1751855857509"", ""last_triggered"": ""2025-08-01T23:30:10.253335+00:00"", ""mode"": ""single"", ""current"": 1, ""friendly_name"": ""aut-status-bruno""}"
2025-08-01T20:30:10.275500,automation.aut_status_bruno,on,on,"{""id"": ""1751855857509"", ""last_triggered"": ""2025-08-01T23:30:10.253335+00:00"", ""mode"": ""single"", ""current"": 0, ""friendly_name"": ""aut-status-bruno""}"
2025-08-01T20:30:22.150162,sensor.upnp_igd_data_received,3607716206,3607780767,"{""state_class"": ""total_increasing"", ""unit_of_measurement"": ""B"", ""device_class"": ""data_size"", ""friendly_name"": ""UPNP IGD Data received""}"
2025-08-01T20:30:22.151819,sensor.upnp_igd_data_sent,1043245177,1043249015,"{""state_class"": ""total_increasing"", ""unit_of_measurement"": ""B"", ""device_class"": ""data_size"", ""friendly_name"": ""UPNP IGD Data sent""}"
2025-08-01T20:30:22.153276,sensor.upnp_igd_packets_received,65449440,65450421,"{""state_class"": ""total_increasing"", ""unit_of_measurement"": ""packets"", ""friendly_name"": ""UPNP IGD Packets received""}"
2025-08-01T20:30:22.154628,sensor.upnp_igd_packets_sent,19371835,19371875,"{""state_class"": ""total_increasing"", ""unit_of_measurement"": ""packets"", ""friendly_name"": ""UPNP IGD Packets sent""}"
2025-08-01T20:30:22.156075,sensor.upnp_igd_uptime,907550,907580,"{""unit_of_measurement"": ""s"", ""device_class"": ""duration"", ""friendly_name"": ""UPNP IGD Uptime""}"
2025-08-01T20:30:22.157559,sensor.upnp_igd_download_speed,2.28083603444458,2.10167519596414,"{""state_class"": ""measurement"", ""unit_of_measurement"": ""KiB/s"", ""device_class"": ""data_rate"", ""friendly_name"": ""UPNP IGD Download speed""}"
2025-08-01T20:30:22.158937,sensor.upnp_igd_upload_speed,0.234372601587044,0.124939660199042,"{""state_class"": ""measurement"", ""unit_of_measurement"": ""KiB/s"", ""device_class"": ""data_rate"", ""friendly_name"": ""UPNP IGD Upload speed""}"
2025-08-01T20:30:22.160352,sensor.upnp_igd_packet_download_speed,33.7663211246472,32.7012470075526,"{""state_class"": ""measurement"", ""unit_of_measurement"": ""packets/s"", ""friendly_name"": ""UPNP IGD Packet download speed""}"
2025-08-01T20:30:22.161715,sensor.upnp_igd_packet_upload_speed,1.59998362683422,1.33338417971672,"{""state_class"": ""measurement"", ""unit_of_measurement"": ""packets/s"", ""friendly_name"": ""UPNP IGD Packet upload speed""}"
2025-08-01T20:30:52.189274,sensor.upnp_igd_data_received,3607780767,3607851298,"{""state_class"": ""total_increasing"", ""unit_of_measurement"": ""B"", ""device_class"": ""data_size"", ""friendly_name"": ""UPNP IGD Data received""}"
2025-08-01T20:30:52.193439,sensor.upnp_igd_data_sent,1043249015,1043254983,"{""state_class"": ""total_increasing"", ""unit_of_measurement"": ""B"", ""device_class"": ""data_size"", ""friendly_name"": ""UPNP IGD Data sent""}"
2025-08-01T20:30:52.196505,sensor.upnp_igd_packets_received,65450421,65451442,"{""state_class"": ""total_increasing"", ""unit_of_measurement"": ""packets"", ""friendly_name"": ""UPNP IGD Packets received""}"
2025-08-01T20:30:52.199182,sensor.upnp_igd_packets_sent,19371875,19371923,"{""state_class"": ""total_increasing"", ""unit_of_measurement"": ""packets"", ""friendly_name"": ""UPNP IGD Packets sent""}"
2025-08-01T20:30:52.203844,sensor.upnp_igd_uptime,907580,907610,"{""unit_of_measurement"": ""s"", ""device_class"": ""duration"", ""friendly_name"": ""UPNP IGD Uptime""}"
2025-08-01T20:30:52.208602,sensor.upnp_igd_download_speed,2.10167519596414,2.29589815823967,"{""state_class"": ""measurement"", ""unit_of_measurement"": ""KiB/s"", ""device_class"": ""data_rate"", ""friendly_name"": ""UPNP IGD Download speed""}"
2025-08-01T20:30:52.212602,sensor.upnp_igd_upload_speed,0.124939660199042,0.194268055300143,"{""state_class"": ""measurement"", ""unit_of_measurement"": ""KiB/s"", ""device_class"": ""data_rate"", ""friendly_name"": ""UPNP IGD Upload speed""}"
2025-08-01T20:30:52.216250,sensor.upnp_igd_packet_download_speed,32.7012470075526,34.032846663626,"{""state_class"": ""measurement"", ""unit_of_measurement"": ""packets/s"", ""friendly_name"": ""UPNP IGD Packet download speed""}"
2025-08-01T20:30:52.220023,sensor.upnp_igd_packet_upload_speed,1.33338417971672,1.59997712032718,"{""state_class"": ""measurement"", ""unit_of_measurement"": ""packets/s"", ""friendly_name"": ""UPNP IGD Packet upload speed""}"
2025-08-01T20:31:10.258650,automation.aut_status_bruno,on,on,"{""id"": ""1751855857509"", ""last_triggered"": ""2025-08-01T23:31:10.252161+00:00"", ""mode"": ""single"", ""current"": 1, ""friendly_name"": ""aut-status-bruno""}"
2025-08-01T20:31:10.261032,automation.aut_status_bruno,on,on,"{""id"": ""1751855857509"", ""last_triggered"": ""2025-08-01T23:31:10.252161+00:00"", ""mode"": ""single"", ""current"": 0, ""friendly_name"": ""aut-status-bruno""}"
2025-08-01T20:31:22.149265,sensor.upnp_igd_data_received,3607851298,3607918767,"{""state_class"": ""total_increasing"", ""unit_of_measurement"": ""B"", ""device_class"": ""data_size"", ""friendly_name"": ""UPNP IGD Data received""}"
2025-08-01T20:31:22.151805,sensor.upnp_igd_data_sent,1043254983,1043259998,"{""state_class"": ""total_increasing"", ""unit_of_measurement"": ""B"", ""device_class"": ""data_size"", ""friendly_name"": ""UPNP IGD Data sent""}"
2025-08-01T20:31:22.153384,sensor.upnp_igd_packets_received,65451442,65452453,"{""state_class"": ""total_increasing"", ""unit_of_measurement"": ""packets"", ""friendly_name"": ""UPNP IGD Packets received""}"
2025-08-01T20:31:22.154805,sensor.upnp_igd_packets_sent,19371923,19371970,"{""state_class"": ""total_increasing"", ""unit_of_measurement"": ""packets"", ""friendly_name"": ""UPNP IGD Packets sent""}"
2025-08-01T20:31:22.156175,sensor.upnp_igd_uptime,907610,907640,"{""unit_of_measurement"": ""s"", ""device_class"": ""duration"", ""friendly_name"": ""UPNP IGD Uptime""}"
2025-08-01T20:31:22.157605,sensor.upnp_igd_download_speed,2.29589815823967,2.19623601221389,"{""state_class"": ""measurement"", ""unit_of_measurement"": ""KiB/s"", ""device_class"": ""data_rate"", ""friendly_name"": ""UPNP IGD Download speed""}"
2025-08-01T20:31:22.158963,sensor.upnp_igd_upload_speed,0.194268055300143,0.163247174276373,"{""state_class"": ""measurement"", ""unit_of_measurement"": ""KiB/s"", ""device_class"": ""data_rate"", ""friendly_name"": ""UPNP IGD Upload speed""}"
2025-08-01T20:31:22.160357,sensor.upnp_igd_packet_download_speed,34.032846663626,33.6996854696023,"{""state_class"": ""measurement"", ""unit_of_measurement"": ""packets/s"", ""friendly_name"": ""UPNP IGD Packet download speed""}"
2025-08-01T20:31:22.161751,sensor.upnp_igd_packet_upload_speed,1.59997712032718,1.56665204458092,"{""state_class"": ""measurement"", ""unit_of_measurement"": ""packets/s"", ""friendly_name"": ""UPNP IGD Packet upload speed""}"
2025-08-01T20:31:52.149996,sensor.upnp_igd_data_received,3607918767,3607997259,"{""state_class"": ""total_increasing"", ""unit_of_measurement"": ""B"", ""device_class"": ""data_size"", ""friendly_name"": ""UPNP IGD Data received""}"
2025-08-01T20:31:52.152998,sensor.upnp_igd_data_sent,1043259998,1043268725,"{""state_class"": ""total_increasing"", ""unit_of_measurement"": ""B"", ""device_class"": ""data_size"", ""friendly_name"": ""UPNP IGD Data sent""}"
2025-08-01T20:31:52.154862,sensor.upnp_igd_packets_received,65452453,65453525,"{""state_class"": ""total_increasing"", ""unit_of_measurement"": ""packets"", ""friendly_name"": ""UPNP IGD Packets received""}"
2025-08-01T20:31:52.156465,sensor.upnp_igd_packets_sent,19371970,19372027,"{""state_class"": ""total_increasing"", ""unit_of_measurement"": ""packets"", ""friendly_name"": ""UPNP IGD Packets sent""}"
2025-08-01T20:31:52.158005,sensor.upnp_igd_uptime,907640,907670,"{""unit_of_measurement"": ""s"", ""device_class"": ""duration"", ""friendly_name"": ""UPNP IGD Uptime""}"
2025-08-01T20:31:52.159725,sensor.upnp_igd_download_speed,2.19623601221389,2.55511193764797,"{""state_class"": ""measurement"", ""unit_of_measurement"": ""KiB/s"", ""device_class"": ""data_rate"", ""friendly_name"": ""UPNP IGD Download speed""}"
2025-08-01T20:31:52.161395,sensor.upnp_igd_upload_speed,0.163247174276373,0.284085790651963,"{""state_class"": ""measurement"", ""unit_of_measurement"": ""KiB/s"", ""device_class"": ""data_rate"", ""friendly_name"": ""UPNP IGD Upload speed""}"
2025-08-01T20:31:52.162946,sensor.upnp_igd_packet_download_speed,33.6996854696023,35.7338062107022,"{""state_class"": ""measurement"", ""unit_of_measurement"": ""packets/s"", ""friendly_name"": ""UPNP IGD Packet download speed""}"
2025-08-01T20:31:52.164661,sensor.upnp_igd_packet_upload_speed,1.56665204458092,1.90002514366607,"{""state_class"": ""measurement"", ""unit_of_measurement"": ""packets/s"", ""friendly_name"": ""UPNP IGD Packet upload speed""}"
2025-08-01T20:32:10.259906,automation.aut_status_bruno,on,on,"{""id"": ""1751855857509"", ""last_triggered"": ""2025-08-01T23:32:10.252574+00:00"", ""mode"": ""single"", ""current"": 1, ""friendly_name"": ""aut-status-bruno""}"
2025-08-01T20:32:10.261970,automation.aut_status_bruno,on,on,"{""id"": ""1751855857509"", ""last_triggered"": ""2025-08-01T23:32:10.252574+00:00"", ""mode"": ""single"", ""current"": 0, ""friendly_name"": ""aut-status-bruno""}"
2025-08-01T20:32:22.148564,sensor.upnp_igd_data_received,3607997259,3608063002,"{""state_class"": ""total_increasing"", ""unit_of_measurement"": ""B"", ""device_class"": ""data_size"", ""friendly_name"": ""UPNP IGD Data received""}"
2025-08-01T20:32:22.150534,sensor.upnp_igd_data_sent,1043268725,1043272922,"{""state_class"": ""total_increasing"", ""unit_of_measurement"": ""B"", ""device_class"": ""data_size"", ""friendly_name"": ""UPNP IGD Data sent""}"
2025-08-01T20:32:22.152111,sensor.upnp_igd_packets_received,65453525,65454525,"{""state_class"": ""total_increasing"", ""unit_of_measurement"": ""packets"", ""friendly_name"": ""UPNP IGD Packets received""}"
2025-08-01T20:32:22.153597,sensor.upnp_igd_packets_sent,19372027,19372071,"{""state_class"": ""total_increasing"", ""unit_of_measurement"": ""packets"", ""friendly_name"": ""UPNP IGD Packets sent""}"
2025-08-01T20:32:22.154960,sensor.upnp_igd_uptime,907670,907700,"{""unit_of_measurement"": ""s"", ""device_class"": ""duration"", ""friendly_name"": ""UPNP IGD Uptime""}"
2025-08-01T20:32:22.156391,sensor.upnp_igd_download_speed,2.55511193764797,2.14006426702935,"{""state_class"": ""measurement"", ""unit_of_measurement"": ""KiB/s"", ""device_class"": ""data_rate"", ""friendly_name"": ""UPNP IGD Download speed""}"
2025-08-01T20:32:22.157748,sensor.upnp_igd_upload_speed,0.284085790651963,0.136620624685855,"{""state_class"": ""measurement"", ""unit_of_measurement"": ""KiB/s"", ""device_class"": ""data_rate"", ""friendly_name"": ""UPNP IGD Upload speed""}"
2025-08-01T20:32:22.159119,sensor.upnp_igd_packet_download_speed,35.7338062107022,33.3332188892818,"{""state_class"": ""measurement"", ""unit_of_measurement"": ""packets/s"", ""friendly_name"": ""UPNP IGD Packet download speed""}"
2025-08-01T20:32:22.160547,sensor.upnp_igd_packet_upload_speed,1.90002514366607,1.4666616311284,"{""state_class"": ""measurement"", ""unit_of_measurement"": ""packets/s"", ""friendly_name"": ""UPNP IGD Packet upload speed""}"
2025-08-01T20:32:30.862708,sensor.tauntaum_energy,229.196,229.213,"{""state_class"": ""total_increasing"", ""unit_of_measurement"": ""kWh"", ""device_class"": ""energy"", ""friendly_name"": ""Tauntaum Energy""}"
2025-08-01T20:32:30.864746,sensor.tauntaum_power,35,66,"{""state_class"": ""measurement"", ""power_consumption_start"": ""2025-08-01T23:15:45Z"", ""power_consumption_end"": ""2025-08-01T23:32:30Z"", ""unit_of_measurement"": ""W"", ""device_class"": ""power"", ""friendly_name"": ""Tauntaum Power""}"
2025-08-01T20:32:30.866364,sensor.tauntaum_energy_difference,0.003,0.017,"{""state_class"": ""total"", ""unit_of_measurement"": ""kWh"", ""device_class"": ""energy"", ""friendly_name"": ""Tauntaum Energy difference""}"
2025-08-01T20:32:30.867878,sensor.tauntaum_power_energy,0.00270935972266727,0.00977841666638851,"{""state_class"": ""total"", ""unit_of_measurement"": ""kWh"", ""device_class"": ""energy"", ""friendly_name"": ""Tauntaum Power energy""}"
2025-08-01T20:32:30.869342,sensor.tauntaum_energy_saved,0.0,0.002,"{""state_class"": ""total_increasing"", ""unit_of_measurement"": ""kWh"", ""device_class"": ""energy"", ""friendly_name"": ""Tauntaum Energy saved""}"
2025-08-01T20:32:52.150829,sensor.upnp_igd_data_received,3608063002,3608133832,"{""state_class"": ""total_increasing"", ""unit_of_measurement"": ""B"", ""device_class"": ""data_size"", ""friendly_name"": ""UPNP IGD Data received""}"
2025-08-01T20:32:52.153244,sensor.upnp_igd_data_sent,1043272922,1043280467,"{""state_class"": ""total_increasing"", ""unit_of_measurement"": ""B"", ""device_class"": ""data_size"", ""friendly_name"": ""UPNP IGD Data sent""}"
2025-08-01T20:32:52.155158,sensor.upnp_igd_packets_received,65454525,65455549,"{""state_class"": ""total_increasing"", ""unit_of_measurement"": ""packets"", ""friendly_name"": ""UPNP IGD Packets received""}"
2025-08-01T20:32:52.156978,sensor.upnp_igd_packets_sent,19372071,19372118,"{""state_class"": ""total_increasing"", ""unit_of_measurement"": ""packets"", ""friendly_name"": ""UPNP IGD Packets sent""}"
2025-08-01T20:32:52.159829,sensor.upnp_igd_uptime,907700,907730,"{""unit_of_measurement"": ""s"", ""device_class"": ""duration"", ""friendly_name"": ""UPNP IGD Uptime""}"
2025-08-01T20:32:52.161765,sensor.upnp_igd_download_speed,2.14006426702935,2.30568934822652,"{""state_class"": ""measurement"", ""unit_of_measurement"": ""KiB/s"", ""device_class"": ""data_rate"", ""friendly_name"": ""UPNP IGD Download speed""}"
2025-08-01T20:32:52.163980,sensor.upnp_igd_upload_speed,0.136620624685855,0.245608162252846,"{""state_class"": ""measurement"", ""unit_of_measurement"": ""KiB/s"", ""device_class"": ""data_rate"", ""friendly_name"": ""UPNP IGD Upload speed""}"
2025-08-01T20:32:52.166124,sensor.upnp_igd_packet_download_speed,33.3332188892818,34.1337076663274,"{""state_class"": ""measurement"", ""unit_of_measurement"": ""packets/s"", ""friendly_name"": ""UPNP IGD Packet download speed""}"
2025-08-01T20:32:52.168126,sensor.upnp_igd_packet_upload_speed,1.4666616311284,1.5666838479662,"{""state_class"": ""measurement"", ""unit_of_measurement"": ""packets/s"", ""friendly_name"": ""UPNP IGD Packet upload speed""}"
2025-08-01T20:32:54.149215,camera.192_168_0_33,idle,idle,"{""access_token"": ""280e84cc0b0925f70eb6d284df7bf4db3964c4607d8d89a9d61495d084e1fb80"", ""entity_picture"": ""/api/camera_proxy/camera.192_168_0_33?token=280e84cc0b0925f70eb6d284df7bf4db3964c4607d8d89a9d61495d084e1fb80"", ""friendly_name"": ""192_168_0_14"", ""supported_features"": 2}"
2025-08-01T20:32:54.151225,camera.admin_mainstream,idle,idle,"{""access_token"": ""21da843861f44ecfc177be68f1db460db9195b1c99dc8f3988903f7cef67eeb"", ""entity_picture"": ""/api/camera_proxy/camera.admin_mainstream?token=21da843861f44ecfc177be68f1db460db9195b1c99dc8f3988903f7cef67eeb"", ""friendly_name"": ""admin MainStream"", ""supported_features"": 2}"
2025-08-01T20:32:54.152996,camera.admin_substream,idle,idle,"{""access_token"": ""b7a92d43de42d392194bd00d769f993fcec161d3666a9cf5fb86044bb3e9e5a9"", ""entity_picture"": ""/api/camera_proxy/camera.admin_substream?token=b7a92d43de42d392194bd00d769f993fcec161d3666a9cf5fb86044bb3e9e5a9"", ""friendly_name"": ""admin SubStream"", ""supported_features"": 2}"
2025-08-01T20:33:10.261900,automation.aut_status_bruno,on,on,"{""id"": ""1751855857509"", ""last_triggered"": ""2025-08-01T23:33:10.252718+00:00"", ""mode"": ""single"", ""current"": 1, ""friendly_name"": ""aut-status-bruno""}"
2025-08-01T20:33:10.264023,automation.aut_status_bruno,on,on,"{""id"": ""1751855857509"", ""last_triggered"": ""2025-08-01T23:33:10.252718+00:00"", ""mode"": ""single"", ""current"": 0, ""friendly_name"": ""aut-status-bruno""}"
2025-08-01T20:33:22.153669,sensor.upnp_igd_data_received,3608133832,3608215704,"{""state_class"": ""total_increasing"", ""unit_of_measurement"": ""B"", ""device_class"": ""data_size"", ""friendly_name"": ""UPNP IGD Data received""}"
2025-08-01T20:33:22.155410,sensor.upnp_igd_data_sent,1043280467,1043289918,"{""state_class"": ""total_increasing"", ""unit_of_measurement"": ""B"", ""device_class"": ""data_size"", ""friendly_name"": ""UPNP IGD Data sent""}"
2025-08-01T20:33:22.157104,sensor.upnp_igd_packets_received,65455549,65456577,"{""state_class"": ""total_increasing"", ""unit_of_measurement"": ""packets"", ""friendly_name"": ""UPNP IGD Packets received""}"
2025-08-01T20:33:22.158625,sensor.upnp_igd_packets_sent,19372118,19372193,"{""state_class"": ""total_increasing"", ""unit_of_measurement"": ""packets"", ""friendly_name"": ""UPNP IGD Packets sent""}"
2025-08-01T20:33:22.160315,sensor.upnp_igd_uptime,907730,907760,"{""unit_of_measurement"": ""s"", ""device_class"": ""duration"", ""friendly_name"": ""UPNP IGD Uptime""}"
2025-08-01T20:33:22.161990,sensor.upnp_igd_download_speed,2.30568934822652,2.66506161451622,"{""state_class"": ""measurement"", ""unit_of_measurement"": ""KiB/s"", ""device_class"": ""data_rate"", ""friendly_name"": ""UPNP IGD Download speed""}"
2025-08-01T20:33:22.163471,sensor.upnp_igd_upload_speed,0.245608162252846,0.307644827520921,"{""state_class"": ""measurement"", ""unit_of_measurement"": ""KiB/s"", ""device_class"": ""data_rate"", ""friendly_name"": ""UPNP IGD Upload speed""}"
2025-08-01T20:33:22.164978,sensor.upnp_igd_packet_download_speed,34.1337076663274,34.2661195509578,"{""state_class"": ""measurement"", ""unit_of_measurement"": ""packets/s"", ""friendly_name"": ""UPNP IGD Packet download speed""}"
2025-08-01T20:33:22.166441,sensor.upnp_igd_packet_upload_speed,1.5666838479662,2.49996008397066,"{""state_class"": ""measurement"", ""unit_of_measurement"": ""packets/s"", ""friendly_name"": ""UPNP IGD Packet upload speed""}"
2025-08-01T20:33:52.152347,sensor.upnp_igd_data_received,3608215704,3608822908,"{""state_class"": ""total_increasing"", ""unit_of_measurement"": ""B"", ""device_class"": ""data_size"", ""friendly_name"": ""UPNP IGD Data received""}"
2025-08-01T20:33:52.154329,sensor.upnp_igd_data_sent,1043289918,1043303498,"{""state_class"": ""total_increasing"", ""unit_of_measurement"": ""B"", ""device_class"": ""data_size"", ""friendly_name"": ""UPNP IGD Data sent""}"
2025-08-01T20:33:52.156215,sensor.upnp_igd_packets_received,65456577,65457977,"{""state_class"": ""total_increasing"", ""unit_of_measurement"": ""packets"", ""friendly_name"": ""UPNP IGD Packets received""}"
2025-08-01T20:33:52.157744,sensor.upnp_igd_packets_sent,19372193,19372312,"{""state_class"": ""total_increasing"", ""unit_of_measurement"": ""packets"", ""friendly_name"": ""UPNP IGD Packets sent""}"
2025-08-01T20:33:52.159203,sensor.upnp_igd_uptime,907760,907790,"{""unit_of_measurement"": ""s"", ""device_class"": ""duration"", ""friendly_name"": ""UPNP IGD Uptime""}"
2025-08-01T20:33:52.160676,sensor.upnp_igd_download_speed,2.66506161451622,19.765678781042,"{""state_class"": ""measurement"", ""unit_of_measurement"": ""KiB/s"", ""device_class"": ""data_rate"", ""friendly_name"": ""UPNP IGD Download speed""}"
2025-08-01T20:33:52.162154,sensor.upnp_igd_upload_speed,0.307644827520921,0.442055582385081,"{""state_class"": ""measurement"", ""unit_of_measurement"": ""KiB/s"", ""device_class"": ""data_rate"", ""friendly_name"": ""UPNP IGD Upload speed""}"
2025-08-01T20:33:52.163881,sensor.upnp_igd_packet_download_speed,34.2661195509578,46.6664862229199,"{""state_class"": ""measurement"", ""unit_of_measurement"": ""packets/s"", ""friendly_name"": ""UPNP IGD Packet download speed""}"
2025-08-01T20:33:52.165579,sensor.upnp_igd_packet_upload_speed,2.49996008397066,3.9666513289482,"{""state_class"": ""measurement"", ""unit_of_measurement"": ""packets/s"", ""friendly_name"": ""UPNP IGD Packet upload speed""}"
2025-08-01T20:34:10.260463,automation.aut_status_bruno,on,on,"{""id"": ""1751855857509"", ""last_triggered"": ""2025-08-01T23:34:10.252962+00:00"", ""mode"": ""single"", ""current"": 1, ""friendly_name"": ""aut-status-bruno""}"
2025-08-01T20:34:10.262582,automation.aut_status_bruno,on,on,"{""id"": ""1751855857509"", ""last_triggered"": ""2025-08-01T23:34:10.252962+00:00"", ""mode"": ""single"", ""current"": 0, ""friendly_name"": ""aut-status-bruno""}"
2025-08-01T20:34:22.146476,sensor.upnp_igd_data_received,3608822908,3608898547,"{""state_class"": ""total_increasing"", ""unit_of_measurement"": ""B"", ""device_class"": ""data_size"", ""friendly_name"": ""UPNP IGD Data received""}"
2025-08-01T20:34:22.148357,sensor.upnp_igd_data_sent,1043303498,1043317779,"{""state_class"": ""total_increasing"", ""unit_of_measurement"": ""B"", ""device_class"": ""data_size"", ""friendly_name"": ""UPNP IGD Data sent""}"
2025-08-01T20:34:22.149864,sensor.upnp_igd_packets_received,65457977,65459013,"{""state_class"": ""total_increasing"", ""unit_of_measurement"": ""packets"", ""friendly_name"": ""UPNP IGD Packets received""}"
2025-08-01T20:34:22.151290,sensor.upnp_igd_packets_sent,19372312,19372373,"{""state_class"": ""total_increasing"", ""unit_of_measurement"": ""packets"", ""friendly_name"": ""UPNP IGD Packets sent""}"
2025-08-01T20:34:22.152713,sensor.upnp_igd_uptime,907790,907820,"{""unit_of_measurement"": ""s"", ""device_class"": ""duration"", ""friendly_name"": ""UPNP IGD Uptime""}"
2025-08-01T20:34:22.154106,sensor.upnp_igd_download_speed,19.765678781042,2.46225914906866,"{""state_class"": ""measurement"", ""unit_of_measurement"": ""KiB/s"", ""device_class"": ""data_rate"", ""friendly_name"": ""UPNP IGD Download speed""}"
2025-08-01T20:34:22.155594,sensor.upnp_igd_upload_speed,0.442055582385081,0.464886142173343,"{""state_class"": ""measurement"", ""unit_of_measurement"": ""KiB/s"", ""device_class"": ""data_rate"", ""friendly_name"": ""UPNP IGD Upload speed""}"
2025-08-01T20:34:22.157153,sensor.upnp_igd_packet_download_speed,46.6664862229199,34.5340643043611,"{""state_class"": ""measurement"", ""unit_of_measurement"": ""packets/s"", ""friendly_name"": ""UPNP IGD Packet download speed""}"
2025-08-01T20:34:22.158544,sensor.upnp_igd_packet_upload_speed,3.9666513289482,2.03337637313323,"{""state_class"": ""measurement"", ""unit_of_measurement"": ""packets/s"", ""friendly_name"": ""UPNP IGD Packet upload speed""}"
2025-08-01T20:34:52.150077,sensor.upnp_igd_data_received,3608898547,3608973397,"{""state_class"": ""total_increasing"", ""unit_of_measurement"": ""B"", ""device_class"": ""data_size"", ""friendly_name"": ""UPNP IGD Data received""}"
2025-08-01T20:34:52.152642,sensor.upnp_igd_data_sent,1043317779,1043326482,"{""state_class"": ""total_increasing"", ""unit_of_measurement"": ""B"", ""device_class"": ""data_size"", ""friendly_name"": ""UPNP IGD Data sent""}"
2025-08-01T20:34:52.154215,sensor.upnp_igd_packets_received,65459013,65460030,"{""state_class"": ""total_increasing"", ""unit_of_measurement"": ""packets"", ""friendly_name"": ""UPNP IGD Packets received""}"
2025-08-01T20:34:52.155648,sensor.upnp_igd_packets_sent,19372373,19372427,"{""state_class"": ""total_increasing"", ""unit_of_measurement"": ""packets"", ""friendly_name"": ""UPNP IGD Packets sent""}"
2025-08-01T20:34:52.157023,sensor.upnp_igd_uptime,907820,907850,"{""unit_of_measurement"": ""s"", ""device_class"": ""duration"", ""friendly_name"": ""UPNP IGD Uptime""}"
2025-08-01T20:34:52.158481,sensor.upnp_igd_download_speed,2.46225914906866,2.43641907754951,"{""state_class"": ""measurement"", ""unit_of_measurement"": ""KiB/s"", ""device_class"": ""data_rate"", ""friendly_name"": ""UPNP IGD Download speed""}"
2025-08-01T20:34:52.159957,sensor.upnp_igd_upload_speed,0.464886142173343,0.283288647052951,"{""state_class"": ""measurement"", ""unit_of_measurement"": ""KiB/s"", ""device_class"": ""data_rate"", ""friendly_name"": ""UPNP IGD Upload speed""}"
2025-08-01T20:34:52.161343,sensor.upnp_igd_packet_download_speed,34.5340643043611,33.8985480121935,"{""state_class"": ""measurement"", ""unit_of_measurement"": ""packets/s"", ""friendly_name"": ""UPNP IGD Packet download speed""}"
2025-08-01T20:34:52.162772,sensor.upnp_igd_packet_upload_speed,2.03337637313323,1.79992290330231,"{""state_class"": ""measurement"", ""unit_of_measurement"": ""packets/s"", ""friendly_name"": ""UPNP IGD Packet upload speed""}"
2025-08-01T20:35:10.261615,automation.aut_status_bruno,on,on,"{""id"": ""1751855857509"", ""last_triggered"": ""2025-08-01T23:35:10.253044+00:00"", ""mode"": ""single"", ""current"": 1, ""friendly_name"": ""aut-status-bruno""}"
2025-08-01T20:35:10.263759,automation.aut_status_bruno,on,on,"{""id"": ""1751855857509"", ""last_triggered"": ""2025-08-01T23:35:10.253044+00:00"", ""mode"": ""single"", ""current"": 0, ""friendly_name"": ""aut-status-bruno""}"
2025-08-01T20:35:22.148018,sensor.upnp_igd_data_received,3608973397,3609041528,"{""state_class"": ""total_increasing"", ""unit_of_measurement"": ""B"", ""device_class"": ""data_size"", ""friendly_name"": ""UPNP IGD Data received""}"
2025-08-01T20:35:22.150301,sensor.upnp_igd_data_sent,1043326482,1043329800,"{""state_class"": ""total_increasing"", ""unit_of_measurement"": ""B"", ""device_class"": ""data_size"", ""friendly_name"": ""UPNP IGD Data sent""}"
2025-08-01T20:35:22.154230,sensor.upnp_igd_packets_received,65460030,65461073,"{""state_class"": ""total_increasing"", ""unit_of_measurement"": ""packets"", ""friendly_name"": ""UPNP IGD Packets received""}"
2025-08-01T20:35:22.155908,sensor.upnp_igd_packets_sent,19372427,19372463,"{""state_class"": ""total_increasing"", ""unit_of_measurement"": ""packets"", ""friendly_name"": ""UPNP IGD Packets sent""}"
2025-08-01T20:35:22.157390,sensor.upnp_igd_uptime,907850,907880,"{""unit_of_measurement"": ""s"", ""device_class"": ""duration"", ""friendly_name"": ""UPNP IGD Uptime""}"
2025-08-01T20:35:22.158834,sensor.upnp_igd_download_speed,2.43641907754951,2.21787718344092,"{""state_class"": ""measurement"", ""unit_of_measurement"": ""KiB/s"", ""device_class"": ""data_rate"", ""friendly_name"": ""UPNP IGD Download speed""}"
2025-08-01T20:35:22.160317,sensor.upnp_igd_upload_speed,0.283288647052951,0.108011279662077,"{""state_class"": ""measurement"", ""unit_of_measurement"": ""KiB/s"", ""device_class"": ""data_rate"", ""friendly_name"": ""UPNP IGD Upload speed""}"
2025-08-01T20:35:22.161736,sensor.upnp_igd_packet_download_speed,33.8985480121935,34.7677827124917,"{""state_class"": ""measurement"", ""unit_of_measurement"": ""packets/s"", ""friendly_name"": ""UPNP IGD Packet download speed""}"
2025-08-01T20:35:22.163169,sensor.upnp_igd_packet_upload_speed,1.79992290330231,1.20003852123653,"{""state_class"": ""measurement"", ""unit_of_measurement"": ""packets/s"", ""friendly_name"": ""UPNP IGD Packet upload speed""}"
2025-08-01T20:35:52.161226,sensor.upnp_igd_data_received,3609041528,3609111045,"{""state_class"": ""total_increasing"", ""unit_of_measurement"": ""B"", ""device_class"": ""data_size"", ""friendly_name"": ""UPNP IGD Data received""}"
2025-08-01T20:35:52.169040,sensor.upnp_igd_data_sent,1043329800,1043335670,"{""state_class"": ""total_increasing"", ""unit_of_measurement"": ""B"", ""device_class"": ""data_size"", ""friendly_name"": ""UPNP IGD Data sent""}"
2025-08-01T20:35:52.175678,sensor.upnp_igd_packets_received,65461073,65462077,"{""state_class"": ""total_increasing"", ""unit_of_measurement"": ""packets"", ""friendly_name"": ""UPNP IGD Packets received""}"
2025-08-01T20:35:52.180772,sensor.upnp_igd_packets_sent,19372463,19372510,"{""state_class"": ""total_increasing"", ""unit_of_measurement"": ""packets"", ""friendly_name"": ""UPNP IGD Packets sent""}"
2025-08-01T20:35:52.184799,sensor.upnp_igd_uptime,907880,907910,"{""unit_of_measurement"": ""s"", ""device_class"": ""duration"", ""friendly_name"": ""UPNP IGD Uptime""}"
2025-08-01T20:35:52.188888,sensor.upnp_igd_download_speed,2.21787718344092,2.26289647490493,"{""state_class"": ""measurement"", ""unit_of_measurement"": ""KiB/s"", ""device_class"": ""data_rate"", ""friendly_name"": ""UPNP IGD Download speed""}"
2025-08-01T20:35:52.191177,sensor.upnp_igd_upload_speed,0.108011279662077,0.191078474440668,"{""state_class"": ""measurement"", ""unit_of_measurement"": ""KiB/s"", ""device_class"": ""data_rate"", ""friendly_name"": ""UPNP IGD Upload speed""}"
2025-08-01T20:35:52.193414,sensor.upnp_igd_packet_download_speed,34.7677827124917,33.4662717646598,"{""state_class"": ""measurement"", ""unit_of_measurement"": ""packets/s"", ""friendly_name"": ""UPNP IGD Packet download speed""}"
2025-08-01T20:35:52.195619,sensor.upnp_igd_packet_upload_speed,1.20003852123653,1.56664818021814,"{""state_class"": ""measurement"", ""unit_of_measurement"": ""packets/s"", ""friendly_name"": ""UPNP IGD Packet upload speed""}"
2025-08-01T20:36:10.260329,automation.aut_status_bruno,on,on,"{""id"": ""1751855857509"", ""last_triggered"": ""2025-08-01T23:36:10.252743+00:00"", ""mode"": ""single"", ""current"": 1, ""friendly_name"": ""aut-status-bruno""}"
2025-08-01T20:36:10.262453,automation.aut_status_bruno,on,on,"{""id"": ""1751855857509"", ""last_triggered"": ""2025-08-01T23:36:10.252743+00:00"", ""mode"": ""single"", ""current"": 0, ""friendly_name"": ""aut-status-bruno""}"
2025-08-01T20:36:22.147025,sensor.upnp_igd_data_received,3609111045,3609180676,"{""state_class"": ""total_increasing"", ""unit_of_measurement"": ""B"", ""device_class"": ""data_size"", ""friendly_name"": ""UPNP IGD Data received""}"
2025-08-01T20:36:22.149559,sensor.upnp_igd_data_sent,1043335670,1043342276,"{""state_class"": ""total_increasing"", ""unit_of_measurement"": ""B"", ""device_class"": ""data_size"", ""friendly_name"": ""UPNP IGD Data sent""}"
2025-08-01T20:36:22.151146,sensor.upnp_igd_packets_received,65462077,65463111,"{""state_class"": ""total_increasing"", ""unit_of_measurement"": ""packets"", ""friendly_name"": ""UPNP IGD Packets received""}"
2025-08-01T20:36:22.152705,sensor.upnp_igd_packets_sent,19372510,19372569,"{""state_class"": ""total_increasing"", ""unit_of_measurement"": ""packets"", ""friendly_name"": ""UPNP IGD Packets sent""}"
2025-08-01T20:36:22.154500,sensor.upnp_igd_uptime,907910,907940,"{""unit_of_measurement"": ""s"", ""device_class"": ""duration"", ""friendly_name"": ""UPNP IGD Uptime""}"
2025-08-01T20:36:22.156126,sensor.upnp_igd_download_speed,2.26289647490493,2.26668156378407,"{""state_class"": ""measurement"", ""unit_of_measurement"": ""KiB/s"", ""device_class"": ""data_rate"", ""friendly_name"": ""UPNP IGD Download speed""}"
2025-08-01T20:36:22.157624,sensor.upnp_igd_upload_speed,0.191078474440668,0.215043564078608,"{""state_class"": ""measurement"", ""unit_of_measurement"": ""KiB/s"", ""device_class"": ""data_rate"", ""friendly_name"": ""UPNP IGD Upload speed""}"
2025-08-01T20:36:22.158986,sensor.upnp_igd_packet_download_speed,33.4662717646598,34.4673881839927,"{""state_class"": ""measurement"", ""unit_of_measurement"": ""packets/s"", ""friendly_name"": ""UPNP IGD Packet download speed""}"
2025-08-01T20:36:22.160419,sensor.upnp_igd_packet_upload_speed,1.56664818021814,1.96670783641738,"{""state_class"": ""measurement"", ""unit_of_measurement"": ""packets/s"", ""friendly_name"": ""UPNP IGD Packet upload speed""}"
2025-08-01T20:36:52.163704,sensor.upnp_igd_data_received,3609180676,3609253708,"{""state_class"": ""total_increasing"", ""unit_of_measurement"": ""B"", ""device_class"": ""data_size"", ""friendly_name"": ""UPNP IGD Data received""}"
2025-08-01T20:36:52.169097,sensor.upnp_igd_data_sent,1043342276,1043351257,"{""state_class"": ""total_increasing"", ""unit_of_measurement"": ""B"", ""device_class"": ""data_size"", ""friendly_name"": ""UPNP IGD Data sent""}"
2025-08-01T20:36:52.170472,sensor.upnp_igd_packets_received,65463111,65464151,"{""state_class"": ""total_increasing"", ""unit_of_measurement"": ""packets"", ""friendly_name"": ""UPNP IGD Packets received""}"
2025-08-01T20:36:52.174608,sensor.upnp_igd_packets_sent,19372569,19372630,"{""state_class"": ""total_increasing"", ""unit_of_measurement"": ""packets"", ""friendly_name"": ""UPNP IGD Packets sent""}"
2025-08-01T20:36:52.176240,sensor.upnp_igd_uptime,907940,907970,"{""unit_of_measurement"": ""s"", ""device_class"": ""duration"", ""friendly_name"": ""UPNP IGD Uptime""}"
2025-08-01T20:36:52.177732,sensor.upnp_igd_download_speed,2.26668156378407,2.37688810055112,"{""state_class"": ""measurement"", ""unit_of_measurement"": ""KiB/s"", ""device_class"": ""data_rate"", ""friendly_name"": ""UPNP IGD Download speed""}"
2025-08-01T20:36:52.179178,sensor.upnp_igd_upload_speed,0.215043564078608,0.292294227613233,"{""state_class"": ""measurement"", ""unit_of_measurement"": ""KiB/s"", ""device_class"": ""data_rate"", ""friendly_name"": ""UPNP IGD Upload speed""}"
2025-08-01T20:36:52.180747,sensor.upnp_igd_packet_download_speed,34.4673881839927,34.660022340384,"{""state_class"": ""measurement"", ""unit_of_measurement"": ""packets/s"", ""friendly_name"": ""UPNP IGD Packet download speed""}"
2025-08-01T20:36:52.182194,sensor.upnp_igd_packet_upload_speed,1.96670783641738,2.03294361804175,"{""state_class"": ""measurement"", ""unit_of_measurement"": ""packets/s"", ""friendly_name"": ""UPNP IGD Packet upload speed""}"
2025-08-01T20:37:10.259962,automation.aut_status_bruno,on,on,"{""id"": ""1751855857509"", ""last_triggered"": ""2025-08-01T23:37:10.252305+00:00"", ""mode"": ""single"", ""current"": 1, ""friendly_name"": ""aut-status-bruno""}"
2025-08-01T20:37:10.263015,automation.aut_status_bruno,on,on,"{""id"": ""1751855857509"", ""last_triggered"": ""2025-08-01T23:37:10.252305+00:00"", ""mode"": ""single"", ""current"": 0, ""friendly_name"": ""aut-status-bruno""}"
2025-08-01T20:37:22.150108,sensor.upnp_igd_data_received,3609253708,3609317379,"{""state_class"": ""total_increasing"", ""unit_of_measurement"": ""B"", ""device_class"": ""data_size"", ""friendly_name"": ""UPNP IGD Data received""}"
2025-08-01T20:37:22.151762,sensor.upnp_igd_data_sent,1043351257,1043354765,"{""state_class"": ""total_increasing"", ""unit_of_measurement"": ""B"", ""device_class"": ""data_size"", ""friendly_name"": ""UPNP IGD Data sent""}"
2025-08-01T20:37:22.153328,sensor.upnp_igd_packets_received,65464151,65465119,"{""state_class"": ""total_increasing"", ""unit_of_measurement"": ""packets"", ""friendly_name"": ""UPNP IGD Packets received""}"
2025-08-01T20:37:22.154745,sensor.upnp_igd_packets_sent,19372630,19372669,"{""state_class"": ""total_increasing"", ""unit_of_measurement"": ""packets"", ""friendly_name"": ""UPNP IGD Packets sent""}"
2025-08-01T20:37:22.156121,sensor.upnp_igd_uptime,907970,908000,"{""unit_of_measurement"": ""s"", ""device_class"": ""duration"", ""friendly_name"": ""UPNP IGD Uptime""}"
2025-08-01T20:37:22.157533,sensor.upnp_igd_download_speed,2.37688810055112,2.07299089370364,"{""state_class"": ""measurement"", ""unit_of_measurement"": ""KiB/s"", ""device_class"": ""data_rate"", ""friendly_name"": ""UPNP IGD Download speed""}"
2025-08-01T20:37:22.158913,sensor.upnp_igd_upload_speed,0.292294227613233,0.114212939251973,"{""state_class"": ""measurement"", ""unit_of_measurement"": ""KiB/s"", ""device_class"": ""data_rate"", ""friendly_name"": ""UPNP IGD Upload speed""}"
2025-08-01T20:37:22.160315,sensor.upnp_igd_packet_download_speed,34.660022340384,32.2723831814742,"{""state_class"": ""measurement"", ""unit_of_measurement"": ""packets/s"", ""friendly_name"": ""UPNP IGD Packet download speed""}"
2025-08-01T20:37:22.161710,sensor.upnp_igd_packet_upload_speed,2.03294361804175,1.30023031412964,"{""state_class"": ""measurement"", ""unit_of_measurement"": ""packets/s"", ""friendly_name"": ""UPNP IGD Packet upload speed""}"
2025-08-01T20:37:52.171645,sensor.upnp_igd_data_received,3609317379,3609387195,"{""state_class"": ""total_increasing"", ""unit_of_measurement"": ""B"", ""device_class"": ""data_size"", ""friendly_name"": ""UPNP IGD Data received""}"
2025-08-01T20:37:52.174536,sensor.upnp_igd_data_sent,1043354765,1043362056,"{""state_class"": ""total_increasing"", ""unit_of_measurement"": ""B"", ""device_class"": ""data_size"", ""friendly_name"": ""UPNP IGD Data sent""}"
2025-08-01T20:37:52.176320,sensor.upnp_igd_packets_received,65465119,65466129,"{""state_class"": ""total_increasing"", ""unit_of_measurement"": ""packets"", ""friendly_name"": ""UPNP IGD Packets received""}"
2025-08-01T20:37:52.177878,sensor.upnp_igd_packets_sent,19372669,19372717,"{""state_class"": ""total_increasing"", ""unit_of_measurement"": ""packets"", ""friendly_name"": ""UPNP IGD Packets sent""}"
2025-08-01T20:37:52.179500,sensor.upnp_igd_uptime,908000,908030,"{""unit_of_measurement"": ""s"", ""device_class"": ""duration"", ""friendly_name"": ""UPNP IGD Uptime""}"
2025-08-01T20:37:52.181112,sensor.upnp_igd_download_speed,2.07299089370364,2.27197155350616,"{""state_class"": ""measurement"", ""unit_of_measurement"": ""KiB/s"", ""device_class"": ""data_rate"", ""friendly_name"": ""UPNP IGD Download speed""}"
2025-08-01T20:37:52.182746,sensor.upnp_igd_upload_speed,0.114212939251973,0.237265735599481,"{""state_class"": ""measurement"", ""unit_of_measurement"": ""KiB/s"", ""device_class"": ""data_rate"", ""friendly_name"": ""UPNP IGD Upload speed""}"
2025-08-01T20:37:52.184339,sensor.upnp_igd_packet_download_speed,32.2723831814742,33.6565237123039,"{""state_class"": ""measurement"", ""unit_of_measurement"": ""packets/s"", ""friendly_name"": ""UPNP IGD Packet download speed""}"
2025-08-01T20:37:52.185765,sensor.upnp_igd_packet_upload_speed,1.30023031412964,1.59951795860454,"{""state_class"": ""measurement"", ""unit_of_measurement"": ""packets/s"", ""friendly_name"": ""UPNP IGD Packet upload speed""}"
2025-08-01T20:37:54.149745,camera.192_168_0_33,idle,idle,"{""access_token"": ""77964d7ea9f93e480614b85cf196e74a8ad6cf984283fb2a86ea8a709dd18dfe"", ""entity_picture"": ""/api/camera_proxy/camera.192_168_0_33?token=77964d7ea9f93e480614b85cf196e74a8ad6cf984283fb2a86ea8a709dd18dfe"", ""friendly_name"": ""192_168_0_14"", ""supported_features"": 2}"
2025-08-01T20:37:54.151576,camera.admin_mainstream,idle,idle,"{""access_token"": ""9f69edc31cb1102c1e6df85f209c83ae4a9c0e32d9c952302949b9bb62ad314f"", ""entity_picture"": ""/api/camera_proxy/camera.admin_mainstream?token=9f69edc31cb1102c1e6df85f209c83ae4a9c0e32d9c952302949b9bb62ad314f"", ""friendly_name"": ""admin MainStream"", ""supported_features"": 2}"
2025-08-01T20:37:54.153234,camera.admin_substream,idle,idle,"{""access_token"": ""786bfa72803951056b80486936322a1811fe4d696661788c09f395f1d8fd066c"", ""entity_picture"": ""/api/camera_proxy/camera.admin_substream?token=786bfa72803951056b80486936322a1811fe4d696661788c09f395f1d8fd066c"", ""friendly_name"": ""admin SubStream"", ""supported_features"": 2}"
2025-08-01T20:38:10.261713,automation.aut_status_bruno,on,on,"{""id"": ""1751855857509"", ""last_triggered"": ""2025-08-01T23:38:10.252367+00:00"", ""mode"": ""single"", ""current"": 1, ""friendly_name"": ""aut-status-bruno""}"
2025-08-01T20:38:10.264684,automation.aut_status_bruno,on,on,"{""id"": ""1751855857509"", ""last_triggered"": ""2025-08-01T23:38:10.252367+00:00"", ""mode"": ""single"", ""current"": 0, ""friendly_name"": ""aut-status-bruno""}"
2025-08-01T20:38:22.149906,sensor.upnp_igd_data_received,3609387195,3609453401,"{""state_class"": ""total_increasing"", ""unit_of_measurement"": ""B"", ""device_class"": ""data_size"", ""friendly_name"": ""UPNP IGD Data received""}"
2025-08-01T20:38:22.152672,sensor.upnp_igd_data_sent,1043362056,1043366922,"{""state_class"": ""total_increasing"", ""unit_of_measurement"": ""B"", ""device_class"": ""data_size"", ""friendly_name"": ""UPNP IGD Data sent""}"
2025-08-01T20:38:22.154282,sensor.upnp_igd_packets_received,65466129,65467137,"{""state_class"": ""total_increasing"", ""unit_of_measurement"": ""packets"", ""friendly_name"": ""UPNP IGD Packets received""}"
2025-08-01T20:38:22.155772,sensor.upnp_igd_packets_sent,19372717,19372766,"{""state_class"": ""total_increasing"", ""unit_of_measurement"": ""packets"", ""friendly_name"": ""UPNP IGD Packets sent""}"
2025-08-01T20:38:22.157429,sensor.upnp_igd_uptime,908030,908060,"{""unit_of_measurement"": ""s"", ""device_class"": ""duration"", ""friendly_name"": ""UPNP IGD Uptime""}"
2025-08-01T20:38:22.159100,sensor.upnp_igd_download_speed,2.27197155350616,2.15578608457709,"{""state_class"": ""measurement"", ""unit_of_measurement"": ""KiB/s"", ""device_class"": ""data_rate"", ""friendly_name"": ""UPNP IGD Download speed""}"
2025-08-01T20:38:22.160864,sensor.upnp_igd_upload_speed,0.237265735599481,0.158445686003566,"{""state_class"": ""measurement"", ""unit_of_measurement"": ""KiB/s"", ""device_class"": ""data_rate"", ""friendly_name"": ""UPNP IGD Upload speed""}"
2025-08-01T20:38:22.162519,sensor.upnp_igd_packet_download_speed,33.6565237123039,33.6100225087121,"{""state_class"": ""measurement"", ""unit_of_measurement"": ""packets/s"", ""friendly_name"": ""UPNP IGD Packet download speed""}"
2025-08-01T20:38:22.164086,sensor.upnp_igd_packet_upload_speed,1.59951795860454,1.63382053861795,"{""state_class"": ""measurement"", ""unit_of_measurement"": ""packets/s"", ""friendly_name"": ""UPNP IGD Packet upload speed""}"
2025-08-01T20:38:52.147076,sensor.upnp_igd_data_received,3609453401,3610060682,"{""state_class"": ""total_increasing"", ""unit_of_measurement"": ""B"", ""device_class"": ""data_size"", ""friendly_name"": ""UPNP IGD Data received""}"
2025-08-01T20:38:52.150834,sensor.upnp_igd_data_sent,1043366922,1043380641,"{""state_class"": ""total_increasing"", ""unit_of_measurement"": ""B"", ""device_class"": ""data_size"", ""friendly_name"": ""UPNP IGD Data sent""}"
2025-08-01T20:38:52.152655,sensor.upnp_igd_packets_received,65467137,65468537,"{""state_class"": ""total_increasing"", ""unit_of_measurement"": ""packets"", ""friendly_name"": ""UPNP IGD Packets received""}"
2025-08-01T20:38:52.154071,sensor.upnp_igd_packets_sent,19372766,19372885,"{""state_class"": ""total_increasing"", ""unit_of_measurement"": ""packets"", ""friendly_name"": ""UPNP IGD Packets sent""}"
2025-08-01T20:38:52.155472,sensor.upnp_igd_uptime,908060,908090,"{""unit_of_measurement"": ""s"", ""device_class"": ""duration"", ""friendly_name"": ""UPNP IGD Uptime""}"
2025-08-01T20:38:52.156948,sensor.upnp_igd_download_speed,2.15578608457709,19.7686287562906,"{""state_class"": ""measurement"", ""unit_of_measurement"": ""KiB/s"", ""device_class"": ""data_rate"", ""friendly_name"": ""UPNP IGD Download speed""}"
2025-08-01T20:38:52.158380,sensor.upnp_igd_upload_speed,0.158445686003566,0.446590322943663,"{""state_class"": ""measurement"", ""unit_of_measurement"": ""KiB/s"", ""device_class"": ""data_rate"", ""friendly_name"": ""UPNP IGD Upload speed""}"
2025-08-01T20:38:52.159799,sensor.upnp_igd_packet_download_speed,33.6100225087121,46.6675331271984,"{""state_class"": ""measurement"", ""unit_of_measurement"": ""packets/s"", ""friendly_name"": ""UPNP IGD Packet download speed""}"
2025-08-01T20:38:52.161167,sensor.upnp_igd_packet_upload_speed,1.63382053861795,3.96674031581186,"{""state_class"": ""measurement"", ""unit_of_measurement"": ""packets/s"", ""friendly_name"": ""UPNP IGD Packet upload speed""}"
2025-08-01T20:39:10.259642,automation.aut_status_bruno,on,on,"{""id"": ""1751855857509"", ""last_triggered"": ""2025-08-01T23:39:10.252223+00:00"", ""mode"": ""single"", ""current"": 1, ""friendly_name"": ""aut-status-bruno""}"
2025-08-01T20:39:10.261753,automation.aut_status_bruno,on,on,"{""id"": ""1751855857509"", ""last_triggered"": ""2025-08-01T23:39:10.252223+00:00"", ""mode"": ""single"", ""current"": 0, ""friendly_name"": ""aut-status-bruno""}"
2025-08-01T20:39:22.172654,sensor.upnp_igd_data_received,3610060682,3610126994,"{""state_class"": ""total_increasing"", ""unit_of_measurement"": ""B"", ""device_class"": ""data_size"", ""friendly_name"": ""UPNP IGD Data received""}"
2025-08-01T20:39:22.175043,sensor.upnp_igd_data_sent,1043380641,1043385984,"{""state_class"": ""total_increasing"", ""unit_of_measurement"": ""B"", ""device_class"": ""data_size"", ""friendly_name"": ""UPNP IGD Data sent""}"
2025-08-01T20:39:22.176598,sensor.upnp_igd_packets_received,65468537,65469543,"{""state_class"": ""total_increasing"", ""unit_of_measurement"": ""packets"", ""friendly_name"": ""UPNP IGD Packets received""}"
2025-08-01T20:39:22.177973,sensor.upnp_igd_packets_sent,19372885,19372938,"{""state_class"": ""total_increasing"", ""unit_of_measurement"": ""packets"", ""friendly_name"": ""UPNP IGD Packets sent""}"
2025-08-01T20:39:22.179354,sensor.upnp_igd_uptime,908090,908120,"{""unit_of_measurement"": ""s"", ""device_class"": ""duration"", ""friendly_name"": ""UPNP IGD Uptime""}"
2025-08-01T20:39:22.180829,sensor.upnp_igd_download_speed,19.7686287562906,2.15858461199181,"{""state_class"": ""measurement"", ""unit_of_measurement"": ""KiB/s"", ""device_class"": ""data_rate"", ""friendly_name"": ""UPNP IGD Download speed""}"
2025-08-01T20:39:22.182208,sensor.upnp_igd_upload_speed,0.446590322943663,0.17392504496731,"{""state_class"": ""measurement"", ""unit_of_measurement"": ""KiB/s"", ""device_class"": ""data_rate"", ""friendly_name"": ""UPNP IGD Upload speed""}"
2025-08-01T20:39:22.183630,sensor.upnp_igd_packet_download_speed,46.6675331271984,33.5331913761565,"{""state_class"": ""measurement"", ""unit_of_measurement"": ""packets/s"", ""friendly_name"": ""UPNP IGD Packet download speed""}"
2025-08-01T20:39:22.185207,sensor.upnp_igd_packet_upload_speed,3.96674031581186,1.76665918780944,"{""state_class"": ""measurement"", ""unit_of_measurement"": ""packets/s"", ""friendly_name"": ""UPNP IGD Packet upload speed""}"
2025-08-01T20:39:52.148721,sensor.upnp_igd_data_received,3610126994,3610199885,"{""state_class"": ""total_increasing"", ""unit_of_measurement"": ""B"", ""device_class"": ""data_size"", ""friendly_name"": ""UPNP IGD Data received""}"
2025-08-01T20:39:52.151275,sensor.upnp_igd_data_sent,1043385984,1043393281,"{""state_class"": ""total_increasing"", ""unit_of_measurement"": ""B"", ""device_class"": ""data_size"", ""friendly_name"": ""UPNP IGD Data sent""}"
2025-08-01T20:39:52.152959,sensor.upnp_igd_packets_received,65469543,65470599,"{""state_class"": ""total_increasing"", ""unit_of_measurement"": ""packets"", ""friendly_name"": ""UPNP IGD Packets received""}"
2025-08-01T20:39:52.154354,sensor.upnp_igd_packets_sent,19372938,19372987,"{""state_class"": ""total_increasing"", ""unit_of_measurement"": ""packets"", ""friendly_name"": ""UPNP IGD Packets sent""}"
2025-08-01T20:39:52.155779,sensor.upnp_igd_uptime,908120,908150,"{""unit_of_measurement"": ""s"", ""device_class"": ""duration"", ""friendly_name"": ""UPNP IGD Uptime""}"
2025-08-01T20:39:52.157219,sensor.upnp_igd_download_speed,2.15858461199181,2.37274417799887,"{""state_class"": ""measurement"", ""unit_of_measurement"": ""KiB/s"", ""device_class"": ""data_rate"", ""friendly_name"": ""UPNP IGD Download speed""}"
2025-08-01T20:39:52.158738,sensor.upnp_igd_upload_speed,0.17392504496731,0.237531578203863,"{""state_class"": ""measurement"", ""unit_of_measurement"": ""KiB/s"", ""device_class"": ""data_rate"", ""friendly_name"": ""UPNP IGD Upload speed""}"
2025-08-01T20:39:52.160916,sensor.upnp_igd_packet_download_speed,33.5331913761565,35.1998556805917,"{""state_class"": ""measurement"", ""unit_of_measurement"": ""packets/s"", ""friendly_name"": ""UPNP IGD Packet download speed""}"
2025-08-01T20:39:52.162421,sensor.upnp_igd_packet_upload_speed,1.76665918780944,1.63332663669412,"{""state_class"": ""measurement"", ""unit_of_measurement"": ""packets/s"", ""friendly_name"": ""UPNP IGD Packet upload speed""}"
2025-08-01T20:40:10.259158,automation.aut_status_bruno,on,on,"{""id"": ""1751855857509"", ""last_triggered"": ""2025-08-01T23:40:10.252774+00:00"", ""mode"": ""single"", ""current"": 1, ""friendly_name"": ""aut-status-bruno""}"
2025-08-01T20:40:10.262059,automation.aut_status_bruno,on,on,"{""id"": ""1751855857509"", ""last_triggered"": ""2025-08-01T23:40:10.252774+00:00"", ""mode"": ""single"", ""current"": 0, ""friendly_name"": ""aut-status-bruno""}"
2025-08-01T20:40:22.148565,sensor.upnp_igd_data_received,3610199885,3610265876,"{""state_class"": ""total_increasing"", ""unit_of_measurement"": ""B"", ""device_class"": ""data_size"", ""friendly_name"": ""UPNP IGD Data received""}"
2025-08-01T20:40:22.151922,sensor.upnp_igd_data_sent,1043393281,1043396564,"{""state_class"": ""total_increasing"", ""unit_of_measurement"": ""B"", ""device_class"": ""data_size"", ""friendly_name"": ""UPNP IGD Data sent""}"
2025-08-01T20:40:22.153398,sensor.upnp_igd_packets_received,65470599,65471605,"{""state_class"": ""total_increasing"", ""unit_of_measurement"": ""packets"", ""friendly_name"": ""UPNP IGD Packets received""}"
2025-08-01T20:40:22.154682,sensor.upnp_igd_packets_sent,19372987,19373023,"{""state_class"": ""total_increasing"", ""unit_of_measurement"": ""packets"", ""friendly_name"": ""UPNP IGD Packets sent""}"
2025-08-01T20:40:22.156005,sensor.upnp_igd_uptime,908150,908180,"{""unit_of_measurement"": ""s"", ""device_class"": ""duration"", ""friendly_name"": ""UPNP IGD Uptime""}"
2025-08-01T20:40:22.157313,sensor.upnp_igd_download_speed,2.37274417799887,2.14811918344364,"{""state_class"": ""measurement"", ""unit_of_measurement"": ""KiB/s"", ""device_class"": ""data_rate"", ""friendly_name"": ""UPNP IGD Download speed""}"
2025-08-01T20:40:22.158682,sensor.upnp_igd_upload_speed,0.237531578203863,0.106867228550036,"{""state_class"": ""measurement"", ""unit_of_measurement"": ""KiB/s"", ""device_class"": ""data_rate"", ""friendly_name"": ""UPNP IGD Upload speed""}"
2025-08-01T20:40:22.160030,sensor.upnp_igd_packet_download_speed,35.1998556805917,33.5329376446691,"{""state_class"": ""measurement"", ""unit_of_measurement"": ""packets/s"", ""friendly_name"": ""UPNP IGD Packet download speed""}"
2025-08-01T20:40:22.161378,sensor.upnp_igd_packet_upload_speed,1.63332663669412,1.19998584016709,"{""state_class"": ""measurement"", ""unit_of_measurement"": ""packets/s"", ""friendly_name"": ""UPNP IGD Packet upload speed""}"
2025-08-01T20:40:30.560026,sun.sun,below_horizon,below_horizon,"{""next_dawn"": ""2025-08-02T08:31:09.736771+00:00"", ""next_dusk"": ""2025-08-02T20:49:37.368246+00:00"", ""next_midnight"": ""2025-08-02T02:40:20+00:00"", ""next_noon"": ""2025-08-02T14:40:22+00:00"", ""next_rising"": ""2025-08-02T08:53:48.246946+00:00"", ""next_setting"": ""2025-08-02T20:26:59.292686+00:00"", ""elevation"": -46.47, ""azimuth"": 282.19, ""rising"": false, ""friendly_name"": ""Sun""}"
2025-08-01T20:40:52.159142,sensor.upnp_igd_data_received,3610265876,3610335958,"{""state_class"": ""total_increasing"", ""unit_of_measurement"": ""B"", ""device_class"": ""data_size"", ""friendly_name"": ""UPNP IGD Data received""}"
2025-08-01T20:40:52.161701,sensor.upnp_igd_data_sent,1043396564,1043403962,"{""state_class"": ""total_increasing"", ""unit_of_measurement"": ""B"", ""device_class"": ""data_size"", ""friendly_name"": ""UPNP IGD Data sent""}"
2025-08-01T20:40:52.163387,sensor.upnp_igd_packets_received,65471605,65472614,"{""state_class"": ""total_increasing"", ""unit_of_measurement"": ""packets"", ""friendly_name"": ""UPNP IGD Packets received""}"
2025-08-01T20:40:52.164870,sensor.upnp_igd_packets_sent,19373023,19373073,"{""state_class"": ""total_increasing"", ""unit_of_measurement"": ""packets"", ""friendly_name"": ""UPNP IGD Packets sent""}"
2025-08-01T20:40:52.166233,sensor.upnp_igd_uptime,908180,908210,"{""unit_of_measurement"": ""s"", ""device_class"": ""duration"", ""friendly_name"": ""UPNP IGD Uptime""}"
2025-08-01T20:40:52.168509,sensor.upnp_igd_download_speed,2.14811918344364,2.28127548601573,"{""state_class"": ""measurement"", ""unit_of_measurement"": ""KiB/s"", ""device_class"": ""data_rate"", ""friendly_name"": ""UPNP IGD Download speed""}"
2025-08-01T20:40:52.170224,sensor.upnp_igd_upload_speed,0.106867228550036,0.240816130326537,"{""state_class"": ""measurement"", ""unit_of_measurement"": ""KiB/s"", ""device_class"": ""data_rate"", ""friendly_name"": ""UPNP IGD Upload speed""}"
2025-08-01T20:40:52.171886,sensor.upnp_igd_packet_download_speed,33.5329376446691,33.6327492445881,"{""state_class"": ""measurement"", ""unit_of_measurement"": ""packets/s"", ""friendly_name"": ""UPNP IGD Packet download speed""}"
2025-08-01T20:40:52.173676,sensor.upnp_igd_packet_upload_speed,1.19998584016709,1.66663772272488,"{""state_class"": ""measurement"", ""unit_of_measurement"": ""packets/s"", ""friendly_name"": ""UPNP IGD Packet upload speed""}"
2025-08-01T20:41:10.259576,automation.aut_status_bruno,on,on,"{""id"": ""1751855857509"", ""last_triggered"": ""2025-08-01T23:41:10.252964+00:00"", ""mode"": ""single"", ""current"": 1, ""friendly_name"": ""aut-status-bruno""}"
2025-08-01T20:41:10.261892,automation.aut_status_bruno,on,on,"{""id"": ""1751855857509"", ""last_triggered"": ""2025-08-01T23:41:10.252964+00:00"", ""mode"": ""single"", ""current"": 0, ""friendly_name"": ""aut-status-bruno""}"
2025-08-01T20:41:22.148570,sensor.upnp_igd_data_received,3610335958,3610406450,"{""state_class"": ""total_increasing"", ""unit_of_measurement"": ""B"", ""device_class"": ""data_size"", ""friendly_name"": ""UPNP IGD Data received""}"
2025-08-01T20:41:22.151273,sensor.upnp_igd_data_sent,1043403962,1043412239,"{""state_class"": ""total_increasing"", ""unit_of_measurement"": ""B"", ""device_class"": ""data_size"", ""friendly_name"": ""UPNP IGD Data sent""}"
2025-08-01T20:41:22.152893,sensor.upnp_igd_packets_received,65472614,65473629,"{""state_class"": ""total_increasing"", ""unit_of_measurement"": ""packets"", ""friendly_name"": ""UPNP IGD Packets received""}"
2025-08-01T20:41:22.154362,sensor.upnp_igd_packets_sent,19373073,19373144,"{""state_class"": ""total_increasing"", ""unit_of_measurement"": ""packets"", ""friendly_name"": ""UPNP IGD Packets sent""}"
2025-08-01T20:41:22.155783,sensor.upnp_igd_uptime,908210,908240,"{""unit_of_measurement"": ""s"", ""device_class"": ""duration"", ""friendly_name"": ""UPNP IGD Uptime""}"
2025-08-01T20:41:22.157254,sensor.upnp_igd_download_speed,2.28127548601573,2.29476120395367,"{""state_class"": ""measurement"", ""unit_of_measurement"": ""KiB/s"", ""device_class"": ""data_rate"", ""friendly_name"": ""UPNP IGD Download speed""}"
2025-08-01T20:41:22.158675,sensor.upnp_igd_upload_speed,0.240816130326537,0.269445305639285,"{""state_class"": ""measurement"", ""unit_of_measurement"": ""KiB/s"", ""device_class"": ""data_rate"", ""friendly_name"": ""UPNP IGD Upload speed""}"
2025-08-01T20:41:22.160215,sensor.upnp_igd_packet_download_speed,33.6327492445881,33.8348040194814,"{""state_class"": ""measurement"", ""unit_of_measurement"": ""packets/s"", ""friendly_name"": ""UPNP IGD Packet download speed""}"
2025-08-01T20:41:22.161733,sensor.upnp_igd_packet_upload_speed,1.66663772272488,2.36676954224944,"{""state_class"": ""measurement"", ""unit_of_measurement"": ""packets/s"", ""friendly_name"": ""UPNP IGD Packet upload speed""}"
2025-08-01T20:41:52.148337,sensor.upnp_igd_data_received,3610406450,3610479449,"{""state_class"": ""total_increasing"", ""unit_of_measurement"": ""B"", ""device_class"": ""data_size"", ""friendly_name"": ""UPNP IGD Data received""}"
2025-08-01T20:41:52.151402,sensor.upnp_igd_data_sent,1043412239,1043421174,"{""state_class"": ""total_increasing"", ""unit_of_measurement"": ""B"", ""device_class"": ""data_size"", ""friendly_name"": ""UPNP IGD Data sent""}"
2025-08-01T20:41:52.153033,sensor.upnp_igd_packets_received,65473629,65474630,"{""state_class"": ""total_increasing"", ""unit_of_measurement"": ""packets"", ""friendly_name"": ""UPNP IGD Packets received""}"
2025-08-01T20:41:52.154471,sensor.upnp_igd_packets_sent,19373144,19373204,"{""state_class"": ""total_increasing"", ""unit_of_measurement"": ""packets"", ""friendly_name"": ""UPNP IGD Packets sent""}"
2025-08-01T20:41:52.155912,sensor.upnp_igd_uptime,908240,908270,"{""unit_of_measurement"": ""s"", ""device_class"": ""duration"", ""friendly_name"": ""UPNP IGD Uptime""}"
2025-08-01T20:41:52.157359,sensor.upnp_igd_download_speed,2.29476120395367,2.37623135313293,"{""state_class"": ""measurement"", ""unit_of_measurement"": ""KiB/s"", ""device_class"": ""data_rate"", ""friendly_name"": ""UPNP IGD Download speed""}"
2025-08-01T20:41:52.158774,sensor.upnp_igd_upload_speed,0.269445305639285,0.290848191622388,"{""state_class"": ""measurement"", ""unit_of_measurement"": ""KiB/s"", ""device_class"": ""data_rate"", ""friendly_name"": ""UPNP IGD Upload speed""}"
2025-08-01T20:41:52.160199,sensor.upnp_igd_packet_download_speed,33.8348040194814,33.3661305841686,"{""state_class"": ""measurement"", ""unit_of_measurement"": ""packets/s"", ""friendly_name"": ""UPNP IGD Packet download speed""}"
2025-08-01T20:41:52.161625,sensor.upnp_igd_packet_upload_speed,2.36676954224944,1.99996786718293,"{""state_class"": ""measurement"", ""unit_of_measurement"": ""packets/s"", ""friendly_name"": ""UPNP IGD Packet upload speed""}"
2025-08-01T20:42:10.260482,automation.aut_status_bruno,on,on,"{""id"": ""1751855857509"", ""last_triggered"": ""2025-08-01T23:42:10.252672+00:00"", ""mode"": ""single"", ""current"": 1, ""friendly_name"": ""aut-status-bruno""}"
2025-08-01T20:42:10.263130,automation.aut_status_bruno,on,on,"{""id"": ""1751855857509"", ""last_triggered"": ""2025-08-01T23:42:10.252672+00:00"", ""mode"": ""single"", ""current"": 0, ""friendly_name"": ""aut-status-bruno""}"
2025-08-01T20:42:22.148321,sensor.upnp_igd_data_received,3610479449,3610543804,"{""state_class"": ""total_increasing"", ""unit_of_measurement"": ""B"", ""device_class"": ""data_size"", ""friendly_name"": ""UPNP IGD Data received""}"
2025-08-01T20:42:22.151363,sensor.upnp_igd_data_sent,1043421174,1043425080,"{""state_class"": ""total_increasing"", ""unit_of_measurement"": ""B"", ""device_class"": ""data_size"", ""friendly_name"": ""UPNP IGD Data sent""}"
2025-08-01T20:42:22.152901,sensor.upnp_igd_packets_received,65474630,65475602,"{""state_class"": ""total_increasing"", ""unit_of_measurement"": ""packets"", ""friendly_name"": ""UPNP IGD Packets received""}"
2025-08-01T20:42:22.154258,sensor.upnp_igd_packets_sent,19373204,19373246,"{""state_class"": ""total_increasing"", ""unit_of_measurement"": ""packets"", ""friendly_name"": ""UPNP IGD Packets sent""}"
2025-08-01T20:42:22.155662,sensor.upnp_igd_uptime,908270,908300,"{""unit_of_measurement"": ""s"", ""device_class"": ""duration"", ""friendly_name"": ""UPNP IGD Uptime""}"
2025-08-01T20:42:22.157069,sensor.upnp_igd_download_speed,2.37623135313293,2.09491411273367,"{""state_class"": ""measurement"", ""unit_of_measurement"": ""KiB/s"", ""device_class"": ""data_rate"", ""friendly_name"": ""UPNP IGD Download speed""}"
2025-08-01T20:42:22.158542,sensor.upnp_igd_upload_speed,0.290848191622388,0.127149942107648,"{""state_class"": ""measurement"", ""unit_of_measurement"": ""KiB/s"", ""device_class"": ""data_rate"", ""friendly_name"": ""UPNP IGD Upload speed""}"
2025-08-01T20:42:22.160030,sensor.upnp_igd_packet_download_speed,33.3661305841686,32.400383404537,"{""state_class"": ""measurement"", ""unit_of_measurement"": ""packets/s"", ""friendly_name"": ""UPNP IGD Packet download speed""}"
2025-08-01T20:42:22.161455,sensor.upnp_igd_packet_upload_speed,1.99996786718293,1.40001656686271,"{""state_class"": ""measurement"", ""unit_of_measurement"": ""packets/s"", ""friendly_name"": ""UPNP IGD Packet upload speed""}"
2025-08-01T20:42:52.150386,sensor.upnp_igd_data_received,3610543804,3610614128,"{""state_class"": ""total_increasing"", ""unit_of_measurement"": ""B"", ""device_class"": ""data_size"", ""friendly_name"": ""UPNP IGD Data received""}"
2025-08-01T20:42:52.153256,sensor.upnp_igd_data_sent,1043425080,1043432530,"{""state_class"": ""total_increasing"", ""unit_of_measurement"": ""B"", ""device_class"": ""data_size"", ""friendly_name"": ""UPNP IGD Data sent""}"
2025-08-01T20:42:52.154799,sensor.upnp_igd_packets_received,65475602,65476617,"{""state_class"": ""total_increasing"", ""unit_of_measurement"": ""packets"", ""friendly_name"": ""UPNP IGD Packets received""}"
2025-08-01T20:42:52.156282,sensor.upnp_igd_packets_sent,19373246,19373295,"{""state_class"": ""total_increasing"", ""unit_of_measurement"": ""packets"", ""friendly_name"": ""UPNP IGD Packets sent""}"
2025-08-01T20:42:52.157615,sensor.upnp_igd_uptime,908300,908330,"{""unit_of_measurement"": ""s"", ""device_class"": ""duration"", ""friendly_name"": ""UPNP IGD Uptime""}"
2025-08-01T20:42:52.159023,sensor.upnp_igd_download_speed,2.09491411273367,2.28918591708178,"{""state_class"": ""measurement"", ""unit_of_measurement"": ""KiB/s"", ""device_class"": ""data_rate"", ""friendly_name"": ""UPNP IGD Download speed""}"
2025-08-01T20:42:52.160460,sensor.upnp_igd_upload_speed,0.127149942107648,0.242512301380173,"{""state_class"": ""measurement"", ""unit_of_measurement"": ""KiB/s"", ""device_class"": ""data_rate"", ""friendly_name"": ""UPNP IGD Upload speed""}"
2025-08-01T20:42:52.161829,sensor.upnp_igd_packet_download_speed,32.400383404537,33.8332329614089,"{""state_class"": ""measurement"", ""unit_of_measurement"": ""packets/s"", ""friendly_name"": ""UPNP IGD Packet download speed""}"
2025-08-01T20:42:52.163205,sensor.upnp_igd_packet_upload_speed,1.40001656686271,1.63332848779215,"{""state_class"": ""measurement"", ""unit_of_measurement"": ""packets/s"", ""friendly_name"": ""UPNP IGD Packet upload speed""}"
2025-08-01T20:42:54.150311,camera.192_168_0_33,idle,idle,"{""access_token"": ""babb63f49555d185ccf198361dd05ae4186cff0bfebc343635cf286a3c6b94d5"", ""entity_picture"": ""/api/camera_proxy/camera.192_168_0_33?token=babb63f49555d185ccf198361dd05ae4186cff0bfebc343635cf286a3c6b94d5"", ""friendly_name"": ""192_168_0_14"", ""supported_features"": 2}"
2025-08-01T20:42:54.152155,camera.admin_mainstream,idle,idle,"{""access_token"": ""c10127ff4342210fd7cec9ee3b67510b4b7b05795919b1d1bd62cc5321e09e9d"", ""entity_picture"": ""/api/camera_proxy/camera.admin_mainstream?token=c10127ff4342210fd7cec9ee3b67510b4b7b05795919b1d1bd62cc5321e09e9d"", ""friendly_name"": ""admin MainStream"", ""supported_features"": 2}"
2025-08-01T20:42:54.153812,camera.admin_substream,idle,idle,"{""access_token"": ""f592390448a6c4c338205b03661840b907d2ad7d191cb39e2317906a35f7f71"", ""entity_picture"": ""/api/camera_proxy/camera.admin_substream?token=f592390448a6c4c338205b03661840b907d2ad7d191cb39e2317906a35f7f71"", ""friendly_name"": ""admin SubStream"", ""supported_features"": 2}"
2025-08-01T20:43:10.262680,automation.aut_status_bruno,on,on,"{""id"": ""1751855857509"", ""last_triggered"": ""2025-08-01T23:43:10.252443+00:00"", ""mode"": ""single"", ""current"": 1, ""friendly_name"": ""aut-status-bruno""}"
2025-08-01T20:43:10.264949,automation.aut_status_bruno,on,on,"{""id"": ""1751855857509"", ""last_triggered"": ""2025-08-01T23:43:10.252443+00:00"", ""mode"": ""single"", ""current"": 0, ""friendly_name"": ""aut-status-bruno""}"
2025-08-01T20:43:22.148977,sensor.upnp_igd_data_received,3610614128,3610681632,"{""state_class"": ""total_increasing"", ""unit_of_measurement"": ""B"", ""device_class"": ""data_size"", ""friendly_name"": ""UPNP IGD Data received""}"
2025-08-01T20:43:22.152600,sensor.upnp_igd_data_sent,1043432530,1043436243,"{""state_class"": ""total_increasing"", ""unit_of_measurement"": ""B"", ""device_class"": ""data_size"", ""friendly_name"": ""UPNP IGD Data sent""}"
2025-08-01T20:43:22.154757,sensor.upnp_igd_packets_received,65476617,65477652,"{""state_class"": ""total_increasing"", ""unit_of_measurement"": ""packets"", ""friendly_name"": ""UPNP IGD Packets received""}"
2025-08-01T20:43:22.156922,sensor.upnp_igd_packets_sent,19373295,19373333,"{""state_class"": ""total_increasing"", ""unit_of_measurement"": ""packets"", ""friendly_name"": ""UPNP IGD Packets sent""}"
2025-08-01T20:43:22.158782,sensor.upnp_igd_uptime,908330,908360,"{""unit_of_measurement"": ""s"", ""device_class"": ""duration"", ""friendly_name"": ""UPNP IGD Uptime""}"
2025-08-01T20:43:22.161010,sensor.upnp_igd_download_speed,2.28918591708178,2.19740923752968,"{""state_class"": ""measurement"", ""unit_of_measurement"": ""KiB/s"", ""device_class"": ""data_rate"", ""friendly_name"": ""UPNP IGD Download speed""}"
2025-08-01T20:43:22.163175,sensor.upnp_igd_upload_speed,0.242512301380173,0.120866622703065,"{""state_class"": ""measurement"", ""unit_of_measurement"": ""KiB/s"", ""device_class"": ""data_rate"", ""friendly_name"": ""UPNP IGD Upload speed""}"
2025-08-01T20:43:22.165321,sensor.upnp_igd_packet_download_speed,33.8332329614089,34.5002104512837,"{""state_class"": ""measurement"", ""unit_of_measurement"": ""packets/s"", ""friendly_name"": ""UPNP IGD Packet download speed""}"
2025-08-01T20:43:22.167089,sensor.upnp_igd_packet_upload_speed,1.63332848779215,1.26667439338047,"{""state_class"": ""measurement"", ""unit_of_measurement"": ""packets/s"", ""friendly_name"": ""UPNP IGD Packet upload speed""}"
2025-08-01T20:43:40.711665,sensor.tauntaum_energy,229.213,229.218,"{""state_class"": ""total_increasing"", ""unit_of_measurement"": ""kWh"", ""device_class"": ""energy"", ""friendly_name"": ""Tauntaum Energy""}"
2025-08-01T20:43:40.713696,sensor.tauntaum_power,66,2,"{""state_class"": ""measurement"", ""power_consumption_start"": ""2025-08-01T23:32:30Z"", ""power_consumption_end"": ""2025-08-01T23:43:40Z"", ""unit_of_measurement"": ""W"", ""device_class"": ""power"", ""friendly_name"": ""Tauntaum Power""}"
2025-08-01T20:43:40.715379,sensor.tauntaum_energy_difference,0.017,0.005,"{""state_class"": ""total"", ""unit_of_measurement"": ""kWh"", ""device_class"": ""energy"", ""friendly_name"": ""Tauntaum Energy difference""}"
2025-08-01T20:43:40.716894,sensor.tauntaum_power_energy,0.00977841666638851,0.0122949566678206,"{""state_class"": ""total"", ""unit_of_measurement"": ""kWh"", ""device_class"": ""energy"", ""friendly_name"": ""Tauntaum Power energy""}"
2025-08-01T20:43:40.718283,sensor.tauntaum_energy_saved,0.002,0.0,"{""state_class"": ""total_increasing"", ""unit_of_measurement"": ""kWh"", ""device_class"": ""energy"", ""friendly_name"": ""Tauntaum Energy saved""}"
2025-08-01T20:43:52.148465,sensor.upnp_igd_data_received,3610681632,3611306125,"{""state_class"": ""total_increasing"", ""unit_of_measurement"": ""B"", ""device_class"": ""data_size"", ""friendly_name"": ""UPNP IGD Data received""}"
2025-08-01T20:43:52.152031,sensor.upnp_igd_data_sent,1043436243,1043455814,"{""state_class"": ""total_increasing"", ""unit_of_measurement"": ""B"", ""device_class"": ""data_size"", ""friendly_name"": ""UPNP IGD Data sent""}"
2025-08-01T20:43:52.153572,sensor.upnp_igd_packets_received,65477652,65479101,"{""state_class"": ""total_increasing"", ""unit_of_measurement"": ""packets"", ""friendly_name"": ""UPNP IGD Packets received""}"
2025-08-01T20:43:52.154985,sensor.upnp_igd_packets_sent,19373333,19373499,"{""state_class"": ""total_increasing"", ""unit_of_measurement"": ""packets"", ""friendly_name"": ""UPNP IGD Packets sent""}"
2025-08-01T20:43:52.156424,sensor.upnp_igd_uptime,908360,908390,"{""unit_of_measurement"": ""s"", ""device_class"": ""duration"", ""friendly_name"": ""UPNP IGD Uptime""}"
2025-08-01T20:43:52.157872,sensor.upnp_igd_download_speed,2.19740923752968,20.3281931113103,"{""state_class"": ""measurement"", ""unit_of_measurement"": ""KiB/s"", ""device_class"": ""data_rate"", ""friendly_name"": ""UPNP IGD Download speed""}"
2025-08-01T20:43:52.159227,sensor.upnp_igd_upload_speed,0.120866622703065,0.637065695502519,"{""state_class"": ""measurement"", ""unit_of_measurement"": ""KiB/s"", ""device_class"": ""data_rate"", ""friendly_name"": ""UPNP IGD Upload speed""}"
2025-08-01T20:43:52.160684,sensor.upnp_igd_packet_download_speed,34.5002104512837,48.2991563747353,"{""state_class"": ""measurement"", ""unit_of_measurement"": ""packets/s"", ""friendly_name"": ""UPNP IGD Packet download speed""}"
2025-08-01T20:43:52.162079,sensor.upnp_igd_packet_upload_speed,1.26667439338047,5.53323668613255,"{""state_class"": ""measurement"", ""unit_of_measurement"": ""packets/s"", ""friendly_name"": ""UPNP IGD Packet upload speed""}"
2025-08-01T20:44:10.259646,automation.aut_status_bruno,on,on,"{""id"": ""1751855857509"", ""last_triggered"": ""2025-08-01T23:44:10.252820+00:00"", ""mode"": ""single"", ""current"": 1, ""friendly_name"": ""aut-status-bruno""}"
2025-08-01T20:44:10.261806,automation.aut_status_bruno,on,on,"{""id"": ""1751855857509"", ""last_triggered"": ""2025-08-01T23:44:10.252820+00:00"", ""mode"": ""single"", ""current"": 0, ""friendly_name"": ""aut-status-bruno""}"
2025-08-01T20:44:22.153372,sensor.upnp_igd_data_received,3611306125,3611377647,"{""state_class"": ""total_increasing"", ""unit_of_measurement"": ""B"", ""device_class"": ""data_size"", ""friendly_name"": ""UPNP IGD Data received""}"
2025-08-01T20:44:22.155140,sensor.upnp_igd_data_sent,1043455814,1043468175,"{""state_class"": ""total_increasing"", ""unit_of_measurement"": ""B"", ""device_class"": ""data_size"", ""friendly_name"": ""UPNP IGD Data sent""}"
2025-08-01T20:44:22.156990,sensor.upnp_igd_packets_received,65479101,65480118,"{""state_class"": ""total_increasing"", ""unit_of_measurement"": ""packets"", ""friendly_name"": ""UPNP IGD Packets received""}"
2025-08-01T20:44:22.158735,sensor.upnp_igd_packets_sent,19373499,19373553,"{""state_class"": ""total_increasing"", ""unit_of_measurement"": ""packets"", ""friendly_name"": ""UPNP IGD Packets sent""}"
2025-08-01T20:44:22.160561,sensor.upnp_igd_uptime,908390,908420,"{""unit_of_measurement"": ""s"", ""device_class"": ""duration"", ""friendly_name"": ""UPNP IGD Uptime""}"
2025-08-01T20:44:22.163239,sensor.upnp_igd_download_speed,20.3281931113103,2.32821579214757,"{""state_class"": ""measurement"", ""unit_of_measurement"": ""KiB/s"", ""device_class"": ""data_rate"", ""friendly_name"": ""UPNP IGD Download speed""}"
2025-08-01T20:44:22.165165,sensor.upnp_igd_upload_speed,0.637065695502519,0.402380741684183,"{""state_class"": ""measurement"", ""unit_of_measurement"": ""KiB/s"", ""device_class"": ""data_rate"", ""friendly_name"": ""UPNP IGD Upload speed""}"
2025-08-01T20:44:22.166919,sensor.upnp_igd_packet_download_speed,48.2991563747353,33.9003740341268,"{""state_class"": ""measurement"", ""unit_of_measurement"": ""packets/s"", ""friendly_name"": ""UPNP IGD Packet download speed""}"
2025-08-01T20:44:22.168733,sensor.upnp_igd_packet_upload_speed,5.53323668613255,1.80001986021912,"{""state_class"": ""measurement"", ""unit_of_measurement"": ""packets/s"", ""friendly_name"": ""UPNP IGD Packet upload speed""}"
2025-08-01T20:44:52.172213,sensor.upnp_igd_data_received,3611377647,3611444985,"{""state_class"": ""total_increasing"", ""unit_of_measurement"": ""B"", ""device_class"": ""data_size"", ""friendly_name"": ""UPNP IGD Data received""}"
2025-08-01T20:44:52.174955,sensor.upnp_igd_data_sent,1043468175,1043475192,"{""state_class"": ""total_increasing"", ""unit_of_measurement"": ""B"", ""device_class"": ""data_size"", ""friendly_name"": ""UPNP IGD Data sent""}"
2025-08-01T20:44:52.176581,sensor.upnp_igd_packets_received,65480118,65481090,"{""state_class"": ""total_increasing"", ""unit_of_measurement"": ""packets"", ""friendly_name"": ""UPNP IGD Packets received""}"
2025-08-01T20:44:52.178139,sensor.upnp_igd_packets_sent,19373553,19373599,"{""state_class"": ""total_increasing"", ""unit_of_measurement"": ""packets"", ""friendly_name"": ""UPNP IGD Packets sent""}"
2025-08-01T20:44:52.179661,sensor.upnp_igd_uptime,908420,908450,"{""unit_of_measurement"": ""s"", ""device_class"": ""duration"", ""friendly_name"": ""UPNP IGD Uptime""}"
2025-08-01T20:44:52.181147,sensor.upnp_igd_download_speed,2.32821579214757,2.19195105188526,"{""state_class"": ""measurement"", ""unit_of_measurement"": ""KiB/s"", ""device_class"": ""data_rate"", ""friendly_name"": ""UPNP IGD Download speed""}"
2025-08-01T20:44:52.182555,sensor.upnp_igd_upload_speed,0.402380741684183,0.228413682186564,"{""state_class"": ""measurement"", ""unit_of_measurement"": ""KiB/s"", ""device_class"": ""data_rate"", ""friendly_name"": ""UPNP IGD Upload speed""}"
2025-08-01T20:44:52.183963,sensor.upnp_igd_packet_download_speed,33.9003740341268,32.3993919714107,"{""state_class"": ""measurement"", ""unit_of_measurement"": ""packets/s"", ""friendly_name"": ""UPNP IGD Packet download speed""}"
2025-08-01T20:44:52.185355,sensor.upnp_igd_packet_upload_speed,1.80001986021912,1.53330455831779,"{""state_class"": ""measurement"", ""unit_of_measurement"": ""packets/s"", ""friendly_name"": ""UPNP IGD Packet upload speed""}"
2025-08-01T20:45:10.259376,automation.aut_status_bruno,on,on,"{""id"": ""1751855857509"", ""last_triggered"": ""2025-08-01T23:45:10.253017+00:00"", ""mode"": ""single"", ""current"": 1, ""friendly_name"": ""aut-status-bruno""}"
2025-08-01T20:45:10.261767,automation.aut_status_bruno,on,on,"{""id"": ""1751855857509"", ""last_triggered"": ""2025-08-01T23:45:10.253017+00:00"", ""mode"": ""single"", ""current"": 0, ""friendly_name"": ""aut-status-bruno""}"
2025-08-01T20:45:22.147900,sensor.upnp_igd_data_received,3611444985,3611510830,"{""state_class"": ""total_increasing"", ""unit_of_measurement"": ""B"", ""device_class"": ""data_size"", ""friendly_name"": ""UPNP IGD Data received""}"
2025-08-01T20:45:22.150471,sensor.upnp_igd_data_sent,1043475192,1043479182,"{""state_class"": ""total_increasing"", ""unit_of_measurement"": ""B"", ""device_class"": ""data_size"", ""friendly_name"": ""UPNP IGD Data sent""}"
2025-08-01T20:45:22.152704,sensor.upnp_igd_packets_received,65481090,65482093,"{""state_class"": ""total_increasing"", ""unit_of_measurement"": ""packets"", ""friendly_name"": ""UPNP IGD Packets received""}"
2025-08-01T20:45:22.154125,sensor.upnp_igd_packets_sent,19373599,19373641,"{""state_class"": ""total_increasing"", ""unit_of_measurement"": ""packets"", ""friendly_name"": ""UPNP IGD Packets sent""}"
2025-08-01T20:45:22.155413,sensor.upnp_igd_uptime,908450,908480,"{""unit_of_measurement"": ""s"", ""device_class"": ""duration"", ""friendly_name"": ""UPNP IGD Uptime""}"
2025-08-01T20:45:22.156772,sensor.upnp_igd_download_speed,2.19195105188526,2.1434274365312,"{""state_class"": ""measurement"", ""unit_of_measurement"": ""KiB/s"", ""device_class"": ""data_rate"", ""friendly_name"": ""UPNP IGD Download speed""}"
2025-08-01T20:45:22.158103,sensor.upnp_igd_upload_speed,0.228413682186564,0.129884964260908,"{""state_class"": ""measurement"", ""unit_of_measurement"": ""KiB/s"", ""device_class"": ""data_rate"", ""friendly_name"": ""UPNP IGD Upload speed""}"
2025-08-01T20:45:22.159396,sensor.upnp_igd_packet_download_speed,32.3993919714107,33.4338872213983,"{""state_class"": ""measurement"", ""unit_of_measurement"": ""packets/s"", ""friendly_name"": ""UPNP IGD Packet download speed""}"
2025-08-01T20:45:22.160650,sensor.upnp_igd_packet_upload_speed,1.53330455831779,1.40002319371758,"{""state_class"": ""measurement"", ""unit_of_measurement"": ""packets/s"", ""friendly_name"": ""UPNP IGD Packet upload speed""}"
2025-08-01T20:45:52.150100,sensor.upnp_igd_data_received,3611510830,3611581509,"{""state_class"": ""total_increasing"", ""unit_of_measurement"": ""B"", ""device_class"": ""data_size"", ""friendly_name"": ""UPNP IGD Data received""}"
2025-08-01T20:45:52.151904,sensor.upnp_igd_data_sent,1043479182,1043486160,"{""state_class"": ""total_increasing"", ""unit_of_measurement"": ""B"", ""device_class"": ""data_size"", ""friendly_name"": ""UPNP IGD Data sent""}"
2025-08-01T20:45:52.153565,sensor.upnp_igd_packets_received,65482093,65483118,"{""state_class"": ""total_increasing"", ""unit_of_measurement"": ""packets"", ""friendly_name"": ""UPNP IGD Packets received""}"
2025-08-01T20:45:52.155188,sensor.upnp_igd_packets_sent,19373641,19373686,"{""state_class"": ""total_increasing"", ""unit_of_measurement"": ""packets"", ""friendly_name"": ""UPNP IGD Packets sent""}"
2025-08-01T20:45:52.156805,sensor.upnp_igd_uptime,908480,908510,"{""unit_of_measurement"": ""s"", ""device_class"": ""duration"", ""friendly_name"": ""UPNP IGD Uptime""}"
2025-08-01T20:45:52.158282,sensor.upnp_igd_download_speed,2.1434274365312,2.3007315958118,"{""state_class"": ""measurement"", ""unit_of_measurement"": ""KiB/s"", ""device_class"": ""data_rate"", ""friendly_name"": ""UPNP IGD Download speed""}"
2025-08-01T20:45:52.159810,sensor.upnp_igd_upload_speed,0.129884964260908,0.227146749042499,"{""state_class"": ""measurement"", ""unit_of_measurement"": ""KiB/s"", ""device_class"": ""data_rate"", ""friendly_name"": ""UPNP IGD Upload speed""}"
2025-08-01T20:45:52.161651,sensor.upnp_igd_packet_download_speed,33.4338872213983,34.1664126963323,"{""state_class"": ""measurement"", ""unit_of_measurement"": ""packets/s"", ""friendly_name"": ""UPNP IGD Packet download speed""}"
2025-08-01T20:45:52.163565,sensor.upnp_igd_packet_upload_speed,1.40002319371758,1.49998885008288,"{""state_class"": ""measurement"", ""unit_of_measurement"": ""packets/s"", ""friendly_name"": ""UPNP IGD Packet upload speed""}"
2025-08-01T20:46:10.260695,automation.aut_status_bruno,on,on,"{""id"": ""1751855857509"", ""last_triggered"": ""2025-08-01T23:46:10.253088+00:00"", ""mode"": ""single"", ""current"": 1, ""friendly_name"": ""aut-status-bruno""}"
2025-08-01T20:46:10.262985,automation.aut_status_bruno,on,on,"{""id"": ""1751855857509"", ""last_triggered"": ""2025-08-01T23:46:10.253088+00:00"", ""mode"": ""single"", ""current"": 0, ""friendly_name"": ""aut-status-bruno""}"
2025-08-01T20:46:22.147795,sensor.upnp_igd_data_received,3611581509,3611650860,"{""state_class"": ""total_increasing"", ""unit_of_measurement"": ""B"", ""device_class"": ""data_size"", ""friendly_name"": ""UPNP IGD Data received""}"
2025-08-01T20:46:22.150895,sensor.upnp_igd_data_sent,1043486160,1043492386,"{""state_class"": ""total_increasing"", ""unit_of_measurement"": ""B"", ""device_class"": ""data_size"", ""friendly_name"": ""UPNP IGD Data sent""}"
2025-08-01T20:46:22.152824,sensor.upnp_igd_packets_received,65483118,65484130,"{""state_class"": ""total_increasing"", ""unit_of_measurement"": ""packets"", ""friendly_name"": ""UPNP IGD Packets received""}"
2025-08-01T20:46:22.154563,sensor.upnp_igd_packets_sent,19373686,19373740,"{""state_class"": ""total_increasing"", ""unit_of_measurement"": ""packets"", ""friendly_name"": ""UPNP IGD Packets sent""}"
2025-08-01T20:46:22.156174,sensor.upnp_igd_uptime,908510,908540,"{""unit_of_measurement"": ""s"", ""device_class"": ""duration"", ""friendly_name"": ""UPNP IGD Uptime""}"
2025-08-01T20:46:22.158197,sensor.upnp_igd_download_speed,2.3007315958118,2.25753473198386,"{""state_class"": ""measurement"", ""unit_of_measurement"": ""KiB/s"", ""device_class"": ""data_rate"", ""friendly_name"": ""UPNP IGD Download speed""}"
2025-08-01T20:46:22.159851,sensor.upnp_igd_upload_speed,0.227146749042499,0.202670635482279,"{""state_class"": ""measurement"", ""unit_of_measurement"": ""KiB/s"", ""device_class"": ""data_rate"", ""friendly_name"": ""UPNP IGD Upload speed""}"
2025-08-01T20:46:22.161302,sensor.upnp_igd_packet_download_speed,34.1664126963323,33.7335604726405,"{""state_class"": ""measurement"", ""unit_of_measurement"": ""packets/s"", ""friendly_name"": ""UPNP IGD Packet download speed""}"
2025-08-01T20:46:22.162718,sensor.upnp_igd_packet_upload_speed,1.49998885008288,1.80001212008161,"{""state_class"": ""measurement"", ""unit_of_measurement"": ""packets/s"", ""friendly_name"": ""UPNP IGD Packet upload speed""}"
2025-08-01T20:46:52.148013,sensor.upnp_igd_data_received,3611650860,3611721468,"{""state_class"": ""total_increasing"", ""unit_of_measurement"": ""B"", ""device_class"": ""data_size"", ""friendly_name"": ""UPNP IGD Data received""}"
2025-08-01T20:46:52.150466,sensor.upnp_igd_data_sent,1043492386,1043498580,"{""state_class"": ""total_increasing"", ""unit_of_measurement"": ""B"", ""device_class"": ""data_size"", ""friendly_name"": ""UPNP IGD Data sent""}"
2025-08-01T20:46:52.152124,sensor.upnp_igd_packets_received,65484130,65485152,"{""state_class"": ""total_increasing"", ""unit_of_measurement"": ""packets"", ""friendly_name"": ""UPNP IGD Packets received""}"
2025-08-01T20:46:52.153598,sensor.upnp_igd_packets_sent,19373740,19373790,"{""state_class"": ""total_increasing"", ""unit_of_measurement"": ""packets"", ""friendly_name"": ""UPNP IGD Packets sent""}"
2025-08-01T20:46:52.154953,sensor.upnp_igd_uptime,908540,908570,"{""unit_of_measurement"": ""s"", ""device_class"": ""duration"", ""friendly_name"": ""UPNP IGD Uptime""}"
2025-08-01T20:46:52.156471,sensor.upnp_igd_download_speed,2.25753473198386,2.29846033137262,"{""state_class"": ""measurement"", ""unit_of_measurement"": ""KiB/s"", ""device_class"": ""data_rate"", ""friendly_name"": ""UPNP IGD Download speed""}"
2025-08-01T20:46:52.157996,sensor.upnp_igd_upload_speed,0.202670635482279,0.201629607020763,"{""state_class"": ""measurement"", ""unit_of_measurement"": ""KiB/s"", ""device_class"": ""data_rate"", ""friendly_name"": ""UPNP IGD Upload speed""}"
2025-08-01T20:46:52.159756,sensor.upnp_igd_packet_download_speed,33.7335604726405,34.0670050655837,"{""state_class"": ""measurement"", ""unit_of_measurement"": ""packets/s"", ""friendly_name"": ""UPNP IGD Packet download speed""}"
2025-08-01T20:46:52.161249,sensor.upnp_igd_packet_upload_speed,1.80001212008161,1.66668322238668,"{""state_class"": ""measurement"", ""unit_of_measurement"": ""packets/s"", ""friendly_name"": ""UPNP IGD Packet upload speed""}"
2025-08-01T20:47:10.260938,automation.aut_status_bruno,on,on,"{""id"": ""1751855857509"", ""last_triggered"": ""2025-08-01T23:47:10.252850+00:00"", ""mode"": ""single"", ""current"": 1, ""friendly_name"": ""aut-status-bruno""}"
2025-08-01T20:47:10.263000,automation.aut_status_bruno,on,on,"{""id"": ""1751855857509"", ""last_triggered"": ""2025-08-01T23:47:10.252850+00:00"", ""mode"": ""single"", ""current"": 0, ""friendly_name"": ""aut-status-bruno""}"
2025-08-01T20:47:22.150753,sensor.upnp_igd_data_received,3611721468,3611785505,"{""state_class"": ""total_increasing"", ""unit_of_measurement"": ""B"", ""device_class"": ""data_size"", ""friendly_name"": ""UPNP IGD Data received""}"
2025-08-01T20:47:22.152501,sensor.upnp_igd_data_sent,1043498580,1043502046,"{""state_class"": ""total_increasing"", ""unit_of_measurement"": ""B"", ""device_class"": ""data_size"", ""friendly_name"": ""UPNP IGD Data sent""}"
2025-08-01T20:47:22.153965,sensor.upnp_igd_packets_received,65485152,65486129,"{""state_class"": ""total_increasing"", ""unit_of_measurement"": ""packets"", ""friendly_name"": ""UPNP IGD Packets received""}"
2025-08-01T20:47:22.155356,sensor.upnp_igd_packets_sent,19373790,19373828,"{""state_class"": ""total_increasing"", ""unit_of_measurement"": ""packets"", ""friendly_name"": ""UPNP IGD Packets sent""}"
2025-08-01T20:47:22.156711,sensor.upnp_igd_uptime,908570,908600,"{""unit_of_measurement"": ""s"", ""device_class"": ""duration"", ""friendly_name"": ""UPNP IGD Uptime""}"
2025-08-01T20:47:22.158198,sensor.upnp_igd_download_speed,2.29846033137262,2.08449238796569,"{""state_class"": ""measurement"", ""unit_of_measurement"": ""KiB/s"", ""device_class"": ""data_rate"", ""friendly_name"": ""UPNP IGD Download speed""}"
2025-08-01T20:47:22.159678,sensor.upnp_igd_upload_speed,0.201629607020763,0.112823065051284,"{""state_class"": ""measurement"", ""unit_of_measurement"": ""KiB/s"", ""device_class"": ""data_rate"", ""friendly_name"": ""UPNP IGD Upload speed""}"
2025-08-01T20:47:22.161338,sensor.upnp_igd_packet_download_speed,34.0670050655837,32.5659578143182,"{""state_class"": ""measurement"", ""unit_of_measurement"": ""packets/s"", ""friendly_name"": ""UPNP IGD Packet download speed""}"
2025-08-01T20:47:22.163508,sensor.upnp_igd_packet_upload_speed,1.66668322238668,1.26663909615567,"{""state_class"": ""measurement"", ""unit_of_measurement"": ""packets/s"", ""friendly_name"": ""UPNP IGD Packet upload speed""}"
2025-08-01T20:47:52.150552,sensor.upnp_igd_data_received,3611785505,3611854843,"{""state_class"": ""total_increasing"", ""unit_of_measurement"": ""B"", ""device_class"": ""data_size"", ""friendly_name"": ""UPNP IGD Data received""}"
2025-08-01T20:47:52.152306,sensor.upnp_igd_data_sent,1043502046,1043508938,"{""state_class"": ""total_increasing"", ""unit_of_measurement"": ""B"", ""device_class"": ""data_size"", ""friendly_name"": ""UPNP IGD Data sent""}"
2025-08-01T20:47:52.153842,sensor.upnp_igd_packets_received,65486129,65487130,"{""state_class"": ""total_increasing"", ""unit_of_measurement"": ""packets"", ""friendly_name"": ""UPNP IGD Packets received""}"
2025-08-01T20:47:52.155246,sensor.upnp_igd_packets_sent,19373828,19373872,"{""state_class"": ""total_increasing"", ""unit_of_measurement"": ""packets"", ""friendly_name"": ""UPNP IGD Packets sent""}"
2025-08-01T20:47:52.156630,sensor.upnp_igd_uptime,908600,908630,"{""unit_of_measurement"": ""s"", ""device_class"": ""duration"", ""friendly_name"": ""UPNP IGD Uptime""}"
2025-08-01T20:47:52.158090,sensor.upnp_igd_download_speed,2.08449238796569,2.25710545782535,"{""state_class"": ""measurement"", ""unit_of_measurement"": ""KiB/s"", ""device_class"": ""data_rate"", ""friendly_name"": ""UPNP IGD Download speed""}"
2025-08-01T20:47:52.159597,sensor.upnp_igd_upload_speed,0.112823065051284,0.224349863211115,"{""state_class"": ""measurement"", ""unit_of_measurement"": ""KiB/s"", ""device_class"": ""data_rate"", ""friendly_name"": ""UPNP IGD Upload speed""}"
2025-08-01T20:47:52.161000,sensor.upnp_igd_packet_download_speed,32.5659578143182,33.3668012460984,"{""state_class"": ""measurement"", ""unit_of_measurement"": ""packets/s"", ""friendly_name"": ""UPNP IGD Packet download speed""}"
2025-08-01T20:47:52.162496,sensor.upnp_igd_packet_upload_speed,1.26663909615567,1.46667258224608,"{""state_class"": ""measurement"", ""unit_of_measurement"": ""packets/s"", ""friendly_name"": ""UPNP IGD Packet upload speed""}"
2025-08-01T20:47:54.150961,camera.192_168_0_33,idle,idle,"{""access_token"": ""eee010a612bf0d2987ab2f9c465c353b981322f08f0129202c6c3499a237635b"", ""entity_picture"": ""/api/camera_proxy/camera.192_168_0_33?token=eee010a612bf0d2987ab2f9c465c353b981322f08f0129202c6c3499a237635b"", ""friendly_name"": ""192_168_0_14"", ""supported_features"": 2}"
2025-08-01T20:47:54.152751,camera.admin_mainstream,idle,idle,"{""access_token"": ""418c423e59583185fa10da5f7d1bd4a29f942cc99231e0b1530409282c673b10"", ""entity_picture"": ""/api/camera_proxy/camera.admin_mainstream?token=418c423e59583185fa10da5f7d1bd4a29f942cc99231e0b1530409282c673b10"", ""friendly_name"": ""admin MainStream"", ""supported_features"": 2}"
2025-08-01T20:47:54.154438,camera.admin_substream,idle,idle,"{""access_token"": ""5882447585fd5e4bd02b96537ace5f0d32f3066775f8a8126618b612ca88ca6a"", ""entity_picture"": ""/api/camera_proxy/camera.admin_substream?token=5882447585fd5e4bd02b96537ace5f0d32f3066775f8a8126618b612ca88ca6a"", ""friendly_name"": ""admin SubStream"", ""supported_features"": 2}"
2025-08-01T20:47:55.110318,weather.forecast_home,partlycloudy,cloudy,"{""temperature"": 24.0, ""dew_point"": 19.3, ""temperature_unit"": ""\u00b0C"", ""humidity"": 75, ""cloud_coverage"": 92.2, ""uv_index"": 0.0, ""pressure"": 1022.9, ""pressure_unit"": ""hPa"", ""wind_bearing"": 152.2, ""wind_speed"": 37.8, ""wind_speed_unit"": ""km/h"", ""visibility_unit"": ""km"", ""precipitation_unit"": ""mm"", ""attribution"": ""Weather forecast from met.no, delivered by the Norwegian Meteorological Institute."", ""friendly_name"": ""Forecast Home"", ""supported_features"": 3}"
2025-08-01T20:48:10.261176,automation.aut_status_bruno,on,on,"{""id"": ""1751855857509"", ""last_triggered"": ""2025-08-01T23:48:10.253138+00:00"", ""mode"": ""single"", ""current"": 1, ""friendly_name"": ""aut-status-bruno""}"
2025-08-01T20:48:10.263051,automation.aut_status_bruno,on,on,"{""id"": ""1751855857509"", ""last_triggered"": ""2025-08-01T23:48:10.253138+00:00"", ""mode"": ""single"", ""current"": 0, ""friendly_name"": ""aut-status-bruno""}"
2025-08-01T20:48:22.175502,sensor.upnp_igd_data_received,3611854843,3611934132,"{""state_class"": ""total_increasing"", ""unit_of_measurement"": ""B"", ""device_class"": ""data_size"", ""friendly_name"": ""UPNP IGD Data received""}"
2025-08-01T20:48:22.178270,sensor.upnp_igd_data_sent,1043508938,1043515672,"{""state_class"": ""total_increasing"", ""unit_of_measurement"": ""B"", ""device_class"": ""data_size"", ""friendly_name"": ""UPNP IGD Data sent""}"
2025-08-01T20:48:22.179815,sensor.upnp_igd_packets_received,65487130,65488168,"{""state_class"": ""total_increasing"", ""unit_of_measurement"": ""packets"", ""friendly_name"": ""UPNP IGD Packets received""}"
2025-08-01T20:48:22.181198,sensor.upnp_igd_packets_sent,19373872,19373933,"{""state_class"": ""total_increasing"", ""unit_of_measurement"": ""packets"", ""friendly_name"": ""UPNP IGD Packets sent""}"
2025-08-01T20:48:22.182584,sensor.upnp_igd_uptime,908630,908660,"{""unit_of_measurement"": ""s"", ""device_class"": ""duration"", ""friendly_name"": ""UPNP IGD Uptime""}"
2025-08-01T20:48:22.184075,sensor.upnp_igd_download_speed,2.25710545782535,2.5810254907498,"{""state_class"": ""measurement"", ""unit_of_measurement"": ""KiB/s"", ""device_class"": ""data_rate"", ""friendly_name"": ""UPNP IGD Download speed""}"
2025-08-01T20:48:22.185552,sensor.upnp_igd_upload_speed,0.224349863211115,0.219206014134485,"{""state_class"": ""measurement"", ""unit_of_measurement"": ""KiB/s"", ""device_class"": ""data_rate"", ""friendly_name"": ""UPNP IGD Upload speed""}"
2025-08-01T20:48:22.186913,sensor.upnp_igd_packet_download_speed,33.3668012460984,34.6000449800585,"{""state_class"": ""measurement"", ""unit_of_measurement"": ""packets/s"", ""friendly_name"": ""UPNP IGD Packet download speed""}"
2025-08-01T20:48:22.188359,sensor.upnp_igd_packet_upload_speed,1.46667258224608,2.0333359766701,"{""state_class"": ""measurement"", ""unit_of_measurement"": ""packets/s"", ""friendly_name"": ""UPNP IGD Packet upload speed""}"
2025-08-01T20:48:52.150216,sensor.upnp_igd_data_received,3611934132,3612541983,"{""state_class"": ""total_increasing"", ""unit_of_measurement"": ""B"", ""device_class"": ""data_size"", ""friendly_name"": ""UPNP IGD Data received""}"
2025-08-01T20:48:52.152654,sensor.upnp_igd_data_sent,1043515672,1043530751,"{""state_class"": ""total_increasing"", ""unit_of_measurement"": ""B"", ""device_class"": ""data_size"", ""friendly_name"": ""UPNP IGD Data sent""}"
2025-08-01T20:48:52.154015,sensor.upnp_igd_packets_received,65488168,65489576,"{""state_class"": ""total_increasing"", ""unit_of_measurement"": ""packets"", ""friendly_name"": ""UPNP IGD Packets received""}"
2025-08-01T20:48:52.155248,sensor.upnp_igd_packets_sent,19373933,19374074,"{""state_class"": ""total_increasing"", ""unit_of_measurement"": ""packets"", ""friendly_name"": ""UPNP IGD Packets sent""}"
2025-08-01T20:48:52.156858,sensor.upnp_igd_uptime,908660,908690,"{""unit_of_measurement"": ""s"", ""device_class"": ""duration"", ""friendly_name"": ""UPNP IGD Uptime""}"
2025-08-01T20:48:52.158315,sensor.upnp_igd_download_speed,2.5810254907498,19.7865473092066,"{""state_class"": ""measurement"", ""unit_of_measurement"": ""KiB/s"", ""device_class"": ""data_rate"", ""friendly_name"": ""UPNP IGD Download speed""}"
2025-08-01T20:48:52.159803,sensor.upnp_igd_upload_speed,0.219206014134485,0.490846189075162,"{""state_class"": ""measurement"", ""unit_of_measurement"": ""KiB/s"", ""device_class"": ""data_rate"", ""friendly_name"": ""UPNP IGD Upload speed""}"
2025-08-01T20:48:52.161266,sensor.upnp_igd_packet_download_speed,34.6000449800585,46.9326950486807,"{""state_class"": ""measurement"", ""unit_of_measurement"": ""packets/s"", ""friendly_name"": ""UPNP IGD Packet download speed""}"
2025-08-01T20:48:52.162618,sensor.upnp_igd_packet_upload_speed,2.0333359766701,4.6999360808693,"{""state_class"": ""measurement"", ""unit_of_measurement"": ""packets/s"", ""friendly_name"": ""UPNP IGD Packet upload speed""}"
2025-08-01T20:49:10.258986,automation.aut_status_bruno,on,on,"{""id"": ""1751855857509"", ""last_triggered"": ""2025-08-01T23:49:10.252405+00:00"", ""mode"": ""single"", ""current"": 1, ""friendly_name"": ""aut-status-bruno""}"
2025-08-01T20:49:10.261264,automation.aut_status_bruno,on,on,"{""id"": ""1751855857509"", ""last_triggered"": ""2025-08-01T23:49:10.252405+00:00"", ""mode"": ""single"", ""current"": 0, ""friendly_name"": ""aut-status-bruno""}"
2025-08-01T20:49:22.164389,sensor.upnp_igd_data_received,3612541983,3612605950,"{""state_class"": ""total_increasing"", ""unit_of_measurement"": ""B"", ""device_class"": ""data_size"", ""friendly_name"": ""UPNP IGD Data received""}"
2025-08-01T20:49:22.169696,sensor.upnp_igd_data_sent,1043530751,1043534029,"{""state_class"": ""total_increasing"", ""unit_of_measurement"": ""B"", ""device_class"": ""data_size"", ""friendly_name"": ""UPNP IGD Data sent""}"
2025-08-01T20:49:22.173853,sensor.upnp_igd_packets_received,65489576,65490555,"{""state_class"": ""total_increasing"", ""unit_of_measurement"": ""packets"", ""friendly_name"": ""UPNP IGD Packets received""}"
2025-08-01T20:49:22.177213,sensor.upnp_igd_packets_sent,19374074,19374110,"{""state_class"": ""total_increasing"", ""unit_of_measurement"": ""packets"", ""friendly_name"": ""UPNP IGD Packets sent""}"
2025-08-01T20:49:22.179899,sensor.upnp_igd_uptime,908690,908720,"{""unit_of_measurement"": ""s"", ""device_class"": ""duration"", ""friendly_name"": ""UPNP IGD Uptime""}"
2025-08-01T20:49:22.182153,sensor.upnp_igd_download_speed,19.7865473092066,2.0822722328984,"{""state_class"": ""measurement"", ""unit_of_measurement"": ""KiB/s"", ""device_class"": ""data_rate"", ""friendly_name"": ""UPNP IGD Download speed""}"
2025-08-01T20:49:22.184356,sensor.upnp_igd_upload_speed,0.490846189075162,0.106706401416996,"{""state_class"": ""measurement"", ""unit_of_measurement"": ""KiB/s"", ""device_class"": ""data_rate"", ""friendly_name"": ""UPNP IGD Upload speed""}"
2025-08-01T20:49:22.186479,sensor.upnp_igd_packet_download_speed,46.9326950486807,32.6335389246286,"{""state_class"": ""measurement"", ""unit_of_measurement"": ""packets/s"", ""friendly_name"": ""UPNP IGD Packet download speed""}"
2025-08-01T20:49:22.188661,sensor.upnp_igd_packet_upload_speed,4.6999360808693,1.20000756004763,"{""state_class"": ""measurement"", ""unit_of_measurement"": ""packets/s"", ""friendly_name"": ""UPNP IGD Packet upload speed""}"
2025-08-01T20:49:52.148426,sensor.upnp_igd_data_received,3612605950,3612677935,"{""state_class"": ""total_increasing"", ""unit_of_measurement"": ""B"", ""device_class"": ""data_size"", ""friendly_name"": ""UPNP IGD Data received""}"
2025-08-01T20:49:52.151267,sensor.upnp_igd_data_sent,1043534029,1043544920,"{""state_class"": ""total_increasing"", ""unit_of_measurement"": ""B"", ""device_class"": ""data_size"", ""friendly_name"": ""UPNP IGD Data sent""}"
2025-08-01T20:49:52.152797,sensor.upnp_igd_packets_received,65490555,65491584,"{""state_class"": ""total_increasing"", ""unit_of_measurement"": ""packets"", ""friendly_name"": ""UPNP IGD Packets received""}"
2025-08-01T20:49:52.154206,sensor.upnp_igd_packets_sent,19374110,19374180,"{""state_class"": ""total_increasing"", ""unit_of_measurement"": ""packets"", ""friendly_name"": ""UPNP IGD Packets sent""}"
2025-08-01T20:49:52.155630,sensor.upnp_igd_uptime,908720,908750,"{""unit_of_measurement"": ""s"", ""device_class"": ""duration"", ""friendly_name"": ""UPNP IGD Uptime""}"
2025-08-01T20:49:52.157040,sensor.upnp_igd_download_speed,2.0822722328984,2.34327226347519,"{""state_class"": ""measurement"", ""unit_of_measurement"": ""KiB/s"", ""device_class"": ""data_rate"", ""friendly_name"": ""UPNP IGD Download speed""}"
2025-08-01T20:49:52.158466,sensor.upnp_igd_upload_speed,0.106706401416996,0.354526334951841,"{""state_class"": ""measurement"", ""unit_of_measurement"": ""KiB/s"", ""device_class"": ""data_rate"", ""friendly_name"": ""UPNP IGD Upload speed""}"
2025-08-01T20:49:52.159919,sensor.upnp_igd_packet_download_speed,32.6335389246286,34.3001543506946,"{""state_class"": ""measurement"", ""unit_of_measurement"": ""packets/s"", ""friendly_name"": ""UPNP IGD Packet download speed""}"
2025-08-01T20:49:52.161315,sensor.upnp_igd_packet_upload_speed,1.20000756004763,2.33334383338058,"{""state_class"": ""measurement"", ""unit_of_measurement"": ""packets/s"", ""friendly_name"": ""UPNP IGD Packet upload speed""}"
2025-08-01T20:50:10.260106,automation.aut_status_bruno,on,on,"{""id"": ""1751855857509"", ""last_triggered"": ""2025-08-01T23:50:10.253476+00:00"", ""mode"": ""single"", ""current"": 1, ""friendly_name"": ""aut-status-bruno""}"
2025-08-01T20:50:10.262351,automation.aut_status_bruno,on,on,"{""id"": ""1751855857509"", ""last_triggered"": ""2025-08-01T23:50:10.253476+00:00"", ""mode"": ""single"", ""current"": 0, ""friendly_name"": ""aut-status-bruno""}"
2025-08-01T20:50:22.150290,sensor.upnp_igd_data_received,3612677935,3612744750,"{""state_class"": ""total_increasing"", ""unit_of_measurement"": ""B"", ""device_class"": ""data_size"", ""friendly_name"": ""UPNP IGD Data received""}"
2025-08-01T20:50:22.152935,sensor.upnp_igd_data_sent,1043544920,1043551233,"{""state_class"": ""total_increasing"", ""unit_of_measurement"": ""B"", ""device_class"": ""data_size"", ""friendly_name"": ""UPNP IGD Data sent""}"
2025-08-01T20:50:22.154619,sensor.upnp_igd_packets_received,65491584,65492581,"{""state_class"": ""total_increasing"", ""unit_of_measurement"": ""packets"", ""friendly_name"": ""UPNP IGD Packets received""}"
2025-08-01T20:50:22.156096,sensor.upnp_igd_packets_sent,19374180,19374234,"{""state_class"": ""total_increasing"", ""unit_of_measurement"": ""packets"", ""friendly_name"": ""UPNP IGD Packets sent""}"
2025-08-01T20:50:22.157386,sensor.upnp_igd_uptime,908750,908780,"{""unit_of_measurement"": ""s"", ""device_class"": ""duration"", ""friendly_name"": ""UPNP IGD Uptime""}"
2025-08-01T20:50:22.158618,sensor.upnp_igd_download_speed,2.34327226347519,2.17497883030588,"{""state_class"": ""measurement"", ""unit_of_measurement"": ""KiB/s"", ""device_class"": ""data_rate"", ""friendly_name"": ""UPNP IGD Download speed""}"
2025-08-01T20:50:22.159917,sensor.upnp_igd_upload_speed,0.354526334951841,0.205502377545776,"{""state_class"": ""measurement"", ""unit_of_measurement"": ""KiB/s"", ""device_class"": ""data_rate"", ""friendly_name"": ""UPNP IGD Upload speed""}"
2025-08-01T20:50:22.161175,sensor.upnp_igd_packet_download_speed,34.3001543506946,33.2335072553546,"{""state_class"": ""measurement"", ""unit_of_measurement"": ""packets/s"", ""friendly_name"": ""UPNP IGD Packet download speed""}"
2025-08-01T20:50:22.162410,sensor.upnp_igd_packet_upload_speed,2.33334383338058,1.8000094200493,"{""state_class"": ""measurement"", ""unit_of_measurement"": ""packets/s"", ""friendly_name"": ""UPNP IGD Packet upload speed""}"
2025-08-01T20:50:52.170649,sensor.upnp_igd_data_received,3612744750,3612814589,"{""state_class"": ""total_increasing"", ""unit_of_measurement"": ""B"", ""device_class"": ""data_size"", ""friendly_name"": ""UPNP IGD Data received""}"
2025-08-01T20:50:52.173203,sensor.upnp_igd_data_sent,1043551233,1043559900,"{""state_class"": ""total_increasing"", ""unit_of_measurement"": ""B"", ""device_class"": ""data_size"", ""friendly_name"": ""UPNP IGD Data sent""}"
2025-08-01T20:50:52.174851,sensor.upnp_igd_packets_received,65492581,65493583,"{""state_class"": ""total_increasing"", ""unit_of_measurement"": ""packets"", ""friendly_name"": ""UPNP IGD Packets received""}"
2025-08-01T20:50:52.176496,sensor.upnp_igd_packets_sent,19374234,19374293,"{""state_class"": ""total_increasing"", ""unit_of_measurement"": ""packets"", ""friendly_name"": ""UPNP IGD Packets sent""}"
2025-08-01T20:50:52.177970,sensor.upnp_igd_uptime,908780,908810,"{""unit_of_measurement"": ""s"", ""device_class"": ""duration"", ""friendly_name"": ""UPNP IGD Uptime""}"
2025-08-01T20:50:52.179448,sensor.upnp_igd_download_speed,2.17497883030588,2.27343351739787,"{""state_class"": ""measurement"", ""unit_of_measurement"": ""KiB/s"", ""device_class"": ""data_rate"", ""friendly_name"": ""UPNP IGD Download speed""}"
2025-08-01T20:50:52.180867,sensor.upnp_igd_upload_speed,0.205502377545776,0.282132451714477,"{""state_class"": ""measurement"", ""unit_of_measurement"": ""KiB/s"", ""device_class"": ""data_rate"", ""friendly_name"": ""UPNP IGD Upload speed""}"
2025-08-01T20:50:52.183289,sensor.upnp_igd_packet_download_speed,33.2335072553546,33.4004197319413,"{""state_class"": ""measurement"", ""unit_of_measurement"": ""packets/s"", ""friendly_name"": ""UPNP IGD Packet download speed""}"
2025-08-01T20:50:52.185043,sensor.upnp_igd_packet_upload_speed,1.8000094200493,1.96669138142169,"{""state_class"": ""measurement"", ""unit_of_measurement"": ""packets/s"", ""friendly_name"": ""UPNP IGD Packet upload speed""}"
2025-08-01T20:51:10.259932,automation.aut_status_bruno,on,on,"{""id"": ""1751855857509"", ""last_triggered"": ""2025-08-01T23:51:10.253116+00:00"", ""mode"": ""single"", ""current"": 1, ""friendly_name"": ""aut-status-bruno""}"
2025-08-01T20:51:10.263491,automation.aut_status_bruno,on,on,"{""id"": ""1751855857509"", ""last_triggered"": ""2025-08-01T23:51:10.253116+00:00"", ""mode"": ""single"", ""current"": 0, ""friendly_name"": ""aut-status-bruno""}"
2025-08-01T20:51:22.149667,sensor.upnp_igd_data_received,3612814589,3612882965,"{""state_class"": ""total_increasing"", ""unit_of_measurement"": ""B"", ""device_class"": ""data_size"", ""friendly_name"": ""UPNP IGD Data received""}"
2025-08-01T20:51:22.152764,sensor.upnp_igd_data_sent,1043559900,1043567667,"{""state_class"": ""total_increasing"", ""unit_of_measurement"": ""B"", ""device_class"": ""data_size"", ""friendly_name"": ""UPNP IGD Data sent""}"
2025-08-01T20:51:22.154504,sensor.upnp_igd_packets_received,65493583,65494589,"{""state_class"": ""total_increasing"", ""unit_of_measurement"": ""packets"", ""friendly_name"": ""UPNP IGD Packets received""}"
2025-08-01T20:51:22.156283,sensor.upnp_igd_packets_sent,19374293,19374360,"{""state_class"": ""total_increasing"", ""unit_of_measurement"": ""packets"", ""friendly_name"": ""UPNP IGD Packets sent""}"
2025-08-01T20:51:22.157950,sensor.upnp_igd_uptime,908810,908840,"{""unit_of_measurement"": ""s"", ""device_class"": ""duration"", ""friendly_name"": ""UPNP IGD Uptime""}"
2025-08-01T20:51:22.159724,sensor.upnp_igd_download_speed,2.27343351739787,2.22574363493257,"{""state_class"": ""measurement"", ""unit_of_measurement"": ""KiB/s"", ""device_class"": ""data_rate"", ""friendly_name"": ""UPNP IGD Download speed""}"
2025-08-01T20:51:22.161522,sensor.upnp_igd_upload_speed,0.282132451714477,0.252827758460882,"{""state_class"": ""measurement"", ""unit_of_measurement"": ""KiB/s"", ""device_class"": ""data_rate"", ""friendly_name"": ""UPNP IGD Upload speed""}"
2025-08-01T20:51:22.163216,sensor.upnp_igd_packet_download_speed,33.4004197319413,33.5327666295773,"{""state_class"": ""measurement"", ""unit_of_measurement"": ""packets/s"", ""friendly_name"": ""UPNP IGD Packet download speed""}"
2025-08-01T20:51:22.164993,sensor.upnp_igd_packet_upload_speed,1.96669138142169,2.23329559063785,"{""state_class"": ""measurement"", ""unit_of_measurement"": ""packets/s"", ""friendly_name"": ""UPNP IGD Packet upload speed""}"
2025-08-01T20:51:52.148324,sensor.upnp_igd_data_received,3612882965,3612951822,"{""state_class"": ""total_increasing"", ""unit_of_measurement"": ""B"", ""device_class"": ""data_size"", ""friendly_name"": ""UPNP IGD Data received""}"
2025-08-01T20:51:52.150172,sensor.upnp_igd_data_sent,1043567667,1043573869,"{""state_class"": ""total_increasing"", ""unit_of_measurement"": ""B"", ""device_class"": ""data_size"", ""friendly_name"": ""UPNP IGD Data sent""}"
2025-08-01T20:51:52.151815,sensor.upnp_igd_packets_received,65494589,65495583,"{""state_class"": ""total_increasing"", ""unit_of_measurement"": ""packets"", ""friendly_name"": ""UPNP IGD Packets received""}"
2025-08-01T20:51:52.153238,sensor.upnp_igd_packets_sent,19374360,19374411,"{""state_class"": ""total_increasing"", ""unit_of_measurement"": ""packets"", ""friendly_name"": ""UPNP IGD Packets sent""}"
2025-08-01T20:51:52.154555,sensor.upnp_igd_uptime,908840,908870,"{""unit_of_measurement"": ""s"", ""device_class"": ""duration"", ""friendly_name"": ""UPNP IGD Uptime""}"
2025-08-01T20:51:52.156022,sensor.upnp_igd_download_speed,2.22574363493257,2.24140809479243,"{""state_class"": ""measurement"", ""unit_of_measurement"": ""KiB/s"", ""device_class"": ""data_rate"", ""friendly_name"": ""UPNP IGD Download speed""}"
2025-08-01T20:51:52.157406,sensor.upnp_igd_upload_speed,0.252827758460882,0.20188525500534,"{""state_class"": ""measurement"", ""unit_of_measurement"": ""KiB/s"", ""device_class"": ""data_rate"", ""friendly_name"": ""UPNP IGD Upload speed""}"
2025-08-01T20:51:52.158734,sensor.upnp_igd_packet_download_speed,33.5327666295773,33.1328794128854,"{""state_class"": ""measurement"", ""unit_of_measurement"": ""packets/s"", ""friendly_name"": ""UPNP IGD Packet download speed""}"
2025-08-01T20:51:52.160149,sensor.upnp_igd_packet_upload_speed,2.23329559063785,1.69997671031907,"{""state_class"": ""measurement"", ""unit_of_measurement"": ""packets/s"", ""friendly_name"": ""UPNP IGD Packet upload speed""}"
2025-08-01T20:52:10.259789,automation.aut_status_bruno,on,on,"{""id"": ""1751855857509"", ""last_triggered"": ""2025-08-01T23:52:10.252826+00:00"", ""mode"": ""single"", ""current"": 1, ""friendly_name"": ""aut-status-bruno""}"
2025-08-01T20:52:10.263790,automation.aut_status_bruno,on,on,"{""id"": ""1751855857509"", ""last_triggered"": ""2025-08-01T23:52:10.252826+00:00"", ""mode"": ""single"", ""current"": 0, ""friendly_name"": ""aut-status-bruno""}"
2025-08-01T20:52:22.149457,sensor.upnp_igd_data_received,3612951822,3613018227,"{""state_class"": ""total_increasing"", ""unit_of_measurement"": ""B"", ""device_class"": ""data_size"", ""friendly_name"": ""UPNP IGD Data received""}"
2025-08-01T20:52:22.151879,sensor.upnp_igd_data_sent,1043573869,1043577430,"{""state_class"": ""total_increasing"", ""unit_of_measurement"": ""B"", ""device_class"": ""data_size"", ""friendly_name"": ""UPNP IGD Data sent""}"
2025-08-01T20:52:22.153372,sensor.upnp_igd_packets_received,65495583,65496595,"{""state_class"": ""total_increasing"", ""unit_of_measurement"": ""packets"", ""friendly_name"": ""UPNP IGD Packets received""}"
2025-08-01T20:52:22.154800,sensor.upnp_igd_packets_sent,19374411,19374450,"{""state_class"": ""total_increasing"", ""unit_of_measurement"": ""packets"", ""friendly_name"": ""UPNP IGD Packets sent""}"
2025-08-01T20:52:22.156165,sensor.upnp_igd_uptime,908870,908900,"{""unit_of_measurement"": ""s"", ""device_class"": ""duration"", ""friendly_name"": ""UPNP IGD Uptime""}"
2025-08-01T20:52:22.157593,sensor.upnp_igd_download_speed,2.24140809479243,2.16168090025491,"{""state_class"": ""measurement"", ""unit_of_measurement"": ""KiB/s"", ""device_class"": ""data_rate"", ""friendly_name"": ""UPNP IGD Download speed""}"
2025-08-01T20:52:22.158967,sensor.upnp_igd_upload_speed,0.20188525500534,0.115921175902533,"{""state_class"": ""measurement"", ""unit_of_measurement"": ""KiB/s"", ""device_class"": ""data_rate"", ""friendly_name"": ""UPNP IGD Upload speed""}"
2025-08-01T20:52:22.160393,sensor.upnp_igd_packet_download_speed,33.1328794128854,33.7342666480439,"{""state_class"": ""measurement"", ""unit_of_measurement"": ""packets/s"", ""friendly_name"": ""UPNP IGD Packet download speed""}"
2025-08-01T20:52:22.161815,sensor.upnp_igd_packet_upload_speed,1.69997671031907,1.30003596766177,"{""state_class"": ""measurement"", ""unit_of_measurement"": ""packets/s"", ""friendly_name"": ""UPNP IGD Packet upload speed""}"
2025-08-01T20:52:52.147658,sensor.upnp_igd_data_received,3613018227,3613091511,"{""state_class"": ""total_increasing"", ""unit_of_measurement"": ""B"", ""device_class"": ""data_size"", ""friendly_name"": ""UPNP IGD Data received""}"
2025-08-01T20:52:52.150227,sensor.upnp_igd_data_sent,1043577430,1043585874,"{""state_class"": ""total_increasing"", ""unit_of_measurement"": ""B"", ""device_class"": ""data_size"", ""friendly_name"": ""UPNP IGD Data sent""}"
2025-08-01T20:52:52.151966,sensor.upnp_igd_packets_received,65496595,65497654,"{""state_class"": ""total_increasing"", ""unit_of_measurement"": ""packets"", ""friendly_name"": ""UPNP IGD Packets received""}"
2025-08-01T20:52:52.153449,sensor.upnp_igd_packets_sent,19374450,19374506,"{""state_class"": ""total_increasing"", ""unit_of_measurement"": ""packets"", ""friendly_name"": ""UPNP IGD Packets sent""}"
2025-08-01T20:52:52.154837,sensor.upnp_igd_uptime,908900,908930,"{""unit_of_measurement"": ""s"", ""device_class"": ""duration"", ""friendly_name"": ""UPNP IGD Uptime""}"
2025-08-01T20:52:52.156264,sensor.upnp_igd_download_speed,2.16168090025491,2.38555339551261,"{""state_class"": ""measurement"", ""unit_of_measurement"": ""KiB/s"", ""device_class"": ""data_rate"", ""friendly_name"": ""UPNP IGD Download speed""}"
2025-08-01T20:52:52.157658,sensor.upnp_igd_upload_speed,0.115921175902533,0.274870542979484,"{""state_class"": ""measurement"", ""unit_of_measurement"": ""KiB/s"", ""device_class"": ""data_rate"", ""friendly_name"": ""UPNP IGD Upload speed""}"
2025-08-01T20:52:52.159021,sensor.upnp_igd_packet_download_speed,33.7342666480439,35.3000964869304,"{""state_class"": ""measurement"", ""unit_of_measurement"": ""packets/s"", ""friendly_name"": ""UPNP IGD Packet download speed""}"
2025-08-01T20:52:52.160444,sensor.upnp_igd_packet_upload_speed,1.30003596766177,1.86667176890283,"{""state_class"": ""measurement"", ""unit_of_measurement"": ""packets/s"", ""friendly_name"": ""UPNP IGD Packet upload speed""}"
2025-08-01T20:52:54.151674,camera.192_168_0_33,idle,idle,"{""access_token"": ""394254ac8aad7dc9b7bcc2095d922820b374f26bc7d774832299b5a0c2f49384"", ""entity_picture"": ""/api/camera_proxy/camera.192_168_0_33?token=394254ac8aad7dc9b7bcc2095d922820b374f26bc7d774832299b5a0c2f49384"", ""friendly_name"": ""192_168_0_14"", ""supported_features"": 2}"
2025-08-01T20:52:54.153416,camera.admin_mainstream,idle,idle,"{""access_token"": ""2cb5c59e0b9ca74f8e9a7efaff95bba997499c86e638171ec51db8e8fa7a0987"", ""entity_picture"": ""/api/camera_proxy/camera.admin_mainstream?token=2cb5c59e0b9ca74f8e9a7efaff95bba997499c86e638171ec51db8e8fa7a0987"", ""friendly_name"": ""admin MainStream"", ""supported_features"": 2}"
2025-08-01T20:52:54.154990,camera.admin_substream,idle,idle,"{""access_token"": ""c3572e73130f2076cff17a79e16782615e39c61c4d1ae9e775d048727a895167"", ""entity_picture"": ""/api/camera_proxy/camera.admin_substream?token=c3572e73130f2076cff17a79e16782615e39c61c4d1ae9e775d048727a895167"", ""friendly_name"": ""admin SubStream"", ""supported_features"": 2}"
2025-08-01T20:53:10.258722,automation.aut_status_bruno,on,on,"{""id"": ""1751855857509"", ""last_triggered"": ""2025-08-01T23:53:10.252262+00:00"", ""mode"": ""single"", ""current"": 1, ""friendly_name"": ""aut-status-bruno""}"
2025-08-01T20:53:10.261042,automation.aut_status_bruno,on,on,"{""id"": ""1751855857509"", ""last_triggered"": ""2025-08-01T23:53:10.252262+00:00"", ""mode"": ""single"", ""current"": 0, ""friendly_name"": ""aut-status-bruno""}"
2025-08-01T20:53:22.148491,sensor.upnp_igd_data_received,3613091511,3613157189,"{""state_class"": ""total_increasing"", ""unit_of_measurement"": ""B"", ""device_class"": ""data_size"", ""friendly_name"": ""UPNP IGD Data received""}"
2025-08-01T20:53:22.153286,sensor.upnp_igd_data_sent,1043585874,1043591097,"{""state_class"": ""total_increasing"", ""unit_of_measurement"": ""B"", ""device_class"": ""data_size"", ""friendly_name"": ""UPNP IGD Data sent""}"
2025-08-01T20:53:22.155345,sensor.upnp_igd_packets_received,65497654,65498647,"{""state_class"": ""total_increasing"", ""unit_of_measurement"": ""packets"", ""friendly_name"": ""UPNP IGD Packets received""}"
2025-08-01T20:53:22.157535,sensor.upnp_igd_packets_sent,19374506,19374554,"{""state_class"": ""total_increasing"", ""unit_of_measurement"": ""packets"", ""friendly_name"": ""UPNP IGD Packets sent""}"
2025-08-01T20:53:22.159664,sensor.upnp_igd_uptime,908930,908960,"{""unit_of_measurement"": ""s"", ""device_class"": ""duration"", ""friendly_name"": ""UPNP IGD Uptime""}"
2025-08-01T20:53:22.162201,sensor.upnp_igd_download_speed,2.38555339551261,2.13793271075781,"{""state_class"": ""measurement"", ""unit_of_measurement"": ""KiB/s"", ""device_class"": ""data_rate"", ""friendly_name"": ""UPNP IGD Download speed""}"
2025-08-01T20:53:22.164601,sensor.upnp_igd_upload_speed,0.274870542979484,0.170017700726089,"{""state_class"": ""measurement"", ""unit_of_measurement"": ""KiB/s"", ""device_class"": ""data_rate"", ""friendly_name"": ""UPNP IGD Upload speed""}"
2025-08-01T20:53:22.166428,sensor.upnp_igd_packet_download_speed,35.3000964869304,33.0996436271703,"{""state_class"": ""measurement"", ""unit_of_measurement"": ""packets/s"", ""friendly_name"": ""UPNP IGD Packet download speed""}"
2025-08-01T20:53:22.168239,sensor.upnp_igd_packet_upload_speed,1.86667176890283,1.59998277351881,"{""state_class"": ""measurement"", ""unit_of_measurement"": ""packets/s"", ""friendly_name"": ""UPNP IGD Packet upload speed""}"
2025-08-01T20:53:52.149468,sensor.upnp_igd_data_received,3613157189,3613770965,"{""state_class"": ""total_increasing"", ""unit_of_measurement"": ""B"", ""device_class"": ""data_size"", ""friendly_name"": ""UPNP IGD Data received""}"
2025-08-01T20:53:52.151871,sensor.upnp_igd_data_sent,1043591097,1043613190,"{""state_class"": ""total_increasing"", ""unit_of_measurement"": ""B"", ""device_class"": ""data_size"", ""friendly_name"": ""UPNP IGD Data sent""}"
2025-08-01T20:53:52.153457,sensor.upnp_igd_packets_received,65498647,65500055,"{""state_class"": ""total_increasing"", ""unit_of_measurement"": ""packets"", ""friendly_name"": ""UPNP IGD Packets received""}"
2025-08-01T20:53:52.154954,sensor.upnp_igd_packets_sent,19374554,19374749,"{""state_class"": ""total_increasing"", ""unit_of_measurement"": ""packets"", ""friendly_name"": ""UPNP IGD Packets sent""}"
2025-08-01T20:53:52.156371,sensor.upnp_igd_uptime,908960,908990,"{""unit_of_measurement"": ""s"", ""device_class"": ""duration"", ""friendly_name"": ""UPNP IGD Uptime""}"
2025-08-01T20:53:52.157853,sensor.upnp_igd_download_speed,2.13793271075781,19.9789123182021,"{""state_class"": ""measurement"", ""unit_of_measurement"": ""KiB/s"", ""device_class"": ""data_rate"", ""friendly_name"": ""UPNP IGD Download speed""}"
2025-08-01T20:53:52.159393,sensor.upnp_igd_upload_speed,0.170017700726089,0.719145274246693,"{""state_class"": ""measurement"", ""unit_of_measurement"": ""KiB/s"", ""device_class"": ""data_rate"", ""friendly_name"": ""UPNP IGD Upload speed""}"
2025-08-01T20:53:52.160835,sensor.upnp_igd_packet_download_speed,33.0996436271703,46.9315123906526,"{""state_class"": ""measurement"", ""unit_of_measurement"": ""packets/s"", ""friendly_name"": ""UPNP IGD Packet download speed""}"
2025-08-01T20:53:52.162205,sensor.upnp_igd_packet_upload_speed,1.59998277351881,6.49974780978498,"{""state_class"": ""measurement"", ""unit_of_measurement"": ""packets/s"", ""friendly_name"": ""UPNP IGD Packet upload speed""}"
2025-08-01T20:54:10.259622,automation.aut_status_bruno,on,on,"{""id"": ""1751855857509"", ""last_triggered"": ""2025-08-01T23:54:10.252985+00:00"", ""mode"": ""single"", ""current"": 1, ""friendly_name"": ""aut-status-bruno""}"
2025-08-01T20:54:10.261827,automation.aut_status_bruno,on,on,"{""id"": ""1751855857509"", ""last_triggered"": ""2025-08-01T23:54:10.252985+00:00"", ""mode"": ""single"", ""current"": 0, ""friendly_name"": ""aut-status-bruno""}"
2025-08-01T20:54:22.171150,sensor.upnp_igd_data_received,3613770965,3613837938,"{""state_class"": ""total_increasing"", ""unit_of_measurement"": ""B"", ""device_class"": ""data_size"", ""friendly_name"": ""UPNP IGD Data received""}"
2025-08-01T20:54:22.175614,sensor.upnp_igd_data_sent,1043613190,1043618512,"{""state_class"": ""total_increasing"", ""unit_of_measurement"": ""B"", ""device_class"": ""data_size"", ""friendly_name"": ""UPNP IGD Data sent""}"
2025-08-01T20:54:22.179001,sensor.upnp_igd_packets_received,65500055,65501063,"{""state_class"": ""total_increasing"", ""unit_of_measurement"": ""packets"", ""friendly_name"": ""UPNP IGD Packets received""}"
2025-08-01T20:54:22.182404,sensor.upnp_igd_packets_sent,19374749,19374798,"{""state_class"": ""total_increasing"", ""unit_of_measurement"": ""packets"", ""friendly_name"": ""UPNP IGD Packets sent""}"
2025-08-01T20:54:22.185580,sensor.upnp_igd_uptime,908990,909020,"{""unit_of_measurement"": ""s"", ""device_class"": ""duration"", ""friendly_name"": ""UPNP IGD Uptime""}"
2025-08-01T20:54:22.188992,sensor.upnp_igd_download_speed,19.9789123182021,2.18020871380183,"{""state_class"": ""measurement"", ""unit_of_measurement"": ""KiB/s"", ""device_class"": ""data_rate"", ""friendly_name"": ""UPNP IGD Download speed""}"
2025-08-01T20:54:22.192336,sensor.upnp_igd_upload_speed,0.719145274246693,0.17324997797401,"{""state_class"": ""measurement"", ""unit_of_measurement"": ""KiB/s"", ""device_class"": ""data_rate"", ""friendly_name"": ""UPNP IGD Upload speed""}"
2025-08-01T20:54:22.195392,sensor.upnp_igd_packet_download_speed,46.9315123906526,33.6015109479423,"{""state_class"": ""measurement"", ""unit_of_measurement"": ""packets/s"", ""friendly_name"": ""UPNP IGD Packet download speed""}"
2025-08-01T20:54:22.198554,sensor.upnp_igd_packet_upload_speed,6.49974780978498,1.63340678219164,"{""state_class"": ""measurement"", ""unit_of_measurement"": ""packets/s"", ""friendly_name"": ""UPNP IGD Packet upload speed""}"
2025-08-01T20:54:52.152620,sensor.upnp_igd_data_received,3613837938,3613915272,"{""state_class"": ""total_increasing"", ""unit_of_measurement"": ""B"", ""device_class"": ""data_size"", ""friendly_name"": ""UPNP IGD Data received""}"
2025-08-01T20:54:52.154176,sensor.upnp_igd_data_sent,1043618512,1043627983,"{""state_class"": ""total_increasing"", ""unit_of_measurement"": ""B"", ""device_class"": ""data_size"", ""friendly_name"": ""UPNP IGD Data sent""}"
2025-08-01T20:54:52.155719,sensor.upnp_igd_packets_received,65501063,65502099,"{""state_class"": ""total_increasing"", ""unit_of_measurement"": ""packets"", ""friendly_name"": ""UPNP IGD Packets received""}"
2025-08-01T20:54:52.157187,sensor.upnp_igd_packets_sent,19374798,19374867,"{""state_class"": ""total_increasing"", ""unit_of_measurement"": ""packets"", ""friendly_name"": ""UPNP IGD Packets sent""}"
2025-08-01T20:54:52.158489,sensor.upnp_igd_uptime,909020,909050,"{""unit_of_measurement"": ""s"", ""device_class"": ""duration"", ""friendly_name"": ""UPNP IGD Uptime""}"
2025-08-01T20:54:52.159958,sensor.upnp_igd_download_speed,2.18020871380183,2.51733557050246,"{""state_class"": ""measurement"", ""unit_of_measurement"": ""KiB/s"", ""device_class"": ""data_rate"", ""friendly_name"": ""UPNP IGD Download speed""}"
2025-08-01T20:54:52.161416,sensor.upnp_igd_upload_speed,0.17324997797401,0.308294995580583,"{""state_class"": ""measurement"", ""unit_of_measurement"": ""KiB/s"", ""device_class"": ""data_rate"", ""friendly_name"": ""UPNP IGD Upload speed""}"
2025-08-01T20:54:52.162915,sensor.upnp_igd_packet_download_speed,33.6015109479423,34.5326852699398,"{""state_class"": ""measurement"", ""unit_of_measurement"": ""packets/s"", ""friendly_name"": ""UPNP IGD Packet download speed""}"
2025-08-01T20:54:52.164362,sensor.upnp_igd_packet_upload_speed,1.63340678219164,2.29995683747668,"{""state_class"": ""measurement"", ""unit_of_measurement"": ""packets/s"", ""friendly_name"": ""UPNP IGD Packet upload speed""}"
2025-08-01T20:55:10.259077,automation.aut_status_bruno,on,on,"{""id"": ""1751855857509"", ""last_triggered"": ""2025-08-01T23:55:10.252769+00:00"", ""mode"": ""single"", ""current"": 1, ""friendly_name"": ""aut-status-bruno""}"
2025-08-01T20:55:10.261470,automation.aut_status_bruno,on,on,"{""id"": ""1751855857509"", ""last_triggered"": ""2025-08-01T23:55:10.252769+00:00"", ""mode"": ""single"", ""current"": 0, ""friendly_name"": ""aut-status-bruno""}"
2025-08-01T20:55:22.155002,sensor.upnp_igd_data_received,3613915272,3613981033,"{""state_class"": ""total_increasing"", ""unit_of_measurement"": ""B"", ""device_class"": ""data_size"", ""friendly_name"": ""UPNP IGD Data received""}"
2025-08-01T20:55:22.156972,sensor.upnp_igd_data_sent,1043627983,1043631010,"{""state_class"": ""total_increasing"", ""unit_of_measurement"": ""B"", ""device_class"": ""data_size"", ""friendly_name"": ""UPNP IGD Data sent""}"
2025-08-01T20:55:22.158530,sensor.upnp_igd_packets_received,65502099,65503107,"{""state_class"": ""total_increasing"", ""unit_of_measurement"": ""packets"", ""friendly_name"": ""UPNP IGD Packets received""}"
2025-08-01T20:55:22.159902,sensor.upnp_igd_packets_sent,19374867,19374900,"{""state_class"": ""total_increasing"", ""unit_of_measurement"": ""packets"", ""friendly_name"": ""UPNP IGD Packets sent""}"
2025-08-01T20:55:22.161188,sensor.upnp_igd_uptime,909050,909080,"{""unit_of_measurement"": ""s"", ""device_class"": ""duration"", ""friendly_name"": ""UPNP IGD Uptime""}"
2025-08-01T20:55:22.162417,sensor.upnp_igd_download_speed,2.51733557050246,2.14066026358633,"{""state_class"": ""measurement"", ""unit_of_measurement"": ""KiB/s"", ""device_class"": ""data_rate"", ""friendly_name"": ""UPNP IGD Download speed""}"
2025-08-01T20:55:22.163666,sensor.upnp_igd_upload_speed,0.308294995580583,0.098535281061356,"{""state_class"": ""measurement"", ""unit_of_measurement"": ""KiB/s"", ""device_class"": ""data_rate"", ""friendly_name"": ""UPNP IGD Upload speed""}"
2025-08-01T20:55:22.164890,sensor.upnp_igd_packet_download_speed,34.5326852699398,33.6000425600539,"{""state_class"": ""measurement"", ""unit_of_measurement"": ""packets/s"", ""friendly_name"": ""UPNP IGD Packet download speed""}"
2025-08-01T20:55:22.166066,sensor.upnp_igd_packet_upload_speed,2.29995683747668,1.1000013933351,"{""state_class"": ""measurement"", ""unit_of_measurement"": ""packets/s"", ""friendly_name"": ""UPNP IGD Packet upload speed""}"
2025-08-01T20:55:52.146822,sensor.upnp_igd_data_received,3613981033,3614053287,"{""state_class"": ""total_increasing"", ""unit_of_measurement"": ""B"", ""device_class"": ""data_size"", ""friendly_name"": ""UPNP IGD Data received""}"
2025-08-01T20:55:52.149445,sensor.upnp_igd_data_sent,1043631010,1043638404,"{""state_class"": ""total_increasing"", ""unit_of_measurement"": ""B"", ""device_class"": ""data_size"", ""friendly_name"": ""UPNP IGD Data sent""}"
2025-08-01T20:55:52.151017,sensor.upnp_igd_packets_received,65503107,65504153,"{""state_class"": ""total_increasing"", ""unit_of_measurement"": ""packets"", ""friendly_name"": ""UPNP IGD Packets received""}"
2025-08-01T20:55:52.152465,sensor.upnp_igd_packets_sent,19374900,19374950,"{""state_class"": ""total_increasing"", ""unit_of_measurement"": ""packets"", ""friendly_name"": ""UPNP IGD Packets sent""}"
2025-08-01T20:55:52.153787,sensor.upnp_igd_uptime,909080,909110,"{""unit_of_measurement"": ""s"", ""device_class"": ""duration"", ""friendly_name"": ""UPNP IGD Uptime""}"
2025-08-01T20:55:52.155200,sensor.upnp_igd_download_speed,2.14066026358633,2.35206072306373,"{""state_class"": ""measurement"", ""unit_of_measurement"": ""KiB/s"", ""device_class"": ""data_rate"", ""friendly_name"": ""UPNP IGD Download speed""}"
2025-08-01T20:55:52.156680,sensor.upnp_igd_upload_speed,0.098535281061356,0.240694452713112,"{""state_class"": ""measurement"", ""unit_of_measurement"": ""KiB/s"", ""device_class"": ""data_rate"", ""friendly_name"": ""UPNP IGD Upload speed""}"
2025-08-01T20:55:52.158047,sensor.upnp_igd_packet_download_speed,33.6000425600539,34.8672966024919,"{""state_class"": ""measurement"", ""unit_of_measurement"": ""packets/s"", ""friendly_name"": ""UPNP IGD Packet download speed""}"
2025-08-01T20:55:52.159462,sensor.upnp_igd_packet_upload_speed,1.1000013933351,1.66669677832179,"{""state_class"": ""measurement"", ""unit_of_measurement"": ""packets/s"", ""friendly_name"": ""UPNP IGD Packet upload speed""}"
2025-08-01T20:56:10.260167,automation.aut_status_bruno,on,on,"{""id"": ""1751855857509"", ""last_triggered"": ""2025-08-01T23:56:10.252502+00:00"", ""mode"": ""single"", ""current"": 1, ""friendly_name"": ""aut-status-bruno""}"
2025-08-01T20:56:10.262735,automation.aut_status_bruno,on,on,"{""id"": ""1751855857509"", ""last_triggered"": ""2025-08-01T23:56:10.252502+00:00"", ""mode"": ""single"", ""current"": 0, ""friendly_name"": ""aut-status-bruno""}"
2025-08-01T20:56:22.148365,sensor.upnp_igd_data_received,3614053287,3614123615,"{""state_class"": ""total_increasing"", ""unit_of_measurement"": ""B"", ""device_class"": ""data_size"", ""friendly_name"": ""UPNP IGD Data received""}"
2025-08-01T20:56:22.150311,sensor.upnp_igd_data_sent,1043638404,1043643496,"{""state_class"": ""total_increasing"", ""unit_of_measurement"": ""B"", ""device_class"": ""data_size"", ""friendly_name"": ""UPNP IGD Data sent""}"
2025-08-01T20:56:22.152542,sensor.upnp_igd_packets_received,65504153,65505205,"{""state_class"": ""total_increasing"", ""unit_of_measurement"": ""packets"", ""friendly_name"": ""UPNP IGD Packets received""}"
2025-08-01T20:56:22.154816,sensor.upnp_igd_packets_sent,19374950,19374998,"{""state_class"": ""total_increasing"", ""unit_of_measurement"": ""packets"", ""friendly_name"": ""UPNP IGD Packets sent""}"
2025-08-01T20:56:22.156729,sensor.upnp_igd_uptime,909110,909140,"{""unit_of_measurement"": ""s"", ""device_class"": ""duration"", ""friendly_name"": ""UPNP IGD Uptime""}"
2025-08-01T20:56:22.158490,sensor.upnp_igd_download_speed,2.35206072306373,2.28928605916111,"{""state_class"": ""measurement"", ""unit_of_measurement"": ""KiB/s"", ""device_class"": ""data_rate"", ""friendly_name"": ""UPNP IGD Download speed""}"
2025-08-01T20:56:22.160271,sensor.upnp_igd_upload_speed,0.240694452713112,0.165752539717444,"{""state_class"": ""measurement"", ""unit_of_measurement"": ""KiB/s"", ""device_class"": ""data_rate"", ""friendly_name"": ""UPNP IGD Upload speed""}"
2025-08-01T20:56:22.162043,sensor.upnp_igd_packet_download_speed,34.8672966024919,35.0661021024228,"{""state_class"": ""measurement"", ""unit_of_measurement"": ""packets/s"", ""friendly_name"": ""UPNP IGD Packet download speed""}"
2025-08-01T20:56:22.163802,sensor.upnp_igd_packet_upload_speed,1.66669677832179,1.59997424041473,"{""state_class"": ""measurement"", ""unit_of_measurement"": ""packets/s"", ""friendly_name"": ""UPNP IGD Packet upload speed""}"
2025-08-01T20:56:52.149472,sensor.upnp_igd_data_received,3614123615,3614194304,"{""state_class"": ""total_increasing"", ""unit_of_measurement"": ""B"", ""device_class"": ""data_size"", ""friendly_name"": ""UPNP IGD Data received""}"
2025-08-01T20:56:52.152309,sensor.upnp_igd_data_sent,1043643496,1043650725,"{""state_class"": ""total_increasing"", ""unit_of_measurement"": ""B"", ""device_class"": ""data_size"", ""friendly_name"": ""UPNP IGD Data sent""}"
2025-08-01T20:56:52.153793,sensor.upnp_igd_packets_received,65505205,65506228,"{""state_class"": ""total_increasing"", ""unit_of_measurement"": ""packets"", ""friendly_name"": ""UPNP IGD Packets received""}"
2025-08-01T20:56:52.155165,sensor.upnp_igd_packets_sent,19374998,19375045,"{""state_class"": ""total_increasing"", ""unit_of_measurement"": ""packets"", ""friendly_name"": ""UPNP IGD Packets sent""}"
2025-08-01T20:56:52.156574,sensor.upnp_igd_uptime,909140,909170,"{""unit_of_measurement"": ""s"", ""device_class"": ""duration"", ""friendly_name"": ""UPNP IGD Uptime""}"
2025-08-01T20:56:52.157974,sensor.upnp_igd_download_speed,2.28928605916111,2.30104768000009,"{""state_class"": ""measurement"", ""unit_of_measurement"": ""KiB/s"", ""device_class"": ""data_rate"", ""friendly_name"": ""UPNP IGD Download speed""}"
2025-08-01T20:56:52.159569,sensor.upnp_igd_upload_speed,0.165752539717444,0.235316296435381,"{""state_class"": ""measurement"", ""unit_of_measurement"": ""KiB/s"", ""device_class"": ""data_rate"", ""friendly_name"": ""UPNP IGD Upload speed""}"
2025-08-01T20:56:52.161507,sensor.upnp_igd_packet_download_speed,35.0661021024228,34.0996067178692,"{""state_class"": ""measurement"", ""unit_of_measurement"": ""packets/s"", ""friendly_name"": ""UPNP IGD Packet download speed""}"
2025-08-01T20:56:52.163428,sensor.upnp_igd_packet_upload_speed,1.59997424041473,1.56664859798617,"{""state_class"": ""measurement"", ""unit_of_measurement"": ""packets/s"", ""friendly_name"": ""UPNP IGD Packet upload speed""}"
2025-08-01T20:57:10.260395,automation.aut_status_bruno,on,on,"{""id"": ""1751855857509"", ""last_triggered"": ""2025-08-01T23:57:10.253645+00:00"", ""mode"": ""single"", ""current"": 1, ""friendly_name"": ""aut-status-bruno""}"
2025-08-01T20:57:10.262668,automation.aut_status_bruno,on,on,"{""id"": ""1751855857509"", ""last_triggered"": ""2025-08-01T23:57:10.253645+00:00"", ""mode"": ""single"", ""current"": 0, ""friendly_name"": ""aut-status-bruno""}"
2025-08-01T20:57:22.178639,sensor.upnp_igd_data_received,3614194304,3614259867,"{""state_class"": ""total_increasing"", ""unit_of_measurement"": ""B"", ""device_class"": ""data_size"", ""friendly_name"": ""UPNP IGD Data received""}"
2025-08-01T20:57:22.181370,sensor.upnp_igd_data_sent,1043650725,1043654014,"{""state_class"": ""total_increasing"", ""unit_of_measurement"": ""B"", ""device_class"": ""data_size"", ""friendly_name"": ""UPNP IGD Data sent""}"
2025-08-01T20:57:22.182728,sensor.upnp_igd_packets_received,65506228,65507229,"{""state_class"": ""total_increasing"", ""unit_of_measurement"": ""packets"", ""friendly_name"": ""UPNP IGD Packets received""}"
2025-08-01T20:57:22.184930,sensor.upnp_igd_packets_sent,19375045,19375081,"{""state_class"": ""total_increasing"", ""unit_of_measurement"": ""packets"", ""friendly_name"": ""UPNP IGD Packets sent""}"
2025-08-01T20:57:22.186649,sensor.upnp_igd_uptime,909170,909200,"{""unit_of_measurement"": ""s"", ""device_class"": ""duration"", ""friendly_name"": ""UPNP IGD Uptime""}"
2025-08-01T20:57:22.188450,sensor.upnp_igd_download_speed,2.30104768000009,2.13423849071677,"{""state_class"": ""measurement"", ""unit_of_measurement"": ""KiB/s"", ""device_class"": ""data_rate"", ""friendly_name"": ""UPNP IGD Download speed""}"
2025-08-01T20:57:22.190210,sensor.upnp_igd_upload_speed,0.235316296435381,0.107065118984297,"{""state_class"": ""measurement"", ""unit_of_measurement"": ""KiB/s"", ""device_class"": ""data_rate"", ""friendly_name"": ""UPNP IGD Upload speed""}"
2025-08-01T20:57:22.192038,sensor.upnp_igd_packet_download_speed,34.0996067178692,33.3670770817148,"{""state_class"": ""measurement"", ""unit_of_measurement"": ""packets/s"", ""friendly_name"": ""UPNP IGD Packet download speed""}"
2025-08-01T20:57:22.193768,sensor.upnp_igd_packet_upload_speed,1.56664859798617,1.20001476018155,"{""state_class"": ""measurement"", ""unit_of_measurement"": ""packets/s"", ""friendly_name"": ""UPNP IGD Packet upload speed""}"
2025-08-01T20:57:52.148756,sensor.upnp_igd_data_received,3614259867,3614328909,"{""state_class"": ""total_increasing"", ""unit_of_measurement"": ""B"", ""device_class"": ""data_size"", ""friendly_name"": ""UPNP IGD Data received""}"
2025-08-01T20:57:52.151493,sensor.upnp_igd_data_sent,1043654014,1043661314,"{""state_class"": ""total_increasing"", ""unit_of_measurement"": ""B"", ""device_class"": ""data_size"", ""friendly_name"": ""UPNP IGD Data sent""}"
2025-08-01T20:57:52.152963,sensor.upnp_igd_packets_received,65507229,65508225,"{""state_class"": ""total_increasing"", ""unit_of_measurement"": ""packets"", ""friendly_name"": ""UPNP IGD Packets received""}"
2025-08-01T20:57:52.154427,sensor.upnp_igd_packets_sent,19375081,19375130,"{""state_class"": ""total_increasing"", ""unit_of_measurement"": ""packets"", ""friendly_name"": ""UPNP IGD Packets sent""}"
2025-08-01T20:57:52.156237,sensor.upnp_igd_uptime,909200,909230,"{""unit_of_measurement"": ""s"", ""device_class"": ""duration"", ""friendly_name"": ""UPNP IGD Uptime""}"
2025-08-01T20:57:52.158173,sensor.upnp_igd_download_speed,2.13423849071677,2.24746580700925,"{""state_class"": ""measurement"", ""unit_of_measurement"": ""KiB/s"", ""device_class"": ""data_rate"", ""friendly_name"": ""UPNP IGD Download speed""}"
2025-08-01T20:57:52.159888,sensor.upnp_igd_upload_speed,0.107065118984297,0.2376307231999,"{""state_class"": ""measurement"", ""unit_of_measurement"": ""KiB/s"", ""device_class"": ""data_rate"", ""friendly_name"": ""UPNP IGD Upload speed""}"
2025-08-01T20:57:52.161377,sensor.upnp_igd_packet_download_speed,33.3670770817148,33.2000719334892,"{""state_class"": ""measurement"", ""unit_of_measurement"": ""packets/s"", ""friendly_name"": ""UPNP IGD Packet download speed""}"
2025-08-01T20:57:52.162742,sensor.upnp_igd_packet_upload_speed,1.20001476018155,1.63333687222989,"{""state_class"": ""measurement"", ""unit_of_measurement"": ""packets/s"", ""friendly_name"": ""UPNP IGD Packet upload speed""}"
2025-08-01T20:57:54.152128,camera.192_168_0_33,idle,idle,"{""access_token"": ""3ba60fc429f9a6356fb0b6b439bb18c38a0aa50dff5ee1fa9f94f24478d1f737"", ""entity_picture"": ""/api/camera_proxy/camera.192_168_0_33?token=3ba60fc429f9a6356fb0b6b439bb18c38a0aa50dff5ee1fa9f94f24478d1f737"", ""friendly_name"": ""192_168_0_14"", ""supported_features"": 2}"
2025-08-01T20:57:54.153941,camera.admin_mainstream,idle,idle,"{""access_token"": ""3190730bc35aa1ba38e8b60b1d4eec52e116828538beafd1cce99a532d53234d"", ""entity_picture"": ""/api/camera_proxy/camera.admin_mainstream?token=3190730bc35aa1ba38e8b60b1d4eec52e116828538beafd1cce99a532d53234d"", ""friendly_name"": ""admin MainStream"", ""supported_features"": 2}"
2025-08-01T20:57:54.155615,camera.admin_substream,idle,idle,"{""access_token"": ""b1554b8b80c600bd68dfa1b5ce1e2fd53232de0dc646bd028f955970517bf700"", ""entity_picture"": ""/api/camera_proxy/camera.admin_substream?token=b1554b8b80c600bd68dfa1b5ce1e2fd53232de0dc646bd028f955970517bf700"", ""friendly_name"": ""admin SubStream"", ""supported_features"": 2}"
2025-08-01T20:58:10.260419,automation.aut_status_bruno,on,on,"{""id"": ""1751855857509"", ""last_triggered"": ""2025-08-01T23:58:10.253005+00:00"", ""mode"": ""single"", ""current"": 1, ""friendly_name"": ""aut-status-bruno""}"
2025-08-01T20:58:10.262289,automation.aut_status_bruno,on,on,"{""id"": ""1751855857509"", ""last_triggered"": ""2025-08-01T23:58:10.253005+00:00"", ""mode"": ""single"", ""current"": 0, ""friendly_name"": ""aut-status-bruno""}"
2025-08-01T20:58:18.647453,weather.home,rainy,rainy,"{""temperature"": 24.1, ""temperature_unit"": ""\u00b0C"", ""pressure_unit"": ""hPa"", ""wind_bearing"": 158, ""wind_speed"": 17.1, ""wind_speed_unit"": ""km/h"", ""visibility_unit"": ""km"", ""precipitation_unit"": ""mm"", ""friendly_name"": ""Home"", ""supported_features"": 3}"
2025-08-01T20:58:22.170414,sensor.upnp_igd_data_received,3614328909,3614411495,"{""state_class"": ""total_increasing"", ""unit_of_measurement"": ""B"", ""device_class"": ""data_size"", ""friendly_name"": ""UPNP IGD Data received""}"
2025-08-01T20:58:22.172788,sensor.upnp_igd_data_sent,1043661314,1043672353,"{""state_class"": ""total_increasing"", ""unit_of_measurement"": ""B"", ""device_class"": ""data_size"", ""friendly_name"": ""UPNP IGD Data sent""}"
2025-08-01T20:58:22.174264,sensor.upnp_igd_packets_received,65508225,65509303,"{""state_class"": ""total_increasing"", ""unit_of_measurement"": ""packets"", ""friendly_name"": ""UPNP IGD Packets received""}"
2025-08-01T20:58:22.175742,sensor.upnp_igd_packets_sent,19375130,19375212,"{""state_class"": ""total_increasing"", ""unit_of_measurement"": ""packets"", ""friendly_name"": ""UPNP IGD Packets sent""}"
2025-08-01T20:58:22.177148,sensor.upnp_igd_uptime,909230,909260,"{""unit_of_measurement"": ""s"", ""device_class"": ""duration"", ""friendly_name"": ""UPNP IGD Uptime""}"
2025-08-01T20:58:22.178551,sensor.upnp_igd_download_speed,2.24746580700925,2.68834196320813,"{""state_class"": ""measurement"", ""unit_of_measurement"": ""KiB/s"", ""device_class"": ""data_rate"", ""friendly_name"": ""UPNP IGD Download speed""}"
2025-08-01T20:58:22.179982,sensor.upnp_igd_upload_speed,0.2376307231999,0.359341860991627,"{""state_class"": ""measurement"", ""unit_of_measurement"": ""KiB/s"", ""device_class"": ""data_rate"", ""friendly_name"": ""UPNP IGD Upload speed""}"
2025-08-01T20:58:22.181399,sensor.upnp_igd_packet_download_speed,33.2000719334892,35.9332746423181,"{""state_class"": ""measurement"", ""unit_of_measurement"": ""packets/s"", ""friendly_name"": ""UPNP IGD Packet download speed""}"
2025-08-01T20:58:22.182827,sensor.upnp_igd_packet_upload_speed,1.63333687222989,2.73332886889618,"{""state_class"": ""measurement"", ""unit_of_measurement"": ""packets/s"", ""friendly_name"": ""UPNP IGD Packet upload speed""}"
2025-08-01T20:58:52.149077,sensor.upnp_igd_data_received,3614411495,3615018009,"{""state_class"": ""total_increasing"", ""unit_of_measurement"": ""B"", ""device_class"": ""data_size"", ""friendly_name"": ""UPNP IGD Data received""}"
2025-08-01T20:58:52.151711,sensor.upnp_igd_data_sent,1043672353,1043687342,"{""state_class"": ""total_increasing"", ""unit_of_measurement"": ""B"", ""device_class"": ""data_size"", ""friendly_name"": ""UPNP IGD Data sent""}"
2025-08-01T20:58:52.153287,sensor.upnp_igd_packets_received,65509303,65510693,"{""state_class"": ""total_increasing"", ""unit_of_measurement"": ""packets"", ""friendly_name"": ""UPNP IGD Packets received""}"
2025-08-01T20:58:52.154704,sensor.upnp_igd_packets_sent,19375212,19375351,"{""state_class"": ""total_increasing"", ""unit_of_measurement"": ""packets"", ""friendly_name"": ""UPNP IGD Packets sent""}"
2025-08-01T20:58:52.156106,sensor.upnp_igd_uptime,909260,909290,"{""unit_of_measurement"": ""s"", ""device_class"": ""duration"", ""friendly_name"": ""UPNP IGD Uptime""}"
2025-08-01T20:58:52.157550,sensor.upnp_igd_download_speed,2.68834196320813,19.7431284285545,"{""state_class"": ""measurement"", ""unit_of_measurement"": ""KiB/s"", ""device_class"": ""data_rate"", ""friendly_name"": ""UPNP IGD Download speed""}"
2025-08-01T20:58:52.158983,sensor.upnp_igd_upload_speed,0.359341860991627,0.487919078563073,"{""state_class"": ""measurement"", ""unit_of_measurement"": ""KiB/s"", ""device_class"": ""data_rate"", ""friendly_name"": ""UPNP IGD Upload speed""}"
2025-08-01T20:58:52.160445,sensor.upnp_igd_packet_download_speed,35.9332746423181,46.3329441366026,"{""state_class"": ""measurement"", ""unit_of_measurement"": ""packets/s"", ""friendly_name"": ""UPNP IGD Packet download speed""}"
2025-08-01T20:58:52.161900,sensor.upnp_igd_packet_upload_speed,2.73332886889618,4.63329441366026,"{""state_class"": ""measurement"", ""unit_of_measurement"": ""packets/s"", ""friendly_name"": ""UPNP IGD Packet upload speed""}"
2025-08-01T20:59:10.260806,automation.aut_status_bruno,on,on,"{""id"": ""1751855857509"", ""last_triggered"": ""2025-08-01T23:59:10.252505+00:00"", ""mode"": ""single"", ""current"": 1, ""friendly_name"": ""aut-status-bruno""}"
2025-08-01T20:59:10.263032,automation.aut_status_bruno,on,on,"{""id"": ""1751855857509"", ""last_triggered"": ""2025-08-01T23:59:10.252505+00:00"", ""mode"": ""single"", ""current"": 0, ""friendly_name"": ""aut-status-bruno""}"
2025-08-01T20:59:18.815101,sensor.tauntaum_power,2,1,"{""state_class"": ""measurement"", ""power_consumption_start"": ""2025-08-01T23:43:40Z"", ""power_consumption_end"": ""2025-08-01T23:59:18Z"", ""unit_of_measurement"": ""W"", ""device_class"": ""power"", ""friendly_name"": ""Tauntaum Power""}"
2025-08-01T20:59:18.817617,sensor.tauntaum_energy_difference,0.005,0.0,"{""state_class"": ""total"", ""unit_of_measurement"": ""kWh"", ""device_class"": ""energy"", ""friendly_name"": ""Tauntaum Energy difference""}"
2025-08-01T20:59:18.819125,sensor.tauntaum_power_energy,0.0122949566678206,0.000521496111154556,"{""state_class"": ""total"", ""unit_of_measurement"": ""kWh"", ""device_class"": ""energy"", ""friendly_name"": ""Tauntaum Power energy""}"
2025-08-01T20:59:22.156044,sensor.upnp_igd_data_received,3615018009,3615082232,"{""state_class"": ""total_increasing"", ""unit_of_measurement"": ""B"", ""device_class"": ""data_size"", ""friendly_name"": ""UPNP IGD Data received""}"
2025-08-01T20:59:22.160846,sensor.upnp_igd_data_sent,1043687342,1043691217,"{""state_class"": ""total_increasing"", ""unit_of_measurement"": ""B"", ""device_class"": ""data_size"", ""friendly_name"": ""UPNP IGD Data sent""}"
2025-08-01T20:59:22.162909,sensor.upnp_igd_packets_received,65510693,65511678,"{""state_class"": ""total_increasing"", ""unit_of_measurement"": ""packets"", ""friendly_name"": ""UPNP IGD Packets received""}"
2025-08-01T20:59:22.164888,sensor.upnp_igd_packets_sent,19375351,19375390,"{""state_class"": ""total_increasing"", ""unit_of_measurement"": ""packets"", ""friendly_name"": ""UPNP IGD Packets sent""}"
2025-08-01T20:59:22.166687,sensor.upnp_igd_uptime,909290,909320,"{""unit_of_measurement"": ""s"", ""device_class"": ""duration"", ""friendly_name"": ""UPNP IGD Uptime""}"
2025-08-01T20:59:22.168620,sensor.upnp_igd_download_speed,19.7431284285545,2.09058582772821,"{""state_class"": ""measurement"", ""unit_of_measurement"": ""KiB/s"", ""device_class"": ""data_rate"", ""friendly_name"": ""UPNP IGD Download speed""}"
2025-08-01T20:59:22.170600,sensor.upnp_igd_upload_speed,0.487919078563073,0.126138923476742,"{""state_class"": ""measurement"", ""unit_of_measurement"": ""KiB/s"", ""device_class"": ""data_rate"", ""friendly_name"": ""UPNP IGD Upload speed""}"
2025-08-01T20:59:22.172573,sensor.upnp_igd_packet_download_speed,46.3329441366026,32.8332293614404,"{""state_class"": ""measurement"", ""unit_of_measurement"": ""packets/s"", ""friendly_name"": ""UPNP IGD Packet download speed""}"
2025-08-01T20:59:22.174425,sensor.upnp_igd_packet_upload_speed,4.63329441366026,1.29999588334637,"{""state_class"": ""measurement"", ""unit_of_measurement"": ""packets/s"", ""friendly_name"": ""UPNP IGD Packet upload speed""}"
2025-08-01T20:59:52.151899,sensor.upnp_igd_data_received,3615082232,3615152033,"{""state_class"": ""total_increasing"", ""unit_of_measurement"": ""B"", ""device_class"": ""data_size"", ""friendly_name"": ""UPNP IGD Data received""}"
2025-08-01T20:59:52.154532,sensor.upnp_igd_data_sent,1043691217,1043698720,"{""state_class"": ""total_increasing"", ""unit_of_measurement"": ""B"", ""device_class"": ""data_size"", ""friendly_name"": ""UPNP IGD Data sent""}"
2025-08-01T20:59:52.156237,sensor.upnp_igd_packets_received,65511678,65512682,"{""state_class"": ""total_increasing"", ""unit_of_measurement"": ""packets"", ""friendly_name"": ""UPNP IGD Packets received""}"
2025-08-01T20:59:52.157675,sensor.upnp_igd_packets_sent,19375390,19375440,"{""state_class"": ""total_increasing"", ""unit_of_measurement"": ""packets"", ""friendly_name"": ""UPNP IGD Packets sent""}"
2025-08-01T20:59:52.159090,sensor.upnp_igd_uptime,909320,909350,"{""unit_of_measurement"": ""s"", ""device_class"": ""duration"", ""friendly_name"": ""UPNP IGD Uptime""}"
2025-08-01T20:59:52.160605,sensor.upnp_igd_download_speed,2.09058582772821,2.27219606824138,"{""state_class"": ""measurement"", ""unit_of_measurement"": ""KiB/s"", ""device_class"": ""data_rate"", ""friendly_name"": ""UPNP IGD Download speed""}"
2025-08-01T20:59:52.162024,sensor.upnp_igd_upload_speed,0.126138923476742,0.244241301700764,"{""state_class"": ""measurement"", ""unit_of_measurement"": ""KiB/s"", ""device_class"": ""data_rate"", ""friendly_name"": ""UPNP IGD Upload speed""}"
2025-08-01T20:59:52.163503,sensor.upnp_igd_packet_download_speed,32.8332293614404,33.467080542896,"{""state_class"": ""measurement"", ""unit_of_measurement"": ""packets/s"", ""friendly_name"": ""UPNP IGD Packet download speed""}"
2025-08-01T20:59:52.164931,sensor.upnp_igd_packet_upload_speed,1.29999588334637,1.66668727803267,"{""state_class"": ""measurement"", ""unit_of_measurement"": ""packets/s"", ""friendly_name"": ""UPNP IGD Packet upload speed""}"
