timestamp,entity_id,old_state,new_state,attributes
2025-07-28T03:00:09.237994,sensor.upnp_igd_data_received,2441820889,2441900334,"{""state_class"": ""total_increasing"", ""unit_of_measurement"": ""B"", ""device_class"": ""data_size"", ""friendly_name"": ""UPNP IGD Data received""}"
2025-07-28T03:00:09.240770,sensor.upnp_igd_data_sent,4064166247,4064183883,"{""state_class"": ""total_increasing"", ""unit_of_measurement"": ""B"", ""device_class"": ""data_size"", ""friendly_name"": ""UPNP IGD Data sent""}"
2025-07-28T03:00:09.242325,sensor.upnp_igd_packets_received,46163129,46164202,"{""state_class"": ""total_increasing"", ""unit_of_measurement"": ""packets"", ""friendly_name"": ""UPNP IGD Packets received""}"
2025-07-28T03:00:09.243804,sensor.upnp_igd_packets_sent,14949492,14949565,"{""state_class"": ""total_increasing"", ""unit_of_measurement"": ""packets"", ""friendly_name"": ""UPNP IGD Packets sent""}"
2025-07-28T03:00:09.245355,sensor.upnp_igd_uptime,498937,498967,"{""unit_of_measurement"": ""s"", ""device_class"": ""duration"", ""friendly_name"": ""UPNP IGD Uptime""}"
2025-07-28T03:00:09.246848,sensor.upnp_igd_download_speed,2.20193635370901,2.58617543191589,"{""state_class"": ""measurement"", ""unit_of_measurement"": ""KiB/s"", ""device_class"": ""data_rate"", ""friendly_name"": ""UPNP IGD Download speed""}"
2025-07-28T03:00:09.248364,sensor.upnp_igd_upload_speed,0.137854984965003,0.574105228991989,"{""state_class"": ""measurement"", ""unit_of_measurement"": ""KiB/s"", ""device_class"": ""data_rate"", ""friendly_name"": ""UPNP IGD Upload speed""}"
2025-07-28T03:00:09.249769,sensor.upnp_igd_packet_download_speed,34.4325620439435,35.7677063146635,"{""state_class"": ""measurement"", ""unit_of_measurement"": ""packets/s"", ""friendly_name"": ""UPNP IGD Packet download speed""}"
2025-07-28T03:00:09.251103,sensor.upnp_igd_packet_upload_speed,1.56663157411941,2.43340406427814,"{""state_class"": ""measurement"", ""unit_of_measurement"": ""packets/s"", ""friendly_name"": ""UPNP IGD Packet upload speed""}"
2025-07-28T03:00:10.258793,automation.aut_status_bruno,on,on,"{""id"": ""1751855857509"", ""last_triggered"": ""2025-07-28T06:00:10.252470+00:00"", ""mode"": ""single"", ""current"": 1, ""friendly_name"": ""aut-status-bruno""}"
2025-07-28T03:00:10.261520,automation.aut_status_bruno,on,on,"{""id"": ""1751855857509"", ""last_triggered"": ""2025-07-28T06:00:10.252470+00:00"", ""mode"": ""single"", ""current"": 0, ""friendly_name"": ""aut-status-bruno""}"
2025-07-28T03:00:35.014063,sun.sun,below_horizon,below_horizon,"{""next_dawn"": ""2025-07-28T08:32:29.194463+00:00"", ""next_dusk"": ""2025-07-28T20:48:48.554389+00:00"", ""next_midnight"": ""2025-07-29T02:40:33+00:00"", ""next_noon"": ""2025-07-28T14:40:36+00:00"", ""next_rising"": ""2025-07-28T08:55:17.543084+00:00"", ""next_setting"": ""2025-07-28T20:26:00.664558+00:00"", ""elevation"": -41.71, ""azimuth"": 76.13, ""rising"": true, ""friendly_name"": ""Sun""}"
2025-07-28T03:00:39.240135,sensor.upnp_igd_data_received,2441900334,2441969049,"{""state_class"": ""total_increasing"", ""unit_of_measurement"": ""B"", ""device_class"": ""data_size"", ""friendly_name"": ""UPNP IGD Data received""}"
2025-07-28T03:00:39.242537,sensor.upnp_igd_data_sent,4064183883,4064188281,"{""state_class"": ""total_increasing"", ""unit_of_measurement"": ""B"", ""device_class"": ""data_size"", ""friendly_name"": ""UPNP IGD Data sent""}"
2025-07-28T03:00:39.244117,sensor.upnp_igd_packets_received,46164202,46165251,"{""state_class"": ""total_increasing"", ""unit_of_measurement"": ""packets"", ""friendly_name"": ""UPNP IGD Packets received""}"
2025-07-28T03:00:39.245522,sensor.upnp_igd_packets_sent,14949565,14949612,"{""state_class"": ""total_increasing"", ""unit_of_measurement"": ""packets"", ""friendly_name"": ""UPNP IGD Packets sent""}"
2025-07-28T03:00:39.246994,sensor.upnp_igd_uptime,498967,498997,"{""unit_of_measurement"": ""s"", ""device_class"": ""duration"", ""friendly_name"": ""UPNP IGD Uptime""}"
2025-07-28T03:00:39.248689,sensor.upnp_igd_download_speed,2.58617543191589,2.23675631206375,"{""state_class"": ""measurement"", ""unit_of_measurement"": ""KiB/s"", ""device_class"": ""data_rate"", ""friendly_name"": ""UPNP IGD Download speed""}"
2025-07-28T03:00:39.250210,sensor.upnp_igd_upload_speed,0.574105228991989,0.14316021626219,"{""state_class"": ""measurement"", ""unit_of_measurement"": ""KiB/s"", ""device_class"": ""data_rate"", ""friendly_name"": ""UPNP IGD Upload speed""}"
2025-07-28T03:00:39.251670,sensor.upnp_igd_packet_download_speed,35.7677063146635,34.9657272541278,"{""state_class"": ""measurement"", ""unit_of_measurement"": ""packets/s"", ""friendly_name"": ""UPNP IGD Packet download speed""}"
2025-07-28T03:00:39.253084,sensor.upnp_igd_packet_upload_speed,2.43340406427814,1.56662457668637,"{""state_class"": ""measurement"", ""unit_of_measurement"": ""packets/s"", ""friendly_name"": ""UPNP IGD Packet upload speed""}"
2025-07-28T03:01:09.242216,sensor.upnp_igd_data_received,2441969049,2442067734,"{""state_class"": ""total_increasing"", ""unit_of_measurement"": ""B"", ""device_class"": ""data_size"", ""friendly_name"": ""UPNP IGD Data received""}"
2025-07-28T03:01:09.244003,sensor.upnp_igd_data_sent,4064188281,4064208078,"{""state_class"": ""total_increasing"", ""unit_of_measurement"": ""B"", ""device_class"": ""data_size"", ""friendly_name"": ""UPNP IGD Data sent""}"
2025-07-28T03:01:09.245329,sensor.upnp_igd_packets_received,46165251,46166331,"{""state_class"": ""total_increasing"", ""unit_of_measurement"": ""packets"", ""friendly_name"": ""UPNP IGD Packets received""}"
2025-07-28T03:01:09.249602,sensor.upnp_igd_packets_sent,14949612,14949735,"{""state_class"": ""total_increasing"", ""unit_of_measurement"": ""packets"", ""friendly_name"": ""UPNP IGD Packets sent""}"
2025-07-28T03:01:09.251102,sensor.upnp_igd_uptime,498997,499027,"{""unit_of_measurement"": ""s"", ""device_class"": ""duration"", ""friendly_name"": ""UPNP IGD Uptime""}"
2025-07-28T03:01:09.252827,sensor.upnp_igd_download_speed,2.23675631206375,3.21231839516261,"{""state_class"": ""measurement"", ""unit_of_measurement"": ""KiB/s"", ""device_class"": ""data_rate"", ""friendly_name"": ""UPNP IGD Download speed""}"
2025-07-28T03:01:09.254284,sensor.upnp_igd_upload_speed,0.14316021626219,0.644416752992188,"{""state_class"": ""measurement"", ""unit_of_measurement"": ""KiB/s"", ""device_class"": ""data_rate"", ""friendly_name"": ""UPNP IGD Upload speed""}"
2025-07-28T03:01:09.255852,sensor.upnp_igd_packet_download_speed,34.9657272541278,35.9990592245856,"{""state_class"": ""measurement"", ""unit_of_measurement"": ""packets/s"", ""friendly_name"": ""UPNP IGD Packet download speed""}"
2025-07-28T03:01:09.257279,sensor.upnp_igd_packet_upload_speed,1.56662457668637,4.09989285613336,"{""state_class"": ""measurement"", ""unit_of_measurement"": ""packets/s"", ""friendly_name"": ""UPNP IGD Packet upload speed""}"
2025-07-28T03:01:10.271625,automation.aut_status_bruno,on,on,"{""id"": ""1751855857509"", ""last_triggered"": ""2025-07-28T06:01:10.253852+00:00"", ""mode"": ""single"", ""current"": 1, ""friendly_name"": ""aut-status-bruno""}"
2025-07-28T03:01:10.277055,automation.aut_status_bruno,on,on,"{""id"": ""1751855857509"", ""last_triggered"": ""2025-07-28T06:01:10.253852+00:00"", ""mode"": ""single"", ""current"": 0, ""friendly_name"": ""aut-status-bruno""}"
2025-07-28T03:01:39.238300,sensor.upnp_igd_data_received,2442067734,2442133074,"{""state_class"": ""total_increasing"", ""unit_of_measurement"": ""B"", ""device_class"": ""data_size"", ""friendly_name"": ""UPNP IGD Data received""}"
2025-07-28T03:01:39.240855,sensor.upnp_igd_data_sent,4064208078,4064212203,"{""state_class"": ""total_increasing"", ""unit_of_measurement"": ""B"", ""device_class"": ""data_size"", ""friendly_name"": ""UPNP IGD Data sent""}"
2025-07-28T03:01:39.242394,sensor.upnp_igd_packets_received,46166331,46167331,"{""state_class"": ""total_increasing"", ""unit_of_measurement"": ""packets"", ""friendly_name"": ""UPNP IGD Packets received""}"
2025-07-28T03:01:39.243841,sensor.upnp_igd_packets_sent,14949735,14949780,"{""state_class"": ""total_increasing"", ""unit_of_measurement"": ""packets"", ""friendly_name"": ""UPNP IGD Packets sent""}"
2025-07-28T03:01:39.245199,sensor.upnp_igd_uptime,499027,499057,"{""unit_of_measurement"": ""s"", ""device_class"": ""duration"", ""friendly_name"": ""UPNP IGD Uptime""}"
2025-07-28T03:01:39.246579,sensor.upnp_igd_download_speed,3.21231839516261,2.12708266433426,"{""state_class"": ""measurement"", ""unit_of_measurement"": ""KiB/s"", ""device_class"": ""data_rate"", ""friendly_name"": ""UPNP IGD Download speed""}"
2025-07-28T03:01:39.248073,sensor.upnp_igd_upload_speed,0.644416752992188,0.134285521738274,"{""state_class"": ""measurement"", ""unit_of_measurement"": ""KiB/s"", ""device_class"": ""data_rate"", ""friendly_name"": ""UPNP IGD Upload speed""}"
2025-07-28T03:01:39.249565,sensor.upnp_igd_packet_download_speed,35.9990592245856,33.3353634569679,"{""state_class"": ""measurement"", ""unit_of_measurement"": ""packets/s"", ""friendly_name"": ""UPNP IGD Packet download speed""}"
2025-07-28T03:01:39.251138,sensor.upnp_igd_packet_upload_speed,4.09989285613336,1.50009135556355,"{""state_class"": ""measurement"", ""unit_of_measurement"": ""packets/s"", ""friendly_name"": ""UPNP IGD Packet upload speed""}"
2025-07-28T03:02:09.238107,sensor.upnp_igd_data_received,2442133074,2442268646,"{""state_class"": ""total_increasing"", ""unit_of_measurement"": ""B"", ""device_class"": ""data_size"", ""friendly_name"": ""UPNP IGD Data received""}"
2025-07-28T03:02:09.240612,sensor.upnp_igd_data_sent,4064212203,4064298114,"{""state_class"": ""total_increasing"", ""unit_of_measurement"": ""B"", ""device_class"": ""data_size"", ""friendly_name"": ""UPNP IGD Data sent""}"
2025-07-28T03:02:09.242185,sensor.upnp_igd_packets_received,46167331,46168533,"{""state_class"": ""total_increasing"", ""unit_of_measurement"": ""packets"", ""friendly_name"": ""UPNP IGD Packets received""}"
2025-07-28T03:02:09.243652,sensor.upnp_igd_packets_sent,14949780,14950025,"{""state_class"": ""total_increasing"", ""unit_of_measurement"": ""packets"", ""friendly_name"": ""UPNP IGD Packets sent""}"
2025-07-28T03:02:09.245012,sensor.upnp_igd_uptime,499057,499087,"{""unit_of_measurement"": ""s"", ""device_class"": ""duration"", ""friendly_name"": ""UPNP IGD Uptime""}"
2025-07-28T03:02:09.246388,sensor.upnp_igd_download_speed,2.12708266433426,4.41306439850231,"{""state_class"": ""measurement"", ""unit_of_measurement"": ""KiB/s"", ""device_class"": ""data_rate"", ""friendly_name"": ""UPNP IGD Download speed""}"
2025-07-28T03:02:09.247866,sensor.upnp_igd_upload_speed,0.134285521738274,2.79652712610076,"{""state_class"": ""measurement"", ""unit_of_measurement"": ""KiB/s"", ""device_class"": ""data_rate"", ""friendly_name"": ""UPNP IGD Upload speed""}"
2025-07-28T03:02:09.249265,sensor.upnp_igd_packet_download_speed,33.3353634569679,40.0658800398885,"{""state_class"": ""measurement"", ""unit_of_measurement"": ""packets/s"", ""friendly_name"": ""UPNP IGD Packet download speed""}"
2025-07-28T03:02:09.250591,sensor.upnp_igd_packet_upload_speed,1.50009135556355,8.1665063309257,"{""state_class"": ""measurement"", ""unit_of_measurement"": ""packets/s"", ""friendly_name"": ""UPNP IGD Packet upload speed""}"
2025-07-28T03:02:10.259102,automation.aut_status_bruno,on,on,"{""id"": ""1751855857509"", ""last_triggered"": ""2025-07-28T06:02:10.252802+00:00"", ""mode"": ""single"", ""current"": 1, ""friendly_name"": ""aut-status-bruno""}"
2025-07-28T03:02:10.261486,automation.aut_status_bruno,on,on,"{""id"": ""1751855857509"", ""last_triggered"": ""2025-07-28T06:02:10.252802+00:00"", ""mode"": ""single"", ""current"": 0, ""friendly_name"": ""aut-status-bruno""}"
2025-07-28T03:02:39.247540,sensor.upnp_igd_data_received,2442268646,2442336820,"{""state_class"": ""total_increasing"", ""unit_of_measurement"": ""B"", ""device_class"": ""data_size"", ""friendly_name"": ""UPNP IGD Data received""}"
2025-07-28T03:02:39.250164,sensor.upnp_igd_data_sent,4064298114,4064303420,"{""state_class"": ""total_increasing"", ""unit_of_measurement"": ""B"", ""device_class"": ""data_size"", ""friendly_name"": ""UPNP IGD Data sent""}"
2025-07-28T03:02:39.251817,sensor.upnp_igd_packets_received,46168533,46169568,"{""state_class"": ""total_increasing"", ""unit_of_measurement"": ""packets"", ""friendly_name"": ""UPNP IGD Packets received""}"
2025-07-28T03:02:39.253214,sensor.upnp_igd_packets_sent,14950025,14950086,"{""state_class"": ""total_increasing"", ""unit_of_measurement"": ""packets"", ""friendly_name"": ""UPNP IGD Packets sent""}"
2025-07-28T03:02:39.254505,sensor.upnp_igd_uptime,499087,499117,"{""unit_of_measurement"": ""s"", ""device_class"": ""duration"", ""friendly_name"": ""UPNP IGD Uptime""}"
2025-07-28T03:02:39.256035,sensor.upnp_igd_download_speed,4.41306439850231,2.21919234003955,"{""state_class"": ""measurement"", ""unit_of_measurement"": ""KiB/s"", ""device_class"": ""data_rate"", ""friendly_name"": ""UPNP IGD Download speed""}"
2025-07-28T03:02:39.257477,sensor.upnp_igd_upload_speed,2.79652712610076,0.17272031208745,"{""state_class"": ""measurement"", ""unit_of_measurement"": ""KiB/s"", ""device_class"": ""data_rate"", ""friendly_name"": ""UPNP IGD Upload speed""}"
2025-07-28T03:02:39.258842,sensor.upnp_igd_packet_download_speed,40.0658800398885,34.4997918512558,"{""state_class"": ""measurement"", ""unit_of_measurement"": ""packets/s"", ""friendly_name"": ""UPNP IGD Packet download speed""}"
2025-07-28T03:02:39.260586,sensor.upnp_igd_packet_upload_speed,8.1665063309257,2.03332106562957,"{""state_class"": ""measurement"", ""unit_of_measurement"": ""packets/s"", ""friendly_name"": ""UPNP IGD Packet upload speed""}"
2025-07-28T03:02:53.107667,camera.192_168_0_33,idle,idle,"{""access_token"": ""e0502acce79acb0f687b8e77a8e2f2d7b8a7bd6bcd423142bdd302c651b0fbd8"", ""entity_picture"": ""/api/camera_proxy/camera.192_168_0_33?token=e0502acce79acb0f687b8e77a8e2f2d7b8a7bd6bcd423142bdd302c651b0fbd8"", ""friendly_name"": ""192_168_0_14"", ""supported_features"": 2}"
2025-07-28T03:02:53.109390,camera.admin_mainstream,idle,idle,"{""access_token"": ""d8d31c70be76c9bb9c8f3b5f3ca6ce20c8b85295eff1d47130d7ba157fd61ce1"", ""entity_picture"": ""/api/camera_proxy/camera.admin_mainstream?token=d8d31c70be76c9bb9c8f3b5f3ca6ce20c8b85295eff1d47130d7ba157fd61ce1"", ""friendly_name"": ""admin MainStream"", ""supported_features"": 2}"
2025-07-28T03:02:53.110993,camera.admin_substream,idle,idle,"{""access_token"": ""6bdc68480a4cf4c1fd37022c6b617e1e3ae60495fd02fa731fe657a7212de56b"", ""entity_picture"": ""/api/camera_proxy/camera.admin_substream?token=6bdc68480a4cf4c1fd37022c6b617e1e3ae60495fd02fa731fe657a7212de56b"", ""friendly_name"": ""admin SubStream"", ""supported_features"": 2}"
2025-07-28T03:03:09.238253,sensor.upnp_igd_data_received,2442336820,2442677042,"{""state_class"": ""total_increasing"", ""unit_of_measurement"": ""B"", ""device_class"": ""data_size"", ""friendly_name"": ""UPNP IGD Data received""}"
2025-07-28T03:03:09.240695,sensor.upnp_igd_data_sent,4064303420,4064317507,"{""state_class"": ""total_increasing"", ""unit_of_measurement"": ""B"", ""device_class"": ""data_size"", ""friendly_name"": ""UPNP IGD Data sent""}"
2025-07-28T03:03:09.242202,sensor.upnp_igd_packets_received,46169568,46170813,"{""state_class"": ""total_increasing"", ""unit_of_measurement"": ""packets"", ""friendly_name"": ""UPNP IGD Packets received""}"
2025-07-28T03:03:09.243859,sensor.upnp_igd_packets_sent,14950086,14950214,"{""state_class"": ""total_increasing"", ""unit_of_measurement"": ""packets"", ""friendly_name"": ""UPNP IGD Packets sent""}"
2025-07-28T03:03:09.245238,sensor.upnp_igd_uptime,499117,499147,"{""unit_of_measurement"": ""s"", ""device_class"": ""duration"", ""friendly_name"": ""UPNP IGD Uptime""}"
2025-07-28T03:03:09.246672,sensor.upnp_igd_download_speed,2.21919234003955,11.0751368324949,"{""state_class"": ""measurement"", ""unit_of_measurement"": ""KiB/s"", ""device_class"": ""data_rate"", ""friendly_name"": ""UPNP IGD Download speed""}"
2025-07-28T03:03:09.248117,sensor.upnp_igd_upload_speed,0.17272031208745,0.458569559168296,"{""state_class"": ""measurement"", ""unit_of_measurement"": ""KiB/s"", ""device_class"": ""data_rate"", ""friendly_name"": ""UPNP IGD Upload speed""}"
2025-07-28T03:03:09.249639,sensor.upnp_igd_packet_download_speed,34.4997918512558,41.5007566971304,"{""state_class"": ""measurement"", ""unit_of_measurement"": ""packets/s"", ""friendly_name"": ""UPNP IGD Packet download speed""}"
2025-07-28T03:03:09.251080,sensor.upnp_igd_packet_upload_speed,2.03332106562957,4.26674446364072,"{""state_class"": ""measurement"", ""unit_of_measurement"": ""packets/s"", ""friendly_name"": ""UPNP IGD Packet upload speed""}"
2025-07-28T03:03:10.259842,automation.aut_status_bruno,on,on,"{""id"": ""1751855857509"", ""last_triggered"": ""2025-07-28T06:03:10.252533+00:00"", ""mode"": ""single"", ""current"": 1, ""friendly_name"": ""aut-status-bruno""}"
2025-07-28T03:03:10.262992,automation.aut_status_bruno,on,on,"{""id"": ""1751855857509"", ""last_triggered"": ""2025-07-28T06:03:10.252533+00:00"", ""mode"": ""single"", ""current"": 0, ""friendly_name"": ""aut-status-bruno""}"
2025-07-28T03:03:39.236926,sensor.upnp_igd_data_received,2442677042,2442755602,"{""state_class"": ""total_increasing"", ""unit_of_measurement"": ""B"", ""device_class"": ""data_size"", ""friendly_name"": ""UPNP IGD Data received""}"
2025-07-28T03:03:39.239277,sensor.upnp_igd_data_sent,4064317507,4064327539,"{""state_class"": ""total_increasing"", ""unit_of_measurement"": ""B"", ""device_class"": ""data_size"", ""friendly_name"": ""UPNP IGD Data sent""}"
2025-07-28T03:03:39.241008,sensor.upnp_igd_packets_received,46170813,46171879,"{""state_class"": ""total_increasing"", ""unit_of_measurement"": ""packets"", ""friendly_name"": ""UPNP IGD Packets received""}"
2025-07-28T03:03:39.242489,sensor.upnp_igd_packets_sent,14950214,14950283,"{""state_class"": ""total_increasing"", ""unit_of_measurement"": ""packets"", ""friendly_name"": ""UPNP IGD Packets sent""}"
2025-07-28T03:03:39.243880,sensor.upnp_igd_uptime,499147,499177,"{""unit_of_measurement"": ""s"", ""device_class"": ""duration"", ""friendly_name"": ""UPNP IGD Uptime""}"
2025-07-28T03:03:39.245271,sensor.upnp_igd_download_speed,11.0751368324949,2.55724350524732,"{""state_class"": ""measurement"", ""unit_of_measurement"": ""KiB/s"", ""device_class"": ""data_rate"", ""friendly_name"": ""UPNP IGD Download speed""}"
2025-07-28T03:03:39.246716,sensor.upnp_igd_upload_speed,0.458569559168296,0.326556349855411,"{""state_class"": ""measurement"", ""unit_of_measurement"": ""KiB/s"", ""device_class"": ""data_rate"", ""friendly_name"": ""UPNP IGD Upload speed""}"
2025-07-28T03:03:39.248205,sensor.upnp_igd_packet_download_speed,41.5007566971304,35.5326641348255,"{""state_class"": ""measurement"", ""unit_of_measurement"": ""packets/s"", ""friendly_name"": ""UPNP IGD Packet download speed""}"
2025-07-28T03:03:39.249664,sensor.upnp_igd_packet_upload_speed,4.26674446364072,2.29995668414912,"{""state_class"": ""measurement"", ""unit_of_measurement"": ""packets/s"", ""friendly_name"": ""UPNP IGD Packet upload speed""}"
2025-07-28T03:04:09.264048,sensor.upnp_igd_data_received,2442755602,2442831623,"{""state_class"": ""total_increasing"", ""unit_of_measurement"": ""B"", ""device_class"": ""data_size"", ""friendly_name"": ""UPNP IGD Data received""}"
2025-07-28T03:04:09.269048,sensor.upnp_igd_data_sent,4064327539,4064338100,"{""state_class"": ""total_increasing"", ""unit_of_measurement"": ""B"", ""device_class"": ""data_size"", ""friendly_name"": ""UPNP IGD Data sent""}"
2025-07-28T03:04:09.274381,sensor.upnp_igd_packets_received,46171879,46172962,"{""state_class"": ""total_increasing"", ""unit_of_measurement"": ""packets"", ""friendly_name"": ""UPNP IGD Packets received""}"
2025-07-28T03:04:09.278881,sensor.upnp_igd_packets_sent,14950283,14950355,"{""state_class"": ""total_increasing"", ""unit_of_measurement"": ""packets"", ""friendly_name"": ""UPNP IGD Packets sent""}"
2025-07-28T03:04:09.282574,sensor.upnp_igd_uptime,499177,499207,"{""unit_of_measurement"": ""s"", ""device_class"": ""duration"", ""friendly_name"": ""UPNP IGD Uptime""}"
2025-07-28T03:04:09.286132,sensor.upnp_igd_download_speed,2.55724350524732,2.47461553118433,"{""state_class"": ""measurement"", ""unit_of_measurement"": ""KiB/s"", ""device_class"": ""data_rate"", ""friendly_name"": ""UPNP IGD Download speed""}"
2025-07-28T03:04:09.290211,sensor.upnp_igd_upload_speed,0.326556349855411,0.343778885108559,"{""state_class"": ""measurement"", ""unit_of_measurement"": ""KiB/s"", ""device_class"": ""data_rate"", ""friendly_name"": ""UPNP IGD Upload speed""}"
2025-07-28T03:04:09.294539,sensor.upnp_igd_packet_download_speed,35.5326641348255,36.0996149374407,"{""state_class"": ""measurement"", ""unit_of_measurement"": ""packets/s"", ""friendly_name"": ""UPNP IGD Packet download speed""}"
2025-07-28T03:04:09.299440,sensor.upnp_igd_packet_upload_speed,2.29995668414912,2.39997440027306,"{""state_class"": ""measurement"", ""unit_of_measurement"": ""packets/s"", ""friendly_name"": ""UPNP IGD Packet upload speed""}"
2025-07-28T03:04:10.259631,automation.aut_status_bruno,on,on,"{""id"": ""1751855857509"", ""last_triggered"": ""2025-07-28T06:04:10.253172+00:00"", ""mode"": ""single"", ""current"": 1, ""friendly_name"": ""aut-status-bruno""}"
2025-07-28T03:04:10.261745,automation.aut_status_bruno,on,on,"{""id"": ""1751855857509"", ""last_triggered"": ""2025-07-28T06:04:10.253172+00:00"", ""mode"": ""single"", ""current"": 0, ""friendly_name"": ""aut-status-bruno""}"
2025-07-28T03:04:39.241188,sensor.upnp_igd_data_received,2442831623,2444161676,"{""state_class"": ""total_increasing"", ""unit_of_measurement"": ""B"", ""device_class"": ""data_size"", ""friendly_name"": ""UPNP IGD Data received""}"
2025-07-28T03:04:39.243641,sensor.upnp_igd_data_sent,4064338100,4064491629,"{""state_class"": ""total_increasing"", ""unit_of_measurement"": ""B"", ""device_class"": ""data_size"", ""friendly_name"": ""UPNP IGD Data sent""}"
2025-07-28T03:04:39.245211,sensor.upnp_igd_packets_received,46172962,46175178,"{""state_class"": ""total_increasing"", ""unit_of_measurement"": ""packets"", ""friendly_name"": ""UPNP IGD Packets received""}"
2025-07-28T03:04:39.246639,sensor.upnp_igd_packets_sent,14950355,14951036,"{""state_class"": ""total_increasing"", ""unit_of_measurement"": ""packets"", ""friendly_name"": ""UPNP IGD Packets sent""}"
2025-07-28T03:04:39.248043,sensor.upnp_igd_uptime,499207,499237,"{""unit_of_measurement"": ""s"", ""device_class"": ""duration"", ""friendly_name"": ""UPNP IGD Uptime""}"
2025-07-28T03:04:39.249466,sensor.upnp_igd_download_speed,2.47461553118433,43.2951186460121,"{""state_class"": ""measurement"", ""unit_of_measurement"": ""KiB/s"", ""device_class"": ""data_rate"", ""friendly_name"": ""UPNP IGD Download speed""}"
2025-07-28T03:04:39.250901,sensor.upnp_igd_upload_speed,0.343778885108559,4.99758751764298,"{""state_class"": ""measurement"", ""unit_of_measurement"": ""KiB/s"", ""device_class"": ""data_rate"", ""friendly_name"": ""UPNP IGD Upload speed""}"
2025-07-28T03:04:39.252326,sensor.upnp_igd_packet_download_speed,36.0996149374407,73.8651696658948,"{""state_class"": ""measurement"", ""unit_of_measurement"": ""packets/s"", ""friendly_name"": ""UPNP IGD Packet download speed""}"
2025-07-28T03:04:39.253696,sensor.upnp_igd_packet_upload_speed,2.39997440027306,22.6995399559902,"{""state_class"": ""measurement"", ""unit_of_measurement"": ""packets/s"", ""friendly_name"": ""UPNP IGD Packet upload speed""}"
2025-07-28T03:05:09.237597,sensor.upnp_igd_data_received,2444161676,2444630539,"{""state_class"": ""total_increasing"", ""unit_of_measurement"": ""B"", ""device_class"": ""data_size"", ""friendly_name"": ""UPNP IGD Data received""}"
2025-07-28T03:05:09.240048,sensor.upnp_igd_data_sent,4064491629,4064716133,"{""state_class"": ""total_increasing"", ""unit_of_measurement"": ""B"", ""device_class"": ""data_size"", ""friendly_name"": ""UPNP IGD Data sent""}"
2025-07-28T03:05:09.241627,sensor.upnp_igd_packets_received,46175178,46177214,"{""state_class"": ""total_increasing"", ""unit_of_measurement"": ""packets"", ""friendly_name"": ""UPNP IGD Packets received""}"
2025-07-28T03:05:09.243007,sensor.upnp_igd_packets_sent,14951036,14952014,"{""state_class"": ""total_increasing"", ""unit_of_measurement"": ""packets"", ""friendly_name"": ""UPNP IGD Packets sent""}"
2025-07-28T03:05:09.244436,sensor.upnp_igd_uptime,499237,499267,"{""unit_of_measurement"": ""s"", ""device_class"": ""duration"", ""friendly_name"": ""UPNP IGD Uptime""}"
2025-07-28T03:05:09.245868,sensor.upnp_igd_download_speed,43.2951186460121,15.263109516057,"{""state_class"": ""measurement"", ""unit_of_measurement"": ""KiB/s"", ""device_class"": ""data_rate"", ""friendly_name"": ""UPNP IGD Download speed""}"
2025-07-28T03:05:09.247269,sensor.upnp_igd_upload_speed,4.99758751764298,7.30838035586697,"{""state_class"": ""measurement"", ""unit_of_measurement"": ""KiB/s"", ""device_class"": ""data_rate"", ""friendly_name"": ""UPNP IGD Upload speed""}"
2025-07-28T03:05:09.248816,sensor.upnp_igd_packet_download_speed,73.8651696658948,67.8695217112133,"{""state_class"": ""measurement"", ""unit_of_measurement"": ""packets/s"", ""friendly_name"": ""UPNP IGD Packet download speed""}"
2025-07-28T03:05:09.250240,sensor.upnp_igd_packet_upload_speed,22.6995399559902,32.6013714310249,"{""state_class"": ""measurement"", ""unit_of_measurement"": ""packets/s"", ""friendly_name"": ""UPNP IGD Packet upload speed""}"
2025-07-28T03:05:10.258518,automation.aut_status_bruno,on,on,"{""id"": ""1751855857509"", ""last_triggered"": ""2025-07-28T06:05:10.252217+00:00"", ""mode"": ""single"", ""current"": 1, ""friendly_name"": ""aut-status-bruno""}"
2025-07-28T03:05:10.260932,automation.aut_status_bruno,on,on,"{""id"": ""1751855857509"", ""last_triggered"": ""2025-07-28T06:05:10.252217+00:00"", ""mode"": ""single"", ""current"": 0, ""friendly_name"": ""aut-status-bruno""}"
2025-07-28T03:05:18.663368,sensor.tomada_mesa_de_trabalho_current,0.172,0.187,"{""state_class"": ""measurement"", ""unit_of_measurement"": ""A"", ""device_class"": ""current"", ""friendly_name"": ""Tomada mesa de trabalho Current""}"
2025-07-28T03:05:18.665008,sensor.tomada_mesa_de_trabalho_power,16.3,17.3,"{""state_class"": ""measurement"", ""unit_of_measurement"": ""W"", ""device_class"": ""power"", ""friendly_name"": ""Tomada mesa de trabalho Power""}"
2025-07-28T03:05:39.238646,sensor.upnp_igd_data_received,2444630539,2445177755,"{""state_class"": ""total_increasing"", ""unit_of_measurement"": ""B"", ""device_class"": ""data_size"", ""friendly_name"": ""UPNP IGD Data received""}"
2025-07-28T03:05:39.241179,sensor.upnp_igd_data_sent,4064716133,4064979496,"{""state_class"": ""total_increasing"", ""unit_of_measurement"": ""B"", ""device_class"": ""data_size"", ""friendly_name"": ""UPNP IGD Data sent""}"
2025-07-28T03:05:39.242746,sensor.upnp_igd_packets_received,46177214,46179492,"{""state_class"": ""total_increasing"", ""unit_of_measurement"": ""packets"", ""friendly_name"": ""UPNP IGD Packets received""}"
2025-07-28T03:05:39.244257,sensor.upnp_igd_packets_sent,14952014,14953227,"{""state_class"": ""total_increasing"", ""unit_of_measurement"": ""packets"", ""friendly_name"": ""UPNP IGD Packets sent""}"
2025-07-28T03:05:39.245613,sensor.upnp_igd_uptime,499267,499297,"{""unit_of_measurement"": ""s"", ""device_class"": ""duration"", ""friendly_name"": ""UPNP IGD Uptime""}"
2025-07-28T03:05:39.247029,sensor.upnp_igd_download_speed,15.263109516057,17.8128332048236,"{""state_class"": ""measurement"", ""unit_of_measurement"": ""KiB/s"", ""device_class"": ""data_rate"", ""friendly_name"": ""UPNP IGD Download speed""}"
2025-07-28T03:05:39.248509,sensor.upnp_igd_upload_speed,7.30838035586697,8.57292402145031,"{""state_class"": ""measurement"", ""unit_of_measurement"": ""KiB/s"", ""device_class"": ""data_rate"", ""friendly_name"": ""UPNP IGD Upload speed""}"
2025-07-28T03:05:39.249964,sensor.upnp_igd_packet_download_speed,67.8695217112133,75.932533510647,"{""state_class"": ""measurement"", ""unit_of_measurement"": ""packets/s"", ""friendly_name"": ""UPNP IGD Packet download speed""}"
2025-07-28T03:05:39.251466,sensor.upnp_igd_packet_upload_speed,32.6013714310249,40.4329074400416,"{""state_class"": ""measurement"", ""unit_of_measurement"": ""packets/s"", ""friendly_name"": ""UPNP IGD Packet upload speed""}"
2025-07-28T03:06:09.242828,sensor.upnp_igd_data_received,2445177755,2445861714,"{""state_class"": ""total_increasing"", ""unit_of_measurement"": ""B"", ""device_class"": ""data_size"", ""friendly_name"": ""UPNP IGD Data received""}"
2025-07-28T03:06:09.244669,sensor.upnp_igd_data_sent,4064979496,4065085309,"{""state_class"": ""total_increasing"", ""unit_of_measurement"": ""B"", ""device_class"": ""data_size"", ""friendly_name"": ""UPNP IGD Data sent""}"
2025-07-28T03:06:09.246112,sensor.upnp_igd_packets_received,46179492,46181214,"{""state_class"": ""total_increasing"", ""unit_of_measurement"": ""packets"", ""friendly_name"": ""UPNP IGD Packets received""}"
2025-07-28T03:06:09.251868,sensor.upnp_igd_packets_sent,14953227,14953562,"{""state_class"": ""total_increasing"", ""unit_of_measurement"": ""packets"", ""friendly_name"": ""UPNP IGD Packets sent""}"
2025-07-28T03:06:09.253218,sensor.upnp_igd_uptime,499297,499327,"{""unit_of_measurement"": ""s"", ""device_class"": ""duration"", ""friendly_name"": ""UPNP IGD Uptime""}"
2025-07-28T03:06:09.255047,sensor.upnp_igd_download_speed,17.8128332048236,22.263471068848,"{""state_class"": ""measurement"", ""unit_of_measurement"": ""KiB/s"", ""device_class"": ""data_rate"", ""friendly_name"": ""UPNP IGD Download speed""}"
2025-07-28T03:06:09.256672,sensor.upnp_igd_upload_speed,8.57292402145031,3.44430684325817,"{""state_class"": ""measurement"", ""unit_of_measurement"": ""KiB/s"", ""device_class"": ""data_rate"", ""friendly_name"": ""UPNP IGD Upload speed""}"
2025-07-28T03:06:09.258141,sensor.upnp_igd_packet_download_speed,75.932533510647,57.3978877577305,"{""state_class"": ""measurement"", ""unit_of_measurement"": ""packets/s"", ""friendly_name"": ""UPNP IGD Packet download speed""}"
2025-07-28T03:06:09.259599,sensor.upnp_igd_packet_upload_speed,40.4329074400416,11.1662557484551,"{""state_class"": ""measurement"", ""unit_of_measurement"": ""packets/s"", ""friendly_name"": ""UPNP IGD Packet upload speed""}"
2025-07-28T03:06:10.274437,automation.aut_status_bruno,on,on,"{""id"": ""1751855857509"", ""last_triggered"": ""2025-07-28T06:06:10.253765+00:00"", ""mode"": ""single"", ""current"": 1, ""friendly_name"": ""aut-status-bruno""}"
2025-07-28T03:06:10.277305,automation.aut_status_bruno,on,on,"{""id"": ""1751855857509"", ""last_triggered"": ""2025-07-28T06:06:10.253765+00:00"", ""mode"": ""single"", ""current"": 0, ""friendly_name"": ""aut-status-bruno""}"
2025-07-28T03:06:23.626947,sensor.tomada_mesa_de_trabalho_current,0.187,0.149,"{""state_class"": ""measurement"", ""unit_of_measurement"": ""A"", ""device_class"": ""current"", ""friendly_name"": ""Tomada mesa de trabalho Current""}"
2025-07-28T03:06:23.628808,sensor.tomada_mesa_de_trabalho_power,17.3,13.4,"{""state_class"": ""measurement"", ""unit_of_measurement"": ""W"", ""device_class"": ""power"", ""friendly_name"": ""Tomada mesa de trabalho Power""}"
2025-07-28T03:06:39.239665,sensor.upnp_igd_data_received,2445861714,2445937632,"{""state_class"": ""total_increasing"", ""unit_of_measurement"": ""B"", ""device_class"": ""data_size"", ""friendly_name"": ""UPNP IGD Data received""}"
2025-07-28T03:06:39.242180,sensor.upnp_igd_data_sent,4065085309,4065090591,"{""state_class"": ""total_increasing"", ""unit_of_measurement"": ""B"", ""device_class"": ""data_size"", ""friendly_name"": ""UPNP IGD Data sent""}"
2025-07-28T03:06:39.243842,sensor.upnp_igd_packets_received,46181214,46182279,"{""state_class"": ""total_increasing"", ""unit_of_measurement"": ""packets"", ""friendly_name"": ""UPNP IGD Packets received""}"
2025-07-28T03:06:39.245309,sensor.upnp_igd_packets_sent,14953562,14953615,"{""state_class"": ""total_increasing"", ""unit_of_measurement"": ""packets"", ""friendly_name"": ""UPNP IGD Packets sent""}"
2025-07-28T03:06:39.246692,sensor.upnp_igd_uptime,499327,499357,"{""unit_of_measurement"": ""s"", ""device_class"": ""duration"", ""friendly_name"": ""UPNP IGD Uptime""}"
2025-07-28T03:06:39.248130,sensor.upnp_igd_download_speed,22.263471068848,2.47140159365256,"{""state_class"": ""measurement"", ""unit_of_measurement"": ""KiB/s"", ""device_class"": ""data_rate"", ""friendly_name"": ""UPNP IGD Download speed""}"
2025-07-28T03:06:39.249598,sensor.upnp_igd_upload_speed,3.44430684325817,0.17194793352924,"{""state_class"": ""measurement"", ""unit_of_measurement"": ""KiB/s"", ""device_class"": ""data_rate"", ""friendly_name"": ""UPNP IGD Upload speed""}"
2025-07-28T03:06:39.251071,sensor.upnp_igd_packet_download_speed,57.3978877577305,35.5016165069383,"{""state_class"": ""measurement"", ""unit_of_measurement"": ""packets/s"", ""friendly_name"": ""UPNP IGD Packet download speed""}"
2025-07-28T03:06:39.252773,sensor.upnp_igd_packet_upload_speed,11.1662557484551,1.76674711255186,"{""state_class"": ""measurement"", ""unit_of_measurement"": ""packets/s"", ""friendly_name"": ""UPNP IGD Packet upload speed""}"
2025-07-28T03:07:09.238045,sensor.upnp_igd_data_received,2445937632,2446015886,"{""state_class"": ""total_increasing"", ""unit_of_measurement"": ""B"", ""device_class"": ""data_size"", ""friendly_name"": ""UPNP IGD Data received""}"
2025-07-28T03:07:09.240602,sensor.upnp_igd_data_sent,4065090591,4065098158,"{""state_class"": ""total_increasing"", ""unit_of_measurement"": ""B"", ""device_class"": ""data_size"", ""friendly_name"": ""UPNP IGD Data sent""}"
2025-07-28T03:07:09.242281,sensor.upnp_igd_packets_received,46182279,46183386,"{""state_class"": ""total_increasing"", ""unit_of_measurement"": ""packets"", ""friendly_name"": ""UPNP IGD Packets received""}"
2025-07-28T03:07:09.243725,sensor.upnp_igd_packets_sent,14953615,14953667,"{""state_class"": ""total_increasing"", ""unit_of_measurement"": ""packets"", ""friendly_name"": ""UPNP IGD Packets sent""}"
2025-07-28T03:07:09.245059,sensor.upnp_igd_uptime,499357,499387,"{""unit_of_measurement"": ""s"", ""device_class"": ""duration"", ""friendly_name"": ""UPNP IGD Uptime""}"
2025-07-28T03:07:09.246532,sensor.upnp_igd_download_speed,2.47140159365256,2.54738405440621,"{""state_class"": ""measurement"", ""unit_of_measurement"": ""KiB/s"", ""device_class"": ""data_rate"", ""friendly_name"": ""UPNP IGD Download speed""}"
2025-07-28T03:07:09.248030,sensor.upnp_igd_upload_speed,0.17194793352924,0.24632677102374,"{""state_class"": ""measurement"", ""unit_of_measurement"": ""KiB/s"", ""device_class"": ""data_rate"", ""friendly_name"": ""UPNP IGD Upload speed""}"
2025-07-28T03:07:09.249453,sensor.upnp_igd_packet_download_speed,35.5016165069383,36.9007724561701,"{""state_class"": ""measurement"", ""unit_of_measurement"": ""packets/s"", ""friendly_name"": ""UPNP IGD Packet download speed""}"
2025-07-28T03:07:09.250840,sensor.upnp_igd_packet_upload_speed,1.76674711255186,1.73336961853735,"{""state_class"": ""measurement"", ""unit_of_measurement"": ""packets/s"", ""friendly_name"": ""UPNP IGD Packet upload speed""}"
2025-07-28T03:07:10.258903,automation.aut_status_bruno,on,on,"{""id"": ""1751855857509"", ""last_triggered"": ""2025-07-28T06:07:10.252494+00:00"", ""mode"": ""single"", ""current"": 1, ""friendly_name"": ""aut-status-bruno""}"
2025-07-28T03:07:10.261180,automation.aut_status_bruno,on,on,"{""id"": ""1751855857509"", ""last_triggered"": ""2025-07-28T06:07:10.252494+00:00"", ""mode"": ""single"", ""current"": 0, ""friendly_name"": ""aut-status-bruno""}"
2025-07-28T03:07:39.237837,sensor.upnp_igd_data_received,2446015886,2446098872,"{""state_class"": ""total_increasing"", ""unit_of_measurement"": ""B"", ""device_class"": ""data_size"", ""friendly_name"": ""UPNP IGD Data received""}"
2025-07-28T03:07:39.240667,sensor.upnp_igd_data_sent,4065098158,4065118850,"{""state_class"": ""total_increasing"", ""unit_of_measurement"": ""B"", ""device_class"": ""data_size"", ""friendly_name"": ""UPNP IGD Data sent""}"
2025-07-28T03:07:39.242165,sensor.upnp_igd_packets_received,46183386,46184429,"{""state_class"": ""total_increasing"", ""unit_of_measurement"": ""packets"", ""friendly_name"": ""UPNP IGD Packets received""}"
2025-07-28T03:07:39.243691,sensor.upnp_igd_packets_sent,14953667,14953737,"{""state_class"": ""total_increasing"", ""unit_of_measurement"": ""packets"", ""friendly_name"": ""UPNP IGD Packets sent""}"
2025-07-28T03:07:39.245055,sensor.upnp_igd_uptime,499387,499417,"{""unit_of_measurement"": ""s"", ""device_class"": ""duration"", ""friendly_name"": ""UPNP IGD Uptime""}"
2025-07-28T03:07:39.246473,sensor.upnp_igd_download_speed,2.54738405440621,2.70132270571945,"{""state_class"": ""measurement"", ""unit_of_measurement"": ""KiB/s"", ""device_class"": ""data_rate"", ""friendly_name"": ""UPNP IGD Download speed""}"
2025-07-28T03:07:39.247956,sensor.upnp_igd_upload_speed,0.24632677102374,0.673556617101038,"{""state_class"": ""measurement"", ""unit_of_measurement"": ""KiB/s"", ""device_class"": ""data_rate"", ""friendly_name"": ""UPNP IGD Upload speed""}"
2025-07-28T03:07:39.249373,sensor.upnp_igd_packet_download_speed,36.9007724561701,34.7660941849824,"{""state_class"": ""measurement"", ""unit_of_measurement"": ""packets/s"", ""friendly_name"": ""UPNP IGD Packet download speed""}"
2025-07-28T03:07:39.250755,sensor.upnp_igd_packet_upload_speed,1.73336961853735,2.33329491174379,"{""state_class"": ""measurement"", ""unit_of_measurement"": ""packets/s"", ""friendly_name"": ""UPNP IGD Packet upload speed""}"
2025-07-28T03:07:49.472375,media_player.dlna_b13_box,unavailable,unknown,"{""friendly_name"": ""DLNA-B13 Box"", ""supported_features"": 512575}"
2025-07-28T03:07:52.787648,media_player.dlna_b13_box,unknown,unavailable,"{""friendly_name"": ""DLNA-B13 Box"", ""supported_features"": 512575}"
2025-07-28T03:07:53.108464,camera.192_168_0_33,idle,idle,"{""access_token"": ""2bd788bf16f01a8c55ec339baf8c33b4882cb40fe718c9de598ca7b15f6837c8"", ""entity_picture"": ""/api/camera_proxy/camera.192_168_0_33?token=2bd788bf16f01a8c55ec339baf8c33b4882cb40fe718c9de598ca7b15f6837c8"", ""friendly_name"": ""192_168_0_14"", ""supported_features"": 2}"
2025-07-28T03:07:53.110143,camera.admin_mainstream,idle,idle,"{""access_token"": ""79f687fa8a77d19ecd8c15b067b9df738739577830ca6d6c0d2652a5846edb23"", ""entity_picture"": ""/api/camera_proxy/camera.admin_mainstream?token=79f687fa8a77d19ecd8c15b067b9df738739577830ca6d6c0d2652a5846edb23"", ""friendly_name"": ""admin MainStream"", ""supported_features"": 2}"
2025-07-28T03:07:53.111822,camera.admin_substream,idle,idle,"{""access_token"": ""6ea5d9f92091bc948dd25eb7f874f7e61b5f1b3f50f8f9a30cbf433dc36f9a6e"", ""entity_picture"": ""/api/camera_proxy/camera.admin_substream?token=6ea5d9f92091bc948dd25eb7f874f7e61b5f1b3f50f8f9a30cbf433dc36f9a6e"", ""friendly_name"": ""admin SubStream"", ""supported_features"": 2}"
2025-07-28T03:08:09.238747,sensor.upnp_igd_data_received,2446098872,2446438388,"{""state_class"": ""total_increasing"", ""unit_of_measurement"": ""B"", ""device_class"": ""data_size"", ""friendly_name"": ""UPNP IGD Data received""}"
2025-07-28T03:08:09.242318,sensor.upnp_igd_data_sent,4065118850,4065131787,"{""state_class"": ""total_increasing"", ""unit_of_measurement"": ""B"", ""device_class"": ""data_size"", ""friendly_name"": ""UPNP IGD Data sent""}"
2025-07-28T03:08:09.244001,sensor.upnp_igd_packets_received,46184429,46185665,"{""state_class"": ""total_increasing"", ""unit_of_measurement"": ""packets"", ""friendly_name"": ""UPNP IGD Packets received""}"
2025-07-28T03:08:09.245480,sensor.upnp_igd_packets_sent,14953737,14953853,"{""state_class"": ""total_increasing"", ""unit_of_measurement"": ""packets"", ""friendly_name"": ""UPNP IGD Packets sent""}"
2025-07-28T03:08:09.246831,sensor.upnp_igd_uptime,499417,499447,"{""unit_of_measurement"": ""s"", ""device_class"": ""duration"", ""friendly_name"": ""UPNP IGD Uptime""}"
2025-07-28T03:08:09.248289,sensor.upnp_igd_download_speed,2.70132270571945,11.0517692972374,"{""state_class"": ""measurement"", ""unit_of_measurement"": ""KiB/s"", ""device_class"": ""data_rate"", ""friendly_name"": ""UPNP IGD Download speed""}"
2025-07-28T03:08:09.249737,sensor.upnp_igd_upload_speed,0.673556617101038,0.421119297465685,"{""state_class"": ""measurement"", ""unit_of_measurement"": ""KiB/s"", ""device_class"": ""data_rate"", ""friendly_name"": ""UPNP IGD Upload speed""}"
2025-07-28T03:08:09.251099,sensor.upnp_igd_packet_download_speed,34.7660941849824,41.1993147180652,"{""state_class"": ""measurement"", ""unit_of_measurement"": ""packets/s"", ""friendly_name"": ""UPNP IGD Packet download speed""}"
2025-07-28T03:08:09.252609,sensor.upnp_igd_packet_upload_speed,2.33329491174379,3.86660235218088,"{""state_class"": ""measurement"", ""unit_of_measurement"": ""packets/s"", ""friendly_name"": ""UPNP IGD Packet upload speed""}"
2025-07-28T03:08:10.260067,automation.aut_status_bruno,on,on,"{""id"": ""1751855857509"", ""last_triggered"": ""2025-07-28T06:08:10.252868+00:00"", ""mode"": ""single"", ""current"": 1, ""friendly_name"": ""aut-status-bruno""}"
2025-07-28T03:08:10.262113,automation.aut_status_bruno,on,on,"{""id"": ""1751855857509"", ""last_triggered"": ""2025-07-28T06:08:10.252868+00:00"", ""mode"": ""single"", ""current"": 0, ""friendly_name"": ""aut-status-bruno""}"
2025-07-28T03:08:39.236786,sensor.upnp_igd_data_received,2446438388,2446519659,"{""state_class"": ""total_increasing"", ""unit_of_measurement"": ""B"", ""device_class"": ""data_size"", ""friendly_name"": ""UPNP IGD Data received""}"
2025-07-28T03:08:39.239388,sensor.upnp_igd_data_sent,4065131787,4065152551,"{""state_class"": ""total_increasing"", ""unit_of_measurement"": ""B"", ""device_class"": ""data_size"", ""friendly_name"": ""UPNP IGD Data sent""}"
2025-07-28T03:08:39.241022,sensor.upnp_igd_packets_received,46185665,46186702,"{""state_class"": ""total_increasing"", ""unit_of_measurement"": ""packets"", ""friendly_name"": ""UPNP IGD Packets received""}"
2025-07-28T03:08:39.242449,sensor.upnp_igd_packets_sent,14953853,14953928,"{""state_class"": ""total_increasing"", ""unit_of_measurement"": ""packets"", ""friendly_name"": ""UPNP IGD Packets sent""}"
2025-07-28T03:08:39.243866,sensor.upnp_igd_uptime,499447,499477,"{""unit_of_measurement"": ""s"", ""device_class"": ""duration"", ""friendly_name"": ""UPNP IGD Uptime""}"
2025-07-28T03:08:39.245303,sensor.upnp_igd_download_speed,11.0517692972374,2.64554830122824,"{""state_class"": ""measurement"", ""unit_of_measurement"": ""KiB/s"", ""device_class"": ""data_rate"", ""friendly_name"": ""UPNP IGD Download speed""}"
2025-07-28T03:08:39.246977,sensor.upnp_igd_upload_speed,0.421119297465685,0.675913486073792,"{""state_class"": ""measurement"", ""unit_of_measurement"": ""KiB/s"", ""device_class"": ""data_rate"", ""friendly_name"": ""UPNP IGD Upload speed""}"
2025-07-28T03:08:39.249156,sensor.upnp_igd_packet_download_speed,41.1993147180652,34.5667703669778,"{""state_class"": ""measurement"", ""unit_of_measurement"": ""packets/s"", ""friendly_name"": ""UPNP IGD Packet download speed""}"
2025-07-28T03:08:39.250613,sensor.upnp_igd_packet_upload_speed,3.86660235218088,2.5000075000225,"{""state_class"": ""measurement"", ""unit_of_measurement"": ""packets/s"", ""friendly_name"": ""UPNP IGD Packet upload speed""}"
2025-07-28T03:09:09.254652,sensor.upnp_igd_data_received,2446519659,2446614812,"{""state_class"": ""total_increasing"", ""unit_of_measurement"": ""B"", ""device_class"": ""data_size"", ""friendly_name"": ""UPNP IGD Data received""}"
2025-07-28T03:09:09.257554,sensor.upnp_igd_data_sent,4065152551,4065167413,"{""state_class"": ""total_increasing"", ""unit_of_measurement"": ""B"", ""device_class"": ""data_size"", ""friendly_name"": ""UPNP IGD Data sent""}"
2025-07-28T03:09:09.259047,sensor.upnp_igd_packets_received,46186702,46187775,"{""state_class"": ""total_increasing"", ""unit_of_measurement"": ""packets"", ""friendly_name"": ""UPNP IGD Packets received""}"
2025-07-28T03:09:09.260517,sensor.upnp_igd_packets_sent,14953928,14954027,"{""state_class"": ""total_increasing"", ""unit_of_measurement"": ""packets"", ""friendly_name"": ""UPNP IGD Packets sent""}"
2025-07-28T03:09:09.262977,sensor.upnp_igd_uptime,499477,499507,"{""unit_of_measurement"": ""s"", ""device_class"": ""duration"", ""friendly_name"": ""UPNP IGD Uptime""}"
2025-07-28T03:09:09.265289,sensor.upnp_igd_download_speed,2.64554830122824,3.09746896226007,"{""state_class"": ""measurement"", ""unit_of_measurement"": ""KiB/s"", ""device_class"": ""data_rate"", ""friendly_name"": ""UPNP IGD Download speed""}"
2025-07-28T03:09:09.266788,sensor.upnp_igd_upload_speed,0.675913486073792,0.483795400219743,"{""state_class"": ""measurement"", ""unit_of_measurement"": ""KiB/s"", ""device_class"": ""data_rate"", ""friendly_name"": ""UPNP IGD Upload speed""}"
2025-07-28T03:09:09.268297,sensor.upnp_igd_packet_download_speed,34.5667703669778,35.767135216138,"{""state_class"": ""measurement"", ""unit_of_measurement"": ""packets/s"", ""friendly_name"": ""UPNP IGD Packet download speed""}"
2025-07-28T03:09:09.269754,sensor.upnp_igd_packet_upload_speed,2.5000075000225,3.30004323056632,"{""state_class"": ""measurement"", ""unit_of_measurement"": ""packets/s"", ""friendly_name"": ""UPNP IGD Packet upload speed""}"
2025-07-28T03:09:10.260035,automation.aut_status_bruno,on,on,"{""id"": ""1751855857509"", ""last_triggered"": ""2025-07-28T06:09:10.252845+00:00"", ""mode"": ""single"", ""current"": 1, ""friendly_name"": ""aut-status-bruno""}"
2025-07-28T03:09:10.262052,automation.aut_status_bruno,on,on,"{""id"": ""1751855857509"", ""last_triggered"": ""2025-07-28T06:09:10.252845+00:00"", ""mode"": ""single"", ""current"": 0, ""friendly_name"": ""aut-status-bruno""}"
2025-07-28T03:09:39.242417,sensor.upnp_igd_data_received,2446614812,2446698508,"{""state_class"": ""total_increasing"", ""unit_of_measurement"": ""B"", ""device_class"": ""data_size"", ""friendly_name"": ""UPNP IGD Data received""}"
2025-07-28T03:09:39.245171,sensor.upnp_igd_data_sent,4065167413,4065182111,"{""state_class"": ""total_increasing"", ""unit_of_measurement"": ""B"", ""device_class"": ""data_size"", ""friendly_name"": ""UPNP IGD Data sent""}"
2025-07-28T03:09:39.246631,sensor.upnp_igd_packets_received,46187775,46188890,"{""state_class"": ""total_increasing"", ""unit_of_measurement"": ""packets"", ""friendly_name"": ""UPNP IGD Packets received""}"
2025-07-28T03:09:39.248277,sensor.upnp_igd_packets_sent,14954027,14954097,"{""state_class"": ""total_increasing"", ""unit_of_measurement"": ""packets"", ""friendly_name"": ""UPNP IGD Packets sent""}"
2025-07-28T03:09:39.249875,sensor.upnp_igd_uptime,499507,499537,"{""unit_of_measurement"": ""s"", ""device_class"": ""duration"", ""friendly_name"": ""UPNP IGD Uptime""}"
2025-07-28T03:09:39.251744,sensor.upnp_igd_download_speed,3.09746896226007,2.72445419250324,"{""state_class"": ""measurement"", ""unit_of_measurement"": ""KiB/s"", ""device_class"": ""data_rate"", ""friendly_name"": ""UPNP IGD Download speed""}"
2025-07-28T03:09:39.253235,sensor.upnp_igd_upload_speed,0.483795400219743,0.478446135077095,"{""state_class"": ""measurement"", ""unit_of_measurement"": ""KiB/s"", ""device_class"": ""data_rate"", ""friendly_name"": ""UPNP IGD Upload speed""}"
2025-07-28T03:09:39.254649,sensor.upnp_igd_packet_download_speed,35.767135216138,37.1663259753452,"{""state_class"": ""measurement"", ""unit_of_measurement"": ""packets/s"", ""friendly_name"": ""UPNP IGD Packet download speed""}"
2025-07-28T03:09:39.256097,sensor.upnp_igd_packet_upload_speed,3.30004323056632,2.33331194464051,"{""state_class"": ""measurement"", ""unit_of_measurement"": ""packets/s"", ""friendly_name"": ""UPNP IGD Packet upload speed""}"
2025-07-28T03:10:00.171742,automation.automacao_cortina,on,on,"{""id"": ""1747703519499"", ""last_triggered"": ""2025-07-28T06:10:00.161009+00:00"", ""mode"": ""single"", ""current"": 1, ""friendly_name"": ""automacao-cortina""}"
2025-07-28T03:10:00.173876,automation.automacao_cortina,on,on,"{""id"": ""1747703519499"", ""last_triggered"": ""2025-07-28T06:10:00.161009+00:00"", ""mode"": ""single"", ""current"": 0, ""friendly_name"": ""automacao-cortina""}"
2025-07-28T03:10:09.238329,sensor.upnp_igd_data_received,2446698508,2446940312,"{""state_class"": ""total_increasing"", ""unit_of_measurement"": ""B"", ""device_class"": ""data_size"", ""friendly_name"": ""UPNP IGD Data received""}"
2025-07-28T03:10:09.240765,sensor.upnp_igd_data_sent,4065182111,4065208490,"{""state_class"": ""total_increasing"", ""unit_of_measurement"": ""B"", ""device_class"": ""data_size"", ""friendly_name"": ""UPNP IGD Data sent""}"
2025-07-28T03:10:09.242419,sensor.upnp_igd_packets_received,46188890,46190109,"{""state_class"": ""total_increasing"", ""unit_of_measurement"": ""packets"", ""friendly_name"": ""UPNP IGD Packets received""}"
2025-07-28T03:10:09.243897,sensor.upnp_igd_packets_sent,14954097,14954223,"{""state_class"": ""total_increasing"", ""unit_of_measurement"": ""packets"", ""friendly_name"": ""UPNP IGD Packets sent""}"
2025-07-28T03:10:09.245237,sensor.upnp_igd_uptime,499537,499567,"{""unit_of_measurement"": ""s"", ""device_class"": ""duration"", ""friendly_name"": ""UPNP IGD Uptime""}"
2025-07-28T03:10:09.246629,sensor.upnp_igd_download_speed,2.72445419250324,7.87119011221585,"{""state_class"": ""measurement"", ""unit_of_measurement"": ""KiB/s"", ""device_class"": ""data_rate"", ""friendly_name"": ""UPNP IGD Download speed""}"
2025-07-28T03:10:09.248054,sensor.upnp_igd_upload_speed,0.478446135077095,0.85868771389283,"{""state_class"": ""measurement"", ""unit_of_measurement"": ""KiB/s"", ""device_class"": ""data_rate"", ""friendly_name"": ""UPNP IGD Upload speed""}"
2025-07-28T03:10:09.249432,sensor.upnp_igd_packet_download_speed,37.1663259753452,40.6331586107513,"{""state_class"": ""measurement"", ""unit_of_measurement"": ""packets/s"", ""friendly_name"": ""UPNP IGD Packet download speed""}"
2025-07-28T03:10:09.250764,sensor.upnp_igd_packet_upload_speed,2.33331194464051,4.19998194007766,"{""state_class"": ""measurement"", ""unit_of_measurement"": ""packets/s"", ""friendly_name"": ""UPNP IGD Packet upload speed""}"
2025-07-28T03:10:10.259531,automation.aut_status_bruno,on,on,"{""id"": ""1751855857509"", ""last_triggered"": ""2025-07-28T06:10:10.253083+00:00"", ""mode"": ""single"", ""current"": 1, ""friendly_name"": ""aut-status-bruno""}"
2025-07-28T03:10:10.261714,automation.aut_status_bruno,on,on,"{""id"": ""1751855857509"", ""last_triggered"": ""2025-07-28T06:10:10.253083+00:00"", ""mode"": ""single"", ""current"": 0, ""friendly_name"": ""aut-status-bruno""}"
2025-07-28T03:10:39.239877,sensor.upnp_igd_data_received,2446940312,2447352520,"{""state_class"": ""total_increasing"", ""unit_of_measurement"": ""B"", ""device_class"": ""data_size"", ""friendly_name"": ""UPNP IGD Data received""}"
2025-07-28T03:10:39.242314,sensor.upnp_igd_data_sent,4065208490,4065270840,"{""state_class"": ""total_increasing"", ""unit_of_measurement"": ""B"", ""device_class"": ""data_size"", ""friendly_name"": ""UPNP IGD Data sent""}"
2025-07-28T03:10:39.243863,sensor.upnp_igd_packets_received,46190109,46191463,"{""state_class"": ""total_increasing"", ""unit_of_measurement"": ""packets"", ""friendly_name"": ""UPNP IGD Packets received""}"
2025-07-28T03:10:39.245306,sensor.upnp_igd_packets_sent,14954223,14954472,"{""state_class"": ""total_increasing"", ""unit_of_measurement"": ""packets"", ""friendly_name"": ""UPNP IGD Packets sent""}"
2025-07-28T03:10:39.246625,sensor.upnp_igd_uptime,499567,499597,"{""unit_of_measurement"": ""s"", ""device_class"": ""duration"", ""friendly_name"": ""UPNP IGD Uptime""}"
2025-07-28T03:10:39.248086,sensor.upnp_igd_download_speed,7.87119011221585,13.4182958108692,"{""state_class"": ""measurement"", ""unit_of_measurement"": ""KiB/s"", ""device_class"": ""data_rate"", ""friendly_name"": ""UPNP IGD Download speed""}"
2025-07-28T03:10:39.249585,sensor.upnp_igd_upload_speed,0.85868771389283,2.0296324763413,"{""state_class"": ""measurement"", ""unit_of_measurement"": ""KiB/s"", ""device_class"": ""data_rate"", ""friendly_name"": ""UPNP IGD Upload speed""}"
2025-07-28T03:10:39.252177,sensor.upnp_igd_packet_download_speed,40.6331586107513,45.1335574966689,"{""state_class"": ""measurement"", ""unit_of_measurement"": ""packets/s"", ""friendly_name"": ""UPNP IGD Packet download speed""}"
2025-07-28T03:10:39.253696,sensor.upnp_igd_packet_upload_speed,4.19998194007766,8.30004122353808,"{""state_class"": ""measurement"", ""unit_of_measurement"": ""packets/s"", ""friendly_name"": ""UPNP IGD Packet upload speed""}"
2025-07-28T03:11:09.237508,sensor.upnp_igd_data_received,2447352520,2447428795,"{""state_class"": ""total_increasing"", ""unit_of_measurement"": ""B"", ""device_class"": ""data_size"", ""friendly_name"": ""UPNP IGD Data received""}"
2025-07-28T03:11:09.240088,sensor.upnp_igd_data_sent,4065270840,4065284183,"{""state_class"": ""total_increasing"", ""unit_of_measurement"": ""B"", ""device_class"": ""data_size"", ""friendly_name"": ""UPNP IGD Data sent""}"
2025-07-28T03:11:09.241650,sensor.upnp_igd_packets_received,46191463,46192547,"{""state_class"": ""total_increasing"", ""unit_of_measurement"": ""packets"", ""friendly_name"": ""UPNP IGD Packets received""}"
2025-07-28T03:11:09.243003,sensor.upnp_igd_packets_sent,14954472,14954578,"{""state_class"": ""total_increasing"", ""unit_of_measurement"": ""packets"", ""friendly_name"": ""UPNP IGD Packets sent""}"
2025-07-28T03:11:09.244604,sensor.upnp_igd_uptime,499597,499627,"{""unit_of_measurement"": ""s"", ""device_class"": ""duration"", ""friendly_name"": ""UPNP IGD Uptime""}"
2025-07-28T03:11:09.246691,sensor.upnp_igd_download_speed,13.4182958108692,2.48293962046683,"{""state_class"": ""measurement"", ""unit_of_measurement"": ""KiB/s"", ""device_class"": ""data_rate"", ""friendly_name"": ""UPNP IGD Download speed""}"
2025-07-28T03:11:09.281947,sensor.upnp_igd_upload_speed,2.0296324763413,0.434347602174879,"{""state_class"": ""measurement"", ""unit_of_measurement"": ""KiB/s"", ""device_class"": ""data_rate"", ""friendly_name"": ""UPNP IGD Upload speed""}"
2025-07-28T03:11:09.283785,sensor.upnp_igd_packet_download_speed,45.1335574966689,36.1337621206438,"{""state_class"": ""measurement"", ""unit_of_measurement"": ""packets/s"", ""friendly_name"": ""UPNP IGD Packet download speed""}"
2025-07-28T03:11:09.285351,sensor.upnp_igd_packet_upload_speed,8.30004122353808,3.53337526271978,"{""state_class"": ""measurement"", ""unit_of_measurement"": ""packets/s"", ""friendly_name"": ""UPNP IGD Packet upload speed""}"
2025-07-28T03:11:10.259567,automation.aut_status_bruno,on,on,"{""id"": ""1751855857509"", ""last_triggered"": ""2025-07-28T06:11:10.253099+00:00"", ""mode"": ""single"", ""current"": 1, ""friendly_name"": ""aut-status-bruno""}"
2025-07-28T03:11:10.261941,automation.aut_status_bruno,on,on,"{""id"": ""1751855857509"", ""last_triggered"": ""2025-07-28T06:11:10.253099+00:00"", ""mode"": ""single"", ""current"": 0, ""friendly_name"": ""aut-status-bruno""}"
2025-07-28T03:11:39.237754,sensor.upnp_igd_data_received,2447428795,2451477887,"{""state_class"": ""total_increasing"", ""unit_of_measurement"": ""B"", ""device_class"": ""data_size"", ""friendly_name"": ""UPNP IGD Data received""}"
2025-07-28T03:11:39.240203,sensor.upnp_igd_data_sent,4065284183,4065327045,"{""state_class"": ""total_increasing"", ""unit_of_measurement"": ""B"", ""device_class"": ""data_size"", ""friendly_name"": ""UPNP IGD Data sent""}"
2025-07-28T03:11:39.241773,sensor.upnp_igd_packets_received,46192547,46196297,"{""state_class"": ""total_increasing"", ""unit_of_measurement"": ""packets"", ""friendly_name"": ""UPNP IGD Packets received""}"
2025-07-28T03:11:39.243184,sensor.upnp_igd_packets_sent,14954578,14954961,"{""state_class"": ""total_increasing"", ""unit_of_measurement"": ""packets"", ""friendly_name"": ""UPNP IGD Packets sent""}"
2025-07-28T03:11:39.244577,sensor.upnp_igd_uptime,499627,499657,"{""unit_of_measurement"": ""s"", ""device_class"": ""duration"", ""friendly_name"": ""UPNP IGD Uptime""}"
2025-07-28T03:11:39.245961,sensor.upnp_igd_download_speed,2.48293962046683,131.805325765727,"{""state_class"": ""measurement"", ""unit_of_measurement"": ""KiB/s"", ""device_class"": ""data_rate"", ""friendly_name"": ""UPNP IGD Download speed""}"
2025-07-28T03:11:39.247405,sensor.upnp_igd_upload_speed,0.434347602174879,1.39523623394346,"{""state_class"": ""measurement"", ""unit_of_measurement"": ""KiB/s"", ""device_class"": ""data_rate"", ""friendly_name"": ""UPNP IGD Upload speed""}"
2025-07-28T03:11:39.248809,sensor.upnp_igd_packet_download_speed,36.1337621206438,124.999000008,"{""state_class"": ""measurement"", ""unit_of_measurement"": ""packets/s"", ""friendly_name"": ""UPNP IGD Packet download speed""}"
2025-07-28T03:11:39.250176,sensor.upnp_igd_packet_upload_speed,3.53337526271978,12.7665645341504,"{""state_class"": ""measurement"", ""unit_of_measurement"": ""packets/s"", ""friendly_name"": ""UPNP IGD Packet upload speed""}"
2025-07-28T03:12:09.236760,sensor.upnp_igd_data_received,2451477887,2451570985,"{""state_class"": ""total_increasing"", ""unit_of_measurement"": ""B"", ""device_class"": ""data_size"", ""friendly_name"": ""UPNP IGD Data received""}"
2025-07-28T03:12:09.239165,sensor.upnp_igd_data_sent,4065327045,4065349475,"{""state_class"": ""total_increasing"", ""unit_of_measurement"": ""B"", ""device_class"": ""data_size"", ""friendly_name"": ""UPNP IGD Data sent""}"
2025-07-28T03:12:09.240852,sensor.upnp_igd_packets_received,46196297,46197372,"{""state_class"": ""total_increasing"", ""unit_of_measurement"": ""packets"", ""friendly_name"": ""UPNP IGD Packets received""}"
2025-07-28T03:12:09.242266,sensor.upnp_igd_packets_sent,14954961,14955058,"{""state_class"": ""total_increasing"", ""unit_of_measurement"": ""packets"", ""friendly_name"": ""UPNP IGD Packets sent""}"
2025-07-28T03:12:09.243679,sensor.upnp_igd_uptime,499657,499687,"{""unit_of_measurement"": ""s"", ""device_class"": ""duration"", ""friendly_name"": ""UPNP IGD Uptime""}"
2025-07-28T03:12:09.245080,sensor.upnp_igd_download_speed,131.805325765727,3.03055496703294,"{""state_class"": ""measurement"", ""unit_of_measurement"": ""KiB/s"", ""device_class"": ""data_rate"", ""friendly_name"": ""UPNP IGD Download speed""}"
2025-07-28T03:12:09.246453,sensor.upnp_igd_upload_speed,1.39523623394346,0.730148315866601,"{""state_class"": ""measurement"", ""unit_of_measurement"": ""KiB/s"", ""device_class"": ""data_rate"", ""friendly_name"": ""UPNP IGD Upload speed""}"
2025-07-28T03:12:09.247961,sensor.upnp_igd_packet_download_speed,124.999000008,35.8335829739614,"{""state_class"": ""measurement"", ""unit_of_measurement"": ""packets/s"", ""friendly_name"": ""UPNP IGD Packet download speed""}"
2025-07-28T03:12:09.249376,sensor.upnp_igd_packet_upload_speed,12.7665645341504,3.23335585904582,"{""state_class"": ""measurement"", ""unit_of_measurement"": ""packets/s"", ""friendly_name"": ""UPNP IGD Packet upload speed""}"
2025-07-28T03:12:10.259026,automation.aut_status_bruno,on,on,"{""id"": ""1751855857509"", ""last_triggered"": ""2025-07-28T06:12:10.252614+00:00"", ""mode"": ""single"", ""current"": 1, ""friendly_name"": ""aut-status-bruno""}"
2025-07-28T03:12:10.261294,automation.aut_status_bruno,on,on,"{""id"": ""1751855857509"", ""last_triggered"": ""2025-07-28T06:12:10.252614+00:00"", ""mode"": ""single"", ""current"": 0, ""friendly_name"": ""aut-status-bruno""}"
2025-07-28T03:12:39.237634,sensor.upnp_igd_data_received,2451570985,2451650751,"{""state_class"": ""total_increasing"", ""unit_of_measurement"": ""B"", ""device_class"": ""data_size"", ""friendly_name"": ""UPNP IGD Data received""}"
2025-07-28T03:12:39.240391,sensor.upnp_igd_data_sent,4065349475,4065364185,"{""state_class"": ""total_increasing"", ""unit_of_measurement"": ""B"", ""device_class"": ""data_size"", ""friendly_name"": ""UPNP IGD Data sent""}"
2025-07-28T03:12:39.242408,sensor.upnp_igd_packets_received,46197372,46198450,"{""state_class"": ""total_increasing"", ""unit_of_measurement"": ""packets"", ""friendly_name"": ""UPNP IGD Packets received""}"
2025-07-28T03:12:39.244726,sensor.upnp_igd_packets_sent,14955058,14955126,"{""state_class"": ""total_increasing"", ""unit_of_measurement"": ""packets"", ""friendly_name"": ""UPNP IGD Packets sent""}"
2025-07-28T03:12:39.246890,sensor.upnp_igd_uptime,499687,499717,"{""unit_of_measurement"": ""s"", ""device_class"": ""duration"", ""friendly_name"": ""UPNP IGD Uptime""}"
2025-07-28T03:12:39.248881,sensor.upnp_igd_download_speed,3.03055496703294,2.59654506504006,"{""state_class"": ""measurement"", ""unit_of_measurement"": ""KiB/s"", ""device_class"": ""data_rate"", ""friendly_name"": ""UPNP IGD Download speed""}"
2025-07-28T03:12:39.250657,sensor.upnp_igd_upload_speed,0.730148315866601,0.478840331804769,"{""state_class"": ""measurement"", ""unit_of_measurement"": ""KiB/s"", ""device_class"": ""data_rate"", ""friendly_name"": ""UPNP IGD Upload speed""}"
2025-07-28T03:12:39.252531,sensor.upnp_igd_packet_download_speed,35.8335829739614,35.9332722467705,"{""state_class"": ""measurement"", ""unit_of_measurement"": ""packets/s"", ""friendly_name"": ""UPNP IGD Packet download speed""}"
2025-07-28T03:12:39.254249,sensor.upnp_igd_packet_upload_speed,3.23335585904582,2.26666281333988,"{""state_class"": ""measurement"", ""unit_of_measurement"": ""packets/s"", ""friendly_name"": ""UPNP IGD Packet upload speed""}"
2025-07-28T03:12:53.110934,camera.192_168_0_33,idle,idle,"{""access_token"": ""77c9d5f2787fa7a3fd064a6b674c7f89b2008d940d94c4d0d70ce3a5b5d9a172"", ""entity_picture"": ""/api/camera_proxy/camera.192_168_0_33?token=77c9d5f2787fa7a3fd064a6b674c7f89b2008d940d94c4d0d70ce3a5b5d9a172"", ""friendly_name"": ""192_168_0_14"", ""supported_features"": 2}"
2025-07-28T03:12:53.113080,camera.admin_mainstream,idle,idle,"{""access_token"": ""f362b86fee5e4d0ac57d80c46ae656bab2478059ba8897f6145379d0fa989b1e"", ""entity_picture"": ""/api/camera_proxy/camera.admin_mainstream?token=f362b86fee5e4d0ac57d80c46ae656bab2478059ba8897f6145379d0fa989b1e"", ""friendly_name"": ""admin MainStream"", ""supported_features"": 2}"
2025-07-28T03:12:53.115002,camera.admin_substream,idle,idle,"{""access_token"": ""a5a8b069b27b444179d230c7b4325ff115f2ada4006aef5750d873d66bf9a5f7"", ""entity_picture"": ""/api/camera_proxy/camera.admin_substream?token=a5a8b069b27b444179d230c7b4325ff115f2ada4006aef5750d873d66bf9a5f7"", ""friendly_name"": ""admin SubStream"", ""supported_features"": 2}"
2025-07-28T03:13:09.249428,sensor.upnp_igd_data_received,2451650751,2451990525,"{""state_class"": ""total_increasing"", ""unit_of_measurement"": ""B"", ""device_class"": ""data_size"", ""friendly_name"": ""UPNP IGD Data received""}"
2025-07-28T03:13:09.252312,sensor.upnp_igd_data_sent,4065364185,4065377575,"{""state_class"": ""total_increasing"", ""unit_of_measurement"": ""B"", ""device_class"": ""data_size"", ""friendly_name"": ""UPNP IGD Data sent""}"
2025-07-28T03:13:09.255442,sensor.upnp_igd_packets_received,46198450,46199697,"{""state_class"": ""total_increasing"", ""unit_of_measurement"": ""packets"", ""friendly_name"": ""UPNP IGD Packets received""}"
2025-07-28T03:13:09.257153,sensor.upnp_igd_packets_sent,14955126,14955231,"{""state_class"": ""total_increasing"", ""unit_of_measurement"": ""packets"", ""friendly_name"": ""UPNP IGD Packets sent""}"
2025-07-28T03:13:09.258799,sensor.upnp_igd_uptime,499717,499747,"{""unit_of_measurement"": ""s"", ""device_class"": ""duration"", ""friendly_name"": ""UPNP IGD Uptime""}"
2025-07-28T03:13:09.260576,sensor.upnp_igd_download_speed,2.59654506504006,11.0600805905255,"{""state_class"": ""measurement"", ""unit_of_measurement"": ""KiB/s"", ""device_class"": ""data_rate"", ""friendly_name"": ""UPNP IGD Download speed""}"
2025-07-28T03:13:09.262340,sensor.upnp_igd_upload_speed,0.478840331804769,0.435861717221261,"{""state_class"": ""measurement"", ""unit_of_measurement"": ""KiB/s"", ""device_class"": ""data_rate"", ""friendly_name"": ""UPNP IGD Upload speed""}"
2025-07-28T03:13:09.264154,sensor.upnp_igd_packet_download_speed,35.9332722467705,41.5656483082831,"{""state_class"": ""measurement"", ""unit_of_measurement"": ""packets/s"", ""friendly_name"": ""UPNP IGD Packet download speed""}"
2025-07-28T03:13:09.265820,sensor.upnp_igd_packet_upload_speed,2.26666281333988,3.49991425210082,"{""state_class"": ""measurement"", ""unit_of_measurement"": ""packets/s"", ""friendly_name"": ""UPNP IGD Packet upload speed""}"
2025-07-28T03:13:10.258468,automation.aut_status_bruno,on,on,"{""id"": ""1751855857509"", ""last_triggered"": ""2025-07-28T06:13:10.252141+00:00"", ""mode"": ""single"", ""current"": 1, ""friendly_name"": ""aut-status-bruno""}"
2025-07-28T03:13:10.260846,automation.aut_status_bruno,on,on,"{""id"": ""1751855857509"", ""last_triggered"": ""2025-07-28T06:13:10.252141+00:00"", ""mode"": ""single"", ""current"": 0, ""friendly_name"": ""aut-status-bruno""}"
2025-07-28T03:13:39.253908,sensor.upnp_igd_data_received,2451990525,2452070519,"{""state_class"": ""total_increasing"", ""unit_of_measurement"": ""B"", ""device_class"": ""data_size"", ""friendly_name"": ""UPNP IGD Data received""}"
2025-07-28T03:13:39.256733,sensor.upnp_igd_data_sent,4065377575,4065393616,"{""state_class"": ""total_increasing"", ""unit_of_measurement"": ""B"", ""device_class"": ""data_size"", ""friendly_name"": ""UPNP IGD Data sent""}"
2025-07-28T03:13:39.258211,sensor.upnp_igd_packets_received,46199697,46200769,"{""state_class"": ""total_increasing"", ""unit_of_measurement"": ""packets"", ""friendly_name"": ""UPNP IGD Packets received""}"
2025-07-28T03:13:39.259668,sensor.upnp_igd_packets_sent,14955231,14955307,"{""state_class"": ""total_increasing"", ""unit_of_measurement"": ""packets"", ""friendly_name"": ""UPNP IGD Packets sent""}"
2025-07-28T03:13:39.261025,sensor.upnp_igd_uptime,499747,499777,"{""unit_of_measurement"": ""s"", ""device_class"": ""duration"", ""friendly_name"": ""UPNP IGD Uptime""}"
2025-07-28T03:13:39.262436,sensor.upnp_igd_download_speed,11.0600805905255,2.60401267116772,"{""state_class"": ""measurement"", ""unit_of_measurement"": ""KiB/s"", ""device_class"": ""data_rate"", ""friendly_name"": ""UPNP IGD Download speed""}"
2025-07-28T03:13:39.263906,sensor.upnp_igd_upload_speed,0.435861717221261,0.522176253946563,"{""state_class"": ""measurement"", ""unit_of_measurement"": ""KiB/s"", ""device_class"": ""data_rate"", ""friendly_name"": ""UPNP IGD Upload speed""}"
2025-07-28T03:13:39.265323,sensor.upnp_igd_packet_download_speed,41.5656483082831,35.7339003112183,"{""state_class"": ""measurement"", ""unit_of_measurement"": ""packets/s"", ""friendly_name"": ""UPNP IGD Packet download speed""}"
2025-07-28T03:13:39.266758,sensor.upnp_igd_packet_upload_speed,3.49991425210082,2.53337352952667,"{""state_class"": ""measurement"", ""unit_of_measurement"": ""packets/s"", ""friendly_name"": ""UPNP IGD Packet upload speed""}"
2025-07-28T03:13:59.229573,sensor.tauntaum_energy,224.982,224.992,"{""state_class"": ""total_increasing"", ""unit_of_measurement"": ""kWh"", ""device_class"": ""energy"", ""friendly_name"": ""Tauntaum Energy""}"
2025-07-28T03:13:59.231650,sensor.tauntaum_power,35,34,"{""state_class"": ""measurement"", ""power_consumption_start"": ""2025-07-28T05:58:21Z"", ""power_consumption_end"": ""2025-07-28T06:13:59Z"", ""unit_of_measurement"": ""W"", ""device_class"": ""power"", ""friendly_name"": ""Tauntaum Power""}"
2025-07-28T03:13:59.233218,sensor.tauntaum_power_energy,0.00978181944555706,0.00912063055535157,"{""state_class"": ""total"", ""unit_of_measurement"": ""kWh"", ""device_class"": ""energy"", ""friendly_name"": ""Tauntaum Power energy""}"
2025-07-28T03:14:09.254624,sensor.upnp_igd_data_received,2452070519,2452159512,"{""state_class"": ""total_increasing"", ""unit_of_measurement"": ""B"", ""device_class"": ""data_size"", ""friendly_name"": ""UPNP IGD Data received""}"
2025-07-28T03:14:09.257381,sensor.upnp_igd_data_sent,4065393616,4065411879,"{""state_class"": ""total_increasing"", ""unit_of_measurement"": ""B"", ""device_class"": ""data_size"", ""friendly_name"": ""UPNP IGD Data sent""}"
2025-07-28T03:14:09.258819,sensor.upnp_igd_packets_received,46200769,46201872,"{""state_class"": ""total_increasing"", ""unit_of_measurement"": ""packets"", ""friendly_name"": ""UPNP IGD Packets received""}"
2025-07-28T03:14:09.260337,sensor.upnp_igd_packets_sent,14955307,14955396,"{""state_class"": ""total_increasing"", ""unit_of_measurement"": ""packets"", ""friendly_name"": ""UPNP IGD Packets sent""}"
2025-07-28T03:14:09.261687,sensor.upnp_igd_uptime,499777,499807,"{""unit_of_measurement"": ""s"", ""device_class"": ""duration"", ""friendly_name"": ""UPNP IGD Uptime""}"
2025-07-28T03:14:09.263075,sensor.upnp_igd_download_speed,2.60401267116772,2.89697360308148,"{""state_class"": ""measurement"", ""unit_of_measurement"": ""KiB/s"", ""device_class"": ""data_rate"", ""friendly_name"": ""UPNP IGD Download speed""}"
2025-07-28T03:14:09.264594,sensor.upnp_igd_upload_speed,0.522176253946563,0.59451225279603,"{""state_class"": ""measurement"", ""unit_of_measurement"": ""KiB/s"", ""device_class"": ""data_rate"", ""friendly_name"": ""UPNP IGD Upload speed""}"
2025-07-28T03:14:09.266037,sensor.upnp_igd_packet_download_speed,35.7339003112183,36.7675049657799,"{""state_class"": ""measurement"", ""unit_of_measurement"": ""packets/s"", ""friendly_name"": ""UPNP IGD Packet download speed""}"
2025-07-28T03:14:09.267521,sensor.upnp_igd_packet_upload_speed,2.53337352952667,2.96673430820889,"{""state_class"": ""measurement"", ""unit_of_measurement"": ""packets/s"", ""friendly_name"": ""UPNP IGD Packet upload speed""}"
2025-07-28T03:14:10.260785,automation.aut_status_bruno,on,on,"{""id"": ""1751855857509"", ""last_triggered"": ""2025-07-28T06:14:10.252933+00:00"", ""mode"": ""single"", ""current"": 1, ""friendly_name"": ""aut-status-bruno""}"
2025-07-28T03:14:10.262807,automation.aut_status_bruno,on,on,"{""id"": ""1751855857509"", ""last_triggered"": ""2025-07-28T06:14:10.252933+00:00"", ""mode"": ""single"", ""current"": 0, ""friendly_name"": ""aut-status-bruno""}"
2025-07-28T03:14:39.237979,sensor.upnp_igd_data_received,2452159512,2452238229,"{""state_class"": ""total_increasing"", ""unit_of_measurement"": ""B"", ""device_class"": ""data_size"", ""friendly_name"": ""UPNP IGD Data received""}"
2025-07-28T03:14:39.240712,sensor.upnp_igd_data_sent,4065411879,4065427208,"{""state_class"": ""total_increasing"", ""unit_of_measurement"": ""B"", ""device_class"": ""data_size"", ""friendly_name"": ""UPNP IGD Data sent""}"
2025-07-28T03:14:39.242073,sensor.upnp_igd_packets_received,46201872,46202923,"{""state_class"": ""total_increasing"", ""unit_of_measurement"": ""packets"", ""friendly_name"": ""UPNP IGD Packets received""}"
2025-07-28T03:14:39.243302,sensor.upnp_igd_packets_sent,14955396,14955468,"{""state_class"": ""total_increasing"", ""unit_of_measurement"": ""packets"", ""friendly_name"": ""UPNP IGD Packets sent""}"
2025-07-28T03:14:39.245746,sensor.upnp_igd_uptime,499807,499837,"{""unit_of_measurement"": ""s"", ""device_class"": ""duration"", ""friendly_name"": ""UPNP IGD Uptime""}"
2025-07-28T03:14:39.247533,sensor.upnp_igd_download_speed,2.89697360308148,2.56240798104756,"{""state_class"": ""measurement"", ""unit_of_measurement"": ""KiB/s"", ""device_class"": ""data_rate"", ""friendly_name"": ""UPNP IGD Download speed""}"
2025-07-28T03:14:39.249308,sensor.upnp_igd_upload_speed,0.59451225279603,0.49899198319903,"{""state_class"": ""measurement"", ""unit_of_measurement"": ""KiB/s"", ""device_class"": ""data_rate"", ""friendly_name"": ""UPNP IGD Upload speed""}"
2025-07-28T03:14:39.250987,sensor.upnp_igd_packet_download_speed,36.7675049657799,35.0334104068362,"{""state_class"": ""measurement"", ""unit_of_measurement"": ""packets/s"", ""friendly_name"": ""UPNP IGD Packet download speed""}"
2025-07-28T03:14:39.252790,sensor.upnp_igd_packet_upload_speed,2.96673430820889,2.40000528001162,"{""state_class"": ""measurement"", ""unit_of_measurement"": ""packets/s"", ""friendly_name"": ""UPNP IGD Packet upload speed""}"
2025-07-28T03:15:09.237342,sensor.upnp_igd_data_received,2452238229,2452321464,"{""state_class"": ""total_increasing"", ""unit_of_measurement"": ""B"", ""device_class"": ""data_size"", ""friendly_name"": ""UPNP IGD Data received""}"
2025-07-28T03:15:09.239895,sensor.upnp_igd_data_sent,4065427208,4065450591,"{""state_class"": ""total_increasing"", ""unit_of_measurement"": ""B"", ""device_class"": ""data_size"", ""friendly_name"": ""UPNP IGD Data sent""}"
2025-07-28T03:15:09.241536,sensor.upnp_igd_packets_received,46202923,46203958,"{""state_class"": ""total_increasing"", ""unit_of_measurement"": ""packets"", ""friendly_name"": ""UPNP IGD Packets received""}"
2025-07-28T03:15:09.242926,sensor.upnp_igd_packets_sent,14955468,14955554,"{""state_class"": ""total_increasing"", ""unit_of_measurement"": ""packets"", ""friendly_name"": ""UPNP IGD Packets sent""}"
2025-07-28T03:15:09.244309,sensor.upnp_igd_uptime,499837,499867,"{""unit_of_measurement"": ""s"", ""device_class"": ""duration"", ""friendly_name"": ""UPNP IGD Uptime""}"
2025-07-28T03:15:09.245753,sensor.upnp_igd_download_speed,2.56240798104756,2.70944077516355,"{""state_class"": ""measurement"", ""unit_of_measurement"": ""KiB/s"", ""device_class"": ""data_rate"", ""friendly_name"": ""UPNP IGD Download speed""}"
2025-07-28T03:15:09.247111,sensor.upnp_igd_upload_speed,0.49899198319903,0.761156408309596,"{""state_class"": ""measurement"", ""unit_of_measurement"": ""KiB/s"", ""device_class"": ""data_rate"", ""friendly_name"": ""UPNP IGD Upload speed""}"
2025-07-28T03:15:09.248520,sensor.upnp_igd_packet_download_speed,35.0334104068362,34.4995940547766,"{""state_class"": ""measurement"", ""unit_of_measurement"": ""packets/s"", ""friendly_name"": ""UPNP IGD Packet download speed""}"
2025-07-28T03:15:09.249869,sensor.upnp_igd_packet_upload_speed,2.40000528001162,2.86663293595245,"{""state_class"": ""measurement"", ""unit_of_measurement"": ""packets/s"", ""friendly_name"": ""UPNP IGD Packet upload speed""}"
2025-07-28T03:15:10.258932,automation.aut_status_bruno,on,on,"{""id"": ""1751855857509"", ""last_triggered"": ""2025-07-28T06:15:10.252532+00:00"", ""mode"": ""single"", ""current"": 1, ""friendly_name"": ""aut-status-bruno""}"
2025-07-28T03:15:10.261149,automation.aut_status_bruno,on,on,"{""id"": ""1751855857509"", ""last_triggered"": ""2025-07-28T06:15:10.252532+00:00"", ""mode"": ""single"", ""current"": 0, ""friendly_name"": ""aut-status-bruno""}"
2025-07-28T03:15:39.238670,sensor.upnp_igd_data_received,2452321464,2452405404,"{""state_class"": ""total_increasing"", ""unit_of_measurement"": ""B"", ""device_class"": ""data_size"", ""friendly_name"": ""UPNP IGD Data received""}"
2025-07-28T03:15:39.241474,sensor.upnp_igd_data_sent,4065450591,4065465592,"{""state_class"": ""total_increasing"", ""unit_of_measurement"": ""B"", ""device_class"": ""data_size"", ""friendly_name"": ""UPNP IGD Data sent""}"
2025-07-28T03:15:39.242939,sensor.upnp_igd_packets_received,46203958,46205028,"{""state_class"": ""total_increasing"", ""unit_of_measurement"": ""packets"", ""friendly_name"": ""UPNP IGD Packets received""}"
2025-07-28T03:15:39.244401,sensor.upnp_igd_packets_sent,14955554,14955631,"{""state_class"": ""total_increasing"", ""unit_of_measurement"": ""packets"", ""friendly_name"": ""UPNP IGD Packets sent""}"
2025-07-28T03:15:39.245738,sensor.upnp_igd_uptime,499867,499897,"{""unit_of_measurement"": ""s"", ""device_class"": ""duration"", ""friendly_name"": ""UPNP IGD Uptime""}"
2025-07-28T03:15:39.247114,sensor.upnp_igd_download_speed,2.70944077516355,2.73241285803757,"{""state_class"": ""measurement"", ""unit_of_measurement"": ""KiB/s"", ""device_class"": ""data_rate"", ""friendly_name"": ""UPNP IGD Download speed""}"
2025-07-28T03:15:39.248615,sensor.upnp_igd_upload_speed,0.761156408309596,0.488312190653104,"{""state_class"": ""measurement"", ""unit_of_measurement"": ""KiB/s"", ""device_class"": ""data_rate"", ""friendly_name"": ""UPNP IGD Upload speed""}"
2025-07-28T03:15:39.250039,sensor.upnp_igd_packet_download_speed,34.4995940547766,35.6665489670551,"{""state_class"": ""measurement"", ""unit_of_measurement"": ""packets/s"", ""friendly_name"": ""UPNP IGD Packet download speed""}"
2025-07-28T03:15:39.251477,sensor.upnp_igd_packet_upload_speed,2.86663293595245,2.56665819669462,"{""state_class"": ""measurement"", ""unit_of_measurement"": ""packets/s"", ""friendly_name"": ""UPNP IGD Packet upload speed""}"
2025-07-28T03:16:09.243074,sensor.upnp_igd_data_received,2452405404,2452477329,"{""state_class"": ""total_increasing"", ""unit_of_measurement"": ""B"", ""device_class"": ""data_size"", ""friendly_name"": ""UPNP IGD Data received""}"
2025-07-28T03:16:09.244781,sensor.upnp_igd_data_sent,4065465592,4065472703,"{""state_class"": ""total_increasing"", ""unit_of_measurement"": ""B"", ""device_class"": ""data_size"", ""friendly_name"": ""UPNP IGD Data sent""}"
2025-07-28T03:16:09.246355,sensor.upnp_igd_packets_received,46205028,46206066,"{""state_class"": ""total_increasing"", ""unit_of_measurement"": ""packets"", ""friendly_name"": ""UPNP IGD Packets received""}"
2025-07-28T03:16:09.247776,sensor.upnp_igd_packets_sent,14955631,14955678,"{""state_class"": ""total_increasing"", ""unit_of_measurement"": ""packets"", ""friendly_name"": ""UPNP IGD Packets sent""}"
2025-07-28T03:16:09.249045,sensor.upnp_igd_uptime,499897,499927,"{""unit_of_measurement"": ""s"", ""device_class"": ""duration"", ""friendly_name"": ""UPNP IGD Uptime""}"
2025-07-28T03:16:09.250357,sensor.upnp_igd_download_speed,2.73241285803757,2.34124147816096,"{""state_class"": ""measurement"", ""unit_of_measurement"": ""KiB/s"", ""device_class"": ""data_rate"", ""friendly_name"": ""UPNP IGD Download speed""}"
2025-07-28T03:16:09.252910,sensor.upnp_igd_upload_speed,0.488312190653104,0.231471229074767,"{""state_class"": ""measurement"", ""unit_of_measurement"": ""KiB/s"", ""device_class"": ""data_rate"", ""friendly_name"": ""UPNP IGD Upload speed""}"
2025-07-28T03:16:09.254346,sensor.upnp_igd_packet_download_speed,35.6665489670551,34.599008161766,"{""state_class"": ""measurement"", ""unit_of_measurement"": ""packets/s"", ""friendly_name"": ""UPNP IGD Packet download speed""}"
2025-07-28T03:16:09.255724,sensor.upnp_igd_packet_upload_speed,2.56665819669462,1.56662175684297,"{""state_class"": ""measurement"", ""unit_of_measurement"": ""packets/s"", ""friendly_name"": ""UPNP IGD Packet upload speed""}"
2025-07-28T03:16:10.259930,automation.aut_status_bruno,on,on,"{""id"": ""1751855857509"", ""last_triggered"": ""2025-07-28T06:16:10.252609+00:00"", ""mode"": ""single"", ""current"": 1, ""friendly_name"": ""aut-status-bruno""}"
2025-07-28T03:16:10.261988,automation.aut_status_bruno,on,on,"{""id"": ""1751855857509"", ""last_triggered"": ""2025-07-28T06:16:10.252609+00:00"", ""mode"": ""single"", ""current"": 0, ""friendly_name"": ""aut-status-bruno""}"
2025-07-28T03:16:39.237459,sensor.upnp_igd_data_received,2452477329,2452566666,"{""state_class"": ""total_increasing"", ""unit_of_measurement"": ""B"", ""device_class"": ""data_size"", ""friendly_name"": ""UPNP IGD Data received""}"
2025-07-28T03:16:39.240298,sensor.upnp_igd_data_sent,4065472703,4065492076,"{""state_class"": ""total_increasing"", ""unit_of_measurement"": ""B"", ""device_class"": ""data_size"", ""friendly_name"": ""UPNP IGD Data sent""}"
2025-07-28T03:16:39.241775,sensor.upnp_igd_packets_received,46206066,46207165,"{""state_class"": ""total_increasing"", ""unit_of_measurement"": ""packets"", ""friendly_name"": ""UPNP IGD Packets received""}"
2025-07-28T03:16:39.243176,sensor.upnp_igd_packets_sent,14955678,14955795,"{""state_class"": ""total_increasing"", ""unit_of_measurement"": ""packets"", ""friendly_name"": ""UPNP IGD Packets sent""}"
2025-07-28T03:16:39.244552,sensor.upnp_igd_uptime,499927,499957,"{""unit_of_measurement"": ""s"", ""device_class"": ""duration"", ""friendly_name"": ""UPNP IGD Uptime""}"
2025-07-28T03:16:39.246065,sensor.upnp_igd_download_speed,2.34124147816096,2.90817129036021,"{""state_class"": ""measurement"", ""unit_of_measurement"": ""KiB/s"", ""device_class"": ""data_rate"", ""friendly_name"": ""UPNP IGD Download speed""}"
2025-07-28T03:16:39.247600,sensor.upnp_igd_upload_speed,0.231471229074767,0.630645784032912,"{""state_class"": ""measurement"", ""unit_of_measurement"": ""KiB/s"", ""device_class"": ""data_rate"", ""friendly_name"": ""UPNP IGD Upload speed""}"
2025-07-28T03:16:39.249051,sensor.upnp_igd_packet_download_speed,34.599008161766,36.6341624865443,"{""state_class"": ""measurement"", ""unit_of_measurement"": ""packets/s"", ""friendly_name"": ""UPNP IGD Packet download speed""}"
2025-07-28T03:16:39.250416,sensor.upnp_igd_packet_upload_speed,1.56662175684297,3.90008827199789,"{""state_class"": ""measurement"", ""unit_of_measurement"": ""packets/s"", ""friendly_name"": ""UPNP IGD Packet upload speed""}"
2025-07-28T03:17:09.237222,sensor.upnp_igd_data_received,2452566666,2452646024,"{""state_class"": ""total_increasing"", ""unit_of_measurement"": ""B"", ""device_class"": ""data_size"", ""friendly_name"": ""UPNP IGD Data received""}"
2025-07-28T03:17:09.239738,sensor.upnp_igd_data_sent,4065492076,4065505327,"{""state_class"": ""total_increasing"", ""unit_of_measurement"": ""B"", ""device_class"": ""data_size"", ""friendly_name"": ""UPNP IGD Data sent""}"
2025-07-28T03:17:09.241747,sensor.upnp_igd_packets_received,46207165,46208203,"{""state_class"": ""total_increasing"", ""unit_of_measurement"": ""packets"", ""friendly_name"": ""UPNP IGD Packets received""}"
2025-07-28T03:17:09.243305,sensor.upnp_igd_packets_sent,14955795,14955877,"{""state_class"": ""total_increasing"", ""unit_of_measurement"": ""packets"", ""friendly_name"": ""UPNP IGD Packets sent""}"
2025-07-28T03:17:09.244755,sensor.upnp_igd_uptime,499957,499987,"{""unit_of_measurement"": ""s"", ""device_class"": ""duration"", ""friendly_name"": ""UPNP IGD Uptime""}"
2025-07-28T03:17:09.246184,sensor.upnp_igd_download_speed,2.90817129036021,2.58325376294559,"{""state_class"": ""measurement"", ""unit_of_measurement"": ""KiB/s"", ""device_class"": ""data_rate"", ""friendly_name"": ""UPNP IGD Download speed""}"
2025-07-28T03:17:09.247629,sensor.upnp_igd_upload_speed,0.630645784032912,0.431345240716652,"{""state_class"": ""measurement"", ""unit_of_measurement"": ""KiB/s"", ""device_class"": ""data_rate"", ""friendly_name"": ""UPNP IGD Upload speed""}"
2025-07-28T03:17:09.249040,sensor.upnp_igd_packet_download_speed,36.6341624865443,34.599806241085,"{""state_class"": ""measurement"", ""unit_of_measurement"": ""packets/s"", ""friendly_name"": ""UPNP IGD Packet download speed""}"
2025-07-28T03:17:09.250388,sensor.upnp_igd_packet_upload_speed,3.90008827199789,2.73331802675238,"{""state_class"": ""measurement"", ""unit_of_measurement"": ""packets/s"", ""friendly_name"": ""UPNP IGD Packet upload speed""}"
2025-07-28T03:17:10.259920,automation.aut_status_bruno,on,on,"{""id"": ""1751855857509"", ""last_triggered"": ""2025-07-28T06:17:10.252831+00:00"", ""mode"": ""single"", ""current"": 1, ""friendly_name"": ""aut-status-bruno""}"
2025-07-28T03:17:10.262105,automation.aut_status_bruno,on,on,"{""id"": ""1751855857509"", ""last_triggered"": ""2025-07-28T06:17:10.252831+00:00"", ""mode"": ""single"", ""current"": 0, ""friendly_name"": ""aut-status-bruno""}"
2025-07-28T03:17:39.253566,sensor.upnp_igd_data_received,2452646024,2452725969,"{""state_class"": ""total_increasing"", ""unit_of_measurement"": ""B"", ""device_class"": ""data_size"", ""friendly_name"": ""UPNP IGD Data received""}"
2025-07-28T03:17:39.258883,sensor.upnp_igd_data_sent,4065505327,4065521206,"{""state_class"": ""total_increasing"", ""unit_of_measurement"": ""B"", ""device_class"": ""data_size"", ""friendly_name"": ""UPNP IGD Data sent""}"
2025-07-28T03:17:39.262522,sensor.upnp_igd_packets_received,46208203,46209261,"{""state_class"": ""total_increasing"", ""unit_of_measurement"": ""packets"", ""friendly_name"": ""UPNP IGD Packets received""}"
2025-07-28T03:17:39.265804,sensor.upnp_igd_packets_sent,14955877,14955953,"{""state_class"": ""total_increasing"", ""unit_of_measurement"": ""packets"", ""friendly_name"": ""UPNP IGD Packets sent""}"
2025-07-28T03:17:39.268926,sensor.upnp_igd_uptime,499987,500017,"{""unit_of_measurement"": ""s"", ""device_class"": ""duration"", ""friendly_name"": ""UPNP IGD Uptime""}"
2025-07-28T03:17:39.272308,sensor.upnp_igd_download_speed,2.58325376294559,2.60229155412172,"{""state_class"": ""measurement"", ""unit_of_measurement"": ""KiB/s"", ""device_class"": ""data_rate"", ""friendly_name"": ""UPNP IGD Download speed""}"
2025-07-28T03:17:39.275726,sensor.upnp_igd_upload_speed,0.431345240716652,0.516877698266293,"{""state_class"": ""measurement"", ""unit_of_measurement"": ""KiB/s"", ""device_class"": ""data_rate"", ""friendly_name"": ""UPNP IGD Upload speed""}"
2025-07-28T03:17:39.278897,sensor.upnp_igd_packet_download_speed,34.599806241085,35.2655181862911,"{""state_class"": ""measurement"", ""unit_of_measurement"": ""packets/s"", ""friendly_name"": ""UPNP IGD Packet download speed""}"
2025-07-28T03:17:39.282108,sensor.upnp_igd_packet_upload_speed,2.73331802675238,2.53325083379785,"{""state_class"": ""measurement"", ""unit_of_measurement"": ""packets/s"", ""friendly_name"": ""UPNP IGD Packet upload speed""}"
2025-07-28T03:17:49.418476,media_player.dlna_b13_box,unavailable,unknown,"{""friendly_name"": ""DLNA-B13 Box"", ""supported_features"": 512575}"
2025-07-28T03:17:53.109478,camera.192_168_0_33,idle,idle,"{""access_token"": ""8f34e27ee17deefa902ad5249b27c61772cfa6ae5dab83c79d097444a054f7f8"", ""entity_picture"": ""/api/camera_proxy/camera.192_168_0_33?token=8f34e27ee17deefa902ad5249b27c61772cfa6ae5dab83c79d097444a054f7f8"", ""friendly_name"": ""192_168_0_14"", ""supported_features"": 2}"
2025-07-28T03:17:53.111235,camera.admin_mainstream,idle,idle,"{""access_token"": ""4d58178665cb7e165e203e6759a6939cb8070e4721f17a25f7bfb3e96a1116e1"", ""entity_picture"": ""/api/camera_proxy/camera.admin_mainstream?token=4d58178665cb7e165e203e6759a6939cb8070e4721f17a25f7bfb3e96a1116e1"", ""friendly_name"": ""admin MainStream"", ""supported_features"": 2}"
2025-07-28T03:17:53.112946,camera.admin_substream,idle,idle,"{""access_token"": ""f0bd9955219acf04b3939a47ba4b69b68ec1ca6fb8add5feebefbf7b8ab6fe62"", ""entity_picture"": ""/api/camera_proxy/camera.admin_substream?token=f0bd9955219acf04b3939a47ba4b69b68ec1ca6fb8add5feebefbf7b8ab6fe62"", ""friendly_name"": ""admin SubStream"", ""supported_features"": 2}"
2025-07-28T03:17:53.788141,media_player.dlna_b13_box,unknown,unavailable,"{""friendly_name"": ""DLNA-B13 Box"", ""supported_features"": 512575}"
2025-07-28T03:18:09.249403,sensor.upnp_igd_data_received,2452725969,2453065477,"{""state_class"": ""total_increasing"", ""unit_of_measurement"": ""B"", ""device_class"": ""data_size"", ""friendly_name"": ""UPNP IGD Data received""}"
2025-07-28T03:18:09.251844,sensor.upnp_igd_data_sent,4065521206,4065536963,"{""state_class"": ""total_increasing"", ""unit_of_measurement"": ""B"", ""device_class"": ""data_size"", ""friendly_name"": ""UPNP IGD Data sent""}"
2025-07-28T03:18:09.253311,sensor.upnp_igd_packets_received,46209261,46210490,"{""state_class"": ""total_increasing"", ""unit_of_measurement"": ""packets"", ""friendly_name"": ""UPNP IGD Packets received""}"
2025-07-28T03:18:09.254671,sensor.upnp_igd_packets_sent,14955953,14956083,"{""state_class"": ""total_increasing"", ""unit_of_measurement"": ""packets"", ""friendly_name"": ""UPNP IGD Packets sent""}"
2025-07-28T03:18:09.256068,sensor.upnp_igd_uptime,500017,500047,"{""unit_of_measurement"": ""s"", ""device_class"": ""duration"", ""friendly_name"": ""UPNP IGD Uptime""}"
2025-07-28T03:18:09.257563,sensor.upnp_igd_download_speed,2.60229155412172,11.0520821100263,"{""state_class"": ""measurement"", ""unit_of_measurement"": ""KiB/s"", ""device_class"": ""data_rate"", ""friendly_name"": ""UPNP IGD Download speed""}"
2025-07-28T03:18:09.258996,sensor.upnp_igd_upload_speed,0.516877698266293,0.512941249713365,"{""state_class"": ""measurement"", ""unit_of_measurement"": ""KiB/s"", ""device_class"": ""data_rate"", ""friendly_name"": ""UPNP IGD Upload speed""}"
2025-07-28T03:18:09.260564,sensor.upnp_igd_packet_download_speed,35.2655181862911,40.9681101097462,"{""state_class"": ""measurement"", ""unit_of_measurement"": ""packets/s"", ""friendly_name"": ""UPNP IGD Packet download speed""}"
2025-07-28T03:18:09.262077,sensor.upnp_igd_packet_upload_speed,2.53325083379785,4.33348601649065,"{""state_class"": ""measurement"", ""unit_of_measurement"": ""packets/s"", ""friendly_name"": ""UPNP IGD Packet upload speed""}"
2025-07-28T03:18:10.262504,automation.aut_status_bruno,on,on,"{""id"": ""1751855857509"", ""last_triggered"": ""2025-07-28T06:18:10.252404+00:00"", ""mode"": ""single"", ""current"": 1, ""friendly_name"": ""aut-status-bruno""}"
2025-07-28T03:18:10.265541,automation.aut_status_bruno,on,on,"{""id"": ""1751855857509"", ""last_triggered"": ""2025-07-28T06:18:10.252404+00:00"", ""mode"": ""single"", ""current"": 0, ""friendly_name"": ""aut-status-bruno""}"
2025-07-28T03:18:39.240269,sensor.upnp_igd_data_received,2453065477,2453152254,"{""state_class"": ""total_increasing"", ""unit_of_measurement"": ""B"", ""device_class"": ""data_size"", ""friendly_name"": ""UPNP IGD Data received""}"
2025-07-28T03:18:39.243004,sensor.upnp_igd_data_sent,4065536963,4065561775,"{""state_class"": ""total_increasing"", ""unit_of_measurement"": ""B"", ""device_class"": ""data_size"", ""friendly_name"": ""UPNP IGD Data sent""}"
2025-07-28T03:18:39.244545,sensor.upnp_igd_packets_received,46210490,46211559,"{""state_class"": ""total_increasing"", ""unit_of_measurement"": ""packets"", ""friendly_name"": ""UPNP IGD Packets received""}"
2025-07-28T03:18:39.245959,sensor.upnp_igd_packets_sent,14956083,14956192,"{""state_class"": ""total_increasing"", ""unit_of_measurement"": ""packets"", ""friendly_name"": ""UPNP IGD Packets sent""}"
2025-07-28T03:18:39.247279,sensor.upnp_igd_uptime,500047,500077,"{""unit_of_measurement"": ""s"", ""device_class"": ""duration"", ""friendly_name"": ""UPNP IGD Uptime""}"
2025-07-28T03:18:39.248739,sensor.upnp_igd_download_speed,11.0520821100263,2.82474511202176,"{""state_class"": ""measurement"", ""unit_of_measurement"": ""KiB/s"", ""device_class"": ""data_rate"", ""friendly_name"": ""UPNP IGD Download speed""}"
2025-07-28T03:18:39.250147,sensor.upnp_igd_upload_speed,0.512941249713365,0.807674564913329,"{""state_class"": ""measurement"", ""unit_of_measurement"": ""KiB/s"", ""device_class"": ""data_rate"", ""friendly_name"": ""UPNP IGD Upload speed""}"
2025-07-28T03:18:39.251612,sensor.upnp_igd_packet_download_speed,40.9681101097462,35.6329924443723,"{""state_class"": ""measurement"", ""unit_of_measurement"": ""packets/s"", ""friendly_name"": ""UPNP IGD Packet download speed""}"
2025-07-28T03:18:39.253113,sensor.upnp_igd_packet_upload_speed,4.33348601649065,3.63329857477697,"{""state_class"": ""measurement"", ""unit_of_measurement"": ""packets/s"", ""friendly_name"": ""UPNP IGD Packet upload speed""}"
2025-07-28T03:19:09.237432,sensor.upnp_igd_data_received,2453152254,2453221289,"{""state_class"": ""total_increasing"", ""unit_of_measurement"": ""B"", ""device_class"": ""data_size"", ""friendly_name"": ""UPNP IGD Data received""}"
2025-07-28T03:19:09.240296,sensor.upnp_igd_data_sent,4065561775,4065569308,"{""state_class"": ""total_increasing"", ""unit_of_measurement"": ""B"", ""device_class"": ""data_size"", ""friendly_name"": ""UPNP IGD Data sent""}"
2025-07-28T03:19:09.241771,sensor.upnp_igd_packets_received,46211559,46212545,"{""state_class"": ""total_increasing"", ""unit_of_measurement"": ""packets"", ""friendly_name"": ""UPNP IGD Packets received""}"
2025-07-28T03:19:09.243155,sensor.upnp_igd_packets_sent,14956192,14956240,"{""state_class"": ""total_increasing"", ""unit_of_measurement"": ""packets"", ""friendly_name"": ""UPNP IGD Packets sent""}"
2025-07-28T03:19:09.244593,sensor.upnp_igd_uptime,500077,500107,"{""unit_of_measurement"": ""s"", ""device_class"": ""duration"", ""friendly_name"": ""UPNP IGD Uptime""}"
2025-07-28T03:19:09.246003,sensor.upnp_igd_download_speed,2.82474511202176,2.24724857893186,"{""state_class"": ""measurement"", ""unit_of_measurement"": ""KiB/s"", ""device_class"": ""data_rate"", ""friendly_name"": ""UPNP IGD Download speed""}"
2025-07-28T03:19:09.247547,sensor.upnp_igd_upload_speed,0.807674564913329,0.245216535744097,"{""state_class"": ""measurement"", ""unit_of_measurement"": ""KiB/s"", ""device_class"": ""data_rate"", ""friendly_name"": ""UPNP IGD Upload speed""}"
2025-07-28T03:19:09.249079,sensor.upnp_igd_packet_download_speed,35.6329924443723,32.8668934482315,"{""state_class"": ""measurement"", ""unit_of_measurement"": ""packets/s"", ""friendly_name"": ""UPNP IGD Packet download speed""}"
2025-07-28T03:19:09.250598,sensor.upnp_igd_packet_upload_speed,3.63329857477697,1.60001104007618,"{""state_class"": ""measurement"", ""unit_of_measurement"": ""packets/s"", ""friendly_name"": ""UPNP IGD Packet upload speed""}"
2025-07-28T03:19:10.260215,automation.aut_status_bruno,on,on,"{""id"": ""1751855857509"", ""last_triggered"": ""2025-07-28T06:19:10.253821+00:00"", ""mode"": ""single"", ""current"": 1, ""friendly_name"": ""aut-status-bruno""}"
2025-07-28T03:19:10.263699,automation.aut_status_bruno,on,on,"{""id"": ""1751855857509"", ""last_triggered"": ""2025-07-28T06:19:10.253821+00:00"", ""mode"": ""single"", ""current"": 0, ""friendly_name"": ""aut-status-bruno""}"
2025-07-28T03:19:29.247164,sensor.tomada_mesa_de_trabalho_current,0.149,0.379,"{""state_class"": ""measurement"", ""unit_of_measurement"": ""A"", ""device_class"": ""current"", ""friendly_name"": ""Tomada mesa de trabalho Current""}"
2025-07-28T03:19:29.249099,sensor.tomada_mesa_de_trabalho_power,13.4,42.0,"{""state_class"": ""measurement"", ""unit_of_measurement"": ""W"", ""device_class"": ""power"", ""friendly_name"": ""Tomada mesa de trabalho Power""}"
2025-07-28T03:19:29.250661,sensor.tomada_mesa_de_trabalho_voltage,131.6,131.2,"{""state_class"": ""measurement"", ""unit_of_measurement"": ""V"", ""device_class"": ""voltage"", ""friendly_name"": ""Tomada mesa de trabalho Voltage""}"
2025-07-28T03:19:39.241415,sensor.upnp_igd_data_received,2453221289,2454343263,"{""state_class"": ""total_increasing"", ""unit_of_measurement"": ""B"", ""device_class"": ""data_size"", ""friendly_name"": ""UPNP IGD Data received""}"
2025-07-28T03:19:39.243131,sensor.upnp_igd_data_sent,4065569308,4066031327,"{""state_class"": ""total_increasing"", ""unit_of_measurement"": ""B"", ""device_class"": ""data_size"", ""friendly_name"": ""UPNP IGD Data sent""}"
2025-07-28T03:19:39.244734,sensor.upnp_igd_packets_received,46212545,46215242,"{""state_class"": ""total_increasing"", ""unit_of_measurement"": ""packets"", ""friendly_name"": ""UPNP IGD Packets received""}"
2025-07-28T03:19:39.246250,sensor.upnp_igd_packets_sent,14956240,14957655,"{""state_class"": ""total_increasing"", ""unit_of_measurement"": ""packets"", ""friendly_name"": ""UPNP IGD Packets sent""}"
2025-07-28T03:19:39.248056,sensor.upnp_igd_uptime,500107,500137,"{""unit_of_measurement"": ""s"", ""device_class"": ""duration"", ""friendly_name"": ""UPNP IGD Uptime""}"
2025-07-28T03:19:39.249811,sensor.upnp_igd_download_speed,2.24724857893186,36.5232704786642,"{""state_class"": ""measurement"", ""unit_of_measurement"": ""KiB/s"", ""device_class"": ""data_rate"", ""friendly_name"": ""UPNP IGD Download speed""}"
2025-07-28T03:19:39.251735,sensor.upnp_igd_upload_speed,0.245216535744097,15.039960732853,"{""state_class"": ""measurement"", ""unit_of_measurement"": ""KiB/s"", ""device_class"": ""data_rate"", ""friendly_name"": ""UPNP IGD Upload speed""}"
2025-07-28T03:19:39.253707,sensor.upnp_igd_packet_download_speed,32.8668934482315,89.9016721711024,"{""state_class"": ""measurement"", ""unit_of_measurement"": ""packets/s"", ""friendly_name"": ""UPNP IGD Packet download speed""}"
2025-07-28T03:19:39.255682,sensor.upnp_igd_packet_upload_speed,1.60001104007618,47.1675439829848,"{""state_class"": ""measurement"", ""unit_of_measurement"": ""packets/s"", ""friendly_name"": ""UPNP IGD Packet upload speed""}"
2025-07-28T03:19:39.258422,automation.aut_status_bruno,on,on,"{""id"": ""1751855857509"", ""last_triggered"": ""2025-07-28T06:19:39.246293+00:00"", ""mode"": ""single"", ""current"": 1, ""friendly_name"": ""aut-status-bruno""}"
2025-07-28T03:19:39.261155,input_boolean.trabalhando,off,on,"{""editable"": true, ""icon"": ""mdi:toggle-switch"", ""friendly_name"": ""trabalhando?""}"
2025-07-28T03:19:39.262732,automation.aut_status_bruno,on,on,"{""id"": ""1751855857509"", ""last_triggered"": ""2025-07-28T06:19:39.246293+00:00"", ""mode"": ""single"", ""current"": 0, ""friendly_name"": ""aut-status-bruno""}"
2025-07-28T03:20:04.339116,sensor.tomada_mesa_de_trabalho_current,0.379,0.15,"{""state_class"": ""measurement"", ""unit_of_measurement"": ""A"", ""device_class"": ""current"", ""friendly_name"": ""Tomada mesa de trabalho Current""}"
2025-07-28T03:20:04.341162,sensor.tomada_mesa_de_trabalho_power,42.0,14.7,"{""state_class"": ""measurement"", ""unit_of_measurement"": ""W"", ""device_class"": ""power"", ""friendly_name"": ""Tomada mesa de trabalho Power""}"
2025-07-28T03:20:04.342997,sensor.tomada_mesa_de_trabalho_voltage,131.2,131.6,"{""state_class"": ""measurement"", ""unit_of_measurement"": ""V"", ""device_class"": ""voltage"", ""friendly_name"": ""Tomada mesa de trabalho Voltage""}"
2025-07-28T03:20:09.238610,sensor.upnp_igd_data_received,2454343263,2454526468,"{""state_class"": ""total_increasing"", ""unit_of_measurement"": ""B"", ""device_class"": ""data_size"", ""friendly_name"": ""UPNP IGD Data received""}"
2025-07-28T03:20:09.241627,sensor.upnp_igd_data_sent,4066031327,4066112208,"{""state_class"": ""total_increasing"", ""unit_of_measurement"": ""B"", ""device_class"": ""data_size"", ""friendly_name"": ""UPNP IGD Data sent""}"
2025-07-28T03:20:09.243880,sensor.upnp_igd_packets_received,46215242,46216554,"{""state_class"": ""total_increasing"", ""unit_of_measurement"": ""packets"", ""friendly_name"": ""UPNP IGD Packets received""}"
2025-07-28T03:20:09.245686,sensor.upnp_igd_packets_sent,14957655,14957957,"{""state_class"": ""total_increasing"", ""unit_of_measurement"": ""packets"", ""friendly_name"": ""UPNP IGD Packets sent""}"
2025-07-28T03:20:09.247346,sensor.upnp_igd_uptime,500137,500167,"{""unit_of_measurement"": ""s"", ""device_class"": ""duration"", ""friendly_name"": ""UPNP IGD Uptime""}"
2025-07-28T03:20:09.249114,sensor.upnp_igd_download_speed,36.5232704786642,5.96361338258569,"{""state_class"": ""measurement"", ""unit_of_measurement"": ""KiB/s"", ""device_class"": ""data_rate"", ""friendly_name"": ""UPNP IGD Download speed""}"
2025-07-28T03:20:09.250862,sensor.upnp_igd_upload_speed,15.039960732853,2.63280485792917,"{""state_class"": ""measurement"", ""unit_of_measurement"": ""KiB/s"", ""device_class"": ""data_rate"", ""friendly_name"": ""UPNP IGD Upload speed""}"
2025-07-28T03:20:09.252618,sensor.upnp_igd_packet_download_speed,89.9016721711024,43.7326656813039,"{""state_class"": ""measurement"", ""unit_of_measurement"": ""packets/s"", ""friendly_name"": ""UPNP IGD Packet download speed""}"
2025-07-28T03:20:09.254309,sensor.upnp_igd_packet_upload_speed,47.1675439829848,10.0665129845684,"{""state_class"": ""measurement"", ""unit_of_measurement"": ""packets/s"", ""friendly_name"": ""UPNP IGD Packet upload speed""}"
2025-07-28T03:20:10.259965,automation.aut_status_bruno,on,on,"{""id"": ""1751855857509"", ""last_triggered"": ""2025-07-28T06:20:10.252470+00:00"", ""mode"": ""single"", ""current"": 1, ""friendly_name"": ""aut-status-bruno""}"
2025-07-28T03:20:10.262408,input_boolean.trabalhando,on,off,"{""editable"": true, ""icon"": ""mdi:toggle-switch"", ""friendly_name"": ""trabalhando?""}"
2025-07-28T03:20:10.263920,automation.aut_status_bruno,on,on,"{""id"": ""1751855857509"", ""last_triggered"": ""2025-07-28T06:20:10.252470+00:00"", ""mode"": ""single"", ""current"": 0, ""friendly_name"": ""aut-status-bruno""}"
2025-07-28T03:20:35.015001,sun.sun,below_horizon,below_horizon,"{""next_dawn"": ""2025-07-28T08:32:29.194463+00:00"", ""next_dusk"": ""2025-07-28T20:48:48.554389+00:00"", ""next_midnight"": ""2025-07-29T02:40:33+00:00"", ""next_noon"": ""2025-07-28T14:40:36+00:00"", ""next_rising"": ""2025-07-28T08:55:17.543084+00:00"", ""next_setting"": ""2025-07-28T20:26:00.664558+00:00"", ""elevation"": -36.98, ""azimuth"": 75.97, ""rising"": true, ""friendly_name"": ""Sun""}"
2025-07-28T03:20:39.237626,sensor.upnp_igd_data_received,2454526468,2454612695,"{""state_class"": ""total_increasing"", ""unit_of_measurement"": ""B"", ""device_class"": ""data_size"", ""friendly_name"": ""UPNP IGD Data received""}"
2025-07-28T03:20:39.240440,sensor.upnp_igd_data_sent,4066112208,4066132009,"{""state_class"": ""total_increasing"", ""unit_of_measurement"": ""B"", ""device_class"": ""data_size"", ""friendly_name"": ""UPNP IGD Data sent""}"
2025-07-28T03:20:39.241943,sensor.upnp_igd_packets_received,46216554,46217642,"{""state_class"": ""total_increasing"", ""unit_of_measurement"": ""packets"", ""friendly_name"": ""UPNP IGD Packets received""}"
2025-07-28T03:20:39.243371,sensor.upnp_igd_packets_sent,14957957,14958030,"{""state_class"": ""total_increasing"", ""unit_of_measurement"": ""packets"", ""friendly_name"": ""UPNP IGD Packets sent""}"
2025-07-28T03:20:39.244786,sensor.upnp_igd_uptime,500167,500197,"{""unit_of_measurement"": ""s"", ""device_class"": ""duration"", ""friendly_name"": ""UPNP IGD Uptime""}"
2025-07-28T03:20:39.246295,sensor.upnp_igd_download_speed,5.96361338258569,2.80687120289216,"{""state_class"": ""measurement"", ""unit_of_measurement"": ""KiB/s"", ""device_class"": ""data_rate"", ""friendly_name"": ""UPNP IGD Download speed""}"
2025-07-28T03:20:39.247750,sensor.upnp_igd_upload_speed,2.63280485792917,0.644564425162278,"{""state_class"": ""measurement"", ""unit_of_measurement"": ""KiB/s"", ""device_class"": ""data_rate"", ""friendly_name"": ""UPNP IGD Upload speed""}"
2025-07-28T03:20:39.249132,sensor.upnp_igd_packet_download_speed,43.7326656813039,36.2667017244783,"{""state_class"": ""measurement"", ""unit_of_measurement"": ""packets/s"", ""friendly_name"": ""UPNP IGD Packet download speed""}"
2025-07-28T03:20:39.250499,sensor.upnp_igd_packet_upload_speed,10.0665129845684,2.43333568555783,"{""state_class"": ""measurement"", ""unit_of_measurement"": ""packets/s"", ""friendly_name"": ""UPNP IGD Packet upload speed""}"
2025-07-28T03:21:09.238928,sensor.upnp_igd_data_received,2454612695,2454694069,"{""state_class"": ""total_increasing"", ""unit_of_measurement"": ""B"", ""device_class"": ""data_size"", ""friendly_name"": ""UPNP IGD Data received""}"
2025-07-28T03:21:09.241393,sensor.upnp_igd_data_sent,4066132009,4066158735,"{""state_class"": ""total_increasing"", ""unit_of_measurement"": ""B"", ""device_class"": ""data_size"", ""friendly_name"": ""UPNP IGD Data sent""}"
2025-07-28T03:21:09.242861,sensor.upnp_igd_packets_received,46217642,46218724,"{""state_class"": ""total_increasing"", ""unit_of_measurement"": ""packets"", ""friendly_name"": ""UPNP IGD Packets received""}"
2025-07-28T03:21:09.244352,sensor.upnp_igd_packets_sent,14958030,14958128,"{""state_class"": ""total_increasing"", ""unit_of_measurement"": ""packets"", ""friendly_name"": ""UPNP IGD Packets sent""}"
2025-07-28T03:21:09.245739,sensor.upnp_igd_uptime,500197,500227,"{""unit_of_measurement"": ""s"", ""device_class"": ""duration"", ""friendly_name"": ""UPNP IGD Uptime""}"
2025-07-28T03:21:09.247415,sensor.upnp_igd_download_speed,2.80687120289216,2.64891459707775,"{""state_class"": ""measurement"", ""unit_of_measurement"": ""KiB/s"", ""device_class"": ""data_rate"", ""friendly_name"": ""UPNP IGD Download speed""}"
2025-07-28T03:21:09.290453,sensor.upnp_igd_upload_speed,0.644564425162278,0.869993997118243,"{""state_class"": ""measurement"", ""unit_of_measurement"": ""KiB/s"", ""device_class"": ""data_rate"", ""friendly_name"": ""UPNP IGD Upload speed""}"
2025-07-28T03:21:09.292117,sensor.upnp_igd_packet_download_speed,36.2667017244783,36.0669576067914,"{""state_class"": ""measurement"", ""unit_of_measurement"": ""packets/s"", ""friendly_name"": ""UPNP IGD Packet download speed""}"
2025-07-28T03:21:09.293536,sensor.upnp_igd_packet_upload_speed,2.43333568555783,3.26669301799035,"{""state_class"": ""measurement"", ""unit_of_measurement"": ""packets/s"", ""friendly_name"": ""UPNP IGD Packet upload speed""}"
2025-07-28T03:21:10.258593,automation.aut_status_bruno,on,on,"{""id"": ""1751855857509"", ""last_triggered"": ""2025-07-28T06:21:10.252241+00:00"", ""mode"": ""single"", ""current"": 1, ""friendly_name"": ""aut-status-bruno""}"
2025-07-28T03:21:10.260987,automation.aut_status_bruno,on,on,"{""id"": ""1751855857509"", ""last_triggered"": ""2025-07-28T06:21:10.252241+00:00"", ""mode"": ""single"", ""current"": 0, ""friendly_name"": ""aut-status-bruno""}"
2025-07-28T03:21:39.252224,sensor.upnp_igd_data_received,2454694069,2454840333,"{""state_class"": ""total_increasing"", ""unit_of_measurement"": ""B"", ""device_class"": ""data_size"", ""friendly_name"": ""UPNP IGD Data received""}"
2025-07-28T03:21:39.254830,sensor.upnp_igd_data_sent,4066158735,4066200708,"{""state_class"": ""total_increasing"", ""unit_of_measurement"": ""B"", ""device_class"": ""data_size"", ""friendly_name"": ""UPNP IGD Data sent""}"
2025-07-28T03:21:39.256500,sensor.upnp_igd_packets_received,46218724,46219943,"{""state_class"": ""total_increasing"", ""unit_of_measurement"": ""packets"", ""friendly_name"": ""UPNP IGD Packets received""}"
2025-07-28T03:21:39.258245,sensor.upnp_igd_packets_sent,14958128,14958343,"{""state_class"": ""total_increasing"", ""unit_of_measurement"": ""packets"", ""friendly_name"": ""UPNP IGD Packets sent""}"
2025-07-28T03:21:39.261004,sensor.upnp_igd_uptime,500227,500257,"{""unit_of_measurement"": ""s"", ""device_class"": ""duration"", ""friendly_name"": ""UPNP IGD Uptime""}"
2025-07-28T03:21:39.262672,sensor.upnp_igd_download_speed,2.64891459707775,4.76123013432391,"{""state_class"": ""measurement"", ""unit_of_measurement"": ""KiB/s"", ""device_class"": ""data_rate"", ""friendly_name"": ""UPNP IGD Download speed""}"
2025-07-28T03:21:39.264288,sensor.upnp_igd_upload_speed,0.869993997118243,1.36631783916738,"{""state_class"": ""measurement"", ""unit_of_measurement"": ""KiB/s"", ""device_class"": ""data_rate"", ""friendly_name"": ""UPNP IGD Upload speed""}"
2025-07-28T03:21:39.265868,sensor.upnp_igd_packet_download_speed,36.0669576067914,40.6336082874161,"{""state_class"": ""measurement"", ""unit_of_measurement"": ""packets/s"", ""friendly_name"": ""UPNP IGD Packet download speed""}"
2025-07-28T03:21:39.267370,sensor.upnp_igd_packet_upload_speed,3.26669301799035,7.16671516143926,"{""state_class"": ""measurement"", ""unit_of_measurement"": ""packets/s"", ""friendly_name"": ""UPNP IGD Packet upload speed""}"
2025-07-28T03:22:09.239224,sensor.upnp_igd_data_received,2454840333,2454942918,"{""state_class"": ""total_increasing"", ""unit_of_measurement"": ""B"", ""device_class"": ""data_size"", ""friendly_name"": ""UPNP IGD Data received""}"
2025-07-28T03:22:09.241785,sensor.upnp_igd_data_sent,4066200708,4066246782,"{""state_class"": ""total_increasing"", ""unit_of_measurement"": ""B"", ""device_class"": ""data_size"", ""friendly_name"": ""UPNP IGD Data sent""}"
2025-07-28T03:22:09.243470,sensor.upnp_igd_packets_received,46219943,46221090,"{""state_class"": ""total_increasing"", ""unit_of_measurement"": ""packets"", ""friendly_name"": ""UPNP IGD Packets received""}"
2025-07-28T03:22:09.244940,sensor.upnp_igd_packets_sent,14958343,14958480,"{""state_class"": ""total_increasing"", ""unit_of_measurement"": ""packets"", ""friendly_name"": ""UPNP IGD Packets sent""}"
2025-07-28T03:22:09.246370,sensor.upnp_igd_uptime,500257,500287,"{""unit_of_measurement"": ""s"", ""device_class"": ""duration"", ""friendly_name"": ""UPNP IGD Uptime""}"
2025-07-28T03:22:09.248157,sensor.upnp_igd_download_speed,4.76123013432391,3.33930905235417,"{""state_class"": ""measurement"", ""unit_of_measurement"": ""KiB/s"", ""device_class"": ""data_rate"", ""friendly_name"": ""UPNP IGD Download speed""}"
2025-07-28T03:22:09.249991,sensor.upnp_igd_upload_speed,1.36631783916738,1.49978384050462,"{""state_class"": ""measurement"", ""unit_of_measurement"": ""KiB/s"", ""device_class"": ""data_rate"", ""friendly_name"": ""UPNP IGD Upload speed""}"
2025-07-28T03:22:09.251585,sensor.upnp_igd_packet_download_speed,40.6336082874161,38.232801897387,"{""state_class"": ""measurement"", ""unit_of_measurement"": ""packets/s"", ""friendly_name"": ""UPNP IGD Packet download speed""}"
2025-07-28T03:22:09.253007,sensor.upnp_igd_packet_upload_speed,7.16671516143926,4.56660319088231,"{""state_class"": ""measurement"", ""unit_of_measurement"": ""packets/s"", ""friendly_name"": ""UPNP IGD Packet upload speed""}"
2025-07-28T03:22:10.260023,automation.aut_status_bruno,on,on,"{""id"": ""1751855857509"", ""last_triggered"": ""2025-07-28T06:22:10.252846+00:00"", ""mode"": ""single"", ""current"": 1, ""friendly_name"": ""aut-status-bruno""}"
2025-07-28T03:22:10.262085,automation.aut_status_bruno,on,on,"{""id"": ""1751855857509"", ""last_triggered"": ""2025-07-28T06:22:10.252846+00:00"", ""mode"": ""single"", ""current"": 0, ""friendly_name"": ""aut-status-bruno""}"
2025-07-28T03:22:39.239259,sensor.upnp_igd_data_received,2454942918,2455025086,"{""state_class"": ""total_increasing"", ""unit_of_measurement"": ""B"", ""device_class"": ""data_size"", ""friendly_name"": ""UPNP IGD Data received""}"
2025-07-28T03:22:39.241854,sensor.upnp_igd_data_sent,4066246782,4066270447,"{""state_class"": ""total_increasing"", ""unit_of_measurement"": ""B"", ""device_class"": ""data_size"", ""friendly_name"": ""UPNP IGD Data sent""}"
2025-07-28T03:22:39.243570,sensor.upnp_igd_packets_received,46221090,46222134,"{""state_class"": ""total_increasing"", ""unit_of_measurement"": ""packets"", ""friendly_name"": ""UPNP IGD Packets received""}"
2025-07-28T03:22:39.245006,sensor.upnp_igd_packets_sent,14958480,14958571,"{""state_class"": ""total_increasing"", ""unit_of_measurement"": ""packets"", ""friendly_name"": ""UPNP IGD Packets sent""}"
2025-07-28T03:22:39.246378,sensor.upnp_igd_uptime,500287,500317,"{""unit_of_measurement"": ""s"", ""device_class"": ""duration"", ""friendly_name"": ""UPNP IGD Uptime""}"
2025-07-28T03:22:39.247850,sensor.upnp_igd_download_speed,3.33930905235417,2.67471479764288,"{""state_class"": ""measurement"", ""unit_of_measurement"": ""KiB/s"", ""device_class"": ""data_rate"", ""friendly_name"": ""UPNP IGD Download speed""}"
2025-07-28T03:22:39.249260,sensor.upnp_igd_upload_speed,1.49978384050462,0.770337913618667,"{""state_class"": ""measurement"", ""unit_of_measurement"": ""KiB/s"", ""device_class"": ""data_rate"", ""friendly_name"": ""UPNP IGD Upload speed""}"
2025-07-28T03:22:39.250666,sensor.upnp_igd_packet_download_speed,38.232801897387,34.7996775229883,"{""state_class"": ""measurement"", ""unit_of_measurement"": ""packets/s"", ""friendly_name"": ""UPNP IGD Packet download speed""}"
2025-07-28T03:22:39.252065,sensor.upnp_igd_packet_upload_speed,4.56660319088231,3.03330522470492,"{""state_class"": ""measurement"", ""unit_of_measurement"": ""packets/s"", ""friendly_name"": ""UPNP IGD Packet upload speed""}"
2025-07-28T03:22:53.109972,camera.192_168_0_33,idle,idle,"{""access_token"": ""3ec0168b88761af8deff440ed376f43878334e01d95037a4b6a35a56e9bc5514"", ""entity_picture"": ""/api/camera_proxy/camera.192_168_0_33?token=3ec0168b88761af8deff440ed376f43878334e01d95037a4b6a35a56e9bc5514"", ""friendly_name"": ""192_168_0_14"", ""supported_features"": 2}"
2025-07-28T03:22:53.111868,camera.admin_mainstream,idle,idle,"{""access_token"": ""741049d22c53cbf956df96b280f60bfd60e4a40738667a58827f5537a7060dfd"", ""entity_picture"": ""/api/camera_proxy/camera.admin_mainstream?token=741049d22c53cbf956df96b280f60bfd60e4a40738667a58827f5537a7060dfd"", ""friendly_name"": ""admin MainStream"", ""supported_features"": 2}"
2025-07-28T03:22:53.113505,camera.admin_substream,idle,idle,"{""access_token"": ""f609bf9d7e9ea82b5aa61a190358e748d0e69329b6868adeacd781eb25b1cc7c"", ""entity_picture"": ""/api/camera_proxy/camera.admin_substream?token=f609bf9d7e9ea82b5aa61a190358e748d0e69329b6868adeacd781eb25b1cc7c"", ""friendly_name"": ""admin SubStream"", ""supported_features"": 2}"
2025-07-28T03:23:09.237614,sensor.upnp_igd_data_received,2455025086,2455388494,"{""state_class"": ""total_increasing"", ""unit_of_measurement"": ""B"", ""device_class"": ""data_size"", ""friendly_name"": ""UPNP IGD Data received""}"
2025-07-28T03:23:09.240078,sensor.upnp_igd_data_sent,4066270447,4066293087,"{""state_class"": ""total_increasing"", ""unit_of_measurement"": ""B"", ""device_class"": ""data_size"", ""friendly_name"": ""UPNP IGD Data sent""}"
2025-07-28T03:23:09.241552,sensor.upnp_igd_packets_received,46222134,46223382,"{""state_class"": ""total_increasing"", ""unit_of_measurement"": ""packets"", ""friendly_name"": ""UPNP IGD Packets received""}"
2025-07-28T03:23:09.242921,sensor.upnp_igd_packets_sent,14958571,14958736,"{""state_class"": ""total_increasing"", ""unit_of_measurement"": ""packets"", ""friendly_name"": ""UPNP IGD Packets sent""}"
2025-07-28T03:23:09.244282,sensor.upnp_igd_uptime,500317,500347,"{""unit_of_measurement"": ""s"", ""device_class"": ""duration"", ""friendly_name"": ""UPNP IGD Uptime""}"
2025-07-28T03:23:09.245706,sensor.upnp_igd_download_speed,2.67471479764288,11.8299122683331,"{""state_class"": ""measurement"", ""unit_of_measurement"": ""KiB/s"", ""device_class"": ""data_rate"", ""friendly_name"": ""UPNP IGD Download speed""}"
2025-07-28T03:23:09.247106,sensor.upnp_igd_upload_speed,0.770337913618667,0.736993169536888,"{""state_class"": ""measurement"", ""unit_of_measurement"": ""KiB/s"", ""device_class"": ""data_rate"", ""friendly_name"": ""UPNP IGD Upload speed""}"
2025-07-28T03:23:09.248588,sensor.upnp_igd_packet_download_speed,34.7996775229883,41.6007904150179,"{""state_class"": ""measurement"", ""unit_of_measurement"": ""packets/s"", ""friendly_name"": ""UPNP IGD Packet download speed""}"
2025-07-28T03:23:09.250000,sensor.upnp_igd_packet_upload_speed,3.03330522470492,5.50010450198554,"{""state_class"": ""measurement"", ""unit_of_measurement"": ""packets/s"", ""friendly_name"": ""UPNP IGD Packet upload speed""}"
2025-07-28T03:23:10.260086,automation.aut_status_bruno,on,on,"{""id"": ""1751855857509"", ""last_triggered"": ""2025-07-28T06:23:10.252905+00:00"", ""mode"": ""single"", ""current"": 1, ""friendly_name"": ""aut-status-bruno""}"
2025-07-28T03:23:10.262350,automation.aut_status_bruno,on,on,"{""id"": ""1751855857509"", ""last_triggered"": ""2025-07-28T06:23:10.252905+00:00"", ""mode"": ""single"", ""current"": 0, ""friendly_name"": ""aut-status-bruno""}"
2025-07-28T03:23:39.257285,sensor.upnp_igd_data_received,2455388494,2455476238,"{""state_class"": ""total_increasing"", ""unit_of_measurement"": ""B"", ""device_class"": ""data_size"", ""friendly_name"": ""UPNP IGD Data received""}"
2025-07-28T03:23:39.260202,sensor.upnp_igd_data_sent,4066293087,4066316685,"{""state_class"": ""total_increasing"", ""unit_of_measurement"": ""B"", ""device_class"": ""data_size"", ""friendly_name"": ""UPNP IGD Data sent""}"
2025-07-28T03:23:39.261702,sensor.upnp_igd_packets_received,46223382,46224471,"{""state_class"": ""total_increasing"", ""unit_of_measurement"": ""packets"", ""friendly_name"": ""UPNP IGD Packets received""}"
2025-07-28T03:23:39.264080,sensor.upnp_igd_packets_sent,14958736,14958825,"{""state_class"": ""total_increasing"", ""unit_of_measurement"": ""packets"", ""friendly_name"": ""UPNP IGD Packets sent""}"
2025-07-28T03:23:39.265642,sensor.upnp_igd_uptime,500347,500377,"{""unit_of_measurement"": ""s"", ""device_class"": ""duration"", ""friendly_name"": ""UPNP IGD Uptime""}"
2025-07-28T03:23:39.267103,sensor.upnp_igd_download_speed,11.8299122683331,2.85622829266498,"{""state_class"": ""measurement"", ""unit_of_measurement"": ""KiB/s"", ""device_class"": ""data_rate"", ""friendly_name"": ""UPNP IGD Download speed""}"
2025-07-28T03:23:39.268625,sensor.upnp_igd_upload_speed,0.736993169536888,0.768158224497494,"{""state_class"": ""measurement"", ""unit_of_measurement"": ""KiB/s"", ""device_class"": ""data_rate"", ""friendly_name"": ""UPNP IGD Upload speed""}"
2025-07-28T03:23:39.270039,sensor.upnp_igd_packet_download_speed,41.6007904150179,36.2997241220967,"{""state_class"": ""measurement"", ""unit_of_measurement"": ""packets/s"", ""friendly_name"": ""UPNP IGD Packet download speed""}"
2025-07-28T03:23:39.271509,sensor.upnp_igd_packet_upload_speed,5.50010450198554,2.96664412017135,"{""state_class"": ""measurement"", ""unit_of_measurement"": ""packets/s"", ""friendly_name"": ""UPNP IGD Packet upload speed""}"
2025-07-28T03:24:09.245885,sensor.upnp_igd_data_received,2455476238,2455547188,"{""state_class"": ""total_increasing"", ""unit_of_measurement"": ""B"", ""device_class"": ""data_size"", ""friendly_name"": ""UPNP IGD Data received""}"
2025-07-28T03:24:09.248381,sensor.upnp_igd_data_sent,4066316685,4066323295,"{""state_class"": ""total_increasing"", ""unit_of_measurement"": ""B"", ""device_class"": ""data_size"", ""friendly_name"": ""UPNP IGD Data sent""}"
2025-07-28T03:24:09.249978,sensor.upnp_igd_packets_received,46224471,46225495,"{""state_class"": ""total_increasing"", ""unit_of_measurement"": ""packets"", ""friendly_name"": ""UPNP IGD Packets received""}"
2025-07-28T03:24:09.251455,sensor.upnp_igd_packets_sent,14958825,14958866,"{""state_class"": ""total_increasing"", ""unit_of_measurement"": ""packets"", ""friendly_name"": ""UPNP IGD Packets sent""}"
2025-07-28T03:24:09.252831,sensor.upnp_igd_uptime,500377,500407,"{""unit_of_measurement"": ""s"", ""device_class"": ""duration"", ""friendly_name"": ""UPNP IGD Uptime""}"
2025-07-28T03:24:09.254278,sensor.upnp_igd_download_speed,2.85622829266498,2.30959055991058,"{""state_class"": ""measurement"", ""unit_of_measurement"": ""KiB/s"", ""device_class"": ""data_rate"", ""friendly_name"": ""UPNP IGD Download speed""}"
2025-07-28T03:24:09.255757,sensor.upnp_igd_upload_speed,0.768158224497494,0.215171157167144,"{""state_class"": ""measurement"", ""unit_of_measurement"": ""KiB/s"", ""device_class"": ""data_rate"", ""friendly_name"": ""UPNP IGD Upload speed""}"
2025-07-28T03:24:09.257193,sensor.upnp_igd_packet_download_speed,36.2997241220967,34.1336325715122,"{""state_class"": ""measurement"", ""unit_of_measurement"": ""packets/s"", ""friendly_name"": ""UPNP IGD Packet download speed""}"
2025-07-28T03:24:09.258755,sensor.upnp_igd_packet_upload_speed,2.96664412017135,1.36667864788281,"{""state_class"": ""measurement"", ""unit_of_measurement"": ""packets/s"", ""friendly_name"": ""UPNP IGD Packet upload speed""}"
2025-07-28T03:24:10.259502,automation.aut_status_bruno,on,on,"{""id"": ""1751855857509"", ""last_triggered"": ""2025-07-28T06:24:10.252296+00:00"", ""mode"": ""single"", ""current"": 1, ""friendly_name"": ""aut-status-bruno""}"
2025-07-28T03:24:10.261610,automation.aut_status_bruno,on,on,"{""id"": ""1751855857509"", ""last_triggered"": ""2025-07-28T06:24:10.252296+00:00"", ""mode"": ""single"", ""current"": 0, ""friendly_name"": ""aut-status-bruno""}"
2025-07-28T03:24:39.238576,sensor.upnp_igd_data_received,2455547188,2455645715,"{""state_class"": ""total_increasing"", ""unit_of_measurement"": ""B"", ""device_class"": ""data_size"", ""friendly_name"": ""UPNP IGD Data received""}"
2025-07-28T03:24:39.241401,sensor.upnp_igd_data_sent,4066323295,4066351494,"{""state_class"": ""total_increasing"", ""unit_of_measurement"": ""B"", ""device_class"": ""data_size"", ""friendly_name"": ""UPNP IGD Data sent""}"
2025-07-28T03:24:39.242790,sensor.upnp_igd_packets_received,46225495,46226681,"{""state_class"": ""total_increasing"", ""unit_of_measurement"": ""packets"", ""friendly_name"": ""UPNP IGD Packets received""}"
2025-07-28T03:24:39.244941,sensor.upnp_igd_packets_sent,14958866,14959000,"{""state_class"": ""total_increasing"", ""unit_of_measurement"": ""packets"", ""friendly_name"": ""UPNP IGD Packets sent""}"
2025-07-28T03:24:39.246590,sensor.upnp_igd_uptime,500407,500437,"{""unit_of_measurement"": ""s"", ""device_class"": ""duration"", ""friendly_name"": ""UPNP IGD Uptime""}"
2025-07-28T03:24:39.248397,sensor.upnp_igd_download_speed,2.30959055991058,3.20721742075686,"{""state_class"": ""measurement"", ""unit_of_measurement"": ""KiB/s"", ""device_class"": ""data_rate"", ""friendly_name"": ""UPNP IGD Download speed""}"
2025-07-28T03:24:39.250151,sensor.upnp_igd_upload_speed,0.215171157167144,0.917924264901223,"{""state_class"": ""measurement"", ""unit_of_measurement"": ""KiB/s"", ""device_class"": ""data_rate"", ""friendly_name"": ""UPNP IGD Upload speed""}"
2025-07-28T03:24:39.251886,sensor.upnp_igd_packet_download_speed,34.1336325715122,39.532819406681,"{""state_class"": ""measurement"", ""unit_of_measurement"": ""packets/s"", ""friendly_name"": ""UPNP IGD Packet download speed""}"
2025-07-28T03:24:39.253550,sensor.upnp_igd_packet_upload_speed,1.36667864788281,4.46660860075486,"{""state_class"": ""measurement"", ""unit_of_measurement"": ""packets/s"", ""friendly_name"": ""UPNP IGD Packet upload speed""}"
2025-07-28T03:25:09.238739,sensor.upnp_igd_data_received,2455645715,2455775441,"{""state_class"": ""total_increasing"", ""unit_of_measurement"": ""B"", ""device_class"": ""data_size"", ""friendly_name"": ""UPNP IGD Data received""}"
2025-07-28T03:25:09.241301,sensor.upnp_igd_data_sent,4066351494,4066380180,"{""state_class"": ""total_increasing"", ""unit_of_measurement"": ""B"", ""device_class"": ""data_size"", ""friendly_name"": ""UPNP IGD Data sent""}"
2025-07-28T03:25:09.243442,sensor.upnp_igd_packets_received,46226681,46228016,"{""state_class"": ""total_increasing"", ""unit_of_measurement"": ""packets"", ""friendly_name"": ""UPNP IGD Packets received""}"
2025-07-28T03:25:09.244877,sensor.upnp_igd_packets_sent,14959000,14959130,"{""state_class"": ""total_increasing"", ""unit_of_measurement"": ""packets"", ""friendly_name"": ""UPNP IGD Packets sent""}"
2025-07-28T03:25:09.246046,sensor.upnp_igd_uptime,500437,500467,"{""unit_of_measurement"": ""s"", ""device_class"": ""duration"", ""friendly_name"": ""UPNP IGD Uptime""}"
2025-07-28T03:25:09.247248,sensor.upnp_igd_download_speed,3.20721742075686,4.22286704634584,"{""state_class"": ""measurement"", ""unit_of_measurement"": ""KiB/s"", ""device_class"": ""data_rate"", ""friendly_name"": ""UPNP IGD Download speed""}"
2025-07-28T03:25:09.249752,sensor.upnp_igd_upload_speed,0.917924264901223,0.933792486405783,"{""state_class"": ""measurement"", ""unit_of_measurement"": ""KiB/s"", ""device_class"": ""data_rate"", ""friendly_name"": ""UPNP IGD Upload speed""}"
2025-07-28T03:25:09.251542,sensor.upnp_igd_packet_download_speed,39.532819406681,44.5001631672649,"{""state_class"": ""measurement"", ""unit_of_measurement"": ""packets/s"", ""friendly_name"": ""UPNP IGD Packet download speed""}"
2025-07-28T03:25:09.253273,sensor.upnp_igd_packet_upload_speed,4.46660860075486,4.33334922228048,"{""state_class"": ""measurement"", ""unit_of_measurement"": ""packets/s"", ""friendly_name"": ""UPNP IGD Packet upload speed""}"
2025-07-28T03:25:10.259111,automation.aut_status_bruno,on,on,"{""id"": ""1751855857509"", ""last_triggered"": ""2025-07-28T06:25:10.252807+00:00"", ""mode"": ""single"", ""current"": 1, ""friendly_name"": ""aut-status-bruno""}"
2025-07-28T03:25:10.262948,automation.aut_status_bruno,on,on,"{""id"": ""1751855857509"", ""last_triggered"": ""2025-07-28T06:25:10.252807+00:00"", ""mode"": ""single"", ""current"": 0, ""friendly_name"": ""aut-status-bruno""}"
2025-07-28T03:25:39.239556,sensor.upnp_igd_data_received,2455775441,2455872654,"{""state_class"": ""total_increasing"", ""unit_of_measurement"": ""B"", ""device_class"": ""data_size"", ""friendly_name"": ""UPNP IGD Data received""}"
2025-07-28T03:25:39.242075,sensor.upnp_igd_data_sent,4066380180,4066397673,"{""state_class"": ""total_increasing"", ""unit_of_measurement"": ""B"", ""device_class"": ""data_size"", ""friendly_name"": ""UPNP IGD Data sent""}"
2025-07-28T03:25:39.243786,sensor.upnp_igd_packets_received,46228016,46229108,"{""state_class"": ""total_increasing"", ""unit_of_measurement"": ""packets"", ""friendly_name"": ""UPNP IGD Packets received""}"
2025-07-28T03:25:39.245188,sensor.upnp_igd_packets_sent,14959130,14959205,"{""state_class"": ""total_increasing"", ""unit_of_measurement"": ""packets"", ""friendly_name"": ""UPNP IGD Packets sent""}"
2025-07-28T03:25:39.246501,sensor.upnp_igd_uptime,500467,500497,"{""unit_of_measurement"": ""s"", ""device_class"": ""duration"", ""friendly_name"": ""UPNP IGD Uptime""}"
2025-07-28T03:25:39.248023,sensor.upnp_igd_download_speed,4.22286704634584,3.16454559247988,"{""state_class"": ""measurement"", ""unit_of_measurement"": ""KiB/s"", ""device_class"": ""data_rate"", ""friendly_name"": ""UPNP IGD Download speed""}"
2025-07-28T03:25:39.249461,sensor.upnp_igd_upload_speed,0.933792486405783,0.569444375230171,"{""state_class"": ""measurement"", ""unit_of_measurement"": ""KiB/s"", ""device_class"": ""data_rate"", ""friendly_name"": ""UPNP IGD Upload speed""}"
2025-07-28T03:25:39.250830,sensor.upnp_igd_packet_download_speed,44.5001631672649,36.4006891863819,"{""state_class"": ""measurement"", ""unit_of_measurement"": ""packets/s"", ""friendly_name"": ""UPNP IGD Packet download speed""}"
2025-07-28T03:25:39.252286,sensor.upnp_igd_packet_upload_speed,4.33334922228048,2.50004733422953,"{""state_class"": ""measurement"", ""unit_of_measurement"": ""packets/s"", ""friendly_name"": ""UPNP IGD Packet upload speed""}"
2025-07-28T03:26:09.239015,sensor.upnp_igd_data_received,2455872654,2455949690,"{""state_class"": ""total_increasing"", ""unit_of_measurement"": ""B"", ""device_class"": ""data_size"", ""friendly_name"": ""UPNP IGD Data received""}"
2025-07-28T03:26:09.241845,sensor.upnp_igd_data_sent,4066397673,4066410230,"{""state_class"": ""total_increasing"", ""unit_of_measurement"": ""B"", ""device_class"": ""data_size"", ""friendly_name"": ""UPNP IGD Data sent""}"
2025-07-28T03:26:09.243721,sensor.upnp_igd_packets_received,46229108,46230166,"{""state_class"": ""total_increasing"", ""unit_of_measurement"": ""packets"", ""friendly_name"": ""UPNP IGD Packets received""}"
2025-07-28T03:26:09.245246,sensor.upnp_igd_packets_sent,14959205,14959284,"{""state_class"": ""total_increasing"", ""unit_of_measurement"": ""packets"", ""friendly_name"": ""UPNP IGD Packets sent""}"
2025-07-28T03:26:09.246558,sensor.upnp_igd_uptime,500497,500527,"{""unit_of_measurement"": ""s"", ""device_class"": ""duration"", ""friendly_name"": ""UPNP IGD Uptime""}"
2025-07-28T03:26:09.248156,sensor.upnp_igd_download_speed,3.16454559247988,2.50756334957845,"{""state_class"": ""measurement"", ""unit_of_measurement"": ""KiB/s"", ""device_class"": ""data_rate"", ""friendly_name"": ""UPNP IGD Download speed""}"
2025-07-28T03:26:09.249505,sensor.upnp_igd_upload_speed,0.569444375230171,0.408737122652482,"{""state_class"": ""measurement"", ""unit_of_measurement"": ""KiB/s"", ""device_class"": ""data_rate"", ""friendly_name"": ""UPNP IGD Upload speed""}"
2025-07-28T03:26:09.250741,sensor.upnp_igd_packet_download_speed,36.4006891863819,35.2649939304546,"{""state_class"": ""measurement"", ""unit_of_measurement"": ""packets/s"", ""friendly_name"": ""UPNP IGD Packet download speed""}"
2025-07-28T03:26:09.252021,sensor.upnp_igd_packet_upload_speed,2.50004733422953,2.63320843148007,"{""state_class"": ""measurement"", ""unit_of_measurement"": ""packets/s"", ""friendly_name"": ""UPNP IGD Packet upload speed""}"
2025-07-28T03:26:10.259813,automation.aut_status_bruno,on,on,"{""id"": ""1751855857509"", ""last_triggered"": ""2025-07-28T06:26:10.252737+00:00"", ""mode"": ""single"", ""current"": 1, ""friendly_name"": ""aut-status-bruno""}"
2025-07-28T03:26:10.261853,automation.aut_status_bruno,on,on,"{""id"": ""1751855857509"", ""last_triggered"": ""2025-07-28T06:26:10.252737+00:00"", ""mode"": ""single"", ""current"": 0, ""friendly_name"": ""aut-status-bruno""}"
2025-07-28T03:26:16.207139,sensor.tauntaum_energy,224.992,224.999,"{""state_class"": ""total_increasing"", ""unit_of_measurement"": ""kWh"", ""device_class"": ""energy"", ""friendly_name"": ""Tauntaum Energy""}"
2025-07-28T03:26:16.209585,sensor.tauntaum_power,34,34,"{""state_class"": ""measurement"", ""power_consumption_start"": ""2025-07-28T06:13:59Z"", ""power_consumption_end"": ""2025-07-28T06:26:16Z"", ""unit_of_measurement"": ""W"", ""device_class"": ""power"", ""friendly_name"": ""Tauntaum Power""}"
2025-07-28T03:26:16.211429,sensor.tauntaum_energy_difference,0.01,0.007,"{""state_class"": ""total"", ""unit_of_measurement"": ""kWh"", ""device_class"": ""energy"", ""friendly_name"": ""Tauntaum Energy difference""}"
2025-07-28T03:26:16.212950,sensor.tauntaum_power_energy,0.00912063055535157,0.0069617644446426,"{""state_class"": ""total"", ""unit_of_measurement"": ""kWh"", ""device_class"": ""energy"", ""friendly_name"": ""Tauntaum Power energy""}"
2025-07-28T03:26:39.240063,sensor.upnp_igd_data_received,2455949690,2456080123,"{""state_class"": ""total_increasing"", ""unit_of_measurement"": ""B"", ""device_class"": ""data_size"", ""friendly_name"": ""UPNP IGD Data received""}"
2025-07-28T03:26:39.243459,sensor.upnp_igd_data_sent,4066410230,4066456180,"{""state_class"": ""total_increasing"", ""unit_of_measurement"": ""B"", ""device_class"": ""data_size"", ""friendly_name"": ""UPNP IGD Data sent""}"
2025-07-28T03:26:39.245015,sensor.upnp_igd_packets_received,46230166,46231355,"{""state_class"": ""total_increasing"", ""unit_of_measurement"": ""packets"", ""friendly_name"": ""UPNP IGD Packets received""}"
2025-07-28T03:26:39.246250,sensor.upnp_igd_packets_sent,14959284,14959512,"{""state_class"": ""total_increasing"", ""unit_of_measurement"": ""packets"", ""friendly_name"": ""UPNP IGD Packets sent""}"
2025-07-28T03:26:39.248226,sensor.upnp_igd_uptime,500527,500557,"{""unit_of_measurement"": ""s"", ""device_class"": ""duration"", ""friendly_name"": ""UPNP IGD Uptime""}"
2025-07-28T03:26:39.250006,sensor.upnp_igd_download_speed,2.50756334957845,4.24593438649144,"{""state_class"": ""measurement"", ""unit_of_measurement"": ""KiB/s"", ""device_class"": ""data_rate"", ""friendly_name"": ""UPNP IGD Download speed""}"
2025-07-28T03:26:39.251866,sensor.upnp_igd_upload_speed,0.408737122652482,1.49579236128343,"{""state_class"": ""measurement"", ""unit_of_measurement"": ""KiB/s"", ""device_class"": ""data_rate"", ""friendly_name"": ""UPNP IGD Upload speed""}"
2025-07-28T03:26:39.254021,sensor.upnp_igd_packet_download_speed,35.2649939304546,39.6339727614272,"{""state_class"": ""measurement"", ""unit_of_measurement"": ""packets/s"", ""friendly_name"": ""UPNP IGD Packet download speed""}"
2025-07-28T03:26:39.256248,sensor.upnp_igd_packet_upload_speed,2.63320843148007,7.60012261531153,"{""state_class"": ""measurement"", ""unit_of_measurement"": ""packets/s"", ""friendly_name"": ""UPNP IGD Packet upload speed""}"
2025-07-28T03:27:09.251955,sensor.upnp_igd_data_received,2456080123,2456151421,"{""state_class"": ""total_increasing"", ""unit_of_measurement"": ""B"", ""device_class"": ""data_size"", ""friendly_name"": ""UPNP IGD Data received""}"
2025-07-28T03:27:09.254769,sensor.upnp_igd_data_sent,4066456180,4066464204,"{""state_class"": ""total_increasing"", ""unit_of_measurement"": ""B"", ""device_class"": ""data_size"", ""friendly_name"": ""UPNP IGD Data sent""}"
2025-07-28T03:27:09.256339,sensor.upnp_igd_packets_received,46231355,46232365,"{""state_class"": ""total_increasing"", ""unit_of_measurement"": ""packets"", ""friendly_name"": ""UPNP IGD Packets received""}"
2025-07-28T03:27:09.257733,sensor.upnp_igd_packets_sent,14959512,14959561,"{""state_class"": ""total_increasing"", ""unit_of_measurement"": ""packets"", ""friendly_name"": ""UPNP IGD Packets sent""}"
2025-07-28T03:27:09.259083,sensor.upnp_igd_uptime,500557,500587,"{""unit_of_measurement"": ""s"", ""device_class"": ""duration"", ""friendly_name"": ""UPNP IGD Uptime""}"
2025-07-28T03:27:09.260619,sensor.upnp_igd_download_speed,4.24593438649144,2.32094493376351,"{""state_class"": ""measurement"", ""unit_of_measurement"": ""KiB/s"", ""device_class"": ""data_rate"", ""friendly_name"": ""UPNP IGD Download speed""}"
2025-07-28T03:27:09.262024,sensor.upnp_igd_upload_speed,1.49579236128343,0.261203149436427,"{""state_class"": ""measurement"", ""unit_of_measurement"": ""KiB/s"", ""device_class"": ""data_rate"", ""friendly_name"": ""UPNP IGD Upload speed""}"
2025-07-28T03:27:09.263455,sensor.upnp_igd_packet_download_speed,39.6339727614272,33.6673411357341,"{""state_class"": ""measurement"", ""unit_of_measurement"": ""packets/s"", ""friendly_name"": ""UPNP IGD Packet download speed""}"
2025-07-28T03:27:09.264872,sensor.upnp_igd_packet_upload_speed,7.60012261531153,1.63336605509997,"{""state_class"": ""measurement"", ""unit_of_measurement"": ""packets/s"", ""friendly_name"": ""UPNP IGD Packet upload speed""}"
2025-07-28T03:27:10.260517,automation.aut_status_bruno,on,on,"{""id"": ""1751855857509"", ""last_triggered"": ""2025-07-28T06:27:10.254105+00:00"", ""mode"": ""single"", ""current"": 1, ""friendly_name"": ""aut-status-bruno""}"
2025-07-28T03:27:10.262700,automation.aut_status_bruno,on,on,"{""id"": ""1751855857509"", ""last_triggered"": ""2025-07-28T06:27:10.254105+00:00"", ""mode"": ""single"", ""current"": 0, ""friendly_name"": ""aut-status-bruno""}"
2025-07-28T03:27:39.239130,sensor.upnp_igd_data_received,2456151421,2456319169,"{""state_class"": ""total_increasing"", ""unit_of_measurement"": ""B"", ""device_class"": ""data_size"", ""friendly_name"": ""UPNP IGD Data received""}"
2025-07-28T03:27:39.240952,sensor.upnp_igd_data_sent,4066464204,4066530625,"{""state_class"": ""total_increasing"", ""unit_of_measurement"": ""B"", ""device_class"": ""data_size"", ""friendly_name"": ""UPNP IGD Data sent""}"
2025-07-28T03:27:39.242598,sensor.upnp_igd_packets_received,46232365,46233537,"{""state_class"": ""total_increasing"", ""unit_of_measurement"": ""packets"", ""friendly_name"": ""UPNP IGD Packets received""}"
2025-07-28T03:27:39.244127,sensor.upnp_igd_packets_sent,14959561,14959783,"{""state_class"": ""total_increasing"", ""unit_of_measurement"": ""packets"", ""friendly_name"": ""UPNP IGD Packets sent""}"
2025-07-28T03:27:39.245479,sensor.upnp_igd_uptime,500587,500617,"{""unit_of_measurement"": ""s"", ""device_class"": ""duration"", ""friendly_name"": ""UPNP IGD Uptime""}"
2025-07-28T03:27:39.246874,sensor.upnp_igd_download_speed,2.32094493376351,5.46043275195548,"{""state_class"": ""measurement"", ""unit_of_measurement"": ""KiB/s"", ""device_class"": ""data_rate"", ""friendly_name"": ""UPNP IGD Download speed""}"
2025-07-28T03:27:39.248333,sensor.upnp_igd_upload_speed,0.261203149436427,2.16209673926148,"{""state_class"": ""measurement"", ""unit_of_measurement"": ""KiB/s"", ""device_class"": ""data_rate"", ""friendly_name"": ""UPNP IGD Upload speed""}"
2025-07-28T03:27:39.249755,sensor.upnp_igd_packet_download_speed,33.6673411357341,39.0658501903977,"{""state_class"": ""measurement"", ""unit_of_measurement"": ""packets/s"", ""friendly_name"": ""UPNP IGD Packet download speed""}"
2025-07-28T03:27:39.251085,sensor.upnp_igd_packet_upload_speed,1.63336605509997,7.39984534323233,"{""state_class"": ""measurement"", ""unit_of_measurement"": ""packets/s"", ""friendly_name"": ""UPNP IGD Packet upload speed""}"
2025-07-28T03:27:49.389686,media_player.dlna_b13_box,unavailable,unknown,"{""friendly_name"": ""DLNA-B13 Box"", ""supported_features"": 512575}"
2025-07-28T03:27:52.789214,media_player.dlna_b13_box,unknown,unavailable,"{""friendly_name"": ""DLNA-B13 Box"", ""supported_features"": 512575}"
2025-07-28T03:27:53.110664,camera.192_168_0_33,idle,idle,"{""access_token"": ""7417cb15203bf5bf1df9598171e9112900ecd27f41ee707546da6056b7472f72"", ""entity_picture"": ""/api/camera_proxy/camera.192_168_0_33?token=7417cb15203bf5bf1df9598171e9112900ecd27f41ee707546da6056b7472f72"", ""friendly_name"": ""192_168_0_14"", ""supported_features"": 2}"
2025-07-28T03:27:53.112421,camera.admin_mainstream,idle,idle,"{""access_token"": ""a0896d9beaef8345b33de69435ce526cb93d610ea8698631f079cc510e3697ae"", ""entity_picture"": ""/api/camera_proxy/camera.admin_mainstream?token=a0896d9beaef8345b33de69435ce526cb93d610ea8698631f079cc510e3697ae"", ""friendly_name"": ""admin MainStream"", ""supported_features"": 2}"
2025-07-28T03:27:53.114077,camera.admin_substream,idle,idle,"{""access_token"": ""9eb85a169e8f9849b8f0f33a3ca2343a83ea96dd23a9e4310401202a35b5b222"", ""entity_picture"": ""/api/camera_proxy/camera.admin_substream?token=9eb85a169e8f9849b8f0f33a3ca2343a83ea96dd23a9e4310401202a35b5b222"", ""friendly_name"": ""admin SubStream"", ""supported_features"": 2}"
2025-07-28T03:28:09.237926,sensor.upnp_igd_data_received,2456319169,2456661203,"{""state_class"": ""total_increasing"", ""unit_of_measurement"": ""B"", ""device_class"": ""data_size"", ""friendly_name"": ""UPNP IGD Data received""}"
2025-07-28T03:28:09.240678,sensor.upnp_igd_data_sent,4066530625,4066546718,"{""state_class"": ""total_increasing"", ""unit_of_measurement"": ""B"", ""device_class"": ""data_size"", ""friendly_name"": ""UPNP IGD Data sent""}"
2025-07-28T03:28:09.242322,sensor.upnp_igd_packets_received,46233537,46234796,"{""state_class"": ""total_increasing"", ""unit_of_measurement"": ""packets"", ""friendly_name"": ""UPNP IGD Packets received""}"
2025-07-28T03:28:09.243801,sensor.upnp_igd_packets_sent,14959783,14959919,"{""state_class"": ""total_increasing"", ""unit_of_measurement"": ""packets"", ""friendly_name"": ""UPNP IGD Packets sent""}"
2025-07-28T03:28:09.245159,sensor.upnp_igd_uptime,500617,500647,"{""unit_of_measurement"": ""s"", ""device_class"": ""duration"", ""friendly_name"": ""UPNP IGD Uptime""}"
2025-07-28T03:28:09.246599,sensor.upnp_igd_download_speed,5.46043275195548,11.134053621747,"{""state_class"": ""measurement"", ""unit_of_measurement"": ""KiB/s"", ""device_class"": ""data_rate"", ""friendly_name"": ""UPNP IGD Download speed""}"
2025-07-28T03:28:09.248033,sensor.upnp_igd_upload_speed,2.16209673926148,0.523866998411781,"{""state_class"": ""measurement"", ""unit_of_measurement"": ""KiB/s"", ""device_class"": ""data_rate"", ""friendly_name"": ""UPNP IGD Upload speed""}"
2025-07-28T03:28:09.249463,sensor.upnp_igd_packet_download_speed,39.0658501903977,41.967173070555,"{""state_class"": ""measurement"", ""unit_of_measurement"": ""packets/s"", ""friendly_name"": ""UPNP IGD Packet download speed""}"
2025-07-28T03:28:09.250806,sensor.upnp_igd_packet_upload_speed,7.39984534323233,4.53338803621564,"{""state_class"": ""measurement"", ""unit_of_measurement"": ""packets/s"", ""friendly_name"": ""UPNP IGD Packet upload speed""}"
2025-07-28T03:28:10.259017,automation.aut_status_bruno,on,on,"{""id"": ""1751855857509"", ""last_triggered"": ""2025-07-28T06:28:10.252578+00:00"", ""mode"": ""single"", ""current"": 1, ""friendly_name"": ""aut-status-bruno""}"
2025-07-28T03:28:10.262196,automation.aut_status_bruno,on,on,"{""id"": ""1751855857509"", ""last_triggered"": ""2025-07-28T06:28:10.252578+00:00"", ""mode"": ""single"", ""current"": 0, ""friendly_name"": ""aut-status-bruno""}"
2025-07-28T03:28:17.775920,weather.home,partlycloudy,partlycloudy,"{""temperature"": 23.8, ""temperature_unit"": ""\u00b0C"", ""pressure_unit"": ""hPa"", ""wind_bearing"": 189, ""wind_speed"": 2.2, ""wind_speed_unit"": ""km/h"", ""visibility_unit"": ""km"", ""precipitation_unit"": ""mm"", ""friendly_name"": ""Home"", ""supported_features"": 3}"
2025-07-28T03:28:39.239175,sensor.upnp_igd_data_received,2456661203,2456750948,"{""state_class"": ""total_increasing"", ""unit_of_measurement"": ""B"", ""device_class"": ""data_size"", ""friendly_name"": ""UPNP IGD Data received""}"
2025-07-28T03:28:39.241711,sensor.upnp_igd_data_sent,4066546718,4066571520,"{""state_class"": ""total_increasing"", ""unit_of_measurement"": ""B"", ""device_class"": ""data_size"", ""friendly_name"": ""UPNP IGD Data sent""}"
2025-07-28T03:28:39.243217,sensor.upnp_igd_packets_received,46234796,46235876,"{""state_class"": ""total_increasing"", ""unit_of_measurement"": ""packets"", ""friendly_name"": ""UPNP IGD Packets received""}"
2025-07-28T03:28:39.244743,sensor.upnp_igd_packets_sent,14959919,14960020,"{""state_class"": ""total_increasing"", ""unit_of_measurement"": ""packets"", ""friendly_name"": ""UPNP IGD Packets sent""}"
2025-07-28T03:28:39.246069,sensor.upnp_igd_uptime,500647,500677,"{""unit_of_measurement"": ""s"", ""device_class"": ""duration"", ""friendly_name"": ""UPNP IGD Uptime""}"
2025-07-28T03:28:39.247495,sensor.upnp_igd_download_speed,11.134053621747,2.92135458384958,"{""state_class"": ""measurement"", ""unit_of_measurement"": ""KiB/s"", ""device_class"": ""data_rate"", ""friendly_name"": ""UPNP IGD Download speed""}"
2025-07-28T03:28:39.248934,sensor.upnp_igd_upload_speed,0.523866998411781,0.807347890006543,"{""state_class"": ""measurement"", ""unit_of_measurement"": ""KiB/s"", ""device_class"": ""data_rate"", ""friendly_name"": ""UPNP IGD Upload speed""}"
2025-07-28T03:28:39.250310,sensor.upnp_igd_packet_download_speed,41.967173070555,35.999604004356,"{""state_class"": ""measurement"", ""unit_of_measurement"": ""packets/s"", ""friendly_name"": ""UPNP IGD Packet download speed""}"
2025-07-28T03:28:39.251714,sensor.upnp_igd_packet_upload_speed,4.53338803621564,3.3666296337407,"{""state_class"": ""measurement"", ""unit_of_measurement"": ""packets/s"", ""friendly_name"": ""UPNP IGD Packet upload speed""}"
2025-07-28T03:29:09.237909,sensor.upnp_igd_data_received,2456750948,2456824274,"{""state_class"": ""total_increasing"", ""unit_of_measurement"": ""B"", ""device_class"": ""data_size"", ""friendly_name"": ""UPNP IGD Data received""}"
2025-07-28T03:29:09.240361,sensor.upnp_igd_data_sent,4066571520,4066579734,"{""state_class"": ""total_increasing"", ""unit_of_measurement"": ""B"", ""device_class"": ""data_size"", ""friendly_name"": ""UPNP IGD Data sent""}"
2025-07-28T03:29:09.241995,sensor.upnp_igd_packets_received,46235876,46236928,"{""state_class"": ""total_increasing"", ""unit_of_measurement"": ""packets"", ""friendly_name"": ""UPNP IGD Packets received""}"
2025-07-28T03:29:09.243547,sensor.upnp_igd_packets_sent,14960020,14960073,"{""state_class"": ""total_increasing"", ""unit_of_measurement"": ""packets"", ""friendly_name"": ""UPNP IGD Packets sent""}"
2025-07-28T03:29:09.244892,sensor.upnp_igd_uptime,500677,500707,"{""unit_of_measurement"": ""s"", ""device_class"": ""duration"", ""friendly_name"": ""UPNP IGD Uptime""}"
2025-07-28T03:29:09.246292,sensor.upnp_igd_download_speed,2.92135458384958,2.38697317986909,"{""state_class"": ""measurement"", ""unit_of_measurement"": ""KiB/s"", ""device_class"": ""data_rate"", ""friendly_name"": ""UPNP IGD Download speed""}"
2025-07-28T03:29:09.247699,sensor.upnp_igd_upload_speed,0.807347890006543,0.267389434845003,"{""state_class"": ""measurement"", ""unit_of_measurement"": ""KiB/s"", ""device_class"": ""data_rate"", ""friendly_name"": ""UPNP IGD Upload speed""}"
2025-07-28T03:29:09.249103,sensor.upnp_igd_packet_download_speed,35.999604004356,35.0675351726211,"{""state_class"": ""measurement"", ""unit_of_measurement"": ""packets/s"", ""friendly_name"": ""UPNP IGD Packet download speed""}"
2025-07-28T03:29:09.250469,sensor.upnp_igd_packet_upload_speed,3.3666296337407,1.76671042219479,"{""state_class"": ""measurement"", ""unit_of_measurement"": ""packets/s"", ""friendly_name"": ""UPNP IGD Packet upload speed""}"
2025-07-28T03:29:10.259191,automation.aut_status_bruno,on,on,"{""id"": ""1751855857509"", ""last_triggered"": ""2025-07-28T06:29:10.252212+00:00"", ""mode"": ""single"", ""current"": 1, ""friendly_name"": ""aut-status-bruno""}"
2025-07-28T03:29:10.261593,automation.aut_status_bruno,on,on,"{""id"": ""1751855857509"", ""last_triggered"": ""2025-07-28T06:29:10.252212+00:00"", ""mode"": ""single"", ""current"": 0, ""friendly_name"": ""aut-status-bruno""}"
2025-07-28T03:29:39.240758,sensor.upnp_igd_data_received,2456824274,2456910640,"{""state_class"": ""total_increasing"", ""unit_of_measurement"": ""B"", ""device_class"": ""data_size"", ""friendly_name"": ""UPNP IGD Data received""}"
2025-07-28T03:29:39.243911,sensor.upnp_igd_data_sent,4066579734,4066601737,"{""state_class"": ""total_increasing"", ""unit_of_measurement"": ""B"", ""device_class"": ""data_size"", ""friendly_name"": ""UPNP IGD Data sent""}"
2025-07-28T03:29:39.245469,sensor.upnp_igd_packets_received,46236928,46238029,"{""state_class"": ""total_increasing"", ""unit_of_measurement"": ""packets"", ""friendly_name"": ""UPNP IGD Packets received""}"
2025-07-28T03:29:39.246935,sensor.upnp_igd_packets_sent,14960073,14960193,"{""state_class"": ""total_increasing"", ""unit_of_measurement"": ""packets"", ""friendly_name"": ""UPNP IGD Packets sent""}"
2025-07-28T03:29:39.248368,sensor.upnp_igd_uptime,500707,500737,"{""unit_of_measurement"": ""s"", ""device_class"": ""duration"", ""friendly_name"": ""UPNP IGD Uptime""}"
2025-07-28T03:29:39.249806,sensor.upnp_igd_download_speed,2.38697317986909,2.81137654833248,"{""state_class"": ""measurement"", ""unit_of_measurement"": ""KiB/s"", ""device_class"": ""data_rate"", ""friendly_name"": ""UPNP IGD Download speed""}"
2025-07-28T03:29:39.251198,sensor.upnp_igd_upload_speed,0.267389434845003,0.716239239897177,"{""state_class"": ""measurement"", ""unit_of_measurement"": ""KiB/s"", ""device_class"": ""data_rate"", ""friendly_name"": ""UPNP IGD Upload speed""}"
2025-07-28T03:29:39.252769,sensor.upnp_igd_packet_download_speed,35.0675351726211,36.6997822479587,"{""state_class"": ""measurement"", ""unit_of_measurement"": ""packets/s"", ""friendly_name"": ""UPNP IGD Packet download speed""}"
2025-07-28T03:29:39.254217,sensor.upnp_igd_packet_upload_speed,1.76671042219479,3.99997626680748,"{""state_class"": ""measurement"", ""unit_of_measurement"": ""packets/s"", ""friendly_name"": ""UPNP IGD Packet upload speed""}"
2025-07-28T03:30:09.256335,sensor.upnp_igd_data_received,2456910640,2457022692,"{""state_class"": ""total_increasing"", ""unit_of_measurement"": ""B"", ""device_class"": ""data_size"", ""friendly_name"": ""UPNP IGD Data received""}"
2025-07-28T03:30:09.259419,sensor.upnp_igd_data_sent,4066601737,4066636961,"{""state_class"": ""total_increasing"", ""unit_of_measurement"": ""B"", ""device_class"": ""data_size"", ""friendly_name"": ""UPNP IGD Data sent""}"
2025-07-28T03:30:09.261061,sensor.upnp_igd_packets_received,46238029,46239132,"{""state_class"": ""total_increasing"", ""unit_of_measurement"": ""packets"", ""friendly_name"": ""UPNP IGD Packets received""}"
2025-07-28T03:30:09.262473,sensor.upnp_igd_packets_sent,14960193,14960350,"{""state_class"": ""total_increasing"", ""unit_of_measurement"": ""packets"", ""friendly_name"": ""UPNP IGD Packets sent""}"
2025-07-28T03:30:09.263841,sensor.upnp_igd_uptime,500737,500767,"{""unit_of_measurement"": ""s"", ""device_class"": ""duration"", ""friendly_name"": ""UPNP IGD Uptime""}"
2025-07-28T03:30:09.265259,sensor.upnp_igd_download_speed,2.81137654833248,3.64752069196965,"{""state_class"": ""measurement"", ""unit_of_measurement"": ""KiB/s"", ""device_class"": ""data_rate"", ""friendly_name"": ""UPNP IGD Download speed""}"
2025-07-28T03:30:09.266642,sensor.upnp_igd_upload_speed,0.716239239897177,1.14661290163441,"{""state_class"": ""measurement"", ""unit_of_measurement"": ""KiB/s"", ""device_class"": ""data_rate"", ""friendly_name"": ""UPNP IGD Upload speed""}"
2025-07-28T03:30:09.268075,sensor.upnp_igd_packet_download_speed,36.6997822479587,36.7666127423013,"{""state_class"": ""measurement"", ""unit_of_measurement"": ""packets/s"", ""friendly_name"": ""UPNP IGD Packet download speed""}"
2025-07-28T03:30:09.269466,sensor.upnp_igd_packet_upload_speed,3.99997626680748,5.23332565778904,"{""state_class"": ""measurement"", ""unit_of_measurement"": ""packets/s"", ""friendly_name"": ""UPNP IGD Packet upload speed""}"
2025-07-28T03:30:10.260087,automation.aut_status_bruno,on,on,"{""id"": ""1751855857509"", ""last_triggered"": ""2025-07-28T06:30:10.252598+00:00"", ""mode"": ""single"", ""current"": 1, ""friendly_name"": ""aut-status-bruno""}"
2025-07-28T03:30:10.262092,automation.aut_status_bruno,on,on,"{""id"": ""1751855857509"", ""last_triggered"": ""2025-07-28T06:30:10.252598+00:00"", ""mode"": ""single"", ""current"": 0, ""friendly_name"": ""aut-status-bruno""}"
2025-07-28T03:30:39.239526,sensor.upnp_igd_data_received,2457022692,2457112357,"{""state_class"": ""total_increasing"", ""unit_of_measurement"": ""B"", ""device_class"": ""data_size"", ""friendly_name"": ""UPNP IGD Data received""}"
2025-07-28T03:30:39.243409,sensor.upnp_igd_data_sent,4066636961,4066660873,"{""state_class"": ""total_increasing"", ""unit_of_measurement"": ""B"", ""device_class"": ""data_size"", ""friendly_name"": ""UPNP IGD Data sent""}"
2025-07-28T03:30:39.244900,sensor.upnp_igd_packets_received,46239132,46240189,"{""state_class"": ""total_increasing"", ""unit_of_measurement"": ""packets"", ""friendly_name"": ""UPNP IGD Packets received""}"
2025-07-28T03:30:39.246144,sensor.upnp_igd_packets_sent,14960350,14960450,"{""state_class"": ""total_increasing"", ""unit_of_measurement"": ""packets"", ""friendly_name"": ""UPNP IGD Packets sent""}"
2025-07-28T03:30:39.247304,sensor.upnp_igd_uptime,500767,500797,"{""unit_of_measurement"": ""s"", ""device_class"": ""duration"", ""friendly_name"": ""UPNP IGD Uptime""}"
2025-07-28T03:30:39.248904,sensor.upnp_igd_download_speed,3.64752069196965,2.91872865289421,"{""state_class"": ""measurement"", ""unit_of_measurement"": ""KiB/s"", ""device_class"": ""data_rate"", ""friendly_name"": ""UPNP IGD Download speed""}"
2025-07-28T03:30:39.250304,sensor.upnp_igd_upload_speed,1.14661290163441,0.778371042748077,"{""state_class"": ""measurement"", ""unit_of_measurement"": ""KiB/s"", ""device_class"": ""data_rate"", ""friendly_name"": ""UPNP IGD Upload speed""}"
2025-07-28T03:30:39.251743,sensor.upnp_igd_packet_download_speed,36.7666127423013,35.2326827031261,"{""state_class"": ""measurement"", ""unit_of_measurement"": ""packets/s"", ""friendly_name"": ""UPNP IGD Packet download speed""}"
2025-07-28T03:30:39.253148,sensor.upnp_igd_packet_upload_speed,5.23332565778904,3.33327177891448,"{""state_class"": ""measurement"", ""unit_of_measurement"": ""packets/s"", ""friendly_name"": ""UPNP IGD Packet upload speed""}"
2025-07-28T03:31:09.251979,sensor.upnp_igd_data_received,2457112357,2457858866,"{""state_class"": ""total_increasing"", ""unit_of_measurement"": ""B"", ""device_class"": ""data_size"", ""friendly_name"": ""UPNP IGD Data received""}"
2025-07-28T03:31:09.257566,sensor.upnp_igd_data_sent,4066660873,4066717833,"{""state_class"": ""total_increasing"", ""unit_of_measurement"": ""B"", ""device_class"": ""data_size"", ""friendly_name"": ""UPNP IGD Data sent""}"
2025-07-28T03:31:09.260544,sensor.upnp_igd_packets_received,46240189,46241816,"{""state_class"": ""total_increasing"", ""unit_of_measurement"": ""packets"", ""friendly_name"": ""UPNP IGD Packets received""}"
2025-07-28T03:31:09.264473,sensor.upnp_igd_packets_sent,14960450,14960819,"{""state_class"": ""total_increasing"", ""unit_of_measurement"": ""packets"", ""friendly_name"": ""UPNP IGD Packets sent""}"
2025-07-28T03:31:09.267177,sensor.upnp_igd_uptime,500797,500827,"{""unit_of_measurement"": ""s"", ""device_class"": ""duration"", ""friendly_name"": ""UPNP IGD Uptime""}"
2025-07-28T03:31:09.272618,sensor.upnp_igd_download_speed,2.91872865289421,24.3007180257954,"{""state_class"": ""measurement"", ""unit_of_measurement"": ""KiB/s"", ""device_class"": ""data_rate"", ""friendly_name"": ""UPNP IGD Download speed""}"
2025-07-28T03:31:09.277393,sensor.upnp_igd_upload_speed,0.778371042748077,1.85418916416186,"{""state_class"": ""measurement"", ""unit_of_measurement"": ""KiB/s"", ""device_class"": ""data_rate"", ""friendly_name"": ""UPNP IGD Upload speed""}"
2025-07-28T03:31:09.281194,sensor.upnp_igd_packet_download_speed,35.2326827031261,54.2339913724287,"{""state_class"": ""measurement"", ""unit_of_measurement"": ""packets/s"", ""friendly_name"": ""UPNP IGD Packet download speed""}"
2025-07-28T03:31:09.284949,sensor.upnp_igd_packet_upload_speed,3.33327177891448,12.3001492418108,"{""state_class"": ""measurement"", ""unit_of_measurement"": ""packets/s"", ""friendly_name"": ""UPNP IGD Packet upload speed""}"
2025-07-28T03:31:10.260647,automation.aut_status_bruno,on,on,"{""id"": ""1751855857509"", ""last_triggered"": ""2025-07-28T06:31:10.252511+00:00"", ""mode"": ""single"", ""current"": 1, ""friendly_name"": ""aut-status-bruno""}"
2025-07-28T03:31:10.262732,automation.aut_status_bruno,on,on,"{""id"": ""1751855857509"", ""last_triggered"": ""2025-07-28T06:31:10.252511+00:00"", ""mode"": ""single"", ""current"": 0, ""friendly_name"": ""aut-status-bruno""}"
2025-07-28T03:31:39.239412,sensor.upnp_igd_data_received,2457858866,2457974238,"{""state_class"": ""total_increasing"", ""unit_of_measurement"": ""B"", ""device_class"": ""data_size"", ""friendly_name"": ""UPNP IGD Data received""}"
2025-07-28T03:31:39.241876,sensor.upnp_igd_data_sent,4066717833,4066766936,"{""state_class"": ""total_increasing"", ""unit_of_measurement"": ""B"", ""device_class"": ""data_size"", ""friendly_name"": ""UPNP IGD Data sent""}"
2025-07-28T03:31:39.243541,sensor.upnp_igd_packets_received,46241816,46242978,"{""state_class"": ""total_increasing"", ""unit_of_measurement"": ""packets"", ""friendly_name"": ""UPNP IGD Packets received""}"
2025-07-28T03:31:39.244982,sensor.upnp_igd_packets_sent,14960819,14961033,"{""state_class"": ""total_increasing"", ""unit_of_measurement"": ""packets"", ""friendly_name"": ""UPNP IGD Packets sent""}"
2025-07-28T03:31:39.246365,sensor.upnp_igd_uptime,500827,500857,"{""unit_of_measurement"": ""s"", ""device_class"": ""duration"", ""friendly_name"": ""UPNP IGD Uptime""}"
2025-07-28T03:31:39.247924,sensor.upnp_igd_download_speed,24.3007180257954,3.75558831749977,"{""state_class"": ""measurement"", ""unit_of_measurement"": ""KiB/s"", ""device_class"": ""data_rate"", ""friendly_name"": ""UPNP IGD Download speed""}"
2025-07-28T03:31:39.249329,sensor.upnp_igd_upload_speed,1.85418916416186,1.59840041911548,"{""state_class"": ""measurement"", ""unit_of_measurement"": ""KiB/s"", ""device_class"": ""data_rate"", ""friendly_name"": ""UPNP IGD Upload speed""}"
2025-07-28T03:31:39.250722,sensor.upnp_igd_packet_download_speed,54.2339913724287,38.7332235891998,"{""state_class"": ""measurement"", ""unit_of_measurement"": ""packets/s"", ""friendly_name"": ""UPNP IGD Packet download speed""}"
2025-07-28T03:31:39.252209,sensor.upnp_igd_packet_upload_speed,12.3001492418108,7.13331312227949,"{""state_class"": ""measurement"", ""unit_of_measurement"": ""packets/s"", ""friendly_name"": ""UPNP IGD Packet upload speed""}"
2025-07-28T03:32:09.238475,sensor.upnp_igd_data_received,2457974238,2458052775,"{""state_class"": ""total_increasing"", ""unit_of_measurement"": ""B"", ""device_class"": ""data_size"", ""friendly_name"": ""UPNP IGD Data received""}"
2025-07-28T03:32:09.241327,sensor.upnp_igd_data_sent,4066766936,4066779294,"{""state_class"": ""total_increasing"", ""unit_of_measurement"": ""B"", ""device_class"": ""data_size"", ""friendly_name"": ""UPNP IGD Data sent""}"
2025-07-28T03:32:09.242681,sensor.upnp_igd_packets_received,46242978,46244070,"{""state_class"": ""total_increasing"", ""unit_of_measurement"": ""packets"", ""friendly_name"": ""UPNP IGD Packets received""}"
2025-07-28T03:32:09.244104,sensor.upnp_igd_packets_sent,14961033,14961120,"{""state_class"": ""total_increasing"", ""unit_of_measurement"": ""packets"", ""friendly_name"": ""UPNP IGD Packets sent""}"
2025-07-28T03:32:09.245454,sensor.upnp_igd_uptime,500857,500887,"{""unit_of_measurement"": ""s"", ""device_class"": ""duration"", ""friendly_name"": ""UPNP IGD Uptime""}"
2025-07-28T03:32:09.246845,sensor.upnp_igd_download_speed,3.75558831749977,2.55652132353613,"{""state_class"": ""measurement"", ""unit_of_measurement"": ""KiB/s"", ""device_class"": ""data_rate"", ""friendly_name"": ""UPNP IGD Download speed""}"
2025-07-28T03:32:09.248299,sensor.upnp_igd_upload_speed,1.59840041911548,0.402275239902969,"{""state_class"": ""measurement"", ""unit_of_measurement"": ""KiB/s"", ""device_class"": ""data_rate"", ""friendly_name"": ""UPNP IGD Upload speed""}"
2025-07-28T03:32:09.249749,sensor.upnp_igd_packet_download_speed,38.7332235891998,36.3996918159426,"{""state_class"": ""measurement"", ""unit_of_measurement"": ""packets/s"", ""friendly_name"": ""UPNP IGD Packet download speed""}"
2025-07-28T03:32:09.251151,sensor.upnp_igd_packet_upload_speed,7.13331312227949,2.89997544687455,"{""state_class"": ""measurement"", ""unit_of_measurement"": ""packets/s"", ""friendly_name"": ""UPNP IGD Packet upload speed""}"
2025-07-28T03:32:10.261368,automation.aut_status_bruno,on,on,"{""id"": ""1751855857509"", ""last_triggered"": ""2025-07-28T06:32:10.252559+00:00"", ""mode"": ""single"", ""current"": 1, ""friendly_name"": ""aut-status-bruno""}"
2025-07-28T03:32:10.263646,automation.aut_status_bruno,on,on,"{""id"": ""1751855857509"", ""last_triggered"": ""2025-07-28T06:32:10.252559+00:00"", ""mode"": ""single"", ""current"": 0, ""friendly_name"": ""aut-status-bruno""}"
2025-07-28T03:32:39.257533,sensor.upnp_igd_data_received,2458052775,2458139826,"{""state_class"": ""total_increasing"", ""unit_of_measurement"": ""B"", ""device_class"": ""data_size"", ""friendly_name"": ""UPNP IGD Data received""}"
2025-07-28T03:32:39.260256,sensor.upnp_igd_data_sent,4066779294,4066800079,"{""state_class"": ""total_increasing"", ""unit_of_measurement"": ""B"", ""device_class"": ""data_size"", ""friendly_name"": ""UPNP IGD Data sent""}"
2025-07-28T03:32:39.261736,sensor.upnp_igd_packets_received,46244070,46245191,"{""state_class"": ""total_increasing"", ""unit_of_measurement"": ""packets"", ""friendly_name"": ""UPNP IGD Packets received""}"
2025-07-28T03:32:39.263212,sensor.upnp_igd_packets_sent,14961120,14961198,"{""state_class"": ""total_increasing"", ""unit_of_measurement"": ""packets"", ""friendly_name"": ""UPNP IGD Packets sent""}"
2025-07-28T03:32:39.264678,sensor.upnp_igd_uptime,500887,500917,"{""unit_of_measurement"": ""s"", ""device_class"": ""duration"", ""friendly_name"": ""UPNP IGD Uptime""}"
2025-07-28T03:32:39.266054,sensor.upnp_igd_download_speed,2.55652132353613,2.83373268428943,"{""state_class"": ""measurement"", ""unit_of_measurement"": ""KiB/s"", ""device_class"": ""data_rate"", ""friendly_name"": ""UPNP IGD Download speed""}"
2025-07-28T03:32:39.267592,sensor.upnp_igd_upload_speed,0.402275239902969,0.676604907961493,"{""state_class"": ""measurement"", ""unit_of_measurement"": ""KiB/s"", ""device_class"": ""data_rate"", ""friendly_name"": ""UPNP IGD Upload speed""}"
2025-07-28T03:32:39.268993,sensor.upnp_igd_packet_download_speed,36.3996918159426,37.3672109823733,"{""state_class"": ""measurement"", ""unit_of_measurement"": ""packets/s"", ""friendly_name"": ""UPNP IGD Packet download speed""}"
2025-07-28T03:32:39.270338,sensor.upnp_igd_packet_upload_speed,2.89997544687455,2.60003787388503,"{""state_class"": ""measurement"", ""unit_of_measurement"": ""packets/s"", ""friendly_name"": ""UPNP IGD Packet upload speed""}"
2025-07-28T03:32:53.111465,camera.192_168_0_33,idle,idle,"{""access_token"": ""a00f5d17fbd772b7957b1da50c6a54d12edbe6d82ce755628dd9a5b9554e665c"", ""entity_picture"": ""/api/camera_proxy/camera.192_168_0_33?token=a00f5d17fbd772b7957b1da50c6a54d12edbe6d82ce755628dd9a5b9554e665c"", ""friendly_name"": ""192_168_0_14"", ""supported_features"": 2}"
2025-07-28T03:32:53.113210,camera.admin_mainstream,idle,idle,"{""access_token"": ""716179b880d9003daf4d1693740ba59268d49325295298f6c66620fe64b58f3f"", ""entity_picture"": ""/api/camera_proxy/camera.admin_mainstream?token=716179b880d9003daf4d1693740ba59268d49325295298f6c66620fe64b58f3f"", ""friendly_name"": ""admin MainStream"", ""supported_features"": 2}"
2025-07-28T03:32:53.114792,camera.admin_substream,idle,idle,"{""access_token"": ""5f441b58f7e1f6e5f6e8a4c0cf56052a655abd29ef6c0a231d2dcec21e2d334e"", ""entity_picture"": ""/api/camera_proxy/camera.admin_substream?token=5f441b58f7e1f6e5f6e8a4c0cf56052a655abd29ef6c0a231d2dcec21e2d334e"", ""friendly_name"": ""admin SubStream"", ""supported_features"": 2}"
2025-07-28T03:33:09.237904,sensor.upnp_igd_data_received,2458139826,2458478790,"{""state_class"": ""total_increasing"", ""unit_of_measurement"": ""B"", ""device_class"": ""data_size"", ""friendly_name"": ""UPNP IGD Data received""}"
2025-07-28T03:33:09.240252,sensor.upnp_igd_data_sent,4066800079,4066813899,"{""state_class"": ""total_increasing"", ""unit_of_measurement"": ""B"", ""device_class"": ""data_size"", ""friendly_name"": ""UPNP IGD Data sent""}"
2025-07-28T03:33:09.241818,sensor.upnp_igd_packets_received,46245191,46246414,"{""state_class"": ""total_increasing"", ""unit_of_measurement"": ""packets"", ""friendly_name"": ""UPNP IGD Packets received""}"
2025-07-28T03:33:09.243212,sensor.upnp_igd_packets_sent,14961198,14961306,"{""state_class"": ""total_increasing"", ""unit_of_measurement"": ""packets"", ""friendly_name"": ""UPNP IGD Packets sent""}"
2025-07-28T03:33:09.244905,sensor.upnp_igd_uptime,500917,500947,"{""unit_of_measurement"": ""s"", ""device_class"": ""duration"", ""friendly_name"": ""UPNP IGD Uptime""}"
2025-07-28T03:33:09.246312,sensor.upnp_igd_download_speed,2.83373268428943,11.0339965123962,"{""state_class"": ""measurement"", ""unit_of_measurement"": ""KiB/s"", ""device_class"": ""data_rate"", ""friendly_name"": ""UPNP IGD Download speed""}"
2025-07-28T03:33:09.247807,sensor.upnp_igd_upload_speed,0.676604907961493,0.449870286523982,"{""state_class"": ""measurement"", ""unit_of_measurement"": ""KiB/s"", ""device_class"": ""data_rate"", ""friendly_name"": ""UPNP IGD Upload speed""}"
2025-07-28T03:33:09.249236,sensor.upnp_igd_packet_download_speed,37.3672109823733,40.7667115100493,"{""state_class"": ""measurement"", ""unit_of_measurement"": ""packets/s"", ""friendly_name"": ""UPNP IGD Packet download speed""}"
2025-07-28T03:33:09.250612,sensor.upnp_igd_packet_upload_speed,2.60003787388503,3.60000396000436,"{""state_class"": ""measurement"", ""unit_of_measurement"": ""packets/s"", ""friendly_name"": ""UPNP IGD Packet upload speed""}"
2025-07-28T03:33:10.272953,automation.aut_status_bruno,on,on,"{""id"": ""1751855857509"", ""last_triggered"": ""2025-07-28T06:33:10.253744+00:00"", ""mode"": ""single"", ""current"": 1, ""friendly_name"": ""aut-status-bruno""}"
2025-07-28T03:33:10.278675,automation.aut_status_bruno,on,on,"{""id"": ""1751855857509"", ""last_triggered"": ""2025-07-28T06:33:10.253744+00:00"", ""mode"": ""single"", ""current"": 0, ""friendly_name"": ""aut-status-bruno""}"
2025-07-28T03:33:39.238151,sensor.upnp_igd_data_received,2458478790,2458560563,"{""state_class"": ""total_increasing"", ""unit_of_measurement"": ""B"", ""device_class"": ""data_size"", ""friendly_name"": ""UPNP IGD Data received""}"
2025-07-28T03:33:39.240626,sensor.upnp_igd_data_sent,4066813899,4066833206,"{""state_class"": ""total_increasing"", ""unit_of_measurement"": ""B"", ""device_class"": ""data_size"", ""friendly_name"": ""UPNP IGD Data sent""}"
2025-07-28T03:33:39.242257,sensor.upnp_igd_packets_received,46246414,46247460,"{""state_class"": ""total_increasing"", ""unit_of_measurement"": ""packets"", ""friendly_name"": ""UPNP IGD Packets received""}"
2025-07-28T03:33:39.243854,sensor.upnp_igd_packets_sent,14961306,14961411,"{""state_class"": ""total_increasing"", ""unit_of_measurement"": ""packets"", ""friendly_name"": ""UPNP IGD Packets sent""}"
2025-07-28T03:33:39.245477,sensor.upnp_igd_uptime,500947,500977,"{""unit_of_measurement"": ""s"", ""device_class"": ""duration"", ""friendly_name"": ""UPNP IGD Uptime""}"
2025-07-28T03:33:39.247381,sensor.upnp_igd_download_speed,11.0339965123962,2.66191469561987,"{""state_class"": ""measurement"", ""unit_of_measurement"": ""KiB/s"", ""device_class"": ""data_rate"", ""friendly_name"": ""UPNP IGD Download speed""}"
2025-07-28T03:33:39.249014,sensor.upnp_igd_upload_speed,0.449870286523982,0.628490908103321,"{""state_class"": ""measurement"", ""unit_of_measurement"": ""KiB/s"", ""device_class"": ""data_rate"", ""friendly_name"": ""UPNP IGD Upload speed""}"
2025-07-28T03:33:39.250468,sensor.upnp_igd_packet_download_speed,40.7667115100493,34.8671013431967,"{""state_class"": ""measurement"", ""unit_of_measurement"": ""packets/s"", ""friendly_name"": ""UPNP IGD Packet download speed""}"
2025-07-28T03:33:39.251920,sensor.upnp_igd_packet_upload_speed,3.60000396000436,3.5000436338773,"{""state_class"": ""measurement"", ""unit_of_measurement"": ""packets/s"", ""friendly_name"": ""UPNP IGD Packet upload speed""}"
2025-07-28T03:34:09.238727,sensor.upnp_igd_data_received,2458560563,2458634038,"{""state_class"": ""total_increasing"", ""unit_of_measurement"": ""B"", ""device_class"": ""data_size"", ""friendly_name"": ""UPNP IGD Data received""}"
2025-07-28T03:34:09.240692,sensor.upnp_igd_data_sent,4066833206,4066843412,"{""state_class"": ""total_increasing"", ""unit_of_measurement"": ""B"", ""device_class"": ""data_size"", ""friendly_name"": ""UPNP IGD Data sent""}"
2025-07-28T03:34:09.242534,sensor.upnp_igd_packets_received,46247460,46248482,"{""state_class"": ""total_increasing"", ""unit_of_measurement"": ""packets"", ""friendly_name"": ""UPNP IGD Packets received""}"
2025-07-28T03:34:09.244424,sensor.upnp_igd_packets_sent,14961411,14961475,"{""state_class"": ""total_increasing"", ""unit_of_measurement"": ""packets"", ""friendly_name"": ""UPNP IGD Packets sent""}"
2025-07-28T03:34:09.245864,sensor.upnp_igd_uptime,500977,501007,"{""unit_of_measurement"": ""s"", ""device_class"": ""duration"", ""friendly_name"": ""UPNP IGD Uptime""}"
2025-07-28T03:34:09.247280,sensor.upnp_igd_download_speed,2.66191469561987,2.39176440264215,"{""state_class"": ""measurement"", ""unit_of_measurement"": ""KiB/s"", ""device_class"": ""data_rate"", ""friendly_name"": ""UPNP IGD Download speed""}"
2025-07-28T03:34:09.248776,sensor.upnp_igd_upload_speed,0.628490908103321,0.332226573574219,"{""state_class"": ""measurement"", ""unit_of_measurement"": ""KiB/s"", ""device_class"": ""data_rate"", ""friendly_name"": ""UPNP IGD Upload speed""}"
2025-07-28T03:34:09.250163,sensor.upnp_igd_packet_download_speed,34.8671013431967,34.0666678022223,"{""state_class"": ""measurement"", ""unit_of_measurement"": ""packets/s"", ""friendly_name"": ""UPNP IGD Packet download speed""}"
2025-07-28T03:34:09.251570,sensor.upnp_igd_packet_upload_speed,3.5000436338773,2.13333340444445,"{""state_class"": ""measurement"", ""unit_of_measurement"": ""packets/s"", ""friendly_name"": ""UPNP IGD Packet upload speed""}"
2025-07-28T03:34:10.262812,automation.aut_status_bruno,on,on,"{""id"": ""1751855857509"", ""last_triggered"": ""2025-07-28T06:34:10.253907+00:00"", ""mode"": ""single"", ""current"": 1, ""friendly_name"": ""aut-status-bruno""}"
2025-07-28T03:34:10.264925,automation.aut_status_bruno,on,on,"{""id"": ""1751855857509"", ""last_triggered"": ""2025-07-28T06:34:10.253907+00:00"", ""mode"": ""single"", ""current"": 0, ""friendly_name"": ""aut-status-bruno""}"
2025-07-28T03:34:39.240399,sensor.upnp_igd_data_received,2458634038,2458728136,"{""state_class"": ""total_increasing"", ""unit_of_measurement"": ""B"", ""device_class"": ""data_size"", ""friendly_name"": ""UPNP IGD Data received""}"
2025-07-28T03:34:39.243219,sensor.upnp_igd_data_sent,4066843412,4066873957,"{""state_class"": ""total_increasing"", ""unit_of_measurement"": ""B"", ""device_class"": ""data_size"", ""friendly_name"": ""UPNP IGD Data sent""}"
2025-07-28T03:34:39.244848,sensor.upnp_igd_packets_received,46248482,46249578,"{""state_class"": ""total_increasing"", ""unit_of_measurement"": ""packets"", ""friendly_name"": ""UPNP IGD Packets received""}"
2025-07-28T03:34:39.246230,sensor.upnp_igd_packets_sent,14961475,14961569,"{""state_class"": ""total_increasing"", ""unit_of_measurement"": ""packets"", ""friendly_name"": ""UPNP IGD Packets sent""}"
2025-07-28T03:34:39.247630,sensor.upnp_igd_uptime,501007,501037,"{""unit_of_measurement"": ""s"", ""device_class"": ""duration"", ""friendly_name"": ""UPNP IGD Uptime""}"
2025-07-28T03:34:39.249117,sensor.upnp_igd_download_speed,2.39176440264215,3.06290624700018,"{""state_class"": ""measurement"", ""unit_of_measurement"": ""KiB/s"", ""device_class"": ""data_rate"", ""friendly_name"": ""UPNP IGD Download speed""}"
2025-07-28T03:34:39.250540,sensor.upnp_igd_upload_speed,0.332226573574219,0.994245056373359,"{""state_class"": ""measurement"", ""unit_of_measurement"": ""KiB/s"", ""device_class"": ""data_rate"", ""friendly_name"": ""UPNP IGD Upload speed""}"
2025-07-28T03:34:39.251957,sensor.upnp_igd_packet_download_speed,34.0666678022223,36.5311901701767,"{""state_class"": ""measurement"", ""unit_of_measurement"": ""packets/s"", ""friendly_name"": ""UPNP IGD Packet download speed""}"
2025-07-28T03:34:39.253383,sensor.upnp_igd_packet_upload_speed,2.13333340444445,3.13314952189472,"{""state_class"": ""measurement"", ""unit_of_measurement"": ""packets/s"", ""friendly_name"": ""UPNP IGD Packet upload speed""}"
2025-07-28T03:35:09.237617,sensor.upnp_igd_data_received,2458728136,2459317056,"{""state_class"": ""total_increasing"", ""unit_of_measurement"": ""B"", ""device_class"": ""data_size"", ""friendly_name"": ""UPNP IGD Data received""}"
2025-07-28T03:35:09.240385,sensor.upnp_igd_data_sent,4066873957,4067164476,"{""state_class"": ""total_increasing"", ""unit_of_measurement"": ""B"", ""device_class"": ""data_size"", ""friendly_name"": ""UPNP IGD Data sent""}"
2025-07-28T03:35:09.241893,sensor.upnp_igd_packets_received,46249578,46251807,"{""state_class"": ""total_increasing"", ""unit_of_measurement"": ""packets"", ""friendly_name"": ""UPNP IGD Packets received""}"
2025-07-28T03:35:09.243359,sensor.upnp_igd_packets_sent,14961569,14962760,"{""state_class"": ""total_increasing"", ""unit_of_measurement"": ""packets"", ""friendly_name"": ""UPNP IGD Packets sent""}"
2025-07-28T03:35:09.244744,sensor.upnp_igd_uptime,501037,501067,"{""unit_of_measurement"": ""s"", ""device_class"": ""duration"", ""friendly_name"": ""UPNP IGD Uptime""}"
2025-07-28T03:35:09.246164,sensor.upnp_igd_download_speed,3.06290624700018,19.1716273561713,"{""state_class"": ""measurement"", ""unit_of_measurement"": ""KiB/s"", ""device_class"": ""data_rate"", ""friendly_name"": ""UPNP IGD Download speed""}"
2025-07-28T03:35:09.247708,sensor.upnp_igd_upload_speed,0.994245056373359,9.45751886145405,"{""state_class"": ""measurement"", ""unit_of_measurement"": ""KiB/s"", ""device_class"": ""data_rate"", ""friendly_name"": ""UPNP IGD Upload speed""}"
2025-07-28T03:35:09.249192,sensor.upnp_igd_packet_download_speed,36.5311901701767,74.3040867247699,"{""state_class"": ""measurement"", ""unit_of_measurement"": ""packets/s"", ""friendly_name"": ""UPNP IGD Packet download speed""}"
2025-07-28T03:35:09.250618,sensor.upnp_igd_packet_upload_speed,3.13314952189472,39.7021836200991,"{""state_class"": ""measurement"", ""unit_of_measurement"": ""packets/s"", ""friendly_name"": ""UPNP IGD Packet upload speed""}"
2025-07-28T03:35:10.108781,sensor.tomada_mesa_de_trabalho_current,0.15,0.189,"{""state_class"": ""measurement"", ""unit_of_measurement"": ""A"", ""device_class"": ""current"", ""friendly_name"": ""Tomada mesa de trabalho Current""}"
2025-07-28T03:35:10.110330,sensor.tomada_mesa_de_trabalho_power,14.7,19.9,"{""state_class"": ""measurement"", ""unit_of_measurement"": ""W"", ""device_class"": ""power"", ""friendly_name"": ""Tomada mesa de trabalho Power""}"
2025-07-28T03:35:10.260084,automation.aut_status_bruno,on,on,"{""id"": ""1751855857509"", ""last_triggered"": ""2025-07-28T06:35:10.253141+00:00"", ""mode"": ""single"", ""current"": 1, ""friendly_name"": ""aut-status-bruno""}"
2025-07-28T03:35:10.262234,automation.aut_status_bruno,on,on,"{""id"": ""1751855857509"", ""last_triggered"": ""2025-07-28T06:35:10.253141+00:00"", ""mode"": ""single"", ""current"": 0, ""friendly_name"": ""aut-status-bruno""}"
2025-07-28T03:35:39.237539,sensor.upnp_igd_data_received,2459317056,2459827847,"{""state_class"": ""total_increasing"", ""unit_of_measurement"": ""B"", ""device_class"": ""data_size"", ""friendly_name"": ""UPNP IGD Data received""}"
2025-07-28T03:35:39.240072,sensor.upnp_igd_data_sent,4067164476,4067699730,"{""state_class"": ""total_increasing"", ""unit_of_measurement"": ""B"", ""device_class"": ""data_size"", ""friendly_name"": ""UPNP IGD Data sent""}"
2025-07-28T03:35:39.241721,sensor.upnp_igd_packets_received,46251807,46253912,"{""state_class"": ""total_increasing"", ""unit_of_measurement"": ""packets"", ""friendly_name"": ""UPNP IGD Packets received""}"
2025-07-28T03:35:39.243139,sensor.upnp_igd_packets_sent,14962760,14964008,"{""state_class"": ""total_increasing"", ""unit_of_measurement"": ""packets"", ""friendly_name"": ""UPNP IGD Packets sent""}"
2025-07-28T03:35:39.244610,sensor.upnp_igd_uptime,501067,501097,"{""unit_of_measurement"": ""s"", ""device_class"": ""duration"", ""friendly_name"": ""UPNP IGD Uptime""}"
2025-07-28T03:35:39.246105,sensor.upnp_igd_download_speed,19.1716273561713,16.627062900444,"{""state_class"": ""measurement"", ""unit_of_measurement"": ""KiB/s"", ""device_class"": ""data_rate"", ""friendly_name"": ""UPNP IGD Download speed""}"
2025-07-28T03:35:39.247588,sensor.upnp_igd_upload_speed,9.45751886145405,17.4233726234688,"{""state_class"": ""measurement"", ""unit_of_measurement"": ""KiB/s"", ""device_class"": ""data_rate"", ""friendly_name"": ""UPNP IGD Upload speed""}"
2025-07-28T03:35:39.249000,sensor.upnp_igd_packet_download_speed,74.3040867247699,70.1656188600917,"{""state_class"": ""measurement"", ""unit_of_measurement"": ""packets/s"", ""friendly_name"": ""UPNP IGD Packet download speed""}"
2025-07-28T03:35:39.250363,sensor.upnp_igd_packet_upload_speed,39.7021836200991,41.5993787826102,"{""state_class"": ""measurement"", ""unit_of_measurement"": ""packets/s"", ""friendly_name"": ""UPNP IGD Packet upload speed""}"
2025-07-28T03:36:09.258585,sensor.upnp_igd_data_received,2459827847,2460507096,"{""state_class"": ""total_increasing"", ""unit_of_measurement"": ""B"", ""device_class"": ""data_size"", ""friendly_name"": ""UPNP IGD Data received""}"
2025-07-28T03:36:09.260466,sensor.upnp_igd_data_sent,4067699730,4067816072,"{""state_class"": ""total_increasing"", ""unit_of_measurement"": ""B"", ""device_class"": ""data_size"", ""friendly_name"": ""UPNP IGD Data sent""}"
2025-07-28T03:36:09.261914,sensor.upnp_igd_packets_received,46253912,46255656,"{""state_class"": ""total_increasing"", ""unit_of_measurement"": ""packets"", ""friendly_name"": ""UPNP IGD Packets received""}"
2025-07-28T03:36:09.263906,sensor.upnp_igd_packets_sent,14964008,14964416,"{""state_class"": ""total_increasing"", ""unit_of_measurement"": ""packets"", ""friendly_name"": ""UPNP IGD Packets sent""}"
2025-07-28T03:36:09.265273,sensor.upnp_igd_uptime,501097,501127,"{""unit_of_measurement"": ""s"", ""device_class"": ""duration"", ""friendly_name"": ""UPNP IGD Uptime""}"
2025-07-28T03:36:09.266585,sensor.upnp_igd_download_speed,16.627062900444,22.1110076407963,"{""state_class"": ""measurement"", ""unit_of_measurement"": ""KiB/s"", ""device_class"": ""data_rate"", ""friendly_name"": ""UPNP IGD Download speed""}"
2025-07-28T03:36:09.268119,sensor.upnp_igd_upload_speed,17.4233726234688,3.78718091737423,"{""state_class"": ""measurement"", ""unit_of_measurement"": ""KiB/s"", ""device_class"": ""data_rate"", ""friendly_name"": ""UPNP IGD Upload speed""}"
2025-07-28T03:36:09.269572,sensor.upnp_igd_packet_download_speed,70.1656188600917,58.133432160168,"{""state_class"": ""measurement"", ""unit_of_measurement"": ""packets/s"", ""friendly_name"": ""UPNP IGD Packet download speed""}"
2025-07-28T03:36:09.270922,sensor.upnp_igd_packet_upload_speed,41.5993787826102,13.6000231200393,"{""state_class"": ""measurement"", ""unit_of_measurement"": ""packets/s"", ""friendly_name"": ""UPNP IGD Packet upload speed""}"
2025-07-28T03:36:10.259481,automation.aut_status_bruno,on,on,"{""id"": ""1751855857509"", ""last_triggered"": ""2025-07-28T06:36:10.252327+00:00"", ""mode"": ""single"", ""current"": 1, ""friendly_name"": ""aut-status-bruno""}"
2025-07-28T03:36:10.261649,automation.aut_status_bruno,on,on,"{""id"": ""1751855857509"", ""last_triggered"": ""2025-07-28T06:36:10.252327+00:00"", ""mode"": ""single"", ""current"": 0, ""friendly_name"": ""aut-status-bruno""}"
2025-07-28T03:36:39.252147,sensor.upnp_igd_data_received,2460507096,2460593249,"{""state_class"": ""total_increasing"", ""unit_of_measurement"": ""B"", ""device_class"": ""data_size"", ""friendly_name"": ""UPNP IGD Data received""}"
2025-07-28T03:36:39.254073,sensor.upnp_igd_data_sent,4067816072,4067831173,"{""state_class"": ""total_increasing"", ""unit_of_measurement"": ""B"", ""device_class"": ""data_size"", ""friendly_name"": ""UPNP IGD Data sent""}"
2025-07-28T03:36:39.255629,sensor.upnp_igd_packets_received,46255656,46256733,"{""state_class"": ""total_increasing"", ""unit_of_measurement"": ""packets"", ""friendly_name"": ""UPNP IGD Packets received""}"
2025-07-28T03:36:39.257014,sensor.upnp_igd_packets_sent,14964416,14964486,"{""state_class"": ""total_increasing"", ""unit_of_measurement"": ""packets"", ""friendly_name"": ""UPNP IGD Packets sent""}"
2025-07-28T03:36:39.258332,sensor.upnp_igd_uptime,501127,501157,"{""unit_of_measurement"": ""s"", ""device_class"": ""duration"", ""friendly_name"": ""UPNP IGD Uptime""}"
2025-07-28T03:36:39.259797,sensor.upnp_igd_download_speed,22.1110076407963,2.80447309688753,"{""state_class"": ""measurement"", ""unit_of_measurement"": ""KiB/s"", ""device_class"": ""data_rate"", ""friendly_name"": ""UPNP IGD Download speed""}"
2025-07-28T03:36:39.261380,sensor.upnp_igd_upload_speed,3.78718091737423,0.491571369959242,"{""state_class"": ""measurement"", ""unit_of_measurement"": ""KiB/s"", ""device_class"": ""data_rate"", ""friendly_name"": ""UPNP IGD Upload speed""}"
2025-07-28T03:36:39.263289,sensor.upnp_igd_packet_download_speed,58.133432160168,35.9001723208271,"{""state_class"": ""measurement"", ""unit_of_measurement"": ""packets/s"", ""friendly_name"": ""UPNP IGD Packet download speed""}"
2025-07-28T03:36:39.264867,sensor.upnp_igd_packet_upload_speed,13.6000231200393,2.33334453338709,"{""state_class"": ""measurement"", ""unit_of_measurement"": ""packets/s"", ""friendly_name"": ""UPNP IGD Packet upload speed""}"
2025-07-28T03:37:09.239074,sensor.upnp_igd_data_received,2460593249,2460670023,"{""state_class"": ""total_increasing"", ""unit_of_measurement"": ""B"", ""device_class"": ""data_size"", ""friendly_name"": ""UPNP IGD Data received""}"
2025-07-28T03:37:09.241887,sensor.upnp_igd_data_sent,4067831173,4067839229,"{""state_class"": ""total_increasing"", ""unit_of_measurement"": ""B"", ""device_class"": ""data_size"", ""friendly_name"": ""UPNP IGD Data sent""}"
2025-07-28T03:37:09.243298,sensor.upnp_igd_packets_received,46256733,46257826,"{""state_class"": ""total_increasing"", ""unit_of_measurement"": ""packets"", ""friendly_name"": ""UPNP IGD Packets received""}"
2025-07-28T03:37:09.245135,sensor.upnp_igd_packets_sent,14964486,14964543,"{""state_class"": ""total_increasing"", ""unit_of_measurement"": ""packets"", ""friendly_name"": ""UPNP IGD Packets sent""}"
2025-07-28T03:37:09.246786,sensor.upnp_igd_uptime,501157,501187,"{""unit_of_measurement"": ""s"", ""device_class"": ""duration"", ""friendly_name"": ""UPNP IGD Uptime""}"
2025-07-28T03:37:09.248575,sensor.upnp_igd_download_speed,2.80447309688753,2.49913723483216,"{""state_class"": ""measurement"", ""unit_of_measurement"": ""KiB/s"", ""device_class"": ""data_rate"", ""friendly_name"": ""UPNP IGD Download speed""}"
2025-07-28T03:37:09.250311,sensor.upnp_igd_upload_speed,0.491571369959242,0.262237861304711,"{""state_class"": ""measurement"", ""unit_of_measurement"": ""KiB/s"", ""device_class"": ""data_rate"", ""friendly_name"": ""UPNP IGD Upload speed""}"
2025-07-28T03:37:09.252112,sensor.upnp_igd_packet_download_speed,35.9001723208271,36.4330940893488,"{""state_class"": ""measurement"", ""unit_of_measurement"": ""packets/s"", ""friendly_name"": ""UPNP IGD Packet download speed""}"
2025-07-28T03:37:09.253805,sensor.upnp_igd_packet_upload_speed,2.33334453338709,1.89998752341526,"{""state_class"": ""measurement"", ""unit_of_measurement"": ""packets/s"", ""friendly_name"": ""UPNP IGD Packet upload speed""}"
2025-07-28T03:37:10.259235,automation.aut_status_bruno,on,on,"{""id"": ""1751855857509"", ""last_triggered"": ""2025-07-28T06:37:10.252695+00:00"", ""mode"": ""single"", ""current"": 1, ""friendly_name"": ""aut-status-bruno""}"
2025-07-28T03:37:10.261935,automation.aut_status_bruno,on,on,"{""id"": ""1751855857509"", ""last_triggered"": ""2025-07-28T06:37:10.252695+00:00"", ""mode"": ""single"", ""current"": 0, ""friendly_name"": ""aut-status-bruno""}"
2025-07-28T03:37:39.239485,sensor.upnp_igd_data_received,2460670023,2460753988,"{""state_class"": ""total_increasing"", ""unit_of_measurement"": ""B"", ""device_class"": ""data_size"", ""friendly_name"": ""UPNP IGD Data received""}"
2025-07-28T03:37:39.242251,sensor.upnp_igd_data_sent,4067839229,4067861890,"{""state_class"": ""total_increasing"", ""unit_of_measurement"": ""B"", ""device_class"": ""data_size"", ""friendly_name"": ""UPNP IGD Data sent""}"
2025-07-28T03:37:39.243813,sensor.upnp_igd_packets_received,46257826,46258864,"{""state_class"": ""total_increasing"", ""unit_of_measurement"": ""packets"", ""friendly_name"": ""UPNP IGD Packets received""}"
2025-07-28T03:37:39.245222,sensor.upnp_igd_packets_sent,14964543,14964625,"{""state_class"": ""total_increasing"", ""unit_of_measurement"": ""packets"", ""friendly_name"": ""UPNP IGD Packets sent""}"
2025-07-28T03:37:39.246580,sensor.upnp_igd_uptime,501187,501217,"{""unit_of_measurement"": ""s"", ""device_class"": ""duration"", ""friendly_name"": ""UPNP IGD Uptime""}"
2025-07-28T03:37:39.248008,sensor.upnp_igd_download_speed,2.49913723483216,2.73324943443882,"{""state_class"": ""measurement"", ""unit_of_measurement"": ""KiB/s"", ""device_class"": ""data_rate"", ""friendly_name"": ""UPNP IGD Download speed""}"
2025-07-28T03:37:39.249387,sensor.upnp_igd_upload_speed,0.262237861304711,0.737666473337916,"{""state_class"": ""measurement"", ""unit_of_measurement"": ""KiB/s"", ""device_class"": ""data_rate"", ""friendly_name"": ""UPNP IGD Upload speed""}"
2025-07-28T03:37:39.250771,sensor.upnp_igd_packet_download_speed,36.4330940893488,34.6001741542099,"{""state_class"": ""measurement"", ""unit_of_measurement"": ""packets/s"", ""friendly_name"": ""UPNP IGD Packet download speed""}"
2025-07-28T03:37:39.252192,sensor.upnp_igd_packet_upload_speed,1.89998752341526,2.73334709118036,"{""state_class"": ""measurement"", ""unit_of_measurement"": ""packets/s"", ""friendly_name"": ""UPNP IGD Packet upload speed""}"
2025-07-28T03:37:50.532406,media_player.dlna_b13_box,unavailable,unknown,"{""friendly_name"": ""DLNA-B13 Box"", ""supported_features"": 512575}"
2025-07-28T03:37:52.788191,media_player.dlna_b13_box,unknown,unavailable,"{""friendly_name"": ""DLNA-B13 Box"", ""supported_features"": 512575}"
2025-07-28T03:37:53.112606,camera.192_168_0_33,idle,idle,"{""access_token"": ""9379664ef8e8b8f3f97db2045cabbfdd43c87cf3cfce93f1709a6fc1b55f2c50"", ""entity_picture"": ""/api/camera_proxy/camera.192_168_0_33?token=9379664ef8e8b8f3f97db2045cabbfdd43c87cf3cfce93f1709a6fc1b55f2c50"", ""friendly_name"": ""192_168_0_14"", ""supported_features"": 2}"
2025-07-28T03:37:53.114338,camera.admin_mainstream,idle,idle,"{""access_token"": ""6aa7f4cfe5b94242f65bff6b16535e863402ee1db55fd38691e8fb0c6098b03f"", ""entity_picture"": ""/api/camera_proxy/camera.admin_mainstream?token=6aa7f4cfe5b94242f65bff6b16535e863402ee1db55fd38691e8fb0c6098b03f"", ""friendly_name"": ""admin MainStream"", ""supported_features"": 2}"
2025-07-28T03:37:53.115984,camera.admin_substream,idle,idle,"{""access_token"": ""ca9373710cf86db0d71da9ac965699a438a2a6ee7df0a427a6eda4767da5207e"", ""entity_picture"": ""/api/camera_proxy/camera.admin_substream?token=ca9373710cf86db0d71da9ac965699a438a2a6ee7df0a427a6eda4767da5207e"", ""friendly_name"": ""admin SubStream"", ""supported_features"": 2}"
2025-07-28T03:38:09.238801,sensor.upnp_igd_data_received,2460753988,2461093548,"{""state_class"": ""total_increasing"", ""unit_of_measurement"": ""B"", ""device_class"": ""data_size"", ""friendly_name"": ""UPNP IGD Data received""}"
2025-07-28T03:38:09.242354,sensor.upnp_igd_data_sent,4067861890,4067875454,"{""state_class"": ""total_increasing"", ""unit_of_measurement"": ""B"", ""device_class"": ""data_size"", ""friendly_name"": ""UPNP IGD Data sent""}"
2025-07-28T03:38:09.244030,sensor.upnp_igd_packets_received,46258864,46260100,"{""state_class"": ""total_increasing"", ""unit_of_measurement"": ""packets"", ""friendly_name"": ""UPNP IGD Packets received""}"
2025-07-28T03:38:09.245477,sensor.upnp_igd_packets_sent,14964625,14964732,"{""state_class"": ""total_increasing"", ""unit_of_measurement"": ""packets"", ""friendly_name"": ""UPNP IGD Packets sent""}"
2025-07-28T03:38:09.246789,sensor.upnp_igd_uptime,501217,501247,"{""unit_of_measurement"": ""s"", ""device_class"": ""duration"", ""friendly_name"": ""UPNP IGD Uptime""}"
2025-07-28T03:38:09.248246,sensor.upnp_igd_download_speed,2.73324943443882,11.0532793051853,"{""state_class"": ""measurement"", ""unit_of_measurement"": ""KiB/s"", ""device_class"": ""data_rate"", ""friendly_name"": ""UPNP IGD Download speed""}"
2025-07-28T03:38:09.249692,sensor.upnp_igd_upload_speed,0.737666473337916,0.441532219624025,"{""state_class"": ""measurement"", ""unit_of_measurement"": ""KiB/s"", ""device_class"": ""data_rate"", ""friendly_name"": ""UPNP IGD Upload speed""}"
2025-07-28T03:38:09.251051,sensor.upnp_igd_packet_download_speed,34.6001741542099,41.199604483797,"{""state_class"": ""measurement"", ""unit_of_measurement"": ""packets/s"", ""friendly_name"": ""UPNP IGD Packet download speed""}"
2025-07-28T03:38:09.252490,sensor.upnp_igd_packet_upload_speed,2.73334709118036,3.56663242699537,"{""state_class"": ""measurement"", ""unit_of_measurement"": ""packets/s"", ""friendly_name"": ""UPNP IGD Packet upload speed""}"
2025-07-28T03:38:10.263218,automation.aut_status_bruno,on,on,"{""id"": ""1751855857509"", ""last_triggered"": ""2025-07-28T06:38:10.253059+00:00"", ""mode"": ""single"", ""current"": 1, ""friendly_name"": ""aut-status-bruno""}"
2025-07-28T03:38:10.265862,automation.aut_status_bruno,on,on,"{""id"": ""1751855857509"", ""last_triggered"": ""2025-07-28T06:38:10.253059+00:00"", ""mode"": ""single"", ""current"": 0, ""friendly_name"": ""aut-status-bruno""}"
2025-07-28T03:38:39.256388,sensor.upnp_igd_data_received,2461093548,2461174909,"{""state_class"": ""total_increasing"", ""unit_of_measurement"": ""B"", ""device_class"": ""data_size"", ""friendly_name"": ""UPNP IGD Data received""}"
2025-07-28T03:38:39.258377,sensor.upnp_igd_data_sent,4067875454,4067895926,"{""state_class"": ""total_increasing"", ""unit_of_measurement"": ""B"", ""device_class"": ""data_size"", ""friendly_name"": ""UPNP IGD Data sent""}"
2025-07-28T03:38:39.260002,sensor.upnp_igd_packets_received,46260100,46261144,"{""state_class"": ""total_increasing"", ""unit_of_measurement"": ""packets"", ""friendly_name"": ""UPNP IGD Packets received""}"
2025-07-28T03:38:39.261405,sensor.upnp_igd_packets_sent,14964732,14964805,"{""state_class"": ""total_increasing"", ""unit_of_measurement"": ""packets"", ""friendly_name"": ""UPNP IGD Packets sent""}"
2025-07-28T03:38:39.262702,sensor.upnp_igd_uptime,501247,501277,"{""unit_of_measurement"": ""s"", ""device_class"": ""duration"", ""friendly_name"": ""UPNP IGD Uptime""}"
2025-07-28T03:38:39.264222,sensor.upnp_igd_download_speed,11.0532793051853,2.64851083915026,"{""state_class"": ""measurement"", ""unit_of_measurement"": ""KiB/s"", ""device_class"": ""data_rate"", ""friendly_name"": ""UPNP IGD Download speed""}"
2025-07-28T03:38:39.265690,sensor.upnp_igd_upload_speed,0.441532219624025,0.666416512814297,"{""state_class"": ""measurement"", ""unit_of_measurement"": ""KiB/s"", ""device_class"": ""data_rate"", ""friendly_name"": ""UPNP IGD Upload speed""}"
2025-07-28T03:38:39.267042,sensor.upnp_igd_packet_download_speed,41.199604483797,34.8005359282533,"{""state_class"": ""measurement"", ""unit_of_measurement"": ""packets/s"", ""friendly_name"": ""UPNP IGD Packet download speed""}"
2025-07-28T03:38:39.268517,sensor.upnp_igd_packet_upload_speed,3.56663242699537,2.43337080724376,"{""state_class"": ""measurement"", ""unit_of_measurement"": ""packets/s"", ""friendly_name"": ""UPNP IGD Packet upload speed""}"
2025-07-28T03:39:09.238505,sensor.upnp_igd_data_received,2461174909,2461248626,"{""state_class"": ""total_increasing"", ""unit_of_measurement"": ""B"", ""device_class"": ""data_size"", ""friendly_name"": ""UPNP IGD Data received""}"
2025-07-28T03:39:09.240261,sensor.upnp_igd_data_sent,4067895926,4067902697,"{""state_class"": ""total_increasing"", ""unit_of_measurement"": ""B"", ""device_class"": ""data_size"", ""friendly_name"": ""UPNP IGD Data sent""}"
2025-07-28T03:39:09.241769,sensor.upnp_igd_packets_received,46261144,46262203,"{""state_class"": ""total_increasing"", ""unit_of_measurement"": ""packets"", ""friendly_name"": ""UPNP IGD Packets received""}"
2025-07-28T03:39:09.243181,sensor.upnp_igd_packets_sent,14964805,14964848,"{""state_class"": ""total_increasing"", ""unit_of_measurement"": ""packets"", ""friendly_name"": ""UPNP IGD Packets sent""}"
2025-07-28T03:39:09.244535,sensor.upnp_igd_uptime,501277,501307,"{""unit_of_measurement"": ""s"", ""device_class"": ""duration"", ""friendly_name"": ""UPNP IGD Uptime""}"
2025-07-28T03:39:09.245907,sensor.upnp_igd_download_speed,2.64851083915026,2.39964656640003,"{""state_class"": ""measurement"", ""unit_of_measurement"": ""KiB/s"", ""device_class"": ""data_rate"", ""friendly_name"": ""UPNP IGD Download speed""}"
2025-07-28T03:39:09.247278,sensor.upnp_igd_upload_speed,0.666416512814297,0.220410582377126,"{""state_class"": ""measurement"", ""unit_of_measurement"": ""KiB/s"", ""device_class"": ""data_rate"", ""friendly_name"": ""UPNP IGD Upload speed""}"
2025-07-28T03:39:09.248720,sensor.upnp_igd_packet_download_speed,34.8005359282533,35.3000682467986,"{""state_class"": ""measurement"", ""unit_of_measurement"": ""packets/s"", ""friendly_name"": ""UPNP IGD Packet download speed""}"
2025-07-28T03:39:09.250065,sensor.upnp_igd_packet_upload_speed,2.43337080724376,1.4333361044498,"{""state_class"": ""measurement"", ""unit_of_measurement"": ""packets/s"", ""friendly_name"": ""UPNP IGD Packet upload speed""}"
2025-07-28T03:39:10.258921,automation.aut_status_bruno,on,on,"{""id"": ""1751855857509"", ""last_triggered"": ""2025-07-28T06:39:10.252397+00:00"", ""mode"": ""single"", ""current"": 1, ""friendly_name"": ""aut-status-bruno""}"
2025-07-28T03:39:10.261639,automation.aut_status_bruno,on,on,"{""id"": ""1751855857509"", ""last_triggered"": ""2025-07-28T06:39:10.252397+00:00"", ""mode"": ""single"", ""current"": 0, ""friendly_name"": ""aut-status-bruno""}"
2025-07-28T03:39:39.239710,sensor.upnp_igd_data_received,2461248626,2461333681,"{""state_class"": ""total_increasing"", ""unit_of_measurement"": ""B"", ""device_class"": ""data_size"", ""friendly_name"": ""UPNP IGD Data received""}"
2025-07-28T03:39:39.241644,sensor.upnp_igd_data_sent,4067902697,4067917749,"{""state_class"": ""total_increasing"", ""unit_of_measurement"": ""B"", ""device_class"": ""data_size"", ""friendly_name"": ""UPNP IGD Data sent""}"
2025-07-28T03:39:39.244394,sensor.upnp_igd_packets_received,46262203,46263279,"{""state_class"": ""total_increasing"", ""unit_of_measurement"": ""packets"", ""friendly_name"": ""UPNP IGD Packets received""}"
2025-07-28T03:39:39.246180,sensor.upnp_igd_packets_sent,14964848,14964920,"{""state_class"": ""total_increasing"", ""unit_of_measurement"": ""packets"", ""friendly_name"": ""UPNP IGD Packets sent""}"
2025-07-28T03:39:39.247733,sensor.upnp_igd_uptime,501307,501337,"{""unit_of_measurement"": ""s"", ""device_class"": ""duration"", ""friendly_name"": ""UPNP IGD Uptime""}"
2025-07-28T03:39:39.249158,sensor.upnp_igd_download_speed,2.39964656640003,2.76872224703523,"{""state_class"": ""measurement"", ""unit_of_measurement"": ""KiB/s"", ""device_class"": ""data_rate"", ""friendly_name"": ""UPNP IGD Download speed""}"
2025-07-28T03:39:39.250581,sensor.upnp_igd_upload_speed,0.220410582377126,0.489974807623,"{""state_class"": ""measurement"", ""unit_of_measurement"": ""KiB/s"", ""device_class"": ""data_rate"", ""friendly_name"": ""UPNP IGD Upload speed""}"
2025-07-28T03:39:39.252077,sensor.upnp_igd_packet_download_speed,35.3000682467986,35.8667288356633,"{""state_class"": ""measurement"", ""unit_of_measurement"": ""packets/s"", ""friendly_name"": ""UPNP IGD Packet download speed""}"
2025-07-28T03:39:39.253452,sensor.upnp_igd_packet_upload_speed,1.4333361044498,2.40000416000721,"{""state_class"": ""measurement"", ""unit_of_measurement"": ""packets/s"", ""friendly_name"": ""UPNP IGD Packet upload speed""}"
2025-07-28T03:39:40.061535,sensor.tauntaum_energy,224.999,225.008,"{""state_class"": ""total_increasing"", ""unit_of_measurement"": ""kWh"", ""device_class"": ""energy"", ""friendly_name"": ""Tauntaum Energy""}"
2025-07-28T03:39:40.063609,sensor.tauntaum_power,34,34,"{""state_class"": ""measurement"", ""power_consumption_start"": ""2025-07-28T06:26:16Z"", ""power_consumption_end"": ""2025-07-28T06:39:39Z"", ""unit_of_measurement"": ""W"", ""device_class"": ""power"", ""friendly_name"": ""Tauntaum Power""}"
2025-07-28T03:39:40.065212,sensor.tauntaum_energy_difference,0.007,0.009,"{""state_class"": ""total"", ""unit_of_measurement"": ""kWh"", ""device_class"": ""energy"", ""friendly_name"": ""Tauntaum Energy difference""}"
2025-07-28T03:39:40.066623,sensor.tauntaum_power_energy,0.0069617644446426,0.00759327666627036,"{""state_class"": ""total"", ""unit_of_measurement"": ""kWh"", ""device_class"": ""energy"", ""friendly_name"": ""Tauntaum Power energy""}"
2025-07-28T03:40:09.238621,sensor.upnp_igd_data_received,2461333681,2461604713,"{""state_class"": ""total_increasing"", ""unit_of_measurement"": ""B"", ""device_class"": ""data_size"", ""friendly_name"": ""UPNP IGD Data received""}"
2025-07-28T03:40:09.240880,sensor.upnp_igd_data_sent,4067917749,4067971970,"{""state_class"": ""total_increasing"", ""unit_of_measurement"": ""B"", ""device_class"": ""data_size"", ""friendly_name"": ""UPNP IGD Data sent""}"
2025-07-28T03:40:09.242390,sensor.upnp_igd_packets_received,46263279,46264560,"{""state_class"": ""total_increasing"", ""unit_of_measurement"": ""packets"", ""friendly_name"": ""UPNP IGD Packets received""}"
2025-07-28T03:40:09.243814,sensor.upnp_igd_packets_sent,14964920,14965139,"{""state_class"": ""total_increasing"", ""unit_of_measurement"": ""packets"", ""friendly_name"": ""UPNP IGD Packets sent""}"
2025-07-28T03:40:09.245176,sensor.upnp_igd_uptime,501337,501367,"{""unit_of_measurement"": ""s"", ""device_class"": ""duration"", ""friendly_name"": ""UPNP IGD Uptime""}"
2025-07-28T03:40:09.246545,sensor.upnp_igd_download_speed,2.76872224703523,8.82245274542334,"{""state_class"": ""measurement"", ""unit_of_measurement"": ""KiB/s"", ""device_class"": ""data_rate"", ""friendly_name"": ""UPNP IGD Download speed""}"
2025-07-28T03:40:09.248016,sensor.upnp_igd_upload_speed,0.489974807623,1.76496579853891,"{""state_class"": ""measurement"", ""unit_of_measurement"": ""KiB/s"", ""device_class"": ""data_rate"", ""friendly_name"": ""UPNP IGD Upload speed""}"
2025-07-28T03:40:09.249624,sensor.upnp_igd_packet_download_speed,35.8667288356633,42.6990150760522,"{""state_class"": ""measurement"", ""unit_of_measurement"": ""packets/s"", ""friendly_name"": ""UPNP IGD Packet download speed""}"
2025-07-28T03:40:09.252206,sensor.upnp_igd_packet_upload_speed,2.40000416000721,7.29983161721736,"{""state_class"": ""measurement"", ""unit_of_measurement"": ""packets/s"", ""friendly_name"": ""UPNP IGD Packet upload speed""}"
2025-07-28T03:40:10.261350,automation.aut_status_bruno,on,on,"{""id"": ""1751855857509"", ""last_triggered"": ""2025-07-28T06:40:10.253135+00:00"", ""mode"": ""single"", ""current"": 1, ""friendly_name"": ""aut-status-bruno""}"
2025-07-28T03:40:10.264041,automation.aut_status_bruno,on,on,"{""id"": ""1751855857509"", ""last_triggered"": ""2025-07-28T06:40:10.253135+00:00"", ""mode"": ""single"", ""current"": 0, ""friendly_name"": ""aut-status-bruno""}"
2025-07-28T03:40:35.015729,sun.sun,below_horizon,below_horizon,"{""next_dawn"": ""2025-07-28T08:32:29.194463+00:00"", ""next_dusk"": ""2025-07-28T20:48:48.554389+00:00"", ""next_midnight"": ""2025-07-29T02:40:33+00:00"", ""next_noon"": ""2025-07-28T14:40:36+00:00"", ""next_rising"": ""2025-07-28T08:55:17.543084+00:00"", ""next_setting"": ""2025-07-28T20:26:00.664558+00:00"", ""elevation"": -32.26, ""azimuth"": 75.68, ""rising"": true, ""friendly_name"": ""Sun""}"
2025-07-28T03:40:39.247538,sensor.upnp_igd_data_received,2461604713,2462084431,"{""state_class"": ""total_increasing"", ""unit_of_measurement"": ""B"", ""device_class"": ""data_size"", ""friendly_name"": ""UPNP IGD Data received""}"
2025-07-28T03:40:39.251190,sensor.upnp_igd_data_sent,4067971970,4068048520,"{""state_class"": ""total_increasing"", ""unit_of_measurement"": ""B"", ""device_class"": ""data_size"", ""friendly_name"": ""UPNP IGD Data sent""}"
2025-07-28T03:40:39.252739,sensor.upnp_igd_packets_received,46264560,46266048,"{""state_class"": ""total_increasing"", ""unit_of_measurement"": ""packets"", ""friendly_name"": ""UPNP IGD Packets received""}"
2025-07-28T03:40:39.254101,sensor.upnp_igd_packets_sent,14965139,14965526,"{""state_class"": ""total_increasing"", ""unit_of_measurement"": ""packets"", ""friendly_name"": ""UPNP IGD Packets sent""}"
2025-07-28T03:40:39.255511,sensor.upnp_igd_uptime,501367,501397,"{""unit_of_measurement"": ""s"", ""device_class"": ""duration"", ""friendly_name"": ""UPNP IGD Uptime""}"
2025-07-28T03:40:39.256924,sensor.upnp_igd_download_speed,8.82245274542334,15.616024361885,"{""state_class"": ""measurement"", ""unit_of_measurement"": ""KiB/s"", ""device_class"": ""data_rate"", ""friendly_name"": ""UPNP IGD Download speed""}"
2025-07-28T03:40:39.258362,sensor.upnp_igd_upload_speed,1.76496579853891,2.49189453992199,"{""state_class"": ""measurement"", ""unit_of_measurement"": ""KiB/s"", ""device_class"": ""data_rate"", ""friendly_name"": ""UPNP IGD Upload speed""}"
2025-07-28T03:40:39.259746,sensor.upnp_igd_packet_download_speed,42.6990150760522,49.6006481151354,"{""state_class"": ""measurement"", ""unit_of_measurement"": ""packets/s"", ""friendly_name"": ""UPNP IGD Packet download speed""}"
2025-07-28T03:40:39.261170,sensor.upnp_igd_packet_upload_speed,7.29983161721736,12.9001685622025,"{""state_class"": ""measurement"", ""unit_of_measurement"": ""packets/s"", ""friendly_name"": ""UPNP IGD Packet upload speed""}"
2025-07-28T03:41:09.237896,sensor.upnp_igd_data_received,2462084431,2462331758,"{""state_class"": ""total_increasing"", ""unit_of_measurement"": ""B"", ""device_class"": ""data_size"", ""friendly_name"": ""UPNP IGD Data received""}"
2025-07-28T03:41:09.240733,sensor.upnp_igd_data_sent,4068048520,4068071569,"{""state_class"": ""total_increasing"", ""unit_of_measurement"": ""B"", ""device_class"": ""data_size"", ""friendly_name"": ""UPNP IGD Data sent""}"
2025-07-28T03:41:09.242267,sensor.upnp_igd_packets_received,46266048,46267288,"{""state_class"": ""total_increasing"", ""unit_of_measurement"": ""packets"", ""friendly_name"": ""UPNP IGD Packets received""}"
2025-07-28T03:41:09.243720,sensor.upnp_igd_packets_sent,14965526,14965689,"{""state_class"": ""total_increasing"", ""unit_of_measurement"": ""packets"", ""friendly_name"": ""UPNP IGD Packets sent""}"
2025-07-28T03:41:09.245069,sensor.upnp_igd_uptime,501397,501427,"{""unit_of_measurement"": ""s"", ""device_class"": ""duration"", ""friendly_name"": ""UPNP IGD Uptime""}"
2025-07-28T03:41:09.246455,sensor.upnp_igd_download_speed,15.616024361885,8.05112612428301,"{""state_class"": ""measurement"", ""unit_of_measurement"": ""KiB/s"", ""device_class"": ""data_rate"", ""friendly_name"": ""UPNP IGD Download speed""}"
2025-07-28T03:41:09.247874,sensor.upnp_igd_upload_speed,2.49189453992199,0.75030387316629,"{""state_class"": ""measurement"", ""unit_of_measurement"": ""KiB/s"", ""device_class"": ""data_rate"", ""friendly_name"": ""UPNP IGD Upload speed""}"
2025-07-28T03:41:09.249292,sensor.upnp_igd_packet_download_speed,49.6006481151354,41.3339340531749,"{""state_class"": ""measurement"", ""unit_of_measurement"": ""packets/s"", ""friendly_name"": ""UPNP IGD Packet download speed""}"
2025-07-28T03:41:09.250671,sensor.upnp_igd_packet_upload_speed,12.9001685622025,5.43341229892541,"{""state_class"": ""measurement"", ""unit_of_measurement"": ""packets/s"", ""friendly_name"": ""UPNP IGD Packet upload speed""}"
2025-07-28T03:41:10.258999,automation.aut_status_bruno,on,on,"{""id"": ""1751855857509"", ""last_triggered"": ""2025-07-28T06:41:10.252592+00:00"", ""mode"": ""single"", ""current"": 1, ""friendly_name"": ""aut-status-bruno""}"
2025-07-28T03:41:10.262022,automation.aut_status_bruno,on,on,"{""id"": ""1751855857509"", ""last_triggered"": ""2025-07-28T06:41:10.252592+00:00"", ""mode"": ""single"", ""current"": 0, ""friendly_name"": ""aut-status-bruno""}"
2025-07-28T03:41:39.237941,sensor.upnp_igd_data_received,2462331758,2462411761,"{""state_class"": ""total_increasing"", ""unit_of_measurement"": ""B"", ""device_class"": ""data_size"", ""friendly_name"": ""UPNP IGD Data received""}"
2025-07-28T03:41:39.240675,sensor.upnp_igd_data_sent,4068071569,4068088935,"{""state_class"": ""total_increasing"", ""unit_of_measurement"": ""B"", ""device_class"": ""data_size"", ""friendly_name"": ""UPNP IGD Data sent""}"
2025-07-28T03:41:39.242132,sensor.upnp_igd_packets_received,46267288,46268357,"{""state_class"": ""total_increasing"", ""unit_of_measurement"": ""packets"", ""friendly_name"": ""UPNP IGD Packets received""}"
2025-07-28T03:41:39.243579,sensor.upnp_igd_packets_sent,14965689,14965779,"{""state_class"": ""total_increasing"", ""unit_of_measurement"": ""packets"", ""friendly_name"": ""UPNP IGD Packets sent""}"
2025-07-28T03:41:39.244994,sensor.upnp_igd_uptime,501427,501457,"{""unit_of_measurement"": ""s"", ""device_class"": ""duration"", ""friendly_name"": ""UPNP IGD Uptime""}"
2025-07-28T03:41:39.246388,sensor.upnp_igd_download_speed,8.05112612428301,2.60422421786371,"{""state_class"": ""measurement"", ""unit_of_measurement"": ""KiB/s"", ""device_class"": ""data_rate"", ""friendly_name"": ""UPNP IGD Download speed""}"
2025-07-28T03:41:39.247817,sensor.upnp_igd_upload_speed,0.75030387316629,0.565290773688752,"{""state_class"": ""measurement"", ""unit_of_measurement"": ""KiB/s"", ""device_class"": ""data_rate"", ""friendly_name"": ""UPNP IGD Upload speed""}"
2025-07-28T03:41:39.249240,sensor.upnp_igd_packet_download_speed,41.3339340531749,35.6327845884507,"{""state_class"": ""measurement"", ""unit_of_measurement"": ""packets/s"", ""friendly_name"": ""UPNP IGD Packet download speed""}"
2025-07-28T03:41:39.250625,sensor.upnp_igd_packet_upload_speed,5.43341229892541,2.99995380071147,"{""state_class"": ""measurement"", ""unit_of_measurement"": ""packets/s"", ""friendly_name"": ""UPNP IGD Packet upload speed""}"
2025-07-28T03:42:05.227642,weather.forecast_home,clear-night,clear-night,"{""temperature"": 24.2, ""dew_point"": 18.4, ""temperature_unit"": ""\u00b0C"", ""humidity"": 70, ""cloud_coverage"": 7.8, ""uv_index"": 0.0, ""pressure"": 1017.5, ""pressure_unit"": ""hPa"", ""wind_bearing"": 118.1, ""wind_speed"": 19.8, ""wind_speed_unit"": ""km/h"", ""visibility_unit"": ""km"", ""precipitation_unit"": ""mm"", ""attribution"": ""Weather forecast from met.no, delivered by the Norwegian Meteorological Institute."", ""friendly_name"": ""Forecast Home"", ""supported_features"": 3}"
2025-07-28T03:42:09.238630,sensor.upnp_igd_data_received,2462411761,2462497450,"{""state_class"": ""total_increasing"", ""unit_of_measurement"": ""B"", ""device_class"": ""data_size"", ""friendly_name"": ""UPNP IGD Data received""}"
2025-07-28T03:42:09.241049,sensor.upnp_igd_data_sent,4068088935,4068100201,"{""state_class"": ""total_increasing"", ""unit_of_measurement"": ""B"", ""device_class"": ""data_size"", ""friendly_name"": ""UPNP IGD Data sent""}"
2025-07-28T03:42:09.242509,sensor.upnp_igd_packets_received,46268357,46269414,"{""state_class"": ""total_increasing"", ""unit_of_measurement"": ""packets"", ""friendly_name"": ""UPNP IGD Packets received""}"
2025-07-28T03:42:09.244066,sensor.upnp_igd_packets_sent,14965779,14965856,"{""state_class"": ""total_increasing"", ""unit_of_measurement"": ""packets"", ""friendly_name"": ""UPNP IGD Packets sent""}"
2025-07-28T03:42:09.245428,sensor.upnp_igd_uptime,501457,501487,"{""unit_of_measurement"": ""s"", ""device_class"": ""duration"", ""friendly_name"": ""UPNP IGD Uptime""}"
2025-07-28T03:42:09.246779,sensor.upnp_igd_download_speed,2.60422421786371,2.78932887714804,"{""state_class"": ""measurement"", ""unit_of_measurement"": ""KiB/s"", ""device_class"": ""data_rate"", ""friendly_name"": ""UPNP IGD Download speed""}"
2025-07-28T03:42:09.248232,sensor.upnp_igd_upload_speed,0.565290773688752,0.366728274690448,"{""state_class"": ""measurement"", ""unit_of_measurement"": ""KiB/s"", ""device_class"": ""data_rate"", ""friendly_name"": ""UPNP IGD Upload speed""}"
2025-07-28T03:42:09.249628,sensor.upnp_igd_packet_download_speed,35.6327845884507,35.2329974454244,"{""state_class"": ""measurement"", ""unit_of_measurement"": ""packets/s"", ""friendly_name"": ""UPNP IGD Packet download speed""}"
2025-07-28T03:42:09.250969,sensor.upnp_igd_packet_upload_speed,2.99995380071147,2.56664219801105,"{""state_class"": ""measurement"", ""unit_of_measurement"": ""packets/s"", ""friendly_name"": ""UPNP IGD Packet upload speed""}"
2025-07-28T03:42:10.259675,automation.aut_status_bruno,on,on,"{""id"": ""1751855857509"", ""last_triggered"": ""2025-07-28T06:42:10.253089+00:00"", ""mode"": ""single"", ""current"": 1, ""friendly_name"": ""aut-status-bruno""}"
2025-07-28T03:42:10.261805,automation.aut_status_bruno,on,on,"{""id"": ""1751855857509"", ""last_triggered"": ""2025-07-28T06:42:10.253089+00:00"", ""mode"": ""single"", ""current"": 0, ""friendly_name"": ""aut-status-bruno""}"
2025-07-28T03:42:39.236911,sensor.upnp_igd_data_received,2462497450,2462573827,"{""state_class"": ""total_increasing"", ""unit_of_measurement"": ""B"", ""device_class"": ""data_size"", ""friendly_name"": ""UPNP IGD Data received""}"
2025-07-28T03:42:39.239851,sensor.upnp_igd_data_sent,4068100201,4068114057,"{""state_class"": ""total_increasing"", ""unit_of_measurement"": ""B"", ""device_class"": ""data_size"", ""friendly_name"": ""UPNP IGD Data sent""}"
2025-07-28T03:42:39.241365,sensor.upnp_igd_packets_received,46269414,46270441,"{""state_class"": ""total_increasing"", ""unit_of_measurement"": ""packets"", ""friendly_name"": ""UPNP IGD Packets received""}"
2025-07-28T03:42:39.242717,sensor.upnp_igd_packets_sent,14965856,14965916,"{""state_class"": ""total_increasing"", ""unit_of_measurement"": ""packets"", ""friendly_name"": ""UPNP IGD Packets sent""}"
2025-07-28T03:42:39.244091,sensor.upnp_igd_uptime,501487,501517,"{""unit_of_measurement"": ""s"", ""device_class"": ""duration"", ""friendly_name"": ""UPNP IGD Uptime""}"
2025-07-28T03:42:39.245535,sensor.upnp_igd_download_speed,2.78932887714804,2.48621165641513,"{""state_class"": ""measurement"", ""unit_of_measurement"": ""KiB/s"", ""device_class"": ""data_rate"", ""friendly_name"": ""UPNP IGD Download speed""}"
2025-07-28T03:42:39.247000,sensor.upnp_igd_upload_speed,0.366728274690448,0.451038253810546,"{""state_class"": ""measurement"", ""unit_of_measurement"": ""KiB/s"", ""device_class"": ""data_rate"", ""friendly_name"": ""UPNP IGD Upload speed""}"
2025-07-28T03:42:39.248541,sensor.upnp_igd_packet_download_speed,35.2329974454244,34.2330743030711,"{""state_class"": ""measurement"", ""unit_of_measurement"": ""packets/s"", ""friendly_name"": ""UPNP IGD Packet download speed""}"
2025-07-28T03:42:39.250007,sensor.upnp_igd_packet_upload_speed,2.56664219801105,1.99998486678117,"{""state_class"": ""measurement"", ""unit_of_measurement"": ""packets/s"", ""friendly_name"": ""UPNP IGD Packet upload speed""}"
2025-07-28T03:42:53.112954,camera.192_168_0_33,idle,idle,"{""access_token"": ""10440aed47a0b601f72529d2a1ee32bc58307e802d6e96dcfaaba4d69c5388ed"", ""entity_picture"": ""/api/camera_proxy/camera.192_168_0_33?token=10440aed47a0b601f72529d2a1ee32bc58307e802d6e96dcfaaba4d69c5388ed"", ""friendly_name"": ""192_168_0_14"", ""supported_features"": 2}"
2025-07-28T03:42:53.114903,camera.admin_mainstream,idle,idle,"{""access_token"": ""7fd6d6f44927028737cc882f197596972b0e7380c466b142cd1fdd385c1d3bdd"", ""entity_picture"": ""/api/camera_proxy/camera.admin_mainstream?token=7fd6d6f44927028737cc882f197596972b0e7380c466b142cd1fdd385c1d3bdd"", ""friendly_name"": ""admin MainStream"", ""supported_features"": 2}"
2025-07-28T03:42:53.116635,camera.admin_substream,idle,idle,"{""access_token"": ""df2abee2a94a1deb5d85d5540914f8655b57de1bfe6c38d3431f0ce021f7134f"", ""entity_picture"": ""/api/camera_proxy/camera.admin_substream?token=df2abee2a94a1deb5d85d5540914f8655b57de1bfe6c38d3431f0ce021f7134f"", ""friendly_name"": ""admin SubStream"", ""supported_features"": 2}"
2025-07-28T03:43:09.239253,sensor.upnp_igd_data_received,2462573827,2462915332,"{""state_class"": ""total_increasing"", ""unit_of_measurement"": ""B"", ""device_class"": ""data_size"", ""friendly_name"": ""UPNP IGD Data received""}"
2025-07-28T03:43:09.241290,sensor.upnp_igd_data_sent,4068114057,4068127296,"{""state_class"": ""total_increasing"", ""unit_of_measurement"": ""B"", ""device_class"": ""data_size"", ""friendly_name"": ""UPNP IGD Data sent""}"
2025-07-28T03:43:09.242785,sensor.upnp_igd_packets_received,46270441,46271673,"{""state_class"": ""total_increasing"", ""unit_of_measurement"": ""packets"", ""friendly_name"": ""UPNP IGD Packets received""}"
2025-07-28T03:43:09.244218,sensor.upnp_igd_packets_sent,14965916,14966020,"{""state_class"": ""total_increasing"", ""unit_of_measurement"": ""packets"", ""friendly_name"": ""UPNP IGD Packets sent""}"
2025-07-28T03:43:09.245566,sensor.upnp_igd_uptime,501517,501547,"{""unit_of_measurement"": ""s"", ""device_class"": ""duration"", ""friendly_name"": ""UPNP IGD Uptime""}"
2025-07-28T03:43:09.246966,sensor.upnp_igd_download_speed,2.48621165641513,11.1168322501759,"{""state_class"": ""measurement"", ""unit_of_measurement"": ""KiB/s"", ""device_class"": ""data_rate"", ""friendly_name"": ""UPNP IGD Download speed""}"
2025-07-28T03:43:09.248426,sensor.upnp_igd_upload_speed,0.451038253810546,0.430962188430855,"{""state_class"": ""measurement"", ""unit_of_measurement"": ""KiB/s"", ""device_class"": ""data_rate"", ""friendly_name"": ""UPNP IGD Upload speed""}"
2025-07-28T03:43:09.249925,sensor.upnp_igd_packet_download_speed,34.2330743030711,41.0671581036586,"{""state_class"": ""measurement"", ""unit_of_measurement"": ""packets/s"", ""friendly_name"": ""UPNP IGD Packet download speed""}"
2025-07-28T03:43:09.251306,sensor.upnp_igd_packet_upload_speed,1.99998486678117,3.46670815160755,"{""state_class"": ""measurement"", ""unit_of_measurement"": ""packets/s"", ""friendly_name"": ""UPNP IGD Packet upload speed""}"
2025-07-28T03:43:10.260429,automation.aut_status_bruno,on,on,"{""id"": ""1751855857509"", ""last_triggered"": ""2025-07-28T06:43:10.253184+00:00"", ""mode"": ""single"", ""current"": 1, ""friendly_name"": ""aut-status-bruno""}"
2025-07-28T03:43:10.262512,automation.aut_status_bruno,on,on,"{""id"": ""1751855857509"", ""last_triggered"": ""2025-07-28T06:43:10.253184+00:00"", ""mode"": ""single"", ""current"": 0, ""friendly_name"": ""aut-status-bruno""}"
2025-07-28T03:43:39.239141,sensor.upnp_igd_data_received,2462915332,2462996506,"{""state_class"": ""total_increasing"", ""unit_of_measurement"": ""B"", ""device_class"": ""data_size"", ""friendly_name"": ""UPNP IGD Data received""}"
2025-07-28T03:43:39.241343,sensor.upnp_igd_data_sent,4068127296,4068143233,"{""state_class"": ""total_increasing"", ""unit_of_measurement"": ""B"", ""device_class"": ""data_size"", ""friendly_name"": ""UPNP IGD Data sent""}"
2025-07-28T03:43:39.243074,sensor.upnp_igd_packets_received,46271673,46272758,"{""state_class"": ""total_increasing"", ""unit_of_measurement"": ""packets"", ""friendly_name"": ""UPNP IGD Packets received""}"
2025-07-28T03:43:39.244917,sensor.upnp_igd_packets_sent,14966020,14966096,"{""state_class"": ""total_increasing"", ""unit_of_measurement"": ""packets"", ""friendly_name"": ""UPNP IGD Packets sent""}"
2025-07-28T03:43:39.246608,sensor.upnp_igd_uptime,501547,501577,"{""unit_of_measurement"": ""s"", ""device_class"": ""duration"", ""friendly_name"": ""UPNP IGD Uptime""}"
2025-07-28T03:43:39.248413,sensor.upnp_igd_download_speed,11.1168322501759,2.64236096898266,"{""state_class"": ""measurement"", ""unit_of_measurement"": ""KiB/s"", ""device_class"": ""data_rate"", ""friendly_name"": ""UPNP IGD Download speed""}"
2025-07-28T03:43:39.250125,sensor.upnp_igd_upload_speed,0.430962188430855,0.518778263516355,"{""state_class"": ""measurement"", ""unit_of_measurement"": ""KiB/s"", ""device_class"": ""data_rate"", ""friendly_name"": ""UPNP IGD Upload speed""}"
2025-07-28T03:43:39.251916,sensor.upnp_igd_packet_download_speed,41.0671581036586,36.1663676913604,"{""state_class"": ""measurement"", ""unit_of_measurement"": ""packets/s"", ""friendly_name"": ""UPNP IGD Packet download speed""}"
2025-07-28T03:43:39.253620,sensor.upnp_igd_packet_upload_speed,3.46670815160755,2.53331239128423,"{""state_class"": ""measurement"", ""unit_of_measurement"": ""packets/s"", ""friendly_name"": ""UPNP IGD Packet upload speed""}"
2025-07-28T03:44:09.238185,sensor.upnp_igd_data_received,2462996506,2463068982,"{""state_class"": ""total_increasing"", ""unit_of_measurement"": ""B"", ""device_class"": ""data_size"", ""friendly_name"": ""UPNP IGD Data received""}"
2025-07-28T03:44:09.242212,sensor.upnp_igd_data_sent,4068143233,4068150317,"{""state_class"": ""total_increasing"", ""unit_of_measurement"": ""B"", ""device_class"": ""data_size"", ""friendly_name"": ""UPNP IGD Data sent""}"
2025-07-28T03:44:09.243880,sensor.upnp_igd_packets_received,46272758,46273803,"{""state_class"": ""total_increasing"", ""unit_of_measurement"": ""packets"", ""friendly_name"": ""UPNP IGD Packets received""}"
2025-07-28T03:44:09.245312,sensor.upnp_igd_packets_sent,14966096,14966143,"{""state_class"": ""total_increasing"", ""unit_of_measurement"": ""packets"", ""friendly_name"": ""UPNP IGD Packets sent""}"
2025-07-28T03:44:09.246644,sensor.upnp_igd_uptime,501577,501607,"{""unit_of_measurement"": ""s"", ""device_class"": ""duration"", ""friendly_name"": ""UPNP IGD Uptime""}"
2025-07-28T03:44:09.248105,sensor.upnp_igd_download_speed,2.64236096898266,2.35927695647584,"{""state_class"": ""measurement"", ""unit_of_measurement"": ""KiB/s"", ""device_class"": ""data_rate"", ""friendly_name"": ""UPNP IGD Download speed""}"
2025-07-28T03:44:09.249541,sensor.upnp_igd_upload_speed,0.518778263516355,0.23060210220866,"{""state_class"": ""measurement"", ""unit_of_measurement"": ""KiB/s"", ""device_class"": ""data_rate"", ""friendly_name"": ""UPNP IGD Upload speed""}"
2025-07-28T03:44:09.250908,sensor.upnp_igd_packet_download_speed,36.1663676913604,34.8338082342523,"{""state_class"": ""measurement"", ""unit_of_measurement"": ""packets/s"", ""friendly_name"": ""UPNP IGD Packet download speed""}"
2025-07-28T03:44:09.252351,sensor.upnp_igd_packet_upload_speed,2.53331239128423,1.56668802584675,"{""state_class"": ""measurement"", ""unit_of_measurement"": ""packets/s"", ""friendly_name"": ""UPNP IGD Packet upload speed""}"
2025-07-28T03:44:10.260560,automation.aut_status_bruno,on,on,"{""id"": ""1751855857509"", ""last_triggered"": ""2025-07-28T06:44:10.253118+00:00"", ""mode"": ""single"", ""current"": 1, ""friendly_name"": ""aut-status-bruno""}"
2025-07-28T03:44:10.262538,automation.aut_status_bruno,on,on,"{""id"": ""1751855857509"", ""last_triggered"": ""2025-07-28T06:44:10.253118+00:00"", ""mode"": ""single"", ""current"": 0, ""friendly_name"": ""aut-status-bruno""}"
2025-07-28T03:44:39.240836,sensor.upnp_igd_data_received,2463068982,2463533348,"{""state_class"": ""total_increasing"", ""unit_of_measurement"": ""B"", ""device_class"": ""data_size"", ""friendly_name"": ""UPNP IGD Data received""}"
2025-07-28T03:44:39.242327,sensor.upnp_igd_data_sent,4068150317,4068504520,"{""state_class"": ""total_increasing"", ""unit_of_measurement"": ""B"", ""device_class"": ""data_size"", ""friendly_name"": ""UPNP IGD Data sent""}"
2025-07-28T03:44:39.243807,sensor.upnp_igd_packets_received,46273803,46275816,"{""state_class"": ""total_increasing"", ""unit_of_measurement"": ""packets"", ""friendly_name"": ""UPNP IGD Packets received""}"
2025-07-28T03:44:39.245330,sensor.upnp_igd_packets_sent,14966143,14967163,"{""state_class"": ""total_increasing"", ""unit_of_measurement"": ""packets"", ""friendly_name"": ""UPNP IGD Packets sent""}"
2025-07-28T03:44:39.246710,sensor.upnp_igd_uptime,501607,501637,"{""unit_of_measurement"": ""s"", ""device_class"": ""duration"", ""friendly_name"": ""UPNP IGD Uptime""}"
2025-07-28T03:44:39.248146,sensor.upnp_igd_download_speed,2.35927695647584,15.1163427457743,"{""state_class"": ""measurement"", ""unit_of_measurement"": ""KiB/s"", ""device_class"": ""data_rate"", ""friendly_name"": ""UPNP IGD Download speed""}"
2025-07-28T03:44:39.249534,sensor.upnp_igd_upload_speed,0.23060210220866,11.5302454305041,"{""state_class"": ""measurement"", ""unit_of_measurement"": ""KiB/s"", ""device_class"": ""data_rate"", ""friendly_name"": ""UPNP IGD Upload speed""}"
2025-07-28T03:44:39.250920,sensor.upnp_igd_packet_download_speed,34.8338082342523,67.1011630868268,"{""state_class"": ""measurement"", ""unit_of_measurement"": ""packets/s"", ""friendly_name"": ""UPNP IGD Packet download speed""}"
2025-07-28T03:44:39.252374,sensor.upnp_igd_packet_upload_speed,1.56668802584675,34.0005893435486,"{""state_class"": ""measurement"", ""unit_of_measurement"": ""packets/s"", ""friendly_name"": ""UPNP IGD Packet upload speed""}"
2025-07-28T03:45:09.239094,sensor.upnp_igd_data_received,2463533348,2464307961,"{""state_class"": ""total_increasing"", ""unit_of_measurement"": ""B"", ""device_class"": ""data_size"", ""friendly_name"": ""UPNP IGD Data received""}"
2025-07-28T03:45:09.241648,sensor.upnp_igd_data_sent,4068504520,4068692565,"{""state_class"": ""total_increasing"", ""unit_of_measurement"": ""B"", ""device_class"": ""data_size"", ""friendly_name"": ""UPNP IGD Data sent""}"
2025-07-28T03:45:09.243236,sensor.upnp_igd_packets_received,46275816,46277792,"{""state_class"": ""total_increasing"", ""unit_of_measurement"": ""packets"", ""friendly_name"": ""UPNP IGD Packets received""}"
2025-07-28T03:45:09.244695,sensor.upnp_igd_packets_sent,14967163,14967806,"{""state_class"": ""total_increasing"", ""unit_of_measurement"": ""packets"", ""friendly_name"": ""UPNP IGD Packets sent""}"
2025-07-28T03:45:09.246112,sensor.upnp_igd_uptime,501637,501667,"{""unit_of_measurement"": ""s"", ""device_class"": ""duration"", ""friendly_name"": ""UPNP IGD Uptime""}"
2025-07-28T03:45:09.247636,sensor.upnp_igd_download_speed,15.1163427457743,25.2151232008811,"{""state_class"": ""measurement"", ""unit_of_measurement"": ""KiB/s"", ""device_class"": ""data_rate"", ""friendly_name"": ""UPNP IGD Download speed""}"
2025-07-28T03:45:09.249053,sensor.upnp_igd_upload_speed,11.5302454305041,6.12122161945344,"{""state_class"": ""measurement"", ""unit_of_measurement"": ""KiB/s"", ""device_class"": ""data_rate"", ""friendly_name"": ""UPNP IGD Upload speed""}"
2025-07-28T03:45:09.250455,sensor.upnp_igd_packet_download_speed,67.1011630868268,65.8662912288067,"{""state_class"": ""measurement"", ""unit_of_measurement"": ""packets/s"", ""friendly_name"": ""UPNP IGD Packet download speed""}"
2025-07-28T03:45:09.251876,sensor.upnp_igd_packet_upload_speed,34.0005893435486,21.4332111640297,"{""state_class"": ""measurement"", ""unit_of_measurement"": ""packets/s"", ""friendly_name"": ""UPNP IGD Packet upload speed""}"
2025-07-28T03:45:10.260513,automation.aut_status_bruno,on,on,"{""id"": ""1751855857509"", ""last_triggered"": ""2025-07-28T06:45:10.252697+00:00"", ""mode"": ""single"", ""current"": 1, ""friendly_name"": ""aut-status-bruno""}"
2025-07-28T03:45:10.263944,automation.aut_status_bruno,on,on,"{""id"": ""1751855857509"", ""last_triggered"": ""2025-07-28T06:45:10.252697+00:00"", ""mode"": ""single"", ""current"": 0, ""friendly_name"": ""aut-status-bruno""}"
2025-07-28T03:45:39.239999,sensor.upnp_igd_data_received,2464307961,2464560658,"{""state_class"": ""total_increasing"", ""unit_of_measurement"": ""B"", ""device_class"": ""data_size"", ""friendly_name"": ""UPNP IGD Data received""}"
2025-07-28T03:45:39.241812,sensor.upnp_igd_data_sent,4068692565,4068795507,"{""state_class"": ""total_increasing"", ""unit_of_measurement"": ""B"", ""device_class"": ""data_size"", ""friendly_name"": ""UPNP IGD Data sent""}"
2025-07-28T03:45:39.243524,sensor.upnp_igd_packets_received,46277792,46279133,"{""state_class"": ""total_increasing"", ""unit_of_measurement"": ""packets"", ""friendly_name"": ""UPNP IGD Packets received""}"
2025-07-28T03:45:39.245276,sensor.upnp_igd_packets_sent,14967806,14968100,"{""state_class"": ""total_increasing"", ""unit_of_measurement"": ""packets"", ""friendly_name"": ""UPNP IGD Packets sent""}"
2025-07-28T03:45:39.247539,sensor.upnp_igd_uptime,501667,501697,"{""unit_of_measurement"": ""s"", ""device_class"": ""duration"", ""friendly_name"": ""UPNP IGD Uptime""}"
2025-07-28T03:45:39.249733,sensor.upnp_igd_download_speed,25.2151232008811,8.22540774112118,"{""state_class"": ""measurement"", ""unit_of_measurement"": ""KiB/s"", ""device_class"": ""data_rate"", ""friendly_name"": ""UPNP IGD Download speed""}"
2025-07-28T03:45:39.251344,sensor.upnp_igd_upload_speed,6.12122161945344,3.35081114412319,"{""state_class"": ""measurement"", ""unit_of_measurement"": ""KiB/s"", ""device_class"": ""data_rate"", ""friendly_name"": ""UPNP IGD Upload speed""}"
2025-07-28T03:45:39.252795,sensor.upnp_igd_packet_download_speed,65.8662912288067,44.6977934189316,"{""state_class"": ""measurement"", ""unit_of_measurement"": ""packets/s"", ""friendly_name"": ""UPNP IGD Packet download speed""}"
2025-07-28T03:45:39.254167,sensor.upnp_igd_packet_upload_speed,21.4332111640297,9.79951623054875,"{""state_class"": ""measurement"", ""unit_of_measurement"": ""packets/s"", ""friendly_name"": ""UPNP IGD Packet upload speed""}"
2025-07-28T03:46:09.237123,sensor.upnp_igd_data_received,2464560658,2464736188,"{""state_class"": ""total_increasing"", ""unit_of_measurement"": ""B"", ""device_class"": ""data_size"", ""friendly_name"": ""UPNP IGD Data received""}"
2025-07-28T03:46:09.239867,sensor.upnp_igd_data_sent,4068795507,4068885927,"{""state_class"": ""total_increasing"", ""unit_of_measurement"": ""B"", ""device_class"": ""data_size"", ""friendly_name"": ""UPNP IGD Data sent""}"
2025-07-28T03:46:09.241342,sensor.upnp_igd_packets_received,46279133,46280465,"{""state_class"": ""total_increasing"", ""unit_of_measurement"": ""packets"", ""friendly_name"": ""UPNP IGD Packets received""}"
2025-07-28T03:46:09.242773,sensor.upnp_igd_packets_sent,14968100,14968423,"{""state_class"": ""total_increasing"", ""unit_of_measurement"": ""packets"", ""friendly_name"": ""UPNP IGD Packets sent""}"
2025-07-28T03:46:09.244187,sensor.upnp_igd_uptime,501697,501727,"{""unit_of_measurement"": ""s"", ""device_class"": ""duration"", ""friendly_name"": ""UPNP IGD Uptime""}"
2025-07-28T03:46:09.245595,sensor.upnp_igd_download_speed,8.22540774112118,5.71414813311655,"{""state_class"": ""measurement"", ""unit_of_measurement"": ""KiB/s"", ""device_class"": ""data_rate"", ""friendly_name"": ""UPNP IGD Download speed""}"
2025-07-28T03:46:09.247079,sensor.upnp_igd_upload_speed,3.35081114412319,2.94350409728478,"{""state_class"": ""measurement"", ""unit_of_measurement"": ""KiB/s"", ""device_class"": ""data_rate"", ""friendly_name"": ""UPNP IGD Upload speed""}"
2025-07-28T03:46:09.248632,sensor.upnp_igd_packet_download_speed,44.6977934189316,44.4021831073361,"{""state_class"": ""measurement"", ""unit_of_measurement"": ""packets/s"", ""friendly_name"": ""UPNP IGD Packet download speed""}"
2025-07-28T03:46:09.250009,sensor.upnp_igd_packet_upload_speed,9.79951623054875,10.767196053806,"{""state_class"": ""measurement"", ""unit_of_measurement"": ""packets/s"", ""friendly_name"": ""UPNP IGD Packet upload speed""}"
2025-07-28T03:46:10.260369,automation.aut_status_bruno,on,on,"{""id"": ""1751855857509"", ""last_triggered"": ""2025-07-28T06:46:10.253052+00:00"", ""mode"": ""single"", ""current"": 1, ""friendly_name"": ""aut-status-bruno""}"
2025-07-28T03:46:10.262370,automation.aut_status_bruno,on,on,"{""id"": ""1751855857509"", ""last_triggered"": ""2025-07-28T06:46:10.253052+00:00"", ""mode"": ""single"", ""current"": 0, ""friendly_name"": ""aut-status-bruno""}"
2025-07-28T03:46:39.238693,sensor.upnp_igd_data_received,2464736188,2464948748,"{""state_class"": ""total_increasing"", ""unit_of_measurement"": ""B"", ""device_class"": ""data_size"", ""friendly_name"": ""UPNP IGD Data received""}"
2025-07-28T03:46:39.241198,sensor.upnp_igd_data_sent,4068885927,4068976115,"{""state_class"": ""total_increasing"", ""unit_of_measurement"": ""B"", ""device_class"": ""data_size"", ""friendly_name"": ""UPNP IGD Data sent""}"
2025-07-28T03:46:39.242869,sensor.upnp_igd_packets_received,46280465,46281777,"{""state_class"": ""total_increasing"", ""unit_of_measurement"": ""packets"", ""friendly_name"": ""UPNP IGD Packets received""}"
2025-07-28T03:46:39.244512,sensor.upnp_igd_packets_sent,14968423,14968749,"{""state_class"": ""total_increasing"", ""unit_of_measurement"": ""packets"", ""friendly_name"": ""UPNP IGD Packets sent""}"
2025-07-28T03:46:39.246006,sensor.upnp_igd_uptime,501727,501757,"{""unit_of_measurement"": ""s"", ""device_class"": ""duration"", ""friendly_name"": ""UPNP IGD Uptime""}"
2025-07-28T03:46:39.247617,sensor.upnp_igd_download_speed,5.71414813311655,6.91901667478748,"{""state_class"": ""measurement"", ""unit_of_measurement"": ""KiB/s"", ""device_class"": ""data_rate"", ""friendly_name"": ""UPNP IGD Download speed""}"
2025-07-28T03:46:39.249088,sensor.upnp_igd_upload_speed,2.94350409728478,2.93569945364007,"{""state_class"": ""measurement"", ""unit_of_measurement"": ""KiB/s"", ""device_class"": ""data_rate"", ""friendly_name"": ""UPNP IGD Upload speed""}"
2025-07-28T03:46:39.250457,sensor.upnp_igd_packet_download_speed,44.4021831073361,43.7317269212311,"{""state_class"": ""measurement"", ""unit_of_measurement"": ""packets/s"", ""friendly_name"": ""UPNP IGD Packet download speed""}"
2025-07-28T03:46:39.251890,sensor.upnp_igd_packet_upload_speed,10.767196053806,10.86626751244,"{""state_class"": ""measurement"", ""unit_of_measurement"": ""packets/s"", ""friendly_name"": ""UPNP IGD Packet upload speed""}"
2025-07-28T03:47:09.240626,sensor.upnp_igd_data_received,2464948748,2465021157,"{""state_class"": ""total_increasing"", ""unit_of_measurement"": ""B"", ""device_class"": ""data_size"", ""friendly_name"": ""UPNP IGD Data received""}"
2025-07-28T03:47:09.243796,sensor.upnp_igd_data_sent,4068976115,4068984213,"{""state_class"": ""total_increasing"", ""unit_of_measurement"": ""B"", ""device_class"": ""data_size"", ""friendly_name"": ""UPNP IGD Data sent""}"
2025-07-28T03:47:09.245516,sensor.upnp_igd_packets_received,46281777,46282802,"{""state_class"": ""total_increasing"", ""unit_of_measurement"": ""packets"", ""friendly_name"": ""UPNP IGD Packets received""}"
2025-07-28T03:47:09.246994,sensor.upnp_igd_packets_sent,14968749,14968806,"{""state_class"": ""total_increasing"", ""unit_of_measurement"": ""packets"", ""friendly_name"": ""UPNP IGD Packets sent""}"
2025-07-28T03:47:09.248534,sensor.upnp_igd_uptime,501757,501787,"{""unit_of_measurement"": ""s"", ""device_class"": ""duration"", ""friendly_name"": ""UPNP IGD Uptime""}"
2025-07-28T03:47:09.249982,sensor.upnp_igd_download_speed,6.91901667478748,2.35710520856483,"{""state_class"": ""measurement"", ""unit_of_measurement"": ""KiB/s"", ""device_class"": ""data_rate"", ""friendly_name"": ""UPNP IGD Download speed""}"
2025-07-28T03:47:09.251408,sensor.upnp_igd_upload_speed,2.93569945364007,0.263611401606955,"{""state_class"": ""measurement"", ""unit_of_measurement"": ""KiB/s"", ""device_class"": ""data_rate"", ""friendly_name"": ""UPNP IGD Upload speed""}"
2025-07-28T03:47:09.252838,sensor.upnp_igd_packet_download_speed,43.7317269212311,34.1672668716547,"{""state_class"": ""measurement"", ""unit_of_measurement"": ""packets/s"", ""friendly_name"": ""UPNP IGD Packet download speed""}"
2025-07-28T03:47:09.254207,sensor.upnp_igd_packet_upload_speed,10.86626751244,1.90003337725299,"{""state_class"": ""measurement"", ""unit_of_measurement"": ""packets/s"", ""friendly_name"": ""UPNP IGD Packet upload speed""}"
2025-07-28T03:47:10.260348,automation.aut_status_bruno,on,on,"{""id"": ""1751855857509"", ""last_triggered"": ""2025-07-28T06:47:10.253840+00:00"", ""mode"": ""single"", ""current"": 1, ""friendly_name"": ""aut-status-bruno""}"
2025-07-28T03:47:10.262518,automation.aut_status_bruno,on,on,"{""id"": ""1751855857509"", ""last_triggered"": ""2025-07-28T06:47:10.253840+00:00"", ""mode"": ""single"", ""current"": 0, ""friendly_name"": ""aut-status-bruno""}"
2025-07-28T03:47:39.259576,sensor.upnp_igd_data_received,2465021157,2465106924,"{""state_class"": ""total_increasing"", ""unit_of_measurement"": ""B"", ""device_class"": ""data_size"", ""friendly_name"": ""UPNP IGD Data received""}"
2025-07-28T03:47:39.262135,sensor.upnp_igd_data_sent,4068984213,4069006401,"{""state_class"": ""total_increasing"", ""unit_of_measurement"": ""B"", ""device_class"": ""data_size"", ""friendly_name"": ""UPNP IGD Data sent""}"
2025-07-28T03:47:39.263799,sensor.upnp_igd_packets_received,46282802,46283875,"{""state_class"": ""total_increasing"", ""unit_of_measurement"": ""packets"", ""friendly_name"": ""UPNP IGD Packets received""}"
2025-07-28T03:47:39.265209,sensor.upnp_igd_packets_sent,14968806,14968894,"{""state_class"": ""total_increasing"", ""unit_of_measurement"": ""packets"", ""friendly_name"": ""UPNP IGD Packets sent""}"
2025-07-28T03:47:39.266566,sensor.upnp_igd_uptime,501787,501817,"{""unit_of_measurement"": ""s"", ""device_class"": ""duration"", ""friendly_name"": ""UPNP IGD Uptime""}"
2025-07-28T03:47:39.268041,sensor.upnp_igd_download_speed,2.35710520856483,2.79193203620369,"{""state_class"": ""measurement"", ""unit_of_measurement"": ""KiB/s"", ""device_class"": ""data_rate"", ""friendly_name"": ""UPNP IGD Download speed""}"
2025-07-28T03:47:39.269523,sensor.upnp_igd_upload_speed,0.263611401606955,0.722275327565234,"{""state_class"": ""measurement"", ""unit_of_measurement"": ""KiB/s"", ""device_class"": ""data_rate"", ""friendly_name"": ""UPNP IGD Upload speed""}"
2025-07-28T03:47:39.270916,sensor.upnp_igd_packet_download_speed,34.1672668716547,35.7671471386766,"{""state_class"": ""measurement"", ""unit_of_measurement"": ""packets/s"", ""friendly_name"": ""UPNP IGD Packet download speed""}"
2025-07-28T03:47:39.272371,sensor.upnp_igd_packet_upload_speed,1.90003337725299,2.93337273830712,"{""state_class"": ""measurement"", ""unit_of_measurement"": ""packets/s"", ""friendly_name"": ""UPNP IGD Packet upload speed""}"
2025-07-28T03:47:49.412280,media_player.dlna_b13_box,unavailable,unknown,"{""friendly_name"": ""DLNA-B13 Box"", ""supported_features"": 512575}"
2025-07-28T03:47:52.788334,media_player.dlna_b13_box,unknown,unavailable,"{""friendly_name"": ""DLNA-B13 Box"", ""supported_features"": 512575}"
2025-07-28T03:47:53.114028,camera.192_168_0_33,idle,idle,"{""access_token"": ""95ab72ebdce8cca4e378a7b5945c0079274c6b9b09f563054bc7737c4392faa6"", ""entity_picture"": ""/api/camera_proxy/camera.192_168_0_33?token=95ab72ebdce8cca4e378a7b5945c0079274c6b9b09f563054bc7737c4392faa6"", ""friendly_name"": ""192_168_0_14"", ""supported_features"": 2}"
2025-07-28T03:47:53.115823,camera.admin_mainstream,idle,idle,"{""access_token"": ""ccfdf68825259829db87c4d8a16775169a7fbb119123a1d7e3fcc3d5e9134554"", ""entity_picture"": ""/api/camera_proxy/camera.admin_mainstream?token=ccfdf68825259829db87c4d8a16775169a7fbb119123a1d7e3fcc3d5e9134554"", ""friendly_name"": ""admin MainStream"", ""supported_features"": 2}"
2025-07-28T03:47:53.117399,camera.admin_substream,idle,idle,"{""access_token"": ""2d5a10697ad08364b7063103b886c511fcf6f4b8d5735b85f10216cc24b97554"", ""entity_picture"": ""/api/camera_proxy/camera.admin_substream?token=2d5a10697ad08364b7063103b886c511fcf6f4b8d5735b85f10216cc24b97554"", ""friendly_name"": ""admin SubStream"", ""supported_features"": 2}"
2025-07-28T03:48:09.238849,sensor.upnp_igd_data_received,2465106924,2465449409,"{""state_class"": ""total_increasing"", ""unit_of_measurement"": ""B"", ""device_class"": ""data_size"", ""friendly_name"": ""UPNP IGD Data received""}"
2025-07-28T03:48:09.240481,sensor.upnp_igd_data_sent,4069006401,4069020876,"{""state_class"": ""total_increasing"", ""unit_of_measurement"": ""B"", ""device_class"": ""data_size"", ""friendly_name"": ""UPNP IGD Data sent""}"
2025-07-28T03:48:09.241933,sensor.upnp_igd_packets_received,46283875,46285135,"{""state_class"": ""total_increasing"", ""unit_of_measurement"": ""packets"", ""friendly_name"": ""UPNP IGD Packets received""}"
2025-07-28T03:48:09.243290,sensor.upnp_igd_packets_sent,14968894,14969015,"{""state_class"": ""total_increasing"", ""unit_of_measurement"": ""packets"", ""friendly_name"": ""UPNP IGD Packets sent""}"
2025-07-28T03:48:09.244727,sensor.upnp_igd_uptime,501817,501847,"{""unit_of_measurement"": ""s"", ""device_class"": ""duration"", ""friendly_name"": ""UPNP IGD Uptime""}"
2025-07-28T03:48:09.246133,sensor.upnp_igd_download_speed,2.79193203620369,11.1487069163795,"{""state_class"": ""measurement"", ""unit_of_measurement"": ""KiB/s"", ""device_class"": ""data_rate"", ""friendly_name"": ""UPNP IGD Download speed""}"
2025-07-28T03:48:09.247540,sensor.upnp_igd_upload_speed,0.722275327565234,0.471195914024244,"{""state_class"": ""measurement"", ""unit_of_measurement"": ""KiB/s"", ""device_class"": ""data_rate"", ""friendly_name"": ""UPNP IGD Upload speed""}"
2025-07-28T03:48:09.248957,sensor.upnp_igd_packet_download_speed,35.7671471386766,42.0004018038439,"{""state_class"": ""measurement"", ""unit_of_measurement"": ""packets/s"", ""friendly_name"": ""UPNP IGD Packet download speed""}"
2025-07-28T03:48:09.250289,sensor.upnp_igd_packet_upload_speed,2.93337273830712,4.03337191925803,"{""state_class"": ""measurement"", ""unit_of_measurement"": ""packets/s"", ""friendly_name"": ""UPNP IGD Packet upload speed""}"
2025-07-28T03:48:10.258600,automation.aut_status_bruno,on,on,"{""id"": ""1751855857509"", ""last_triggered"": ""2025-07-28T06:48:10.252249+00:00"", ""mode"": ""single"", ""current"": 1, ""friendly_name"": ""aut-status-bruno""}"
2025-07-28T03:48:10.260902,automation.aut_status_bruno,on,on,"{""id"": ""1751855857509"", ""last_triggered"": ""2025-07-28T06:48:10.252249+00:00"", ""mode"": ""single"", ""current"": 0, ""friendly_name"": ""aut-status-bruno""}"
2025-07-28T03:48:39.236840,sensor.upnp_igd_data_received,2465449409,2465533288,"{""state_class"": ""total_increasing"", ""unit_of_measurement"": ""B"", ""device_class"": ""data_size"", ""friendly_name"": ""UPNP IGD Data received""}"
2025-07-28T03:48:39.239258,sensor.upnp_igd_data_sent,4069020876,4069038493,"{""state_class"": ""total_increasing"", ""unit_of_measurement"": ""B"", ""device_class"": ""data_size"", ""friendly_name"": ""UPNP IGD Data sent""}"
2025-07-28T03:48:39.240987,sensor.upnp_igd_packets_received,46285135,46286228,"{""state_class"": ""total_increasing"", ""unit_of_measurement"": ""packets"", ""friendly_name"": ""UPNP IGD Packets received""}"
2025-07-28T03:48:39.242381,sensor.upnp_igd_packets_sent,14969015,14969107,"{""state_class"": ""total_increasing"", ""unit_of_measurement"": ""packets"", ""friendly_name"": ""UPNP IGD Packets sent""}"
2025-07-28T03:48:39.243797,sensor.upnp_igd_uptime,501847,501877,"{""unit_of_measurement"": ""s"", ""device_class"": ""duration"", ""friendly_name"": ""UPNP IGD Uptime""}"
2025-07-28T03:48:39.245247,sensor.upnp_igd_download_speed,11.1487069163795,2.73044311503922,"{""state_class"": ""measurement"", ""unit_of_measurement"": ""KiB/s"", ""device_class"": ""data_rate"", ""friendly_name"": ""UPNP IGD Download speed""}"
2025-07-28T03:48:39.246621,sensor.upnp_igd_upload_speed,0.471195914024244,0.573471504877812,"{""state_class"": ""measurement"", ""unit_of_measurement"": ""KiB/s"", ""device_class"": ""data_rate"", ""friendly_name"": ""UPNP IGD Upload speed""}"
2025-07-28T03:48:39.248063,sensor.upnp_igd_packet_download_speed,42.0004018038439,36.4334256313449,"{""state_class"": ""measurement"", ""unit_of_measurement"": ""packets/s"", ""friendly_name"": ""UPNP IGD Packet download speed""}"
2025-07-28T03:48:39.249470,sensor.upnp_igd_packet_upload_speed,4.03337191925803,3.06667443557524,"{""state_class"": ""measurement"", ""unit_of_measurement"": ""packets/s"", ""friendly_name"": ""UPNP IGD Packet upload speed""}"
2025-07-28T03:49:09.237979,sensor.upnp_igd_data_received,2465533288,2465606672,"{""state_class"": ""total_increasing"", ""unit_of_measurement"": ""B"", ""device_class"": ""data_size"", ""friendly_name"": ""UPNP IGD Data received""}"
2025-07-28T03:49:09.239831,sensor.upnp_igd_data_sent,4069038493,4069044999,"{""state_class"": ""total_increasing"", ""unit_of_measurement"": ""B"", ""device_class"": ""data_size"", ""friendly_name"": ""UPNP IGD Data sent""}"
2025-07-28T03:49:09.241138,sensor.upnp_igd_packets_received,46286228,46287288,"{""state_class"": ""total_increasing"", ""unit_of_measurement"": ""packets"", ""friendly_name"": ""UPNP IGD Packets received""}"
2025-07-28T03:49:09.242335,sensor.upnp_igd_packets_sent,14969107,14969147,"{""state_class"": ""total_increasing"", ""unit_of_measurement"": ""packets"", ""friendly_name"": ""UPNP IGD Packets sent""}"
2025-07-28T03:49:09.244556,sensor.upnp_igd_uptime,501877,501907,"{""unit_of_measurement"": ""s"", ""device_class"": ""duration"", ""friendly_name"": ""UPNP IGD Uptime""}"
2025-07-28T03:49:09.246280,sensor.upnp_igd_download_speed,2.73044311503922,2.38877787705085,"{""state_class"": ""measurement"", ""unit_of_measurement"": ""KiB/s"", ""device_class"": ""data_rate"", ""friendly_name"": ""UPNP IGD Download speed""}"
2025-07-28T03:49:09.248121,sensor.upnp_igd_upload_speed,0.573471504877812,0.211781708112024,"{""state_class"": ""measurement"", ""unit_of_measurement"": ""KiB/s"", ""device_class"": ""data_rate"", ""friendly_name"": ""UPNP IGD Upload speed""}"
2025-07-28T03:49:09.249849,sensor.upnp_igd_packet_download_speed,36.4334256313449,35.332975292517,"{""state_class"": ""measurement"", ""unit_of_measurement"": ""packets/s"", ""friendly_name"": ""UPNP IGD Packet download speed""}"
2025-07-28T03:49:09.251650,sensor.upnp_igd_packet_upload_speed,3.06667443557524,1.33331982235913,"{""state_class"": ""measurement"", ""unit_of_measurement"": ""packets/s"", ""friendly_name"": ""UPNP IGD Packet upload speed""}"
2025-07-28T03:49:10.259897,automation.aut_status_bruno,on,on,"{""id"": ""1751855857509"", ""last_triggered"": ""2025-07-28T06:49:10.252650+00:00"", ""mode"": ""single"", ""current"": 1, ""friendly_name"": ""aut-status-bruno""}"
2025-07-28T03:49:10.262221,automation.aut_status_bruno,on,on,"{""id"": ""1751855857509"", ""last_triggered"": ""2025-07-28T06:49:10.252650+00:00"", ""mode"": ""single"", ""current"": 0, ""friendly_name"": ""aut-status-bruno""}"
2025-07-28T03:49:39.265062,sensor.upnp_igd_data_received,2465606672,2465697850,"{""state_class"": ""total_increasing"", ""unit_of_measurement"": ""B"", ""device_class"": ""data_size"", ""friendly_name"": ""UPNP IGD Data received""}"
2025-07-28T03:49:39.269252,sensor.upnp_igd_data_sent,4069044999,4069073550,"{""state_class"": ""total_increasing"", ""unit_of_measurement"": ""B"", ""device_class"": ""data_size"", ""friendly_name"": ""UPNP IGD Data sent""}"
2025-07-28T03:49:39.273128,sensor.upnp_igd_packets_received,46287288,46288380,"{""state_class"": ""total_increasing"", ""unit_of_measurement"": ""packets"", ""friendly_name"": ""UPNP IGD Packets received""}"
2025-07-28T03:49:39.276934,sensor.upnp_igd_packets_sent,14969147,14969252,"{""state_class"": ""total_increasing"", ""unit_of_measurement"": ""packets"", ""friendly_name"": ""UPNP IGD Packets sent""}"
2025-07-28T03:49:39.280594,sensor.upnp_igd_uptime,501907,501937,"{""unit_of_measurement"": ""s"", ""device_class"": ""duration"", ""friendly_name"": ""UPNP IGD Uptime""}"
2025-07-28T03:49:39.284513,sensor.upnp_igd_download_speed,2.38877787705085,2.9680084282278,"{""state_class"": ""measurement"", ""unit_of_measurement"": ""KiB/s"", ""device_class"": ""data_rate"", ""friendly_name"": ""UPNP IGD Download speed""}"
2025-07-28T03:49:39.288310,sensor.upnp_igd_upload_speed,0.211781708112024,0.929386569505054,"{""state_class"": ""measurement"", ""unit_of_measurement"": ""KiB/s"", ""device_class"": ""data_rate"", ""friendly_name"": ""UPNP IGD Upload speed""}"
2025-07-28T03:49:39.292261,sensor.upnp_igd_packet_download_speed,35.332975292517,36.3996881760046,"{""state_class"": ""measurement"", ""unit_of_measurement"": ""packets/s"", ""friendly_name"": ""UPNP IGD Packet download speed""}"
2025-07-28T03:49:39.296105,sensor.upnp_igd_packet_upload_speed,1.33331982235913,3.49997001692352,"{""state_class"": ""measurement"", ""unit_of_measurement"": ""packets/s"", ""friendly_name"": ""UPNP IGD Packet upload speed""}"
2025-07-28T03:50:09.237301,sensor.upnp_igd_data_received,2465697850,2465770155,"{""state_class"": ""total_increasing"", ""unit_of_measurement"": ""B"", ""device_class"": ""data_size"", ""friendly_name"": ""UPNP IGD Data received""}"
2025-07-28T03:50:09.240764,sensor.upnp_igd_data_sent,4069073550,4069084341,"{""state_class"": ""total_increasing"", ""unit_of_measurement"": ""B"", ""device_class"": ""data_size"", ""friendly_name"": ""UPNP IGD Data sent""}"
2025-07-28T03:50:09.242320,sensor.upnp_igd_packets_received,46288380,46289417,"{""state_class"": ""total_increasing"", ""unit_of_measurement"": ""packets"", ""friendly_name"": ""UPNP IGD Packets received""}"
2025-07-28T03:50:09.243783,sensor.upnp_igd_packets_sent,14969252,14969308,"{""state_class"": ""total_increasing"", ""unit_of_measurement"": ""packets"", ""friendly_name"": ""UPNP IGD Packets sent""}"
2025-07-28T03:50:09.245134,sensor.upnp_igd_uptime,501937,501967,"{""unit_of_measurement"": ""s"", ""device_class"": ""duration"", ""friendly_name"": ""UPNP IGD Uptime""}"
2025-07-28T03:50:09.246562,sensor.upnp_igd_download_speed,2.9680084282278,2.35368662331985,"{""state_class"": ""measurement"", ""unit_of_measurement"": ""KiB/s"", ""device_class"": ""data_rate"", ""friendly_name"": ""UPNP IGD Download speed""}"
2025-07-28T03:50:09.248049,sensor.upnp_igd_upload_speed,0.929386569505054,0.351270760697662,"{""state_class"": ""measurement"", ""unit_of_measurement"": ""KiB/s"", ""device_class"": ""data_rate"", ""friendly_name"": ""UPNP IGD Upload speed""}"
2025-07-28T03:50:09.249442,sensor.upnp_igd_packet_download_speed,36.3996881760046,34.5667876504234,"{""state_class"": ""measurement"", ""unit_of_measurement"": ""packets/s"", ""friendly_name"": ""UPNP IGD Packet download speed""}"
2025-07-28T03:50:09.250789,sensor.upnp_igd_packet_upload_speed,3.49997001692352,1.86667320002287,"{""state_class"": ""measurement"", ""unit_of_measurement"": ""packets/s"", ""friendly_name"": ""UPNP IGD Packet upload speed""}"
2025-07-28T03:50:10.262985,automation.aut_status_bruno,on,on,"{""id"": ""1751855857509"", ""last_triggered"": ""2025-07-28T06:50:10.254893+00:00"", ""mode"": ""single"", ""current"": 1, ""friendly_name"": ""aut-status-bruno""}"
2025-07-28T03:50:10.265086,automation.aut_status_bruno,on,on,"{""id"": ""1751855857509"", ""last_triggered"": ""2025-07-28T06:50:10.254893+00:00"", ""mode"": ""single"", ""current"": 0, ""friendly_name"": ""aut-status-bruno""}"
2025-07-28T03:50:39.241285,sensor.upnp_igd_data_received,2465770155,2465855570,"{""state_class"": ""total_increasing"", ""unit_of_measurement"": ""B"", ""device_class"": ""data_size"", ""friendly_name"": ""UPNP IGD Data received""}"
2025-07-28T03:50:39.244033,sensor.upnp_igd_data_sent,4069084341,4069117367,"{""state_class"": ""total_increasing"", ""unit_of_measurement"": ""B"", ""device_class"": ""data_size"", ""friendly_name"": ""UPNP IGD Data sent""}"
2025-07-28T03:50:39.245493,sensor.upnp_igd_packets_received,46289417,46290501,"{""state_class"": ""total_increasing"", ""unit_of_measurement"": ""packets"", ""friendly_name"": ""UPNP IGD Packets received""}"
2025-07-28T03:50:39.246838,sensor.upnp_igd_packets_sent,14969308,14969412,"{""state_class"": ""total_increasing"", ""unit_of_measurement"": ""packets"", ""friendly_name"": ""UPNP IGD Packets sent""}"
2025-07-28T03:50:39.248217,sensor.upnp_igd_uptime,501967,501997,"{""unit_of_measurement"": ""s"", ""device_class"": ""duration"", ""friendly_name"": ""UPNP IGD Uptime""}"
2025-07-28T03:50:39.249657,sensor.upnp_igd_download_speed,2.35368662331985,2.78046641231835,"{""state_class"": ""measurement"", ""unit_of_measurement"": ""KiB/s"", ""device_class"": ""data_rate"", ""friendly_name"": ""UPNP IGD Download speed""}"
2025-07-28T03:50:39.251037,sensor.upnp_igd_upload_speed,0.351270760697662,1.07507678666775,"{""state_class"": ""measurement"", ""unit_of_measurement"": ""KiB/s"", ""device_class"": ""data_rate"", ""friendly_name"": ""UPNP IGD Upload speed""}"
2025-07-28T03:50:39.252468,sensor.upnp_igd_packet_download_speed,34.5667876504234,36.1337259864891,"{""state_class"": ""measurement"", ""unit_of_measurement"": ""packets/s"", ""friendly_name"": ""UPNP IGD Packet download speed""}"
2025-07-28T03:50:39.253825,sensor.upnp_igd_packet_upload_speed,1.86667320002287,3.46670433818714,"{""state_class"": ""measurement"", ""unit_of_measurement"": ""packets/s"", ""friendly_name"": ""UPNP IGD Packet upload speed""}"
2025-07-28T03:51:09.239697,sensor.upnp_igd_data_received,2465855570,2465953665,"{""state_class"": ""total_increasing"", ""unit_of_measurement"": ""B"", ""device_class"": ""data_size"", ""friendly_name"": ""UPNP IGD Data received""}"
2025-07-28T03:51:09.242287,sensor.upnp_igd_data_sent,4069117367,4069173135,"{""state_class"": ""total_increasing"", ""unit_of_measurement"": ""B"", ""device_class"": ""data_size"", ""friendly_name"": ""UPNP IGD Data sent""}"
2025-07-28T03:51:09.243954,sensor.upnp_igd_packets_received,46290501,46291655,"{""state_class"": ""total_increasing"", ""unit_of_measurement"": ""packets"", ""friendly_name"": ""UPNP IGD Packets received""}"
2025-07-28T03:51:09.245382,sensor.upnp_igd_packets_sent,14969412,14969600,"{""state_class"": ""total_increasing"", ""unit_of_measurement"": ""packets"", ""friendly_name"": ""UPNP IGD Packets sent""}"
2025-07-28T03:51:09.246740,sensor.upnp_igd_uptime,501997,502027,"{""unit_of_measurement"": ""s"", ""device_class"": ""duration"", ""friendly_name"": ""UPNP IGD Uptime""}"
2025-07-28T03:51:09.248190,sensor.upnp_igd_download_speed,2.78046641231835,3.19321492234889,"{""state_class"": ""measurement"", ""unit_of_measurement"": ""KiB/s"", ""device_class"": ""data_rate"", ""friendly_name"": ""UPNP IGD Download speed""}"
2025-07-28T03:51:09.249636,sensor.upnp_igd_upload_speed,1.07507678666775,1.81537499148328,"{""state_class"": ""measurement"", ""unit_of_measurement"": ""KiB/s"", ""device_class"": ""data_rate"", ""friendly_name"": ""UPNP IGD Upload speed""}"
2025-07-28T03:51:09.251062,sensor.upnp_igd_packet_download_speed,36.1337259864891,38.4668872101533,"{""state_class"": ""measurement"", ""unit_of_measurement"": ""packets/s"", ""friendly_name"": ""UPNP IGD Packet download speed""}"
2025-07-28T03:51:09.252513,sensor.upnp_igd_packet_upload_speed,3.46670433818714,6.26670259576155,"{""state_class"": ""measurement"", ""unit_of_measurement"": ""packets/s"", ""friendly_name"": ""UPNP IGD Packet upload speed""}"
2025-07-28T03:51:10.259973,automation.aut_status_bruno,on,on,"{""id"": ""1751855857509"", ""last_triggered"": ""2025-07-28T06:51:10.252856+00:00"", ""mode"": ""single"", ""current"": 1, ""friendly_name"": ""aut-status-bruno""}"
2025-07-28T03:51:10.262082,automation.aut_status_bruno,on,on,"{""id"": ""1751855857509"", ""last_triggered"": ""2025-07-28T06:51:10.252856+00:00"", ""mode"": ""single"", ""current"": 0, ""friendly_name"": ""aut-status-bruno""}"
2025-07-28T03:51:39.238689,sensor.upnp_igd_data_received,2465953665,2466032642,"{""state_class"": ""total_increasing"", ""unit_of_measurement"": ""B"", ""device_class"": ""data_size"", ""friendly_name"": ""UPNP IGD Data received""}"
2025-07-28T03:51:39.240782,sensor.upnp_igd_data_sent,4069173135,4069189241,"{""state_class"": ""total_increasing"", ""unit_of_measurement"": ""B"", ""device_class"": ""data_size"", ""friendly_name"": ""UPNP IGD Data sent""}"
2025-07-28T03:51:39.242317,sensor.upnp_igd_packets_received,46291655,46292723,"{""state_class"": ""total_increasing"", ""unit_of_measurement"": ""packets"", ""friendly_name"": ""UPNP IGD Packets received""}"
2025-07-28T03:51:39.243802,sensor.upnp_igd_packets_sent,14969600,14969684,"{""state_class"": ""total_increasing"", ""unit_of_measurement"": ""packets"", ""friendly_name"": ""UPNP IGD Packets sent""}"
2025-07-28T03:51:39.245123,sensor.upnp_igd_uptime,502027,502057,"{""unit_of_measurement"": ""s"", ""device_class"": ""duration"", ""friendly_name"": ""UPNP IGD Uptime""}"
2025-07-28T03:51:39.246520,sensor.upnp_igd_download_speed,3.19321492234889,2.57083006518442,"{""state_class"": ""measurement"", ""unit_of_measurement"": ""KiB/s"", ""device_class"": ""data_rate"", ""friendly_name"": ""UPNP IGD Download speed""}"
2025-07-28T03:51:39.248211,sensor.upnp_igd_upload_speed,1.81537499148328,0.524276549246747,"{""state_class"": ""measurement"", ""unit_of_measurement"": ""KiB/s"", ""device_class"": ""data_rate"", ""friendly_name"": ""UPNP IGD Upload speed""}"
2025-07-28T03:51:39.250066,sensor.upnp_igd_packet_download_speed,38.4668872101533,35.5995039802445,"{""state_class"": ""measurement"", ""unit_of_measurement"": ""packets/s"", ""friendly_name"": ""UPNP IGD Packet download speed""}"
2025-07-28T03:51:39.251674,sensor.upnp_igd_packet_upload_speed,6.26670259576155,2.79996098721024,"{""state_class"": ""measurement"", ""unit_of_measurement"": ""packets/s"", ""friendly_name"": ""UPNP IGD Packet upload speed""}"
2025-07-28T03:52:09.240742,sensor.upnp_igd_data_received,2466032642,2466104774,"{""state_class"": ""total_increasing"", ""unit_of_measurement"": ""B"", ""device_class"": ""data_size"", ""friendly_name"": ""UPNP IGD Data received""}"
2025-07-28T03:52:09.242514,sensor.upnp_igd_data_sent,4069189241,4069196604,"{""state_class"": ""total_increasing"", ""unit_of_measurement"": ""B"", ""device_class"": ""data_size"", ""friendly_name"": ""UPNP IGD Data sent""}"
2025-07-28T03:52:09.244389,sensor.upnp_igd_packets_received,46292723,46293763,"{""state_class"": ""total_increasing"", ""unit_of_measurement"": ""packets"", ""friendly_name"": ""UPNP IGD Packets received""}"
2025-07-28T03:52:09.246114,sensor.upnp_igd_packets_sent,14969684,14969732,"{""state_class"": ""total_increasing"", ""unit_of_measurement"": ""packets"", ""friendly_name"": ""UPNP IGD Packets sent""}"
2025-07-28T03:52:09.247848,sensor.upnp_igd_uptime,502057,502087,"{""unit_of_measurement"": ""s"", ""device_class"": ""duration"", ""friendly_name"": ""UPNP IGD Uptime""}"
2025-07-28T03:52:09.249573,sensor.upnp_igd_download_speed,2.57083006518442,2.34804648365892,"{""state_class"": ""measurement"", ""unit_of_measurement"": ""KiB/s"", ""device_class"": ""data_rate"", ""friendly_name"": ""UPNP IGD Download speed""}"
2025-07-28T03:52:09.251247,sensor.upnp_igd_upload_speed,0.524276549246747,0.239680949636508,"{""state_class"": ""measurement"", ""unit_of_measurement"": ""KiB/s"", ""device_class"": ""data_rate"", ""friendly_name"": ""UPNP IGD Upload speed""}"
2025-07-28T03:52:09.253072,sensor.upnp_igd_packet_download_speed,35.5995039802445,34.6666608888899,"{""state_class"": ""measurement"", ""unit_of_measurement"": ""packets/s"", ""friendly_name"": ""UPNP IGD Packet download speed""}"
2025-07-28T03:52:09.255727,sensor.upnp_igd_packet_upload_speed,2.79996098721024,1.59999973333338,"{""state_class"": ""measurement"", ""unit_of_measurement"": ""packets/s"", ""friendly_name"": ""UPNP IGD Packet upload speed""}"
2025-07-28T03:52:10.261358,automation.aut_status_bruno,on,on,"{""id"": ""1751855857509"", ""last_triggered"": ""2025-07-28T06:52:10.252728+00:00"", ""mode"": ""single"", ""current"": 1, ""friendly_name"": ""aut-status-bruno""}"
2025-07-28T03:52:10.263859,automation.aut_status_bruno,on,on,"{""id"": ""1751855857509"", ""last_triggered"": ""2025-07-28T06:52:10.252728+00:00"", ""mode"": ""single"", ""current"": 0, ""friendly_name"": ""aut-status-bruno""}"
2025-07-28T03:52:39.255806,sensor.upnp_igd_data_received,2466104774,2466682887,"{""state_class"": ""total_increasing"", ""unit_of_measurement"": ""B"", ""device_class"": ""data_size"", ""friendly_name"": ""UPNP IGD Data received""}"
2025-07-28T03:52:39.259458,sensor.upnp_igd_data_sent,4069196604,4069232994,"{""state_class"": ""total_increasing"", ""unit_of_measurement"": ""B"", ""device_class"": ""data_size"", ""friendly_name"": ""UPNP IGD Data sent""}"
2025-07-28T03:52:39.260866,sensor.upnp_igd_packets_received,46293763,46295151,"{""state_class"": ""total_increasing"", ""unit_of_measurement"": ""packets"", ""friendly_name"": ""UPNP IGD Packets received""}"
2025-07-28T03:52:39.262093,sensor.upnp_igd_packets_sent,14969732,14969970,"{""state_class"": ""total_increasing"", ""unit_of_measurement"": ""packets"", ""friendly_name"": ""UPNP IGD Packets sent""}"
2025-07-28T03:52:39.263264,sensor.upnp_igd_uptime,502087,502117,"{""unit_of_measurement"": ""s"", ""device_class"": ""duration"", ""friendly_name"": ""UPNP IGD Uptime""}"
2025-07-28T03:52:39.265850,sensor.upnp_igd_download_speed,2.34804648365892,18.8188088984158,"{""state_class"": ""measurement"", ""unit_of_measurement"": ""KiB/s"", ""device_class"": ""data_rate"", ""friendly_name"": ""UPNP IGD Download speed""}"
2025-07-28T03:52:39.267682,sensor.upnp_igd_upload_speed,0.239680949636508,1.18457197090076,"{""state_class"": ""measurement"", ""unit_of_measurement"": ""KiB/s"", ""device_class"": ""data_rate"", ""friendly_name"": ""UPNP IGD Upload speed""}"
2025-07-28T03:52:39.269411,sensor.upnp_igd_packet_download_speed,34.6666608888899,46.2667314400907,"{""state_class"": ""measurement"", ""unit_of_measurement"": ""packets/s"", ""friendly_name"": ""UPNP IGD Packet download speed""}"
2025-07-28T03:52:39.271164,sensor.upnp_igd_packet_upload_speed,1.59999973333338,7.93334444001555,"{""state_class"": ""measurement"", ""unit_of_measurement"": ""packets/s"", ""friendly_name"": ""UPNP IGD Packet upload speed""}"
2025-07-28T03:52:53.115157,camera.192_168_0_33,idle,idle,"{""access_token"": ""58be9808becc0b10d0ee5c6e2afea294515c4ed325b7f05963671deef3aecc1c"", ""entity_picture"": ""/api/camera_proxy/camera.192_168_0_33?token=58be9808becc0b10d0ee5c6e2afea294515c4ed325b7f05963671deef3aecc1c"", ""friendly_name"": ""192_168_0_14"", ""supported_features"": 2}"
2025-07-28T03:52:53.117277,camera.admin_mainstream,idle,idle,"{""access_token"": ""9ab0869827fca73c8b512daf2ef8e35dc55a8128c059b3cf141209590bb491a3"", ""entity_picture"": ""/api/camera_proxy/camera.admin_mainstream?token=9ab0869827fca73c8b512daf2ef8e35dc55a8128c059b3cf141209590bb491a3"", ""friendly_name"": ""admin MainStream"", ""supported_features"": 2}"
2025-07-28T03:52:53.119270,camera.admin_substream,idle,idle,"{""access_token"": ""6a8e9e3a4501ba28e87b55bc5affc5f7605fecca8970663a627de1cef41ffb8c"", ""entity_picture"": ""/api/camera_proxy/camera.admin_substream?token=6a8e9e3a4501ba28e87b55bc5affc5f7605fecca8970663a627de1cef41ffb8c"", ""friendly_name"": ""admin SubStream"", ""supported_features"": 2}"
2025-07-28T03:53:04.252871,sensor.tauntaum_energy,225.008,225.009,"{""state_class"": ""total_increasing"", ""unit_of_measurement"": ""kWh"", ""device_class"": ""energy"", ""friendly_name"": ""Tauntaum Energy""}"
2025-07-28T03:53:04.255388,sensor.tauntaum_power,34,1,"{""state_class"": ""measurement"", ""power_consumption_start"": ""2025-07-28T06:39:39Z"", ""power_consumption_end"": ""2025-07-28T06:53:04Z"", ""unit_of_measurement"": ""W"", ""device_class"": ""power"", ""friendly_name"": ""Tauntaum Power""}"
2025-07-28T03:53:04.257556,sensor.tauntaum_energy_difference,0.009,0.001,"{""state_class"": ""total"", ""unit_of_measurement"": ""kWh"", ""device_class"": ""energy"", ""friendly_name"": ""Tauntaum Energy difference""}"
2025-07-28T03:53:04.259928,sensor.tauntaum_power_energy,0.00759327666627036,0.00760441166758537,"{""state_class"": ""total"", ""unit_of_measurement"": ""kWh"", ""device_class"": ""energy"", ""friendly_name"": ""Tauntaum Power energy""}"
2025-07-28T03:53:04.261366,sensor.tauntaum_energy_saved,0.001,0.0,"{""state_class"": ""total_increasing"", ""unit_of_measurement"": ""kWh"", ""device_class"": ""energy"", ""friendly_name"": ""Tauntaum Energy saved""}"
2025-07-28T03:53:09.237505,sensor.upnp_igd_data_received,2466682887,2466872660,"{""state_class"": ""total_increasing"", ""unit_of_measurement"": ""B"", ""device_class"": ""data_size"", ""friendly_name"": ""UPNP IGD Data received""}"
2025-07-28T03:53:09.240624,sensor.upnp_igd_data_sent,4069232994,4069262457,"{""state_class"": ""total_increasing"", ""unit_of_measurement"": ""B"", ""device_class"": ""data_size"", ""friendly_name"": ""UPNP IGD Data sent""}"
2025-07-28T03:53:09.242422,sensor.upnp_igd_packets_received,46295151,46296319,"{""state_class"": ""total_increasing"", ""unit_of_measurement"": ""packets"", ""friendly_name"": ""UPNP IGD Packets received""}"
2025-07-28T03:53:09.244244,sensor.upnp_igd_packets_sent,14969970,14970113,"{""state_class"": ""total_increasing"", ""unit_of_measurement"": ""packets"", ""friendly_name"": ""UPNP IGD Packets sent""}"
2025-07-28T03:53:09.245907,sensor.upnp_igd_uptime,502117,502147,"{""unit_of_measurement"": ""s"", ""device_class"": ""duration"", ""friendly_name"": ""UPNP IGD Uptime""}"
2025-07-28T03:53:09.247691,sensor.upnp_igd_download_speed,18.8188088984158,6.1775448111945,"{""state_class"": ""measurement"", ""unit_of_measurement"": ""KiB/s"", ""device_class"": ""data_rate"", ""friendly_name"": ""UPNP IGD Download speed""}"
2025-07-28T03:53:09.250247,sensor.upnp_igd_upload_speed,1.18457197090076,0.959087977595461,"{""state_class"": ""measurement"", ""unit_of_measurement"": ""KiB/s"", ""device_class"": ""data_rate"", ""friendly_name"": ""UPNP IGD Upload speed""}"
2025-07-28T03:53:09.251799,sensor.upnp_igd_packet_download_speed,46.2667314400907,38.9335747214966,"{""state_class"": ""measurement"", ""unit_of_measurement"": ""packets/s"", ""friendly_name"": ""UPNP IGD Packet download speed""}"
2025-07-28T03:53:09.255059,sensor.upnp_igd_packet_upload_speed,7.93334444001555,4.76669622018323,"{""state_class"": ""measurement"", ""unit_of_measurement"": ""packets/s"", ""friendly_name"": ""UPNP IGD Packet upload speed""}"
2025-07-28T03:53:10.259972,automation.aut_status_bruno,on,on,"{""id"": ""1751855857509"", ""last_triggered"": ""2025-07-28T06:53:10.252833+00:00"", ""mode"": ""single"", ""current"": 1, ""friendly_name"": ""aut-status-bruno""}"
2025-07-28T03:53:10.262574,automation.aut_status_bruno,on,on,"{""id"": ""1751855857509"", ""last_triggered"": ""2025-07-28T06:53:10.252833+00:00"", ""mode"": ""single"", ""current"": 0, ""friendly_name"": ""aut-status-bruno""}"
2025-07-28T03:53:39.238582,sensor.upnp_igd_data_received,2466872660,2466950611,"{""state_class"": ""total_increasing"", ""unit_of_measurement"": ""B"", ""device_class"": ""data_size"", ""friendly_name"": ""UPNP IGD Data received""}"
2025-07-28T03:53:39.241048,sensor.upnp_igd_data_sent,4069262457,4069277172,"{""state_class"": ""total_increasing"", ""unit_of_measurement"": ""B"", ""device_class"": ""data_size"", ""friendly_name"": ""UPNP IGD Data sent""}"
2025-07-28T03:53:39.242626,sensor.upnp_igd_packets_received,46296319,46297366,"{""state_class"": ""total_increasing"", ""unit_of_measurement"": ""packets"", ""friendly_name"": ""UPNP IGD Packets received""}"
2025-07-28T03:53:39.244231,sensor.upnp_igd_packets_sent,14970113,14970175,"{""state_class"": ""total_increasing"", ""unit_of_measurement"": ""packets"", ""friendly_name"": ""UPNP IGD Packets sent""}"
2025-07-28T03:53:39.245680,sensor.upnp_igd_uptime,502147,502177,"{""unit_of_measurement"": ""s"", ""device_class"": ""duration"", ""friendly_name"": ""UPNP IGD Uptime""}"
2025-07-28T03:53:39.247057,sensor.upnp_igd_download_speed,6.1775448111945,2.53747692116384,"{""state_class"": ""measurement"", ""unit_of_measurement"": ""KiB/s"", ""device_class"": ""data_rate"", ""friendly_name"": ""UPNP IGD Download speed""}"
2025-07-28T03:53:39.248551,sensor.upnp_igd_upload_speed,0.959087977595461,0.479005694537926,"{""state_class"": ""measurement"", ""unit_of_measurement"": ""KiB/s"", ""device_class"": ""data_rate"", ""friendly_name"": ""UPNP IGD Upload speed""}"
2025-07-28T03:53:39.249953,sensor.upnp_igd_packet_download_speed,38.9335747214966,34.9001302938198,"{""state_class"": ""measurement"", ""unit_of_measurement"": ""packets/s"", ""friendly_name"": ""UPNP IGD Packet download speed""}"
2025-07-28T03:53:39.251441,sensor.upnp_igd_packet_upload_speed,4.76669622018323,2.06667438225103,"{""state_class"": ""measurement"", ""unit_of_measurement"": ""packets/s"", ""friendly_name"": ""UPNP IGD Packet upload speed""}"
2025-07-28T03:54:09.248063,sensor.upnp_igd_data_received,2466950611,2467025370,"{""state_class"": ""total_increasing"", ""unit_of_measurement"": ""B"", ""device_class"": ""data_size"", ""friendly_name"": ""UPNP IGD Data received""}"
2025-07-28T03:54:09.250832,sensor.upnp_igd_data_sent,4069277172,4069285686,"{""state_class"": ""total_increasing"", ""unit_of_measurement"": ""B"", ""device_class"": ""data_size"", ""friendly_name"": ""UPNP IGD Data sent""}"
2025-07-28T03:54:09.252388,sensor.upnp_igd_packets_received,46297366,46298437,"{""state_class"": ""total_increasing"", ""unit_of_measurement"": ""packets"", ""friendly_name"": ""UPNP IGD Packets received""}"
2025-07-28T03:54:09.253778,sensor.upnp_igd_packets_sent,14970175,14970233,"{""state_class"": ""total_increasing"", ""unit_of_measurement"": ""packets"", ""friendly_name"": ""UPNP IGD Packets sent""}"
2025-07-28T03:54:09.255178,sensor.upnp_igd_uptime,502177,502207,"{""unit_of_measurement"": ""s"", ""device_class"": ""duration"", ""friendly_name"": ""UPNP IGD Uptime""}"
2025-07-28T03:54:09.256708,sensor.upnp_igd_download_speed,2.53747692116384,2.43352866975011,"{""state_class"": ""measurement"", ""unit_of_measurement"": ""KiB/s"", ""device_class"": ""data_rate"", ""friendly_name"": ""UPNP IGD Download speed""}"
2025-07-28T03:54:09.258104,sensor.upnp_igd_upload_speed,0.479005694537926,0.277144732998736,"{""state_class"": ""measurement"", ""unit_of_measurement"": ""KiB/s"", ""device_class"": ""data_rate"", ""friendly_name"": ""UPNP IGD Upload speed""}"
2025-07-28T03:54:09.259613,sensor.upnp_igd_packet_download_speed,34.9001302938198,35.6995228163784,"{""state_class"": ""measurement"", ""unit_of_measurement"": ""packets/s"", ""friendly_name"": ""UPNP IGD Packet download speed""}"
2025-07-28T03:54:09.261037,sensor.upnp_igd_packet_upload_speed,2.06667438225103,1.93330749145653,"{""state_class"": ""measurement"", ""unit_of_measurement"": ""packets/s"", ""friendly_name"": ""UPNP IGD Packet upload speed""}"
2025-07-28T03:54:10.261468,automation.aut_status_bruno,on,on,"{""id"": ""1751855857509"", ""last_triggered"": ""2025-07-28T06:54:10.252767+00:00"", ""mode"": ""single"", ""current"": 1, ""friendly_name"": ""aut-status-bruno""}"
2025-07-28T03:54:10.263557,automation.aut_status_bruno,on,on,"{""id"": ""1751855857509"", ""last_triggered"": ""2025-07-28T06:54:10.252767+00:00"", ""mode"": ""single"", ""current"": 0, ""friendly_name"": ""aut-status-bruno""}"
2025-07-28T03:54:39.270763,sensor.upnp_igd_data_received,2467025370,2467115127,"{""state_class"": ""total_increasing"", ""unit_of_measurement"": ""B"", ""device_class"": ""data_size"", ""friendly_name"": ""UPNP IGD Data received""}"
2025-07-28T03:54:39.275251,sensor.upnp_igd_data_sent,4069285686,4069313071,"{""state_class"": ""total_increasing"", ""unit_of_measurement"": ""B"", ""device_class"": ""data_size"", ""friendly_name"": ""UPNP IGD Data sent""}"
2025-07-28T03:54:39.277428,sensor.upnp_igd_packets_received,46298437,46299564,"{""state_class"": ""total_increasing"", ""unit_of_measurement"": ""packets"", ""friendly_name"": ""UPNP IGD Packets received""}"
2025-07-28T03:54:39.280684,sensor.upnp_igd_packets_sent,14970233,14970356,"{""state_class"": ""total_increasing"", ""unit_of_measurement"": ""packets"", ""friendly_name"": ""UPNP IGD Packets sent""}"
2025-07-28T03:54:39.284463,sensor.upnp_igd_uptime,502207,502237,"{""unit_of_measurement"": ""s"", ""device_class"": ""duration"", ""friendly_name"": ""UPNP IGD Uptime""}"
2025-07-28T03:54:39.286322,sensor.upnp_igd_download_speed,2.43352866975011,2.92175620971342,"{""state_class"": ""measurement"", ""unit_of_measurement"": ""KiB/s"", ""device_class"": ""data_rate"", ""friendly_name"": ""UPNP IGD Download speed""}"
2025-07-28T03:54:39.288478,sensor.upnp_igd_upload_speed,0.277144732998736,0.891432354055972,"{""state_class"": ""measurement"", ""unit_of_measurement"": ""KiB/s"", ""device_class"": ""data_rate"", ""friendly_name"": ""UPNP IGD Upload speed""}"
2025-07-28T03:54:39.290536,sensor.upnp_igd_packet_download_speed,35.6995228163784,37.56639493641,"{""state_class"": ""measurement"", ""unit_of_measurement"": ""packets/s"", ""friendly_name"": ""UPNP IGD Packet download speed""}"
2025-07-28T03:54:39.292472,sensor.upnp_igd_packet_upload_speed,1.93330749145653,4.09997034354785,"{""state_class"": ""measurement"", ""unit_of_measurement"": ""packets/s"", ""friendly_name"": ""UPNP IGD Packet upload speed""}"
2025-07-28T03:55:09.238965,sensor.upnp_igd_data_received,2467115127,2467304177,"{""state_class"": ""total_increasing"", ""unit_of_measurement"": ""B"", ""device_class"": ""data_size"", ""friendly_name"": ""UPNP IGD Data received""}"
2025-07-28T03:55:09.241835,sensor.upnp_igd_data_sent,4069313071,4069354002,"{""state_class"": ""total_increasing"", ""unit_of_measurement"": ""B"", ""device_class"": ""data_size"", ""friendly_name"": ""UPNP IGD Data sent""}"
2025-07-28T03:55:09.244396,sensor.upnp_igd_packets_received,46299564,46300750,"{""state_class"": ""total_increasing"", ""unit_of_measurement"": ""packets"", ""friendly_name"": ""UPNP IGD Packets received""}"
2025-07-28T03:55:09.245935,sensor.upnp_igd_packets_sent,14970356,14970552,"{""state_class"": ""total_increasing"", ""unit_of_measurement"": ""packets"", ""friendly_name"": ""UPNP IGD Packets sent""}"
2025-07-28T03:55:09.247273,sensor.upnp_igd_uptime,502237,502267,"{""unit_of_measurement"": ""s"", ""device_class"": ""duration"", ""friendly_name"": ""UPNP IGD Uptime""}"
2025-07-28T03:55:09.248754,sensor.upnp_igd_download_speed,2.92175620971342,6.15388396901431,"{""state_class"": ""measurement"", ""unit_of_measurement"": ""KiB/s"", ""device_class"": ""data_rate"", ""friendly_name"": ""UPNP IGD Download speed""}"
2025-07-28T03:55:09.250134,sensor.upnp_igd_upload_speed,0.891432354055972,1.33237040325694,"{""state_class"": ""measurement"", ""unit_of_measurement"": ""KiB/s"", ""device_class"": ""data_rate"", ""friendly_name"": ""UPNP IGD Upload speed""}"
2025-07-28T03:55:09.251577,sensor.upnp_igd_packet_download_speed,37.56639493641,39.5327719679714,"{""state_class"": ""measurement"", ""unit_of_measurement"": ""packets/s"", ""friendly_name"": ""UPNP IGD Packet download speed""}"
2025-07-28T03:55:09.252983,sensor.upnp_igd_packet_upload_speed,4.09997034354785,6.53324056131736,"{""state_class"": ""measurement"", ""unit_of_measurement"": ""packets/s"", ""friendly_name"": ""UPNP IGD Packet upload speed""}"
2025-07-28T03:55:10.261729,automation.aut_status_bruno,on,on,"{""id"": ""1751855857509"", ""last_triggered"": ""2025-07-28T06:55:10.253022+00:00"", ""mode"": ""single"", ""current"": 1, ""friendly_name"": ""aut-status-bruno""}"
2025-07-28T03:55:10.264995,automation.aut_status_bruno,on,on,"{""id"": ""1751855857509"", ""last_triggered"": ""2025-07-28T06:55:10.253022+00:00"", ""mode"": ""single"", ""current"": 0, ""friendly_name"": ""aut-status-bruno""}"
2025-07-28T03:55:39.250164,sensor.upnp_igd_data_received,2467304177,2467371494,"{""state_class"": ""total_increasing"", ""unit_of_measurement"": ""B"", ""device_class"": ""data_size"", ""friendly_name"": ""UPNP IGD Data received""}"
2025-07-28T03:55:39.253668,sensor.upnp_igd_data_sent,4069354002,4069365560,"{""state_class"": ""total_increasing"", ""unit_of_measurement"": ""B"", ""device_class"": ""data_size"", ""friendly_name"": ""UPNP IGD Data sent""}"
2025-07-28T03:55:39.255592,sensor.upnp_igd_packets_received,46300750,46301745,"{""state_class"": ""total_increasing"", ""unit_of_measurement"": ""packets"", ""friendly_name"": ""UPNP IGD Packets received""}"
2025-07-28T03:55:39.257329,sensor.upnp_igd_packets_sent,14970552,14970614,"{""state_class"": ""total_increasing"", ""unit_of_measurement"": ""packets"", ""friendly_name"": ""UPNP IGD Packets sent""}"
2025-07-28T03:55:39.258927,sensor.upnp_igd_uptime,502267,502297,"{""unit_of_measurement"": ""s"", ""device_class"": ""duration"", ""friendly_name"": ""UPNP IGD Uptime""}"
2025-07-28T03:55:39.260814,sensor.upnp_igd_download_speed,6.15388396901431,2.19136286650366,"{""state_class"": ""measurement"", ""unit_of_measurement"": ""KiB/s"", ""device_class"": ""data_rate"", ""friendly_name"": ""UPNP IGD Download speed""}"
2025-07-28T03:55:39.262559,sensor.upnp_igd_upload_speed,1.33237040325694,0.376246297533302,"{""state_class"": ""measurement"", ""unit_of_measurement"": ""KiB/s"", ""device_class"": ""data_rate"", ""friendly_name"": ""UPNP IGD Upload speed""}"
2025-07-28T03:55:39.264025,sensor.upnp_igd_packet_download_speed,39.5327719679714,33.167488114789,"{""state_class"": ""measurement"", ""unit_of_measurement"": ""packets/s"", ""friendly_name"": ""UPNP IGD Packet download speed""}"
2025-07-28T03:55:39.265309,sensor.upnp_igd_packet_upload_speed,6.53324056131736,2.06671785237881,"{""state_class"": ""measurement"", ""unit_of_measurement"": ""packets/s"", ""friendly_name"": ""UPNP IGD Packet upload speed""}"
2025-07-28T03:56:09.239250,sensor.upnp_igd_data_received,2467371494,2467445020,"{""state_class"": ""total_increasing"", ""unit_of_measurement"": ""B"", ""device_class"": ""data_size"", ""friendly_name"": ""UPNP IGD Data received""}"
2025-07-28T03:56:09.241226,sensor.upnp_igd_data_sent,4069365560,4069374499,"{""state_class"": ""total_increasing"", ""unit_of_measurement"": ""B"", ""device_class"": ""data_size"", ""friendly_name"": ""UPNP IGD Data sent""}"
2025-07-28T03:56:09.242722,sensor.upnp_igd_packets_received,46301745,46302793,"{""state_class"": ""total_increasing"", ""unit_of_measurement"": ""packets"", ""friendly_name"": ""UPNP IGD Packets received""}"
2025-07-28T03:56:09.244124,sensor.upnp_igd_packets_sent,14970614,14970674,"{""state_class"": ""total_increasing"", ""unit_of_measurement"": ""packets"", ""friendly_name"": ""UPNP IGD Packets sent""}"
2025-07-28T03:56:09.245456,sensor.upnp_igd_uptime,502297,502327,"{""unit_of_measurement"": ""s"", ""device_class"": ""duration"", ""friendly_name"": ""UPNP IGD Uptime""}"
2025-07-28T03:56:09.246950,sensor.upnp_igd_download_speed,2.19136286650366,2.39345064756041,"{""state_class"": ""measurement"", ""unit_of_measurement"": ""KiB/s"", ""device_class"": ""data_rate"", ""friendly_name"": ""UPNP IGD Download speed""}"
2025-07-28T03:56:09.249050,sensor.upnp_igd_upload_speed,0.376246297533302,0.290986254366381,"{""state_class"": ""measurement"", ""unit_of_measurement"": ""KiB/s"", ""device_class"": ""data_rate"", ""friendly_name"": ""UPNP IGD Upload speed""}"
2025-07-28T03:56:09.250868,sensor.upnp_igd_packet_download_speed,33.167488114789,34.933715275287,"{""state_class"": ""measurement"", ""unit_of_measurement"": ""packets/s"", ""friendly_name"": ""UPNP IGD Packet download speed""}"
2025-07-28T03:56:09.252397,sensor.upnp_igd_packet_upload_speed,2.06671785237881,2.00002186690574,"{""state_class"": ""measurement"", ""unit_of_measurement"": ""packets/s"", ""friendly_name"": ""UPNP IGD Packet upload speed""}"
2025-07-28T03:56:10.260785,automation.aut_status_bruno,on,on,"{""id"": ""1751855857509"", ""last_triggered"": ""2025-07-28T06:56:10.252480+00:00"", ""mode"": ""single"", ""current"": 1, ""friendly_name"": ""aut-status-bruno""}"
2025-07-28T03:56:10.262889,automation.aut_status_bruno,on,on,"{""id"": ""1751855857509"", ""last_triggered"": ""2025-07-28T06:56:10.252480+00:00"", ""mode"": ""single"", ""current"": 0, ""friendly_name"": ""aut-status-bruno""}"
2025-07-28T03:56:39.239383,sensor.upnp_igd_data_received,2467445020,2467527670,"{""state_class"": ""total_increasing"", ""unit_of_measurement"": ""B"", ""device_class"": ""data_size"", ""friendly_name"": ""UPNP IGD Data received""}"
2025-07-28T03:56:39.241906,sensor.upnp_igd_data_sent,4069374499,4069393461,"{""state_class"": ""total_increasing"", ""unit_of_measurement"": ""B"", ""device_class"": ""data_size"", ""friendly_name"": ""UPNP IGD Data sent""}"
2025-07-28T03:56:39.243589,sensor.upnp_igd_packets_received,46302793,46303855,"{""state_class"": ""total_increasing"", ""unit_of_measurement"": ""packets"", ""friendly_name"": ""UPNP IGD Packets received""}"
2025-07-28T03:56:39.245046,sensor.upnp_igd_packets_sent,14970674,14970739,"{""state_class"": ""total_increasing"", ""unit_of_measurement"": ""packets"", ""friendly_name"": ""UPNP IGD Packets sent""}"
2025-07-28T03:56:39.246466,sensor.upnp_igd_uptime,502327,502357,"{""unit_of_measurement"": ""s"", ""device_class"": ""duration"", ""friendly_name"": ""UPNP IGD Uptime""}"
2025-07-28T03:56:39.247976,sensor.upnp_igd_download_speed,2.39345064756041,2.69035211568066,"{""state_class"": ""measurement"", ""unit_of_measurement"": ""KiB/s"", ""device_class"": ""data_rate"", ""friendly_name"": ""UPNP IGD Download speed""}"
2025-07-28T03:56:39.249425,sensor.upnp_igd_upload_speed,0.290986254366381,0.617234807229725,"{""state_class"": ""measurement"", ""unit_of_measurement"": ""KiB/s"", ""device_class"": ""data_rate"", ""friendly_name"": ""UPNP IGD Upload speed""}"
2025-07-28T03:56:39.250814,sensor.upnp_igd_packet_download_speed,34.933715275287,35.3989793294293,"{""state_class"": ""measurement"", ""unit_of_measurement"": ""packets/s"", ""friendly_name"": ""UPNP IGD Packet download speed""}"
2025-07-28T03:56:39.252313,sensor.upnp_igd_packet_upload_speed,2.00002186690574,2.16660419624567,"{""state_class"": ""measurement"", ""unit_of_measurement"": ""packets/s"", ""friendly_name"": ""UPNP IGD Packet upload speed""}"
2025-07-28T03:57:09.238657,sensor.upnp_igd_data_received,2467527670,2467600677,"{""state_class"": ""total_increasing"", ""unit_of_measurement"": ""B"", ""device_class"": ""data_size"", ""friendly_name"": ""UPNP IGD Data received""}"
2025-07-28T03:57:09.241173,sensor.upnp_igd_data_sent,4069393461,4069401208,"{""state_class"": ""total_increasing"", ""unit_of_measurement"": ""B"", ""device_class"": ""data_size"", ""friendly_name"": ""UPNP IGD Data sent""}"
2025-07-28T03:57:09.242787,sensor.upnp_igd_packets_received,46303855,46304903,"{""state_class"": ""total_increasing"", ""unit_of_measurement"": ""packets"", ""friendly_name"": ""UPNP IGD Packets received""}"
2025-07-28T03:57:09.244338,sensor.upnp_igd_packets_sent,14970739,14970790,"{""state_class"": ""total_increasing"", ""unit_of_measurement"": ""packets"", ""friendly_name"": ""UPNP IGD Packets sent""}"
2025-07-28T03:57:09.245804,sensor.upnp_igd_uptime,502357,502387,"{""unit_of_measurement"": ""s"", ""device_class"": ""duration"", ""friendly_name"": ""UPNP IGD Uptime""}"
2025-07-28T03:57:09.247242,sensor.upnp_igd_download_speed,2.69035211568066,2.37654515780568,"{""state_class"": ""measurement"", ""unit_of_measurement"": ""KiB/s"", ""device_class"": ""data_rate"", ""friendly_name"": ""UPNP IGD Download speed""}"
2025-07-28T03:57:09.248694,sensor.upnp_igd_upload_speed,0.617234807229725,0.252182603551996,"{""state_class"": ""measurement"", ""unit_of_measurement"": ""KiB/s"", ""device_class"": ""data_rate"", ""friendly_name"": ""UPNP IGD Upload speed""}"
2025-07-28T03:57:09.250059,sensor.upnp_igd_packet_download_speed,35.3989793294293,34.9335569080975,"{""state_class"": ""measurement"", ""unit_of_measurement"": ""packets/s"", ""friendly_name"": ""UPNP IGD Packet download speed""}"
2025-07-28T03:57:09.251530,sensor.upnp_igd_packet_upload_speed,2.16660419624567,1.70001088006963,"{""state_class"": ""measurement"", ""unit_of_measurement"": ""packets/s"", ""friendly_name"": ""UPNP IGD Packet upload speed""}"
2025-07-28T03:57:10.260281,automation.aut_status_bruno,on,on,"{""id"": ""1751855857509"", ""last_triggered"": ""2025-07-28T06:57:10.252463+00:00"", ""mode"": ""single"", ""current"": 1, ""friendly_name"": ""aut-status-bruno""}"
2025-07-28T03:57:10.262433,automation.aut_status_bruno,on,on,"{""id"": ""1751855857509"", ""last_triggered"": ""2025-07-28T06:57:10.252463+00:00"", ""mode"": ""single"", ""current"": 0, ""friendly_name"": ""aut-status-bruno""}"
2025-07-28T03:57:39.237190,sensor.upnp_igd_data_received,2467600677,2467677702,"{""state_class"": ""total_increasing"", ""unit_of_measurement"": ""B"", ""device_class"": ""data_size"", ""friendly_name"": ""UPNP IGD Data received""}"
2025-07-28T03:57:39.239960,sensor.upnp_igd_data_sent,4069401208,4069415952,"{""state_class"": ""total_increasing"", ""unit_of_measurement"": ""B"", ""device_class"": ""data_size"", ""friendly_name"": ""UPNP IGD Data sent""}"
2025-07-28T03:57:39.241419,sensor.upnp_igd_packets_received,46304903,46305931,"{""state_class"": ""total_increasing"", ""unit_of_measurement"": ""packets"", ""friendly_name"": ""UPNP IGD Packets received""}"
2025-07-28T03:57:39.242809,sensor.upnp_igd_packets_sent,14970790,14970858,"{""state_class"": ""total_increasing"", ""unit_of_measurement"": ""packets"", ""friendly_name"": ""UPNP IGD Packets sent""}"
2025-07-28T03:57:39.244285,sensor.upnp_igd_uptime,502387,502417,"{""unit_of_measurement"": ""s"", ""device_class"": ""duration"", ""friendly_name"": ""UPNP IGD Uptime""}"
2025-07-28T03:57:39.245750,sensor.upnp_igd_download_speed,2.37654515780568,2.50738506462757,"{""state_class"": ""measurement"", ""unit_of_measurement"": ""KiB/s"", ""device_class"": ""data_rate"", ""friendly_name"": ""UPNP IGD Download speed""}"
2025-07-28T03:57:39.247155,sensor.upnp_igd_upload_speed,0.252182603551996,0.479959563685412,"{""state_class"": ""measurement"", ""unit_of_measurement"": ""KiB/s"", ""device_class"": ""data_rate"", ""friendly_name"": ""UPNP IGD Upload speed""}"
2025-07-28T03:57:39.248644,sensor.upnp_igd_packet_download_speed,34.9335569080975,34.2674982246236,"{""state_class"": ""measurement"", ""unit_of_measurement"": ""packets/s"", ""friendly_name"": ""UPNP IGD Packet download speed""}"
2025-07-28T03:57:39.250035,sensor.upnp_igd_packet_upload_speed,1.70001088006963,2.26672167244592,"{""state_class"": ""measurement"", ""unit_of_measurement"": ""packets/s"", ""friendly_name"": ""UPNP IGD Packet upload speed""}"
2025-07-28T03:57:49.386182,media_player.dlna_b13_box,unavailable,unknown,"{""friendly_name"": ""DLNA-B13 Box"", ""supported_features"": 512575}"
2025-07-28T03:57:52.787671,media_player.dlna_b13_box,unknown,unavailable,"{""friendly_name"": ""DLNA-B13 Box"", ""supported_features"": 512575}"
2025-07-28T03:57:53.115829,camera.192_168_0_33,idle,idle,"{""access_token"": ""7ea1799e6f7d74ba437a1db843b8903f718e20af993f49d06faad2c445f7af4d"", ""entity_picture"": ""/api/camera_proxy/camera.192_168_0_33?token=7ea1799e6f7d74ba437a1db843b8903f718e20af993f49d06faad2c445f7af4d"", ""friendly_name"": ""192_168_0_14"", ""supported_features"": 2}"
2025-07-28T03:57:53.117510,camera.admin_mainstream,idle,idle,"{""access_token"": ""30e19a3e9d583624afd01c419cfd74bccf0452966e420c81e197c77853e7cefc"", ""entity_picture"": ""/api/camera_proxy/camera.admin_mainstream?token=30e19a3e9d583624afd01c419cfd74bccf0452966e420c81e197c77853e7cefc"", ""friendly_name"": ""admin MainStream"", ""supported_features"": 2}"
2025-07-28T03:57:53.119113,camera.admin_substream,idle,idle,"{""access_token"": ""4eceb814657b5c5bcf5698beeb2b3c73f53ebb2310ae61d026a9b843c6cb85fa"", ""entity_picture"": ""/api/camera_proxy/camera.admin_substream?token=4eceb814657b5c5bcf5698beeb2b3c73f53ebb2310ae61d026a9b843c6cb85fa"", ""friendly_name"": ""admin SubStream"", ""supported_features"": 2}"
2025-07-28T03:58:09.239577,sensor.upnp_igd_data_received,2467677702,2468020215,"{""state_class"": ""total_increasing"", ""unit_of_measurement"": ""B"", ""device_class"": ""data_size"", ""friendly_name"": ""UPNP IGD Data received""}"
2025-07-28T03:58:09.243498,sensor.upnp_igd_data_sent,4069415952,4069430372,"{""state_class"": ""total_increasing"", ""unit_of_measurement"": ""B"", ""device_class"": ""data_size"", ""friendly_name"": ""UPNP IGD Data sent""}"
2025-07-28T03:58:09.245081,sensor.upnp_igd_packets_received,46305931,46307169,"{""state_class"": ""total_increasing"", ""unit_of_measurement"": ""packets"", ""friendly_name"": ""UPNP IGD Packets received""}"
2025-07-28T03:58:09.246483,sensor.upnp_igd_packets_sent,14970858,14970977,"{""state_class"": ""total_increasing"", ""unit_of_measurement"": ""packets"", ""friendly_name"": ""UPNP IGD Packets sent""}"
2025-07-28T03:58:09.247935,sensor.upnp_igd_uptime,502417,502447,"{""unit_of_measurement"": ""s"", ""device_class"": ""duration"", ""friendly_name"": ""UPNP IGD Uptime""}"
2025-07-28T03:58:09.249338,sensor.upnp_igd_download_speed,2.50738506462757,11.1490958574745,"{""state_class"": ""measurement"", ""unit_of_measurement"": ""KiB/s"", ""device_class"": ""data_rate"", ""friendly_name"": ""UPNP IGD Download speed""}"
2025-07-28T03:58:09.250749,sensor.upnp_igd_upload_speed,0.479959563685412,0.469383533660861,"{""state_class"": ""measurement"", ""unit_of_measurement"": ""KiB/s"", ""device_class"": ""data_rate"", ""friendly_name"": ""UPNP IGD Upload speed""}"
2025-07-28T03:58:09.252199,sensor.upnp_igd_packet_download_speed,34.2674982246236,41.2651274774118,"{""state_class"": ""measurement"", ""unit_of_measurement"": ""packets/s"", ""friendly_name"": ""UPNP IGD Packet download speed""}"
2025-07-28T03:58:09.253561,sensor.upnp_igd_packet_upload_speed,2.26672167244592,3.96651871551858,"{""state_class"": ""measurement"", ""unit_of_measurement"": ""packets/s"", ""friendly_name"": ""UPNP IGD Packet upload speed""}"
2025-07-28T03:58:10.258841,automation.aut_status_bruno,on,on,"{""id"": ""1751855857509"", ""last_triggered"": ""2025-07-28T06:58:10.252347+00:00"", ""mode"": ""single"", ""current"": 1, ""friendly_name"": ""aut-status-bruno""}"
2025-07-28T03:58:10.261155,automation.aut_status_bruno,on,on,"{""id"": ""1751855857509"", ""last_triggered"": ""2025-07-28T06:58:10.252347+00:00"", ""mode"": ""single"", ""current"": 0, ""friendly_name"": ""aut-status-bruno""}"
2025-07-28T03:58:17.688096,weather.home,partlycloudy,partlycloudy,"{""temperature"": 23.7, ""temperature_unit"": ""\u00b0C"", ""pressure_unit"": ""hPa"", ""wind_bearing"": 162, ""wind_speed"": 2.3, ""wind_speed_unit"": ""km/h"", ""visibility_unit"": ""km"", ""precipitation_unit"": ""mm"", ""friendly_name"": ""Home"", ""supported_features"": 3}"
2025-07-28T03:58:39.271712,sensor.upnp_igd_data_received,2468020215,2468105141,"{""state_class"": ""total_increasing"", ""unit_of_measurement"": ""B"", ""device_class"": ""data_size"", ""friendly_name"": ""UPNP IGD Data received""}"
2025-07-28T03:58:39.274427,sensor.upnp_igd_data_sent,4069430372,4069450216,"{""state_class"": ""total_increasing"", ""unit_of_measurement"": ""B"", ""device_class"": ""data_size"", ""friendly_name"": ""UPNP IGD Data sent""}"
2025-07-28T03:58:39.276087,sensor.upnp_igd_packets_received,46307169,46308225,"{""state_class"": ""total_increasing"", ""unit_of_measurement"": ""packets"", ""friendly_name"": ""UPNP IGD Packets received""}"
2025-07-28T03:58:39.277568,sensor.upnp_igd_packets_sent,14970977,14971082,"{""state_class"": ""total_increasing"", ""unit_of_measurement"": ""packets"", ""friendly_name"": ""UPNP IGD Packets sent""}"
2025-07-28T03:58:39.278893,sensor.upnp_igd_uptime,502447,502477,"{""unit_of_measurement"": ""s"", ""device_class"": ""duration"", ""friendly_name"": ""UPNP IGD Uptime""}"
2025-07-28T03:58:39.280344,sensor.upnp_igd_download_speed,11.1490958574745,2.76455702511692,"{""state_class"": ""measurement"", ""unit_of_measurement"": ""KiB/s"", ""device_class"": ""data_rate"", ""friendly_name"": ""UPNP IGD Download speed""}"
2025-07-28T03:58:39.281802,sensor.upnp_igd_upload_speed,0.469383533660861,0.645972606815582,"{""state_class"": ""measurement"", ""unit_of_measurement"": ""KiB/s"", ""device_class"": ""data_rate"", ""friendly_name"": ""UPNP IGD Upload speed""}"
2025-07-28T03:58:39.283181,sensor.upnp_igd_packet_download_speed,41.2651274774118,35.2004939802655,"{""state_class"": ""measurement"", ""unit_of_measurement"": ""packets/s"", ""friendly_name"": ""UPNP IGD Packet download speed""}"
2025-07-28T03:58:39.284588,sensor.upnp_igd_packet_upload_speed,3.96651871551858,3.50004911735595,"{""state_class"": ""measurement"", ""unit_of_measurement"": ""packets/s"", ""friendly_name"": ""UPNP IGD Packet upload speed""}"
2025-07-28T03:59:09.237055,sensor.upnp_igd_data_received,2468105141,2468175843,"{""state_class"": ""total_increasing"", ""unit_of_measurement"": ""B"", ""device_class"": ""data_size"", ""friendly_name"": ""UPNP IGD Data received""}"
2025-07-28T03:59:09.241171,sensor.upnp_igd_data_sent,4069450216,4069458731,"{""state_class"": ""total_increasing"", ""unit_of_measurement"": ""B"", ""device_class"": ""data_size"", ""friendly_name"": ""UPNP IGD Data sent""}"
2025-07-28T03:59:09.242791,sensor.upnp_igd_packets_received,46308225,46309235,"{""state_class"": ""total_increasing"", ""unit_of_measurement"": ""packets"", ""friendly_name"": ""UPNP IGD Packets received""}"
2025-07-28T03:59:09.244261,sensor.upnp_igd_packets_sent,14971082,14971136,"{""state_class"": ""total_increasing"", ""unit_of_measurement"": ""packets"", ""friendly_name"": ""UPNP IGD Packets sent""}"
2025-07-28T03:59:09.245629,sensor.upnp_igd_uptime,502477,502507,"{""unit_of_measurement"": ""s"", ""device_class"": ""duration"", ""friendly_name"": ""UPNP IGD Uptime""}"
2025-07-28T03:59:09.247057,sensor.upnp_igd_download_speed,2.76455702511692,2.30147300021953,"{""state_class"": ""measurement"", ""unit_of_measurement"": ""KiB/s"", ""device_class"": ""data_rate"", ""friendly_name"": ""UPNP IGD Download speed""}"
2025-07-28T03:59:09.248518,sensor.upnp_igd_upload_speed,0.645972606815582,0.277178051495987,"{""state_class"": ""measurement"", ""unit_of_measurement"": ""KiB/s"", ""device_class"": ""data_rate"", ""friendly_name"": ""UPNP IGD Upload speed""}"
2025-07-28T03:59:09.249927,sensor.upnp_igd_packet_download_speed,35.2004939802655,33.6663098037827,"{""state_class"": ""measurement"", ""unit_of_measurement"": ""packets/s"", ""friendly_name"": ""UPNP IGD Packet download speed""}"
2025-07-28T03:59:09.251304,sensor.upnp_igd_packet_upload_speed,3.50004911735595,1.79998092020225,"{""state_class"": ""measurement"", ""unit_of_measurement"": ""packets/s"", ""friendly_name"": ""UPNP IGD Packet upload speed""}"
2025-07-28T03:59:10.259775,automation.aut_status_bruno,on,on,"{""id"": ""1751855857509"", ""last_triggered"": ""2025-07-28T06:59:10.252984+00:00"", ""mode"": ""single"", ""current"": 1, ""friendly_name"": ""aut-status-bruno""}"
2025-07-28T03:59:10.262125,automation.aut_status_bruno,on,on,"{""id"": ""1751855857509"", ""last_triggered"": ""2025-07-28T06:59:10.252984+00:00"", ""mode"": ""single"", ""current"": 0, ""friendly_name"": ""aut-status-bruno""}"
2025-07-28T03:59:39.239075,sensor.upnp_igd_data_received,2468175843,2468262460,"{""state_class"": ""total_increasing"", ""unit_of_measurement"": ""B"", ""device_class"": ""data_size"", ""friendly_name"": ""UPNP IGD Data received""}"
2025-07-28T03:59:39.241597,sensor.upnp_igd_data_sent,4069458731,4069478476,"{""state_class"": ""total_increasing"", ""unit_of_measurement"": ""B"", ""device_class"": ""data_size"", ""friendly_name"": ""UPNP IGD Data sent""}"
2025-07-28T03:59:39.243226,sensor.upnp_igd_packets_received,46309235,46310304,"{""state_class"": ""total_increasing"", ""unit_of_measurement"": ""packets"", ""friendly_name"": ""UPNP IGD Packets received""}"
2025-07-28T03:59:39.244727,sensor.upnp_igd_packets_sent,14971136,14971227,"{""state_class"": ""total_increasing"", ""unit_of_measurement"": ""packets"", ""friendly_name"": ""UPNP IGD Packets sent""}"
2025-07-28T03:59:39.246071,sensor.upnp_igd_uptime,502507,502537,"{""unit_of_measurement"": ""s"", ""device_class"": ""duration"", ""friendly_name"": ""UPNP IGD Uptime""}"
2025-07-28T03:59:39.247490,sensor.upnp_igd_download_speed,2.30147300021953,2.8196564747928,"{""state_class"": ""measurement"", ""unit_of_measurement"": ""KiB/s"", ""device_class"": ""data_rate"", ""friendly_name"": ""UPNP IGD Download speed""}"
2025-07-28T03:59:39.248931,sensor.upnp_igd_upload_speed,0.277178051495987,0.642762010861424,"{""state_class"": ""measurement"", ""unit_of_measurement"": ""KiB/s"", ""device_class"": ""data_rate"", ""friendly_name"": ""UPNP IGD Upload speed""}"
2025-07-28T03:59:39.250312,sensor.upnp_igd_packet_download_speed,33.6663098037827,35.6345045207152,"{""state_class"": ""measurement"", ""unit_of_measurement"": ""packets/s"", ""friendly_name"": ""UPNP IGD Packet download speed""}"
2025-07-28T03:59:39.251891,sensor.upnp_igd_packet_upload_speed,1.79998092020225,3.03343303216566,"{""state_class"": ""measurement"", ""unit_of_measurement"": ""packets/s"", ""friendly_name"": ""UPNP IGD Packet upload speed""}"
