timestamp,entity_id,old_state,new_state,attributes
2025-08-08T18:00:10.268904,automation.aut_status_bruno,on,on,"{""id"": ""1751855857509"", ""last_triggered"": ""2025-08-08T21:00:10.253617+00:00"", ""mode"": ""single"", ""current"": 1, ""friendly_name"": ""aut-status-bruno""}"
2025-08-08T18:00:10.273228,automation.aut_status_bruno,on,on,"{""id"": ""1751855857509"", ""last_triggered"": ""2025-08-08T21:00:10.253617+00:00"", ""mode"": ""single"", ""current"": 0, ""friendly_name"": ""aut-status-bruno""}"
2025-08-08T18:00:25.157295,sensor.upnp_igd_data_received,1919888670,1919961668,"{""state_class"": ""total_increasing"", ""unit_of_measurement"": ""B"", ""device_class"": ""data_size"", ""friendly_name"": ""UPNP IGD Data received""}"
2025-08-08T18:00:25.164815,sensor.upnp_igd_data_sent,1238716297,1238726051,"{""state_class"": ""total_increasing"", ""unit_of_measurement"": ""B"", ""device_class"": ""data_size"", ""friendly_name"": ""UPNP IGD Data sent""}"
2025-08-08T18:00:25.168939,sensor.upnp_igd_packets_received,86587522,86588544,"{""state_class"": ""total_increasing"", ""unit_of_measurement"": ""packets"", ""friendly_name"": ""UPNP IGD Packets received""}"
2025-08-08T18:00:25.172353,sensor.upnp_igd_packets_sent,20767136,20767221,"{""state_class"": ""total_increasing"", ""unit_of_measurement"": ""packets"", ""friendly_name"": ""UPNP IGD Packets sent""}"
2025-08-08T18:00:25.176589,sensor.upnp_igd_uptime,1503353,1503383,"{""unit_of_measurement"": ""s"", ""device_class"": ""duration"", ""friendly_name"": ""UPNP IGD Uptime""}"
2025-08-08T18:00:25.180223,sensor.upnp_igd_download_speed,2.49389801156771,2.3762132170345,"{""state_class"": ""measurement"", ""unit_of_measurement"": ""KiB/s"", ""device_class"": ""data_rate"", ""friendly_name"": ""UPNP IGD Download speed""}"
2025-08-08T18:00:25.183935,sensor.upnp_igd_upload_speed,0.320111116059165,0.317509845734876,"{""state_class"": ""measurement"", ""unit_of_measurement"": ""KiB/s"", ""device_class"": ""data_rate"", ""friendly_name"": ""UPNP IGD Upload speed""}"
2025-08-08T18:00:25.188043,sensor.upnp_igd_packet_download_speed,34.5326783635337,34.0663260034066,"{""state_class"": ""measurement"", ""unit_of_measurement"": ""packets/s"", ""friendly_name"": ""UPNP IGD Packet download speed""}"
2025-08-08T18:00:25.191978,sensor.upnp_igd_packet_upload_speed,2.03329476850922,2.83330500028333,"{""state_class"": ""measurement"", ""unit_of_measurement"": ""packets/s"", ""friendly_name"": ""UPNP IGD Packet upload speed""}"
2025-08-08T18:00:55.150377,sensor.upnp_igd_data_received,1919961668,1920030974,"{""state_class"": ""total_increasing"", ""unit_of_measurement"": ""B"", ""device_class"": ""data_size"", ""friendly_name"": ""UPNP IGD Data received""}"
2025-08-08T18:00:55.152154,sensor.upnp_igd_data_sent,1238726051,1238733003,"{""state_class"": ""total_increasing"", ""unit_of_measurement"": ""B"", ""device_class"": ""data_size"", ""friendly_name"": ""UPNP IGD Data sent""}"
2025-08-08T18:00:55.153604,sensor.upnp_igd_packets_received,86588544,86589544,"{""state_class"": ""total_increasing"", ""unit_of_measurement"": ""packets"", ""friendly_name"": ""UPNP IGD Packets received""}"
2025-08-08T18:00:55.154946,sensor.upnp_igd_packets_sent,20767221,20767266,"{""state_class"": ""total_increasing"", ""unit_of_measurement"": ""packets"", ""friendly_name"": ""UPNP IGD Packets sent""}"
2025-08-08T18:00:55.156298,sensor.upnp_igd_uptime,1503383,1503413,"{""unit_of_measurement"": ""s"", ""device_class"": ""duration"", ""friendly_name"": ""UPNP IGD Uptime""}"
2025-08-08T18:00:55.157762,sensor.upnp_igd_download_speed,2.3762132170345,2.25611815962422,"{""state_class"": ""measurement"", ""unit_of_measurement"": ""KiB/s"", ""device_class"": ""data_rate"", ""friendly_name"": ""UPNP IGD Download speed""}"
2025-08-08T18:00:55.159208,sensor.upnp_igd_upload_speed,0.317509845734876,0.226308450144397,"{""state_class"": ""measurement"", ""unit_of_measurement"": ""KiB/s"", ""device_class"": ""data_rate"", ""friendly_name"": ""UPNP IGD Upload speed""}"
2025-08-08T18:00:55.160676,sensor.upnp_igd_packet_download_speed,34.0663260034066,33.3342711374947,"{""state_class"": ""measurement"", ""unit_of_measurement"": ""packets/s"", ""friendly_name"": ""UPNP IGD Packet download speed""}"
2025-08-08T18:00:55.162094,sensor.upnp_igd_packet_upload_speed,2.83330500028333,1.50004220118726,"{""state_class"": ""measurement"", ""unit_of_measurement"": ""packets/s"", ""friendly_name"": ""UPNP IGD Packet upload speed""}"
2025-08-08T18:01:10.260699,automation.aut_status_bruno,on,on,"{""id"": ""1751855857509"", ""last_triggered"": ""2025-08-08T21:01:10.252622+00:00"", ""mode"": ""single"", ""current"": 1, ""friendly_name"": ""aut-status-bruno""}"
2025-08-08T18:01:10.264457,automation.aut_status_bruno,on,on,"{""id"": ""1751855857509"", ""last_triggered"": ""2025-08-08T21:01:10.252622+00:00"", ""mode"": ""single"", ""current"": 0, ""friendly_name"": ""aut-status-bruno""}"
2025-08-08T18:01:25.147927,sensor.upnp_igd_data_received,1920030974,1920097557,"{""state_class"": ""total_increasing"", ""unit_of_measurement"": ""B"", ""device_class"": ""data_size"", ""friendly_name"": ""UPNP IGD Data received""}"
2025-08-08T18:01:25.149666,sensor.upnp_igd_data_sent,1238733003,1238739540,"{""state_class"": ""total_increasing"", ""unit_of_measurement"": ""B"", ""device_class"": ""data_size"", ""friendly_name"": ""UPNP IGD Data sent""}"
2025-08-08T18:01:25.151109,sensor.upnp_igd_packets_received,86589544,86590534,"{""state_class"": ""total_increasing"", ""unit_of_measurement"": ""packets"", ""friendly_name"": ""UPNP IGD Packets received""}"
2025-08-08T18:01:25.152618,sensor.upnp_igd_packets_sent,20767266,20767315,"{""state_class"": ""total_increasing"", ""unit_of_measurement"": ""packets"", ""friendly_name"": ""UPNP IGD Packets sent""}"
2025-08-08T18:01:25.153991,sensor.upnp_igd_uptime,1503413,1503443,"{""unit_of_measurement"": ""s"", ""device_class"": ""duration"", ""friendly_name"": ""UPNP IGD Uptime""}"
2025-08-08T18:01:25.155406,sensor.upnp_igd_download_speed,2.25611815962422,2.16739246246965,"{""state_class"": ""measurement"", ""unit_of_measurement"": ""KiB/s"", ""device_class"": ""data_rate"", ""friendly_name"": ""UPNP IGD Download speed""}"
2025-08-08T18:01:25.156828,sensor.upnp_igd_upload_speed,0.226308450144397,0.212790720261389,"{""state_class"": ""measurement"", ""unit_of_measurement"": ""KiB/s"", ""device_class"": ""data_rate"", ""friendly_name"": ""UPNP IGD Upload speed""}"
2025-08-08T18:01:25.158174,sensor.upnp_igd_packet_download_speed,33.3342711374947,32.9996513036846,"{""state_class"": ""measurement"", ""unit_of_measurement"": ""packets/s"", ""friendly_name"": ""UPNP IGD Packet download speed""}"
2025-08-08T18:01:25.159559,sensor.upnp_igd_packet_upload_speed,1.50004220118726,1.63331607462681,"{""state_class"": ""measurement"", ""unit_of_measurement"": ""packets/s"", ""friendly_name"": ""UPNP IGD Packet upload speed""}"
2025-08-08T18:01:55.149312,sensor.upnp_igd_data_received,1920097557,1920167143,"{""state_class"": ""total_increasing"", ""unit_of_measurement"": ""B"", ""device_class"": ""data_size"", ""friendly_name"": ""UPNP IGD Data received""}"
2025-08-08T18:01:55.151943,sensor.upnp_igd_data_sent,1238739540,1238745574,"{""state_class"": ""total_increasing"", ""unit_of_measurement"": ""B"", ""device_class"": ""data_size"", ""friendly_name"": ""UPNP IGD Data sent""}"
2025-08-08T18:01:55.153443,sensor.upnp_igd_packets_received,86590534,86591537,"{""state_class"": ""total_increasing"", ""unit_of_measurement"": ""packets"", ""friendly_name"": ""UPNP IGD Packets received""}"
2025-08-08T18:01:55.154829,sensor.upnp_igd_packets_sent,20767315,20767360,"{""state_class"": ""total_increasing"", ""unit_of_measurement"": ""packets"", ""friendly_name"": ""UPNP IGD Packets sent""}"
2025-08-08T18:01:55.156207,sensor.upnp_igd_uptime,1503443,1503473,"{""unit_of_measurement"": ""s"", ""device_class"": ""duration"", ""friendly_name"": ""UPNP IGD Uptime""}"
2025-08-08T18:01:55.157607,sensor.upnp_igd_download_speed,2.16739246246965,2.26507058925799,"{""state_class"": ""measurement"", ""unit_of_measurement"": ""KiB/s"", ""device_class"": ""data_rate"", ""friendly_name"": ""UPNP IGD Download speed""}"
2025-08-08T18:01:55.159003,sensor.upnp_igd_upload_speed,0.212790720261389,0.196410713873232,"{""state_class"": ""measurement"", ""unit_of_measurement"": ""KiB/s"", ""device_class"": ""data_rate"", ""friendly_name"": ""UPNP IGD Upload speed""}"
2025-08-08T18:01:55.160425,sensor.upnp_igd_packet_download_speed,32.9996513036846,33.4318768179,"{""state_class"": ""measurement"", ""unit_of_measurement"": ""packets/s"", ""friendly_name"": ""UPNP IGD Packet download speed""}"
2025-08-08T18:01:55.161775,sensor.upnp_igd_packet_upload_speed,1.63331607462681,1.49993465284696,"{""state_class"": ""measurement"", ""unit_of_measurement"": ""packets/s"", ""friendly_name"": ""UPNP IGD Packet upload speed""}"
2025-08-08T18:02:10.262109,automation.aut_status_bruno,on,on,"{""id"": ""1751855857509"", ""last_triggered"": ""2025-08-08T21:02:10.254072+00:00"", ""mode"": ""single"", ""current"": 1, ""friendly_name"": ""aut-status-bruno""}"
2025-08-08T18:02:10.264762,automation.aut_status_bruno,on,on,"{""id"": ""1751855857509"", ""last_triggered"": ""2025-08-08T21:02:10.254072+00:00"", ""mode"": ""single"", ""current"": 0, ""friendly_name"": ""aut-status-bruno""}"
2025-08-08T18:02:23.991967,sun.sun,below_horizon,below_horizon,"{""next_dawn"": ""2025-08-09T08:28:43.043300+00:00"", ""next_dusk"": ""2025-08-09T20:50:30.479845+00:00"", ""next_midnight"": ""2025-08-09T02:39:32+00:00"", ""next_noon"": ""2025-08-09T14:39:38+00:00"", ""next_rising"": ""2025-08-09T08:51:07.786841+00:00"", ""next_setting"": ""2025-08-09T20:28:06.098969+00:00"", ""elevation"": -8.84, ""azimuth"": 284.36, ""rising"": false, ""friendly_name"": ""Sun""}"
2025-08-08T18:02:25.150000,sensor.upnp_igd_data_received,1920167143,1920234854,"{""state_class"": ""total_increasing"", ""unit_of_measurement"": ""B"", ""device_class"": ""data_size"", ""friendly_name"": ""UPNP IGD Data received""}"
2025-08-08T18:02:25.153210,sensor.upnp_igd_data_sent,1238745574,1238749931,"{""state_class"": ""total_increasing"", ""unit_of_measurement"": ""B"", ""device_class"": ""data_size"", ""friendly_name"": ""UPNP IGD Data sent""}"
2025-08-08T18:02:25.154758,sensor.upnp_igd_packets_received,86591537,86592574,"{""state_class"": ""total_increasing"", ""unit_of_measurement"": ""packets"", ""friendly_name"": ""UPNP IGD Packets received""}"
2025-08-08T18:02:25.156271,sensor.upnp_igd_packets_sent,20767360,20767408,"{""state_class"": ""total_increasing"", ""unit_of_measurement"": ""packets"", ""friendly_name"": ""UPNP IGD Packets sent""}"
2025-08-08T18:02:25.157644,sensor.upnp_igd_uptime,1503473,1503503,"{""unit_of_measurement"": ""s"", ""device_class"": ""duration"", ""friendly_name"": ""UPNP IGD Uptime""}"
2025-08-08T18:02:25.159072,sensor.upnp_igd_download_speed,2.26507058925799,2.20421353974455,"{""state_class"": ""measurement"", ""unit_of_measurement"": ""KiB/s"", ""device_class"": ""data_rate"", ""friendly_name"": ""UPNP IGD Download speed""}"
2025-08-08T18:02:25.160507,sensor.upnp_igd_upload_speed,0.196410713873232,0.141834537854514,"{""state_class"": ""measurement"", ""unit_of_measurement"": ""KiB/s"", ""device_class"": ""data_rate"", ""friendly_name"": ""UPNP IGD Upload speed""}"
2025-08-08T18:02:25.161883,sensor.upnp_igd_packet_download_speed,33.4318768179,34.5679122637719,"{""state_class"": ""measurement"", ""unit_of_measurement"": ""packets/s"", ""friendly_name"": ""UPNP IGD Packet download speed""}"
2025-08-08T18:02:25.163263,sensor.upnp_igd_packet_upload_speed,1.49993465284696,1.60005765541085,"{""state_class"": ""measurement"", ""unit_of_measurement"": ""packets/s"", ""friendly_name"": ""UPNP IGD Packet upload speed""}"
2025-08-08T18:02:55.147855,sensor.upnp_igd_data_received,1920234854,1920303527,"{""state_class"": ""total_increasing"", ""unit_of_measurement"": ""B"", ""device_class"": ""data_size"", ""friendly_name"": ""UPNP IGD Data received""}"
2025-08-08T18:02:55.150355,sensor.upnp_igd_data_sent,1238749931,1238754857,"{""state_class"": ""total_increasing"", ""unit_of_measurement"": ""B"", ""device_class"": ""data_size"", ""friendly_name"": ""UPNP IGD Data sent""}"
2025-08-08T18:02:55.152056,sensor.upnp_igd_packets_received,86592574,86593569,"{""state_class"": ""total_increasing"", ""unit_of_measurement"": ""packets"", ""friendly_name"": ""UPNP IGD Packets received""}"
2025-08-08T18:02:55.153466,sensor.upnp_igd_packets_sent,20767408,20767444,"{""state_class"": ""total_increasing"", ""unit_of_measurement"": ""packets"", ""friendly_name"": ""UPNP IGD Packets sent""}"
2025-08-08T18:02:55.154795,sensor.upnp_igd_uptime,1503503,1503533,"{""unit_of_measurement"": ""s"", ""device_class"": ""duration"", ""friendly_name"": ""UPNP IGD Uptime""}"
2025-08-08T18:02:55.156271,sensor.upnp_igd_download_speed,2.20421353974455,2.23546889087624,"{""state_class"": ""measurement"", ""unit_of_measurement"": ""KiB/s"", ""device_class"": ""data_rate"", ""friendly_name"": ""UPNP IGD Download speed""}"
2025-08-08T18:02:55.157697,sensor.upnp_igd_upload_speed,0.141834537854514,0.160352973606168,"{""state_class"": ""measurement"", ""unit_of_measurement"": ""KiB/s"", ""device_class"": ""data_rate"", ""friendly_name"": ""UPNP IGD Upload speed""}"
2025-08-08T18:02:55.159025,sensor.upnp_igd_packet_download_speed,34.5679122637719,33.1669585359018,"{""state_class"": ""measurement"", ""unit_of_measurement"": ""packets/s"", ""friendly_name"": ""UPNP IGD Packet download speed""}"
2025-08-08T18:02:55.160397,sensor.upnp_igd_packet_upload_speed,1.60005765541085,1.20001056009293,"{""state_class"": ""measurement"", ""unit_of_measurement"": ""packets/s"", ""friendly_name"": ""UPNP IGD Packet upload speed""}"
2025-08-08T18:02:56.307628,camera.192_168_0_33,idle,idle,"{""access_token"": ""bf96481d33c57c265182fe66945ad0688ee99e50e7381b8de02b9b4ea5bc7ee3"", ""entity_picture"": ""/api/camera_proxy/camera.192_168_0_33?token=bf96481d33c57c265182fe66945ad0688ee99e50e7381b8de02b9b4ea5bc7ee3"", ""friendly_name"": ""192_168_0_14"", ""supported_features"": 2}"
2025-08-08T18:02:56.309336,camera.admin_mainstream,idle,idle,"{""access_token"": ""c106ad4208dce894f589868b9b0ea35a566be55452f8aa4fff8130ef633b5082"", ""entity_picture"": ""/api/camera_proxy/camera.admin_mainstream?token=c106ad4208dce894f589868b9b0ea35a566be55452f8aa4fff8130ef633b5082"", ""friendly_name"": ""admin MainStream"", ""supported_features"": 2}"
2025-08-08T18:02:56.310916,camera.admin_substream,idle,idle,"{""access_token"": ""ce746243feab24a12f54625ab7ea446982a1a581e6abded37f46ecd6383358c2"", ""entity_picture"": ""/api/camera_proxy/camera.admin_substream?token=ce746243feab24a12f54625ab7ea446982a1a581e6abded37f46ecd6383358c2"", ""friendly_name"": ""admin SubStream"", ""supported_features"": 2}"
2025-08-08T18:03:10.259600,automation.aut_status_bruno,on,on,"{""id"": ""1751855857509"", ""last_triggered"": ""2025-08-08T21:03:10.252549+00:00"", ""mode"": ""single"", ""current"": 1, ""friendly_name"": ""aut-status-bruno""}"
2025-08-08T18:03:10.262050,automation.aut_status_bruno,on,on,"{""id"": ""1751855857509"", ""last_triggered"": ""2025-08-08T21:03:10.252549+00:00"", ""mode"": ""single"", ""current"": 0, ""friendly_name"": ""aut-status-bruno""}"
2025-08-08T18:03:25.149644,sensor.upnp_igd_data_received,1920303527,1920369403,"{""state_class"": ""total_increasing"", ""unit_of_measurement"": ""B"", ""device_class"": ""data_size"", ""friendly_name"": ""UPNP IGD Data received""}"
2025-08-08T18:03:25.152300,sensor.upnp_igd_data_sent,1238754857,1238760386,"{""state_class"": ""total_increasing"", ""unit_of_measurement"": ""B"", ""device_class"": ""data_size"", ""friendly_name"": ""UPNP IGD Data sent""}"
2025-08-08T18:03:25.154401,sensor.upnp_igd_packets_received,86593569,86594575,"{""state_class"": ""total_increasing"", ""unit_of_measurement"": ""packets"", ""friendly_name"": ""UPNP IGD Packets received""}"
2025-08-08T18:03:25.155807,sensor.upnp_igd_packets_sent,20767444,20767494,"{""state_class"": ""total_increasing"", ""unit_of_measurement"": ""packets"", ""friendly_name"": ""UPNP IGD Packets sent""}"
2025-08-08T18:03:25.157458,sensor.upnp_igd_uptime,1503533,1503563,"{""unit_of_measurement"": ""s"", ""device_class"": ""duration"", ""friendly_name"": ""UPNP IGD Uptime""}"
2025-08-08T18:03:25.159164,sensor.upnp_igd_download_speed,2.23546889087624,2.14439089154978,"{""state_class"": ""measurement"", ""unit_of_measurement"": ""KiB/s"", ""device_class"": ""data_rate"", ""friendly_name"": ""UPNP IGD Download speed""}"
2025-08-08T18:03:25.160934,sensor.upnp_igd_upload_speed,0.160352973606168,0.17997961684648,"{""state_class"": ""measurement"", ""unit_of_measurement"": ""KiB/s"", ""device_class"": ""data_rate"", ""friendly_name"": ""UPNP IGD Upload speed""}"
2025-08-08T18:03:25.162625,sensor.upnp_igd_packet_download_speed,33.1669585359018,33.5331746096402,"{""state_class"": ""measurement"", ""unit_of_measurement"": ""packets/s"", ""friendly_name"": ""UPNP IGD Packet download speed""}"
2025-08-08T18:03:25.164456,sensor.upnp_igd_packet_upload_speed,1.20001056009293,1.66665877781512,"{""state_class"": ""measurement"", ""unit_of_measurement"": ""packets/s"", ""friendly_name"": ""UPNP IGD Packet upload speed""}"
2025-08-08T18:03:55.146489,sensor.upnp_igd_data_received,1920369403,1920979773,"{""state_class"": ""total_increasing"", ""unit_of_measurement"": ""B"", ""device_class"": ""data_size"", ""friendly_name"": ""UPNP IGD Data received""}"
2025-08-08T18:03:55.148447,sensor.upnp_igd_data_sent,1238760386,1238774501,"{""state_class"": ""total_increasing"", ""unit_of_measurement"": ""B"", ""device_class"": ""data_size"", ""friendly_name"": ""UPNP IGD Data sent""}"
2025-08-08T18:03:55.149897,sensor.upnp_igd_packets_received,86594575,86595945,"{""state_class"": ""total_increasing"", ""unit_of_measurement"": ""packets"", ""friendly_name"": ""UPNP IGD Packets received""}"
2025-08-08T18:03:55.151231,sensor.upnp_igd_packets_sent,20767494,20767620,"{""state_class"": ""total_increasing"", ""unit_of_measurement"": ""packets"", ""friendly_name"": ""UPNP IGD Packets sent""}"
2025-08-08T18:03:55.152586,sensor.upnp_igd_uptime,1503563,1503593,"{""unit_of_measurement"": ""s"", ""device_class"": ""duration"", ""friendly_name"": ""UPNP IGD Uptime""}"
2025-08-08T18:03:55.153998,sensor.upnp_igd_download_speed,2.14439089154978,19.8690190927627,"{""state_class"": ""measurement"", ""unit_of_measurement"": ""KiB/s"", ""device_class"": ""data_rate"", ""friendly_name"": ""UPNP IGD Download speed""}"
2025-08-08T18:03:55.155400,sensor.upnp_igd_upload_speed,0.17997961684648,0.459477373551035,"{""state_class"": ""measurement"", ""unit_of_measurement"": ""KiB/s"", ""device_class"": ""data_rate"", ""friendly_name"": ""UPNP IGD Upload speed""}"
2025-08-08T18:03:55.156795,sensor.upnp_igd_packet_download_speed,33.5331746096402,45.6671355159246,"{""state_class"": ""measurement"", ""unit_of_measurement"": ""packets/s"", ""friendly_name"": ""UPNP IGD Packet download speed""}"
2025-08-08T18:03:55.158214,sensor.upnp_igd_packet_upload_speed,1.66665877781512,4.2000431204427,"{""state_class"": ""measurement"", ""unit_of_measurement"": ""packets/s"", ""friendly_name"": ""UPNP IGD Packet upload speed""}"
2025-08-08T18:04:10.260761,automation.aut_status_bruno,on,on,"{""id"": ""1751855857509"", ""last_triggered"": ""2025-08-08T21:04:10.252483+00:00"", ""mode"": ""single"", ""current"": 1, ""friendly_name"": ""aut-status-bruno""}"
2025-08-08T18:04:10.263143,automation.aut_status_bruno,on,on,"{""id"": ""1751855857509"", ""last_triggered"": ""2025-08-08T21:04:10.252483+00:00"", ""mode"": ""single"", ""current"": 0, ""friendly_name"": ""aut-status-bruno""}"
2025-08-08T18:04:25.150863,sensor.upnp_igd_data_received,1920979773,1921043753,"{""state_class"": ""total_increasing"", ""unit_of_measurement"": ""B"", ""device_class"": ""data_size"", ""friendly_name"": ""UPNP IGD Data received""}"
2025-08-08T18:04:25.152749,sensor.upnp_igd_data_sent,1238774501,1238778607,"{""state_class"": ""total_increasing"", ""unit_of_measurement"": ""B"", ""device_class"": ""data_size"", ""friendly_name"": ""UPNP IGD Data sent""}"
2025-08-08T18:04:25.154290,sensor.upnp_igd_packets_received,86595945,86596921,"{""state_class"": ""total_increasing"", ""unit_of_measurement"": ""packets"", ""friendly_name"": ""UPNP IGD Packets received""}"
2025-08-08T18:04:25.155752,sensor.upnp_igd_packets_sent,20767620,20767665,"{""state_class"": ""total_increasing"", ""unit_of_measurement"": ""packets"", ""friendly_name"": ""UPNP IGD Packets sent""}"
2025-08-08T18:04:25.157073,sensor.upnp_igd_uptime,1503593,1503623,"{""unit_of_measurement"": ""s"", ""device_class"": ""duration"", ""friendly_name"": ""UPNP IGD Uptime""}"
2025-08-08T18:04:25.158516,sensor.upnp_igd_download_speed,19.8690190927627,2.08258746451745,"{""state_class"": ""measurement"", ""unit_of_measurement"": ""KiB/s"", ""device_class"": ""data_rate"", ""friendly_name"": ""UPNP IGD Download speed""}"
2025-08-08T18:04:25.159990,sensor.upnp_igd_upload_speed,0.459477373551035,0.133652768510607,"{""state_class"": ""measurement"", ""unit_of_measurement"": ""KiB/s"", ""device_class"": ""data_rate"", ""friendly_name"": ""UPNP IGD Upload speed""}"
2025-08-08T18:04:25.161370,sensor.upnp_igd_packet_download_speed,45.6671355159246,32.53185204967,"{""state_class"": ""measurement"", ""unit_of_measurement"": ""packets/s"", ""friendly_name"": ""UPNP IGD Packet download speed""}"
2025-08-08T18:04:25.162733,sensor.upnp_igd_packet_upload_speed,4.2000431204427,1.49993170310978,"{""state_class"": ""measurement"", ""unit_of_measurement"": ""packets/s"", ""friendly_name"": ""UPNP IGD Packet upload speed""}"
2025-08-08T18:04:55.147728,sensor.upnp_igd_data_received,1921043753,1921114456,"{""state_class"": ""total_increasing"", ""unit_of_measurement"": ""B"", ""device_class"": ""data_size"", ""friendly_name"": ""UPNP IGD Data received""}"
2025-08-08T18:04:55.149541,sensor.upnp_igd_data_sent,1238778607,1238783902,"{""state_class"": ""total_increasing"", ""unit_of_measurement"": ""B"", ""device_class"": ""data_size"", ""friendly_name"": ""UPNP IGD Data sent""}"
2025-08-08T18:04:55.151060,sensor.upnp_igd_packets_received,86596921,86597946,"{""state_class"": ""total_increasing"", ""unit_of_measurement"": ""packets"", ""friendly_name"": ""UPNP IGD Packets received""}"
2025-08-08T18:04:55.152536,sensor.upnp_igd_packets_sent,20767665,20767705,"{""state_class"": ""total_increasing"", ""unit_of_measurement"": ""packets"", ""friendly_name"": ""UPNP IGD Packets sent""}"
2025-08-08T18:04:55.153917,sensor.upnp_igd_uptime,1503623,1503653,"{""unit_of_measurement"": ""s"", ""device_class"": ""duration"", ""friendly_name"": ""UPNP IGD Uptime""}"
2025-08-08T18:04:55.155284,sensor.upnp_igd_download_speed,2.08258746451745,2.3016252352014,"{""state_class"": ""measurement"", ""unit_of_measurement"": ""KiB/s"", ""device_class"": ""data_rate"", ""friendly_name"": ""UPNP IGD Download speed""}"
2025-08-08T18:04:55.156978,sensor.upnp_igd_upload_speed,0.133652768510607,0.17237041738528,"{""state_class"": ""measurement"", ""unit_of_measurement"": ""KiB/s"", ""device_class"": ""data_rate"", ""friendly_name"": ""UPNP IGD Upload speed""}"
2025-08-08T18:04:55.158455,sensor.upnp_igd_packet_download_speed,32.53185204967,34.1680812252294,"{""state_class"": ""measurement"", ""unit_of_measurement"": ""packets/s"", ""friendly_name"": ""UPNP IGD Packet download speed""}"
2025-08-08T18:04:55.159939,sensor.upnp_igd_packet_upload_speed,1.49993170310978,1.33338853561871,"{""state_class"": ""measurement"", ""unit_of_measurement"": ""packets/s"", ""friendly_name"": ""UPNP IGD Packet upload speed""}"
2025-08-08T18:05:10.260880,automation.aut_status_bruno,on,on,"{""id"": ""1751855857509"", ""last_triggered"": ""2025-08-08T21:05:10.252411+00:00"", ""mode"": ""single"", ""current"": 1, ""friendly_name"": ""aut-status-bruno""}"
2025-08-08T18:05:10.264601,automation.aut_status_bruno,on,on,"{""id"": ""1751855857509"", ""last_triggered"": ""2025-08-08T21:05:10.252411+00:00"", ""mode"": ""single"", ""current"": 0, ""friendly_name"": ""aut-status-bruno""}"
2025-08-08T18:05:25.160142,sensor.upnp_igd_data_received,1921114456,1921181928,"{""state_class"": ""total_increasing"", ""unit_of_measurement"": ""B"", ""device_class"": ""data_size"", ""friendly_name"": ""UPNP IGD Data received""}"
2025-08-08T18:05:25.168202,sensor.upnp_igd_data_sent,1238783902,1238788650,"{""state_class"": ""total_increasing"", ""unit_of_measurement"": ""B"", ""device_class"": ""data_size"", ""friendly_name"": ""UPNP IGD Data sent""}"
2025-08-08T18:05:25.172975,sensor.upnp_igd_packets_received,86597946,86598979,"{""state_class"": ""total_increasing"", ""unit_of_measurement"": ""packets"", ""friendly_name"": ""UPNP IGD Packets received""}"
2025-08-08T18:05:25.177371,sensor.upnp_igd_packets_sent,20767705,20767754,"{""state_class"": ""total_increasing"", ""unit_of_measurement"": ""packets"", ""friendly_name"": ""UPNP IGD Packets sent""}"
2025-08-08T18:05:25.181204,sensor.upnp_igd_uptime,1503653,1503683,"{""unit_of_measurement"": ""s"", ""device_class"": ""duration"", ""friendly_name"": ""UPNP IGD Uptime""}"
2025-08-08T18:05:25.186397,sensor.upnp_igd_download_speed,2.3016252352014,2.19636170750853,"{""state_class"": ""measurement"", ""unit_of_measurement"": ""KiB/s"", ""device_class"": ""data_rate"", ""friendly_name"": ""UPNP IGD Download speed""}"
2025-08-08T18:05:25.190306,sensor.upnp_igd_upload_speed,0.17237041738528,0.15455782231519,"{""state_class"": ""measurement"", ""unit_of_measurement"": ""KiB/s"", ""device_class"": ""data_rate"", ""friendly_name"": ""UPNP IGD Upload speed""}"
2025-08-08T18:05:25.194148,sensor.upnp_igd_packet_download_speed,34.1680812252294,34.4334515548503,"{""state_class"": ""measurement"", ""unit_of_measurement"": ""packets/s"", ""friendly_name"": ""UPNP IGD Packet download speed""}"
2025-08-08T18:05:25.198152,sensor.upnp_igd_packet_upload_speed,1.33338853561871,1.63333894113036,"{""state_class"": ""measurement"", ""unit_of_measurement"": ""packets/s"", ""friendly_name"": ""UPNP IGD Packet upload speed""}"
2025-08-08T18:05:55.149566,sensor.upnp_igd_data_received,1921181928,1921250789,"{""state_class"": ""total_increasing"", ""unit_of_measurement"": ""B"", ""device_class"": ""data_size"", ""friendly_name"": ""UPNP IGD Data received""}"
2025-08-08T18:05:55.152034,sensor.upnp_igd_data_sent,1238788650,1238793758,"{""state_class"": ""total_increasing"", ""unit_of_measurement"": ""B"", ""device_class"": ""data_size"", ""friendly_name"": ""UPNP IGD Data sent""}"
2025-08-08T18:05:55.153592,sensor.upnp_igd_packets_received,86598979,86599977,"{""state_class"": ""total_increasing"", ""unit_of_measurement"": ""packets"", ""friendly_name"": ""UPNP IGD Packets received""}"
2025-08-08T18:05:55.154979,sensor.upnp_igd_packets_sent,20767754,20767792,"{""state_class"": ""total_increasing"", ""unit_of_measurement"": ""packets"", ""friendly_name"": ""UPNP IGD Packets sent""}"
2025-08-08T18:05:55.156341,sensor.upnp_igd_uptime,1503683,1503713,"{""unit_of_measurement"": ""s"", ""device_class"": ""duration"", ""friendly_name"": ""UPNP IGD Uptime""}"
2025-08-08T18:05:55.157751,sensor.upnp_igd_download_speed,2.19636170750853,2.24157610874101,"{""state_class"": ""measurement"", ""unit_of_measurement"": ""KiB/s"", ""device_class"": ""data_rate"", ""friendly_name"": ""UPNP IGD Download speed""}"
2025-08-08T18:05:55.159136,sensor.upnp_igd_upload_speed,0.15455782231519,0.166276568209133,"{""state_class"": ""measurement"", ""unit_of_measurement"": ""KiB/s"", ""device_class"": ""data_rate"", ""friendly_name"": ""UPNP IGD Upload speed""}"
2025-08-08T18:05:55.160571,sensor.upnp_igd_packet_download_speed,34.4334515548503,33.2667720114447,"{""state_class"": ""measurement"", ""unit_of_measurement"": ""packets/s"", ""friendly_name"": ""UPNP IGD Packet download speed""}"
2025-08-08T18:05:55.161945,sensor.upnp_igd_packet_upload_speed,1.63333894113036,1.26667067779048,"{""state_class"": ""measurement"", ""unit_of_measurement"": ""packets/s"", ""friendly_name"": ""UPNP IGD Packet upload speed""}"
2025-08-08T18:06:10.264251,automation.aut_status_bruno,on,on,"{""id"": ""1751855857509"", ""last_triggered"": ""2025-08-08T21:06:10.256154+00:00"", ""mode"": ""single"", ""current"": 1, ""friendly_name"": ""aut-status-bruno""}"
2025-08-08T18:06:10.266440,automation.aut_status_bruno,on,on,"{""id"": ""1751855857509"", ""last_triggered"": ""2025-08-08T21:06:10.256154+00:00"", ""mode"": ""single"", ""current"": 0, ""friendly_name"": ""aut-status-bruno""}"
2025-08-08T18:06:23.994119,sun.sun,below_horizon,below_horizon,"{""next_dawn"": ""2025-08-09T08:28:43.043300+00:00"", ""next_dusk"": ""2025-08-09T20:50:30.479845+00:00"", ""next_midnight"": ""2025-08-09T02:39:32+00:00"", ""next_noon"": ""2025-08-09T14:39:38+00:00"", ""next_rising"": ""2025-08-09T08:51:07.786841+00:00"", ""next_setting"": ""2025-08-09T20:28:06.098969+00:00"", ""elevation"": -9.79, ""azimuth"": 284.17, ""rising"": false, ""friendly_name"": ""Sun""}"
2025-08-08T18:06:25.147586,sensor.upnp_igd_data_received,1921250789,1921316502,"{""state_class"": ""total_increasing"", ""unit_of_measurement"": ""B"", ""device_class"": ""data_size"", ""friendly_name"": ""UPNP IGD Data received""}"
2025-08-08T18:06:25.150200,sensor.upnp_igd_data_sent,1238793758,1238797915,"{""state_class"": ""total_increasing"", ""unit_of_measurement"": ""B"", ""device_class"": ""data_size"", ""friendly_name"": ""UPNP IGD Data sent""}"
2025-08-08T18:06:25.151726,sensor.upnp_igd_packets_received,86599977,86600983,"{""state_class"": ""total_increasing"", ""unit_of_measurement"": ""packets"", ""friendly_name"": ""UPNP IGD Packets received""}"
2025-08-08T18:06:25.153159,sensor.upnp_igd_packets_sent,20767792,20767838,"{""state_class"": ""total_increasing"", ""unit_of_measurement"": ""packets"", ""friendly_name"": ""UPNP IGD Packets sent""}"
2025-08-08T18:06:25.154551,sensor.upnp_igd_uptime,1503713,1503743,"{""unit_of_measurement"": ""s"", ""device_class"": ""duration"", ""friendly_name"": ""UPNP IGD Uptime""}"
2025-08-08T18:06:25.156066,sensor.upnp_igd_download_speed,2.24157610874101,2.13911273541528,"{""state_class"": ""measurement"", ""unit_of_measurement"": ""KiB/s"", ""device_class"": ""data_rate"", ""friendly_name"": ""UPNP IGD Download speed""}"
2025-08-08T18:06:25.157447,sensor.upnp_igd_upload_speed,0.166276568209133,0.135320129063067,"{""state_class"": ""measurement"", ""unit_of_measurement"": ""KiB/s"", ""device_class"": ""data_rate"", ""friendly_name"": ""UPNP IGD Upload speed""}"
2025-08-08T18:06:25.158860,sensor.upnp_igd_packet_download_speed,33.2667720114447,33.5336105445138,"{""state_class"": ""measurement"", ""unit_of_measurement"": ""packets/s"", ""friendly_name"": ""UPNP IGD Packet download speed""}"
2025-08-08T18:06:25.160269,sensor.upnp_igd_packet_upload_speed,1.26667067779048,1.53334600899367,"{""state_class"": ""measurement"", ""unit_of_measurement"": ""packets/s"", ""friendly_name"": ""UPNP IGD Packet upload speed""}"
2025-08-08T18:06:55.148549,sensor.upnp_igd_data_received,1921316502,1921386459,"{""state_class"": ""total_increasing"", ""unit_of_measurement"": ""B"", ""device_class"": ""data_size"", ""friendly_name"": ""UPNP IGD Data received""}"
2025-08-08T18:06:55.150386,sensor.upnp_igd_data_sent,1238797915,1238804336,"{""state_class"": ""total_increasing"", ""unit_of_measurement"": ""B"", ""device_class"": ""data_size"", ""friendly_name"": ""UPNP IGD Data sent""}"
2025-08-08T18:06:55.151952,sensor.upnp_igd_packets_received,86600983,86601998,"{""state_class"": ""total_increasing"", ""unit_of_measurement"": ""packets"", ""friendly_name"": ""UPNP IGD Packets received""}"
2025-08-08T18:06:55.153340,sensor.upnp_igd_packets_sent,20767838,20767877,"{""state_class"": ""total_increasing"", ""unit_of_measurement"": ""packets"", ""friendly_name"": ""UPNP IGD Packets sent""}"
2025-08-08T18:06:55.154663,sensor.upnp_igd_uptime,1503743,1503773,"{""unit_of_measurement"": ""s"", ""device_class"": ""duration"", ""friendly_name"": ""UPNP IGD Uptime""}"
2025-08-08T18:06:55.156080,sensor.upnp_igd_download_speed,2.13911273541528,2.27718764593375,"{""state_class"": ""measurement"", ""unit_of_measurement"": ""KiB/s"", ""device_class"": ""data_rate"", ""friendly_name"": ""UPNP IGD Download speed""}"
2025-08-08T18:06:55.157481,sensor.upnp_igd_upload_speed,0.135320129063067,0.20901156245323,"{""state_class"": ""measurement"", ""unit_of_measurement"": ""KiB/s"", ""device_class"": ""data_rate"", ""friendly_name"": ""UPNP IGD Upload speed""}"
2025-08-08T18:06:55.158830,sensor.upnp_igd_packet_download_speed,33.5336105445138,33.8324649667325,"{""state_class"": ""measurement"", ""unit_of_measurement"": ""packets/s"", ""friendly_name"": ""UPNP IGD Packet download speed""}"
2025-08-08T18:06:55.160278,sensor.upnp_igd_packet_upload_speed,1.53334600899367,1.29996663418972,"{""state_class"": ""measurement"", ""unit_of_measurement"": ""packets/s"", ""friendly_name"": ""UPNP IGD Packet upload speed""}"
2025-08-08T18:07:10.275083,automation.aut_status_bruno,on,on,"{""id"": ""1751855857509"", ""last_triggered"": ""2025-08-08T21:07:10.253307+00:00"", ""mode"": ""single"", ""current"": 1, ""friendly_name"": ""aut-status-bruno""}"
2025-08-08T18:07:10.281498,automation.aut_status_bruno,on,on,"{""id"": ""1751855857509"", ""last_triggered"": ""2025-08-08T21:07:10.253307+00:00"", ""mode"": ""single"", ""current"": 0, ""friendly_name"": ""aut-status-bruno""}"
2025-08-08T18:07:25.147259,sensor.upnp_igd_data_received,1921386459,1921452442,"{""state_class"": ""total_increasing"", ""unit_of_measurement"": ""B"", ""device_class"": ""data_size"", ""friendly_name"": ""UPNP IGD Data received""}"
2025-08-08T18:07:25.150776,sensor.upnp_igd_data_sent,1238804336,1238808135,"{""state_class"": ""total_increasing"", ""unit_of_measurement"": ""B"", ""device_class"": ""data_size"", ""friendly_name"": ""UPNP IGD Data sent""}"
2025-08-08T18:07:25.152369,sensor.upnp_igd_packets_received,86601998,86603010,"{""state_class"": ""total_increasing"", ""unit_of_measurement"": ""packets"", ""friendly_name"": ""UPNP IGD Packets received""}"
2025-08-08T18:07:25.153835,sensor.upnp_igd_packets_sent,20767877,20767919,"{""state_class"": ""total_increasing"", ""unit_of_measurement"": ""packets"", ""friendly_name"": ""UPNP IGD Packets sent""}"
2025-08-08T18:07:25.155136,sensor.upnp_igd_uptime,1503773,1503803,"{""unit_of_measurement"": ""s"", ""device_class"": ""duration"", ""friendly_name"": ""UPNP IGD Uptime""}"
2025-08-08T18:07:25.156543,sensor.upnp_igd_download_speed,2.27718764593375,2.14791139305803,"{""state_class"": ""measurement"", ""unit_of_measurement"": ""KiB/s"", ""device_class"": ""data_rate"", ""friendly_name"": ""UPNP IGD Download speed""}"
2025-08-08T18:07:25.157993,sensor.upnp_igd_upload_speed,0.20901156245323,0.12366693515341,"{""state_class"": ""measurement"", ""unit_of_measurement"": ""KiB/s"", ""device_class"": ""data_rate"", ""friendly_name"": ""UPNP IGD Upload speed""}"
2025-08-08T18:07:25.159474,sensor.upnp_igd_packet_download_speed,33.8324649667325,33.7337617521076,"{""state_class"": ""measurement"", ""unit_of_measurement"": ""packets/s"", ""friendly_name"": ""UPNP IGD Packet download speed""}"
2025-08-08T18:07:25.160871,sensor.upnp_igd_packet_upload_speed,1.29996663418972,1.40001778022581,"{""state_class"": ""measurement"", ""unit_of_measurement"": ""packets/s"", ""friendly_name"": ""UPNP IGD Packet upload speed""}"
2025-08-08T18:07:50.697462,media_player.dlna_b13_box,unavailable,unknown,"{""friendly_name"": ""DLNA-B13 Box"", ""supported_features"": 512575}"
2025-08-08T18:07:53.788573,media_player.dlna_b13_box,unknown,unavailable,"{""friendly_name"": ""DLNA-B13 Box"", ""supported_features"": 512575}"
2025-08-08T18:07:55.164733,sensor.upnp_igd_data_received,1921452442,1921522379,"{""state_class"": ""total_increasing"", ""unit_of_measurement"": ""B"", ""device_class"": ""data_size"", ""friendly_name"": ""UPNP IGD Data received""}"
2025-08-08T18:07:55.167475,sensor.upnp_igd_data_sent,1238808135,1238815392,"{""state_class"": ""total_increasing"", ""unit_of_measurement"": ""B"", ""device_class"": ""data_size"", ""friendly_name"": ""UPNP IGD Data sent""}"
2025-08-08T18:07:55.169010,sensor.upnp_igd_packets_received,86603010,86604019,"{""state_class"": ""total_increasing"", ""unit_of_measurement"": ""packets"", ""friendly_name"": ""UPNP IGD Packets received""}"
2025-08-08T18:07:55.170350,sensor.upnp_igd_packets_sent,20767919,20767964,"{""state_class"": ""total_increasing"", ""unit_of_measurement"": ""packets"", ""friendly_name"": ""UPNP IGD Packets sent""}"
2025-08-08T18:07:55.171709,sensor.upnp_igd_uptime,1503803,1503833,"{""unit_of_measurement"": ""s"", ""device_class"": ""duration"", ""friendly_name"": ""UPNP IGD Uptime""}"
2025-08-08T18:07:55.173123,sensor.upnp_igd_download_speed,2.14791139305803,2.2765924719452,"{""state_class"": ""measurement"", ""unit_of_measurement"": ""KiB/s"", ""device_class"": ""data_rate"", ""friendly_name"": ""UPNP IGD Download speed""}"
2025-08-08T18:07:55.175061,sensor.upnp_igd_upload_speed,0.12366693515341,0.236230201022439,"{""state_class"": ""measurement"", ""unit_of_measurement"": ""KiB/s"", ""device_class"": ""data_rate"", ""friendly_name"": ""UPNP IGD Upload speed""}"
2025-08-08T18:07:55.176602,sensor.upnp_igd_packet_download_speed,33.7337617521076,33.6332952155988,"{""state_class"": ""measurement"", ""unit_of_measurement"": ""packets/s"", ""friendly_name"": ""UPNP IGD Packet download speed""}"
2025-08-08T18:07:55.178005,sensor.upnp_igd_packet_upload_speed,1.40001778022581,1.49999830000193,"{""state_class"": ""measurement"", ""unit_of_measurement"": ""packets/s"", ""friendly_name"": ""UPNP IGD Packet upload speed""}"
2025-08-08T18:07:56.308519,camera.192_168_0_33,idle,idle,"{""access_token"": ""8ee84bca2c838282f5463820bd81251772f3997a980538b510a2bad1b9bcc9c7"", ""entity_picture"": ""/api/camera_proxy/camera.192_168_0_33?token=8ee84bca2c838282f5463820bd81251772f3997a980538b510a2bad1b9bcc9c7"", ""friendly_name"": ""192_168_0_14"", ""supported_features"": 2}"
2025-08-08T18:07:56.310250,camera.admin_mainstream,idle,idle,"{""access_token"": ""1f004fde2239baf06059ae7acdf3202998bfe09633871754d2d1d2f48888bf86"", ""entity_picture"": ""/api/camera_proxy/camera.admin_mainstream?token=1f004fde2239baf06059ae7acdf3202998bfe09633871754d2d1d2f48888bf86"", ""friendly_name"": ""admin MainStream"", ""supported_features"": 2}"
2025-08-08T18:07:56.311896,camera.admin_substream,idle,idle,"{""access_token"": ""24f46d691e59c7adcaa0e07803ab8d505f5436e9c5721f3f6185a30f1857d80d"", ""entity_picture"": ""/api/camera_proxy/camera.admin_substream?token=24f46d691e59c7adcaa0e07803ab8d505f5436e9c5721f3f6185a30f1857d80d"", ""friendly_name"": ""admin SubStream"", ""supported_features"": 2}"
2025-08-08T18:08:10.259305,automation.aut_status_bruno,on,on,"{""id"": ""1751855857509"", ""last_triggered"": ""2025-08-08T21:08:10.252746+00:00"", ""mode"": ""single"", ""current"": 1, ""friendly_name"": ""aut-status-bruno""}"
2025-08-08T18:08:10.261660,automation.aut_status_bruno,on,on,"{""id"": ""1751855857509"", ""last_triggered"": ""2025-08-08T21:08:10.252746+00:00"", ""mode"": ""single"", ""current"": 0, ""friendly_name"": ""aut-status-bruno""}"
2025-08-08T18:08:25.150466,sensor.upnp_igd_data_received,1921522379,1921587821,"{""state_class"": ""total_increasing"", ""unit_of_measurement"": ""B"", ""device_class"": ""data_size"", ""friendly_name"": ""UPNP IGD Data received""}"
2025-08-08T18:08:25.152059,sensor.upnp_igd_data_sent,1238815392,1238819638,"{""state_class"": ""total_increasing"", ""unit_of_measurement"": ""B"", ""device_class"": ""data_size"", ""friendly_name"": ""UPNP IGD Data sent""}"
2025-08-08T18:08:25.153584,sensor.upnp_igd_packets_received,86604019,86605019,"{""state_class"": ""total_increasing"", ""unit_of_measurement"": ""packets"", ""friendly_name"": ""UPNP IGD Packets received""}"
2025-08-08T18:08:25.155016,sensor.upnp_igd_packets_sent,20767964,20768010,"{""state_class"": ""total_increasing"", ""unit_of_measurement"": ""packets"", ""friendly_name"": ""UPNP IGD Packets sent""}"
2025-08-08T18:08:25.156433,sensor.upnp_igd_uptime,1503833,1503863,"{""unit_of_measurement"": ""s"", ""device_class"": ""duration"", ""friendly_name"": ""UPNP IGD Uptime""}"
2025-08-08T18:08:25.157822,sensor.upnp_igd_download_speed,2.2765924719452,2.13029914310966,"{""state_class"": ""measurement"", ""unit_of_measurement"": ""KiB/s"", ""device_class"": ""data_rate"", ""friendly_name"": ""UPNP IGD Download speed""}"
2025-08-08T18:08:25.159186,sensor.upnp_igd_upload_speed,0.236230201022439,0.138217813661618,"{""state_class"": ""measurement"", ""unit_of_measurement"": ""KiB/s"", ""device_class"": ""data_rate"", ""friendly_name"": ""UPNP IGD Upload speed""}"
2025-08-08T18:08:25.160684,sensor.upnp_igd_packet_download_speed,33.6332952155988,33.3337355604091,"{""state_class"": ""measurement"", ""unit_of_measurement"": ""packets/s"", ""friendly_name"": ""UPNP IGD Packet download speed""}"
2025-08-08T18:08:25.162060,sensor.upnp_igd_packet_upload_speed,1.49999830000193,1.53335183577882,"{""state_class"": ""measurement"", ""unit_of_measurement"": ""packets/s"", ""friendly_name"": ""UPNP IGD Packet upload speed""}"
2025-08-08T18:08:55.148348,sensor.upnp_igd_data_received,1921587821,1922201535,"{""state_class"": ""total_increasing"", ""unit_of_measurement"": ""B"", ""device_class"": ""data_size"", ""friendly_name"": ""UPNP IGD Data received""}"
2025-08-08T18:08:55.151183,sensor.upnp_igd_data_sent,1238819638,1238834190,"{""state_class"": ""total_increasing"", ""unit_of_measurement"": ""B"", ""device_class"": ""data_size"", ""friendly_name"": ""UPNP IGD Data sent""}"
2025-08-08T18:08:55.152771,sensor.upnp_igd_packets_received,86605019,86606431,"{""state_class"": ""total_increasing"", ""unit_of_measurement"": ""packets"", ""friendly_name"": ""UPNP IGD Packets received""}"
2025-08-08T18:08:55.154171,sensor.upnp_igd_packets_sent,20768010,20768149,"{""state_class"": ""total_increasing"", ""unit_of_measurement"": ""packets"", ""friendly_name"": ""UPNP IGD Packets sent""}"
2025-08-08T18:08:55.155587,sensor.upnp_igd_uptime,1503863,1503893,"{""unit_of_measurement"": ""s"", ""device_class"": ""duration"", ""friendly_name"": ""UPNP IGD Uptime""}"
2025-08-08T18:08:55.157002,sensor.upnp_igd_download_speed,2.13029914310966,19.9773329857281,"{""state_class"": ""measurement"", ""unit_of_measurement"": ""KiB/s"", ""device_class"": ""data_rate"", ""friendly_name"": ""UPNP IGD Download speed""}"
2025-08-08T18:08:55.158379,sensor.upnp_igd_upload_speed,0.138217813661618,0.473689942885961,"{""state_class"": ""measurement"", ""unit_of_measurement"": ""KiB/s"", ""device_class"": ""data_rate"", ""friendly_name"": ""UPNP IGD Upload speed""}"
2025-08-08T18:08:55.159860,sensor.upnp_igd_packet_download_speed,33.3337355604091,47.0658743911144,"{""state_class"": ""measurement"", ""unit_of_measurement"": ""packets/s"", ""friendly_name"": ""UPNP IGD Packet download speed""}"
2025-08-08T18:08:55.161428,sensor.upnp_igd_packet_upload_speed,1.53335183577882,4.63325534020177,"{""state_class"": ""measurement"", ""unit_of_measurement"": ""packets/s"", ""friendly_name"": ""UPNP IGD Packet upload speed""}"
2025-08-08T18:09:10.260452,automation.aut_status_bruno,on,on,"{""id"": ""1751855857509"", ""last_triggered"": ""2025-08-08T21:09:10.253145+00:00"", ""mode"": ""single"", ""current"": 1, ""friendly_name"": ""aut-status-bruno""}"
2025-08-08T18:09:10.262502,automation.aut_status_bruno,on,on,"{""id"": ""1751855857509"", ""last_triggered"": ""2025-08-08T21:09:10.253145+00:00"", ""mode"": ""single"", ""current"": 0, ""friendly_name"": ""aut-status-bruno""}"
2025-08-08T18:09:25.148825,sensor.upnp_igd_data_received,1922201535,1922268162,"{""state_class"": ""total_increasing"", ""unit_of_measurement"": ""B"", ""device_class"": ""data_size"", ""friendly_name"": ""UPNP IGD Data received""}"
2025-08-08T18:09:25.151552,sensor.upnp_igd_data_sent,1238834190,1238838214,"{""state_class"": ""total_increasing"", ""unit_of_measurement"": ""B"", ""device_class"": ""data_size"", ""friendly_name"": ""UPNP IGD Data sent""}"
2025-08-08T18:09:25.152917,sensor.upnp_igd_packets_received,86606431,86607450,"{""state_class"": ""total_increasing"", ""unit_of_measurement"": ""packets"", ""friendly_name"": ""UPNP IGD Packets received""}"
2025-08-08T18:09:25.154329,sensor.upnp_igd_packets_sent,20768149,20768193,"{""state_class"": ""total_increasing"", ""unit_of_measurement"": ""packets"", ""friendly_name"": ""UPNP IGD Packets sent""}"
2025-08-08T18:09:25.155763,sensor.upnp_igd_uptime,1503893,1503923,"{""unit_of_measurement"": ""s"", ""device_class"": ""duration"", ""friendly_name"": ""UPNP IGD Uptime""}"
2025-08-08T18:09:25.157159,sensor.upnp_igd_download_speed,19.9773329857281,2.16884180037714,"{""state_class"": ""measurement"", ""unit_of_measurement"": ""KiB/s"", ""device_class"": ""data_rate"", ""friendly_name"": ""UPNP IGD Download speed""}"
2025-08-08T18:09:25.158590,sensor.upnp_igd_upload_speed,0.473689942885961,0.130989229662413,"{""state_class"": ""measurement"", ""unit_of_measurement"": ""KiB/s"", ""device_class"": ""data_rate"", ""friendly_name"": ""UPNP IGD Upload speed""}"
2025-08-08T18:09:25.159980,sensor.upnp_igd_packet_download_speed,47.0658743911144,33.9665749569143,"{""state_class"": ""measurement"", ""unit_of_measurement"": ""packets/s"", ""friendly_name"": ""UPNP IGD Packet download speed""}"
2025-08-08T18:09:25.161343,sensor.upnp_igd_packet_upload_speed,4.63325534020177,1.46666270667736,"{""state_class"": ""measurement"", ""unit_of_measurement"": ""packets/s"", ""friendly_name"": ""UPNP IGD Packet upload speed""}"
2025-08-08T18:09:55.148557,sensor.upnp_igd_data_received,1922268162,1922337348,"{""state_class"": ""total_increasing"", ""unit_of_measurement"": ""B"", ""device_class"": ""data_size"", ""friendly_name"": ""UPNP IGD Data received""}"
2025-08-08T18:09:55.151299,sensor.upnp_igd_data_sent,1238838214,1238843759,"{""state_class"": ""total_increasing"", ""unit_of_measurement"": ""B"", ""device_class"": ""data_size"", ""friendly_name"": ""UPNP IGD Data sent""}"
2025-08-08T18:09:55.152906,sensor.upnp_igd_packets_received,86607450,86608450,"{""state_class"": ""total_increasing"", ""unit_of_measurement"": ""packets"", ""friendly_name"": ""UPNP IGD Packets received""}"
2025-08-08T18:09:55.154268,sensor.upnp_igd_packets_sent,20768193,20768236,"{""state_class"": ""total_increasing"", ""unit_of_measurement"": ""packets"", ""friendly_name"": ""UPNP IGD Packets sent""}"
2025-08-08T18:09:55.155653,sensor.upnp_igd_uptime,1503923,1503953,"{""unit_of_measurement"": ""s"", ""device_class"": ""duration"", ""friendly_name"": ""UPNP IGD Uptime""}"
2025-08-08T18:09:55.157055,sensor.upnp_igd_download_speed,2.16884180037714,2.25212591624084,"{""state_class"": ""measurement"", ""unit_of_measurement"": ""KiB/s"", ""device_class"": ""data_rate"", ""friendly_name"": ""UPNP IGD Download speed""}"
2025-08-08T18:09:55.158425,sensor.upnp_igd_upload_speed,0.130989229662413,0.180499497088362,"{""state_class"": ""measurement"", ""unit_of_measurement"": ""KiB/s"", ""device_class"": ""data_rate"", ""friendly_name"": ""UPNP IGD Upload speed""}"
2025-08-08T18:09:55.159884,sensor.upnp_igd_packet_download_speed,33.9665749569143,33.3330000033333,"{""state_class"": ""measurement"", ""unit_of_measurement"": ""packets/s"", ""friendly_name"": ""UPNP IGD Packet download speed""}"
2025-08-08T18:09:55.161268,sensor.upnp_igd_packet_upload_speed,1.46666270667736,1.43331900014333,"{""state_class"": ""measurement"", ""unit_of_measurement"": ""packets/s"", ""friendly_name"": ""UPNP IGD Packet upload speed""}"
2025-08-08T18:10:00.170921,automation.automacao_cortina,on,on,"{""id"": ""1747703519499"", ""last_triggered"": ""2025-08-08T21:10:00.160769+00:00"", ""mode"": ""single"", ""current"": 1, ""friendly_name"": ""automacao-cortina""}"
2025-08-08T18:10:00.174376,automation.automacao_cortina,on,on,"{""id"": ""1747703519499"", ""last_triggered"": ""2025-08-08T21:10:00.160769+00:00"", ""mode"": ""single"", ""current"": 0, ""friendly_name"": ""automacao-cortina""}"
2025-08-08T18:10:10.261154,automation.aut_status_bruno,on,on,"{""id"": ""1751855857509"", ""last_triggered"": ""2025-08-08T21:10:10.252343+00:00"", ""mode"": ""single"", ""current"": 1, ""friendly_name"": ""aut-status-bruno""}"
2025-08-08T18:10:10.263813,automation.aut_status_bruno,on,on,"{""id"": ""1751855857509"", ""last_triggered"": ""2025-08-08T21:10:10.252343+00:00"", ""mode"": ""single"", ""current"": 0, ""friendly_name"": ""aut-status-bruno""}"
2025-08-08T18:10:23.994342,sun.sun,below_horizon,below_horizon,"{""next_dawn"": ""2025-08-09T08:28:43.043300+00:00"", ""next_dusk"": ""2025-08-09T20:50:30.479845+00:00"", ""next_midnight"": ""2025-08-09T02:39:32+00:00"", ""next_noon"": ""2025-08-09T14:39:38+00:00"", ""next_rising"": ""2025-08-09T08:51:07.786841+00:00"", ""next_setting"": ""2025-08-09T20:28:06.098969+00:00"", ""elevation"": -10.74, ""azimuth"": 283.99, ""rising"": false, ""friendly_name"": ""Sun""}"
2025-08-08T18:10:25.166977,sensor.upnp_igd_data_received,1922337348,1922418900,"{""state_class"": ""total_increasing"", ""unit_of_measurement"": ""B"", ""device_class"": ""data_size"", ""friendly_name"": ""UPNP IGD Data received""}"
2025-08-08T18:10:25.175005,sensor.upnp_igd_data_sent,1238843759,1238861188,"{""state_class"": ""total_increasing"", ""unit_of_measurement"": ""B"", ""device_class"": ""data_size"", ""friendly_name"": ""UPNP IGD Data sent""}"
2025-08-08T18:10:25.178579,sensor.upnp_igd_packets_received,86608450,86609538,"{""state_class"": ""total_increasing"", ""unit_of_measurement"": ""packets"", ""friendly_name"": ""UPNP IGD Packets received""}"
2025-08-08T18:10:25.182077,sensor.upnp_igd_packets_sent,20768236,20768323,"{""state_class"": ""total_increasing"", ""unit_of_measurement"": ""packets"", ""friendly_name"": ""UPNP IGD Packets sent""}"
2025-08-08T18:10:25.184885,sensor.upnp_igd_uptime,1503953,1503983,"{""unit_of_measurement"": ""s"", ""device_class"": ""duration"", ""friendly_name"": ""UPNP IGD Uptime""}"
2025-08-08T18:10:25.187542,sensor.upnp_igd_download_speed,2.25212591624084,2.65474032933255,"{""state_class"": ""measurement"", ""unit_of_measurement"": ""KiB/s"", ""device_class"": ""data_rate"", ""friendly_name"": ""UPNP IGD Download speed""}"
2025-08-08T18:10:25.189551,sensor.upnp_igd_upload_speed,0.180499497088362,0.56736155091153,"{""state_class"": ""measurement"", ""unit_of_measurement"": ""KiB/s"", ""device_class"": ""data_rate"", ""friendly_name"": ""UPNP IGD Upload speed""}"
2025-08-08T18:10:25.191435,sensor.upnp_igd_packet_download_speed,33.3330000033333,36.2673883876956,"{""state_class"": ""measurement"", ""unit_of_measurement"": ""packets/s"", ""friendly_name"": ""UPNP IGD Packet download speed""}"
2025-08-08T18:10:25.193360,sensor.upnp_igd_packet_upload_speed,1.43331900014333,2.90005771114845,"{""state_class"": ""measurement"", ""unit_of_measurement"": ""packets/s"", ""friendly_name"": ""UPNP IGD Packet upload speed""}"
2025-08-08T18:10:31.078486,weather.forecast_home,clear-night,clear-night,"{""temperature"": 24.7, ""dew_point"": 19.0, ""temperature_unit"": ""\u00b0C"", ""humidity"": 71, ""cloud_coverage"": 0.8, ""uv_index"": 0.0, ""pressure"": 1015.4, ""pressure_unit"": ""hPa"", ""wind_bearing"": 159.1, ""wind_speed"": 13.7, ""wind_speed_unit"": ""km/h"", ""visibility_unit"": ""km"", ""precipitation_unit"": ""mm"", ""attribution"": ""Weather forecast from met.no, delivered by the Norwegian Meteorological Institute."", ""friendly_name"": ""Forecast Home"", ""supported_features"": 3}"
2025-08-08T18:10:55.154530,sensor.upnp_igd_data_received,1922418900,1922500988,"{""state_class"": ""total_increasing"", ""unit_of_measurement"": ""B"", ""device_class"": ""data_size"", ""friendly_name"": ""UPNP IGD Data received""}"
2025-08-08T18:10:55.156151,sensor.upnp_igd_data_sent,1238861188,1238869110,"{""state_class"": ""total_increasing"", ""unit_of_measurement"": ""B"", ""device_class"": ""data_size"", ""friendly_name"": ""UPNP IGD Data sent""}"
2025-08-08T18:10:55.157409,sensor.upnp_igd_packets_received,86609538,86610574,"{""state_class"": ""total_increasing"", ""unit_of_measurement"": ""packets"", ""friendly_name"": ""UPNP IGD Packets received""}"
2025-08-08T18:10:55.158989,sensor.upnp_igd_packets_sent,20768323,20768382,"{""state_class"": ""total_increasing"", ""unit_of_measurement"": ""packets"", ""friendly_name"": ""UPNP IGD Packets sent""}"
2025-08-08T18:10:55.160745,sensor.upnp_igd_uptime,1503983,1504013,"{""unit_of_measurement"": ""s"", ""device_class"": ""duration"", ""friendly_name"": ""UPNP IGD Uptime""}"
2025-08-08T18:10:55.162450,sensor.upnp_igd_download_speed,2.65474032933255,2.67200101501561,"{""state_class"": ""measurement"", ""unit_of_measurement"": ""KiB/s"", ""device_class"": ""data_rate"", ""friendly_name"": ""UPNP IGD Download speed""}"
2025-08-08T18:10:55.164354,sensor.upnp_igd_upload_speed,0.56736155091153,0.257864633575598,"{""state_class"": ""measurement"", ""unit_of_measurement"": ""KiB/s"", ""device_class"": ""data_rate"", ""friendly_name"": ""UPNP IGD Upload speed""}"
2025-08-08T18:10:55.166359,sensor.upnp_igd_packet_download_speed,36.2673883876956,34.5315963940347,"{""state_class"": ""measurement"", ""unit_of_measurement"": ""packets/s"", ""friendly_name"": ""UPNP IGD Packet download speed""}"
2025-08-08T18:10:55.168155,sensor.upnp_igd_packet_upload_speed,2.90005771114845,1.96656774830893,"{""state_class"": ""measurement"", ""unit_of_measurement"": ""packets/s"", ""friendly_name"": ""UPNP IGD Packet upload speed""}"
2025-08-08T18:11:10.259221,automation.aut_status_bruno,on,on,"{""id"": ""1751855857509"", ""last_triggered"": ""2025-08-08T21:11:10.252794+00:00"", ""mode"": ""single"", ""current"": 1, ""friendly_name"": ""aut-status-bruno""}"
2025-08-08T18:11:10.262516,automation.aut_status_bruno,on,on,"{""id"": ""1751855857509"", ""last_triggered"": ""2025-08-08T21:11:10.252794+00:00"", ""mode"": ""single"", ""current"": 0, ""friendly_name"": ""aut-status-bruno""}"
2025-08-08T18:11:25.169958,sensor.upnp_igd_data_received,1922500988,1922570788,"{""state_class"": ""total_increasing"", ""unit_of_measurement"": ""B"", ""device_class"": ""data_size"", ""friendly_name"": ""UPNP IGD Data received""}"
2025-08-08T18:11:25.172714,sensor.upnp_igd_data_sent,1238869110,1238872915,"{""state_class"": ""total_increasing"", ""unit_of_measurement"": ""B"", ""device_class"": ""data_size"", ""friendly_name"": ""UPNP IGD Data sent""}"
2025-08-08T18:11:25.174091,sensor.upnp_igd_packets_received,86610574,86611646,"{""state_class"": ""total_increasing"", ""unit_of_measurement"": ""packets"", ""friendly_name"": ""UPNP IGD Packets received""}"
2025-08-08T18:11:25.175289,sensor.upnp_igd_packets_sent,20768382,20768424,"{""state_class"": ""total_increasing"", ""unit_of_measurement"": ""packets"", ""friendly_name"": ""UPNP IGD Packets sent""}"
2025-08-08T18:11:25.177033,sensor.upnp_igd_uptime,1504013,1504043,"{""unit_of_measurement"": ""s"", ""device_class"": ""duration"", ""friendly_name"": ""UPNP IGD Uptime""}"
2025-08-08T18:11:25.178728,sensor.upnp_igd_download_speed,2.67200101501561,2.27222335171038,"{""state_class"": ""measurement"", ""unit_of_measurement"": ""KiB/s"", ""device_class"": ""data_rate"", ""friendly_name"": ""UPNP IGD Download speed""}"
2025-08-08T18:11:25.180553,sensor.upnp_igd_upload_speed,0.257864633575598,0.123865470677049,"{""state_class"": ""measurement"", ""unit_of_measurement"": ""KiB/s"", ""device_class"": ""data_rate"", ""friendly_name"": ""UPNP IGD Upload speed""}"
2025-08-08T18:11:25.182245,sensor.upnp_igd_packet_download_speed,34.5315963940347,35.7347162668529,"{""state_class"": ""measurement"", ""unit_of_measurement"": ""packets/s"", ""friendly_name"": ""UPNP IGD Packet download speed""}"
2025-08-08T18:11:25.183941,sensor.upnp_igd_packet_upload_speed,1.96656774830893,1.40005418209685,"{""state_class"": ""measurement"", ""unit_of_measurement"": ""packets/s"", ""friendly_name"": ""UPNP IGD Packet upload speed""}"
2025-08-08T18:11:55.168089,sensor.upnp_igd_data_received,1922570788,1922642425,"{""state_class"": ""total_increasing"", ""unit_of_measurement"": ""B"", ""device_class"": ""data_size"", ""friendly_name"": ""UPNP IGD Data received""}"
2025-08-08T18:11:55.170783,sensor.upnp_igd_data_sent,1238872915,1238878709,"{""state_class"": ""total_increasing"", ""unit_of_measurement"": ""B"", ""device_class"": ""data_size"", ""friendly_name"": ""UPNP IGD Data sent""}"
2025-08-08T18:11:55.172316,sensor.upnp_igd_packets_received,86611646,86612681,"{""state_class"": ""total_increasing"", ""unit_of_measurement"": ""packets"", ""friendly_name"": ""UPNP IGD Packets received""}"
2025-08-08T18:11:55.173708,sensor.upnp_igd_packets_sent,20768424,20768468,"{""state_class"": ""total_increasing"", ""unit_of_measurement"": ""packets"", ""friendly_name"": ""UPNP IGD Packets sent""}"
2025-08-08T18:11:55.175023,sensor.upnp_igd_uptime,1504043,1504073,"{""unit_of_measurement"": ""s"", ""device_class"": ""duration"", ""friendly_name"": ""UPNP IGD Uptime""}"
2025-08-08T18:11:55.176484,sensor.upnp_igd_download_speed,2.27222335171038,2.33199057205298,"{""state_class"": ""measurement"", ""unit_of_measurement"": ""KiB/s"", ""device_class"": ""data_rate"", ""friendly_name"": ""UPNP IGD Download speed""}"
2025-08-08T18:11:55.177892,sensor.upnp_igd_upload_speed,0.123865470677049,0.188611379238033,"{""state_class"": ""measurement"", ""unit_of_measurement"": ""KiB/s"", ""device_class"": ""data_rate"", ""friendly_name"": ""UPNP IGD Upload speed""}"
2025-08-08T18:11:55.179302,sensor.upnp_igd_packet_download_speed,35.7347162668529,34.5008429705966,"{""state_class"": ""measurement"", ""unit_of_measurement"": ""packets/s"", ""friendly_name"": ""UPNP IGD Packet download speed""}"
2025-08-08T18:11:55.180776,sensor.upnp_igd_packet_upload_speed,1.40005418209685,1.46670250309783,"{""state_class"": ""measurement"", ""unit_of_measurement"": ""packets/s"", ""friendly_name"": ""UPNP IGD Packet upload speed""}"
2025-08-08T18:12:10.270397,automation.aut_status_bruno,on,on,"{""id"": ""1751855857509"", ""last_triggered"": ""2025-08-08T21:12:10.253444+00:00"", ""mode"": ""single"", ""current"": 1, ""friendly_name"": ""aut-status-bruno""}"
2025-08-08T18:12:10.275307,automation.aut_status_bruno,on,on,"{""id"": ""1751855857509"", ""last_triggered"": ""2025-08-08T21:12:10.253444+00:00"", ""mode"": ""single"", ""current"": 0, ""friendly_name"": ""aut-status-bruno""}"
2025-08-08T18:12:25.159052,sensor.upnp_igd_data_received,1922642425,1922708440,"{""state_class"": ""total_increasing"", ""unit_of_measurement"": ""B"", ""device_class"": ""data_size"", ""friendly_name"": ""UPNP IGD Data received""}"
2025-08-08T18:12:25.161973,sensor.upnp_igd_data_sent,1238878709,1238883055,"{""state_class"": ""total_increasing"", ""unit_of_measurement"": ""B"", ""device_class"": ""data_size"", ""friendly_name"": ""UPNP IGD Data sent""}"
2025-08-08T18:12:25.163535,sensor.upnp_igd_packets_received,86612681,86613694,"{""state_class"": ""total_increasing"", ""unit_of_measurement"": ""packets"", ""friendly_name"": ""UPNP IGD Packets received""}"
2025-08-08T18:12:25.164922,sensor.upnp_igd_packets_sent,20768468,20768514,"{""state_class"": ""total_increasing"", ""unit_of_measurement"": ""packets"", ""friendly_name"": ""UPNP IGD Packets sent""}"
2025-08-08T18:12:25.166254,sensor.upnp_igd_uptime,1504073,1504103,"{""unit_of_measurement"": ""s"", ""device_class"": ""duration"", ""friendly_name"": ""UPNP IGD Uptime""}"
2025-08-08T18:12:25.167735,sensor.upnp_igd_download_speed,2.33199057205298,2.14886059914516,"{""state_class"": ""measurement"", ""unit_of_measurement"": ""KiB/s"", ""device_class"": ""data_rate"", ""friendly_name"": ""UPNP IGD Download speed""}"
2025-08-08T18:12:25.169124,sensor.upnp_igd_upload_speed,0.188611379238033,0.141467062999089,"{""state_class"": ""measurement"", ""unit_of_measurement"": ""KiB/s"", ""device_class"": ""data_rate"", ""friendly_name"": ""UPNP IGD Upload speed""}"
2025-08-08T18:12:25.170554,sensor.upnp_igd_packet_download_speed,34.5008429705966,33.7656424421792,"{""state_class"": ""measurement"", ""unit_of_measurement"": ""packets/s"", ""friendly_name"": ""UPNP IGD Packet download speed""}"
2025-08-08T18:12:25.172078,sensor.upnp_igd_packet_upload_speed,1.46670250309783,1.53328682363302,"{""state_class"": ""measurement"", ""unit_of_measurement"": ""packets/s"", ""friendly_name"": ""UPNP IGD Packet upload speed""}"
2025-08-08T18:12:55.162269,sensor.upnp_igd_data_received,1922708440,1922779325,"{""state_class"": ""total_increasing"", ""unit_of_measurement"": ""B"", ""device_class"": ""data_size"", ""friendly_name"": ""UPNP IGD Data received""}"
2025-08-08T18:12:55.165869,sensor.upnp_igd_data_sent,1238883055,1238889502,"{""state_class"": ""total_increasing"", ""unit_of_measurement"": ""B"", ""device_class"": ""data_size"", ""friendly_name"": ""UPNP IGD Data sent""}"
2025-08-08T18:12:55.167389,sensor.upnp_igd_packets_received,86613694,86614711,"{""state_class"": ""total_increasing"", ""unit_of_measurement"": ""packets"", ""friendly_name"": ""UPNP IGD Packets received""}"
2025-08-08T18:12:55.168854,sensor.upnp_igd_packets_sent,20768514,20768552,"{""state_class"": ""total_increasing"", ""unit_of_measurement"": ""packets"", ""friendly_name"": ""UPNP IGD Packets sent""}"
2025-08-08T18:12:55.170184,sensor.upnp_igd_uptime,1504103,1504133,"{""unit_of_measurement"": ""s"", ""device_class"": ""duration"", ""friendly_name"": ""UPNP IGD Uptime""}"
2025-08-08T18:12:55.171716,sensor.upnp_igd_download_speed,2.14886059914516,2.30745888817052,"{""state_class"": ""measurement"", ""unit_of_measurement"": ""KiB/s"", ""device_class"": ""data_rate"", ""friendly_name"": ""UPNP IGD Download speed""}"
2025-08-08T18:12:55.173161,sensor.upnp_igd_upload_speed,0.141467062999089,0.209863686986461,"{""state_class"": ""measurement"", ""unit_of_measurement"": ""KiB/s"", ""device_class"": ""data_rate"", ""friendly_name"": ""UPNP IGD Upload speed""}"
2025-08-08T18:12:55.174521,sensor.upnp_igd_packet_download_speed,33.7656424421792,33.9000655401267,"{""state_class"": ""measurement"", ""unit_of_measurement"": ""packets/s"", ""friendly_name"": ""UPNP IGD Packet download speed""}"
2025-08-08T18:12:55.175965,sensor.upnp_igd_packet_upload_speed,1.53328682363302,1.26666911556029,"{""state_class"": ""measurement"", ""unit_of_measurement"": ""packets/s"", ""friendly_name"": ""UPNP IGD Packet upload speed""}"
2025-08-08T18:12:56.308912,camera.192_168_0_33,idle,idle,"{""access_token"": ""5eaaff8e564e5cb944f4c9ff3a9732e14cd854d716709ea574f2ad31be7a5306"", ""entity_picture"": ""/api/camera_proxy/camera.192_168_0_33?token=5eaaff8e564e5cb944f4c9ff3a9732e14cd854d716709ea574f2ad31be7a5306"", ""friendly_name"": ""192_168_0_14"", ""supported_features"": 2}"
2025-08-08T18:12:56.310620,camera.admin_mainstream,idle,idle,"{""access_token"": ""6d48e801ed60ec57abecbdbde547baa7ca3c50a1644e1a0aebf2920d60c74449"", ""entity_picture"": ""/api/camera_proxy/camera.admin_mainstream?token=6d48e801ed60ec57abecbdbde547baa7ca3c50a1644e1a0aebf2920d60c74449"", ""friendly_name"": ""admin MainStream"", ""supported_features"": 2}"
2025-08-08T18:12:56.312342,camera.admin_substream,idle,idle,"{""access_token"": ""87f56172ed49db7d94b4b72cb9b69763d1bf02aabf1081d9d7e442c9863cc3f8"", ""entity_picture"": ""/api/camera_proxy/camera.admin_substream?token=87f56172ed49db7d94b4b72cb9b69763d1bf02aabf1081d9d7e442c9863cc3f8"", ""friendly_name"": ""admin SubStream"", ""supported_features"": 2}"
2025-08-08T18:13:04.123696,sensor.tauntaum_energy,234.575,234.576,"{""state_class"": ""total_increasing"", ""unit_of_measurement"": ""kWh"", ""device_class"": ""energy"", ""friendly_name"": ""Tauntaum Energy""}"
2025-08-08T18:13:04.125640,sensor.tauntaum_power,1,2,"{""state_class"": ""measurement"", ""power_consumption_start"": ""2025-08-08T20:56:18Z"", ""power_consumption_end"": ""2025-08-08T21:13:04Z"", ""unit_of_measurement"": ""W"", ""device_class"": ""power"", ""friendly_name"": ""Tauntaum Power""}"
2025-08-08T18:13:04.127299,sensor.tauntaum_energy_difference,0.0,0.001,"{""state_class"": ""total"", ""unit_of_measurement"": ""kWh"", ""device_class"": ""energy"", ""friendly_name"": ""Tauntaum Energy difference""}"
2025-08-08T18:13:04.128822,sensor.tauntaum_power_energy,0.000242205277747578,0.000279468888905313,"{""state_class"": ""total"", ""unit_of_measurement"": ""kWh"", ""device_class"": ""energy"", ""friendly_name"": ""Tauntaum Power energy""}"
2025-08-08T18:13:10.259848,automation.aut_status_bruno,on,on,"{""id"": ""1751855857509"", ""last_triggered"": ""2025-08-08T21:13:10.252596+00:00"", ""mode"": ""single"", ""current"": 1, ""friendly_name"": ""aut-status-bruno""}"
2025-08-08T18:13:10.261885,automation.aut_status_bruno,on,on,"{""id"": ""1751855857509"", ""last_triggered"": ""2025-08-08T21:13:10.252596+00:00"", ""mode"": ""single"", ""current"": 0, ""friendly_name"": ""aut-status-bruno""}"
2025-08-08T18:13:25.148298,sensor.upnp_igd_data_received,1922779325,1922847295,"{""state_class"": ""total_increasing"", ""unit_of_measurement"": ""B"", ""device_class"": ""data_size"", ""friendly_name"": ""UPNP IGD Data received""}"
2025-08-08T18:13:25.150727,sensor.upnp_igd_data_sent,1238889502,1238894338,"{""state_class"": ""total_increasing"", ""unit_of_measurement"": ""B"", ""device_class"": ""data_size"", ""friendly_name"": ""UPNP IGD Data sent""}"
2025-08-08T18:13:25.152378,sensor.upnp_igd_packets_received,86614711,86615743,"{""state_class"": ""total_increasing"", ""unit_of_measurement"": ""packets"", ""friendly_name"": ""UPNP IGD Packets received""}"
2025-08-08T18:13:25.153804,sensor.upnp_igd_packets_sent,20768552,20768601,"{""state_class"": ""total_increasing"", ""unit_of_measurement"": ""packets"", ""friendly_name"": ""UPNP IGD Packets sent""}"
2025-08-08T18:13:25.155079,sensor.upnp_igd_uptime,1504133,1504163,"{""unit_of_measurement"": ""s"", ""device_class"": ""duration"", ""friendly_name"": ""UPNP IGD Uptime""}"
2025-08-08T18:13:25.156516,sensor.upnp_igd_download_speed,2.30745888817052,2.21262617264903,"{""state_class"": ""measurement"", ""unit_of_measurement"": ""KiB/s"", ""device_class"": ""data_rate"", ""friendly_name"": ""UPNP IGD Download speed""}"
2025-08-08T18:13:25.157915,sensor.upnp_igd_upload_speed,0.209863686986461,0.157426219963671,"{""state_class"": ""measurement"", ""unit_of_measurement"": ""KiB/s"", ""device_class"": ""data_rate"", ""friendly_name"": ""UPNP IGD Upload speed""}"
2025-08-08T18:13:25.159300,sensor.upnp_igd_packet_download_speed,33.9000655401267,34.4009494662053,"{""state_class"": ""measurement"", ""unit_of_measurement"": ""packets/s"", ""friendly_name"": ""UPNP IGD Packet download speed""}"
2025-08-08T18:13:25.160706,sensor.upnp_igd_packet_upload_speed,1.26666911556029,1.63337841457758,"{""state_class"": ""measurement"", ""unit_of_measurement"": ""packets/s"", ""friendly_name"": ""UPNP IGD Packet upload speed""}"
2025-08-08T18:13:55.148933,sensor.upnp_igd_data_received,1922847295,1923459973,"{""state_class"": ""total_increasing"", ""unit_of_measurement"": ""B"", ""device_class"": ""data_size"", ""friendly_name"": ""UPNP IGD Data received""}"
2025-08-08T18:13:55.151473,sensor.upnp_igd_data_sent,1238894338,1238910655,"{""state_class"": ""total_increasing"", ""unit_of_measurement"": ""B"", ""device_class"": ""data_size"", ""friendly_name"": ""UPNP IGD Data sent""}"
2025-08-08T18:13:55.153073,sensor.upnp_igd_packets_received,86615743,86617148,"{""state_class"": ""total_increasing"", ""unit_of_measurement"": ""packets"", ""friendly_name"": ""UPNP IGD Packets received""}"
2025-08-08T18:13:55.155027,sensor.upnp_igd_packets_sent,20768601,20768758,"{""state_class"": ""total_increasing"", ""unit_of_measurement"": ""packets"", ""friendly_name"": ""UPNP IGD Packets sent""}"
2025-08-08T18:13:55.157321,sensor.upnp_igd_uptime,1504163,1504193,"{""unit_of_measurement"": ""s"", ""device_class"": ""duration"", ""friendly_name"": ""UPNP IGD Uptime""}"
2025-08-08T18:13:55.158806,sensor.upnp_igd_download_speed,2.21262617264903,19.9436840502389,"{""state_class"": ""measurement"", ""unit_of_measurement"": ""KiB/s"", ""device_class"": ""data_rate"", ""friendly_name"": ""UPNP IGD Download speed""}"
2025-08-08T18:13:55.160267,sensor.upnp_igd_upload_speed,0.157426219963671,0.531145385745447,"{""state_class"": ""measurement"", ""unit_of_measurement"": ""KiB/s"", ""device_class"": ""data_rate"", ""friendly_name"": ""UPNP IGD Upload speed""}"
2025-08-08T18:13:55.161797,sensor.upnp_igd_packet_download_speed,34.4009494662053,46.8327198247036,"{""state_class"": ""measurement"", ""unit_of_measurement"": ""packets/s"", ""friendly_name"": ""UPNP IGD Packet download speed""}"
2025-08-08T18:13:55.163418,sensor.upnp_igd_packet_upload_speed,1.63337841457758,5.23326477756475,"{""state_class"": ""measurement"", ""unit_of_measurement"": ""packets/s"", ""friendly_name"": ""UPNP IGD Packet upload speed""}"
2025-08-08T18:14:10.259261,automation.aut_status_bruno,on,on,"{""id"": ""1751855857509"", ""last_triggered"": ""2025-08-08T21:14:10.252789+00:00"", ""mode"": ""single"", ""current"": 1, ""friendly_name"": ""aut-status-bruno""}"
2025-08-08T18:14:10.261584,automation.aut_status_bruno,on,on,"{""id"": ""1751855857509"", ""last_triggered"": ""2025-08-08T21:14:10.252789+00:00"", ""mode"": ""single"", ""current"": 0, ""friendly_name"": ""aut-status-bruno""}"
2025-08-08T18:14:23.995035,sun.sun,below_horizon,below_horizon,"{""next_dawn"": ""2025-08-09T08:28:43.043300+00:00"", ""next_dusk"": ""2025-08-09T20:50:30.479845+00:00"", ""next_midnight"": ""2025-08-09T02:39:32+00:00"", ""next_noon"": ""2025-08-09T14:39:38+00:00"", ""next_rising"": ""2025-08-09T08:51:07.786841+00:00"", ""next_setting"": ""2025-08-09T20:28:06.098969+00:00"", ""elevation"": -11.69, ""azimuth"": 283.81, ""rising"": false, ""friendly_name"": ""Sun""}"
2025-08-08T18:14:25.151680,sensor.upnp_igd_data_received,1923459973,1923527231,"{""state_class"": ""total_increasing"", ""unit_of_measurement"": ""B"", ""device_class"": ""data_size"", ""friendly_name"": ""UPNP IGD Data received""}"
2025-08-08T18:14:25.153834,sensor.upnp_igd_data_sent,1238910655,1238915578,"{""state_class"": ""total_increasing"", ""unit_of_measurement"": ""B"", ""device_class"": ""data_size"", ""friendly_name"": ""UPNP IGD Data sent""}"
2025-08-08T18:14:25.155391,sensor.upnp_igd_packets_received,86617148,86618169,"{""state_class"": ""total_increasing"", ""unit_of_measurement"": ""packets"", ""friendly_name"": ""UPNP IGD Packets received""}"
2025-08-08T18:14:25.156830,sensor.upnp_igd_packets_sent,20768758,20768810,"{""state_class"": ""total_increasing"", ""unit_of_measurement"": ""packets"", ""friendly_name"": ""UPNP IGD Packets sent""}"
2025-08-08T18:14:25.158109,sensor.upnp_igd_uptime,1504193,1504223,"{""unit_of_measurement"": ""s"", ""device_class"": ""duration"", ""friendly_name"": ""UPNP IGD Uptime""}"
2025-08-08T18:14:25.159591,sensor.upnp_igd_download_speed,19.9436840502389,2.18936561632519,"{""state_class"": ""measurement"", ""unit_of_measurement"": ""KiB/s"", ""device_class"": ""data_rate"", ""friendly_name"": ""UPNP IGD Download speed""}"
2025-08-08T18:14:25.161021,sensor.upnp_igd_upload_speed,0.531145385745447,0.160252266335141,"{""state_class"": ""measurement"", ""unit_of_measurement"": ""KiB/s"", ""device_class"": ""data_rate"", ""friendly_name"": ""UPNP IGD Upload speed""}"
2025-08-08T18:14:25.162385,sensor.upnp_igd_packet_download_speed,46.8327198247036,34.0329850624529,"{""state_class"": ""measurement"", ""unit_of_measurement"": ""packets/s"", ""friendly_name"": ""UPNP IGD Packet download speed""}"
2025-08-08T18:14:25.163911,sensor.upnp_igd_packet_upload_speed,5.23326477756475,1.73331559573707,"{""state_class"": ""measurement"", ""unit_of_measurement"": ""packets/s"", ""friendly_name"": ""UPNP IGD Packet upload speed""}"
2025-08-08T18:14:55.153935,sensor.upnp_igd_data_received,1923527231,1923596461,"{""state_class"": ""total_increasing"", ""unit_of_measurement"": ""B"", ""device_class"": ""data_size"", ""friendly_name"": ""UPNP IGD Data received""}"
2025-08-08T18:14:55.156129,sensor.upnp_igd_data_sent,1238915578,1238923497,"{""state_class"": ""total_increasing"", ""unit_of_measurement"": ""B"", ""device_class"": ""data_size"", ""friendly_name"": ""UPNP IGD Data sent""}"
2025-08-08T18:14:55.157763,sensor.upnp_igd_packets_received,86618169,86619162,"{""state_class"": ""total_increasing"", ""unit_of_measurement"": ""packets"", ""friendly_name"": ""UPNP IGD Packets received""}"
2025-08-08T18:14:55.159180,sensor.upnp_igd_packets_sent,20768810,20768857,"{""state_class"": ""total_increasing"", ""unit_of_measurement"": ""packets"", ""friendly_name"": ""UPNP IGD Packets sent""}"
2025-08-08T18:14:55.160571,sensor.upnp_igd_uptime,1504223,1504253,"{""unit_of_measurement"": ""s"", ""device_class"": ""duration"", ""friendly_name"": ""UPNP IGD Uptime""}"
2025-08-08T18:14:55.161941,sensor.upnp_igd_download_speed,2.18936561632519,2.25352446617249,"{""state_class"": ""measurement"", ""unit_of_measurement"": ""KiB/s"", ""device_class"": ""data_rate"", ""friendly_name"": ""UPNP IGD Download speed""}"
2025-08-08T18:14:55.163378,sensor.upnp_igd_upload_speed,0.160252266335141,0.257773512171313,"{""state_class"": ""measurement"", ""unit_of_measurement"": ""KiB/s"", ""device_class"": ""data_rate"", ""friendly_name"": ""UPNP IGD Upload speed""}"
2025-08-08T18:14:55.164850,sensor.upnp_igd_packet_download_speed,34.0329850624529,33.0991736239652,"{""state_class"": ""measurement"", ""unit_of_measurement"": ""packets/s"", ""friendly_name"": ""UPNP IGD Packet download speed""}"
2025-08-08T18:14:55.166265,sensor.upnp_igd_packet_upload_speed,1.73331559573707,1.56662755319876,"{""state_class"": ""measurement"", ""unit_of_measurement"": ""packets/s"", ""friendly_name"": ""UPNP IGD Packet upload speed""}"
2025-08-08T18:15:10.258590,automation.aut_status_bruno,on,on,"{""id"": ""1751855857509"", ""last_triggered"": ""2025-08-08T21:15:10.252345+00:00"", ""mode"": ""single"", ""current"": 1, ""friendly_name"": ""aut-status-bruno""}"
2025-08-08T18:15:10.261063,automation.aut_status_bruno,on,on,"{""id"": ""1751855857509"", ""last_triggered"": ""2025-08-08T21:15:10.252345+00:00"", ""mode"": ""single"", ""current"": 0, ""friendly_name"": ""aut-status-bruno""}"
2025-08-08T18:15:25.159237,sensor.upnp_igd_data_received,1923596461,1923662693,"{""state_class"": ""total_increasing"", ""unit_of_measurement"": ""B"", ""device_class"": ""data_size"", ""friendly_name"": ""UPNP IGD Data received""}"
2025-08-08T18:15:25.163931,sensor.upnp_igd_data_sent,1238923497,1238928207,"{""state_class"": ""total_increasing"", ""unit_of_measurement"": ""B"", ""device_class"": ""data_size"", ""friendly_name"": ""UPNP IGD Data sent""}"
2025-08-08T18:15:25.165826,sensor.upnp_igd_packets_received,86619162,86620169,"{""state_class"": ""total_increasing"", ""unit_of_measurement"": ""packets"", ""friendly_name"": ""UPNP IGD Packets received""}"
2025-08-08T18:15:25.168735,sensor.upnp_igd_packets_sent,20768857,20768907,"{""state_class"": ""total_increasing"", ""unit_of_measurement"": ""packets"", ""friendly_name"": ""UPNP IGD Packets sent""}"
2025-08-08T18:15:25.171168,sensor.upnp_igd_uptime,1504253,1504283,"{""unit_of_measurement"": ""s"", ""device_class"": ""duration"", ""friendly_name"": ""UPNP IGD Uptime""}"
2025-08-08T18:15:25.173595,sensor.upnp_igd_download_speed,2.25352446617249,2.156052036974,"{""state_class"": ""measurement"", ""unit_of_measurement"": ""KiB/s"", ""device_class"": ""data_rate"", ""friendly_name"": ""UPNP IGD Download speed""}"
2025-08-08T18:15:25.175960,sensor.upnp_igd_upload_speed,0.257773512171313,0.153324753807035,"{""state_class"": ""measurement"", ""unit_of_measurement"": ""KiB/s"", ""device_class"": ""data_rate"", ""friendly_name"": ""UPNP IGD Upload speed""}"
2025-08-08T18:15:25.178353,sensor.upnp_igd_packet_download_speed,33.0991736239652,33.5676390092766,"{""state_class"": ""measurement"", ""unit_of_measurement"": ""packets/s"", ""friendly_name"": ""UPNP IGD Packet download speed""}"
2025-08-08T18:15:25.180969,sensor.upnp_igd_packet_upload_speed,1.56662755319876,1.66671494584293,"{""state_class"": ""measurement"", ""unit_of_measurement"": ""packets/s"", ""friendly_name"": ""UPNP IGD Packet upload speed""}"
2025-08-08T18:15:42.462041,sun.sun,below_horizon,below_horizon,"{""next_dawn"": ""2025-08-09T08:28:43.043300+00:00"", ""next_dusk"": ""2025-08-09T20:50:30.479845+00:00"", ""next_midnight"": ""2025-08-09T02:39:32+00:00"", ""next_noon"": ""2025-08-09T14:39:38+00:00"", ""next_rising"": ""2025-08-09T08:51:07.786841+00:00"", ""next_setting"": ""2025-08-09T20:28:06.098969+00:00"", ""elevation"": -12.0, ""azimuth"": 283.75, ""rising"": false, ""friendly_name"": ""Sun""}"
2025-08-08T18:15:55.150246,sensor.upnp_igd_data_received,1923662693,1923732567,"{""state_class"": ""total_increasing"", ""unit_of_measurement"": ""B"", ""device_class"": ""data_size"", ""friendly_name"": ""UPNP IGD Data received""}"
2025-08-08T18:15:55.153026,sensor.upnp_igd_data_sent,1238928207,1238933771,"{""state_class"": ""total_increasing"", ""unit_of_measurement"": ""B"", ""device_class"": ""data_size"", ""friendly_name"": ""UPNP IGD Data sent""}"
2025-08-08T18:15:55.154765,sensor.upnp_igd_packets_received,86620169,86621185,"{""state_class"": ""total_increasing"", ""unit_of_measurement"": ""packets"", ""friendly_name"": ""UPNP IGD Packets received""}"
2025-08-08T18:15:55.156528,sensor.upnp_igd_packets_sent,20768907,20768951,"{""state_class"": ""total_increasing"", ""unit_of_measurement"": ""packets"", ""friendly_name"": ""UPNP IGD Packets sent""}"
2025-08-08T18:15:55.158173,sensor.upnp_igd_uptime,1504283,1504313,"{""unit_of_measurement"": ""s"", ""device_class"": ""duration"", ""friendly_name"": ""UPNP IGD Uptime""}"
2025-08-08T18:15:55.159911,sensor.upnp_igd_download_speed,2.156052036974,2.27454017666102,"{""state_class"": ""measurement"", ""unit_of_measurement"": ""KiB/s"", ""device_class"": ""data_rate"", ""friendly_name"": ""UPNP IGD Download speed""}"
2025-08-08T18:15:55.161423,sensor.upnp_igd_upload_speed,0.153324753807035,0.181119465651629,"{""state_class"": ""measurement"", ""unit_of_measurement"": ""KiB/s"", ""device_class"": ""data_rate"", ""friendly_name"": ""UPNP IGD Upload speed""}"
2025-08-08T18:15:55.162723,sensor.upnp_igd_packet_download_speed,33.5676390092766,33.8666057067764,"{""state_class"": ""measurement"", ""unit_of_measurement"": ""packets/s"", ""friendly_name"": ""UPNP IGD Packet download speed""}"
2025-08-08T18:15:55.164108,sensor.upnp_igd_packet_upload_speed,1.66671494584293,1.46666402667142,"{""state_class"": ""measurement"", ""unit_of_measurement"": ""packets/s"", ""friendly_name"": ""UPNP IGD Packet upload speed""}"
2025-08-08T18:16:10.258982,automation.aut_status_bruno,on,on,"{""id"": ""1751855857509"", ""last_triggered"": ""2025-08-08T21:16:10.252336+00:00"", ""mode"": ""single"", ""current"": 1, ""friendly_name"": ""aut-status-bruno""}"
2025-08-08T18:16:10.261338,automation.aut_status_bruno,on,on,"{""id"": ""1751855857509"", ""last_triggered"": ""2025-08-08T21:16:10.252336+00:00"", ""mode"": ""single"", ""current"": 0, ""friendly_name"": ""aut-status-bruno""}"
2025-08-08T18:16:25.147982,sensor.upnp_igd_data_received,1923732567,1923798766,"{""state_class"": ""total_increasing"", ""unit_of_measurement"": ""B"", ""device_class"": ""data_size"", ""friendly_name"": ""UPNP IGD Data received""}"
2025-08-08T18:16:25.150725,sensor.upnp_igd_data_sent,1238933771,1238937593,"{""state_class"": ""total_increasing"", ""unit_of_measurement"": ""B"", ""device_class"": ""data_size"", ""friendly_name"": ""UPNP IGD Data sent""}"
2025-08-08T18:16:25.152324,sensor.upnp_igd_packets_received,86621185,86622197,"{""state_class"": ""total_increasing"", ""unit_of_measurement"": ""packets"", ""friendly_name"": ""UPNP IGD Packets received""}"
2025-08-08T18:16:25.153714,sensor.upnp_igd_packets_sent,20768951,20768993,"{""state_class"": ""total_increasing"", ""unit_of_measurement"": ""packets"", ""friendly_name"": ""UPNP IGD Packets sent""}"
2025-08-08T18:16:25.155045,sensor.upnp_igd_uptime,1504313,1504343,"{""unit_of_measurement"": ""s"", ""device_class"": ""duration"", ""friendly_name"": ""UPNP IGD Uptime""}"
2025-08-08T18:16:25.156525,sensor.upnp_igd_download_speed,2.27454017666102,2.15492312230657,"{""state_class"": ""measurement"", ""unit_of_measurement"": ""KiB/s"", ""device_class"": ""data_rate"", ""friendly_name"": ""UPNP IGD Download speed""}"
2025-08-08T18:16:25.157946,sensor.upnp_igd_upload_speed,0.181119465651629,0.124414510392237,"{""state_class"": ""measurement"", ""unit_of_measurement"": ""KiB/s"", ""device_class"": ""data_rate"", ""friendly_name"": ""UPNP IGD Upload speed""}"
2025-08-08T18:16:25.159406,sensor.upnp_igd_packet_download_speed,33.8666057067764,33.7334547737705,"{""state_class"": ""measurement"", ""unit_of_measurement"": ""packets/s"", ""friendly_name"": ""UPNP IGD Packet download speed""}"
2025-08-08T18:16:25.160873,sensor.upnp_igd_packet_upload_speed,1.46666402667142,1.40000504001814,"{""state_class"": ""measurement"", ""unit_of_measurement"": ""packets/s"", ""friendly_name"": ""UPNP IGD Packet upload speed""}"
2025-08-08T18:16:55.158477,sensor.upnp_igd_data_received,1923798766,1923866664,"{""state_class"": ""total_increasing"", ""unit_of_measurement"": ""B"", ""device_class"": ""data_size"", ""friendly_name"": ""UPNP IGD Data received""}"
2025-08-08T18:16:55.160230,sensor.upnp_igd_data_sent,1238937593,1238944290,"{""state_class"": ""total_increasing"", ""unit_of_measurement"": ""B"", ""device_class"": ""data_size"", ""friendly_name"": ""UPNP IGD Data sent""}"
2025-08-08T18:16:55.161693,sensor.upnp_igd_packets_received,86622197,86623177,"{""state_class"": ""total_increasing"", ""unit_of_measurement"": ""packets"", ""friendly_name"": ""UPNP IGD Packets received""}"
2025-08-08T18:16:55.163041,sensor.upnp_igd_packets_sent,20768993,20769035,"{""state_class"": ""total_increasing"", ""unit_of_measurement"": ""packets"", ""friendly_name"": ""UPNP IGD Packets sent""}"
2025-08-08T18:16:55.164445,sensor.upnp_igd_uptime,1504343,1504373,"{""unit_of_measurement"": ""s"", ""device_class"": ""duration"", ""friendly_name"": ""UPNP IGD Uptime""}"
2025-08-08T18:16:55.165818,sensor.upnp_igd_download_speed,2.15492312230657,2.21022835322312,"{""state_class"": ""measurement"", ""unit_of_measurement"": ""KiB/s"", ""device_class"": ""data_rate"", ""friendly_name"": ""UPNP IGD Download speed""}"
2025-08-08T18:16:55.167233,sensor.upnp_igd_upload_speed,0.124414510392237,0.218001992422976,"{""state_class"": ""measurement"", ""unit_of_measurement"": ""KiB/s"", ""device_class"": ""data_rate"", ""friendly_name"": ""UPNP IGD Upload speed""}"
2025-08-08T18:16:55.168683,sensor.upnp_igd_packet_download_speed,33.7334547737705,32.6667701114387,"{""state_class"": ""measurement"", ""unit_of_measurement"": ""packets/s"", ""friendly_name"": ""UPNP IGD Packet download speed""}"
2025-08-08T18:16:55.170003,sensor.upnp_igd_packet_upload_speed,1.40000504001814,1.40000443334737,"{""state_class"": ""measurement"", ""unit_of_measurement"": ""packets/s"", ""friendly_name"": ""UPNP IGD Packet upload speed""}"
2025-08-08T18:17:10.275148,automation.aut_status_bruno,on,on,"{""id"": ""1751855857509"", ""last_triggered"": ""2025-08-08T21:17:10.253255+00:00"", ""mode"": ""single"", ""current"": 1, ""friendly_name"": ""aut-status-bruno""}"
2025-08-08T18:17:10.280969,automation.aut_status_bruno,on,on,"{""id"": ""1751855857509"", ""last_triggered"": ""2025-08-08T21:17:10.253255+00:00"", ""mode"": ""single"", ""current"": 0, ""friendly_name"": ""aut-status-bruno""}"
2025-08-08T18:17:25.151491,sensor.upnp_igd_data_received,1923866664,1923935276,"{""state_class"": ""total_increasing"", ""unit_of_measurement"": ""B"", ""device_class"": ""data_size"", ""friendly_name"": ""UPNP IGD Data received""}"
2025-08-08T18:17:25.154583,sensor.upnp_igd_data_sent,1238944290,1238950501,"{""state_class"": ""total_increasing"", ""unit_of_measurement"": ""B"", ""device_class"": ""data_size"", ""friendly_name"": ""UPNP IGD Data sent""}"
2025-08-08T18:17:25.156519,sensor.upnp_igd_packets_received,86623177,86624205,"{""state_class"": ""total_increasing"", ""unit_of_measurement"": ""packets"", ""friendly_name"": ""UPNP IGD Packets received""}"
2025-08-08T18:17:25.158223,sensor.upnp_igd_packets_sent,20769035,20769094,"{""state_class"": ""total_increasing"", ""unit_of_measurement"": ""packets"", ""friendly_name"": ""UPNP IGD Packets sent""}"
2025-08-08T18:17:25.160520,sensor.upnp_igd_uptime,1504373,1504403,"{""unit_of_measurement"": ""s"", ""device_class"": ""duration"", ""friendly_name"": ""UPNP IGD Uptime""}"
2025-08-08T18:17:25.162889,sensor.upnp_igd_download_speed,2.21022835322312,2.23347381564622,"{""state_class"": ""measurement"", ""unit_of_measurement"": ""KiB/s"", ""device_class"": ""data_rate"", ""friendly_name"": ""UPNP IGD Download speed""}"
2025-08-08T18:17:25.164821,sensor.upnp_igd_upload_speed,0.218001992422976,0.202181919620164,"{""state_class"": ""measurement"", ""unit_of_measurement"": ""KiB/s"", ""device_class"": ""data_rate"", ""friendly_name"": ""UPNP IGD Upload speed""}"
2025-08-08T18:17:25.166206,sensor.upnp_igd_packet_download_speed,32.6667701114387,34.2668242940584,"{""state_class"": ""measurement"", ""unit_of_measurement"": ""packets/s"", ""friendly_name"": ""UPNP IGD Packet download speed""}"
2025-08-08T18:17:25.167675,sensor.upnp_igd_packet_upload_speed,1.40000443334737,1.96667571337495,"{""state_class"": ""measurement"", ""unit_of_measurement"": ""packets/s"", ""friendly_name"": ""UPNP IGD Packet upload speed""}"
2025-08-08T18:17:50.738785,media_player.dlna_b13_box,unavailable,unknown,"{""friendly_name"": ""DLNA-B13 Box"", ""supported_features"": 512575}"
2025-08-08T18:17:53.788407,media_player.dlna_b13_box,unknown,unavailable,"{""friendly_name"": ""DLNA-B13 Box"", ""supported_features"": 512575}"
2025-08-08T18:17:55.148566,sensor.upnp_igd_data_received,1923935276,1924004849,"{""state_class"": ""total_increasing"", ""unit_of_measurement"": ""B"", ""device_class"": ""data_size"", ""friendly_name"": ""UPNP IGD Data received""}"
2025-08-08T18:17:55.151528,sensor.upnp_igd_data_sent,1238950501,1238956819,"{""state_class"": ""total_increasing"", ""unit_of_measurement"": ""B"", ""device_class"": ""data_size"", ""friendly_name"": ""UPNP IGD Data sent""}"
2025-08-08T18:17:55.153285,sensor.upnp_igd_packets_received,86624205,86625214,"{""state_class"": ""total_increasing"", ""unit_of_measurement"": ""packets"", ""friendly_name"": ""UPNP IGD Packets received""}"
2025-08-08T18:17:55.154955,sensor.upnp_igd_packets_sent,20769094,20769132,"{""state_class"": ""total_increasing"", ""unit_of_measurement"": ""packets"", ""friendly_name"": ""UPNP IGD Packets sent""}"
2025-08-08T18:17:55.156760,sensor.upnp_igd_uptime,1504403,1504433,"{""unit_of_measurement"": ""s"", ""device_class"": ""duration"", ""friendly_name"": ""UPNP IGD Uptime""}"
2025-08-08T18:17:55.158472,sensor.upnp_igd_download_speed,2.23347381564622,2.26473537400256,"{""state_class"": ""measurement"", ""unit_of_measurement"": ""KiB/s"", ""device_class"": ""data_rate"", ""friendly_name"": ""UPNP IGD Download speed""}"
2025-08-08T18:17:55.160707,sensor.upnp_igd_upload_speed,0.202181919620164,0.205663089028045,"{""state_class"": ""measurement"", ""unit_of_measurement"": ""KiB/s"", ""device_class"": ""data_rate"", ""friendly_name"": ""UPNP IGD Upload speed""}"
2025-08-08T18:17:55.162584,sensor.upnp_igd_packet_download_speed,34.2668242940584,33.6331741363091,"{""state_class"": ""measurement"", ""unit_of_measurement"": ""packets/s"", ""friendly_name"": ""UPNP IGD Packet download speed""}"
2025-08-08T18:17:55.164401,sensor.upnp_igd_packet_upload_speed,1.96667571337495,1.26666067113949,"{""state_class"": ""measurement"", ""unit_of_measurement"": ""packets/s"", ""friendly_name"": ""UPNP IGD Packet upload speed""}"
2025-08-08T18:17:56.309646,camera.192_168_0_33,idle,idle,"{""access_token"": ""75951823f3ce1744edcf9f24df35247c102aef5f8d14aecf01d36afebd427c0c"", ""entity_picture"": ""/api/camera_proxy/camera.192_168_0_33?token=75951823f3ce1744edcf9f24df35247c102aef5f8d14aecf01d36afebd427c0c"", ""friendly_name"": ""192_168_0_14"", ""supported_features"": 2}"
2025-08-08T18:17:56.311464,camera.admin_mainstream,idle,idle,"{""access_token"": ""aff7647dbf93da38d3a8c091a772485bd994f3a21432da647aa535153f9d2023"", ""entity_picture"": ""/api/camera_proxy/camera.admin_mainstream?token=aff7647dbf93da38d3a8c091a772485bd994f3a21432da647aa535153f9d2023"", ""friendly_name"": ""admin MainStream"", ""supported_features"": 2}"
2025-08-08T18:17:56.313142,camera.admin_substream,idle,idle,"{""access_token"": ""b225fdfae9176b4afb71a2e4282b995591d479e736b3e7192bff42da2b94518f"", ""entity_picture"": ""/api/camera_proxy/camera.admin_substream?token=b225fdfae9176b4afb71a2e4282b995591d479e736b3e7192bff42da2b94518f"", ""friendly_name"": ""admin SubStream"", ""supported_features"": 2}"
2025-08-08T18:18:10.260533,automation.aut_status_bruno,on,on,"{""id"": ""1751855857509"", ""last_triggered"": ""2025-08-08T21:18:10.253203+00:00"", ""mode"": ""single"", ""current"": 1, ""friendly_name"": ""aut-status-bruno""}"
2025-08-08T18:18:10.262477,automation.aut_status_bruno,on,on,"{""id"": ""1751855857509"", ""last_triggered"": ""2025-08-08T21:18:10.253203+00:00"", ""mode"": ""single"", ""current"": 0, ""friendly_name"": ""aut-status-bruno""}"
2025-08-08T18:18:25.149954,sensor.upnp_igd_data_received,1924004849,1924074423,"{""state_class"": ""total_increasing"", ""unit_of_measurement"": ""B"", ""device_class"": ""data_size"", ""friendly_name"": ""UPNP IGD Data received""}"
2025-08-08T18:18:25.151710,sensor.upnp_igd_data_sent,1238956819,1238962963,"{""state_class"": ""total_increasing"", ""unit_of_measurement"": ""B"", ""device_class"": ""data_size"", ""friendly_name"": ""UPNP IGD Data sent""}"
2025-08-08T18:18:25.153194,sensor.upnp_igd_packets_received,86625214,86626263,"{""state_class"": ""total_increasing"", ""unit_of_measurement"": ""packets"", ""friendly_name"": ""UPNP IGD Packets received""}"
2025-08-08T18:18:25.154551,sensor.upnp_igd_packets_sent,20769132,20769193,"{""state_class"": ""total_increasing"", ""unit_of_measurement"": ""packets"", ""friendly_name"": ""UPNP IGD Packets sent""}"
2025-08-08T18:18:25.155875,sensor.upnp_igd_uptime,1504433,1504463,"{""unit_of_measurement"": ""s"", ""device_class"": ""duration"", ""friendly_name"": ""UPNP IGD Uptime""}"
2025-08-08T18:18:25.157322,sensor.upnp_igd_download_speed,2.26473537400256,2.26478053315044,"{""state_class"": ""measurement"", ""unit_of_measurement"": ""KiB/s"", ""device_class"": ""data_rate"", ""friendly_name"": ""UPNP IGD Download speed""}"
2025-08-08T18:18:25.158795,sensor.upnp_igd_upload_speed,0.205663089028045,0.200000166666806,"{""state_class"": ""measurement"", ""unit_of_measurement"": ""KiB/s"", ""device_class"": ""data_rate"", ""friendly_name"": ""UPNP IGD Upload speed""}"
2025-08-08T18:18:25.160273,sensor.upnp_igd_packet_download_speed,33.6331741363091,34.9666958055798,"{""state_class"": ""measurement"", ""unit_of_measurement"": ""packets/s"", ""friendly_name"": ""UPNP IGD Packet download speed""}"
2025-08-08T18:18:25.161762,sensor.upnp_igd_packet_upload_speed,1.26666067113949,2.03333502777919,"{""state_class"": ""measurement"", ""unit_of_measurement"": ""packets/s"", ""friendly_name"": ""UPNP IGD Packet upload speed""}"
2025-08-08T18:18:55.147401,sensor.upnp_igd_data_received,1924074423,1924687433,"{""state_class"": ""total_increasing"", ""unit_of_measurement"": ""B"", ""device_class"": ""data_size"", ""friendly_name"": ""UPNP IGD Data received""}"
2025-08-08T18:18:55.150192,sensor.upnp_igd_data_sent,1238962963,1238977903,"{""state_class"": ""total_increasing"", ""unit_of_measurement"": ""B"", ""device_class"": ""data_size"", ""friendly_name"": ""UPNP IGD Data sent""}"
2025-08-08T18:18:55.151726,sensor.upnp_igd_packets_received,86626263,86627673,"{""state_class"": ""total_increasing"", ""unit_of_measurement"": ""packets"", ""friendly_name"": ""UPNP IGD Packets received""}"
2025-08-08T18:18:55.153172,sensor.upnp_igd_packets_sent,20769193,20769331,"{""state_class"": ""total_increasing"", ""unit_of_measurement"": ""packets"", ""friendly_name"": ""UPNP IGD Packets sent""}"
2025-08-08T18:18:55.154506,sensor.upnp_igd_uptime,1504463,1504493,"{""unit_of_measurement"": ""s"", ""device_class"": ""duration"", ""friendly_name"": ""UPNP IGD Uptime""}"
2025-08-08T18:18:55.155948,sensor.upnp_igd_download_speed,2.26478053315044,19.9550146800261,"{""state_class"": ""measurement"", ""unit_of_measurement"": ""KiB/s"", ""device_class"": ""data_rate"", ""friendly_name"": ""UPNP IGD Download speed""}"
2025-08-08T18:18:55.157392,sensor.upnp_igd_upload_speed,0.200000166666806,0.48633451219326,"{""state_class"": ""measurement"", ""unit_of_measurement"": ""KiB/s"", ""device_class"": ""data_rate"", ""friendly_name"": ""UPNP IGD Upload speed""}"
2025-08-08T18:18:55.158727,sensor.upnp_igd_packet_download_speed,34.9666958055798,47.0006172747735,"{""state_class"": ""measurement"", ""unit_of_measurement"": ""packets/s"", ""friendly_name"": ""UPNP IGD Packet download speed""}"
2025-08-08T18:18:55.160115,sensor.upnp_igd_packet_upload_speed,2.03333502777919,4.60006041412677,"{""state_class"": ""measurement"", ""unit_of_measurement"": ""packets/s"", ""friendly_name"": ""UPNP IGD Packet upload speed""}"
2025-08-08T18:19:10.260244,automation.aut_status_bruno,on,on,"{""id"": ""1751855857509"", ""last_triggered"": ""2025-08-08T21:19:10.252799+00:00"", ""mode"": ""single"", ""current"": 1, ""friendly_name"": ""aut-status-bruno""}"
2025-08-08T18:19:10.262378,automation.aut_status_bruno,on,on,"{""id"": ""1751855857509"", ""last_triggered"": ""2025-08-08T21:19:10.252799+00:00"", ""mode"": ""single"", ""current"": 0, ""friendly_name"": ""aut-status-bruno""}"
2025-08-08T18:19:25.146761,sensor.upnp_igd_data_received,1924687433,1924758945,"{""state_class"": ""total_increasing"", ""unit_of_measurement"": ""B"", ""device_class"": ""data_size"", ""friendly_name"": ""UPNP IGD Data received""}"
2025-08-08T18:19:25.149576,sensor.upnp_igd_data_sent,1238977903,1238986383,"{""state_class"": ""total_increasing"", ""unit_of_measurement"": ""B"", ""device_class"": ""data_size"", ""friendly_name"": ""UPNP IGD Data sent""}"
2025-08-08T18:19:25.151306,sensor.upnp_igd_packets_received,86627673,86628728,"{""state_class"": ""total_increasing"", ""unit_of_measurement"": ""packets"", ""friendly_name"": ""UPNP IGD Packets received""}"
2025-08-08T18:19:25.153127,sensor.upnp_igd_packets_sent,20769331,20769405,"{""state_class"": ""total_increasing"", ""unit_of_measurement"": ""packets"", ""friendly_name"": ""UPNP IGD Packets sent""}"
2025-08-08T18:19:25.154721,sensor.upnp_igd_uptime,1504493,1504523,"{""unit_of_measurement"": ""s"", ""device_class"": ""duration"", ""friendly_name"": ""UPNP IGD Uptime""}"
2025-08-08T18:19:25.156502,sensor.upnp_igd_download_speed,19.9550146800261,2.32786497131083,"{""state_class"": ""measurement"", ""unit_of_measurement"": ""KiB/s"", ""device_class"": ""data_rate"", ""friendly_name"": ""UPNP IGD Download speed""}"
2025-08-08T18:19:25.158221,sensor.upnp_igd_upload_speed,0.48633451219326,0.276041712673619,"{""state_class"": ""measurement"", ""unit_of_measurement"": ""KiB/s"", ""device_class"": ""data_rate"", ""friendly_name"": ""UPNP IGD Upload speed""}"
2025-08-08T18:19:25.159988,sensor.upnp_igd_packet_download_speed,47.0006172747735,35.1666725277788,"{""state_class"": ""measurement"", ""unit_of_measurement"": ""packets/s"", ""friendly_name"": ""UPNP IGD Packet download speed""}"
2025-08-08T18:19:25.161709,sensor.upnp_igd_packet_upload_speed,4.60006041412677,2.46666707777785,"{""state_class"": ""measurement"", ""unit_of_measurement"": ""packets/s"", ""friendly_name"": ""UPNP IGD Packet upload speed""}"
2025-08-08T18:19:55.149426,sensor.upnp_igd_data_received,1924758945,1924828127,"{""state_class"": ""total_increasing"", ""unit_of_measurement"": ""B"", ""device_class"": ""data_size"", ""friendly_name"": ""UPNP IGD Data received""}"
2025-08-08T18:19:55.151225,sensor.upnp_igd_data_sent,1238986383,1238991845,"{""state_class"": ""total_increasing"", ""unit_of_measurement"": ""B"", ""device_class"": ""data_size"", ""friendly_name"": ""UPNP IGD Data sent""}"
2025-08-08T18:19:55.152774,sensor.upnp_igd_packets_received,86628728,86629730,"{""state_class"": ""total_increasing"", ""unit_of_measurement"": ""packets"", ""friendly_name"": ""UPNP IGD Packets received""}"
2025-08-08T18:19:55.154138,sensor.upnp_igd_packets_sent,20769405,20769447,"{""state_class"": ""total_increasing"", ""unit_of_measurement"": ""packets"", ""friendly_name"": ""UPNP IGD Packets sent""}"
2025-08-08T18:19:55.155512,sensor.upnp_igd_uptime,1504523,1504553,"{""unit_of_measurement"": ""s"", ""device_class"": ""duration"", ""friendly_name"": ""UPNP IGD Uptime""}"
2025-08-08T18:19:55.156907,sensor.upnp_igd_download_speed,2.32786497131083,2.25197131309764,"{""state_class"": ""measurement"", ""unit_of_measurement"": ""KiB/s"", ""device_class"": ""data_rate"", ""friendly_name"": ""UPNP IGD Download speed""}"
2025-08-08T18:19:55.158311,sensor.upnp_igd_upload_speed,0.276041712673619,0.177795775088019,"{""state_class"": ""measurement"", ""unit_of_measurement"": ""KiB/s"", ""device_class"": ""data_rate"", ""friendly_name"": ""UPNP IGD Upload speed""}"
2025-08-08T18:19:55.159724,sensor.upnp_igd_packet_download_speed,35.1666725277788,33.3993041811629,"{""state_class"": ""measurement"", ""unit_of_measurement"": ""packets/s"", ""friendly_name"": ""UPNP IGD Packet download speed""}"
2025-08-08T18:19:55.161300,sensor.upnp_igd_packet_upload_speed,2.46666707777785,1.39997083394096,"{""state_class"": ""measurement"", ""unit_of_measurement"": ""packets/s"", ""friendly_name"": ""UPNP IGD Packet upload speed""}"
2025-08-08T18:20:10.259795,automation.aut_status_bruno,on,on,"{""id"": ""1751855857509"", ""last_triggered"": ""2025-08-08T21:20:10.253131+00:00"", ""mode"": ""single"", ""current"": 1, ""friendly_name"": ""aut-status-bruno""}"
2025-08-08T18:20:10.262989,automation.aut_status_bruno,on,on,"{""id"": ""1751855857509"", ""last_triggered"": ""2025-08-08T21:20:10.253131+00:00"", ""mode"": ""single"", ""current"": 0, ""friendly_name"": ""aut-status-bruno""}"
2025-08-08T18:20:25.152856,sensor.upnp_igd_data_received,1924828127,1924918821,"{""state_class"": ""total_increasing"", ""unit_of_measurement"": ""B"", ""device_class"": ""data_size"", ""friendly_name"": ""UPNP IGD Data received""}"
2025-08-08T18:20:25.155683,sensor.upnp_igd_data_sent,1238991845,1239008471,"{""state_class"": ""total_increasing"", ""unit_of_measurement"": ""B"", ""device_class"": ""data_size"", ""friendly_name"": ""UPNP IGD Data sent""}"
2025-08-08T18:20:25.157173,sensor.upnp_igd_packets_received,86629730,86630795,"{""state_class"": ""total_increasing"", ""unit_of_measurement"": ""packets"", ""friendly_name"": ""UPNP IGD Packets received""}"
2025-08-08T18:20:25.158496,sensor.upnp_igd_packets_sent,20769447,20769570,"{""state_class"": ""total_increasing"", ""unit_of_measurement"": ""packets"", ""friendly_name"": ""UPNP IGD Packets sent""}"
2025-08-08T18:20:25.159900,sensor.upnp_igd_uptime,1504553,1504583,"{""unit_of_measurement"": ""s"", ""device_class"": ""duration"", ""friendly_name"": ""UPNP IGD Uptime""}"
2025-08-08T18:20:25.161292,sensor.upnp_igd_download_speed,2.25197131309764,2.9522338702863,"{""state_class"": ""measurement"", ""unit_of_measurement"": ""KiB/s"", ""device_class"": ""data_rate"", ""friendly_name"": ""UPNP IGD Download speed""}"
2025-08-08T18:20:25.162649,sensor.upnp_igd_upload_speed,0.177795775088019,0.541202729258606,"{""state_class"": ""measurement"", ""unit_of_measurement"": ""KiB/s"", ""device_class"": ""data_rate"", ""friendly_name"": ""UPNP IGD Upload speed""}"
2025-08-08T18:20:25.164101,sensor.upnp_igd_packet_download_speed,33.3993041811629,35.4994615914992,"{""state_class"": ""measurement"", ""unit_of_measurement"": ""packets/s"", ""friendly_name"": ""UPNP IGD Packet download speed""}"
2025-08-08T18:20:25.165472,sensor.upnp_igd_packet_upload_speed,1.39997083394096,4.09993781760977,"{""state_class"": ""measurement"", ""unit_of_measurement"": ""packets/s"", ""friendly_name"": ""UPNP IGD Packet upload speed""}"
2025-08-08T18:20:55.160469,sensor.upnp_igd_data_received,1924918821,1924989131,"{""state_class"": ""total_increasing"", ""unit_of_measurement"": ""B"", ""device_class"": ""data_size"", ""friendly_name"": ""UPNP IGD Data received""}"
2025-08-08T18:20:55.163058,sensor.upnp_igd_data_sent,1239008471,1239014901,"{""state_class"": ""total_increasing"", ""unit_of_measurement"": ""B"", ""device_class"": ""data_size"", ""friendly_name"": ""UPNP IGD Data sent""}"
2025-08-08T18:20:55.164704,sensor.upnp_igd_packets_received,86630795,86631815,"{""state_class"": ""total_increasing"", ""unit_of_measurement"": ""packets"", ""friendly_name"": ""UPNP IGD Packets received""}"
2025-08-08T18:20:55.166073,sensor.upnp_igd_packets_sent,20769570,20769609,"{""state_class"": ""total_increasing"", ""unit_of_measurement"": ""packets"", ""friendly_name"": ""UPNP IGD Packets sent""}"
2025-08-08T18:20:55.167472,sensor.upnp_igd_uptime,1504583,1504613,"{""unit_of_measurement"": ""s"", ""device_class"": ""duration"", ""friendly_name"": ""UPNP IGD Uptime""}"
2025-08-08T18:20:55.168940,sensor.upnp_igd_download_speed,2.9522338702863,2.28881029738986,"{""state_class"": ""measurement"", ""unit_of_measurement"": ""KiB/s"", ""device_class"": ""data_rate"", ""friendly_name"": ""UPNP IGD Download speed""}"
2025-08-08T18:20:55.170330,sensor.upnp_igd_upload_speed,0.541202729258606,0.209316600941784,"{""state_class"": ""measurement"", ""unit_of_measurement"": ""KiB/s"", ""device_class"": ""data_rate"", ""friendly_name"": ""UPNP IGD Upload speed""}"
2025-08-08T18:20:55.171742,sensor.upnp_igd_packet_download_speed,35.4994615914992,34.001089168223,"{""state_class"": ""measurement"", ""unit_of_measurement"": ""packets/s"", ""friendly_name"": ""UPNP IGD Packet download speed""}"
2025-08-08T18:20:55.173196,sensor.upnp_igd_packet_upload_speed,4.09993781760977,1.30004164466735,"{""state_class"": ""measurement"", ""unit_of_measurement"": ""packets/s"", ""friendly_name"": ""UPNP IGD Packet upload speed""}"
2025-08-08T18:21:10.259404,automation.aut_status_bruno,on,on,"{""id"": ""1751855857509"", ""last_triggered"": ""2025-08-08T21:21:10.252952+00:00"", ""mode"": ""single"", ""current"": 1, ""friendly_name"": ""aut-status-bruno""}"
2025-08-08T18:21:10.261554,automation.aut_status_bruno,on,on,"{""id"": ""1751855857509"", ""last_triggered"": ""2025-08-08T21:21:10.252952+00:00"", ""mode"": ""single"", ""current"": 0, ""friendly_name"": ""aut-status-bruno""}"
2025-08-08T18:21:25.148336,sensor.upnp_igd_data_received,1924989131,1925056847,"{""state_class"": ""total_increasing"", ""unit_of_measurement"": ""B"", ""device_class"": ""data_size"", ""friendly_name"": ""UPNP IGD Data received""}"
2025-08-08T18:21:25.151658,sensor.upnp_igd_data_sent,1239014901,1239020256,"{""state_class"": ""total_increasing"", ""unit_of_measurement"": ""B"", ""device_class"": ""data_size"", ""friendly_name"": ""UPNP IGD Data sent""}"
2025-08-08T18:21:25.153164,sensor.upnp_igd_packets_received,86631815,86632841,"{""state_class"": ""total_increasing"", ""unit_of_measurement"": ""packets"", ""friendly_name"": ""UPNP IGD Packets received""}"
2025-08-08T18:21:25.154568,sensor.upnp_igd_packets_sent,20769609,20769663,"{""state_class"": ""total_increasing"", ""unit_of_measurement"": ""packets"", ""friendly_name"": ""UPNP IGD Packets sent""}"
2025-08-08T18:21:25.155994,sensor.upnp_igd_uptime,1504613,1504643,"{""unit_of_measurement"": ""s"", ""device_class"": ""duration"", ""friendly_name"": ""UPNP IGD Uptime""}"
2025-08-08T18:21:25.157375,sensor.upnp_igd_download_speed,2.28881029738986,2.20426094554659,"{""state_class"": ""measurement"", ""unit_of_measurement"": ""KiB/s"", ""device_class"": ""data_rate"", ""friendly_name"": ""UPNP IGD Download speed""}"
2025-08-08T18:21:25.158777,sensor.upnp_igd_upload_speed,0.209316600941784,0.174313564938891,"{""state_class"": ""measurement"", ""unit_of_measurement"": ""KiB/s"", ""device_class"": ""data_rate"", ""friendly_name"": ""UPNP IGD Upload speed""}"
2025-08-08T18:21:25.160228,sensor.upnp_igd_packet_download_speed,34.001089168223,34.1994425490864,"{""state_class"": ""measurement"", ""unit_of_measurement"": ""packets/s"", ""friendly_name"": ""UPNP IGD Packet download speed""}"
2025-08-08T18:21:25.161616,sensor.upnp_igd_packet_upload_speed,1.30004164466735,1.79997066047823,"{""state_class"": ""measurement"", ""unit_of_measurement"": ""packets/s"", ""friendly_name"": ""UPNP IGD Packet upload speed""}"
2025-08-08T18:21:55.148134,sensor.upnp_igd_data_received,1925056847,1925130515,"{""state_class"": ""total_increasing"", ""unit_of_measurement"": ""B"", ""device_class"": ""data_size"", ""friendly_name"": ""UPNP IGD Data received""}"
2025-08-08T18:21:55.150947,sensor.upnp_igd_data_sent,1239020256,1239029685,"{""state_class"": ""total_increasing"", ""unit_of_measurement"": ""B"", ""device_class"": ""data_size"", ""friendly_name"": ""UPNP IGD Data sent""}"
2025-08-08T18:21:55.152521,sensor.upnp_igd_packets_received,86632841,86633884,"{""state_class"": ""total_increasing"", ""unit_of_measurement"": ""packets"", ""friendly_name"": ""UPNP IGD Packets received""}"
2025-08-08T18:21:55.153906,sensor.upnp_igd_packets_sent,20769663,20769719,"{""state_class"": ""total_increasing"", ""unit_of_measurement"": ""packets"", ""friendly_name"": ""UPNP IGD Packets sent""}"
2025-08-08T18:21:55.155236,sensor.upnp_igd_uptime,1504643,1504673,"{""unit_of_measurement"": ""s"", ""device_class"": ""duration"", ""friendly_name"": ""UPNP IGD Uptime""}"
2025-08-08T18:21:55.156758,sensor.upnp_igd_download_speed,2.20426094554659,2.39802497303858,"{""state_class"": ""measurement"", ""unit_of_measurement"": ""KiB/s"", ""device_class"": ""data_rate"", ""friendly_name"": ""UPNP IGD Download speed""}"
2025-08-08T18:21:55.158201,sensor.upnp_igd_upload_speed,0.174313564938891,0.306930790448781,"{""state_class"": ""measurement"", ""unit_of_measurement"": ""KiB/s"", ""device_class"": ""data_rate"", ""friendly_name"": ""UPNP IGD Upload speed""}"
2025-08-08T18:21:55.159736,sensor.upnp_igd_packet_download_speed,34.1994425490864,34.7663491340112,"{""state_class"": ""measurement"", ""unit_of_measurement"": ""packets/s"", ""friendly_name"": ""UPNP IGD Packet download speed""}"
2025-08-08T18:21:55.161126,sensor.upnp_igd_packet_upload_speed,1.79997066047823,1.86664961793349,"{""state_class"": ""measurement"", ""unit_of_measurement"": ""packets/s"", ""friendly_name"": ""UPNP IGD Packet upload speed""}"
2025-08-08T18:22:10.274834,automation.aut_status_bruno,on,on,"{""id"": ""1751855857509"", ""last_triggered"": ""2025-08-08T21:22:10.254588+00:00"", ""mode"": ""single"", ""current"": 1, ""friendly_name"": ""aut-status-bruno""}"
2025-08-08T18:22:10.281499,automation.aut_status_bruno,on,on,"{""id"": ""1751855857509"", ""last_triggered"": ""2025-08-08T21:22:10.254588+00:00"", ""mode"": ""single"", ""current"": 0, ""friendly_name"": ""aut-status-bruno""}"
2025-08-08T18:22:25.149200,sensor.upnp_igd_data_received,1925130515,1925205144,"{""state_class"": ""total_increasing"", ""unit_of_measurement"": ""B"", ""device_class"": ""data_size"", ""friendly_name"": ""UPNP IGD Data received""}"
2025-08-08T18:22:25.152368,sensor.upnp_igd_data_sent,1239029685,1239039633,"{""state_class"": ""total_increasing"", ""unit_of_measurement"": ""B"", ""device_class"": ""data_size"", ""friendly_name"": ""UPNP IGD Data sent""}"
2025-08-08T18:22:25.154159,sensor.upnp_igd_packets_received,86633884,86634942,"{""state_class"": ""total_increasing"", ""unit_of_measurement"": ""packets"", ""friendly_name"": ""UPNP IGD Packets received""}"
2025-08-08T18:22:25.156003,sensor.upnp_igd_packets_sent,20769719,20769794,"{""state_class"": ""total_increasing"", ""unit_of_measurement"": ""packets"", ""friendly_name"": ""UPNP IGD Packets sent""}"
2025-08-08T18:22:25.157732,sensor.upnp_igd_uptime,1504673,1504703,"{""unit_of_measurement"": ""s"", ""device_class"": ""duration"", ""friendly_name"": ""UPNP IGD Uptime""}"
2025-08-08T18:22:25.159600,sensor.upnp_igd_download_speed,2.39802497303858,2.42933639118099,"{""state_class"": ""measurement"", ""unit_of_measurement"": ""KiB/s"", ""device_class"": ""data_rate"", ""friendly_name"": ""UPNP IGD Download speed""}"
2025-08-08T18:22:25.161477,sensor.upnp_igd_upload_speed,0.306930790448781,0.323829053309953,"{""state_class"": ""measurement"", ""unit_of_measurement"": ""KiB/s"", ""device_class"": ""data_rate"", ""friendly_name"": ""UPNP IGD Upload speed""}"
2025-08-08T18:22:25.163152,sensor.upnp_igd_packet_download_speed,34.7663491340112,35.2667677647343,"{""state_class"": ""measurement"", ""unit_of_measurement"": ""packets/s"", ""friendly_name"": ""UPNP IGD Packet download speed""}"
2025-08-08T18:22:25.164946,sensor.upnp_igd_packet_upload_speed,1.86664961793349,2.50000716668721,"{""state_class"": ""measurement"", ""unit_of_measurement"": ""packets/s"", ""friendly_name"": ""UPNP IGD Packet upload speed""}"
2025-08-08T18:22:55.149959,sensor.upnp_igd_data_received,1925205144,1925283165,"{""state_class"": ""total_increasing"", ""unit_of_measurement"": ""B"", ""device_class"": ""data_size"", ""friendly_name"": ""UPNP IGD Data received""}"
2025-08-08T18:22:55.152633,sensor.upnp_igd_data_sent,1239039633,1239050600,"{""state_class"": ""total_increasing"", ""unit_of_measurement"": ""B"", ""device_class"": ""data_size"", ""friendly_name"": ""UPNP IGD Data sent""}"
2025-08-08T18:22:55.154078,sensor.upnp_igd_packets_received,86634942,86635973,"{""state_class"": ""total_increasing"", ""unit_of_measurement"": ""packets"", ""friendly_name"": ""UPNP IGD Packets received""}"
2025-08-08T18:22:55.155513,sensor.upnp_igd_packets_sent,20769794,20769854,"{""state_class"": ""total_increasing"", ""unit_of_measurement"": ""packets"", ""friendly_name"": ""UPNP IGD Packets sent""}"
2025-08-08T18:22:55.156880,sensor.upnp_igd_uptime,1504703,1504733,"{""unit_of_measurement"": ""s"", ""device_class"": ""duration"", ""friendly_name"": ""UPNP IGD Uptime""}"
2025-08-08T18:22:55.158285,sensor.upnp_igd_download_speed,2.42933639118099,2.53980357797098,"{""state_class"": ""measurement"", ""unit_of_measurement"": ""KiB/s"", ""device_class"": ""data_rate"", ""friendly_name"": ""UPNP IGD Download speed""}"
2025-08-08T18:22:55.159692,sensor.upnp_igd_upload_speed,0.323829053309953,0.357006778170079,"{""state_class"": ""measurement"", ""unit_of_measurement"": ""KiB/s"", ""device_class"": ""data_rate"", ""friendly_name"": ""UPNP IGD Upload speed""}"
2025-08-08T18:22:55.161091,sensor.upnp_igd_packet_download_speed,35.2667677647343,34.3674445164942,"{""state_class"": ""measurement"", ""unit_of_measurement"": ""packets/s"", ""friendly_name"": ""UPNP IGD Packet download speed""}"
2025-08-08T18:22:55.162480,sensor.upnp_igd_packet_upload_speed,2.50000716668721,2.00004526769123,"{""state_class"": ""measurement"", ""unit_of_measurement"": ""packets/s"", ""friendly_name"": ""UPNP IGD Packet upload speed""}"
2025-08-08T18:22:56.310563,camera.192_168_0_33,idle,idle,"{""access_token"": ""c270e319696af87fa3493a8b8b0b79f5e47d7430afbc46302ac225d975f338c4"", ""entity_picture"": ""/api/camera_proxy/camera.192_168_0_33?token=c270e319696af87fa3493a8b8b0b79f5e47d7430afbc46302ac225d975f338c4"", ""friendly_name"": ""192_168_0_14"", ""supported_features"": 2}"
2025-08-08T18:22:56.312417,camera.admin_mainstream,idle,idle,"{""access_token"": ""4447de9b7a921061870a1c5157eda1b481534ec08993178086e66f181322258b"", ""entity_picture"": ""/api/camera_proxy/camera.admin_mainstream?token=4447de9b7a921061870a1c5157eda1b481534ec08993178086e66f181322258b"", ""friendly_name"": ""admin MainStream"", ""supported_features"": 2}"
2025-08-08T18:22:56.313923,camera.admin_substream,idle,idle,"{""access_token"": ""28b28045f56fda3df86a795b88ad31a918916534e64d3a3adb7a69a50e1cebf7"", ""entity_picture"": ""/api/camera_proxy/camera.admin_substream?token=28b28045f56fda3df86a795b88ad31a918916534e64d3a3adb7a69a50e1cebf7"", ""friendly_name"": ""admin SubStream"", ""supported_features"": 2}"
2025-08-08T18:23:10.259805,automation.aut_status_bruno,on,on,"{""id"": ""1751855857509"", ""last_triggered"": ""2025-08-08T21:23:10.253183+00:00"", ""mode"": ""single"", ""current"": 1, ""friendly_name"": ""aut-status-bruno""}"
2025-08-08T18:23:10.262174,automation.aut_status_bruno,on,on,"{""id"": ""1751855857509"", ""last_triggered"": ""2025-08-08T21:23:10.253183+00:00"", ""mode"": ""single"", ""current"": 0, ""friendly_name"": ""aut-status-bruno""}"
2025-08-08T18:23:25.148738,sensor.upnp_igd_data_received,1925283165,1925357198,"{""state_class"": ""total_increasing"", ""unit_of_measurement"": ""B"", ""device_class"": ""data_size"", ""friendly_name"": ""UPNP IGD Data received""}"
2025-08-08T18:23:25.152118,sensor.upnp_igd_data_sent,1239050600,1239058715,"{""state_class"": ""total_increasing"", ""unit_of_measurement"": ""B"", ""device_class"": ""data_size"", ""friendly_name"": ""UPNP IGD Data sent""}"
2025-08-08T18:23:25.153708,sensor.upnp_igd_packets_received,86635973,86637008,"{""state_class"": ""total_increasing"", ""unit_of_measurement"": ""packets"", ""friendly_name"": ""UPNP IGD Packets received""}"
2025-08-08T18:23:25.155110,sensor.upnp_igd_packets_sent,20769854,20769922,"{""state_class"": ""total_increasing"", ""unit_of_measurement"": ""packets"", ""friendly_name"": ""UPNP IGD Packets sent""}"
2025-08-08T18:23:25.156480,sensor.upnp_igd_uptime,1504733,1504763,"{""unit_of_measurement"": ""s"", ""device_class"": ""duration"", ""friendly_name"": ""UPNP IGD Uptime""}"
2025-08-08T18:23:25.157918,sensor.upnp_igd_download_speed,2.53980357797098,2.40992324424708,"{""state_class"": ""measurement"", ""unit_of_measurement"": ""KiB/s"", ""device_class"": ""data_rate"", ""friendly_name"": ""UPNP IGD Download speed""}"
2025-08-08T18:23:25.159432,sensor.upnp_igd_upload_speed,0.357006778170079,0.264159592709536,"{""state_class"": ""measurement"", ""unit_of_measurement"": ""KiB/s"", ""device_class"": ""data_rate"", ""friendly_name"": ""UPNP IGD Upload speed""}"
2025-08-08T18:23:25.160813,sensor.upnp_igd_packet_download_speed,34.3674445164942,34.499926400157,"{""state_class"": ""measurement"", ""unit_of_measurement"": ""packets/s"", ""friendly_name"": ""UPNP IGD Packet download speed""}"
2025-08-08T18:23:25.162195,sensor.upnp_igd_packet_upload_speed,2.00004526769123,2.26666183112143,"{""state_class"": ""measurement"", ""unit_of_measurement"": ""packets/s"", ""friendly_name"": ""UPNP IGD Packet upload speed""}"
2025-08-08T18:23:42.462580,sun.sun,below_horizon,below_horizon,"{""next_dawn"": ""2025-08-09T08:28:43.043300+00:00"", ""next_dusk"": ""2025-08-09T20:50:30.479845+00:00"", ""next_midnight"": ""2025-08-09T02:39:32+00:00"", ""next_noon"": ""2025-08-09T14:39:38+00:00"", ""next_rising"": ""2025-08-09T08:51:07.786841+00:00"", ""next_setting"": ""2025-08-09T20:28:06.098969+00:00"", ""elevation"": -13.9, ""azimuth"": 283.41, ""rising"": false, ""friendly_name"": ""Sun""}"
2025-08-08T18:23:55.147498,sensor.upnp_igd_data_received,1925357198,1925925512,"{""state_class"": ""total_increasing"", ""unit_of_measurement"": ""B"", ""device_class"": ""data_size"", ""friendly_name"": ""UPNP IGD Data received""}"
2025-08-08T18:23:55.149203,sensor.upnp_igd_data_sent,1239058715,1239073258,"{""state_class"": ""total_increasing"", ""unit_of_measurement"": ""B"", ""device_class"": ""data_size"", ""friendly_name"": ""UPNP IGD Data sent""}"
2025-08-08T18:23:55.150844,sensor.upnp_igd_packets_received,86637008,86638397,"{""state_class"": ""total_increasing"", ""unit_of_measurement"": ""packets"", ""friendly_name"": ""UPNP IGD Packets received""}"
2025-08-08T18:23:55.152284,sensor.upnp_igd_packets_sent,20769922,20770054,"{""state_class"": ""total_increasing"", ""unit_of_measurement"": ""packets"", ""friendly_name"": ""UPNP IGD Packets sent""}"
2025-08-08T18:23:55.153654,sensor.upnp_igd_uptime,1504763,1504793,"{""unit_of_measurement"": ""s"", ""device_class"": ""duration"", ""friendly_name"": ""UPNP IGD Uptime""}"
2025-08-08T18:23:55.155075,sensor.upnp_igd_download_speed,2.40992324424708,18.4996221578947,"{""state_class"": ""measurement"", ""unit_of_measurement"": ""KiB/s"", ""device_class"": ""data_rate"", ""friendly_name"": ""UPNP IGD Download speed""}"
2025-08-08T18:23:55.156851,sensor.upnp_igd_upload_speed,0.264159592709536,0.473400277033933,"{""state_class"": ""measurement"", ""unit_of_measurement"": ""KiB/s"", ""device_class"": ""data_rate"", ""friendly_name"": ""UPNP IGD Upload speed""}"
2025-08-08T18:23:55.158560,sensor.upnp_igd_packet_download_speed,34.499926400157,46.2995431778406,"{""state_class"": ""measurement"", ""unit_of_measurement"": ""packets/s"", ""friendly_name"": ""UPNP IGD Packet download speed""}"
2025-08-08T18:23:55.160320,sensor.upnp_igd_packet_upload_speed,2.26666183112143,4.39995658709501,"{""state_class"": ""measurement"", ""unit_of_measurement"": ""packets/s"", ""friendly_name"": ""UPNP IGD Packet upload speed""}"
2025-08-08T18:24:10.260693,automation.aut_status_bruno,on,on,"{""id"": ""1751855857509"", ""last_triggered"": ""2025-08-08T21:24:10.252868+00:00"", ""mode"": ""single"", ""current"": 1, ""friendly_name"": ""aut-status-bruno""}"
2025-08-08T18:24:10.262733,automation.aut_status_bruno,on,on,"{""id"": ""1751855857509"", ""last_triggered"": ""2025-08-08T21:24:10.252868+00:00"", ""mode"": ""single"", ""current"": 0, ""friendly_name"": ""aut-status-bruno""}"
2025-08-08T18:24:25.153352,sensor.upnp_igd_data_received,1925925512,1925992298,"{""state_class"": ""total_increasing"", ""unit_of_measurement"": ""B"", ""device_class"": ""data_size"", ""friendly_name"": ""UPNP IGD Data received""}"
2025-08-08T18:24:25.155477,sensor.upnp_igd_data_sent,1239073258,1239077272,"{""state_class"": ""total_increasing"", ""unit_of_measurement"": ""B"", ""device_class"": ""data_size"", ""friendly_name"": ""UPNP IGD Data sent""}"
2025-08-08T18:24:25.156939,sensor.upnp_igd_packets_received,86638397,86639417,"{""state_class"": ""total_increasing"", ""unit_of_measurement"": ""packets"", ""friendly_name"": ""UPNP IGD Packets received""}"
2025-08-08T18:24:25.158187,sensor.upnp_igd_packets_sent,20770054,20770098,"{""state_class"": ""total_increasing"", ""unit_of_measurement"": ""packets"", ""friendly_name"": ""UPNP IGD Packets sent""}"
2025-08-08T18:24:25.160290,sensor.upnp_igd_uptime,1504793,1504823,"{""unit_of_measurement"": ""s"", ""device_class"": ""duration"", ""friendly_name"": ""UPNP IGD Uptime""}"
2025-08-08T18:24:25.162057,sensor.upnp_igd_download_speed,18.4996221578947,2.17399242187478,"{""state_class"": ""measurement"", ""unit_of_measurement"": ""KiB/s"", ""device_class"": ""data_rate"", ""friendly_name"": ""UPNP IGD Download speed""}"
2025-08-08T18:24:25.163884,sensor.upnp_igd_upload_speed,0.473400277033933,0.13066219838597,"{""state_class"": ""measurement"", ""unit_of_measurement"": ""KiB/s"", ""device_class"": ""data_rate"", ""friendly_name"": ""UPNP IGD Upload speed""}"
2025-08-08T18:24:25.165582,sensor.upnp_igd_packet_download_speed,46.2995431778406,33.9995149402535,"{""state_class"": ""measurement"", ""unit_of_measurement"": ""packets/s"", ""friendly_name"": ""UPNP IGD Packet download speed""}"
2025-08-08T18:24:25.167262,sensor.upnp_igd_packet_upload_speed,4.39995658709501,1.46664574252074,"{""state_class"": ""measurement"", ""unit_of_measurement"": ""packets/s"", ""friendly_name"": ""UPNP IGD Packet upload speed""}"
2025-08-08T18:24:55.149381,sensor.upnp_igd_data_received,1925992298,1926063451,"{""state_class"": ""total_increasing"", ""unit_of_measurement"": ""B"", ""device_class"": ""data_size"", ""friendly_name"": ""UPNP IGD Data received""}"
2025-08-08T18:24:55.152129,sensor.upnp_igd_data_sent,1239077272,1239083709,"{""state_class"": ""total_increasing"", ""unit_of_measurement"": ""B"", ""device_class"": ""data_size"", ""friendly_name"": ""UPNP IGD Data sent""}"
2025-08-08T18:24:55.153462,sensor.upnp_igd_packets_received,86639417,86640453,"{""state_class"": ""total_increasing"", ""unit_of_measurement"": ""packets"", ""friendly_name"": ""UPNP IGD Packets received""}"
2025-08-08T18:24:55.154619,sensor.upnp_igd_packets_sent,20770098,20770137,"{""state_class"": ""total_increasing"", ""unit_of_measurement"": ""packets"", ""friendly_name"": ""UPNP IGD Packets sent""}"
2025-08-08T18:24:55.157278,sensor.upnp_igd_uptime,1504823,1504853,"{""unit_of_measurement"": ""s"", ""device_class"": ""duration"", ""friendly_name"": ""UPNP IGD Uptime""}"
2025-08-08T18:24:55.159049,sensor.upnp_igd_download_speed,2.17399242187478,2.31620486735898,"{""state_class"": ""measurement"", ""unit_of_measurement"": ""KiB/s"", ""device_class"": ""data_rate"", ""friendly_name"": ""UPNP IGD Download speed""}"
2025-08-08T18:24:55.160815,sensor.upnp_igd_upload_speed,0.13066219838597,0.209540156159119,"{""state_class"": ""measurement"", ""unit_of_measurement"": ""KiB/s"", ""device_class"": ""data_rate"", ""friendly_name"": ""UPNP IGD Upload speed""}"
2025-08-08T18:24:55.162573,sensor.upnp_igd_packet_download_speed,33.9995149402535,34.5337281689587,"{""state_class"": ""measurement"", ""unit_of_measurement"": ""packets/s"", ""friendly_name"": ""UPNP IGD Packet download speed""}"
2025-08-08T18:24:55.164340,sensor.upnp_igd_packet_upload_speed,1.46664574252074,1.30001486350327,"{""state_class"": ""measurement"", ""unit_of_measurement"": ""packets/s"", ""friendly_name"": ""UPNP IGD Packet upload speed""}"
2025-08-08T18:25:10.258728,automation.aut_status_bruno,on,on,"{""id"": ""1751855857509"", ""last_triggered"": ""2025-08-08T21:25:10.252414+00:00"", ""mode"": ""single"", ""current"": 1, ""friendly_name"": ""aut-status-bruno""}"
2025-08-08T18:25:10.261172,automation.aut_status_bruno,on,on,"{""id"": ""1751855857509"", ""last_triggered"": ""2025-08-08T21:25:10.252414+00:00"", ""mode"": ""single"", ""current"": 0, ""friendly_name"": ""aut-status-bruno""}"
2025-08-08T18:25:25.147261,sensor.upnp_igd_data_received,1926063451,1926131996,"{""state_class"": ""total_increasing"", ""unit_of_measurement"": ""B"", ""device_class"": ""data_size"", ""friendly_name"": ""UPNP IGD Data received""}"
2025-08-08T18:25:25.149865,sensor.upnp_igd_data_sent,1239083709,1239088147,"{""state_class"": ""total_increasing"", ""unit_of_measurement"": ""B"", ""device_class"": ""data_size"", ""friendly_name"": ""UPNP IGD Data sent""}"
2025-08-08T18:25:25.151568,sensor.upnp_igd_packets_received,86640453,86641502,"{""state_class"": ""total_increasing"", ""unit_of_measurement"": ""packets"", ""friendly_name"": ""UPNP IGD Packets received""}"
2025-08-08T18:25:25.153014,sensor.upnp_igd_packets_sent,20770137,20770184,"{""state_class"": ""total_increasing"", ""unit_of_measurement"": ""packets"", ""friendly_name"": ""UPNP IGD Packets sent""}"
2025-08-08T18:25:25.154311,sensor.upnp_igd_uptime,1504853,1504883,"{""unit_of_measurement"": ""s"", ""device_class"": ""duration"", ""friendly_name"": ""UPNP IGD Uptime""}"
2025-08-08T18:25:25.155739,sensor.upnp_igd_download_speed,2.31620486735898,2.23126998259576,"{""state_class"": ""measurement"", ""unit_of_measurement"": ""KiB/s"", ""device_class"": ""data_rate"", ""friendly_name"": ""UPNP IGD Download speed""}"
2025-08-08T18:25:25.157178,sensor.upnp_igd_upload_speed,0.209540156159119,0.144465332011963,"{""state_class"": ""measurement"", ""unit_of_measurement"": ""KiB/s"", ""device_class"": ""data_rate"", ""friendly_name"": ""UPNP IGD Upload speed""}"
2025-08-08T18:25:25.158601,sensor.upnp_igd_packet_download_speed,34.5337281689587,34.9664696888874,"{""state_class"": ""measurement"", ""unit_of_measurement"": ""packets/s"", ""friendly_name"": ""UPNP IGD Packet download speed""}"
2025-08-08T18:25:25.160125,sensor.upnp_igd_packet_upload_speed,1.30001486350327,1.56665784116083,"{""state_class"": ""measurement"", ""unit_of_measurement"": ""packets/s"", ""friendly_name"": ""UPNP IGD Packet upload speed""}"
2025-08-08T18:25:55.148810,sensor.upnp_igd_data_received,1926131996,1926210804,"{""state_class"": ""total_increasing"", ""unit_of_measurement"": ""B"", ""device_class"": ""data_size"", ""friendly_name"": ""UPNP IGD Data received""}"
2025-08-08T18:25:55.151246,sensor.upnp_igd_data_sent,1239088147,1239097960,"{""state_class"": ""total_increasing"", ""unit_of_measurement"": ""B"", ""device_class"": ""data_size"", ""friendly_name"": ""UPNP IGD Data sent""}"
2025-08-08T18:25:55.152916,sensor.upnp_igd_packets_received,86641502,86642551,"{""state_class"": ""total_increasing"", ""unit_of_measurement"": ""packets"", ""friendly_name"": ""UPNP IGD Packets received""}"
2025-08-08T18:25:55.154337,sensor.upnp_igd_packets_sent,20770184,20770256,"{""state_class"": ""total_increasing"", ""unit_of_measurement"": ""packets"", ""friendly_name"": ""UPNP IGD Packets sent""}"
2025-08-08T18:25:55.155696,sensor.upnp_igd_uptime,1504883,1504913,"{""unit_of_measurement"": ""s"", ""device_class"": ""duration"", ""friendly_name"": ""UPNP IGD Uptime""}"
2025-08-08T18:25:55.157110,sensor.upnp_igd_download_speed,2.23126998259576,2.5653601367091,"{""state_class"": ""measurement"", ""unit_of_measurement"": ""KiB/s"", ""device_class"": ""data_rate"", ""friendly_name"": ""UPNP IGD Download speed""}"
2025-08-08T18:25:55.158554,sensor.upnp_igd_upload_speed,0.144465332011963,0.319433040066064,"{""state_class"": ""measurement"", ""unit_of_measurement"": ""KiB/s"", ""device_class"": ""data_rate"", ""friendly_name"": ""UPNP IGD Upload speed""}"
2025-08-08T18:25:55.160081,sensor.upnp_igd_packet_download_speed,34.9664696888874,34.9666060578828,"{""state_class"": ""measurement"", ""unit_of_measurement"": ""packets/s"", ""friendly_name"": ""UPNP IGD Packet download speed""}"
2025-08-08T18:25:55.161504,sensor.upnp_igd_packet_upload_speed,1.56665784116083,2.39999584000721,"{""state_class"": ""measurement"", ""unit_of_measurement"": ""packets/s"", ""friendly_name"": ""UPNP IGD Packet upload speed""}"
2025-08-08T18:26:10.259782,automation.aut_status_bruno,on,on,"{""id"": ""1751855857509"", ""last_triggered"": ""2025-08-08T21:26:10.253145+00:00"", ""mode"": ""single"", ""current"": 1, ""friendly_name"": ""aut-status-bruno""}"
2025-08-08T18:26:10.261953,automation.aut_status_bruno,on,on,"{""id"": ""1751855857509"", ""last_triggered"": ""2025-08-08T21:26:10.253145+00:00"", ""mode"": ""single"", ""current"": 0, ""friendly_name"": ""aut-status-bruno""}"
2025-08-08T18:26:25.146916,sensor.upnp_igd_data_received,1926210804,1926275193,"{""state_class"": ""total_increasing"", ""unit_of_measurement"": ""B"", ""device_class"": ""data_size"", ""friendly_name"": ""UPNP IGD Data received""}"
2025-08-08T18:26:25.148937,sensor.upnp_igd_data_sent,1239097960,1239101713,"{""state_class"": ""total_increasing"", ""unit_of_measurement"": ""B"", ""device_class"": ""data_size"", ""friendly_name"": ""UPNP IGD Data sent""}"
2025-08-08T18:26:25.150547,sensor.upnp_igd_packets_received,86642551,86643535,"{""state_class"": ""total_increasing"", ""unit_of_measurement"": ""packets"", ""friendly_name"": ""UPNP IGD Packets received""}"
2025-08-08T18:26:25.152023,sensor.upnp_igd_packets_sent,20770256,20770297,"{""state_class"": ""total_increasing"", ""unit_of_measurement"": ""packets"", ""friendly_name"": ""UPNP IGD Packets sent""}"
2025-08-08T18:26:25.153367,sensor.upnp_igd_uptime,1504913,1504943,"{""unit_of_measurement"": ""s"", ""device_class"": ""duration"", ""friendly_name"": ""UPNP IGD Uptime""}"
2025-08-08T18:26:25.154733,sensor.upnp_igd_download_speed,2.5653601367091,2.0959852644928,"{""state_class"": ""measurement"", ""unit_of_measurement"": ""KiB/s"", ""device_class"": ""data_rate"", ""friendly_name"": ""UPNP IGD Download speed""}"
2025-08-08T18:26:25.156132,sensor.upnp_igd_upload_speed,0.319433040066064,0.122167337552089,"{""state_class"": ""measurement"", ""unit_of_measurement"": ""KiB/s"", ""device_class"": ""data_rate"", ""friendly_name"": ""UPNP IGD Upload speed""}"
2025-08-08T18:26:25.157501,sensor.upnp_igd_packet_download_speed,34.9666060578828,32.7998305342089,"{""state_class"": ""measurement"", ""unit_of_measurement"": ""packets/s"", ""friendly_name"": ""UPNP IGD Packet download speed""}"
2025-08-08T18:26:25.158904,sensor.upnp_igd_packet_upload_speed,2.39999584000721,1.36665960559204,"{""state_class"": ""measurement"", ""unit_of_measurement"": ""packets/s"", ""friendly_name"": ""UPNP IGD Packet upload speed""}"
2025-08-08T18:26:55.150137,sensor.upnp_igd_data_received,1926275193,1926346756,"{""state_class"": ""total_increasing"", ""unit_of_measurement"": ""B"", ""device_class"": ""data_size"", ""friendly_name"": ""UPNP IGD Data received""}"
2025-08-08T18:26:55.151992,sensor.upnp_igd_data_sent,1239101713,1239109818,"{""state_class"": ""total_increasing"", ""unit_of_measurement"": ""B"", ""device_class"": ""data_size"", ""friendly_name"": ""UPNP IGD Data sent""}"
2025-08-08T18:26:55.153367,sensor.upnp_igd_packets_received,86643535,86644571,"{""state_class"": ""total_increasing"", ""unit_of_measurement"": ""packets"", ""friendly_name"": ""UPNP IGD Packets received""}"
2025-08-08T18:26:55.154599,sensor.upnp_igd_packets_sent,20770297,20770347,"{""state_class"": ""total_increasing"", ""unit_of_measurement"": ""packets"", ""friendly_name"": ""UPNP IGD Packets sent""}"
2025-08-08T18:26:55.156740,sensor.upnp_igd_uptime,1504943,1504973,"{""unit_of_measurement"": ""s"", ""device_class"": ""duration"", ""friendly_name"": ""UPNP IGD Uptime""}"
2025-08-08T18:26:55.158909,sensor.upnp_igd_download_speed,2.0959852644928,2.32953716378154,"{""state_class"": ""measurement"", ""unit_of_measurement"": ""KiB/s"", ""device_class"": ""data_rate"", ""friendly_name"": ""UPNP IGD Download speed""}"
2025-08-08T18:26:55.160801,sensor.upnp_igd_upload_speed,0.122167337552089,0.263836042542227,"{""state_class"": ""measurement"", ""unit_of_measurement"": ""KiB/s"", ""device_class"": ""data_rate"", ""friendly_name"": ""UPNP IGD Upload speed""}"
2025-08-08T18:26:55.162504,sensor.upnp_igd_packet_download_speed,32.7998305342089,34.5335175120934,"{""state_class"": ""measurement"", ""unit_of_measurement"": ""packets/s"", ""friendly_name"": ""UPNP IGD Packet download speed""}"
2025-08-08T18:26:55.164223,sensor.upnp_igd_packet_upload_speed,1.36665960559204,1.66667555560296,"{""state_class"": ""measurement"", ""unit_of_measurement"": ""packets/s"", ""friendly_name"": ""UPNP IGD Packet upload speed""}"
2025-08-08T18:27:10.271970,automation.aut_status_bruno,on,on,"{""id"": ""1751855857509"", ""last_triggered"": ""2025-08-08T21:27:10.254274+00:00"", ""mode"": ""single"", ""current"": 1, ""friendly_name"": ""aut-status-bruno""}"
2025-08-08T18:27:10.278160,automation.aut_status_bruno,on,on,"{""id"": ""1751855857509"", ""last_triggered"": ""2025-08-08T21:27:10.254274+00:00"", ""mode"": ""single"", ""current"": 0, ""friendly_name"": ""aut-status-bruno""}"
2025-08-08T18:27:25.148951,sensor.upnp_igd_data_received,1926346756,1926413091,"{""state_class"": ""total_increasing"", ""unit_of_measurement"": ""B"", ""device_class"": ""data_size"", ""friendly_name"": ""UPNP IGD Data received""}"
2025-08-08T18:27:25.152149,sensor.upnp_igd_data_sent,1239109818,1239113738,"{""state_class"": ""total_increasing"", ""unit_of_measurement"": ""B"", ""device_class"": ""data_size"", ""friendly_name"": ""UPNP IGD Data sent""}"
2025-08-08T18:27:25.154511,sensor.upnp_igd_packets_received,86644571,86645584,"{""state_class"": ""total_increasing"", ""unit_of_measurement"": ""packets"", ""friendly_name"": ""UPNP IGD Packets received""}"
2025-08-08T18:27:25.156479,sensor.upnp_igd_packets_sent,20770347,20770391,"{""state_class"": ""total_increasing"", ""unit_of_measurement"": ""packets"", ""friendly_name"": ""UPNP IGD Packets sent""}"
2025-08-08T18:27:25.158180,sensor.upnp_igd_uptime,1504973,1505003,"{""unit_of_measurement"": ""s"", ""device_class"": ""duration"", ""friendly_name"": ""UPNP IGD Uptime""}"
2025-08-08T18:27:25.160411,sensor.upnp_igd_download_speed,2.32953716378154,2.15937714190941,"{""state_class"": ""measurement"", ""unit_of_measurement"": ""KiB/s"", ""device_class"": ""data_rate"", ""friendly_name"": ""UPNP IGD Download speed""}"
2025-08-08T18:27:25.162196,sensor.upnp_igd_upload_speed,0.263836042542227,0.127606216873218,"{""state_class"": ""measurement"", ""unit_of_measurement"": ""KiB/s"", ""device_class"": ""data_rate"", ""friendly_name"": ""UPNP IGD Upload speed""}"
2025-08-08T18:27:25.163984,sensor.upnp_igd_packet_download_speed,34.5335175120934,33.767209193161,"{""state_class"": ""measurement"", ""unit_of_measurement"": ""packets/s"", ""friendly_name"": ""UPNP IGD Packet download speed""}"
2025-08-08T18:27:25.165672,sensor.upnp_igd_packet_upload_speed,1.66667555560296,1.46669023148972,"{""state_class"": ""measurement"", ""unit_of_measurement"": ""packets/s"", ""friendly_name"": ""UPNP IGD Packet upload speed""}"
2025-08-08T18:27:50.703073,media_player.dlna_b13_box,unavailable,unknown,"{""friendly_name"": ""DLNA-B13 Box"", ""supported_features"": 512575}"
2025-08-08T18:27:53.788191,media_player.dlna_b13_box,unknown,unavailable,"{""friendly_name"": ""DLNA-B13 Box"", ""supported_features"": 512575}"
2025-08-08T18:27:55.159614,sensor.upnp_igd_data_received,1926413091,1926480975,"{""state_class"": ""total_increasing"", ""unit_of_measurement"": ""B"", ""device_class"": ""data_size"", ""friendly_name"": ""UPNP IGD Data received""}"
2025-08-08T18:27:55.162278,sensor.upnp_igd_data_sent,1239113738,1239120049,"{""state_class"": ""total_increasing"", ""unit_of_measurement"": ""B"", ""device_class"": ""data_size"", ""friendly_name"": ""UPNP IGD Data sent""}"
2025-08-08T18:27:55.164080,sensor.upnp_igd_packets_received,86645584,86646566,"{""state_class"": ""total_increasing"", ""unit_of_measurement"": ""packets"", ""friendly_name"": ""UPNP IGD Packets received""}"
2025-08-08T18:27:55.165819,sensor.upnp_igd_packets_sent,20770391,20770428,"{""state_class"": ""total_increasing"", ""unit_of_measurement"": ""packets"", ""friendly_name"": ""UPNP IGD Packets sent""}"
2025-08-08T18:27:55.167431,sensor.upnp_igd_uptime,1505003,1505033,"{""unit_of_measurement"": ""s"", ""device_class"": ""duration"", ""friendly_name"": ""UPNP IGD Uptime""}"
2025-08-08T18:27:55.169154,sensor.upnp_igd_download_speed,2.15937714190941,2.20978624967166,"{""state_class"": ""measurement"", ""unit_of_measurement"": ""KiB/s"", ""device_class"": ""data_rate"", ""friendly_name"": ""UPNP IGD Download speed""}"
2025-08-08T18:27:55.170812,sensor.upnp_igd_upload_speed,0.127606216873218,0.205438115339076,"{""state_class"": ""measurement"", ""unit_of_measurement"": ""KiB/s"", ""device_class"": ""data_rate"", ""friendly_name"": ""UPNP IGD Upload speed""}"
2025-08-08T18:27:55.172548,sensor.upnp_igd_packet_download_speed,33.767209193161,32.7336388472959,"{""state_class"": ""measurement"", ""unit_of_measurement"": ""packets/s"", ""friendly_name"": ""UPNP IGD Packet download speed""}"
2025-08-08T18:27:55.174291,sensor.upnp_igd_packet_upload_speed,1.46669023148972,1.23334484455188,"{""state_class"": ""measurement"", ""unit_of_measurement"": ""packets/s"", ""friendly_name"": ""UPNP IGD Packet upload speed""}"
2025-08-08T18:27:56.311930,camera.192_168_0_33,idle,idle,"{""access_token"": ""9908de920bdb5058b24789d0ce3c35e405c4b780e96f18583294a623c564b155"", ""entity_picture"": ""/api/camera_proxy/camera.192_168_0_33?token=9908de920bdb5058b24789d0ce3c35e405c4b780e96f18583294a623c564b155"", ""friendly_name"": ""192_168_0_14"", ""supported_features"": 2}"
2025-08-08T18:27:56.313686,camera.admin_mainstream,idle,idle,"{""access_token"": ""a469940000c1f60e8de810d6a8edf36e3e34c7782806ae98358bbf89e6a6b845"", ""entity_picture"": ""/api/camera_proxy/camera.admin_mainstream?token=a469940000c1f60e8de810d6a8edf36e3e34c7782806ae98358bbf89e6a6b845"", ""friendly_name"": ""admin MainStream"", ""supported_features"": 2}"
2025-08-08T18:27:56.315251,camera.admin_substream,idle,idle,"{""access_token"": ""2f0118ae23d915892d770fcb79e90c18f981c0e56906cccdffcb5b2dc62d5656"", ""entity_picture"": ""/api/camera_proxy/camera.admin_substream?token=2f0118ae23d915892d770fcb79e90c18f981c0e56906cccdffcb5b2dc62d5656"", ""friendly_name"": ""admin SubStream"", ""supported_features"": 2}"
2025-08-08T18:28:10.259627,automation.aut_status_bruno,on,on,"{""id"": ""1751855857509"", ""last_triggered"": ""2025-08-08T21:28:10.252304+00:00"", ""mode"": ""single"", ""current"": 1, ""friendly_name"": ""aut-status-bruno""}"
2025-08-08T18:28:10.261800,automation.aut_status_bruno,on,on,"{""id"": ""1751855857509"", ""last_triggered"": ""2025-08-08T21:28:10.252304+00:00"", ""mode"": ""single"", ""current"": 0, ""friendly_name"": ""aut-status-bruno""}"
2025-08-08T18:28:25.149896,sensor.upnp_igd_data_received,1926480975,1926546038,"{""state_class"": ""total_increasing"", ""unit_of_measurement"": ""B"", ""device_class"": ""data_size"", ""friendly_name"": ""UPNP IGD Data received""}"
2025-08-08T18:28:25.152691,sensor.upnp_igd_data_sent,1239120049,1239124741,"{""state_class"": ""total_increasing"", ""unit_of_measurement"": ""B"", ""device_class"": ""data_size"", ""friendly_name"": ""UPNP IGD Data sent""}"
2025-08-08T18:28:25.154183,sensor.upnp_igd_packets_received,86646566,86647555,"{""state_class"": ""total_increasing"", ""unit_of_measurement"": ""packets"", ""friendly_name"": ""UPNP IGD Packets received""}"
2025-08-08T18:28:25.155624,sensor.upnp_igd_packets_sent,20770428,20770478,"{""state_class"": ""total_increasing"", ""unit_of_measurement"": ""packets"", ""friendly_name"": ""UPNP IGD Packets sent""}"
2025-08-08T18:28:25.157015,sensor.upnp_igd_uptime,1505033,1505063,"{""unit_of_measurement"": ""s"", ""device_class"": ""duration"", ""friendly_name"": ""UPNP IGD Uptime""}"
2025-08-08T18:28:25.158514,sensor.upnp_igd_download_speed,2.20978624967166,2.11792560828863,"{""state_class"": ""measurement"", ""unit_of_measurement"": ""KiB/s"", ""device_class"": ""data_rate"", ""friendly_name"": ""UPNP IGD Download speed""}"
2025-08-08T18:28:25.159972,sensor.upnp_igd_upload_speed,0.205438115339076,0.152733611331943,"{""state_class"": ""measurement"", ""unit_of_measurement"": ""KiB/s"", ""device_class"": ""data_rate"", ""friendly_name"": ""UPNP IGD Upload speed""}"
2025-08-08T18:28:25.161355,sensor.upnp_igd_packet_download_speed,32.7336388472959,32.9665018341575,"{""state_class"": ""measurement"", ""unit_of_measurement"": ""packets/s"", ""friendly_name"": ""UPNP IGD Packet download speed""}"
2025-08-08T18:28:25.162785,sensor.upnp_igd_packet_upload_speed,1.23334484455188,1.666658333375,"{""state_class"": ""measurement"", ""unit_of_measurement"": ""packets/s"", ""friendly_name"": ""UPNP IGD Packet upload speed""}"
2025-08-08T18:28:55.163758,sensor.upnp_igd_data_received,1926546038,1927160888,"{""state_class"": ""total_increasing"", ""unit_of_measurement"": ""B"", ""device_class"": ""data_size"", ""friendly_name"": ""UPNP IGD Data received""}"
2025-08-08T18:28:55.169430,sensor.upnp_igd_data_sent,1239124741,1239140366,"{""state_class"": ""total_increasing"", ""unit_of_measurement"": ""B"", ""device_class"": ""data_size"", ""friendly_name"": ""UPNP IGD Data sent""}"
2025-08-08T18:28:55.174034,sensor.upnp_igd_packets_received,86647555,86648987,"{""state_class"": ""total_increasing"", ""unit_of_measurement"": ""packets"", ""friendly_name"": ""UPNP IGD Packets received""}"
2025-08-08T18:28:55.177917,sensor.upnp_igd_packets_sent,20770478,20770625,"{""state_class"": ""total_increasing"", ""unit_of_measurement"": ""packets"", ""friendly_name"": ""UPNP IGD Packets sent""}"
2025-08-08T18:28:55.181644,sensor.upnp_igd_uptime,1505063,1505093,"{""unit_of_measurement"": ""s"", ""device_class"": ""duration"", ""friendly_name"": ""UPNP IGD Uptime""}"
2025-08-08T18:28:55.184915,sensor.upnp_igd_download_speed,2.11792560828863,20.0143722391631,"{""state_class"": ""measurement"", ""unit_of_measurement"": ""KiB/s"", ""device_class"": ""data_rate"", ""friendly_name"": ""UPNP IGD Download speed""}"
2025-08-08T18:28:55.189263,sensor.upnp_igd_upload_speed,0.152733611331943,0.508619283137226,"{""state_class"": ""measurement"", ""unit_of_measurement"": ""KiB/s"", ""device_class"": ""data_rate"", ""friendly_name"": ""UPNP IGD Upload speed""}"
2025-08-08T18:28:55.193116,sensor.upnp_igd_packet_download_speed,32.9665018341575,47.7326746224235,"{""state_class"": ""measurement"", ""unit_of_measurement"": ""packets/s"", ""friendly_name"": ""UPNP IGD Packet download speed""}"
2025-08-08T18:28:55.196950,sensor.upnp_igd_packet_upload_speed,1.666658333375,4.89993238093314,"{""state_class"": ""measurement"", ""unit_of_measurement"": ""packets/s"", ""friendly_name"": ""UPNP IGD Packet upload speed""}"
2025-08-08T18:29:10.259597,automation.aut_status_bruno,on,on,"{""id"": ""1751855857509"", ""last_triggered"": ""2025-08-08T21:29:10.252891+00:00"", ""mode"": ""single"", ""current"": 1, ""friendly_name"": ""aut-status-bruno""}"
2025-08-08T18:29:10.262305,automation.aut_status_bruno,on,on,"{""id"": ""1751855857509"", ""last_triggered"": ""2025-08-08T21:29:10.252891+00:00"", ""mode"": ""single"", ""current"": 0, ""friendly_name"": ""aut-status-bruno""}"
2025-08-08T18:29:25.149535,sensor.upnp_igd_data_received,1927160888,1927227675,"{""state_class"": ""total_increasing"", ""unit_of_measurement"": ""B"", ""device_class"": ""data_size"", ""friendly_name"": ""UPNP IGD Data received""}"
2025-08-08T18:29:25.152371,sensor.upnp_igd_data_sent,1239140366,1239144274,"{""state_class"": ""total_increasing"", ""unit_of_measurement"": ""B"", ""device_class"": ""data_size"", ""friendly_name"": ""UPNP IGD Data sent""}"
2025-08-08T18:29:25.154015,sensor.upnp_igd_packets_received,86648987,86650005,"{""state_class"": ""total_increasing"", ""unit_of_measurement"": ""packets"", ""friendly_name"": ""UPNP IGD Packets received""}"
2025-08-08T18:29:25.155816,sensor.upnp_igd_packets_sent,20770625,20770668,"{""state_class"": ""total_increasing"", ""unit_of_measurement"": ""packets"", ""friendly_name"": ""UPNP IGD Packets sent""}"
2025-08-08T18:29:25.157270,sensor.upnp_igd_uptime,1505093,1505123,"{""unit_of_measurement"": ""s"", ""device_class"": ""duration"", ""friendly_name"": ""UPNP IGD Uptime""}"
2025-08-08T18:29:25.158670,sensor.upnp_igd_download_speed,20.0143722391631,2.17406599028689,"{""state_class"": ""measurement"", ""unit_of_measurement"": ""KiB/s"", ""device_class"": ""data_rate"", ""friendly_name"": ""UPNP IGD Download speed""}"
2025-08-08T18:29:25.160138,sensor.upnp_igd_upload_speed,0.508619283137226,0.12721412685165,"{""state_class"": ""measurement"", ""unit_of_measurement"": ""KiB/s"", ""device_class"": ""data_rate"", ""friendly_name"": ""UPNP IGD Upload speed""}"
2025-08-08T18:29:25.161576,sensor.upnp_igd_packet_download_speed,47.7326746224235,33.9334894273847,"{""state_class"": ""measurement"", ""unit_of_measurement"": ""packets/s"", ""friendly_name"": ""UPNP IGD Packet download speed""}"
2025-08-08T18:29:25.162942,sensor.upnp_igd_packet_upload_speed,4.89993238093314,1.433339926697,"{""state_class"": ""measurement"", ""unit_of_measurement"": ""packets/s"", ""friendly_name"": ""UPNP IGD Packet upload speed""}"
2025-08-08T18:29:28.910844,weather.home,sunny,sunny,"{""temperature"": 24.0, ""temperature_unit"": ""\u00b0C"", ""pressure_unit"": ""hPa"", ""wind_bearing"": 149, ""wind_speed"": 8.4, ""wind_speed_unit"": ""km/h"", ""visibility_unit"": ""km"", ""precipitation_unit"": ""mm"", ""friendly_name"": ""Home"", ""supported_features"": 3}"
2025-08-08T18:29:49.114194,sensor.tauntaum_energy,234.576,234.582,"{""state_class"": ""total_increasing"", ""unit_of_measurement"": ""kWh"", ""device_class"": ""energy"", ""friendly_name"": ""Tauntaum Energy""}"
2025-08-08T18:29:49.116160,sensor.tauntaum_power,2,36,"{""state_class"": ""measurement"", ""power_consumption_start"": ""2025-08-08T21:13:04Z"", ""power_consumption_end"": ""2025-08-08T21:29:49Z"", ""unit_of_measurement"": ""W"", ""device_class"": ""power"", ""friendly_name"": ""Tauntaum Power""}"
2025-08-08T18:29:49.117779,sensor.tauntaum_energy_difference,0.001,0.006,"{""state_class"": ""total"", ""unit_of_measurement"": ""kWh"", ""device_class"": ""energy"", ""friendly_name"": ""Tauntaum Energy difference""}"
2025-08-08T18:29:49.119174,sensor.tauntaum_power_energy,0.000279468888905313,0.000558386111127006,"{""state_class"": ""total"", ""unit_of_measurement"": ""kWh"", ""device_class"": ""energy"", ""friendly_name"": ""Tauntaum Power energy""}"
2025-08-08T18:29:49.120632,sensor.tauntaum_energy_saved,0.0,0.001,"{""state_class"": ""total_increasing"", ""unit_of_measurement"": ""kWh"", ""device_class"": ""energy"", ""friendly_name"": ""Tauntaum Energy saved""}"
2025-08-08T18:29:55.148883,sensor.upnp_igd_data_received,1927227675,1927307712,"{""state_class"": ""total_increasing"", ""unit_of_measurement"": ""B"", ""device_class"": ""data_size"", ""friendly_name"": ""UPNP IGD Data received""}"
2025-08-08T18:29:55.151474,sensor.upnp_igd_data_sent,1239144274,1239154887,"{""state_class"": ""total_increasing"", ""unit_of_measurement"": ""B"", ""device_class"": ""data_size"", ""friendly_name"": ""UPNP IGD Data sent""}"
2025-08-08T18:29:55.153028,sensor.upnp_igd_packets_received,86650005,86651072,"{""state_class"": ""total_increasing"", ""unit_of_measurement"": ""packets"", ""friendly_name"": ""UPNP IGD Packets received""}"
2025-08-08T18:29:55.154430,sensor.upnp_igd_packets_sent,20770668,20770737,"{""state_class"": ""total_increasing"", ""unit_of_measurement"": ""packets"", ""friendly_name"": ""UPNP IGD Packets sent""}"
2025-08-08T18:29:55.155842,sensor.upnp_igd_uptime,1505123,1505153,"{""unit_of_measurement"": ""s"", ""device_class"": ""duration"", ""friendly_name"": ""UPNP IGD Uptime""}"
2025-08-08T18:29:55.157326,sensor.upnp_igd_download_speed,2.17406599028689,2.6053589354083,"{""state_class"": ""measurement"", ""unit_of_measurement"": ""KiB/s"", ""device_class"": ""data_rate"", ""friendly_name"": ""UPNP IGD Download speed""}"
2025-08-08T18:29:55.158729,sensor.upnp_igd_upload_speed,0.12721412685165,0.345473648206308,"{""state_class"": ""measurement"", ""unit_of_measurement"": ""KiB/s"", ""device_class"": ""data_rate"", ""friendly_name"": ""UPNP IGD Upload speed""}"
2025-08-08T18:29:55.160205,sensor.upnp_igd_packet_download_speed,33.9334894273847,35.5665006896634,"{""state_class"": ""measurement"", ""unit_of_measurement"": ""packets/s"", ""friendly_name"": ""UPNP IGD Packet download speed""}"
2025-08-08T18:29:55.161611,sensor.upnp_igd_packet_upload_speed,1.433339926697,2.29998926671676,"{""state_class"": ""measurement"", ""unit_of_measurement"": ""packets/s"", ""friendly_name"": ""UPNP IGD Packet upload speed""}"
2025-08-08T18:30:10.260215,automation.aut_status_bruno,on,on,"{""id"": ""1751855857509"", ""last_triggered"": ""2025-08-08T21:30:10.254047+00:00"", ""mode"": ""single"", ""current"": 1, ""friendly_name"": ""aut-status-bruno""}"
2025-08-08T18:30:10.262174,automation.aut_status_bruno,on,on,"{""id"": ""1751855857509"", ""last_triggered"": ""2025-08-08T21:30:10.254047+00:00"", ""mode"": ""single"", ""current"": 0, ""friendly_name"": ""aut-status-bruno""}"
2025-08-08T18:30:25.147965,sensor.upnp_igd_data_received,1927307712,1927377386,"{""state_class"": ""total_increasing"", ""unit_of_measurement"": ""B"", ""device_class"": ""data_size"", ""friendly_name"": ""UPNP IGD Data received""}"
2025-08-08T18:30:25.149740,sensor.upnp_igd_data_sent,1239154887,1239160678,"{""state_class"": ""total_increasing"", ""unit_of_measurement"": ""B"", ""device_class"": ""data_size"", ""friendly_name"": ""UPNP IGD Data sent""}"
2025-08-08T18:30:25.151227,sensor.upnp_igd_packets_received,86651072,86652114,"{""state_class"": ""total_increasing"", ""unit_of_measurement"": ""packets"", ""friendly_name"": ""UPNP IGD Packets received""}"
2025-08-08T18:30:25.152634,sensor.upnp_igd_packets_sent,20770737,20770793,"{""state_class"": ""total_increasing"", ""unit_of_measurement"": ""packets"", ""friendly_name"": ""UPNP IGD Packets sent""}"
2025-08-08T18:30:25.153955,sensor.upnp_igd_uptime,1505153,1505183,"{""unit_of_measurement"": ""s"", ""device_class"": ""duration"", ""friendly_name"": ""UPNP IGD Uptime""}"
2025-08-08T18:30:25.155289,sensor.upnp_igd_download_speed,2.6053589354083,2.26808647377286,"{""state_class"": ""measurement"", ""unit_of_measurement"": ""KiB/s"", ""device_class"": ""data_rate"", ""friendly_name"": ""UPNP IGD Download speed""}"
2025-08-08T18:30:25.156706,sensor.upnp_igd_upload_speed,0.345473648206308,0.188513488096257,"{""state_class"": ""measurement"", ""unit_of_measurement"": ""KiB/s"", ""device_class"": ""data_rate"", ""friendly_name"": ""UPNP IGD Upload speed""}"
2025-08-08T18:30:25.158072,sensor.upnp_igd_packet_download_speed,35.5665006896634,34.734139165362,"{""state_class"": ""measurement"", ""unit_of_measurement"": ""packets/s"", ""friendly_name"": ""UPNP IGD Packet download speed""}"
2025-08-08T18:30:25.159454,sensor.upnp_igd_packet_upload_speed,2.29998926671676,1.86670997433807,"{""state_class"": ""measurement"", ""unit_of_measurement"": ""packets/s"", ""friendly_name"": ""UPNP IGD Packet upload speed""}"
2025-08-08T18:30:55.165955,sensor.upnp_igd_data_received,1927377386,1927451846,"{""state_class"": ""total_increasing"", ""unit_of_measurement"": ""B"", ""device_class"": ""data_size"", ""friendly_name"": ""UPNP IGD Data received""}"
2025-08-08T18:30:55.168786,sensor.upnp_igd_data_sent,1239160678,1239176284,"{""state_class"": ""total_increasing"", ""unit_of_measurement"": ""B"", ""device_class"": ""data_size"", ""friendly_name"": ""UPNP IGD Data sent""}"
2025-08-08T18:30:55.171357,sensor.upnp_igd_packets_received,86652114,86653107,"{""state_class"": ""total_increasing"", ""unit_of_measurement"": ""packets"", ""friendly_name"": ""UPNP IGD Packets received""}"
2025-08-08T18:30:55.172877,sensor.upnp_igd_packets_sent,20770793,20770858,"{""state_class"": ""total_increasing"", ""unit_of_measurement"": ""packets"", ""friendly_name"": ""UPNP IGD Packets sent""}"
2025-08-08T18:30:55.174200,sensor.upnp_igd_uptime,1505183,1505213,"{""unit_of_measurement"": ""s"", ""device_class"": ""duration"", ""friendly_name"": ""UPNP IGD Uptime""}"
2025-08-08T18:30:55.175705,sensor.upnp_igd_download_speed,2.26808647377286,2.42381818734543,"{""state_class"": ""measurement"", ""unit_of_measurement"": ""KiB/s"", ""device_class"": ""data_rate"", ""friendly_name"": ""UPNP IGD Download speed""}"
2025-08-08T18:30:55.177103,sensor.upnp_igd_upload_speed,0.188513488096257,0.508005729676508,"{""state_class"": ""measurement"", ""unit_of_measurement"": ""KiB/s"", ""device_class"": ""data_rate"", ""friendly_name"": ""UPNP IGD Upload speed""}"
2025-08-08T18:30:55.178503,sensor.upnp_igd_packet_download_speed,34.734139165362,33.0998642905564,"{""state_class"": ""measurement"", ""unit_of_measurement"": ""packets/s"", ""friendly_name"": ""UPNP IGD Packet download speed""}"
2025-08-08T18:30:55.179930,sensor.upnp_igd_packet_upload_speed,1.86670997433807,2.16665778336976,"{""state_class"": ""measurement"", ""unit_of_measurement"": ""packets/s"", ""friendly_name"": ""UPNP IGD Packet upload speed""}"
2025-08-08T18:31:10.259126,automation.aut_status_bruno,on,on,"{""id"": ""1751855857509"", ""last_triggered"": ""2025-08-08T21:31:10.252367+00:00"", ""mode"": ""single"", ""current"": 1, ""friendly_name"": ""aut-status-bruno""}"
2025-08-08T18:31:10.261494,automation.aut_status_bruno,on,on,"{""id"": ""1751855857509"", ""last_triggered"": ""2025-08-08T21:31:10.252367+00:00"", ""mode"": ""single"", ""current"": 0, ""friendly_name"": ""aut-status-bruno""}"
2025-08-08T18:31:25.147776,sensor.upnp_igd_data_received,1927451846,1927516165,"{""state_class"": ""total_increasing"", ""unit_of_measurement"": ""B"", ""device_class"": ""data_size"", ""friendly_name"": ""UPNP IGD Data received""}"
2025-08-08T18:31:25.149390,sensor.upnp_igd_data_sent,1239176284,1239179954,"{""state_class"": ""total_increasing"", ""unit_of_measurement"": ""B"", ""device_class"": ""data_size"", ""friendly_name"": ""UPNP IGD Data sent""}"
2025-08-08T18:31:25.150914,sensor.upnp_igd_packets_received,86653107,86654091,"{""state_class"": ""total_increasing"", ""unit_of_measurement"": ""packets"", ""friendly_name"": ""UPNP IGD Packets received""}"
2025-08-08T18:31:25.152371,sensor.upnp_igd_packets_sent,20770858,20770899,"{""state_class"": ""total_increasing"", ""unit_of_measurement"": ""packets"", ""friendly_name"": ""UPNP IGD Packets sent""}"
2025-08-08T18:31:25.153701,sensor.upnp_igd_uptime,1505213,1505243,"{""unit_of_measurement"": ""s"", ""device_class"": ""duration"", ""friendly_name"": ""UPNP IGD Uptime""}"
2025-08-08T18:31:25.155225,sensor.upnp_igd_download_speed,2.42381818734543,2.09366084928504,"{""state_class"": ""measurement"", ""unit_of_measurement"": ""KiB/s"", ""device_class"": ""data_rate"", ""friendly_name"": ""UPNP IGD Download speed""}"
2025-08-08T18:31:25.157050,sensor.upnp_igd_upload_speed,0.508005729676508,0.119462916352495,"{""state_class"": ""measurement"", ""unit_of_measurement"": ""KiB/s"", ""device_class"": ""data_rate"", ""friendly_name"": ""UPNP IGD Upload speed""}"
2025-08-08T18:31:25.158800,sensor.upnp_igd_packet_download_speed,33.0998642905564,32.7991133306363,"{""state_class"": ""measurement"", ""unit_of_measurement"": ""packets/s"", ""friendly_name"": ""UPNP IGD Packet download speed""}"
2025-08-08T18:31:25.160345,sensor.upnp_igd_packet_upload_speed,2.16665778336976,1.36662972210985,"{""state_class"": ""measurement"", ""unit_of_measurement"": ""packets/s"", ""friendly_name"": ""UPNP IGD Packet upload speed""}"
2025-08-08T18:31:42.463047,sun.sun,below_horizon,below_horizon,"{""next_dawn"": ""2025-08-09T08:28:43.043300+00:00"", ""next_dusk"": ""2025-08-09T20:50:30.479845+00:00"", ""next_midnight"": ""2025-08-09T02:39:32+00:00"", ""next_noon"": ""2025-08-09T14:39:38+00:00"", ""next_rising"": ""2025-08-09T08:51:07.786841+00:00"", ""next_setting"": ""2025-08-09T20:28:06.098969+00:00"", ""elevation"": -15.8, ""azimuth"": 283.07, ""rising"": false, ""friendly_name"": ""Sun""}"
2025-08-08T18:31:55.147979,sensor.upnp_igd_data_received,1927516165,1927586363,"{""state_class"": ""total_increasing"", ""unit_of_measurement"": ""B"", ""device_class"": ""data_size"", ""friendly_name"": ""UPNP IGD Data received""}"
2025-08-08T18:31:55.150869,sensor.upnp_igd_data_sent,1239179954,1239187006,"{""state_class"": ""total_increasing"", ""unit_of_measurement"": ""B"", ""device_class"": ""data_size"", ""friendly_name"": ""UPNP IGD Data sent""}"
2025-08-08T18:31:55.152580,sensor.upnp_igd_packets_received,86654091,86655103,"{""state_class"": ""total_increasing"", ""unit_of_measurement"": ""packets"", ""friendly_name"": ""UPNP IGD Packets received""}"
2025-08-08T18:31:55.154843,sensor.upnp_igd_packets_sent,20770899,20770946,"{""state_class"": ""total_increasing"", ""unit_of_measurement"": ""packets"", ""friendly_name"": ""UPNP IGD Packets sent""}"
2025-08-08T18:31:55.156355,sensor.upnp_igd_uptime,1505243,1505273,"{""unit_of_measurement"": ""s"", ""device_class"": ""duration"", ""friendly_name"": ""UPNP IGD Uptime""}"
2025-08-08T18:31:55.157772,sensor.upnp_igd_download_speed,2.09366084928504,2.28515764392077,"{""state_class"": ""measurement"", ""unit_of_measurement"": ""KiB/s"", ""device_class"": ""data_rate"", ""friendly_name"": ""UPNP IGD Download speed""}"
2025-08-08T18:31:55.159203,sensor.upnp_igd_upload_speed,0.119462916352495,0.229563971978251,"{""state_class"": ""measurement"", ""unit_of_measurement"": ""KiB/s"", ""device_class"": ""data_rate"", ""friendly_name"": ""UPNP IGD Upload speed""}"
2025-08-08T18:31:55.160706,sensor.upnp_igd_packet_download_speed,32.7991133306363,33.7343150018999,"{""state_class"": ""measurement"", ""unit_of_measurement"": ""packets/s"", ""friendly_name"": ""UPNP IGD Packet download speed""}"
2025-08-08T18:31:55.162054,sensor.upnp_igd_packet_upload_speed,1.36662972210985,1.56671225799337,"{""state_class"": ""measurement"", ""unit_of_measurement"": ""packets/s"", ""friendly_name"": ""UPNP IGD Packet upload speed""}"
2025-08-08T18:32:10.262580,automation.aut_status_bruno,on,on,"{""id"": ""1751855857509"", ""last_triggered"": ""2025-08-08T21:32:10.252699+00:00"", ""mode"": ""single"", ""current"": 1, ""friendly_name"": ""aut-status-bruno""}"
2025-08-08T18:32:10.265795,automation.aut_status_bruno,on,on,"{""id"": ""1751855857509"", ""last_triggered"": ""2025-08-08T21:32:10.252699+00:00"", ""mode"": ""single"", ""current"": 0, ""friendly_name"": ""aut-status-bruno""}"
2025-08-08T18:32:25.149306,sensor.upnp_igd_data_received,1927586363,1927655299,"{""state_class"": ""total_increasing"", ""unit_of_measurement"": ""B"", ""device_class"": ""data_size"", ""friendly_name"": ""UPNP IGD Data received""}"
2025-08-08T18:32:25.151071,sensor.upnp_igd_data_sent,1239187006,1239191968,"{""state_class"": ""total_increasing"", ""unit_of_measurement"": ""B"", ""device_class"": ""data_size"", ""friendly_name"": ""UPNP IGD Data sent""}"
2025-08-08T18:32:25.152646,sensor.upnp_igd_packets_received,86655103,86656152,"{""state_class"": ""total_increasing"", ""unit_of_measurement"": ""packets"", ""friendly_name"": ""UPNP IGD Packets received""}"
2025-08-08T18:32:25.154040,sensor.upnp_igd_packets_sent,20770946,20770998,"{""state_class"": ""total_increasing"", ""unit_of_measurement"": ""packets"", ""friendly_name"": ""UPNP IGD Packets sent""}"
2025-08-08T18:32:25.155390,sensor.upnp_igd_uptime,1505273,1505303,"{""unit_of_measurement"": ""s"", ""device_class"": ""duration"", ""friendly_name"": ""UPNP IGD Uptime""}"
2025-08-08T18:32:25.156789,sensor.upnp_igd_download_speed,2.28515764392077,2.24400458225475,"{""state_class"": ""measurement"", ""unit_of_measurement"": ""KiB/s"", ""device_class"": ""data_rate"", ""friendly_name"": ""UPNP IGD Download speed""}"
2025-08-08T18:32:25.158243,sensor.upnp_igd_upload_speed,0.229563971978251,0.161523017540154,"{""state_class"": ""measurement"", ""unit_of_measurement"": ""KiB/s"", ""device_class"": ""data_rate"", ""friendly_name"": ""UPNP IGD Upload speed""}"
2025-08-08T18:32:25.159662,sensor.upnp_igd_packet_download_speed,33.7343150018999,34.9665757535697,"{""state_class"": ""measurement"", ""unit_of_measurement"": ""packets/s"", ""friendly_name"": ""UPNP IGD Packet download speed""}"
2025-08-08T18:32:25.161053,sensor.upnp_igd_packet_upload_speed,1.56671225799337,1.73332882667838,"{""state_class"": ""measurement"", ""unit_of_measurement"": ""packets/s"", ""friendly_name"": ""UPNP IGD Packet upload speed""}"
2025-08-08T18:32:55.168559,sensor.upnp_igd_data_received,1927655299,1927729138,"{""state_class"": ""total_increasing"", ""unit_of_measurement"": ""B"", ""device_class"": ""data_size"", ""friendly_name"": ""UPNP IGD Data received""}"
2025-08-08T18:32:55.171364,sensor.upnp_igd_data_sent,1239191968,1239201131,"{""state_class"": ""total_increasing"", ""unit_of_measurement"": ""B"", ""device_class"": ""data_size"", ""friendly_name"": ""UPNP IGD Data sent""}"
2025-08-08T18:32:55.172897,sensor.upnp_igd_packets_received,86656152,86657217,"{""state_class"": ""total_increasing"", ""unit_of_measurement"": ""packets"", ""friendly_name"": ""UPNP IGD Packets received""}"
2025-08-08T18:32:55.174337,sensor.upnp_igd_packets_sent,20770998,20771063,"{""state_class"": ""total_increasing"", ""unit_of_measurement"": ""packets"", ""friendly_name"": ""UPNP IGD Packets sent""}"
2025-08-08T18:32:55.175757,sensor.upnp_igd_uptime,1505303,1505333,"{""unit_of_measurement"": ""s"", ""device_class"": ""duration"", ""friendly_name"": ""UPNP IGD Uptime""}"
2025-08-08T18:32:55.177193,sensor.upnp_igd_download_speed,2.24400458225475,2.40358547977795,"{""state_class"": ""measurement"", ""unit_of_measurement"": ""KiB/s"", ""device_class"": ""data_rate"", ""friendly_name"": ""UPNP IGD Download speed""}"
2025-08-08T18:32:55.178557,sensor.upnp_igd_upload_speed,0.161523017540154,0.298271289578751,"{""state_class"": ""measurement"", ""unit_of_measurement"": ""KiB/s"", ""device_class"": ""data_rate"", ""friendly_name"": ""UPNP IGD Upload speed""}"
2025-08-08T18:32:55.179973,sensor.upnp_igd_packet_download_speed,34.9665757535697,35.4995893880827,"{""state_class"": ""measurement"", ""unit_of_measurement"": ""packets/s"", ""friendly_name"": ""UPNP IGD Packet download speed""}"
2025-08-08T18:32:55.181386,sensor.upnp_igd_packet_upload_speed,1.73332882667838,2.16664160584543,"{""state_class"": ""measurement"", ""unit_of_measurement"": ""packets/s"", ""friendly_name"": ""UPNP IGD Packet upload speed""}"
2025-08-08T18:32:56.312470,camera.192_168_0_33,idle,idle,"{""access_token"": ""2b7651d9433f0e13394e4b7e186d865fe049e7ff782866b4284378642b34134a"", ""entity_picture"": ""/api/camera_proxy/camera.192_168_0_33?token=2b7651d9433f0e13394e4b7e186d865fe049e7ff782866b4284378642b34134a"", ""friendly_name"": ""192_168_0_14"", ""supported_features"": 2}"
2025-08-08T18:32:56.314249,camera.admin_mainstream,idle,idle,"{""access_token"": ""446ad3d3d9f6ffc3d7dd69fa8bf0d468b5a22598dc87ff00e63029c09ff6c5ac"", ""entity_picture"": ""/api/camera_proxy/camera.admin_mainstream?token=446ad3d3d9f6ffc3d7dd69fa8bf0d468b5a22598dc87ff00e63029c09ff6c5ac"", ""friendly_name"": ""admin MainStream"", ""supported_features"": 2}"
2025-08-08T18:32:56.315906,camera.admin_substream,idle,idle,"{""access_token"": ""a08816842f599eb0b20c243464dbe3e55c95eb8430b5c0e0984de6f3d0845cc0"", ""entity_picture"": ""/api/camera_proxy/camera.admin_substream?token=a08816842f599eb0b20c243464dbe3e55c95eb8430b5c0e0984de6f3d0845cc0"", ""friendly_name"": ""admin SubStream"", ""supported_features"": 2}"
2025-08-08T18:33:10.259633,automation.aut_status_bruno,on,on,"{""id"": ""1751855857509"", ""last_triggered"": ""2025-08-08T21:33:10.252302+00:00"", ""mode"": ""single"", ""current"": 1, ""friendly_name"": ""aut-status-bruno""}"
2025-08-08T18:33:10.263355,automation.aut_status_bruno,on,on,"{""id"": ""1751855857509"", ""last_triggered"": ""2025-08-08T21:33:10.252302+00:00"", ""mode"": ""single"", ""current"": 0, ""friendly_name"": ""aut-status-bruno""}"
2025-08-08T18:33:25.149479,sensor.upnp_igd_data_received,1927729138,1927792950,"{""state_class"": ""total_increasing"", ""unit_of_measurement"": ""B"", ""device_class"": ""data_size"", ""friendly_name"": ""UPNP IGD Data received""}"
2025-08-08T18:33:25.152565,sensor.upnp_igd_data_sent,1239201131,1239206501,"{""state_class"": ""total_increasing"", ""unit_of_measurement"": ""B"", ""device_class"": ""data_size"", ""friendly_name"": ""UPNP IGD Data sent""}"
2025-08-08T18:33:25.154290,sensor.upnp_igd_packets_received,86657217,86658184,"{""state_class"": ""total_increasing"", ""unit_of_measurement"": ""packets"", ""friendly_name"": ""UPNP IGD Packets received""}"
2025-08-08T18:33:25.156006,sensor.upnp_igd_packets_sent,20771063,20771111,"{""state_class"": ""total_increasing"", ""unit_of_measurement"": ""packets"", ""friendly_name"": ""UPNP IGD Packets sent""}"
2025-08-08T18:33:25.157994,sensor.upnp_igd_uptime,1505333,1505363,"{""unit_of_measurement"": ""s"", ""device_class"": ""duration"", ""friendly_name"": ""UPNP IGD Uptime""}"
2025-08-08T18:33:25.159528,sensor.upnp_igd_download_speed,2.40358547977795,2.07717691411375,"{""state_class"": ""measurement"", ""unit_of_measurement"": ""KiB/s"", ""device_class"": ""data_rate"", ""friendly_name"": ""UPNP IGD Download speed""}"
2025-08-08T18:33:25.160786,sensor.upnp_igd_upload_speed,0.298271289578751,0.174801605165029,"{""state_class"": ""measurement"", ""unit_of_measurement"": ""KiB/s"", ""device_class"": ""data_rate"", ""friendly_name"": ""UPNP IGD Upload speed""}"
2025-08-08T18:33:25.162012,sensor.upnp_igd_packet_download_speed,35.4995893880827,32.2327649622445,"{""state_class"": ""measurement"", ""unit_of_measurement"": ""packets/s"", ""friendly_name"": ""UPNP IGD Packet download speed""}"
2025-08-08T18:33:25.163183,sensor.upnp_igd_packet_upload_speed,2.16664160584543,1.59997178716415,"{""state_class"": ""measurement"", ""unit_of_measurement"": ""packets/s"", ""friendly_name"": ""UPNP IGD Packet upload speed""}"
2025-08-08T18:33:55.147811,sensor.upnp_igd_data_received,1927792950,1928405414,"{""state_class"": ""total_increasing"", ""unit_of_measurement"": ""B"", ""device_class"": ""data_size"", ""friendly_name"": ""UPNP IGD Data received""}"
2025-08-08T18:33:55.150973,sensor.upnp_igd_data_sent,1239206501,1239221543,"{""state_class"": ""total_increasing"", ""unit_of_measurement"": ""B"", ""device_class"": ""data_size"", ""friendly_name"": ""UPNP IGD Data sent""}"
2025-08-08T18:33:55.152690,sensor.upnp_igd_packets_received,86658184,86659577,"{""state_class"": ""total_increasing"", ""unit_of_measurement"": ""packets"", ""friendly_name"": ""UPNP IGD Packets received""}"
2025-08-08T18:33:55.154077,sensor.upnp_igd_packets_sent,20771111,20771267,"{""state_class"": ""total_increasing"", ""unit_of_measurement"": ""packets"", ""friendly_name"": ""UPNP IGD Packets sent""}"
2025-08-08T18:33:55.155468,sensor.upnp_igd_uptime,1505363,1505393,"{""unit_of_measurement"": ""s"", ""device_class"": ""duration"", ""friendly_name"": ""UPNP IGD Uptime""}"
2025-08-08T18:33:55.156886,sensor.upnp_igd_download_speed,2.07717691411375,19.9374550072595,"{""state_class"": ""measurement"", ""unit_of_measurement"": ""KiB/s"", ""device_class"": ""data_rate"", ""friendly_name"": ""UPNP IGD Download speed""}"
2025-08-08T18:33:55.158245,sensor.upnp_igd_upload_speed,0.174801605165029,0.489660124054961,"{""state_class"": ""measurement"", ""unit_of_measurement"": ""KiB/s"", ""device_class"": ""data_rate"", ""friendly_name"": ""UPNP IGD Upload speed""}"
2025-08-08T18:33:55.159719,sensor.upnp_igd_packet_download_speed,32.2327649622445,46.4344415686721,"{""state_class"": ""measurement"", ""unit_of_measurement"": ""packets/s"", ""friendly_name"": ""UPNP IGD Packet download speed""}"
2025-08-08T18:33:55.161154,sensor.upnp_igd_packet_upload_speed,1.59997178716415,5.20012410962875,"{""state_class"": ""measurement"", ""unit_of_measurement"": ""packets/s"", ""friendly_name"": ""UPNP IGD Packet upload speed""}"
2025-08-08T18:34:10.260008,automation.aut_status_bruno,on,on,"{""id"": ""1751855857509"", ""last_triggered"": ""2025-08-08T21:34:10.252446+00:00"", ""mode"": ""single"", ""current"": 1, ""friendly_name"": ""aut-status-bruno""}"
2025-08-08T18:34:10.262611,automation.aut_status_bruno,on,on,"{""id"": ""1751855857509"", ""last_triggered"": ""2025-08-08T21:34:10.252446+00:00"", ""mode"": ""single"", ""current"": 0, ""friendly_name"": ""aut-status-bruno""}"
2025-08-08T18:34:25.148754,sensor.upnp_igd_data_received,1928405414,1928474260,"{""state_class"": ""total_increasing"", ""unit_of_measurement"": ""B"", ""device_class"": ""data_size"", ""friendly_name"": ""UPNP IGD Data received""}"
2025-08-08T18:34:25.151533,sensor.upnp_igd_data_sent,1239221543,1239226030,"{""state_class"": ""total_increasing"", ""unit_of_measurement"": ""B"", ""device_class"": ""data_size"", ""friendly_name"": ""UPNP IGD Data sent""}"
2025-08-08T18:34:25.152944,sensor.upnp_igd_packets_received,86659577,86660624,"{""state_class"": ""total_increasing"", ""unit_of_measurement"": ""packets"", ""friendly_name"": ""UPNP IGD Packets received""}"
2025-08-08T18:34:25.154169,sensor.upnp_igd_packets_sent,20771267,20771315,"{""state_class"": ""total_increasing"", ""unit_of_measurement"": ""packets"", ""friendly_name"": ""UPNP IGD Packets sent""}"
2025-08-08T18:34:25.156311,sensor.upnp_igd_uptime,1505393,1505423,"{""unit_of_measurement"": ""s"", ""device_class"": ""duration"", ""friendly_name"": ""UPNP IGD Uptime""}"
2025-08-08T18:34:25.158142,sensor.upnp_igd_download_speed,19.9374550072595,2.24103560964973,"{""state_class"": ""measurement"", ""unit_of_measurement"": ""KiB/s"", ""device_class"": ""data_rate"", ""friendly_name"": ""UPNP IGD Download speed""}"
2025-08-08T18:34:25.159994,sensor.upnp_igd_upload_speed,0.489660124054961,0.146058257277087,"{""state_class"": ""measurement"", ""unit_of_measurement"": ""KiB/s"", ""device_class"": ""data_rate"", ""friendly_name"": ""UPNP IGD Upload speed""}"
2025-08-08T18:34:25.161739,sensor.upnp_igd_packet_download_speed,46.4344415686721,34.8992973608131,"{""state_class"": ""measurement"", ""unit_of_measurement"": ""packets/s"", ""friendly_name"": ""UPNP IGD Packet download speed""}"
2025-08-08T18:34:25.163429,sensor.upnp_igd_packet_upload_speed,5.20012410962875,1.59996778731522,"{""state_class"": ""measurement"", ""unit_of_measurement"": ""packets/s"", ""friendly_name"": ""UPNP IGD Packet upload speed""}"
2025-08-08T18:34:55.154312,sensor.upnp_igd_data_received,1928474260,1928546369,"{""state_class"": ""total_increasing"", ""unit_of_measurement"": ""B"", ""device_class"": ""data_size"", ""friendly_name"": ""UPNP IGD Data received""}"
2025-08-08T18:34:55.157530,sensor.upnp_igd_data_sent,1239226030,1239233186,"{""state_class"": ""total_increasing"", ""unit_of_measurement"": ""B"", ""device_class"": ""data_size"", ""friendly_name"": ""UPNP IGD Data sent""}"
2025-08-08T18:34:55.158993,sensor.upnp_igd_packets_received,86660624,86661669,"{""state_class"": ""total_increasing"", ""unit_of_measurement"": ""packets"", ""friendly_name"": ""UPNP IGD Packets received""}"
2025-08-08T18:34:55.160683,sensor.upnp_igd_packets_sent,20771315,20771363,"{""state_class"": ""total_increasing"", ""unit_of_measurement"": ""packets"", ""friendly_name"": ""UPNP IGD Packets sent""}"
2025-08-08T18:34:55.162366,sensor.upnp_igd_uptime,1505423,1505453,"{""unit_of_measurement"": ""s"", ""device_class"": ""duration"", ""friendly_name"": ""UPNP IGD Uptime""}"
2025-08-08T18:34:55.164213,sensor.upnp_igd_download_speed,2.24103560964973,2.34723542765623,"{""state_class"": ""measurement"", ""unit_of_measurement"": ""KiB/s"", ""device_class"": ""data_rate"", ""friendly_name"": ""UPNP IGD Download speed""}"
2025-08-08T18:34:55.166099,sensor.upnp_igd_upload_speed,0.146058257277087,0.232936481164737,"{""state_class"": ""measurement"", ""unit_of_measurement"": ""KiB/s"", ""device_class"": ""data_rate"", ""friendly_name"": ""UPNP IGD Upload speed""}"
2025-08-08T18:34:55.168095,sensor.upnp_igd_packet_download_speed,34.8992973608131,34.8324021471159,"{""state_class"": ""measurement"", ""unit_of_measurement"": ""packets/s"", ""friendly_name"": ""UPNP IGD Packet download speed""}"
2025-08-08T18:34:55.170225,sensor.upnp_igd_packet_upload_speed,1.59996778731522,1.59995722781011,"{""state_class"": ""measurement"", ""unit_of_measurement"": ""packets/s"", ""friendly_name"": ""UPNP IGD Packet upload speed""}"
2025-08-08T18:35:10.261425,automation.aut_status_bruno,on,on,"{""id"": ""1751855857509"", ""last_triggered"": ""2025-08-08T21:35:10.252312+00:00"", ""mode"": ""single"", ""current"": 1, ""friendly_name"": ""aut-status-bruno""}"
2025-08-08T18:35:10.264553,automation.aut_status_bruno,on,on,"{""id"": ""1751855857509"", ""last_triggered"": ""2025-08-08T21:35:10.252312+00:00"", ""mode"": ""single"", ""current"": 0, ""friendly_name"": ""aut-status-bruno""}"
2025-08-08T18:35:25.148189,sensor.upnp_igd_data_received,1928546369,1928613054,"{""state_class"": ""total_increasing"", ""unit_of_measurement"": ""B"", ""device_class"": ""data_size"", ""friendly_name"": ""UPNP IGD Data received""}"
2025-08-08T18:35:25.150956,sensor.upnp_igd_data_sent,1239233186,1239237702,"{""state_class"": ""total_increasing"", ""unit_of_measurement"": ""B"", ""device_class"": ""data_size"", ""friendly_name"": ""UPNP IGD Data sent""}"
2025-08-08T18:35:25.152785,sensor.upnp_igd_packets_received,86661669,86662686,"{""state_class"": ""total_increasing"", ""unit_of_measurement"": ""packets"", ""friendly_name"": ""UPNP IGD Packets received""}"
2025-08-08T18:35:25.154458,sensor.upnp_igd_packets_sent,20771363,20771409,"{""state_class"": ""total_increasing"", ""unit_of_measurement"": ""packets"", ""friendly_name"": ""UPNP IGD Packets sent""}"
2025-08-08T18:35:25.155850,sensor.upnp_igd_uptime,1505453,1505483,"{""unit_of_measurement"": ""s"", ""device_class"": ""duration"", ""friendly_name"": ""UPNP IGD Uptime""}"
2025-08-08T18:35:25.157159,sensor.upnp_igd_download_speed,2.34723542765623,2.17079421616736,"{""state_class"": ""measurement"", ""unit_of_measurement"": ""KiB/s"", ""device_class"": ""data_rate"", ""friendly_name"": ""UPNP IGD Download speed""}"
2025-08-08T18:35:25.158347,sensor.upnp_igd_upload_speed,0.232936481164737,0.14700917268069,"{""state_class"": ""measurement"", ""unit_of_measurement"": ""KiB/s"", ""device_class"": ""data_rate"", ""friendly_name"": ""UPNP IGD Upload speed""}"
2025-08-08T18:35:25.160976,sensor.upnp_igd_packet_download_speed,34.8324021471159,33.9009141946528,"{""state_class"": ""measurement"", ""unit_of_measurement"": ""packets/s"", ""friendly_name"": ""UPNP IGD Packet download speed""}"
2025-08-08T18:35:25.162720,sensor.upnp_igd_packet_upload_speed,1.59995722781011,1.53337468333729,"{""state_class"": ""measurement"", ""unit_of_measurement"": ""packets/s"", ""friendly_name"": ""UPNP IGD Packet upload speed""}"
2025-08-08T18:35:55.148893,sensor.upnp_igd_data_received,1928613054,1928682345,"{""state_class"": ""total_increasing"", ""unit_of_measurement"": ""B"", ""device_class"": ""data_size"", ""friendly_name"": ""UPNP IGD Data received""}"
2025-08-08T18:35:55.151670,sensor.upnp_igd_data_sent,1239237702,1239244928,"{""state_class"": ""total_increasing"", ""unit_of_measurement"": ""B"", ""device_class"": ""data_size"", ""friendly_name"": ""UPNP IGD Data sent""}"
2025-08-08T18:35:55.153428,sensor.upnp_igd_packets_received,86662686,86663691,"{""state_class"": ""total_increasing"", ""unit_of_measurement"": ""packets"", ""friendly_name"": ""UPNP IGD Packets received""}"
2025-08-08T18:35:55.155154,sensor.upnp_igd_packets_sent,20771409,20771457,"{""state_class"": ""total_increasing"", ""unit_of_measurement"": ""packets"", ""friendly_name"": ""UPNP IGD Packets sent""}"
2025-08-08T18:35:55.156885,sensor.upnp_igd_uptime,1505483,1505513,"{""unit_of_measurement"": ""s"", ""device_class"": ""duration"", ""friendly_name"": ""UPNP IGD Uptime""}"
2025-08-08T18:35:55.158638,sensor.upnp_igd_download_speed,2.17079421616736,2.25560008987801,"{""state_class"": ""measurement"", ""unit_of_measurement"": ""KiB/s"", ""device_class"": ""data_rate"", ""friendly_name"": ""UPNP IGD Download speed""}"
2025-08-08T18:35:55.160909,sensor.upnp_igd_upload_speed,0.14700917268069,0.235224866858012,"{""state_class"": ""measurement"", ""unit_of_measurement"": ""KiB/s"", ""device_class"": ""data_rate"", ""friendly_name"": ""UPNP IGD Upload speed""}"
2025-08-08T18:35:55.162659,sensor.upnp_igd_packet_download_speed,33.9009141946528,33.5005002741374,"{""state_class"": ""measurement"", ""unit_of_measurement"": ""packets/s"", ""friendly_name"": ""UPNP IGD Packet download speed""}"
2025-08-08T18:35:55.164553,sensor.upnp_igd_packet_upload_speed,1.53337468333729,1.60002389369015,"{""state_class"": ""measurement"", ""unit_of_measurement"": ""packets/s"", ""friendly_name"": ""UPNP IGD Packet upload speed""}"
2025-08-08T18:36:10.260249,automation.aut_status_bruno,on,on,"{""id"": ""1751855857509"", ""last_triggered"": ""2025-08-08T21:36:10.252602+00:00"", ""mode"": ""single"", ""current"": 1, ""friendly_name"": ""aut-status-bruno""}"
2025-08-08T18:36:10.262770,automation.aut_status_bruno,on,on,"{""id"": ""1751855857509"", ""last_triggered"": ""2025-08-08T21:36:10.252602+00:00"", ""mode"": ""single"", ""current"": 0, ""friendly_name"": ""aut-status-bruno""}"
2025-08-08T18:36:25.149052,sensor.upnp_igd_data_received,1928682345,1928745705,"{""state_class"": ""total_increasing"", ""unit_of_measurement"": ""B"", ""device_class"": ""data_size"", ""friendly_name"": ""UPNP IGD Data received""}"
2025-08-08T18:36:25.151824,sensor.upnp_igd_data_sent,1239244928,1239248660,"{""state_class"": ""total_increasing"", ""unit_of_measurement"": ""B"", ""device_class"": ""data_size"", ""friendly_name"": ""UPNP IGD Data sent""}"
2025-08-08T18:36:25.153214,sensor.upnp_igd_packets_received,86663691,86664657,"{""state_class"": ""total_increasing"", ""unit_of_measurement"": ""packets"", ""friendly_name"": ""UPNP IGD Packets received""}"
2025-08-08T18:36:25.154402,sensor.upnp_igd_packets_sent,20771457,20771498,"{""state_class"": ""total_increasing"", ""unit_of_measurement"": ""packets"", ""friendly_name"": ""UPNP IGD Packets sent""}"
2025-08-08T18:36:25.156570,sensor.upnp_igd_uptime,1505513,1505543,"{""unit_of_measurement"": ""s"", ""device_class"": ""duration"", ""friendly_name"": ""UPNP IGD Uptime""}"
2025-08-08T18:36:25.158330,sensor.upnp_igd_download_speed,2.25560008987801,2.06250763127824,"{""state_class"": ""measurement"", ""unit_of_measurement"": ""KiB/s"", ""device_class"": ""data_rate"", ""friendly_name"": ""UPNP IGD Download speed""}"
2025-08-08T18:36:25.160082,sensor.upnp_igd_upload_speed,0.235224866858012,0.121484824493851,"{""state_class"": ""measurement"", ""unit_of_measurement"": ""KiB/s"", ""device_class"": ""data_rate"", ""friendly_name"": ""UPNP IGD Upload speed""}"
2025-08-08T18:36:25.162198,sensor.upnp_igd_packet_download_speed,33.5005002741374,32.2001191404408,"{""state_class"": ""measurement"", ""unit_of_measurement"": ""packets/s"", ""friendly_name"": ""UPNP IGD Packet download speed""}"
2025-08-08T18:36:25.164073,sensor.upnp_igd_packet_upload_speed,1.60002389369015,1.36667172335204,"{""state_class"": ""measurement"", ""unit_of_measurement"": ""packets/s"", ""friendly_name"": ""UPNP IGD Packet upload speed""}"
2025-08-08T18:36:55.152002,sensor.upnp_igd_data_received,1928745705,1928812550,"{""state_class"": ""total_increasing"", ""unit_of_measurement"": ""B"", ""device_class"": ""data_size"", ""friendly_name"": ""UPNP IGD Data received""}"
2025-08-08T18:36:55.154742,sensor.upnp_igd_data_sent,1239248660,1239254142,"{""state_class"": ""total_increasing"", ""unit_of_measurement"": ""B"", ""device_class"": ""data_size"", ""friendly_name"": ""UPNP IGD Data sent""}"
2025-08-08T18:36:55.156610,sensor.upnp_igd_packets_received,86664657,86665621,"{""state_class"": ""total_increasing"", ""unit_of_measurement"": ""packets"", ""friendly_name"": ""UPNP IGD Packets received""}"
2025-08-08T18:36:55.158296,sensor.upnp_igd_packets_sent,20771498,20771541,"{""state_class"": ""total_increasing"", ""unit_of_measurement"": ""packets"", ""friendly_name"": ""UPNP IGD Packets sent""}"
2025-08-08T18:36:55.160005,sensor.upnp_igd_uptime,1505543,1505573,"{""unit_of_measurement"": ""s"", ""device_class"": ""duration"", ""friendly_name"": ""UPNP IGD Uptime""}"
2025-08-08T18:36:55.161762,sensor.upnp_igd_download_speed,2.06250763127824,2.17594843484515,"{""state_class"": ""measurement"", ""unit_of_measurement"": ""KiB/s"", ""device_class"": ""data_rate"", ""friendly_name"": ""UPNP IGD Download speed""}"
2025-08-08T18:36:55.164025,sensor.upnp_igd_upload_speed,0.121484824493851,0.178450883683463,"{""state_class"": ""measurement"", ""unit_of_measurement"": ""KiB/s"", ""device_class"": ""data_rate"", ""friendly_name"": ""UPNP IGD Upload speed""}"
2025-08-08T18:36:55.165817,sensor.upnp_igd_packet_download_speed,32.2001191404408,32.133398671244,"{""state_class"": ""measurement"", ""unit_of_measurement"": ""packets/s"", ""friendly_name"": ""UPNP IGD Packet download speed""}"
2025-08-08T18:36:55.167525,sensor.upnp_igd_packet_upload_speed,1.36667172335204,1.4333362477837,"{""state_class"": ""measurement"", ""unit_of_measurement"": ""packets/s"", ""friendly_name"": ""UPNP IGD Packet upload speed""}"
2025-08-08T18:37:10.260287,automation.aut_status_bruno,on,on,"{""id"": ""1751855857509"", ""last_triggered"": ""2025-08-08T21:37:10.253552+00:00"", ""mode"": ""single"", ""current"": 1, ""friendly_name"": ""aut-status-bruno""}"
2025-08-08T18:37:10.262570,automation.aut_status_bruno,on,on,"{""id"": ""1751855857509"", ""last_triggered"": ""2025-08-08T21:37:10.253552+00:00"", ""mode"": ""single"", ""current"": 0, ""friendly_name"": ""aut-status-bruno""}"
2025-08-08T18:37:25.147743,sensor.upnp_igd_data_received,1928812550,1928878361,"{""state_class"": ""total_increasing"", ""unit_of_measurement"": ""B"", ""device_class"": ""data_size"", ""friendly_name"": ""UPNP IGD Data received""}"
2025-08-08T18:37:25.150197,sensor.upnp_igd_data_sent,1239254142,1239258055,"{""state_class"": ""total_increasing"", ""unit_of_measurement"": ""B"", ""device_class"": ""data_size"", ""friendly_name"": ""UPNP IGD Data sent""}"
2025-08-08T18:37:25.151725,sensor.upnp_igd_packets_received,86665621,86666627,"{""state_class"": ""total_increasing"", ""unit_of_measurement"": ""packets"", ""friendly_name"": ""UPNP IGD Packets received""}"
2025-08-08T18:37:25.153085,sensor.upnp_igd_packets_sent,20771541,20771584,"{""state_class"": ""total_increasing"", ""unit_of_measurement"": ""packets"", ""friendly_name"": ""UPNP IGD Packets sent""}"
2025-08-08T18:37:25.154392,sensor.upnp_igd_uptime,1505573,1505603,"{""unit_of_measurement"": ""s"", ""device_class"": ""duration"", ""friendly_name"": ""UPNP IGD Uptime""}"
2025-08-08T18:37:25.155841,sensor.upnp_igd_download_speed,2.17594843484515,2.14229058338614,"{""state_class"": ""measurement"", ""unit_of_measurement"": ""KiB/s"", ""device_class"": ""data_rate"", ""friendly_name"": ""UPNP IGD Download speed""}"
2025-08-08T18:37:25.157253,sensor.upnp_igd_upload_speed,0.178450883683463,0.127376624770783,"{""state_class"": ""measurement"", ""unit_of_measurement"": ""KiB/s"", ""device_class"": ""data_rate"", ""friendly_name"": ""UPNP IGD Upload speed""}"
2025-08-08T18:37:25.158672,sensor.upnp_igd_packet_download_speed,32.133398671244,33.5334182846597,"{""state_class"": ""measurement"", ""unit_of_measurement"": ""packets/s"", ""friendly_name"": ""UPNP IGD Packet download speed""}"
2025-08-08T18:37:25.160090,sensor.upnp_igd_packet_upload_speed,1.4333362477837,1.43333696445364,"{""state_class"": ""measurement"", ""unit_of_measurement"": ""packets/s"", ""friendly_name"": ""UPNP IGD Packet upload speed""}"
2025-08-08T18:37:50.701230,media_player.dlna_b13_box,unavailable,unknown,"{""friendly_name"": ""DLNA-B13 Box"", ""supported_features"": 512575}"
2025-08-08T18:37:54.788828,media_player.dlna_b13_box,unknown,unavailable,"{""friendly_name"": ""DLNA-B13 Box"", ""supported_features"": 512575}"
2025-08-08T18:37:55.150003,sensor.upnp_igd_data_received,1928878361,1928948326,"{""state_class"": ""total_increasing"", ""unit_of_measurement"": ""B"", ""device_class"": ""data_size"", ""friendly_name"": ""UPNP IGD Data received""}"
2025-08-08T18:37:55.151542,sensor.upnp_igd_data_sent,1239258055,1239265179,"{""state_class"": ""total_increasing"", ""unit_of_measurement"": ""B"", ""device_class"": ""data_size"", ""friendly_name"": ""UPNP IGD Data sent""}"
2025-08-08T18:37:55.152799,sensor.upnp_igd_packets_received,86666627,86667636,"{""state_class"": ""total_increasing"", ""unit_of_measurement"": ""packets"", ""friendly_name"": ""UPNP IGD Packets received""}"
2025-08-08T18:37:55.153985,sensor.upnp_igd_packets_sent,20771584,20771631,"{""state_class"": ""total_increasing"", ""unit_of_measurement"": ""packets"", ""friendly_name"": ""UPNP IGD Packets sent""}"
2025-08-08T18:37:55.155109,sensor.upnp_igd_uptime,1505603,1505633,"{""unit_of_measurement"": ""s"", ""device_class"": ""duration"", ""friendly_name"": ""UPNP IGD Uptime""}"
2025-08-08T18:37:55.156517,sensor.upnp_igd_download_speed,2.14229058338614,2.2774614925945,"{""state_class"": ""measurement"", ""unit_of_measurement"": ""KiB/s"", ""device_class"": ""data_rate"", ""friendly_name"": ""UPNP IGD Download speed""}"
2025-08-08T18:37:55.157920,sensor.upnp_igd_upload_speed,0.127376624770783,0.231896457846683,"{""state_class"": ""measurement"", ""unit_of_measurement"": ""KiB/s"", ""device_class"": ""data_rate"", ""friendly_name"": ""UPNP IGD Upload speed""}"
2025-08-08T18:37:55.159397,sensor.upnp_igd_packet_download_speed,33.5334182846597,33.6326685275854,"{""state_class"": ""measurement"", ""unit_of_measurement"": ""packets/s"", ""friendly_name"": ""UPNP IGD Packet download speed""}"
2025-08-08T18:37:55.160812,sensor.upnp_igd_packet_upload_speed,1.43333696445364,1.56663569950101,"{""state_class"": ""measurement"", ""unit_of_measurement"": ""packets/s"", ""friendly_name"": ""UPNP IGD Packet upload speed""}"
2025-08-08T18:37:56.314122,camera.192_168_0_33,idle,idle,"{""access_token"": ""4106b3d417202309f52cc28a0c43b185aadfea5940bd31ccfb61137e4be81d5"", ""entity_picture"": ""/api/camera_proxy/camera.192_168_0_33?token=4106b3d417202309f52cc28a0c43b185aadfea5940bd31ccfb61137e4be81d5"", ""friendly_name"": ""192_168_0_14"", ""supported_features"": 2}"
2025-08-08T18:37:56.317731,camera.admin_mainstream,idle,idle,"{""access_token"": ""9e8f9e91ab2020e3e1727540961c6c2665ca237463e075e4c3cf09fed21c8678"", ""entity_picture"": ""/api/camera_proxy/camera.admin_mainstream?token=9e8f9e91ab2020e3e1727540961c6c2665ca237463e075e4c3cf09fed21c8678"", ""friendly_name"": ""admin MainStream"", ""supported_features"": 2}"
2025-08-08T18:37:56.319390,camera.admin_substream,idle,idle,"{""access_token"": ""f4fe13772ada5656464e5a74b6b3fe06e1006d6033d9dd3d61603535e50a517a"", ""entity_picture"": ""/api/camera_proxy/camera.admin_substream?token=f4fe13772ada5656464e5a74b6b3fe06e1006d6033d9dd3d61603535e50a517a"", ""friendly_name"": ""admin SubStream"", ""supported_features"": 2}"
2025-08-08T18:38:10.259204,automation.aut_status_bruno,on,on,"{""id"": ""1751855857509"", ""last_triggered"": ""2025-08-08T21:38:10.252651+00:00"", ""mode"": ""single"", ""current"": 1, ""friendly_name"": ""aut-status-bruno""}"
2025-08-08T18:38:10.261541,automation.aut_status_bruno,on,on,"{""id"": ""1751855857509"", ""last_triggered"": ""2025-08-08T21:38:10.252651+00:00"", ""mode"": ""single"", ""current"": 0, ""friendly_name"": ""aut-status-bruno""}"
2025-08-08T18:38:25.148326,sensor.upnp_igd_data_received,1928948326,1929013793,"{""state_class"": ""total_increasing"", ""unit_of_measurement"": ""B"", ""device_class"": ""data_size"", ""friendly_name"": ""UPNP IGD Data received""}"
2025-08-08T18:38:25.150892,sensor.upnp_igd_data_sent,1239265179,1239268906,"{""state_class"": ""total_increasing"", ""unit_of_measurement"": ""B"", ""device_class"": ""data_size"", ""friendly_name"": ""UPNP IGD Data sent""}"
2025-08-08T18:38:25.152546,sensor.upnp_igd_packets_received,86667636,86668636,"{""state_class"": ""total_increasing"", ""unit_of_measurement"": ""packets"", ""friendly_name"": ""UPNP IGD Packets received""}"
2025-08-08T18:38:25.153915,sensor.upnp_igd_packets_sent,20771631,20771671,"{""state_class"": ""total_increasing"", ""unit_of_measurement"": ""packets"", ""friendly_name"": ""UPNP IGD Packets sent""}"
2025-08-08T18:38:25.155218,sensor.upnp_igd_uptime,1505633,1505663,"{""unit_of_measurement"": ""s"", ""device_class"": ""duration"", ""friendly_name"": ""UPNP IGD Uptime""}"
2025-08-08T18:38:25.156687,sensor.upnp_igd_download_speed,2.2774614925945,2.1310933487176,"{""state_class"": ""measurement"", ""unit_of_measurement"": ""KiB/s"", ""device_class"": ""data_rate"", ""friendly_name"": ""UPNP IGD Download speed""}"
2025-08-08T18:38:25.158060,sensor.upnp_igd_upload_speed,0.231896457846683,0.121321962372959,"{""state_class"": ""measurement"", ""unit_of_measurement"": ""KiB/s"", ""device_class"": ""data_rate"", ""friendly_name"": ""UPNP IGD Upload speed""}"
2025-08-08T18:38:25.159456,sensor.upnp_igd_packet_download_speed,33.6326685275854,33.3334288891628,"{""state_class"": ""measurement"", ""unit_of_measurement"": ""packets/s"", ""friendly_name"": ""UPNP IGD Packet download speed""}"
2025-08-08T18:38:25.160848,sensor.upnp_igd_packet_upload_speed,1.56663569950101,1.33333715556651,"{""state_class"": ""measurement"", ""unit_of_measurement"": ""packets/s"", ""friendly_name"": ""UPNP IGD Packet upload speed""}"
2025-08-08T18:38:55.164009,sensor.upnp_igd_data_received,1929013793,1929629685,"{""state_class"": ""total_increasing"", ""unit_of_measurement"": ""B"", ""device_class"": ""data_size"", ""friendly_name"": ""UPNP IGD Data received""}"
2025-08-08T18:38:55.171983,sensor.upnp_igd_data_sent,1239268906,1239284164,"{""state_class"": ""total_increasing"", ""unit_of_measurement"": ""B"", ""device_class"": ""data_size"", ""friendly_name"": ""UPNP IGD Data sent""}"
2025-08-08T18:38:55.175374,sensor.upnp_igd_packets_received,86668636,86670088,"{""state_class"": ""total_increasing"", ""unit_of_measurement"": ""packets"", ""friendly_name"": ""UPNP IGD Packets received""}"
2025-08-08T18:38:55.178795,sensor.upnp_igd_packets_sent,20771671,20771810,"{""state_class"": ""total_increasing"", ""unit_of_measurement"": ""packets"", ""friendly_name"": ""UPNP IGD Packets sent""}"
2025-08-08T18:38:55.181861,sensor.upnp_igd_uptime,1505663,1505693,"{""unit_of_measurement"": ""s"", ""device_class"": ""duration"", ""friendly_name"": ""UPNP IGD Uptime""}"
2025-08-08T18:38:55.185059,sensor.upnp_igd_download_speed,2.1310933487176,20.0484066527999,"{""state_class"": ""measurement"", ""unit_of_measurement"": ""KiB/s"", ""device_class"": ""data_rate"", ""friendly_name"": ""UPNP IGD Download speed""}"
2025-08-08T18:38:55.188370,sensor.upnp_igd_upload_speed,0.121321962372959,0.496675697538563,"{""state_class"": ""measurement"", ""unit_of_measurement"": ""KiB/s"", ""device_class"": ""data_rate"", ""friendly_name"": ""UPNP IGD Upload speed""}"
2025-08-08T18:38:55.191688,sensor.upnp_igd_packet_download_speed,33.3334288891628,48.3996111897901,"{""state_class"": ""measurement"", ""unit_of_measurement"": ""packets/s"", ""friendly_name"": ""UPNP IGD Packet download speed""}"
2025-08-08T18:38:55.194901,sensor.upnp_igd_packet_upload_speed,1.33333715556651,4.63329611252123,"{""state_class"": ""measurement"", ""unit_of_measurement"": ""packets/s"", ""friendly_name"": ""UPNP IGD Packet upload speed""}"
2025-08-08T18:39:10.261913,automation.aut_status_bruno,on,on,"{""id"": ""1751855857509"", ""last_triggered"": ""2025-08-08T21:39:10.253279+00:00"", ""mode"": ""single"", ""current"": 1, ""friendly_name"": ""aut-status-bruno""}"
2025-08-08T18:39:10.264122,automation.aut_status_bruno,on,on,"{""id"": ""1751855857509"", ""last_triggered"": ""2025-08-08T21:39:10.253279+00:00"", ""mode"": ""single"", ""current"": 0, ""friendly_name"": ""aut-status-bruno""}"
2025-08-08T18:39:25.148466,sensor.upnp_igd_data_received,1929629685,1929697522,"{""state_class"": ""total_increasing"", ""unit_of_measurement"": ""B"", ""device_class"": ""data_size"", ""friendly_name"": ""UPNP IGD Data received""}"
2025-08-08T18:39:25.151958,sensor.upnp_igd_data_sent,1239284164,1239287894,"{""state_class"": ""total_increasing"", ""unit_of_measurement"": ""B"", ""device_class"": ""data_size"", ""friendly_name"": ""UPNP IGD Data sent""}"
2025-08-08T18:39:25.153547,sensor.upnp_igd_packets_received,86670088,86671125,"{""state_class"": ""total_increasing"", ""unit_of_measurement"": ""packets"", ""friendly_name"": ""UPNP IGD Packets received""}"
2025-08-08T18:39:25.154943,sensor.upnp_igd_packets_sent,20771810,20771851,"{""state_class"": ""total_increasing"", ""unit_of_measurement"": ""packets"", ""friendly_name"": ""UPNP IGD Packets sent""}"
2025-08-08T18:39:25.156325,sensor.upnp_igd_uptime,1505693,1505723,"{""unit_of_measurement"": ""s"", ""device_class"": ""duration"", ""friendly_name"": ""UPNP IGD Uptime""}"
2025-08-08T18:39:25.157724,sensor.upnp_igd_download_speed,20.0484066527999,2.20827940101547,"{""state_class"": ""measurement"", ""unit_of_measurement"": ""KiB/s"", ""device_class"": ""data_rate"", ""friendly_name"": ""UPNP IGD Download speed""}"
2025-08-08T18:39:25.159130,sensor.upnp_igd_upload_speed,0.496675697538563,0.121421674982498,"{""state_class"": ""measurement"", ""unit_of_measurement"": ""KiB/s"", ""device_class"": ""data_rate"", ""friendly_name"": ""UPNP IGD Upload speed""}"
2025-08-08T18:39:25.160715,sensor.upnp_igd_packet_download_speed,48.3996111897901,34.5673511002185,"{""state_class"": ""measurement"", ""unit_of_measurement"": ""packets/s"", ""friendly_name"": ""UPNP IGD Packet download speed""}"
2025-08-08T18:39:25.162119,sensor.upnp_igd_packet_upload_speed,4.63329611252123,1.36669372720247,"{""state_class"": ""measurement"", ""unit_of_measurement"": ""packets/s"", ""friendly_name"": ""UPNP IGD Packet upload speed""}"
2025-08-08T18:39:55.152152,sensor.upnp_igd_data_received,1929697522,1929768602,"{""state_class"": ""total_increasing"", ""unit_of_measurement"": ""B"", ""device_class"": ""data_size"", ""friendly_name"": ""UPNP IGD Data received""}"
2025-08-08T18:39:55.153872,sensor.upnp_igd_data_sent,1239287894,1239296745,"{""state_class"": ""total_increasing"", ""unit_of_measurement"": ""B"", ""device_class"": ""data_size"", ""friendly_name"": ""UPNP IGD Data sent""}"
2025-08-08T18:39:55.155403,sensor.upnp_igd_packets_received,86671125,86672137,"{""state_class"": ""total_increasing"", ""unit_of_measurement"": ""packets"", ""friendly_name"": ""UPNP IGD Packets received""}"
2025-08-08T18:39:55.156810,sensor.upnp_igd_packets_sent,20771851,20771907,"{""state_class"": ""total_increasing"", ""unit_of_measurement"": ""packets"", ""friendly_name"": ""UPNP IGD Packets sent""}"
2025-08-08T18:39:55.158113,sensor.upnp_igd_uptime,1505723,1505753,"{""unit_of_measurement"": ""s"", ""device_class"": ""duration"", ""friendly_name"": ""UPNP IGD Uptime""}"
2025-08-08T18:39:55.159562,sensor.upnp_igd_download_speed,2.20827940101547,2.31376899643668,"{""state_class"": ""measurement"", ""unit_of_measurement"": ""KiB/s"", ""device_class"": ""data_rate"", ""friendly_name"": ""UPNP IGD Download speed""}"
2025-08-08T18:39:55.160955,sensor.upnp_igd_upload_speed,0.121421674982498,0.288114369547849,"{""state_class"": ""measurement"", ""unit_of_measurement"": ""KiB/s"", ""device_class"": ""data_rate"", ""friendly_name"": ""UPNP IGD Upload speed""}"
2025-08-08T18:39:55.162310,sensor.upnp_igd_packet_download_speed,34.5673511002185,33.7328509535647,"{""state_class"": ""measurement"", ""unit_of_measurement"": ""packets/s"", ""friendly_name"": ""UPNP IGD Packet download speed""}"
2025-08-08T18:39:55.163701,sensor.upnp_igd_packet_upload_speed,1.36669372720247,1.86663997371504,"{""state_class"": ""measurement"", ""unit_of_measurement"": ""packets/s"", ""friendly_name"": ""UPNP IGD Packet upload speed""}"
2025-08-08T18:40:10.261083,automation.aut_status_bruno,on,on,"{""id"": ""1751855857509"", ""last_triggered"": ""2025-08-08T21:40:10.253988+00:00"", ""mode"": ""single"", ""current"": 1, ""friendly_name"": ""aut-status-bruno""}"
2025-08-08T18:40:10.263700,automation.aut_status_bruno,on,on,"{""id"": ""1751855857509"", ""last_triggered"": ""2025-08-08T21:40:10.253988+00:00"", ""mode"": ""single"", ""current"": 0, ""friendly_name"": ""aut-status-bruno""}"
2025-08-08T18:40:25.151016,sensor.upnp_igd_data_received,1929768602,1929838225,"{""state_class"": ""total_increasing"", ""unit_of_measurement"": ""B"", ""device_class"": ""data_size"", ""friendly_name"": ""UPNP IGD Data received""}"
2025-08-08T18:40:25.152770,sensor.upnp_igd_data_sent,1239296745,1239309598,"{""state_class"": ""total_increasing"", ""unit_of_measurement"": ""B"", ""device_class"": ""data_size"", ""friendly_name"": ""UPNP IGD Data sent""}"
2025-08-08T18:40:25.154269,sensor.upnp_igd_packets_received,86672137,86673126,"{""state_class"": ""total_increasing"", ""unit_of_measurement"": ""packets"", ""friendly_name"": ""UPNP IGD Packets received""}"
2025-08-08T18:40:25.155799,sensor.upnp_igd_packets_sent,20771907,20771965,"{""state_class"": ""total_increasing"", ""unit_of_measurement"": ""packets"", ""friendly_name"": ""UPNP IGD Packets sent""}"
2025-08-08T18:40:25.157162,sensor.upnp_igd_uptime,1505753,1505783,"{""unit_of_measurement"": ""s"", ""device_class"": ""duration"", ""friendly_name"": ""UPNP IGD Uptime""}"
2025-08-08T18:40:25.158512,sensor.upnp_igd_download_speed,2.31376899643668,2.26637498219582,"{""state_class"": ""measurement"", ""unit_of_measurement"": ""KiB/s"", ""device_class"": ""data_rate"", ""friendly_name"": ""UPNP IGD Download speed""}"
2025-08-08T18:40:25.159938,sensor.upnp_igd_upload_speed,0.288114369547849,0.418392164172226,"{""state_class"": ""measurement"", ""unit_of_measurement"": ""KiB/s"", ""device_class"": ""data_rate"", ""friendly_name"": ""UPNP IGD Upload speed""}"
2025-08-08T18:40:25.161345,sensor.upnp_igd_packet_download_speed,33.7328509535647,32.9666853477884,"{""state_class"": ""measurement"", ""unit_of_measurement"": ""packets/s"", ""friendly_name"": ""UPNP IGD Packet download speed""}"
2025-08-08T18:40:25.162778,sensor.upnp_igd_packet_upload_speed,1.86663997371504,1.93333442888951,"{""state_class"": ""measurement"", ""unit_of_measurement"": ""packets/s"", ""friendly_name"": ""UPNP IGD Packet upload speed""}"
2025-08-08T18:40:55.148859,sensor.upnp_igd_data_received,1929838225,1929948209,"{""state_class"": ""total_increasing"", ""unit_of_measurement"": ""B"", ""device_class"": ""data_size"", ""friendly_name"": ""UPNP IGD Data received""}"
2025-08-08T18:40:55.151692,sensor.upnp_igd_data_sent,1239309598,1239324300,"{""state_class"": ""total_increasing"", ""unit_of_measurement"": ""B"", ""device_class"": ""data_size"", ""friendly_name"": ""UPNP IGD Data sent""}"
2025-08-08T18:40:55.153228,sensor.upnp_igd_packets_received,86673126,86674202,"{""state_class"": ""total_increasing"", ""unit_of_measurement"": ""packets"", ""friendly_name"": ""UPNP IGD Packets received""}"
2025-08-08T18:40:55.154642,sensor.upnp_igd_packets_sent,20771965,20772066,"{""state_class"": ""total_increasing"", ""unit_of_measurement"": ""packets"", ""friendly_name"": ""UPNP IGD Packets sent""}"
2025-08-08T18:40:55.156069,sensor.upnp_igd_uptime,1505783,1505813,"{""unit_of_measurement"": ""s"", ""device_class"": ""duration"", ""friendly_name"": ""UPNP IGD Uptime""}"
2025-08-08T18:40:55.157494,sensor.upnp_igd_download_speed,2.26637498219582,3.58023721391353,"{""state_class"": ""measurement"", ""unit_of_measurement"": ""KiB/s"", ""device_class"": ""data_rate"", ""friendly_name"": ""UPNP IGD Download speed""}"
2025-08-08T18:40:55.158861,sensor.upnp_igd_upload_speed,0.418392164172226,0.478584589749024,"{""state_class"": ""measurement"", ""unit_of_measurement"": ""KiB/s"", ""device_class"": ""data_rate"", ""friendly_name"": ""UPNP IGD Upload speed""}"
2025-08-08T18:40:55.160296,sensor.upnp_igd_packet_download_speed,32.9666853477884,35.866955993445,"{""state_class"": ""measurement"", ""unit_of_measurement"": ""packets/s"", ""friendly_name"": ""UPNP IGD Packet download speed""}"
2025-08-08T18:40:55.161842,sensor.upnp_igd_packet_upload_speed,1.93333442888951,3.36669382466352,"{""state_class"": ""measurement"", ""unit_of_measurement"": ""packets/s"", ""friendly_name"": ""UPNP IGD Packet upload speed""}"
2025-08-08T18:40:58.297751,sun.sun,below_horizon,below_horizon,"{""next_dawn"": ""2025-08-09T08:28:43.043300+00:00"", ""next_dusk"": ""2025-08-09T20:50:30.479845+00:00"", ""next_midnight"": ""2025-08-09T02:39:32+00:00"", ""next_noon"": ""2025-08-09T14:39:38+00:00"", ""next_rising"": ""2025-08-09T08:51:07.786841+00:00"", ""next_setting"": ""2025-08-09T20:28:06.098969+00:00"", ""elevation"": -18.0, ""azimuth"": 282.7, ""rising"": false, ""friendly_name"": ""Sun""}"
2025-08-08T18:41:10.259917,automation.aut_status_bruno,on,on,"{""id"": ""1751855857509"", ""last_triggered"": ""2025-08-08T21:41:10.252534+00:00"", ""mode"": ""single"", ""current"": 1, ""friendly_name"": ""aut-status-bruno""}"
2025-08-08T18:41:10.262389,automation.aut_status_bruno,on,on,"{""id"": ""1751855857509"", ""last_triggered"": ""2025-08-08T21:41:10.252534+00:00"", ""mode"": ""single"", ""current"": 0, ""friendly_name"": ""aut-status-bruno""}"
2025-08-08T18:41:25.147810,sensor.upnp_igd_data_received,1929948209,1930017678,"{""state_class"": ""total_increasing"", ""unit_of_measurement"": ""B"", ""device_class"": ""data_size"", ""friendly_name"": ""UPNP IGD Data received""}"
2025-08-08T18:41:25.150382,sensor.upnp_igd_data_sent,1239324300,1239330390,"{""state_class"": ""total_increasing"", ""unit_of_measurement"": ""B"", ""device_class"": ""data_size"", ""friendly_name"": ""UPNP IGD Data sent""}"
2025-08-08T18:41:25.152097,sensor.upnp_igd_packets_received,86674202,86675202,"{""state_class"": ""total_increasing"", ""unit_of_measurement"": ""packets"", ""friendly_name"": ""UPNP IGD Packets received""}"
2025-08-08T18:41:25.153563,sensor.upnp_igd_packets_sent,20772066,20772119,"{""state_class"": ""total_increasing"", ""unit_of_measurement"": ""packets"", ""friendly_name"": ""UPNP IGD Packets sent""}"
2025-08-08T18:41:25.154970,sensor.upnp_igd_uptime,1505813,1505843,"{""unit_of_measurement"": ""s"", ""device_class"": ""duration"", ""friendly_name"": ""UPNP IGD Uptime""}"
2025-08-08T18:41:25.156522,sensor.upnp_igd_download_speed,3.58023721391353,2.26137025021739,"{""state_class"": ""measurement"", ""unit_of_measurement"": ""KiB/s"", ""device_class"": ""data_rate"", ""friendly_name"": ""UPNP IGD Download speed""}"
2025-08-08T18:41:25.157939,sensor.upnp_igd_upload_speed,0.478584589749024,0.198243026728813,"{""state_class"": ""measurement"", ""unit_of_measurement"": ""KiB/s"", ""device_class"": ""data_rate"", ""friendly_name"": ""UPNP IGD Upload speed""}"
2025-08-08T18:41:25.159298,sensor.upnp_igd_packet_download_speed,35.866955993445,33.3334744450418,"{""state_class"": ""measurement"", ""unit_of_measurement"": ""packets/s"", ""friendly_name"": ""UPNP IGD Packet download speed""}"
2025-08-08T18:41:25.160724,sensor.upnp_igd_packet_upload_speed,3.36669382466352,1.76667414558722,"{""state_class"": ""measurement"", ""unit_of_measurement"": ""packets/s"", ""friendly_name"": ""UPNP IGD Packet upload speed""}"
2025-08-08T18:41:55.147615,sensor.upnp_igd_data_received,1930017678,1930093566,"{""state_class"": ""total_increasing"", ""unit_of_measurement"": ""B"", ""device_class"": ""data_size"", ""friendly_name"": ""UPNP IGD Data received""}"
2025-08-08T18:41:55.150137,sensor.upnp_igd_data_sent,1239330390,1239338839,"{""state_class"": ""total_increasing"", ""unit_of_measurement"": ""B"", ""device_class"": ""data_size"", ""friendly_name"": ""UPNP IGD Data sent""}"
2025-08-08T18:41:55.151805,sensor.upnp_igd_packets_received,86675202,86676230,"{""state_class"": ""total_increasing"", ""unit_of_measurement"": ""packets"", ""friendly_name"": ""UPNP IGD Packets received""}"
2025-08-08T18:41:55.153251,sensor.upnp_igd_packets_sent,20772119,20772174,"{""state_class"": ""total_increasing"", ""unit_of_measurement"": ""packets"", ""friendly_name"": ""UPNP IGD Packets sent""}"
2025-08-08T18:41:55.154570,sensor.upnp_igd_uptime,1505843,1505873,"{""unit_of_measurement"": ""s"", ""device_class"": ""duration"", ""friendly_name"": ""UPNP IGD Uptime""}"
2025-08-08T18:41:55.156090,sensor.upnp_igd_download_speed,2.26137025021739,2.4703342389413,"{""state_class"": ""measurement"", ""unit_of_measurement"": ""KiB/s"", ""device_class"": ""data_rate"", ""friendly_name"": ""UPNP IGD Download speed""}"
2025-08-08T18:41:55.157590,sensor.upnp_igd_upload_speed,0.198243026728813,0.27503497239109,"{""state_class"": ""measurement"", ""unit_of_measurement"": ""KiB/s"", ""device_class"": ""data_rate"", ""friendly_name"": ""UPNP IGD Upload speed""}"
2025-08-08T18:41:55.158969,sensor.upnp_igd_packet_download_speed,33.3334744450418,34.266968215987,"{""state_class"": ""measurement"", ""unit_of_measurement"": ""packets/s"", ""friendly_name"": ""UPNP IGD Packet download speed""}"
2025-08-08T18:41:55.160416,sensor.upnp_igd_packet_upload_speed,1.76667414558722,1.83334946680864,"{""state_class"": ""measurement"", ""unit_of_measurement"": ""packets/s"", ""friendly_name"": ""UPNP IGD Packet upload speed""}"
2025-08-08T18:42:06.294345,sensor.tauntaum_energy,234.582,234.589,"{""state_class"": ""total_increasing"", ""unit_of_measurement"": ""kWh"", ""device_class"": ""energy"", ""friendly_name"": ""Tauntaum Energy""}"
2025-08-08T18:42:06.296390,sensor.tauntaum_power,36,34,"{""state_class"": ""measurement"", ""power_consumption_start"": ""2025-08-08T21:29:49Z"", ""power_consumption_end"": ""2025-08-08T21:42:06Z"", ""unit_of_measurement"": ""W"", ""device_class"": ""power"", ""friendly_name"": ""Tauntaum Power""}"
2025-08-08T18:42:06.298239,sensor.tauntaum_energy_difference,0.006,0.007,"{""state_class"": ""total"", ""unit_of_measurement"": ""kWh"", ""device_class"": ""energy"", ""friendly_name"": ""Tauntaum Energy difference""}"
2025-08-08T18:42:06.299832,sensor.tauntaum_power_energy,0.000558386111127006,0.00737301000118256,"{""state_class"": ""total"", ""unit_of_measurement"": ""kWh"", ""device_class"": ""energy"", ""friendly_name"": ""Tauntaum Power energy""}"
2025-08-08T18:42:06.301286,sensor.tauntaum_energy_saved,0.001,0.0,"{""state_class"": ""total_increasing"", ""unit_of_measurement"": ""kWh"", ""device_class"": ""energy"", ""friendly_name"": ""Tauntaum Energy saved""}"
2025-08-08T18:42:10.260837,automation.aut_status_bruno,on,on,"{""id"": ""1751855857509"", ""last_triggered"": ""2025-08-08T21:42:10.253548+00:00"", ""mode"": ""single"", ""current"": 1, ""friendly_name"": ""aut-status-bruno""}"
2025-08-08T18:42:10.262897,automation.aut_status_bruno,on,on,"{""id"": ""1751855857509"", ""last_triggered"": ""2025-08-08T21:42:10.253548+00:00"", ""mode"": ""single"", ""current"": 0, ""friendly_name"": ""aut-status-bruno""}"
2025-08-08T18:42:25.149972,sensor.upnp_igd_data_received,1930093566,1930161199,"{""state_class"": ""total_increasing"", ""unit_of_measurement"": ""B"", ""device_class"": ""data_size"", ""friendly_name"": ""UPNP IGD Data received""}"
2025-08-08T18:42:25.152432,sensor.upnp_igd_data_sent,1239338839,1239344541,"{""state_class"": ""total_increasing"", ""unit_of_measurement"": ""B"", ""device_class"": ""data_size"", ""friendly_name"": ""UPNP IGD Data sent""}"
2025-08-08T18:42:25.153958,sensor.upnp_igd_packets_received,86676230,86677255,"{""state_class"": ""total_increasing"", ""unit_of_measurement"": ""packets"", ""friendly_name"": ""UPNP IGD Packets received""}"
2025-08-08T18:42:25.155300,sensor.upnp_igd_packets_sent,20772174,20772224,"{""state_class"": ""total_increasing"", ""unit_of_measurement"": ""packets"", ""friendly_name"": ""UPNP IGD Packets sent""}"
2025-08-08T18:42:25.156708,sensor.upnp_igd_uptime,1505873,1505903,"{""unit_of_measurement"": ""s"", ""device_class"": ""duration"", ""friendly_name"": ""UPNP IGD Uptime""}"
2025-08-08T18:42:25.158109,sensor.upnp_igd_download_speed,2.4703342389413,2.20148879355756,"{""state_class"": ""measurement"", ""unit_of_measurement"": ""KiB/s"", ""device_class"": ""data_rate"", ""friendly_name"": ""UPNP IGD Download speed""}"
2025-08-08T18:42:25.159534,sensor.upnp_igd_upload_speed,0.27503497239109,0.185603020727533,"{""state_class"": ""measurement"", ""unit_of_measurement"": ""KiB/s"", ""device_class"": ""data_rate"", ""friendly_name"": ""UPNP IGD Upload speed""}"
2025-08-08T18:42:25.160912,sensor.upnp_igd_packet_download_speed,34.266968215987,34.1650176351488,"{""state_class"": ""measurement"", ""unit_of_measurement"": ""packets/s"", ""friendly_name"": ""UPNP IGD Packet download speed""}"
2025-08-08T18:42:25.162245,sensor.upnp_igd_packet_upload_speed,1.83334946680864,1.66658622610482,"{""state_class"": ""measurement"", ""unit_of_measurement"": ""packets/s"", ""friendly_name"": ""UPNP IGD Packet upload speed""}"
2025-08-08T18:42:55.151174,sensor.upnp_igd_data_received,1930161199,1930232430,"{""state_class"": ""total_increasing"", ""unit_of_measurement"": ""B"", ""device_class"": ""data_size"", ""friendly_name"": ""UPNP IGD Data received""}"
2025-08-08T18:42:55.152827,sensor.upnp_igd_data_sent,1239344541,1239352104,"{""state_class"": ""total_increasing"", ""unit_of_measurement"": ""B"", ""device_class"": ""data_size"", ""friendly_name"": ""UPNP IGD Data sent""}"
2025-08-08T18:42:55.154231,sensor.upnp_igd_packets_received,86677255,86678266,"{""state_class"": ""total_increasing"", ""unit_of_measurement"": ""packets"", ""friendly_name"": ""UPNP IGD Packets received""}"
2025-08-08T18:42:55.155685,sensor.upnp_igd_packets_sent,20772224,20772281,"{""state_class"": ""total_increasing"", ""unit_of_measurement"": ""packets"", ""friendly_name"": ""UPNP IGD Packets sent""}"
2025-08-08T18:42:55.157073,sensor.upnp_igd_uptime,1505903,1505933,"{""unit_of_measurement"": ""s"", ""device_class"": ""duration"", ""friendly_name"": ""UPNP IGD Uptime""}"
2025-08-08T18:42:55.158495,sensor.upnp_igd_download_speed,2.20148879355756,2.31882032624514,"{""state_class"": ""measurement"", ""unit_of_measurement"": ""KiB/s"", ""device_class"": ""data_rate"", ""friendly_name"": ""UPNP IGD Download speed""}"
2025-08-08T18:42:55.159893,sensor.upnp_igd_upload_speed,0.185603020727533,0.246202329426682,"{""state_class"": ""measurement"", ""unit_of_measurement"": ""KiB/s"", ""device_class"": ""data_rate"", ""friendly_name"": ""UPNP IGD Upload speed""}"
2025-08-08T18:42:55.161299,sensor.upnp_igd_packet_download_speed,34.1650176351488,33.7014952230047,"{""state_class"": ""measurement"", ""unit_of_measurement"": ""packets/s"", ""friendly_name"": ""UPNP IGD Packet download speed""}"
2025-08-08T18:42:55.162625,sensor.upnp_igd_packet_upload_speed,1.66658622610482,1.90008430040679,"{""state_class"": ""measurement"", ""unit_of_measurement"": ""packets/s"", ""friendly_name"": ""UPNP IGD Packet upload speed""}"
2025-08-08T18:42:56.314023,camera.192_168_0_33,idle,idle,"{""access_token"": ""e3592d700684ff073ca4d1bc498a5f23526923bb9f0a1ce5f6ad1381e3029f54"", ""entity_picture"": ""/api/camera_proxy/camera.192_168_0_33?token=e3592d700684ff073ca4d1bc498a5f23526923bb9f0a1ce5f6ad1381e3029f54"", ""friendly_name"": ""192_168_0_14"", ""supported_features"": 2}"
2025-08-08T18:42:56.315887,camera.admin_mainstream,idle,idle,"{""access_token"": ""d95e2439bed3ed73a4f1a049d4d32b33c77f12360fc38f5c808e398fdc94ada7"", ""entity_picture"": ""/api/camera_proxy/camera.admin_mainstream?token=d95e2439bed3ed73a4f1a049d4d32b33c77f12360fc38f5c808e398fdc94ada7"", ""friendly_name"": ""admin MainStream"", ""supported_features"": 2}"
2025-08-08T18:42:56.317497,camera.admin_substream,idle,idle,"{""access_token"": ""6a3de05d123ca92774a82c1519d8cf2e2795c23bbda8853c74dd9c2f32db46aa"", ""entity_picture"": ""/api/camera_proxy/camera.admin_substream?token=6a3de05d123ca92774a82c1519d8cf2e2795c23bbda8853c74dd9c2f32db46aa"", ""friendly_name"": ""admin SubStream"", ""supported_features"": 2}"
2025-08-08T18:43:10.260615,automation.aut_status_bruno,on,on,"{""id"": ""1751855857509"", ""last_triggered"": ""2025-08-08T21:43:10.252781+00:00"", ""mode"": ""single"", ""current"": 1, ""friendly_name"": ""aut-status-bruno""}"
2025-08-08T18:43:10.263158,automation.aut_status_bruno,on,on,"{""id"": ""1751855857509"", ""last_triggered"": ""2025-08-08T21:43:10.252781+00:00"", ""mode"": ""single"", ""current"": 0, ""friendly_name"": ""aut-status-bruno""}"
2025-08-08T18:43:25.172308,sensor.upnp_igd_data_received,1930232430,1930300896,"{""state_class"": ""total_increasing"", ""unit_of_measurement"": ""B"", ""device_class"": ""data_size"", ""friendly_name"": ""UPNP IGD Data received""}"
2025-08-08T18:43:25.175075,sensor.upnp_igd_data_sent,1239352104,1239358510,"{""state_class"": ""total_increasing"", ""unit_of_measurement"": ""B"", ""device_class"": ""data_size"", ""friendly_name"": ""UPNP IGD Data sent""}"
2025-08-08T18:43:25.176639,sensor.upnp_igd_packets_received,86678266,86679295,"{""state_class"": ""total_increasing"", ""unit_of_measurement"": ""packets"", ""friendly_name"": ""UPNP IGD Packets received""}"
2025-08-08T18:43:25.177994,sensor.upnp_igd_packets_sent,20772281,20772341,"{""state_class"": ""total_increasing"", ""unit_of_measurement"": ""packets"", ""friendly_name"": ""UPNP IGD Packets sent""}"
2025-08-08T18:43:25.179284,sensor.upnp_igd_uptime,1505933,1505963,"{""unit_of_measurement"": ""s"", ""device_class"": ""duration"", ""friendly_name"": ""UPNP IGD Uptime""}"
2025-08-08T18:43:25.180790,sensor.upnp_igd_download_speed,2.31882032624514,2.22860507875876,"{""state_class"": ""measurement"", ""unit_of_measurement"": ""KiB/s"", ""device_class"": ""data_rate"", ""friendly_name"": ""UPNP IGD Download speed""}"
2025-08-08T18:43:25.182206,sensor.upnp_igd_upload_speed,0.246202329426682,0.208518741193127,"{""state_class"": ""measurement"", ""unit_of_measurement"": ""KiB/s"", ""device_class"": ""data_rate"", ""friendly_name"": ""UPNP IGD Upload speed""}"
2025-08-08T18:43:25.183645,sensor.upnp_igd_packet_download_speed,33.7014952230047,34.2983708273857,"{""state_class"": ""measurement"", ""unit_of_measurement"": ""packets/s"", ""friendly_name"": ""UPNP IGD Packet download speed""}"
2025-08-08T18:43:25.185114,sensor.upnp_igd_packet_upload_speed,1.90008430040679,1.99990500451229,"{""state_class"": ""measurement"", ""unit_of_measurement"": ""packets/s"", ""friendly_name"": ""UPNP IGD Packet upload speed""}"
2025-08-08T18:43:55.173370,sensor.upnp_igd_data_received,1930300896,1930913473,"{""state_class"": ""total_increasing"", ""unit_of_measurement"": ""B"", ""device_class"": ""data_size"", ""friendly_name"": ""UPNP IGD Data received""}"
2025-08-08T18:43:55.176935,sensor.upnp_igd_data_sent,1239358510,1239372862,"{""state_class"": ""total_increasing"", ""unit_of_measurement"": ""B"", ""device_class"": ""data_size"", ""friendly_name"": ""UPNP IGD Data sent""}"
2025-08-08T18:43:55.180313,sensor.upnp_igd_packets_received,86679295,86680698,"{""state_class"": ""total_increasing"", ""unit_of_measurement"": ""packets"", ""friendly_name"": ""UPNP IGD Packets received""}"
2025-08-08T18:43:55.183617,sensor.upnp_igd_packets_sent,20772341,20772471,"{""state_class"": ""total_increasing"", ""unit_of_measurement"": ""packets"", ""friendly_name"": ""UPNP IGD Packets sent""}"
2025-08-08T18:43:55.186671,sensor.upnp_igd_uptime,1505963,1505993,"{""unit_of_measurement"": ""s"", ""device_class"": ""duration"", ""friendly_name"": ""UPNP IGD Uptime""}"
2025-08-08T18:43:55.189879,sensor.upnp_igd_download_speed,2.22860507875876,19.9407791908364,"{""state_class"": ""measurement"", ""unit_of_measurement"": ""KiB/s"", ""device_class"": ""data_rate"", ""friendly_name"": ""UPNP IGD Download speed""}"
2025-08-08T18:43:55.193126,sensor.upnp_igd_upload_speed,0.208518741193127,0.467190349861134,"{""state_class"": ""measurement"", ""unit_of_measurement"": ""KiB/s"", ""device_class"": ""data_rate"", ""friendly_name"": ""UPNP IGD Upload speed""}"
2025-08-08T18:43:55.196453,sensor.upnp_igd_packet_download_speed,34.2983708273857,46.7669519450735,"{""state_class"": ""measurement"", ""unit_of_measurement"": ""packets/s"", ""friendly_name"": ""UPNP IGD Packet download speed""}"
2025-08-08T18:43:55.199219,sensor.upnp_igd_packet_upload_speed,1.99990500451229,4.33335976682791,"{""state_class"": ""measurement"", ""unit_of_measurement"": ""packets/s"", ""friendly_name"": ""UPNP IGD Packet upload speed""}"
2025-08-08T18:44:10.259177,automation.aut_status_bruno,on,on,"{""id"": ""1751855857509"", ""last_triggered"": ""2025-08-08T21:44:10.252521+00:00"", ""mode"": ""single"", ""current"": 1, ""friendly_name"": ""aut-status-bruno""}"
2025-08-08T18:44:10.261896,automation.aut_status_bruno,on,on,"{""id"": ""1751855857509"", ""last_triggered"": ""2025-08-08T21:44:10.252521+00:00"", ""mode"": ""single"", ""current"": 0, ""friendly_name"": ""aut-status-bruno""}"
2025-08-08T18:44:25.148662,sensor.upnp_igd_data_received,1930913473,1930984721,"{""state_class"": ""total_increasing"", ""unit_of_measurement"": ""B"", ""device_class"": ""data_size"", ""friendly_name"": ""UPNP IGD Data received""}"
2025-08-08T18:44:25.153037,sensor.upnp_igd_data_sent,1239372862,1239381719,"{""state_class"": ""total_increasing"", ""unit_of_measurement"": ""B"", ""device_class"": ""data_size"", ""friendly_name"": ""UPNP IGD Data sent""}"
2025-08-08T18:44:25.155445,sensor.upnp_igd_packets_received,86680698,86681751,"{""state_class"": ""total_increasing"", ""unit_of_measurement"": ""packets"", ""friendly_name"": ""UPNP IGD Packets received""}"
2025-08-08T18:44:25.157238,sensor.upnp_igd_packets_sent,20772471,20772542,"{""state_class"": ""total_increasing"", ""unit_of_measurement"": ""packets"", ""friendly_name"": ""UPNP IGD Packets sent""}"
2025-08-08T18:44:25.158885,sensor.upnp_igd_uptime,1505993,1506023,"{""unit_of_measurement"": ""s"", ""device_class"": ""duration"", ""friendly_name"": ""UPNP IGD Uptime""}"
2025-08-08T18:44:25.161338,sensor.upnp_igd_download_speed,19.9407791908364,2.31931721967773,"{""state_class"": ""measurement"", ""unit_of_measurement"": ""KiB/s"", ""device_class"": ""data_rate"", ""friendly_name"": ""UPNP IGD Download speed""}"
2025-08-08T18:44:25.163425,sensor.upnp_igd_upload_speed,0.467190349861134,0.288319568474703,"{""state_class"": ""measurement"", ""unit_of_measurement"": ""KiB/s"", ""device_class"": ""data_rate"", ""friendly_name"": ""UPNP IGD Upload speed""}"
2025-08-08T18:44:25.165235,sensor.upnp_igd_packet_download_speed,46.7669519450735,35.1007020140403,"{""state_class"": ""measurement"", ""unit_of_measurement"": ""packets/s"", ""friendly_name"": ""UPNP IGD Packet download speed""}"
2025-08-08T18:44:25.166965,sensor.upnp_igd_packet_upload_speed,4.33335976682791,2.36671400094669,"{""state_class"": ""measurement"", ""unit_of_measurement"": ""packets/s"", ""friendly_name"": ""UPNP IGD Packet upload speed""}"
2025-08-08T18:44:55.150034,sensor.upnp_igd_data_received,1930984721,1931083186,"{""state_class"": ""total_increasing"", ""unit_of_measurement"": ""B"", ""device_class"": ""data_size"", ""friendly_name"": ""UPNP IGD Data received""}"
2025-08-08T18:44:55.152512,sensor.upnp_igd_data_sent,1239381719,1239393254,"{""state_class"": ""total_increasing"", ""unit_of_measurement"": ""B"", ""device_class"": ""data_size"", ""friendly_name"": ""UPNP IGD Data sent""}"
2025-08-08T18:44:55.153989,sensor.upnp_igd_packets_received,86681751,86682807,"{""state_class"": ""total_increasing"", ""unit_of_measurement"": ""packets"", ""friendly_name"": ""UPNP IGD Packets received""}"
2025-08-08T18:44:55.155529,sensor.upnp_igd_packets_sent,20772542,20772608,"{""state_class"": ""total_increasing"", ""unit_of_measurement"": ""packets"", ""friendly_name"": ""UPNP IGD Packets sent""}"
2025-08-08T18:44:55.157211,sensor.upnp_igd_uptime,1506023,1506053,"{""unit_of_measurement"": ""s"", ""device_class"": ""duration"", ""friendly_name"": ""UPNP IGD Uptime""}"
2025-08-08T18:44:55.158915,sensor.upnp_igd_download_speed,2.31931721967773,3.20529644388836,"{""state_class"": ""measurement"", ""unit_of_measurement"": ""KiB/s"", ""device_class"": ""data_rate"", ""friendly_name"": ""UPNP IGD Download speed""}"
2025-08-08T18:44:55.160467,sensor.upnp_igd_upload_speed,0.288319568474703,0.375494789826357,"{""state_class"": ""measurement"", ""unit_of_measurement"": ""KiB/s"", ""device_class"": ""data_rate"", ""friendly_name"": ""UPNP IGD Upload speed""}"
2025-08-08T18:44:55.161949,sensor.upnp_igd_packet_download_speed,35.1007020140403,35.2006101439092,"{""state_class"": ""measurement"", ""unit_of_measurement"": ""packets/s"", ""friendly_name"": ""UPNP IGD Packet download speed""}"
2025-08-08T18:44:55.163529,sensor.upnp_igd_packet_upload_speed,2.36671400094669,2.20003813399432,"{""state_class"": ""measurement"", ""unit_of_measurement"": ""packets/s"", ""friendly_name"": ""UPNP IGD Packet upload speed""}"
2025-08-08T18:45:10.261845,automation.aut_status_bruno,on,on,"{""id"": ""1751855857509"", ""last_triggered"": ""2025-08-08T21:45:10.253444+00:00"", ""mode"": ""single"", ""current"": 1, ""friendly_name"": ""aut-status-bruno""}"
2025-08-08T18:45:10.264127,automation.aut_status_bruno,on,on,"{""id"": ""1751855857509"", ""last_triggered"": ""2025-08-08T21:45:10.253444+00:00"", ""mode"": ""single"", ""current"": 0, ""friendly_name"": ""aut-status-bruno""}"
2025-08-08T18:45:25.152017,sensor.upnp_igd_data_received,1931083186,1931158176,"{""state_class"": ""total_increasing"", ""unit_of_measurement"": ""B"", ""device_class"": ""data_size"", ""friendly_name"": ""UPNP IGD Data received""}"
2025-08-08T18:45:25.154553,sensor.upnp_igd_data_sent,1239393254,1239403072,"{""state_class"": ""total_increasing"", ""unit_of_measurement"": ""B"", ""device_class"": ""data_size"", ""friendly_name"": ""UPNP IGD Data sent""}"
2025-08-08T18:45:25.156110,sensor.upnp_igd_packets_received,86682807,86683829,"{""state_class"": ""total_increasing"", ""unit_of_measurement"": ""packets"", ""friendly_name"": ""UPNP IGD Packets received""}"
2025-08-08T18:45:25.157548,sensor.upnp_igd_packets_sent,20772608,20772686,"{""state_class"": ""total_increasing"", ""unit_of_measurement"": ""packets"", ""friendly_name"": ""UPNP IGD Packets sent""}"
2025-08-08T18:45:25.159006,sensor.upnp_igd_uptime,1506053,1506083,"{""unit_of_measurement"": ""s"", ""device_class"": ""duration"", ""friendly_name"": ""UPNP IGD Uptime""}"
2025-08-08T18:45:25.161372,sensor.upnp_igd_download_speed,3.20529644388836,2.44094102597528,"{""state_class"": ""measurement"", ""unit_of_measurement"": ""KiB/s"", ""device_class"": ""data_rate"", ""friendly_name"": ""UPNP IGD Download speed""}"
2025-08-08T18:45:25.162846,sensor.upnp_igd_upload_speed,0.375494789826357,0.319578063648824,"{""state_class"": ""measurement"", ""unit_of_measurement"": ""KiB/s"", ""device_class"": ""data_rate"", ""friendly_name"": ""UPNP IGD Upload speed""}"
2025-08-08T18:45:25.164339,sensor.upnp_igd_packet_download_speed,35.2006101439092,34.064717029362,"{""state_class"": ""measurement"", ""unit_of_measurement"": ""packets/s"", ""friendly_name"": ""UPNP IGD Packet download speed""}"
2025-08-08T18:45:25.165880,sensor.upnp_igd_packet_upload_speed,2.20003813399432,2.59985120184955,"{""state_class"": ""measurement"", ""unit_of_measurement"": ""packets/s"", ""friendly_name"": ""UPNP IGD Packet upload speed""}"
2025-08-08T18:45:55.147656,sensor.upnp_igd_data_received,1931158176,1931225573,"{""state_class"": ""total_increasing"", ""unit_of_measurement"": ""B"", ""device_class"": ""data_size"", ""friendly_name"": ""UPNP IGD Data received""}"
2025-08-08T18:45:55.151233,sensor.upnp_igd_data_sent,1239403072,1239409959,"{""state_class"": ""total_increasing"", ""unit_of_measurement"": ""B"", ""device_class"": ""data_size"", ""friendly_name"": ""UPNP IGD Data sent""}"
2025-08-08T18:45:55.152846,sensor.upnp_igd_packets_received,86683829,86684798,"{""state_class"": ""total_increasing"", ""unit_of_measurement"": ""packets"", ""friendly_name"": ""UPNP IGD Packets received""}"
2025-08-08T18:45:55.154226,sensor.upnp_igd_packets_sent,20772686,20772731,"{""state_class"": ""total_increasing"", ""unit_of_measurement"": ""packets"", ""friendly_name"": ""UPNP IGD Packets sent""}"
2025-08-08T18:45:55.155584,sensor.upnp_igd_uptime,1506083,1506113,"{""unit_of_measurement"": ""s"", ""device_class"": ""duration"", ""friendly_name"": ""UPNP IGD Uptime""}"
2025-08-08T18:45:55.156979,sensor.upnp_igd_download_speed,2.44094102597528,2.19404806004704,"{""state_class"": ""measurement"", ""unit_of_measurement"": ""KiB/s"", ""device_class"": ""data_rate"", ""friendly_name"": ""UPNP IGD Download speed""}"
2025-08-08T18:45:55.158369,sensor.upnp_igd_upload_speed,0.319578063648824,0.224200023584788,"{""state_class"": ""measurement"", ""unit_of_measurement"": ""KiB/s"", ""device_class"": ""data_rate"", ""friendly_name"": ""UPNP IGD Upload speed""}"
2025-08-08T18:45:55.159800,sensor.upnp_igd_packet_download_speed,34.064717029362,32.3019919561706,"{""state_class"": ""measurement"", ""unit_of_measurement"": ""packets/s"", ""friendly_name"": ""UPNP IGD Packet download speed""}"
2025-08-08T18:45:55.161300,sensor.upnp_igd_packet_upload_speed,2.59985120184955,1.50009250570452,"{""state_class"": ""measurement"", ""unit_of_measurement"": ""packets/s"", ""friendly_name"": ""UPNP IGD Packet upload speed""}"
2025-08-08T18:46:10.260620,automation.aut_status_bruno,on,on,"{""id"": ""1751855857509"", ""last_triggered"": ""2025-08-08T21:46:10.253200+00:00"", ""mode"": ""single"", ""current"": 1, ""friendly_name"": ""aut-status-bruno""}"
2025-08-08T18:46:10.262836,automation.aut_status_bruno,on,on,"{""id"": ""1751855857509"", ""last_triggered"": ""2025-08-08T21:46:10.253200+00:00"", ""mode"": ""single"", ""current"": 0, ""friendly_name"": ""aut-status-bruno""}"
2025-08-08T18:46:25.151454,sensor.upnp_igd_data_received,1931225573,1931291524,"{""state_class"": ""total_increasing"", ""unit_of_measurement"": ""B"", ""device_class"": ""data_size"", ""friendly_name"": ""UPNP IGD Data received""}"
2025-08-08T18:46:25.154118,sensor.upnp_igd_data_sent,1239409959,1239414870,"{""state_class"": ""total_increasing"", ""unit_of_measurement"": ""B"", ""device_class"": ""data_size"", ""friendly_name"": ""UPNP IGD Data sent""}"
2025-08-08T18:46:25.155646,sensor.upnp_igd_packets_received,86684798,86685798,"{""state_class"": ""total_increasing"", ""unit_of_measurement"": ""packets"", ""friendly_name"": ""UPNP IGD Packets received""}"
2025-08-08T18:46:25.157051,sensor.upnp_igd_packets_sent,20772731,20772780,"{""state_class"": ""total_increasing"", ""unit_of_measurement"": ""packets"", ""friendly_name"": ""UPNP IGD Packets sent""}"
2025-08-08T18:46:25.158428,sensor.upnp_igd_uptime,1506113,1506143,"{""unit_of_measurement"": ""s"", ""device_class"": ""duration"", ""friendly_name"": ""UPNP IGD Uptime""}"
2025-08-08T18:46:25.159914,sensor.upnp_igd_download_speed,2.19404806004704,2.14674469947468,"{""state_class"": ""measurement"", ""unit_of_measurement"": ""KiB/s"", ""device_class"": ""data_rate"", ""friendly_name"": ""UPNP IGD Download speed""}"
2025-08-08T18:46:25.161320,sensor.upnp_igd_upload_speed,0.224200023584788,0.159856002473354,"{""state_class"": ""measurement"", ""unit_of_measurement"": ""KiB/s"", ""device_class"": ""data_rate"", ""friendly_name"": ""UPNP IGD Upload speed""}"
2025-08-08T18:46:25.162673,sensor.upnp_igd_packet_download_speed,32.3019919561706,33.3318156246619,"{""state_class"": ""measurement"", ""unit_of_measurement"": ""packets/s"", ""friendly_name"": ""UPNP IGD Packet download speed""}"
2025-08-08T18:46:25.164230,sensor.upnp_igd_packet_upload_speed,1.50009250570452,1.63325896560843,"{""state_class"": ""measurement"", ""unit_of_measurement"": ""packets/s"", ""friendly_name"": ""UPNP IGD Packet upload speed""}"
2025-08-08T18:46:55.167580,sensor.upnp_igd_data_received,1931291524,1931361252,"{""state_class"": ""total_increasing"", ""unit_of_measurement"": ""B"", ""device_class"": ""data_size"", ""friendly_name"": ""UPNP IGD Data received""}"
2025-08-08T18:46:55.170098,sensor.upnp_igd_data_sent,1239414870,1239421677,"{""state_class"": ""total_increasing"", ""unit_of_measurement"": ""B"", ""device_class"": ""data_size"", ""friendly_name"": ""UPNP IGD Data sent""}"
2025-08-08T18:46:55.171645,sensor.upnp_igd_packets_received,86685798,86686794,"{""state_class"": ""total_increasing"", ""unit_of_measurement"": ""packets"", ""friendly_name"": ""UPNP IGD Packets received""}"
2025-08-08T18:46:55.173018,sensor.upnp_igd_packets_sent,20772780,20772830,"{""state_class"": ""total_increasing"", ""unit_of_measurement"": ""packets"", ""friendly_name"": ""UPNP IGD Packets sent""}"
2025-08-08T18:46:55.174377,sensor.upnp_igd_uptime,1506143,1506173,"{""unit_of_measurement"": ""s"", ""device_class"": ""duration"", ""friendly_name"": ""UPNP IGD Uptime""}"
2025-08-08T18:46:55.175845,sensor.upnp_igd_download_speed,2.14674469947468,2.26989093656363,"{""state_class"": ""measurement"", ""unit_of_measurement"": ""KiB/s"", ""device_class"": ""data_rate"", ""friendly_name"": ""UPNP IGD Download speed""}"
2025-08-08T18:46:55.177248,sensor.upnp_igd_upload_speed,0.159856002473354,0.221591722194651,"{""state_class"": ""measurement"", ""unit_of_measurement"": ""KiB/s"", ""device_class"": ""data_rate"", ""friendly_name"": ""UPNP IGD Upload speed""}"
2025-08-08T18:46:55.178597,sensor.upnp_igd_packet_download_speed,33.3318156246619,33.2014520101679,"{""state_class"": ""measurement"", ""unit_of_measurement"": ""packets/s"", ""friendly_name"": ""UPNP IGD Packet download speed""}"
2025-08-08T18:46:55.180136,sensor.upnp_igd_packet_upload_speed,1.63325896560843,1.66673955874337,"{""state_class"": ""measurement"", ""unit_of_measurement"": ""packets/s"", ""friendly_name"": ""UPNP IGD Packet upload speed""}"
2025-08-08T18:47:10.259491,automation.aut_status_bruno,on,on,"{""id"": ""1751855857509"", ""last_triggered"": ""2025-08-08T21:47:10.252311+00:00"", ""mode"": ""single"", ""current"": 1, ""friendly_name"": ""aut-status-bruno""}"
2025-08-08T18:47:10.261621,automation.aut_status_bruno,on,on,"{""id"": ""1751855857509"", ""last_triggered"": ""2025-08-08T21:47:10.252311+00:00"", ""mode"": ""single"", ""current"": 0, ""friendly_name"": ""aut-status-bruno""}"
2025-08-08T18:47:25.152510,sensor.upnp_igd_data_received,1931361252,1931427740,"{""state_class"": ""total_increasing"", ""unit_of_measurement"": ""B"", ""device_class"": ""data_size"", ""friendly_name"": ""UPNP IGD Data received""}"
2025-08-08T18:47:25.154339,sensor.upnp_igd_data_sent,1239421677,1239426519,"{""state_class"": ""total_increasing"", ""unit_of_measurement"": ""B"", ""device_class"": ""data_size"", ""friendly_name"": ""UPNP IGD Data sent""}"
2025-08-08T18:47:25.156158,sensor.upnp_igd_packets_received,86686794,86687803,"{""state_class"": ""total_increasing"", ""unit_of_measurement"": ""packets"", ""friendly_name"": ""UPNP IGD Packets received""}"
2025-08-08T18:47:25.157915,sensor.upnp_igd_packets_sent,20772830,20772878,"{""state_class"": ""total_increasing"", ""unit_of_measurement"": ""packets"", ""friendly_name"": ""UPNP IGD Packets sent""}"
2025-08-08T18:47:25.159615,sensor.upnp_igd_uptime,1506173,1506203,"{""unit_of_measurement"": ""s"", ""device_class"": ""duration"", ""friendly_name"": ""UPNP IGD Uptime""}"
2025-08-08T18:47:25.161362,sensor.upnp_igd_download_speed,2.26989093656363,2.16426909850842,"{""state_class"": ""measurement"", ""unit_of_measurement"": ""KiB/s"", ""device_class"": ""data_rate"", ""friendly_name"": ""UPNP IGD Download speed""}"
2025-08-08T18:47:25.163032,sensor.upnp_igd_upload_speed,0.221591722194651,0.157613268183398,"{""state_class"": ""measurement"", ""unit_of_measurement"": ""KiB/s"", ""device_class"": ""data_rate"", ""friendly_name"": ""UPNP IGD Upload speed""}"
2025-08-08T18:47:25.164789,sensor.upnp_igd_packet_download_speed,33.2014520101679,33.6324970052411,"{""state_class"": ""measurement"", ""unit_of_measurement"": ""packets/s"", ""friendly_name"": ""UPNP IGD Packet download speed""}"
2025-08-08T18:47:25.166619,sensor.upnp_igd_packet_upload_speed,1.66673955874337,1.59996021432267,"{""state_class"": ""measurement"", ""unit_of_measurement"": ""packets/s"", ""friendly_name"": ""UPNP IGD Packet upload speed""}"
2025-08-08T18:47:50.720706,media_player.dlna_b13_box,unavailable,unknown,"{""friendly_name"": ""DLNA-B13 Box"", ""supported_features"": 512575}"
2025-08-08T18:47:53.788208,media_player.dlna_b13_box,unknown,unavailable,"{""friendly_name"": ""DLNA-B13 Box"", ""supported_features"": 512575}"
2025-08-08T18:47:55.150324,sensor.upnp_igd_data_received,1931427740,1931496589,"{""state_class"": ""total_increasing"", ""unit_of_measurement"": ""B"", ""device_class"": ""data_size"", ""friendly_name"": ""UPNP IGD Data received""}"
2025-08-08T18:47:55.151871,sensor.upnp_igd_data_sent,1239426519,1239433195,"{""state_class"": ""total_increasing"", ""unit_of_measurement"": ""B"", ""device_class"": ""data_size"", ""friendly_name"": ""UPNP IGD Data sent""}"
2025-08-08T18:47:55.153330,sensor.upnp_igd_packets_received,86687803,86688794,"{""state_class"": ""total_increasing"", ""unit_of_measurement"": ""packets"", ""friendly_name"": ""UPNP IGD Packets received""}"
2025-08-08T18:47:55.154781,sensor.upnp_igd_packets_sent,20772878,20772921,"{""state_class"": ""total_increasing"", ""unit_of_measurement"": ""packets"", ""friendly_name"": ""UPNP IGD Packets sent""}"
2025-08-08T18:47:55.156214,sensor.upnp_igd_uptime,1506203,1506233,"{""unit_of_measurement"": ""s"", ""device_class"": ""duration"", ""friendly_name"": ""UPNP IGD Uptime""}"
2025-08-08T18:47:55.158053,sensor.upnp_igd_download_speed,2.16426909850842,2.24117786247517,"{""state_class"": ""measurement"", ""unit_of_measurement"": ""KiB/s"", ""device_class"": ""data_rate"", ""friendly_name"": ""UPNP IGD Download speed""}"
2025-08-08T18:47:55.159744,sensor.upnp_igd_upload_speed,0.157613268183398,0.21731765762588,"{""state_class"": ""measurement"", ""unit_of_measurement"": ""KiB/s"", ""device_class"": ""data_rate"", ""friendly_name"": ""UPNP IGD Upload speed""}"
2025-08-08T18:47:55.161182,sensor.upnp_igd_packet_download_speed,33.6324970052411,33.0333256255574,"{""state_class"": ""measurement"", ""unit_of_measurement"": ""packets/s"", ""friendly_name"": ""UPNP IGD Packet download speed""}"
2025-08-08T18:47:55.162549,sensor.upnp_igd_packet_upload_speed,1.59996021432267,1.43333299888897,"{""state_class"": ""measurement"", ""unit_of_measurement"": ""packets/s"", ""friendly_name"": ""UPNP IGD Packet upload speed""}"
2025-08-08T18:47:56.314867,camera.192_168_0_33,idle,idle,"{""access_token"": ""bf2d92a2519e1fcae39e9b2f74022987ed146d299522d81f69d837a0ad09db0e"", ""entity_picture"": ""/api/camera_proxy/camera.192_168_0_33?token=bf2d92a2519e1fcae39e9b2f74022987ed146d299522d81f69d837a0ad09db0e"", ""friendly_name"": ""192_168_0_14"", ""supported_features"": 2}"
2025-08-08T18:47:56.316679,camera.admin_mainstream,idle,idle,"{""access_token"": ""fcbb121fe417527abd816c65e87c230562ff6e4f8a49ceba63f1396f4dac6db0"", ""entity_picture"": ""/api/camera_proxy/camera.admin_mainstream?token=fcbb121fe417527abd816c65e87c230562ff6e4f8a49ceba63f1396f4dac6db0"", ""friendly_name"": ""admin MainStream"", ""supported_features"": 2}"
2025-08-08T18:47:56.318371,camera.admin_substream,idle,idle,"{""access_token"": ""27617a5b6618c66cab3f79ef58f13c6627e31c866caae264d273ed13a6d6f45d"", ""entity_picture"": ""/api/camera_proxy/camera.admin_substream?token=27617a5b6618c66cab3f79ef58f13c6627e31c866caae264d273ed13a6d6f45d"", ""friendly_name"": ""admin SubStream"", ""supported_features"": 2}"
2025-08-08T18:48:10.259828,automation.aut_status_bruno,on,on,"{""id"": ""1751855857509"", ""last_triggered"": ""2025-08-08T21:48:10.252478+00:00"", ""mode"": ""single"", ""current"": 1, ""friendly_name"": ""aut-status-bruno""}"
2025-08-08T18:48:10.261905,automation.aut_status_bruno,on,on,"{""id"": ""1751855857509"", ""last_triggered"": ""2025-08-08T21:48:10.252478+00:00"", ""mode"": ""single"", ""current"": 0, ""friendly_name"": ""aut-status-bruno""}"
2025-08-08T18:48:25.151469,sensor.upnp_igd_data_received,1931496589,1931561784,"{""state_class"": ""total_increasing"", ""unit_of_measurement"": ""B"", ""device_class"": ""data_size"", ""friendly_name"": ""UPNP IGD Data received""}"
2025-08-08T18:48:25.153011,sensor.upnp_igd_data_sent,1239433195,1239437114,"{""state_class"": ""total_increasing"", ""unit_of_measurement"": ""B"", ""device_class"": ""data_size"", ""friendly_name"": ""UPNP IGD Data sent""}"
2025-08-08T18:48:25.155508,sensor.upnp_igd_packets_received,86688794,86689789,"{""state_class"": ""total_increasing"", ""unit_of_measurement"": ""packets"", ""friendly_name"": ""UPNP IGD Packets received""}"
2025-08-08T18:48:25.157113,sensor.upnp_igd_packets_sent,20772921,20772963,"{""state_class"": ""total_increasing"", ""unit_of_measurement"": ""packets"", ""friendly_name"": ""UPNP IGD Packets sent""}"
2025-08-08T18:48:25.158327,sensor.upnp_igd_uptime,1506233,1506263,"{""unit_of_measurement"": ""s"", ""device_class"": ""duration"", ""friendly_name"": ""UPNP IGD Uptime""}"
2025-08-08T18:48:25.159724,sensor.upnp_igd_download_speed,2.24117786247517,2.12227933860625,"{""state_class"": ""measurement"", ""unit_of_measurement"": ""KiB/s"", ""device_class"": ""data_rate"", ""friendly_name"": ""UPNP IGD Download speed""}"
2025-08-08T18:48:25.161473,sensor.upnp_igd_upload_speed,0.21731765762588,0.12757439570516,"{""state_class"": ""measurement"", ""unit_of_measurement"": ""KiB/s"", ""device_class"": ""data_rate"", ""friendly_name"": ""UPNP IGD Upload speed""}"
2025-08-08T18:48:25.163247,sensor.upnp_igd_packet_download_speed,33.0333256255574,33.1673897157625,"{""state_class"": ""measurement"", ""unit_of_measurement"": ""packets/s"", ""friendly_name"": ""UPNP IGD Packet download speed""}"
2025-08-08T18:48:25.165070,sensor.upnp_igd_packet_upload_speed,1.43333299888897,1.40003052066535,"{""state_class"": ""measurement"", ""unit_of_measurement"": ""packets/s"", ""friendly_name"": ""UPNP IGD Packet upload speed""}"
2025-08-08T18:48:55.181034,sensor.upnp_igd_data_received,1931561784,1931683120,"{""state_class"": ""total_increasing"", ""unit_of_measurement"": ""B"", ""device_class"": ""data_size"", ""friendly_name"": ""UPNP IGD Data received""}"
2025-08-08T18:48:55.185403,sensor.upnp_igd_data_sent,1239437114,1239445011,"{""state_class"": ""total_increasing"", ""unit_of_measurement"": ""B"", ""device_class"": ""data_size"", ""friendly_name"": ""UPNP IGD Data sent""}"
2025-08-08T18:48:55.188959,sensor.upnp_igd_packets_received,86689789,86690868,"{""state_class"": ""total_increasing"", ""unit_of_measurement"": ""packets"", ""friendly_name"": ""UPNP IGD Packets received""}"
2025-08-08T18:48:55.192231,sensor.upnp_igd_packets_sent,20772963,20773023,"{""state_class"": ""total_increasing"", ""unit_of_measurement"": ""packets"", ""friendly_name"": ""UPNP IGD Packets sent""}"
2025-08-08T18:48:55.195810,sensor.upnp_igd_uptime,1506263,1506293,"{""unit_of_measurement"": ""s"", ""device_class"": ""duration"", ""friendly_name"": ""UPNP IGD Uptime""}"
2025-08-08T18:48:55.199095,sensor.upnp_igd_download_speed,2.12227933860625,3.94954381761144,"{""state_class"": ""measurement"", ""unit_of_measurement"": ""KiB/s"", ""device_class"": ""data_rate"", ""friendly_name"": ""UPNP IGD Download speed""}"
2025-08-08T18:48:55.202114,sensor.upnp_igd_upload_speed,0.12757439570516,0.25705106091908,"{""state_class"": ""measurement"", ""unit_of_measurement"": ""KiB/s"", ""device_class"": ""data_rate"", ""friendly_name"": ""UPNP IGD Upload speed""}"
2025-08-08T18:48:55.204905,sensor.upnp_igd_packet_download_speed,33.1673897157625,35.9648840072494,"{""state_class"": ""measurement"", ""unit_of_measurement"": ""packets/s"", ""friendly_name"": ""UPNP IGD Packet download speed""}"
2025-08-08T18:48:55.207742,sensor.upnp_igd_packet_upload_speed,1.40003052066535,1.99990087158013,"{""state_class"": ""measurement"", ""unit_of_measurement"": ""packets/s"", ""friendly_name"": ""UPNP IGD Packet upload speed""}"
2025-08-08T18:49:10.259763,automation.aut_status_bruno,on,on,"{""id"": ""1751855857509"", ""last_triggered"": ""2025-08-08T21:49:10.253096+00:00"", ""mode"": ""single"", ""current"": 1, ""friendly_name"": ""aut-status-bruno""}"
2025-08-08T18:49:10.262094,automation.aut_status_bruno,on,on,"{""id"": ""1751855857509"", ""last_triggered"": ""2025-08-08T21:49:10.253096+00:00"", ""mode"": ""single"", ""current"": 0, ""friendly_name"": ""aut-status-bruno""}"
2025-08-08T18:49:25.149198,sensor.upnp_igd_data_received,1931683120,1931748066,"{""state_class"": ""total_increasing"", ""unit_of_measurement"": ""B"", ""device_class"": ""data_size"", ""friendly_name"": ""UPNP IGD Data received""}"
2025-08-08T18:49:25.151929,sensor.upnp_igd_data_sent,1239445011,1239448894,"{""state_class"": ""total_increasing"", ""unit_of_measurement"": ""B"", ""device_class"": ""data_size"", ""friendly_name"": ""UPNP IGD Data sent""}"
2025-08-08T18:49:25.153535,sensor.upnp_igd_packets_received,86690868,86691860,"{""state_class"": ""total_increasing"", ""unit_of_measurement"": ""packets"", ""friendly_name"": ""UPNP IGD Packets received""}"
2025-08-08T18:49:25.155112,sensor.upnp_igd_packets_sent,20773023,20773065,"{""state_class"": ""total_increasing"", ""unit_of_measurement"": ""packets"", ""friendly_name"": ""UPNP IGD Packets sent""}"
2025-08-08T18:49:25.156609,sensor.upnp_igd_uptime,1506293,1506323,"{""unit_of_measurement"": ""s"", ""device_class"": ""duration"", ""friendly_name"": ""UPNP IGD Uptime""}"
2025-08-08T18:49:25.158177,sensor.upnp_igd_download_speed,3.94954381761144,2.11420089646441,"{""state_class"": ""measurement"", ""unit_of_measurement"": ""KiB/s"", ""device_class"": ""data_rate"", ""friendly_name"": ""UPNP IGD Download speed""}"
2025-08-08T18:49:25.159704,sensor.upnp_igd_upload_speed,0.25705106091908,0.126404121592882,"{""state_class"": ""measurement"", ""unit_of_measurement"": ""KiB/s"", ""device_class"": ""data_rate"", ""friendly_name"": ""UPNP IGD Upload speed""}"
2025-08-08T18:49:25.161126,sensor.upnp_igd_packet_download_speed,35.9648840072494,33.0678130175179,"{""state_class"": ""measurement"", ""unit_of_measurement"": ""packets/s"", ""friendly_name"": ""UPNP IGD Packet download speed""}"
2025-08-08T18:49:25.162486,sensor.upnp_igd_packet_upload_speed,1.99990087158013,1.40004853501588,"{""state_class"": ""measurement"", ""unit_of_measurement"": ""packets/s"", ""friendly_name"": ""UPNP IGD Packet upload speed""}"
2025-08-08T18:49:55.147292,sensor.upnp_igd_data_received,1931748066,1931818578,"{""state_class"": ""total_increasing"", ""unit_of_measurement"": ""B"", ""device_class"": ""data_size"", ""friendly_name"": ""UPNP IGD Data received""}"
2025-08-08T18:49:55.150272,sensor.upnp_igd_data_sent,1239448894,1239455585,"{""state_class"": ""total_increasing"", ""unit_of_measurement"": ""B"", ""device_class"": ""data_size"", ""friendly_name"": ""UPNP IGD Data sent""}"
2025-08-08T18:49:55.151777,sensor.upnp_igd_packets_received,86691860,86692878,"{""state_class"": ""total_increasing"", ""unit_of_measurement"": ""packets"", ""friendly_name"": ""UPNP IGD Packets received""}"
2025-08-08T18:49:55.153199,sensor.upnp_igd_packets_sent,20773065,20773108,"{""state_class"": ""total_increasing"", ""unit_of_measurement"": ""packets"", ""friendly_name"": ""UPNP IGD Packets sent""}"
2025-08-08T18:49:55.154531,sensor.upnp_igd_uptime,1506323,1506353,"{""unit_of_measurement"": ""s"", ""device_class"": ""duration"", ""friendly_name"": ""UPNP IGD Uptime""}"
2025-08-08T18:49:55.155967,sensor.upnp_igd_download_speed,2.11420089646441,2.29535817762773,"{""state_class"": ""measurement"", ""unit_of_measurement"": ""KiB/s"", ""device_class"": ""data_rate"", ""friendly_name"": ""UPNP IGD Download speed""}"
2025-08-08T18:49:55.157410,sensor.upnp_igd_upload_speed,0.126404121592882,0.217810324008781,"{""state_class"": ""measurement"", ""unit_of_measurement"": ""KiB/s"", ""device_class"": ""data_rate"", ""friendly_name"": ""UPNP IGD Upload speed""}"
2025-08-08T18:49:55.158835,sensor.upnp_igd_packet_download_speed,33.0678130175179,33.9340086201049,"{""state_class"": ""measurement"", ""unit_of_measurement"": ""packets/s"", ""friendly_name"": ""UPNP IGD Packet download speed""}"
2025-08-08T18:49:55.160341,sensor.upnp_igd_packet_upload_speed,1.40004853501588,1.43336185723429,"{""state_class"": ""measurement"", ""unit_of_measurement"": ""packets/s"", ""friendly_name"": ""UPNP IGD Packet upload speed""}"
2025-08-08T18:50:10.259304,automation.aut_status_bruno,on,on,"{""id"": ""1751855857509"", ""last_triggered"": ""2025-08-08T21:50:10.252871+00:00"", ""mode"": ""single"", ""current"": 1, ""friendly_name"": ""aut-status-bruno""}"
2025-08-08T18:50:10.261503,automation.aut_status_bruno,on,on,"{""id"": ""1751855857509"", ""last_triggered"": ""2025-08-08T21:50:10.252871+00:00"", ""mode"": ""single"", ""current"": 0, ""friendly_name"": ""aut-status-bruno""}"
2025-08-08T18:50:25.148043,sensor.upnp_igd_data_received,1931818578,1931885856,"{""state_class"": ""total_increasing"", ""unit_of_measurement"": ""B"", ""device_class"": ""data_size"", ""friendly_name"": ""UPNP IGD Data received""}"
2025-08-08T18:50:25.149833,sensor.upnp_igd_data_sent,1239455585,1239460211,"{""state_class"": ""total_increasing"", ""unit_of_measurement"": ""B"", ""device_class"": ""data_size"", ""friendly_name"": ""UPNP IGD Data sent""}"
2025-08-08T18:50:25.151392,sensor.upnp_igd_packets_received,86692878,86693904,"{""state_class"": ""total_increasing"", ""unit_of_measurement"": ""packets"", ""friendly_name"": ""UPNP IGD Packets received""}"
2025-08-08T18:50:25.152810,sensor.upnp_igd_packets_sent,20773108,20773155,"{""state_class"": ""total_increasing"", ""unit_of_measurement"": ""packets"", ""friendly_name"": ""UPNP IGD Packets sent""}"
2025-08-08T18:50:25.154093,sensor.upnp_igd_uptime,1506353,1506383,"{""unit_of_measurement"": ""s"", ""device_class"": ""duration"", ""friendly_name"": ""UPNP IGD Uptime""}"
2025-08-08T18:50:25.155522,sensor.upnp_igd_download_speed,2.29535817762773,2.19003001037596,"{""state_class"": ""measurement"", ""unit_of_measurement"": ""KiB/s"", ""device_class"": ""data_rate"", ""friendly_name"": ""UPNP IGD Download speed""}"
2025-08-08T18:50:25.156976,sensor.upnp_igd_upload_speed,0.217810324008781,0.150585315080698,"{""state_class"": ""measurement"", ""unit_of_measurement"": ""KiB/s"", ""device_class"": ""data_rate"", ""friendly_name"": ""UPNP IGD Upload speed""}"
2025-08-08T18:50:25.158381,sensor.upnp_igd_packet_download_speed,33.9340086201049,34.1998586405843,"{""state_class"": ""measurement"", ""unit_of_measurement"": ""packets/s"", ""friendly_name"": ""UPNP IGD Packet download speed""}"
2025-08-08T18:50:25.159825,sensor.upnp_igd_packet_upload_speed,1.43336185723429,1.56666019113788,"{""state_class"": ""measurement"", ""unit_of_measurement"": ""packets/s"", ""friendly_name"": ""UPNP IGD Packet upload speed""}"
2025-08-08T18:50:55.160794,sensor.upnp_igd_data_received,1931885856,1931955037,"{""state_class"": ""total_increasing"", ""unit_of_measurement"": ""B"", ""device_class"": ""data_size"", ""friendly_name"": ""UPNP IGD Data received""}"
2025-08-08T18:50:55.162504,sensor.upnp_igd_data_sent,1239460211,1239465677,"{""state_class"": ""total_increasing"", ""unit_of_measurement"": ""B"", ""device_class"": ""data_size"", ""friendly_name"": ""UPNP IGD Data sent""}"
2025-08-08T18:50:55.164228,sensor.upnp_igd_packets_received,86693904,86694902,"{""state_class"": ""total_increasing"", ""unit_of_measurement"": ""packets"", ""friendly_name"": ""UPNP IGD Packets received""}"
2025-08-08T18:50:55.165657,sensor.upnp_igd_packets_sent,20773155,20773198,"{""state_class"": ""total_increasing"", ""unit_of_measurement"": ""packets"", ""friendly_name"": ""UPNP IGD Packets sent""}"
2025-08-08T18:50:55.166950,sensor.upnp_igd_uptime,1506383,1506413,"{""unit_of_measurement"": ""s"", ""device_class"": ""duration"", ""friendly_name"": ""UPNP IGD Uptime""}"
2025-08-08T18:50:55.168355,sensor.upnp_igd_download_speed,2.19003001037596,2.25198064765989,"{""state_class"": ""measurement"", ""unit_of_measurement"": ""KiB/s"", ""device_class"": ""data_rate"", ""friendly_name"": ""UPNP IGD Download speed""}"
2025-08-08T18:50:55.169780,sensor.upnp_igd_upload_speed,0.150585315080698,0.177929290124585,"{""state_class"": ""measurement"", ""unit_of_measurement"": ""KiB/s"", ""device_class"": ""data_rate"", ""friendly_name"": ""UPNP IGD Upload speed""}"
2025-08-08T18:50:55.172341,sensor.upnp_igd_packet_download_speed,34.1998586405843,33.266592371277,"{""state_class"": ""measurement"", ""unit_of_measurement"": ""packets/s"", ""friendly_name"": ""UPNP IGD Packet download speed""}"
2025-08-08T18:50:55.173858,sensor.upnp_igd_packet_upload_speed,1.56666019113788,1.43333013222937,"{""state_class"": ""measurement"", ""unit_of_measurement"": ""packets/s"", ""friendly_name"": ""UPNP IGD Packet upload speed""}"
2025-08-08T18:51:10.260877,automation.aut_status_bruno,on,on,"{""id"": ""1751855857509"", ""last_triggered"": ""2025-08-08T21:51:10.252659+00:00"", ""mode"": ""single"", ""current"": 1, ""friendly_name"": ""aut-status-bruno""}"
2025-08-08T18:51:10.263045,automation.aut_status_bruno,on,on,"{""id"": ""1751855857509"", ""last_triggered"": ""2025-08-08T21:51:10.252659+00:00"", ""mode"": ""single"", ""current"": 0, ""friendly_name"": ""aut-status-bruno""}"
2025-08-08T18:51:25.146406,sensor.upnp_igd_data_received,1931955037,1932021927,"{""state_class"": ""total_increasing"", ""unit_of_measurement"": ""B"", ""device_class"": ""data_size"", ""friendly_name"": ""UPNP IGD Data received""}"
2025-08-08T18:51:25.149497,sensor.upnp_igd_data_sent,1239465677,1239471053,"{""state_class"": ""total_increasing"", ""unit_of_measurement"": ""B"", ""device_class"": ""data_size"", ""friendly_name"": ""UPNP IGD Data sent""}"
2025-08-08T18:51:25.151283,sensor.upnp_igd_packets_received,86694902,86695914,"{""state_class"": ""total_increasing"", ""unit_of_measurement"": ""packets"", ""friendly_name"": ""UPNP IGD Packets received""}"
2025-08-08T18:51:25.153095,sensor.upnp_igd_packets_sent,20773198,20773248,"{""state_class"": ""total_increasing"", ""unit_of_measurement"": ""packets"", ""friendly_name"": ""UPNP IGD Packets sent""}"
2025-08-08T18:51:25.154700,sensor.upnp_igd_uptime,1506413,1506443,"{""unit_of_measurement"": ""s"", ""device_class"": ""duration"", ""friendly_name"": ""UPNP IGD Uptime""}"
2025-08-08T18:51:25.156481,sensor.upnp_igd_download_speed,2.25198064765989,2.17740870900609,"{""state_class"": ""measurement"", ""unit_of_measurement"": ""KiB/s"", ""device_class"": ""data_rate"", ""friendly_name"": ""UPNP IGD Download speed""}"
2025-08-08T18:51:25.158177,sensor.upnp_igd_upload_speed,0.177929290124585,0.174999988333334,"{""state_class"": ""measurement"", ""unit_of_measurement"": ""KiB/s"", ""device_class"": ""data_rate"", ""friendly_name"": ""UPNP IGD Upload speed""}"
2025-08-08T18:51:25.159940,sensor.upnp_igd_packet_download_speed,33.266592371277,33.7333310844446,"{""state_class"": ""measurement"", ""unit_of_measurement"": ""packets/s"", ""friendly_name"": ""UPNP IGD Packet download speed""}"
2025-08-08T18:51:25.161629,sensor.upnp_igd_packet_upload_speed,1.43333013222937,1.66666655555556,"{""state_class"": ""measurement"", ""unit_of_measurement"": ""packets/s"", ""friendly_name"": ""UPNP IGD Packet upload speed""}"
2025-08-08T18:51:55.164322,sensor.upnp_igd_data_received,1932021927,1932091032,"{""state_class"": ""total_increasing"", ""unit_of_measurement"": ""B"", ""device_class"": ""data_size"", ""friendly_name"": ""UPNP IGD Data received""}"
2025-08-08T18:51:55.167253,sensor.upnp_igd_data_sent,1239471053,1239478632,"{""state_class"": ""total_increasing"", ""unit_of_measurement"": ""B"", ""device_class"": ""data_size"", ""friendly_name"": ""UPNP IGD Data sent""}"
2025-08-08T18:51:55.169900,sensor.upnp_igd_packets_received,86695914,86696905,"{""state_class"": ""total_increasing"", ""unit_of_measurement"": ""packets"", ""friendly_name"": ""UPNP IGD Packets received""}"
2025-08-08T18:51:55.171421,sensor.upnp_igd_packets_sent,20773248,20773293,"{""state_class"": ""total_increasing"", ""unit_of_measurement"": ""packets"", ""friendly_name"": ""UPNP IGD Packets sent""}"
2025-08-08T18:51:55.172792,sensor.upnp_igd_uptime,1506443,1506473,"{""unit_of_measurement"": ""s"", ""device_class"": ""duration"", ""friendly_name"": ""UPNP IGD Uptime""}"
2025-08-08T18:51:55.174427,sensor.upnp_igd_download_speed,2.17740870900609,2.24951299347403,"{""state_class"": ""measurement"", ""unit_of_measurement"": ""KiB/s"", ""device_class"": ""data_rate"", ""friendly_name"": ""UPNP IGD Download speed""}"
2025-08-08T18:51:55.175933,sensor.upnp_igd_upload_speed,0.174999988333334,0.246712379387015,"{""state_class"": ""measurement"", ""unit_of_measurement"": ""KiB/s"", ""device_class"": ""data_rate"", ""friendly_name"": ""UPNP IGD Upload speed""}"
2025-08-08T18:51:55.177324,sensor.upnp_igd_packet_download_speed,33.7333310844446,33.0333520522328,"{""state_class"": ""measurement"", ""unit_of_measurement"": ""packets/s"", ""friendly_name"": ""UPNP IGD Packet download speed""}"
2025-08-08T18:51:55.178708,sensor.upnp_igd_packet_upload_speed,1.66666655555556,1.50000085000048,"{""state_class"": ""measurement"", ""unit_of_measurement"": ""packets/s"", ""friendly_name"": ""UPNP IGD Packet upload speed""}"
2025-08-08T18:52:10.261792,automation.aut_status_bruno,on,on,"{""id"": ""1751855857509"", ""last_triggered"": ""2025-08-08T21:52:10.253082+00:00"", ""mode"": ""single"", ""current"": 1, ""friendly_name"": ""aut-status-bruno""}"
2025-08-08T18:52:10.263959,automation.aut_status_bruno,on,on,"{""id"": ""1751855857509"", ""last_triggered"": ""2025-08-08T21:52:10.253082+00:00"", ""mode"": ""single"", ""current"": 0, ""friendly_name"": ""aut-status-bruno""}"
2025-08-08T18:52:25.150934,sensor.upnp_igd_data_received,1932091032,1932157419,"{""state_class"": ""total_increasing"", ""unit_of_measurement"": ""B"", ""device_class"": ""data_size"", ""friendly_name"": ""UPNP IGD Data received""}"
2025-08-08T18:52:25.153544,sensor.upnp_igd_data_sent,1239478632,1239482581,"{""state_class"": ""total_increasing"", ""unit_of_measurement"": ""B"", ""device_class"": ""data_size"", ""friendly_name"": ""UPNP IGD Data sent""}"
2025-08-08T18:52:25.155114,sensor.upnp_igd_packets_received,86696905,86697916,"{""state_class"": ""total_increasing"", ""unit_of_measurement"": ""packets"", ""friendly_name"": ""UPNP IGD Packets received""}"
2025-08-08T18:52:25.156617,sensor.upnp_igd_packets_sent,20773293,20773336,"{""state_class"": ""total_increasing"", ""unit_of_measurement"": ""packets"", ""friendly_name"": ""UPNP IGD Packets sent""}"
2025-08-08T18:52:25.157938,sensor.upnp_igd_uptime,1506473,1506503,"{""unit_of_measurement"": ""s"", ""device_class"": ""duration"", ""friendly_name"": ""UPNP IGD Uptime""}"
2025-08-08T18:52:25.159373,sensor.upnp_igd_download_speed,2.24951299347403,2.16092408475204,"{""state_class"": ""measurement"", ""unit_of_measurement"": ""KiB/s"", ""device_class"": ""data_rate"", ""friendly_name"": ""UPNP IGD Download speed""}"
2025-08-08T18:52:25.160831,sensor.upnp_igd_upload_speed,0.246712379387015,0.128541570046633,"{""state_class"": ""measurement"", ""unit_of_measurement"": ""KiB/s"", ""device_class"": ""data_rate"", ""friendly_name"": ""UPNP IGD Upload speed""}"
2025-08-08T18:52:25.162236,sensor.upnp_igd_packet_download_speed,33.0333520522328,33.6982679090295,"{""state_class"": ""measurement"", ""unit_of_measurement"": ""packets/s"", ""friendly_name"": ""UPNP IGD Packet download speed""}"
2025-08-08T18:52:25.163726,sensor.upnp_igd_packet_upload_speed,1.50000085000048,1.43325966378661,"{""state_class"": ""measurement"", ""unit_of_measurement"": ""packets/s"", ""friendly_name"": ""UPNP IGD Packet upload speed""}"
2025-08-08T18:52:55.148080,sensor.upnp_igd_data_received,1932157419,1932225854,"{""state_class"": ""total_increasing"", ""unit_of_measurement"": ""B"", ""device_class"": ""data_size"", ""friendly_name"": ""UPNP IGD Data received""}"
2025-08-08T18:52:55.150885,sensor.upnp_igd_data_sent,1239482581,1239487536,"{""state_class"": ""total_increasing"", ""unit_of_measurement"": ""B"", ""device_class"": ""data_size"", ""friendly_name"": ""UPNP IGD Data sent""}"
2025-08-08T18:52:55.152449,sensor.upnp_igd_packets_received,86697916,86698912,"{""state_class"": ""total_increasing"", ""unit_of_measurement"": ""packets"", ""friendly_name"": ""UPNP IGD Packets received""}"
2025-08-08T18:52:55.153852,sensor.upnp_igd_packets_sent,20773336,20773373,"{""state_class"": ""total_increasing"", ""unit_of_measurement"": ""packets"", ""friendly_name"": ""UPNP IGD Packets sent""}"
2025-08-08T18:52:55.155185,sensor.upnp_igd_uptime,1506503,1506533,"{""unit_of_measurement"": ""s"", ""device_class"": ""duration"", ""friendly_name"": ""UPNP IGD Uptime""}"
2025-08-08T18:52:55.156703,sensor.upnp_igd_download_speed,2.16092408475204,2.2278334878758,"{""state_class"": ""measurement"", ""unit_of_measurement"": ""KiB/s"", ""device_class"": ""data_rate"", ""friendly_name"": ""UPNP IGD Download speed""}"
2025-08-08T18:52:55.158107,sensor.upnp_igd_upload_speed,0.128541570046633,0.161305106048434,"{""state_class"": ""measurement"", ""unit_of_measurement"": ""KiB/s"", ""device_class"": ""data_rate"", ""friendly_name"": ""UPNP IGD Upload speed""}"
2025-08-08T18:52:55.159519,sensor.upnp_igd_packet_download_speed,33.6982679090295,33.2019622359681,"{""state_class"": ""measurement"", ""unit_of_measurement"": ""packets/s"", ""friendly_name"": ""UPNP IGD Packet download speed""}"
2025-08-08T18:52:55.160874,sensor.upnp_igd_packet_upload_speed,1.43325966378661,1.23340622764139,"{""state_class"": ""measurement"", ""unit_of_measurement"": ""packets/s"", ""friendly_name"": ""UPNP IGD Packet upload speed""}"
2025-08-08T18:52:56.315413,camera.192_168_0_33,idle,idle,"{""access_token"": ""208911419e0b895db7550bf5f14505a48732ef11bf08f7c30528963794331226"", ""entity_picture"": ""/api/camera_proxy/camera.192_168_0_33?token=208911419e0b895db7550bf5f14505a48732ef11bf08f7c30528963794331226"", ""friendly_name"": ""192_168_0_14"", ""supported_features"": 2}"
2025-08-08T18:52:56.317257,camera.admin_mainstream,idle,idle,"{""access_token"": ""e037dce19658599d3f5b034d2c7378c36a0741269d18143eac9d2066e82f483f"", ""entity_picture"": ""/api/camera_proxy/camera.admin_mainstream?token=e037dce19658599d3f5b034d2c7378c36a0741269d18143eac9d2066e82f483f"", ""friendly_name"": ""admin MainStream"", ""supported_features"": 2}"
2025-08-08T18:52:56.318844,camera.admin_substream,idle,idle,"{""access_token"": ""dbf1043ee697676ead555537c10ba8614cee9d031d70643126c5b04ab9d3ca92"", ""entity_picture"": ""/api/camera_proxy/camera.admin_substream?token=dbf1043ee697676ead555537c10ba8614cee9d031d70643126c5b04ab9d3ca92"", ""friendly_name"": ""admin SubStream"", ""supported_features"": 2}"
2025-08-08T18:53:10.262272,automation.aut_status_bruno,on,on,"{""id"": ""1751855857509"", ""last_triggered"": ""2025-08-08T21:53:10.253952+00:00"", ""mode"": ""single"", ""current"": 1, ""friendly_name"": ""aut-status-bruno""}"
2025-08-08T18:53:10.264515,automation.aut_status_bruno,on,on,"{""id"": ""1751855857509"", ""last_triggered"": ""2025-08-08T21:53:10.253952+00:00"", ""mode"": ""single"", ""current"": 0, ""friendly_name"": ""aut-status-bruno""}"
2025-08-08T18:53:25.148754,sensor.upnp_igd_data_received,1932225854,1932291332,"{""state_class"": ""total_increasing"", ""unit_of_measurement"": ""B"", ""device_class"": ""data_size"", ""friendly_name"": ""UPNP IGD Data received""}"
2025-08-08T18:53:25.151513,sensor.upnp_igd_data_sent,1239487536,1239491267,"{""state_class"": ""total_increasing"", ""unit_of_measurement"": ""B"", ""device_class"": ""data_size"", ""friendly_name"": ""UPNP IGD Data sent""}"
2025-08-08T18:53:25.153127,sensor.upnp_igd_packets_received,86698912,86699910,"{""state_class"": ""total_increasing"", ""unit_of_measurement"": ""packets"", ""friendly_name"": ""UPNP IGD Packets received""}"
2025-08-08T18:53:25.154534,sensor.upnp_igd_packets_sent,20773373,20773413,"{""state_class"": ""total_increasing"", ""unit_of_measurement"": ""packets"", ""friendly_name"": ""UPNP IGD Packets sent""}"
2025-08-08T18:53:25.156029,sensor.upnp_igd_uptime,1506533,1506563,"{""unit_of_measurement"": ""s"", ""device_class"": ""duration"", ""friendly_name"": ""UPNP IGD Uptime""}"
2025-08-08T18:53:25.158620,sensor.upnp_igd_download_speed,2.2278334878758,2.13143955761319,"{""state_class"": ""measurement"", ""unit_of_measurement"": ""KiB/s"", ""device_class"": ""data_rate"", ""friendly_name"": ""UPNP IGD Download speed""}"
2025-08-08T18:53:25.160228,sensor.upnp_igd_upload_speed,0.161305106048434,0.12145149499763,"{""state_class"": ""measurement"", ""unit_of_measurement"": ""KiB/s"", ""device_class"": ""data_rate"", ""friendly_name"": ""UPNP IGD Upload speed""}"
2025-08-08T18:53:25.161702,sensor.upnp_igd_packet_download_speed,33.2019622359681,33.2665768469092,"{""state_class"": ""measurement"", ""unit_of_measurement"": ""packets/s"", ""friendly_name"": ""UPNP IGD Packet download speed""}"
2025-08-08T18:53:25.163045,sensor.upnp_igd_packet_upload_speed,1.23340622764139,1.33332973334305,"{""state_class"": ""measurement"", ""unit_of_measurement"": ""packets/s"", ""friendly_name"": ""UPNP IGD Packet upload speed""}"
2025-08-08T18:53:55.196361,sensor.upnp_igd_data_received,1932291332,1932412696,"{""state_class"": ""total_increasing"", ""unit_of_measurement"": ""B"", ""device_class"": ""data_size"", ""friendly_name"": ""UPNP IGD Data received""}"
2025-08-08T18:53:55.198318,sensor.upnp_igd_data_sent,1239491267,1239500153,"{""state_class"": ""total_increasing"", ""unit_of_measurement"": ""B"", ""device_class"": ""data_size"", ""friendly_name"": ""UPNP IGD Data sent""}"
2025-08-08T18:53:55.200258,sensor.upnp_igd_packets_received,86699910,86700994,"{""state_class"": ""total_increasing"", ""unit_of_measurement"": ""packets"", ""friendly_name"": ""UPNP IGD Packets received""}"
2025-08-08T18:53:55.201951,sensor.upnp_igd_packets_sent,20773413,20773472,"{""state_class"": ""total_increasing"", ""unit_of_measurement"": ""packets"", ""friendly_name"": ""UPNP IGD Packets sent""}"
2025-08-08T18:53:55.203612,sensor.upnp_igd_uptime,1506563,1506593,"{""unit_of_measurement"": ""s"", ""device_class"": ""duration"", ""friendly_name"": ""UPNP IGD Uptime""}"
2025-08-08T18:53:55.205487,sensor.upnp_igd_download_speed,2.13143955761319,3.95053673947034,"{""state_class"": ""measurement"", ""unit_of_measurement"": ""KiB/s"", ""device_class"": ""data_rate"", ""friendly_name"": ""UPNP IGD Download speed""}"
2025-08-08T18:53:55.207358,sensor.upnp_igd_upload_speed,0.12145149499763,0.289249443549433,"{""state_class"": ""measurement"", ""unit_of_measurement"": ""KiB/s"", ""device_class"": ""data_rate"", ""friendly_name"": ""UPNP IGD Upload speed""}"
2025-08-08T18:53:55.209440,sensor.upnp_igd_packet_download_speed,33.2665768469092,36.1322879058033,"{""state_class"": ""measurement"", ""unit_of_measurement"": ""packets/s"", ""friendly_name"": ""UPNP IGD Packet download speed""}"
2025-08-08T18:53:55.211675,sensor.upnp_igd_packet_upload_speed,1.33332973334305,1.96660976609077,"{""state_class"": ""measurement"", ""unit_of_measurement"": ""packets/s"", ""friendly_name"": ""UPNP IGD Packet upload speed""}"
2025-08-08T18:54:10.259763,automation.aut_status_bruno,on,on,"{""id"": ""1751855857509"", ""last_triggered"": ""2025-08-08T21:54:10.252330+00:00"", ""mode"": ""single"", ""current"": 1, ""friendly_name"": ""aut-status-bruno""}"
2025-08-08T18:54:10.261638,automation.aut_status_bruno,on,on,"{""id"": ""1751855857509"", ""last_triggered"": ""2025-08-08T21:54:10.252330+00:00"", ""mode"": ""single"", ""current"": 0, ""friendly_name"": ""aut-status-bruno""}"
2025-08-08T18:54:17.255111,sensor.tomada_mesa_de_trabalho_current,0.111,0.109,"{""state_class"": ""measurement"", ""unit_of_measurement"": ""A"", ""device_class"": ""current"", ""friendly_name"": ""Tomada mesa de trabalho Current""}"
2025-08-08T18:54:17.256927,sensor.tomada_mesa_de_trabalho_power,6.1,6.2,"{""state_class"": ""measurement"", ""unit_of_measurement"": ""W"", ""device_class"": ""power"", ""friendly_name"": ""Tomada mesa de trabalho Power""}"
2025-08-08T18:54:17.258527,sensor.tomada_mesa_de_trabalho_voltage,130.8,132.5,"{""state_class"": ""measurement"", ""unit_of_measurement"": ""V"", ""device_class"": ""voltage"", ""friendly_name"": ""Tomada mesa de trabalho Voltage""}"
2025-08-08T18:54:25.147558,sensor.upnp_igd_data_received,1932412696,1932480039,"{""state_class"": ""total_increasing"", ""unit_of_measurement"": ""B"", ""device_class"": ""data_size"", ""friendly_name"": ""UPNP IGD Data received""}"
2025-08-08T18:54:25.150821,sensor.upnp_igd_data_sent,1239500153,1239504619,"{""state_class"": ""total_increasing"", ""unit_of_measurement"": ""B"", ""device_class"": ""data_size"", ""friendly_name"": ""UPNP IGD Data sent""}"
2025-08-08T18:54:25.152475,sensor.upnp_igd_packets_received,86700994,86702017,"{""state_class"": ""total_increasing"", ""unit_of_measurement"": ""packets"", ""friendly_name"": ""UPNP IGD Packets received""}"
2025-08-08T18:54:25.153828,sensor.upnp_igd_packets_sent,20773472,20773519,"{""state_class"": ""total_increasing"", ""unit_of_measurement"": ""packets"", ""friendly_name"": ""UPNP IGD Packets sent""}"
2025-08-08T18:54:25.155026,sensor.upnp_igd_uptime,1506593,1506623,"{""unit_of_measurement"": ""s"", ""device_class"": ""duration"", ""friendly_name"": ""UPNP IGD Uptime""}"
2025-08-08T18:54:25.156317,sensor.upnp_igd_download_speed,3.95053673947034,2.19221917993864,"{""state_class"": ""measurement"", ""unit_of_measurement"": ""KiB/s"", ""device_class"": ""data_rate"", ""friendly_name"": ""UPNP IGD Download speed""}"
2025-08-08T18:54:25.157616,sensor.upnp_igd_upload_speed,0.289249443549433,0.145381863855278,"{""state_class"": ""measurement"", ""unit_of_measurement"": ""KiB/s"", ""device_class"": ""data_rate"", ""friendly_name"": ""UPNP IGD Upload speed""}"
2025-08-08T18:54:25.158911,sensor.upnp_igd_packet_download_speed,36.1322879058033,34.1009991592754,"{""state_class"": ""measurement"", ""unit_of_measurement"": ""packets/s"", ""friendly_name"": ""UPNP IGD Packet download speed""}"
2025-08-08T18:54:25.160225,sensor.upnp_igd_packet_upload_speed,1.96660976609077,1.56671257134501,"{""state_class"": ""measurement"", ""unit_of_measurement"": ""packets/s"", ""friendly_name"": ""UPNP IGD Packet upload speed""}"
2025-08-08T18:54:55.149650,sensor.upnp_igd_data_received,1932480039,1932558469,"{""state_class"": ""total_increasing"", ""unit_of_measurement"": ""B"", ""device_class"": ""data_size"", ""friendly_name"": ""UPNP IGD Data received""}"
2025-08-08T18:54:55.152403,sensor.upnp_igd_data_sent,1239504619,1239514875,"{""state_class"": ""total_increasing"", ""unit_of_measurement"": ""B"", ""device_class"": ""data_size"", ""friendly_name"": ""UPNP IGD Data sent""}"
2025-08-08T18:54:55.153893,sensor.upnp_igd_packets_received,86702017,86703038,"{""state_class"": ""total_increasing"", ""unit_of_measurement"": ""packets"", ""friendly_name"": ""UPNP IGD Packets received""}"
2025-08-08T18:54:55.155300,sensor.upnp_igd_packets_sent,20773519,20773578,"{""state_class"": ""total_increasing"", ""unit_of_measurement"": ""packets"", ""friendly_name"": ""UPNP IGD Packets sent""}"
2025-08-08T18:54:55.156734,sensor.upnp_igd_uptime,1506623,1506653,"{""unit_of_measurement"": ""s"", ""device_class"": ""duration"", ""friendly_name"": ""UPNP IGD Uptime""}"
2025-08-08T18:54:55.158141,sensor.upnp_igd_download_speed,2.19221917993864,2.55290544505391,"{""state_class"": ""measurement"", ""unit_of_measurement"": ""KiB/s"", ""device_class"": ""data_rate"", ""friendly_name"": ""UPNP IGD Download speed""}"
2025-08-08T18:54:55.159591,sensor.upnp_igd_upload_speed,0.145381863855278,0.333833969711499,"{""state_class"": ""measurement"", ""unit_of_measurement"": ""KiB/s"", ""device_class"": ""data_rate"", ""friendly_name"": ""UPNP IGD Upload speed""}"
2025-08-08T18:54:55.160995,sensor.upnp_igd_packet_download_speed,34.1009991592754,34.0312744412296,"{""state_class"": ""measurement"", ""unit_of_measurement"": ""packets/s"", ""friendly_name"": ""UPNP IGD Packet download speed""}"
2025-08-08T18:54:55.162373,sensor.upnp_igd_packet_upload_speed,1.56671257134501,1.96654769053139,"{""state_class"": ""measurement"", ""unit_of_measurement"": ""packets/s"", ""friendly_name"": ""UPNP IGD Packet upload speed""}"
2025-08-08T18:55:10.259946,automation.aut_status_bruno,on,on,"{""id"": ""1751855857509"", ""last_triggered"": ""2025-08-08T21:55:10.252700+00:00"", ""mode"": ""single"", ""current"": 1, ""friendly_name"": ""aut-status-bruno""}"
2025-08-08T18:55:10.262003,automation.aut_status_bruno,on,on,"{""id"": ""1751855857509"", ""last_triggered"": ""2025-08-08T21:55:10.252700+00:00"", ""mode"": ""single"", ""current"": 0, ""friendly_name"": ""aut-status-bruno""}"
2025-08-08T18:55:25.149567,sensor.upnp_igd_data_received,1932558469,1932623849,"{""state_class"": ""total_increasing"", ""unit_of_measurement"": ""B"", ""device_class"": ""data_size"", ""friendly_name"": ""UPNP IGD Data received""}"
2025-08-08T18:55:25.152154,sensor.upnp_igd_data_sent,1239514875,1239518977,"{""state_class"": ""total_increasing"", ""unit_of_measurement"": ""B"", ""device_class"": ""data_size"", ""friendly_name"": ""UPNP IGD Data sent""}"
2025-08-08T18:55:25.153906,sensor.upnp_igd_packets_received,86703038,86704037,"{""state_class"": ""total_increasing"", ""unit_of_measurement"": ""packets"", ""friendly_name"": ""UPNP IGD Packets received""}"
2025-08-08T18:55:25.155302,sensor.upnp_igd_packets_sent,20773578,20773621,"{""state_class"": ""total_increasing"", ""unit_of_measurement"": ""packets"", ""friendly_name"": ""UPNP IGD Packets sent""}"
2025-08-08T18:55:25.156709,sensor.upnp_igd_uptime,1506653,1506683,"{""unit_of_measurement"": ""s"", ""device_class"": ""duration"", ""friendly_name"": ""UPNP IGD Uptime""}"
2025-08-08T18:55:25.158072,sensor.upnp_igd_download_speed,2.55290544505391,2.12833594321011,"{""state_class"": ""measurement"", ""unit_of_measurement"": ""KiB/s"", ""device_class"": ""data_rate"", ""friendly_name"": ""UPNP IGD Download speed""}"
2025-08-08T18:55:25.159520,sensor.upnp_igd_upload_speed,0.333833969711499,0.133533711212112,"{""state_class"": ""measurement"", ""unit_of_measurement"": ""KiB/s"", ""device_class"": ""data_rate"", ""friendly_name"": ""UPNP IGD Upload speed""}"
2025-08-08T18:55:25.160919,sensor.upnp_igd_packet_download_speed,34.0312744412296,33.3012632279184,"{""state_class"": ""measurement"", ""unit_of_measurement"": ""packets/s"", ""friendly_name"": ""UPNP IGD Packet download speed""}"
2025-08-08T18:55:25.162329,sensor.upnp_igd_packet_upload_speed,1.96654769053139,1.433387706507,"{""state_class"": ""measurement"", ""unit_of_measurement"": ""packets/s"", ""friendly_name"": ""UPNP IGD Packet upload speed""}"
2025-08-08T18:55:55.149627,sensor.upnp_igd_data_received,1932623849,1932698866,"{""state_class"": ""total_increasing"", ""unit_of_measurement"": ""B"", ""device_class"": ""data_size"", ""friendly_name"": ""UPNP IGD Data received""}"
2025-08-08T18:55:55.152195,sensor.upnp_igd_data_sent,1239518977,1239528069,"{""state_class"": ""total_increasing"", ""unit_of_measurement"": ""B"", ""device_class"": ""data_size"", ""friendly_name"": ""UPNP IGD Data sent""}"
2025-08-08T18:55:55.153820,sensor.upnp_igd_packets_received,86704037,86705037,"{""state_class"": ""total_increasing"", ""unit_of_measurement"": ""packets"", ""friendly_name"": ""UPNP IGD Packets received""}"
2025-08-08T18:55:55.155357,sensor.upnp_igd_packets_sent,20773621,20773686,"{""state_class"": ""total_increasing"", ""unit_of_measurement"": ""packets"", ""friendly_name"": ""UPNP IGD Packets sent""}"
2025-08-08T18:55:55.156778,sensor.upnp_igd_uptime,1506683,1506713,"{""unit_of_measurement"": ""s"", ""device_class"": ""duration"", ""friendly_name"": ""UPNP IGD Uptime""}"
2025-08-08T18:55:55.158312,sensor.upnp_igd_download_speed,2.12833594321011,2.44191437860352,"{""state_class"": ""measurement"", ""unit_of_measurement"": ""KiB/s"", ""device_class"": ""data_rate"", ""friendly_name"": ""UPNP IGD Download speed""}"
2025-08-08T18:55:55.160031,sensor.upnp_igd_upload_speed,0.133533711212112,0.295958056577351,"{""state_class"": ""measurement"", ""unit_of_measurement"": ""KiB/s"", ""device_class"": ""data_rate"", ""friendly_name"": ""UPNP IGD Upload speed""}"
2025-08-08T18:55:55.161484,sensor.upnp_igd_packet_download_speed,33.3012632279184,33.3327155670048,"{""state_class"": ""measurement"", ""unit_of_measurement"": ""packets/s"", ""friendly_name"": ""UPNP IGD Packet download speed""}"
2025-08-08T18:55:55.162860,sensor.upnp_igd_packet_upload_speed,1.433387706507,2.16662651185531,"{""state_class"": ""measurement"", ""unit_of_measurement"": ""packets/s"", ""friendly_name"": ""UPNP IGD Packet upload speed""}"
2025-08-08T18:56:10.261365,automation.aut_status_bruno,on,on,"{""id"": ""1751855857509"", ""last_triggered"": ""2025-08-08T21:56:10.252789+00:00"", ""mode"": ""single"", ""current"": 1, ""friendly_name"": ""aut-status-bruno""}"
2025-08-08T18:56:10.263417,automation.aut_status_bruno,on,on,"{""id"": ""1751855857509"", ""last_triggered"": ""2025-08-08T21:56:10.252789+00:00"", ""mode"": ""single"", ""current"": 0, ""friendly_name"": ""aut-status-bruno""}"
2025-08-08T18:56:25.146579,sensor.upnp_igd_data_received,1932698866,1932763385,"{""state_class"": ""total_increasing"", ""unit_of_measurement"": ""B"", ""device_class"": ""data_size"", ""friendly_name"": ""UPNP IGD Data received""}"
2025-08-08T18:56:25.148454,sensor.upnp_igd_data_sent,1239528069,1239531655,"{""state_class"": ""total_increasing"", ""unit_of_measurement"": ""B"", ""device_class"": ""data_size"", ""friendly_name"": ""UPNP IGD Data sent""}"
2025-08-08T18:56:25.149995,sensor.upnp_igd_packets_received,86705037,86706024,"{""state_class"": ""total_increasing"", ""unit_of_measurement"": ""packets"", ""friendly_name"": ""UPNP IGD Packets received""}"
2025-08-08T18:56:25.151394,sensor.upnp_igd_packets_sent,20773686,20773726,"{""state_class"": ""total_increasing"", ""unit_of_measurement"": ""packets"", ""friendly_name"": ""UPNP IGD Packets sent""}"
2025-08-08T18:56:25.152815,sensor.upnp_igd_uptime,1506713,1506743,"{""unit_of_measurement"": ""s"", ""device_class"": ""duration"", ""friendly_name"": ""UPNP IGD Uptime""}"
2025-08-08T18:56:25.154322,sensor.upnp_igd_download_speed,2.44191437860352,2.10027127018958,"{""state_class"": ""measurement"", ""unit_of_measurement"": ""KiB/s"", ""device_class"": ""data_rate"", ""friendly_name"": ""UPNP IGD Download speed""}"
2025-08-08T18:56:25.155874,sensor.upnp_igd_upload_speed,0.295958056577351,0.116734183339789,"{""state_class"": ""measurement"", ""unit_of_measurement"": ""KiB/s"", ""device_class"": ""data_rate"", ""friendly_name"": ""UPNP IGD Upload speed""}"
2025-08-08T18:56:25.157309,sensor.upnp_igd_packet_download_speed,33.3327155670048,32.9006799473856,"{""state_class"": ""measurement"", ""unit_of_measurement"": ""packets/s"", ""friendly_name"": ""UPNP IGD Packet download speed""}"
2025-08-08T18:56:25.158694,sensor.upnp_igd_packet_upload_speed,2.16662651185531,1.33336088945838,"{""state_class"": ""measurement"", ""unit_of_measurement"": ""packets/s"", ""friendly_name"": ""UPNP IGD Packet upload speed""}"
2025-08-08T18:56:37.401446,sensor.tauntaum_energy,234.589,234.598,"{""state_class"": ""total_increasing"", ""unit_of_measurement"": ""kWh"", ""device_class"": ""energy"", ""friendly_name"": ""Tauntaum Energy""}"
2025-08-08T18:56:37.404780,sensor.tauntaum_power,34,34,"{""state_class"": ""measurement"", ""power_consumption_start"": ""2025-08-08T21:42:06Z"", ""power_consumption_end"": ""2025-08-08T21:56:37Z"", ""unit_of_measurement"": ""W"", ""device_class"": ""power"", ""friendly_name"": ""Tauntaum Power""}"
2025-08-08T18:56:37.406308,sensor.tauntaum_energy_difference,0.007,0.009,"{""state_class"": ""total"", ""unit_of_measurement"": ""kWh"", ""device_class"": ""energy"", ""friendly_name"": ""Tauntaum Energy difference""}"
2025-08-08T18:56:37.407797,sensor.tauntaum_power_energy,0.00737301000118256,0.00823001166767544,"{""state_class"": ""total"", ""unit_of_measurement"": ""kWh"", ""device_class"": ""energy"", ""friendly_name"": ""Tauntaum Power energy""}"
2025-08-08T18:56:37.409245,sensor.tauntaum_energy_saved,0.0,0.001,"{""state_class"": ""total_increasing"", ""unit_of_measurement"": ""kWh"", ""device_class"": ""energy"", ""friendly_name"": ""Tauntaum Energy saved""}"
2025-08-08T18:56:55.151441,sensor.upnp_igd_data_received,1932763385,1932831258,"{""state_class"": ""total_increasing"", ""unit_of_measurement"": ""B"", ""device_class"": ""data_size"", ""friendly_name"": ""UPNP IGD Data received""}"
2025-08-08T18:56:55.153044,sensor.upnp_igd_data_sent,1239531655,1239538541,"{""state_class"": ""total_increasing"", ""unit_of_measurement"": ""B"", ""device_class"": ""data_size"", ""friendly_name"": ""UPNP IGD Data sent""}"
2025-08-08T18:56:55.154312,sensor.upnp_igd_packets_received,86706024,86707005,"{""state_class"": ""total_increasing"", ""unit_of_measurement"": ""packets"", ""friendly_name"": ""UPNP IGD Packets received""}"
2025-08-08T18:56:55.155598,sensor.upnp_igd_packets_sent,20773726,20773767,"{""state_class"": ""total_increasing"", ""unit_of_measurement"": ""packets"", ""friendly_name"": ""UPNP IGD Packets sent""}"
2025-08-08T18:56:55.157345,sensor.upnp_igd_uptime,1506743,1506773,"{""unit_of_measurement"": ""s"", ""device_class"": ""duration"", ""friendly_name"": ""UPNP IGD Uptime""}"
2025-08-08T18:56:55.159029,sensor.upnp_igd_download_speed,2.10027127018958,2.20946256770127,"{""state_class"": ""measurement"", ""unit_of_measurement"": ""KiB/s"", ""device_class"": ""data_rate"", ""friendly_name"": ""UPNP IGD Download speed""}"
2025-08-08T18:56:55.160770,sensor.upnp_igd_upload_speed,0.116734183339789,0.224159227398096,"{""state_class"": ""measurement"", ""unit_of_measurement"": ""KiB/s"", ""device_class"": ""data_rate"", ""friendly_name"": ""UPNP IGD Upload speed""}"
2025-08-08T18:56:55.162422,sensor.upnp_igd_packet_download_speed,32.9006799473856,32.7008142502748,"{""state_class"": ""measurement"", ""unit_of_measurement"": ""packets/s"", ""friendly_name"": ""UPNP IGD Packet download speed""}"
2025-08-08T18:56:55.164208,sensor.upnp_igd_packet_upload_speed,1.33336088945838,1.36670069751403,"{""state_class"": ""measurement"", ""unit_of_measurement"": ""packets/s"", ""friendly_name"": ""UPNP IGD Packet upload speed""}"
2025-08-08T18:57:10.260288,automation.aut_status_bruno,on,on,"{""id"": ""1751855857509"", ""last_triggered"": ""2025-08-08T21:57:10.253101+00:00"", ""mode"": ""single"", ""current"": 1, ""friendly_name"": ""aut-status-bruno""}"
2025-08-08T18:57:10.262175,automation.aut_status_bruno,on,on,"{""id"": ""1751855857509"", ""last_triggered"": ""2025-08-08T21:57:10.253101+00:00"", ""mode"": ""single"", ""current"": 0, ""friendly_name"": ""aut-status-bruno""}"
2025-08-08T18:57:25.161619,sensor.upnp_igd_data_received,1932831258,1932898147,"{""state_class"": ""total_increasing"", ""unit_of_measurement"": ""B"", ""device_class"": ""data_size"", ""friendly_name"": ""UPNP IGD Data received""}"
2025-08-08T18:57:25.164009,sensor.upnp_igd_data_sent,1239538541,1239542533,"{""state_class"": ""total_increasing"", ""unit_of_measurement"": ""B"", ""device_class"": ""data_size"", ""friendly_name"": ""UPNP IGD Data sent""}"
2025-08-08T18:57:25.165889,sensor.upnp_igd_packets_received,86707005,86708024,"{""state_class"": ""total_increasing"", ""unit_of_measurement"": ""packets"", ""friendly_name"": ""UPNP IGD Packets received""}"
2025-08-08T18:57:25.167660,sensor.upnp_igd_packets_sent,20773767,20773811,"{""state_class"": ""total_increasing"", ""unit_of_measurement"": ""packets"", ""friendly_name"": ""UPNP IGD Packets sent""}"
2025-08-08T18:57:25.169321,sensor.upnp_igd_uptime,1506773,1506803,"{""unit_of_measurement"": ""s"", ""device_class"": ""duration"", ""friendly_name"": ""UPNP IGD Uptime""}"
2025-08-08T18:57:25.171047,sensor.upnp_igd_download_speed,2.20946256770127,2.17731279712675,"{""state_class"": ""measurement"", ""unit_of_measurement"": ""KiB/s"", ""device_class"": ""data_rate"", ""friendly_name"": ""UPNP IGD Download speed""}"
2025-08-08T18:57:25.172807,sensor.upnp_igd_upload_speed,0.224159227398096,0.12994412662964,"{""state_class"": ""measurement"", ""unit_of_measurement"": ""KiB/s"", ""device_class"": ""data_rate"", ""friendly_name"": ""UPNP IGD Upload speed""}"
2025-08-08T18:57:25.174184,sensor.upnp_igd_packet_download_speed,32.7008142502748,33.9656760011166,"{""state_class"": ""measurement"", ""unit_of_measurement"": ""packets/s"", ""friendly_name"": ""UPNP IGD Packet download speed""}"
2025-08-08T18:57:25.175644,sensor.upnp_igd_packet_upload_speed,1.36670069751403,1.46662389013654,"{""state_class"": ""measurement"", ""unit_of_measurement"": ""packets/s"", ""friendly_name"": ""UPNP IGD Packet upload speed""}"
2025-08-08T18:57:50.790231,media_player.dlna_b13_box,unavailable,unknown,"{""friendly_name"": ""DLNA-B13 Box"", ""supported_features"": 512575}"
2025-08-08T18:57:53.787984,media_player.dlna_b13_box,unknown,unavailable,"{""friendly_name"": ""DLNA-B13 Box"", ""supported_features"": 512575}"
2025-08-08T18:57:55.149106,sensor.upnp_igd_data_received,1932898147,1932974297,"{""state_class"": ""total_increasing"", ""unit_of_measurement"": ""B"", ""device_class"": ""data_size"", ""friendly_name"": ""UPNP IGD Data received""}"
2025-08-08T18:57:55.151697,sensor.upnp_igd_data_sent,1239542533,1239552898,"{""state_class"": ""total_increasing"", ""unit_of_measurement"": ""B"", ""device_class"": ""data_size"", ""friendly_name"": ""UPNP IGD Data sent""}"
2025-08-08T18:57:55.153567,sensor.upnp_igd_packets_received,86708024,86709048,"{""state_class"": ""total_increasing"", ""unit_of_measurement"": ""packets"", ""friendly_name"": ""UPNP IGD Packets received""}"
2025-08-08T18:57:55.155234,sensor.upnp_igd_packets_sent,20773811,20773874,"{""state_class"": ""total_increasing"", ""unit_of_measurement"": ""packets"", ""friendly_name"": ""UPNP IGD Packets sent""}"
2025-08-08T18:57:55.156904,sensor.upnp_igd_uptime,1506803,1506833,"{""unit_of_measurement"": ""s"", ""device_class"": ""duration"", ""friendly_name"": ""UPNP IGD Uptime""}"
2025-08-08T18:57:55.158613,sensor.upnp_igd_download_speed,2.17731279712675,2.47886015042782,"{""state_class"": ""measurement"", ""unit_of_measurement"": ""KiB/s"", ""device_class"": ""data_rate"", ""friendly_name"": ""UPNP IGD Download speed""}"
2025-08-08T18:57:55.160060,sensor.upnp_igd_upload_speed,0.12994412662964,0.337404930521134,"{""state_class"": ""measurement"", ""unit_of_measurement"": ""KiB/s"", ""device_class"": ""data_rate"", ""friendly_name"": ""UPNP IGD Upload speed""}"
2025-08-08T18:57:55.162074,sensor.upnp_igd_packet_download_speed,33.9656760011166,34.1335950242285,"{""state_class"": ""measurement"", ""unit_of_measurement"": ""packets/s"", ""friendly_name"": ""UPNP IGD Packet download speed""}"
2025-08-08T18:57:55.164336,sensor.upnp_igd_packet_upload_speed,1.46662389013654,2.10001610012343,"{""state_class"": ""measurement"", ""unit_of_measurement"": ""packets/s"", ""friendly_name"": ""UPNP IGD Packet upload speed""}"
2025-08-08T18:57:56.317529,camera.192_168_0_33,idle,idle,"{""access_token"": ""d0569e44085795198b5de224b15d655092d41d0adbb8418fe3e03feee8f2a167"", ""entity_picture"": ""/api/camera_proxy/camera.192_168_0_33?token=d0569e44085795198b5de224b15d655092d41d0adbb8418fe3e03feee8f2a167"", ""friendly_name"": ""192_168_0_14"", ""supported_features"": 2}"
2025-08-08T18:57:56.320691,camera.admin_mainstream,idle,idle,"{""access_token"": ""bf8ce9050ce54b99f2ff318121d1437013c02cd99e6f61d5b73450b5335a8ec9"", ""entity_picture"": ""/api/camera_proxy/camera.admin_mainstream?token=bf8ce9050ce54b99f2ff318121d1437013c02cd99e6f61d5b73450b5335a8ec9"", ""friendly_name"": ""admin MainStream"", ""supported_features"": 2}"
2025-08-08T18:57:56.322419,camera.admin_substream,idle,idle,"{""access_token"": ""37e9444efa2d4b35b6407f996d3c98a791269ff1e79d5c4d4bc06de61f823b37"", ""entity_picture"": ""/api/camera_proxy/camera.admin_substream?token=37e9444efa2d4b35b6407f996d3c98a791269ff1e79d5c4d4bc06de61f823b37"", ""friendly_name"": ""admin SubStream"", ""supported_features"": 2}"
2025-08-08T18:58:10.260028,automation.aut_status_bruno,on,on,"{""id"": ""1751855857509"", ""last_triggered"": ""2025-08-08T21:58:10.253148+00:00"", ""mode"": ""single"", ""current"": 1, ""friendly_name"": ""aut-status-bruno""}"
2025-08-08T18:58:10.262186,automation.aut_status_bruno,on,on,"{""id"": ""1751855857509"", ""last_triggered"": ""2025-08-08T21:58:10.253148+00:00"", ""mode"": ""single"", ""current"": 0, ""friendly_name"": ""aut-status-bruno""}"
2025-08-08T18:58:25.148020,sensor.upnp_igd_data_received,1932974297,1933038524,"{""state_class"": ""total_increasing"", ""unit_of_measurement"": ""B"", ""device_class"": ""data_size"", ""friendly_name"": ""UPNP IGD Data received""}"
2025-08-08T18:58:25.150789,sensor.upnp_igd_data_sent,1239552898,1239557220,"{""state_class"": ""total_increasing"", ""unit_of_measurement"": ""B"", ""device_class"": ""data_size"", ""friendly_name"": ""UPNP IGD Data sent""}"
2025-08-08T18:58:25.152329,sensor.upnp_igd_packets_received,86709048,86710023,"{""state_class"": ""total_increasing"", ""unit_of_measurement"": ""packets"", ""friendly_name"": ""UPNP IGD Packets received""}"
2025-08-08T18:58:25.153758,sensor.upnp_igd_packets_sent,20773874,20773921,"{""state_class"": ""total_increasing"", ""unit_of_measurement"": ""packets"", ""friendly_name"": ""UPNP IGD Packets sent""}"
2025-08-08T18:58:25.155067,sensor.upnp_igd_uptime,1506833,1506863,"{""unit_of_measurement"": ""s"", ""device_class"": ""duration"", ""friendly_name"": ""UPNP IGD Uptime""}"
2025-08-08T18:58:25.156619,sensor.upnp_igd_download_speed,2.47886015042782,2.09073060102628,"{""state_class"": ""measurement"", ""unit_of_measurement"": ""KiB/s"", ""device_class"": ""data_rate"", ""friendly_name"": ""UPNP IGD Download speed""}"
2025-08-08T18:58:25.158037,sensor.upnp_igd_upload_speed,0.337404930521134,0.140690638791094,"{""state_class"": ""measurement"", ""unit_of_measurement"": ""KiB/s"", ""device_class"": ""data_rate"", ""friendly_name"": ""UPNP IGD Upload speed""}"
2025-08-08T18:58:25.159455,sensor.upnp_igd_packet_download_speed,34.1335950242285,32.5001235004693,"{""state_class"": ""measurement"", ""unit_of_measurement"": ""packets/s"", ""friendly_name"": ""UPNP IGD Packet download speed""}"
2025-08-08T18:58:25.160852,sensor.upnp_igd_packet_upload_speed,2.10001610012343,1.56667262002262,"{""state_class"": ""measurement"", ""unit_of_measurement"": ""packets/s"", ""friendly_name"": ""UPNP IGD Packet upload speed""}"
2025-08-08T18:58:55.156592,sensor.upnp_igd_data_received,1933038524,1933214540,"{""state_class"": ""total_increasing"", ""unit_of_measurement"": ""B"", ""device_class"": ""data_size"", ""friendly_name"": ""UPNP IGD Data received""}"
2025-08-08T18:58:55.160799,sensor.upnp_igd_data_sent,1239557220,1239567771,"{""state_class"": ""total_increasing"", ""unit_of_measurement"": ""B"", ""device_class"": ""data_size"", ""friendly_name"": ""UPNP IGD Data sent""}"
2025-08-08T18:58:55.162759,sensor.upnp_igd_packets_received,86710023,86711098,"{""state_class"": ""total_increasing"", ""unit_of_measurement"": ""packets"", ""friendly_name"": ""UPNP IGD Packets received""}"
2025-08-08T18:58:55.164729,sensor.upnp_igd_packets_sent,20773921,20774000,"{""state_class"": ""total_increasing"", ""unit_of_measurement"": ""packets"", ""friendly_name"": ""UPNP IGD Packets sent""}"
2025-08-08T18:58:55.166593,sensor.upnp_igd_uptime,1506863,1506893,"{""unit_of_measurement"": ""s"", ""device_class"": ""duration"", ""friendly_name"": ""UPNP IGD Uptime""}"
2025-08-08T18:58:55.168568,sensor.upnp_igd_download_speed,2.09073060102628,5.72915812578918,"{""state_class"": ""measurement"", ""unit_of_measurement"": ""KiB/s"", ""device_class"": ""data_rate"", ""friendly_name"": ""UPNP IGD Download speed""}"
2025-08-08T18:58:55.170381,sensor.upnp_igd_upload_speed,0.140690638791094,0.343425298752395,"{""state_class"": ""measurement"", ""unit_of_measurement"": ""KiB/s"", ""device_class"": ""data_rate"", ""friendly_name"": ""UPNP IGD Upload speed""}"
2025-08-08T18:58:55.172293,sensor.upnp_igd_packet_download_speed,32.5001235004693,35.8300226392415,"{""state_class"": ""measurement"", ""unit_of_measurement"": ""packets/s"", ""friendly_name"": ""UPNP IGD Packet download speed""}"
2025-08-08T18:58:55.174224,sensor.upnp_igd_packet_upload_speed,1.56667262002262,2.63309003581402,"{""state_class"": ""measurement"", ""unit_of_measurement"": ""packets/s"", ""friendly_name"": ""UPNP IGD Packet upload speed""}"
2025-08-08T18:59:10.259366,automation.aut_status_bruno,on,on,"{""id"": ""1751855857509"", ""last_triggered"": ""2025-08-08T21:59:10.252683+00:00"", ""mode"": ""single"", ""current"": 1, ""friendly_name"": ""aut-status-bruno""}"
2025-08-08T18:59:10.261655,automation.aut_status_bruno,on,on,"{""id"": ""1751855857509"", ""last_triggered"": ""2025-08-08T21:59:10.252683+00:00"", ""mode"": ""single"", ""current"": 0, ""friendly_name"": ""aut-status-bruno""}"
2025-08-08T18:59:25.194596,sensor.upnp_igd_data_received,1933214540,1933283515,"{""state_class"": ""total_increasing"", ""unit_of_measurement"": ""B"", ""device_class"": ""data_size"", ""friendly_name"": ""UPNP IGD Data received""}"
2025-08-08T18:59:25.196377,sensor.upnp_igd_data_sent,1239567771,1239571531,"{""state_class"": ""total_increasing"", ""unit_of_measurement"": ""B"", ""device_class"": ""data_size"", ""friendly_name"": ""UPNP IGD Data sent""}"
2025-08-08T18:59:25.197887,sensor.upnp_igd_packets_received,86711098,86712153,"{""state_class"": ""total_increasing"", ""unit_of_measurement"": ""packets"", ""friendly_name"": ""UPNP IGD Packets received""}"
2025-08-08T18:59:25.248412,sensor.upnp_igd_packets_sent,20774000,20774042,"{""state_class"": ""total_increasing"", ""unit_of_measurement"": ""packets"", ""friendly_name"": ""UPNP IGD Packets sent""}"
2025-08-08T18:59:25.249996,sensor.upnp_igd_uptime,1506893,1506923,"{""unit_of_measurement"": ""s"", ""device_class"": ""duration"", ""friendly_name"": ""UPNP IGD Uptime""}"
2025-08-08T18:59:25.251545,sensor.upnp_igd_download_speed,5.72915812578918,2.24552171575473,"{""state_class"": ""measurement"", ""unit_of_measurement"": ""KiB/s"", ""device_class"": ""data_rate"", ""friendly_name"": ""UPNP IGD Download speed""}"
2025-08-08T18:59:25.253246,sensor.upnp_igd_upload_speed,0.343425298752395,0.122409012703701,"{""state_class"": ""measurement"", ""unit_of_measurement"": ""KiB/s"", ""device_class"": ""data_rate"", ""friendly_name"": ""UPNP IGD Upload speed""}"
2025-08-08T18:59:25.255046,sensor.upnp_igd_packet_download_speed,35.8300226392415,35.1704533521442,"{""state_class"": ""measurement"", ""unit_of_measurement"": ""packets/s"", ""friendly_name"": ""UPNP IGD Packet download speed""}"
2025-08-08T18:59:25.256603,sensor.upnp_igd_packet_upload_speed,2.63309003581402,1.40015074956404,"{""state_class"": ""measurement"", ""unit_of_measurement"": ""packets/s"", ""friendly_name"": ""UPNP IGD Packet upload speed""}"
2025-08-08T18:59:29.646345,weather.home,sunny,sunny,"{""temperature"": 23.9, ""temperature_unit"": ""\u00b0C"", ""pressure_unit"": ""hPa"", ""wind_bearing"": 149, ""wind_speed"": 7.6, ""wind_speed_unit"": ""km/h"", ""visibility_unit"": ""km"", ""precipitation_unit"": ""mm"", ""friendly_name"": ""Home"", ""supported_features"": 3}"
2025-08-08T18:59:55.150334,sensor.upnp_igd_data_received,1933283515,1933359449,"{""state_class"": ""total_increasing"", ""unit_of_measurement"": ""B"", ""device_class"": ""data_size"", ""friendly_name"": ""UPNP IGD Data received""}"
2025-08-08T18:59:55.152688,sensor.upnp_igd_data_sent,1239571531,1239581077,"{""state_class"": ""total_increasing"", ""unit_of_measurement"": ""B"", ""device_class"": ""data_size"", ""friendly_name"": ""UPNP IGD Data sent""}"
2025-08-08T18:59:55.154067,sensor.upnp_igd_packets_received,86712153,86713183,"{""state_class"": ""total_increasing"", ""unit_of_measurement"": ""packets"", ""friendly_name"": ""UPNP IGD Packets received""}"
2025-08-08T18:59:55.155282,sensor.upnp_igd_packets_sent,20774042,20774107,"{""state_class"": ""total_increasing"", ""unit_of_measurement"": ""packets"", ""friendly_name"": ""UPNP IGD Packets sent""}"
2025-08-08T18:59:55.157629,sensor.upnp_igd_uptime,1506923,1506953,"{""unit_of_measurement"": ""s"", ""device_class"": ""duration"", ""friendly_name"": ""UPNP IGD Uptime""}"
2025-08-08T18:59:55.159300,sensor.upnp_igd_download_speed,2.24552171575473,2.47174925558493,"{""state_class"": ""measurement"", ""unit_of_measurement"": ""KiB/s"", ""device_class"": ""data_rate"", ""friendly_name"": ""UPNP IGD Download speed""}"
2025-08-08T18:59:55.161075,sensor.upnp_igd_upload_speed,0.122409012703701,0.31073456414536,"{""state_class"": ""measurement"", ""unit_of_measurement"": ""KiB/s"", ""device_class"": ""data_rate"", ""friendly_name"": ""UPNP IGD Upload speed""}"
2025-08-08T18:59:55.162758,sensor.upnp_igd_packet_download_speed,35.1704533521442,34.3324910428864,"{""state_class"": ""measurement"", ""unit_of_measurement"": ""packets/s"", ""friendly_name"": ""UPNP IGD Packet download speed""}"
2025-08-08T18:59:55.164477,sensor.upnp_igd_packet_upload_speed,1.40015074956404,2.16661351241516,"{""state_class"": ""measurement"", ""unit_of_measurement"": ""packets/s"", ""friendly_name"": ""UPNP IGD Packet upload speed""}"
